<?xml version="1.0" encoding="utf-8"?>
<COLLADA xmlns="http://www.collada.org/2005/11/COLLADASchema" version="1.4.1">
  <asset>
    <created>2022-07-16T08:38:14Z</created>
    <modified>2022-07-16T08:38:14Z</modified>
  </asset>
  <library_images>
    <image id="Image">
      <init_from>./Textures/mt_m8279b0001_a_d.png</init_from>
    </image>
  </library_images>
  <library_materials>
    <material id="VisualMaterial" name="mt_m8279b0001_a">
      <instance_effect url="#Effect"/>
      <extra>
        <technique profile="FCOLLADA">
          <user_properties>mt_m8279b0001_a</user_properties>
        </technique>
      </extra>
    </material>
  </library_materials>
  <library_effects>
    <effect id="Effect" name="Textures_mt_m8279b0001_a_d_png">
      <profile_COMMON>
        <newparam sid="Image-surface">
          <surface type="2D">
            <init_from>Image</init_from>
            <format>A8R8G8B8</format>
          </surface>
        </newparam>
        <newparam sid="Image-sampler">
          <sampler2D>
            <source>Image-surface</source>
            <wrap_s>WRAP</wrap_s>
            <wrap_t>WRAP</wrap_t>
            <minfilter>NONE</minfilter>
            <magfilter>NONE</magfilter>
            <mipfilter>NONE</mipfilter>
          </sampler2D>
        </newparam>
        <technique sid="common">
          <phong>
            <emission>
              <color>0 0 0 1</color>
            </emission>
            <ambient>
              <color>0 0 0 1</color>
            </ambient>
            <diffuse>
              <texture texture="Image-sampler" texcoord=""/>
            </diffuse>
            <specular>
              <color>1 1 1 1</color>
            </specular>
            <shininess>
              <float>0</float>
            </shininess>
            <transparent opaque="A_ONE">
              <color>0 0 0 1</color>
            </transparent>
            <transparency>
              <float>1</float>
            </transparency>
            <index_of_refraction>
              <float>1.55</float>
            </index_of_refraction>
          </phong>
          <extra>
            <technique profile="FCOLLADA">
              <spec_level>
                <float>0</float>
              </spec_level>
            </technique>
          </extra>
        </technique>
      </profile_COMMON>
      <extra>
        <technique profile="FCOLLADA">
          <user_properties>Textures%5Cmt_m8279b0001_a_d.png</user_properties>
        </technique>
      </extra>
    </effect>
  </library_effects>
  <library_geometries>
    <geometry id="Geometry" name="m8279b0001_Part_0_0">
      <mesh>
        <source id="GeometrySource" name="m8279b0001 Part 0.0Pos">
          <float_array id="GeometrySource-array" count="4194">14.3796 28.2476 -1.41973 9.80786 24.6219 1.92274 13.6716 28.4917 -2.00644 14.1477 28.9556 -0.833802 9.80786 24.6219 1.92274 14.3796 28.2476 -1.41973 13.4275 29.1997 -1.41975 9.80786 24.6219 1.92274 14.1477 28.9556 -0.833802 13.6716 28.4917 -2.00644 9.80786 24.6219 1.92274 13.4275 29.1997 -1.41975 12.2982 26.1478 -3.12489 11.816 26.6361 3.56458 11.3399 26.1478 -3.12489 12.2982 27.1244 -3.1249 11.816 26.6361 3.56458 12.2982 26.1478 -3.12489 11.34 27.1244 -3.1249 11.816 26.6361 3.56458 12.2982 27.1244 -3.1249 11.3399 26.1478 -3.12489 11.816 26.6361 3.56458 11.34 27.1244 -3.1249 10.2107 24.0726 -1.42275 13.8303 28.6382 1.92576 9.49045 24.3045 -0.836812 9.97265 24.7927 -2.00946 13.8303 28.6382 1.92576 10.2107 24.0726 -1.42275 9.25245 25.0247 -1.42276 13.8303 28.6382 1.92576 9.97265 24.7927 -2.00946 9.49045 24.3045 -0.836812 13.8303 28.6382 1.92576 9.25245 25.0247 -1.42276 10.2046 24.0726 1.98531 13.8303 28.6382 -1.35718 9.96656 24.7806 2.57124 9.49046 24.3045 1.39937 13.8303 28.6382 -1.35718 10.2046 24.0726 1.98531 9.25246 25.0247 1.9853 13.8303 28.6382 -1.35718 9.49046 24.3045 1.39937 9.96656 24.7806 2.57124 13.8303 28.6382 -1.35718 9.25246 25.0247 1.9853 12.2921 26.1479 3.68971 11.816 26.6361 -2.99977 12.2921 27.1 3.6897 11.3399 26.1478 3.6897 11.816 26.6361 -2.99977 12.2921 26.1479 3.68971 11.34 27.1 3.68969 11.816 26.6361 -2.99977 11.3399 26.1478 3.6897 12.2921 27.1 3.6897 11.816 26.6361 -2.99977 11.34 27.1 3.68969 14.3796 28.2476 1.98833 9.80785 24.6218 -1.36019 14.1477 28.9556 1.40238 13.6594 28.4917 2.57426 9.80785 24.6218 -1.36019 14.3796 28.2476 1.98833 13.4275 29.1997 1.98831 9.80785 24.6218 -1.36019 13.6594 28.4917 2.57426 14.1477 28.9556 1.40238 9.80785 24.6218 -1.36019 13.4275 29.1997 1.98831 4.97131 41.626 0.265321 5.24902 42.041 -0.737754 7.44629 40.8691 -2.55889 5.59387 43.5303 0.170908 7.44629 40.8691 -2.55889 5.24902 42.041 -0.737754 -4.43421 44.0674 3.94899 -9.1919 40.4297 0.82017 -6.31714 44.9951 1.82496 -0.195126 46.5332 6.26832 -0.433734 40.3564 6.54298 0.811 47.4609 6.45143 -0.195126 46.5332 6.26832 0.811 47.4609 6.45143 -0.433734 40.3564 6.54298 4.18701 42.334 1.36109 3.93982 39.3066 1.80055 3.80554 43.2861 3.23487 14.3796 28.2476 -1.41973 13.6716 28.4917 -2.00644 13.4275 29.1997 -1.41975 14.1477 28.9556 -0.833802 12.2982 26.1478 -3.12489 11.3399 26.1478 -3.12489 11.34 27.1244 -3.1249 12.2982 27.1244 -3.1249 10.2107 24.0726 -1.42275 9.49045 24.3045 -0.836812 9.25245 25.0247 -1.42276 9.97265 24.7927 -2.00946 10.2046 24.0726 1.98531 9.96656 24.7806 2.57124 9.25246 25.0247 1.9853 9.49046 24.3045 1.39937 12.2921 26.1479 3.68971 12.2921 27.1 3.6897 11.34 27.1 3.68969 11.3399 26.1478 3.6897 14.3796 28.2476 1.98833 14.1477 28.9556 1.40238 13.4275 29.1997 1.98831 13.6594 28.4917 2.57426 13.3664 29.395 0.282566 12.2922 28.3207 -2.36197 9.05104 25.0735 0.282605 10.1314 26.1477 -2.36195 12.2922 28.3207 2.92827 13.3664 29.395 0.282566 9.05104 25.0735 0.282605 10.1314 26.1478 2.92829 13.4762 27.1245 -2.36195 14.5627 28.1988 0.282582 10.2412 23.8895 0.282621 11.3215 24.9759 -2.36194 14.5627 28.1988 0.282582 13.4762 27.1245 2.92828 10.2412 23.8895 0.282621 11.3215 24.976 2.9283 14.5627 28.1988 0.282582 13.4762 27.1245 -2.36195 13.3664 29.395 0.282566 12.2922 28.3207 -2.36197 11.3215 24.9759 -2.36194 10.1314 26.1477 -2.36195 10.2412 23.8895 0.282621 9.05104 25.0735 0.282605 12.2922 28.3207 2.92827 14.5627 28.1988 0.282582 13.3664 29.395 0.282566 13.4762 27.1245 2.92828 10.1314 26.1478 2.92829 11.3215 24.976 2.9283 9.05104 25.0735 0.282605 10.2412 23.8895 0.282621 12.988 28.9067 0.28257 11.3828 28.809 2.39878 12.1274 28.0522 2.39879 10.4 26.3187 2.3988 9.64929 27.0755 2.39879 9.53324 25.4641 0.282601 8.78865 26.1965 0.282591 10.4 26.3186 -1.834 9.53324 25.4641 0.282601 9.64928 27.0754 -1.83401 12.1274 28.0521 -1.83401 11.3828 28.8089 -1.83402 12.988 28.9067 0.28257 12.2434 29.6635 0.28256 15.429 20.7525 2.86427 15.8197 22.9498 3.38458 15.1482 21.2408 -1.93311 15.2094 23.2793 -2.6442 14.3672 24.378 3.23197 13.4638 24.6342 -2.47637 11.9746 24.1703 1.60232 11.0042 24.8539 0.294056 13.3173 23.9751 3.50052 13.5125 21.9121 4.03156 12.8778 21.7778 3.21063 12.4688 21.6923 4.15973 11.4802 24.7074 2.94967 11.3765 25.2445 2.53004 13.0734 27.0512 2.46899 11.3765 25.2445 2.53004 11.4802 24.7074 2.94967 14.3672 24.378 3.23197 16.2471 25.1959 2.78335 13.7936 27.7593 0.285064 12.4688 21.6923 4.15973 13.3173 23.9751 3.50052 13.0611 27.0268 -2.00948 15.4902 25.3667 -2.39093 13.4638 24.6342 -2.47637 11.5108 25.2689 -1.9118 15.8197 22.9498 3.38458 15.429 20.7525 2.86427 17.37 23.133 2.72845 16.2957 20.3742 2.27529 16.3935 23.4503 -2.34665 16.6011 25.4157 0.544497 15.2094 23.2793 -2.6442 15.1482 21.2408 -1.93311 15.429 20.7525 2.86427 -15.1367 21.3257 2.60628 -14.9048 21.7651 -1.7318 -15.5396 23.3032 3.07624 -15.0024 23.7427 -2.37573 -13.5864 24.8413 -2.38947 -14.2578 24.6216 2.94043 -12.0544 24.4629 1.41379 -13.269 24.2798 3.18305 -13.3911 22.4121 3.60725 -12.7686 22.29 2.86415 -12.3962 22.229 3.63777 -11.1572 25 0.293982 -11.6638 25.415 -1.91187 -13.269 24.2798 3.18305 -11.5784 24.9268 2.71612 -13.0737 27.0508 2.46892 -13.3911 22.4121 3.60725 -12.3962 22.229 3.63777 -14.2578 24.6216 2.94043 -16.0156 25.293 2.42926 -15.5396 23.3032 3.07624 -16.9556 23.4375 2.4842 -15.1367 21.3257 2.60628 -15.918 20.9717 2.07528 -16.3452 25.4883 0.403272 -16.0767 23.7427 -2.10717 -14.9048 21.7651 -1.7318 -15.1367 21.3257 2.60628 -15.2954 25.4883 -2.14685 -13.7939 27.7588 0.285003 -15.0024 23.7427 -2.37573 -13.5864 24.8413 -2.38947 3.17077 3.29589 -3.64074 5.49011 5.94787 -1.58691 5.83496 3.11279 -2.05536 3.20739 -0.000003 -3.97949 5.92956 -0.000003 -2.2232 6.18591 -0.000003 1.00403 5.65795 2.89764 2.33612 6.84203 -0.000003 5.23072 5.49316 5.94787 1.5503 3.19518 4.16259 3.37525 5.96313 3.31726 6.50025 5.77697 -0.000003 7.73926 3.20739 3.58581 8.23364 3.20739 -0.000003 8.34961 3.19213 5.94787 3.03803 3.20129 4.55627 6.68335 3.17077 3.29589 -3.64074 0.9201 5.94787 -1.63574 3.17382 5.94787 -2.79846 0.56457 3.11432 -2.10266 1.00402 5.94787 1.46561 0.685113 2.87475 2.27204 3.19518 4.16259 3.37525 3.20739 -0.000003 -3.97949 0.437922 -0.000003 -2.33917 0.736994 -0.000003 0.988008 -0.11111 -0.000003 5.2063 0.356285 3.35388 6.56128 3.20129 4.55627 6.68335 3.20739 3.58581 8.23364 0.869743 -0.000003 7.6355 3.20739 -0.000003 8.34961 0.437922 -0.000003 -2.33917 3.20739 -0.000003 -3.97949 0.736994 -0.000003 0.988008 6.18591 -0.000003 1.00403 3.20739 -0.000003 8.34961 -0.11111 -0.000003 5.2063 0.869743 -0.000003 7.6355 5.92956 -0.000003 -2.2232 6.84203 -0.000003 5.23072 5.77697 -0.000003 7.73926 2.72521 4.6936 3.65906 3.56445 4.6936 3.65906 2.72521 5.87768 3.29285 3.56445 5.87768 3.29285 -3.17078 3.2959 -3.64075 -5.83496 3.11279 -2.05536 -5.49012 5.94787 -1.58691 -5.65796 2.89764 2.33612 -5.49317 5.94787 1.55029 -3.1952 4.16259 3.37524 -3.19214 5.94787 3.03803 -3.2074 -0.000003 -3.97949 -5.92957 -0.000003 -2.22321 -6.18592 -0.000003 1.00403 -6.84205 -0.000003 5.23071 -5.96314 3.31726 6.50024 -3.2013 4.55627 6.68335 -3.2074 3.58581 8.23364 -5.77698 -0.000003 7.73926 -3.2074 -0.000003 8.34961 -3.17078 3.2959 -3.64075 -3.17383 5.94787 -2.79846 -0.920109 5.94787 -1.63574 -0.564579 3.11432 -2.10266 -3.2074 -0.000003 -3.97949 -0.437931 -0.000003 -2.33917 -0.685125 2.87475 2.27203 -0.737005 -0.000003 0.988007 0.111097 -0.000003 5.2063 -1.00403 5.94787 1.46561 -3.1952 4.16259 3.37524 -0.356299 3.35388 6.56128 -0.869758 -0.000003 7.6355 -3.2074 3.58581 8.23364 -3.2074 -0.000003 8.34961 -3.2013 4.55627 6.68335 -0.437931 -0.000003 -2.33917 -0.737005 -0.000003 0.988007 -3.2074 -0.000003 -3.97949 -6.18592 -0.000003 1.00403 -5.92957 -0.000003 -2.22321 -3.2074 -0.000003 8.34961 -6.84205 -0.000003 5.23071 -5.77698 -0.000003 7.73926 0.111097 -0.000003 5.2063 -0.869758 -0.000003 7.6355 -2.72522 4.6936 3.65906 -2.72522 5.87768 3.29285 -3.56446 4.6936 3.65906 -3.56446 5.87768 3.29285 0.926965 49.3408 -2.05992 -0.777442 49.2188 -1.77306 -0.476845 55.4688 0.246253 1.24053 50.7324 -0.458514 1.08108 49.292 -0.587833 -0.192648 50 0.356686 1.10855 49.0234 1.2642 -0.777442 49.2188 -1.77306 -2.75727 38.3301 0.63096 -1.41602 37.4268 1.12229 -2.31324 37.8662 1.84327 -3.01361 38.7695 -0.429526 -1.63422 37.9395 -0.949851 -4.24195 40.0879 0.311289 -3.58277 39.1357 1.41984 -1.5358 37.4512 2.82441 -0.626376 37.1826 3.68348 -1.67389 37.7197 3.91236 -2.63977 38.1348 2.94648 -3.30506 38.7207 1.67237 -0.000003 37.1582 2.18812 -0.000002 37.1094 3.90626 -0.702289 37.3779 4.37928 -1.21231 38.501 4.81568 -2.59552 38.6963 4.00086 -3.29285 39.0381 2.86866 -0.000002 37.3291 4.52271 -0.000002 38.4277 5.17884 -0.513461 39.5508 5.41688 -1.77002 39.5996 4.84925 -2.96173 39.7705 4.05885 -3.5492 40.0879 3.01209 -3.8971 40.7227 1.35499 -4.92859 39.6729 0.413141 -0.000003 39.5508 5.57252 -0.4715 40.625 5.10865 -1.33133 40.3076 4.78211 -2.13471 40.1367 4.53187 -2.92664 40.332 4.04359 -3.58582 40.8447 3.12196 -0.000003 40.6982 5.27039 -0.541309 41.626 5.15748 -0.952915 40.8691 4.89503 -2.12403 40.918 4.66615 -3.00446 41.0156 4.04969 -3.60718 41.8701 3.22572 -0.000003 41.6504 5.30702 -0.914768 42.5537 5.38026 -1.31684 41.4795 4.91029 -2.11487 41.7725 4.7516 -3.05329 41.7969 4.11988 -0.000003 42.5049 5.49012 -0.000004 43.8477 5.51148 -1.74561 43.9453 5.09645 -1.9867 42.6758 5.05982 -3.13111 42.7734 4.28773 -3.80555 43.2861 3.23487 -4.18702 42.334 1.36109 -1.28251 45.4102 5.09645 -2.8534 44.9707 4.31214 -3.05481 43.8965 4.31214 -0.000004 45.1416 5.34974 -5.13001 42.7002 0.575648 -5.7251 40.8447 -0.108232 -5.81055 42.2363 -0.15973 -5.13001 42.7002 0.575648 -6.94581 41.6992 -1.87529 -5.59388 43.5303 0.170909 -5.92652 44.8486 0.056754 -6.31714 44.9951 1.82496 -6.05774 42.9688 2.39259 -4.43421 44.0674 3.94899 -5.13001 42.7002 0.575648 2.06298 48.877 6.17677 2.17742 48.2422 4.4983 1.08947 46.8262 4.71498 3.85437 48.0957 3.85133 2.97393 47.6563 6.21644 4.4403 46.4844 3.64381 3.93371 43.1396 4.88587 4.68444 43.2861 3.29896 3.80554 43.2861 3.23487 4.74548 37.9395 3.13416 1.89056 47.0703 6.17067 3.16162 42.9688 4.87367 1.08947 46.8262 4.71498 1.2825 45.4102 5.09645 2.85339 44.9707 4.31214 3.80554 43.2861 3.23487 4.74548 37.9395 3.13416 7.44629 40.8691 -2.55889 5.59387 43.5303 0.170908 4.97131 41.626 0.265321 4.18701 42.334 1.36109 -1.73493 49.5605 -0.768649 -3.48817 48.1689 -2.00804 -3.40882 49.3408 -0.167644 -3.00446 52.9785 1.09254 -0.192648 50 0.356686 -0.777442 49.2188 -1.77306 -0.976569 52.8809 2.55739 1.10855 49.0234 1.2642 0.995631 48.4375 3.08229 -1.30921 52.1973 4.56544 -0.236898 48.1201 4.60511 1.08947 46.8262 4.71498 -2.84425 55.0293 3.35084 -2.90833 54.5898 4.77296 -3.3783 51.8066 5.19716 -2.31629 47.998 4.68446 -5.08424 51.8555 4.10768 -4.12293 48.0713 3.25929 -5.91737 58.9355 5.06288 -4.9286 52.4414 2.14998 -4.32435 48.3398 1.42061 -3.00446 52.9785 1.09254 -3.40882 49.3408 -0.167644 -0.373655 49.3652 7.33033 1.08947 46.8262 4.71498 -0.236898 48.1201 4.60511 0.811 47.4609 6.45143 1.2825 45.4102 5.09645 -1.21308 43.8477 7.12892 -2.57111 44.2871 7.34254 -3.96424 38.4033 6.59181 -2.65046 43.8965 5.84107 -1.14899 47.7295 6.08827 -0.236898 48.1201 4.60511 4.4403 46.4844 3.64381 7.75756 47.1924 -0.172128 5.22461 46.0693 1.8097 5.61218 44.751 1.51826 7.75756 47.1924 -0.172128 4.4403 46.4844 3.64381 5.61218 44.751 1.51826 3.80554 43.2861 3.23487 8.97827 44.2383 -1.02538 4.18701 42.334 1.36109 3.93982 39.3066 1.80055 5.59387 43.5303 0.170908 5.22461 46.0693 1.8097 5.61218 44.751 1.51826 5.34057 45.8008 -1.17949 4.29992 48.291 0.229847 3.85437 48.0957 3.85133 4.4403 46.4844 3.64381 5.14526 42.8223 -2.80761 4.1809 45.1416 -3.7506 3.35388 47.6807 -2.72368 0.926965 49.3408 -2.05992 2.33154 49.5606 0.896466 2.33001 48.8525 3.42103 2.17742 48.2422 4.4983 2.8366 42.4072 -5.87462 2.24456 45.459 -5.27648 0.518411 48.0225 -4.13512 -1.49689 48.5352 -2.98461 -0.777442 49.2188 -1.77306 -0.000005 42.334 -7.15331 0.213999 45.5322 -5.88683 -2.31629 46.9727 -4.39452 -3.48817 48.1689 -2.00804 -4.53187 45.7031 -3.21959 -5.38026 46.6797 -0.458133 -2.70539 44.5313 -5.62743 -5.14527 42.8223 -2.80761 -5.92652 44.8486 0.056754 -5.59388 43.5303 0.170909 -2.83661 42.4072 -5.87462 1.08947 46.8262 4.71498 0.995631 48.4375 3.08229 1.10855 49.0234 1.2642 1.08108 49.292 -0.587833 5.59387 43.5303 0.170908 5.61218 44.751 1.51826 8.97827 44.2383 -1.02538 4.18701 42.334 1.36109 -3.80555 43.2861 3.23487 -2.8534 44.9707 4.31214 -4.43421 44.0674 3.94899 -2.65046 43.8965 5.84107 -6.55518 38.7451 4.55934 -0.195126 46.5332 6.26832 -1.21308 43.8477 7.12892 -3.96424 38.4033 6.59181 -1.28251 45.4102 5.09645 -0.000004 45.1416 5.34974 0.811 47.4609 6.45143 1.2825 45.4102 5.09645 -10.3027 44.165 -2.07213 -5.38026 46.6797 -0.458133 -5.92652 44.8486 0.056754 -6.09131 48.3643 2.16676 -4.32435 48.3398 1.42061 -4.12293 48.0713 3.25929 -6.31714 44.9951 1.82496 -4.12293 48.0713 3.25929 -5.92652 44.8486 0.056754 -3.36914 35.4004 1.8509 -5.13001 42.7002 0.575648 -4.18702 42.334 1.36109 -3.80555 43.2861 3.23487 -4.43421 44.0674 3.94899 -6.05774 42.9688 2.39259 -5.13001 42.7002 0.575648 -2.31629 47.998 4.68446 -4.47999 48.1689 4.80653 -3.29285 47.4365 5.01405 -6.65894 44.9219 3.38746 -4.43421 44.0674 3.94899 -9.1919 40.4297 0.82017 -6.31714 44.9951 1.82496 -4.12293 48.0713 3.25929 -2.31629 47.998 4.68446 -2.31629 47.998 4.68446 -2.56501 48.9014 6.3965 -0.236898 48.1201 4.60511 -3.29285 47.4365 5.01405 -4.74549 44.3359 5.85328 -2.65046 43.8965 5.84107 -1.14899 47.7295 6.08827 -0.236898 48.1201 4.60511 -4.43421 44.0674 3.94899 -6.55518 38.7451 4.55934 2.8366 42.4072 -5.87462 -0.000005 41.5527 -6.05468 -0.000005 42.334 -7.15331 3.00293 39.7949 -3.46068 -0.000004 39.209 -3.96117 1.63421 37.9395 -0.949852 5.14526 42.8223 -2.80761 4.776 41.1621 -0.79116 3.01361 38.7695 -0.429527 5.24902 42.041 -0.737754 4.97131 41.626 0.265321 4.24194 40.0879 0.311288 5.59387 43.5303 0.170908 -2.83661 42.4072 -5.87462 -0.000005 42.334 -7.15331 -0.000005 41.5527 -6.05468 -3.00293 39.7949 -3.46068 -5.14527 42.8223 -2.80761 -4.77601 41.1621 -0.791158 -5.59388 43.5303 0.170909 -5.13001 42.7002 0.575648 -4.97132 41.626 0.265322 -0.000004 39.209 -3.96117 -1.63422 37.9395 -0.949851 -3.01361 38.7695 -0.429526 -4.24195 40.0879 0.311289 2.75726 38.3301 0.630959 2.31323 37.8662 1.84327 1.41601 37.4268 1.12229 0.62637 37.1826 3.68348 -0.000002 37.1094 3.90626 -0.000003 37.1582 2.18812 3.01361 38.7695 -0.429527 1.63421 37.9395 -0.949852 4.24194 40.0879 0.311288 3.58276 39.1357 1.41984 3.30505 38.7207 1.67237 2.63977 38.1348 2.94648 1.53579 37.4512 2.82441 1.67389 37.7197 3.91236 0.702283 37.3779 4.37928 -0.000002 37.3291 4.52271 -0.000002 38.4277 5.17884 3.29284 39.0381 2.86866 2.59552 38.6963 4.00086 1.21231 38.501 4.81568 0.513455 39.5508 5.41688 -0.000003 39.5508 5.57252 3.54919 40.0879 3.01209 2.96173 39.7705 4.05885 1.77002 39.5996 4.84925 1.33133 40.3076 4.78211 0.471493 40.625 5.10865 -0.000003 40.6982 5.27039 3.89709 40.7227 1.35499 3.58581 40.8447 3.12196 2.92663 40.332 4.04359 2.1347 40.1367 4.53187 4.92859 39.6729 0.41314 5.72509 40.8447 -0.108234 5.13 42.7002 0.575647 4.18701 42.334 1.36109 3.60717 41.8701 3.22572 3.00445 41.0156 4.04969 2.12402 40.918 4.66615 5.81054 42.2363 -0.159732 3.80554 43.2861 3.23487 3.1311 42.7734 4.28773 3.05328 41.7969 4.11988 2.11486 41.7725 4.7516 1.31683 41.4795 4.91029 0.952908 40.8691 4.89503 3.05481 43.8965 4.31214 1.98669 42.6758 5.05982 2.85339 44.9707 4.31214 1.7456 43.9453 5.09645 0.914761 42.5537 5.38026 1.2825 45.4102 5.09645 -0.000004 43.8477 5.51148 -0.000003 42.5049 5.49012 -0.000003 41.6504 5.30702 0.541302 41.626 5.15748 -0.000004 45.1416 5.34974 4.92859 39.6729 0.41314 3.58276 39.1357 1.41984 4.24194 40.0879 0.311288 5.72509 40.8447 -0.108234 4.97131 41.626 0.265321 5.81054 42.2363 -0.159732 5.13 42.7002 0.575647 4.18701 42.334 1.36109 -4.92859 39.6729 0.413141 -4.24195 40.0879 0.311289 -3.58277 39.1357 1.41984 -5.7251 40.8447 -0.108232 -4.97132 41.626 0.265322 -5.81055 42.2363 -0.15973 -5.13001 42.7002 0.575648 -1.73493 49.5605 -0.768649 -0.777442 49.2188 -1.77306 -3.27149 52.8809 -1.57469 -3.48817 48.1689 -2.00804 -1.49689 48.5352 -2.98461 -0.777442 49.2188 -1.77306 -4.32435 48.3398 1.42061 -3.40882 49.3408 -0.167644 -7.87354 52.1973 -0.92238 -5.38026 46.6797 -0.458133 -3.48817 48.1689 -2.00804 -3.40882 49.3408 -0.167644 -1.64948 36.2061 1.23826 -1.84784 37.5244 -1.22756 -1.76239 36.4746 -1.22222 -0.000003 36.4502 -1.59454 -0.000003 37.6221 -1.67236 1.76239 36.4746 -1.22222 1.64947 36.2061 1.23826 1.84784 37.5244 -1.22756 1.68609 37.085 1.33057 -0.000002 35.9131 2.0279 -0.000003 36.9629 2.17133 -0.000002 34.9121 3.40272 3.61634 35.0098 2.46277 1.64947 36.2061 1.23826 -0.000002 35.9131 2.0279 -0.000001 32.8857 4.40675 2.66571 32.8613 3.94593 -0.000000 29.2725 4.19617 -0.000003 35.5225 -2.2293 3.65907 35.5224 -1.98212 -0.000002 32.9346 -2.73589 1.76239 36.4746 -1.22222 -0.000003 36.4502 -1.59454 -0.000002 34.9121 3.40272 -1.64948 36.2061 1.23826 -3.61634 35.0098 2.46277 -0.000002 35.9131 2.0279 -0.000001 32.8857 4.40675 -2.66571 32.8613 3.94593 -0.000000 29.2725 4.19617 -0.000003 35.5225 -2.2293 -0.000002 32.9346 -2.73589 -3.65906 35.5225 -1.98211 -1.76239 36.4746 -1.22222 -0.000003 36.4502 -1.59454 -8.89282 28.1738 2.1439 -9.2041 30.4687 2.01877 -10.321 29.5654 2.16526 -11.969 27.9297 2.34532 -10.9558 30.1758 0.289758 -11.6089 26.05 39.8438 -11.1328 25.5861 34.4727 -12.0789 26.5383 34.4727 -12.0789 26.5381 6.13408 -11.1328 25.586 6.13409 -12.0789 26.5383 34.4727 -15.4053 23.2057 32.6417 -11.6089 26.05 39.8438 -14.6362 23.9747 11.7371 -15.1001 23.5108 11.3587 -15.4053 23.2056 6.1341 -16.2964 21.3745 6.13411 -16.2964 21.3747 33.2032 -11.6089 26.05 39.8438 -14.1724 24.4385 11.3587 -12.0789 26.5381 6.13408 -14.1724 24.4385 10.6019 -14.1724 24.4385 8.5755 -14.6362 23.9746 10.2235 -14.6362 23.9746 8.95392 -15.1001 23.5108 10.6019 -14.1724 24.4385 7.81867 -14.6362 23.9746 7.44025 -15.1001 23.5108 7.81867 -15.1001 23.5108 8.57551 -11.6089 26.05 39.8438 -14.4531 22.2658 32.6417 -11.1328 25.5861 34.4727 -13.6963 23.0225 11.7371 -13.2324 23.4864 11.3587 -11.1328 25.586 6.13409 -14.1602 22.5586 11.3587 -14.4531 22.2656 6.13411 -14.1602 22.5586 10.6019 -14.1602 22.5586 8.57551 -13.6963 23.0225 8.95393 -13.6963 23.0225 10.2235 -13.2324 23.4864 10.6019 -16.2964 21.3745 6.13411 -16.2964 21.3747 33.2032 -11.6089 26.05 39.8438 -13.2324 23.4864 8.57551 -13.2324 23.4864 7.81867 -13.6963 23.0225 7.44026 -14.1602 22.5586 7.81868 -14.1602 22.5586 8.57551 -14.6362 23.9746 8.95392 -13.6963 23.0225 8.95393 -15.1001 23.5108 8.57551 -14.1602 22.5586 7.81868 -15.1001 23.5108 7.81867 -13.6963 23.0225 7.44026 -14.6362 23.9746 7.44025 -14.6362 23.9746 8.95392 -14.1724 24.4385 8.5755 -13.6963 23.0225 8.95393 -13.2324 23.4864 8.57551 -14.1724 24.4385 7.81867 -13.2324 23.4864 7.81867 -14.6362 23.9746 7.44025 -13.6963 23.0225 7.44026 -13.6963 23.0225 11.7371 -14.1602 22.5586 11.3587 -14.6362 23.9747 11.7371 -15.1001 23.5108 11.3587 -14.1602 22.5586 10.6019 -15.1001 23.5108 10.6019 -13.6963 23.0225 10.2235 -14.6362 23.9746 10.2235 -14.6362 23.9747 11.7371 -14.1724 24.4385 11.3587 -13.6963 23.0225 11.7371 -13.2324 23.4864 11.3587 -14.1724 24.4385 10.6019 -13.2324 23.4864 10.6019 -14.6362 23.9746 10.2235 -13.6963 23.0225 10.2235 -14.4165 23.2544 3.34785 -14.4165 24.2553 -9.00262 -14.4165 23.2543 -9.00262 -14.4165 24.2554 3.34784 -13.4155 24.2553 -9.00262 -13.4155 24.2554 3.34784 -13.4155 24.2553 -9.00262 -13.4155 24.2554 3.34784 -13.4155 23.2543 -9.00262 -13.4155 23.2544 3.34785 -14.4165 23.2544 3.34785 -14.4165 23.2543 -9.00262 -14.4165 23.2543 -9.00262 -13.4155 24.2553 -9.00262 -13.4155 23.2543 -9.00262 -14.4165 24.2553 -9.00262 -17.2852 21.6553 6.21346 -10.6201 25.7813 6.21343 -11.8897 27.0508 6.21343 -16.0156 20.3858 6.21346 -16.0156 20.3858 6.21346 -17.2852 21.6553 3.28377 -16.0156 20.3857 3.28378 -17.2852 21.6553 6.21346 -10.6201 25.7813 3.28375 -11.8897 27.0508 6.21343 -10.6201 25.7813 6.21343 -11.8897 27.0508 3.28374 -16.0156 20.3857 3.28378 -11.8897 27.0508 3.28374 -10.6201 25.7813 3.28375 -17.2852 21.6553 3.28377 -11.8897 27.0508 3.28374 -17.2852 21.6553 6.21346 -11.8897 27.0508 6.21343 -17.2852 21.6553 3.28377 -16.0156 20.3858 6.21346 -10.6201 25.7813 3.28375 -10.6201 25.7813 6.21343 -16.0156 20.3857 3.28378 12.5364 30.0785 -1.41976 7.97079 26.465 1.92272 11.8284 30.3226 -2.00646 12.3045 30.8109 -0.833827 7.97079 26.465 1.92272 12.5364 30.0785 -1.41976 11.5965 31.0306 -1.41977 7.97079 26.465 1.92272 12.3045 30.8109 -0.833827 11.8284 30.3226 -2.00646 7.97079 26.465 1.92272 11.5965 31.0306 -1.41977 10.455 28.0032 -3.12491 9.97895 28.4671 3.56455 9.50284 28.0032 -3.12491 10.4611 28.9554 -3.12492 9.97895 28.4671 3.56455 10.455 28.0032 -3.12491 9.509 28.9553 -3.12493 9.97895 28.4671 3.56455 10.4611 28.9554 -3.12492 9.50284 28.0032 -3.12491 9.97895 28.4671 3.56455 9.509 28.9553 -3.12493 8.36749 25.9035 -1.42277 11.9871 30.4936 1.92574 7.65339 26.1476 -0.836836 8.12949 26.6359 -2.00948 11.9871 30.4936 1.92574 8.36749 25.9035 -1.42277 7.42149 26.8556 -1.42278 11.9871 30.4936 1.92574 8.12949 26.6359 -2.00948 7.65339 26.1476 -0.836836 11.9871 30.4936 1.92574 7.42149 26.8556 -1.42278 8.36139 25.9035 1.98529 11.9932 30.4935 -1.3572 8.12949 26.6115 2.57122 7.6534 26.1476 1.39934 11.9932 30.4935 -1.3572 8.36139 25.9035 1.98529 7.4215 26.8556 1.98528 11.9932 30.4935 -1.3572 7.6534 26.1476 1.39934 8.12949 26.6115 2.57122 11.9932 30.4935 -1.3572 7.4215 26.8556 1.98528 10.4489 28.0033 3.68968 9.97894 28.4671 -2.9998 10.4551 28.9554 3.68967 9.49675 28.0032 3.68968 9.97894 28.4671 -2.9998 10.4489 28.0033 3.68968 9.50901 28.9309 3.68967 9.97894 28.4671 -2.9998 9.49675 28.0032 3.68968 10.4551 28.9554 3.68967 9.97894 28.4671 -2.9998 9.50901 28.9309 3.68967 12.5364 30.0785 1.9883 7.97079 26.465 -1.36022 12.3045 30.7865 1.40235 11.8284 30.3227 2.57424 7.97079 26.465 -1.36022 12.5364 30.0785 1.9883 11.5965 31.0306 1.98829 7.97079 26.465 -1.36022 11.8284 30.3227 2.57424 12.3045 30.7865 1.40235 7.97079 26.465 -1.36022 11.5965 31.0306 1.98829 -11.9019 28.6377 -2.10262 -12.1216 26.6601 0.305798 -9.85718 26.5625 -2.23078 -9.88159 26.5381 2.72832 -12.1216 26.6601 0.305798 -11.9324 28.6865 2.71916 -11.9324 28.6865 2.71916 -12.1216 26.6601 0.305798 -12.6709 29.4678 0.317037 -9.85718 26.5625 -2.23078 -12.1216 26.6601 0.305798 -9.18579 25.9033 0.327736 -12.6709 29.4678 0.317037 -12.1216 26.6601 0.305798 -11.9019 28.6377 -2.10262 -9.18579 25.9033 0.327736 -12.1216 26.6601 0.305798 -9.88159 26.5381 2.72832 12.2434 29.6635 0.28256 8.78865 26.1965 0.282591 12.5364 30.0785 -1.41976 11.8284 30.3226 -2.00646 11.5965 31.0306 -1.41977 12.3045 30.8109 -0.833827 10.455 28.0032 -3.12491 9.50284 28.0032 -3.12491 9.509 28.9553 -3.12493 10.4611 28.9554 -3.12492 8.36749 25.9035 -1.42277 7.65339 26.1476 -0.836836 7.42149 26.8556 -1.42278 8.12949 26.6359 -2.00948 8.36139 25.9035 1.98529 8.12949 26.6115 2.57122 7.4215 26.8556 1.98528 7.6534 26.1476 1.39934 10.4489 28.0033 3.68968 10.4551 28.9554 3.68967 9.50901 28.9309 3.68967 9.49675 28.0032 3.68968 12.5364 30.0785 1.9883 12.3045 30.7865 1.40235 11.5965 31.0306 1.98829 11.8284 30.3227 2.57424 11.5355 31.2259 0.282541 10.4551 30.1517 -2.36199 7.21398 26.9289 0.28258 8.29435 28.0031 -2.36198 10.4551 30.1517 2.92824 11.5355 31.2259 0.282541 7.21398 26.9289 0.28258 8.29436 28.0031 2.92826 11.6452 28.9798 -2.36198 12.7195 30.0541 0.282557 8.4041 25.7326 0.282596 9.48447 26.8069 -2.36196 12.7195 30.0541 0.282557 11.6452 28.9799 2.92826 8.4041 25.7326 0.282596 9.48448 26.8069 2.92828 12.7195 30.0541 0.282557 11.6452 28.9798 -2.36198 11.5355 31.2259 0.282541 10.4551 30.1517 -2.36199 9.48447 26.8069 -2.36196 8.29435 28.0031 -2.36198 8.4041 25.7326 0.282596 7.21398 26.9289 0.28258 10.4551 30.1517 2.92824 12.7195 30.0541 0.282557 11.5355 31.2259 0.282541 11.6452 28.9799 2.92826 8.29436 28.0031 2.92826 9.48448 26.8069 2.92828 7.21398 26.9289 0.28258 8.4041 25.7326 0.282596 8.28857 34.3996 0.169577 7.20822 33.5938 -2.11332 7.25712 36.0841 0.169556 5.53286 35.5957 -2.36664 5.69462 36.9629 0.169545 3.56141 35.7422 -2.07673 3.99477 36.6699 0.169547 2.95413 36.3037 -2.20186 4.81868 32.6172 -3.31418 3.24704 33.3984 -3.57054 3.24704 33.3984 -3.57054 3.12809 36.1084 0.16955 2.95413 36.3037 -2.20186 4.81868 32.6172 -3.31418 7.20822 33.5938 -2.11332 8.28857 34.3996 0.169577 8.28857 34.3996 0.169577 7.25712 36.0841 0.169556 7.20823 33.5939 2.45211 5.53287 35.5958 2.70538 4.81868 32.6172 3.65298 3.24705 33.3984 3.90931 3.56141 35.7422 2.41546 5.69462 36.9629 0.169545 3.99477 36.6699 0.169547 2.95413 36.3037 2.54058 4.81868 32.6172 3.65298 3.24705 33.3984 3.90931 3.12809 36.1084 0.16955 7.20823 33.5939 2.45211 8.28857 34.3996 0.169577 6.46365 35.4981 -2.58637 5.80141 35.4981 -2.88086 5.6641 36.1328 -2.52839 6.32328 36.1084 -2.2339 6.22254 34.9121 -1.85394 5.38636 34.9365 -2.22778 6.46365 35.4981 -2.58637 5.80141 35.4981 -2.88086 5.21243 35.7178 -1.78223 5.6641 36.1328 -2.52839 6.32328 36.1084 -2.2339 6.22254 34.9121 -1.85394 6.46365 35.4981 -2.58637 6.04861 35.6934 -1.40839 5.6641 36.1328 -2.52839 5.21243 35.7178 -1.78223 7.66605 35.962 1.23825 7.42193 36.5235 0.843799 6.86651 36.5968 1.30004 7.11064 36.0352 1.69524 7.251 35.2784 0.70305 6.93973 35.9864 0.202172 7.66605 35.962 1.23825 7.42193 36.5235 0.843799 6.23783 36.084 0.78086 6.86651 36.5968 1.30004 7.11064 36.0352 1.69524 7.251 35.2784 0.70305 7.66605 35.962 1.23825 6.5491 35.376 1.28174 6.86651 36.5968 1.30004 6.23783 36.084 0.78086 5.50542 37.5977 -0.085283 5.00798 37.4756 -0.594354 4.49223 37.4512 -0.085855 4.98967 37.5733 0.423406 5.78006 36.6699 0.018152 5.1514 36.499 -0.627151 5.50542 37.5977 -0.085283 5.00798 37.4756 -0.594354 4.49527 36.499 0.017437 4.49223 37.4512 -0.085855 4.98967 37.5733 0.423406 5.78006 36.6699 0.018152 5.50542 37.5977 -0.085283 5.13004 36.6455 0.662979 4.49223 37.4512 -0.085855 4.49527 36.499 0.017437 1.76544 35.6201 -2.37427 1.88141 36.6455 -1.33361 3.68653 35.5957 -2.09046 1.7807 36.3281 1.30005 1.77612 35.1807 3.07465 3.65906 35.1563 2.58484 1.77154 32.959 4.33656 3.60107 32.959 4.10768 11.5108 25.2689 -1.9118 13.5125 21.9121 4.03156 -11.1572 25 0.293982 -11.6638 25.415 -1.91187 -9.18579 25.9033 0.327736 -9.85718 26.5625 -2.23078 -13.0615 27.0263 -2.00953 -11.9019 28.6377 -2.10262 -12.6709 29.4678 0.317037 -13.7939 27.7588 0.285003 -12.6709 29.4678 0.317037 -13.7939 27.7588 0.285003 -13.0737 27.0508 2.46892 -11.9324 28.6865 2.71916 -11.5295 25.415 2.52996 -9.88159 26.5381 2.72832 -9.18579 25.9033 0.327736 -11.1572 25 0.293982 -11.5784 24.9268 2.71612 -11.5295 25.415 2.52996 -11.5295 25.415 2.52996 -13.0615 27.0263 -2.00953 -11.6638 25.415 -1.91187 5.87768 8.75854 1.75019 3.17382 8.75854 -2.84729 3.17993 8.92334 3.13416 5.87158 8.66089 -1.51519 3.17382 5.94787 -2.79846 3.19213 5.94787 3.03803 3.17382 5.53589 -3.42712 6.24694 5.43518 -1.84021 3.19518 5.70984 3.67432 6.27441 5.53589 2.00959 0.254435 5.43518 -1.87683 3.17382 5.53589 -3.42712 3.19518 5.70984 3.67432 0.213617 5.53589 1.98517 5.87158 8.66089 -1.51519 3.17382 5.53589 -3.42712 3.17382 8.75854 -2.84729 6.24694 5.43518 -1.84021 6.27441 5.53589 2.00959 5.87768 8.75854 1.75019 3.19518 5.70984 3.67432 3.17993 8.92334 3.13416 3.17382 8.75854 -2.84729 3.17382 5.53589 -3.42712 0.487514 8.66089 -1.54648 0.254435 5.43518 -1.87683 0.213617 5.53589 1.98517 0.492472 8.75854 1.69373 3.19518 5.70984 3.67432 3.17993 8.92334 3.13416 0.492472 8.75854 1.69373 3.17382 8.75854 -2.84729 0.487514 8.66089 -1.54648 3.17993 8.92334 3.13416 2.48871 26.4648 3.86963 -0.000000 26.3916 4.37317 -0.000001 24.0478 4.71192 3.14636 24.5605 4.20227 3.98559 26.7578 2.17133 4.85535 25.293 2.45514 0.240324 22.2656 4.49524 5.01098 23.3276 2.38648 3.10516 21.8262 4.33655 4.44336 24.8901 -1.58844 -0.000000 24.5361 -2.85186 3.62549 26.7578 -1.10702 -0.000000 26.6113 -1.87377 -0.000001 22.2778 4.49524 0.104235 21.8506 0.798801 -1.18027 16.6748 3.79944 3.1311 15.6494 5.64575 7.4707 16.7114 3.0838 4.55322 22.229 -1.53961 -0.51613 15.9668 -3.19214 0.2779 22.0703 -2.8656 -0.333026 14.2822 2.97241 3.17382 13.147 4.61731 6.76269 14.3433 2.69165 -0.398638 13.0615 -3.88488 -0.24548 11.8835 2.99072 3.16772 11.3037 4.94995 6.4331 11.8774 2.52991 6.47583 12.8052 -3.25012 5.98449 15.2466 -2.52685 1.27334 10.7117 -1.80511 1.27105 10.4797 1.3916 3.17077 10.1257 2.65503 5.06896 10.4858 1.40152 5.06897 10.73 -1.78985 1.51824 8.5083 0.931551 3.17077 8.55102 2.11487 4.83398 8.5144 0.938418 4.83398 8.5022 -1.11236 3.17077 10.7483 -2.72827 1.51901 8.5083 -1.11694 3.17077 8.5022 -2.12707 1.51901 8.5083 -1.11694 1.27334 10.7117 -1.80511 -0.398638 13.0615 -3.88488 3.16772 12.793 -5.70068 3.04107 15.6372 -4.44641 5.75866 17.6758 -2.33001 -0.51613 15.9668 -3.19214 2.48566 21.8262 -2.83966 0.2779 22.0703 -2.8656 -0.000000 22.0703 -2.8656 -5.87769 8.75854 1.75018 -3.17994 8.92334 3.13416 -3.17383 8.75854 -2.84729 -5.87159 8.66089 -1.5152 -3.17383 5.94787 -2.79846 -3.19214 5.94787 3.03803 -3.17383 5.53589 -3.42712 -3.1952 5.70984 3.67432 -6.24695 5.43518 -1.84021 -6.27442 5.53589 2.00958 -0.254445 5.43518 -1.87683 -3.1952 5.70984 3.67432 -3.17383 5.53589 -3.42712 -0.213628 5.53589 1.98517 -5.87159 8.66089 -1.5152 -3.17383 8.75854 -2.84729 -3.17383 5.53589 -3.42712 -6.24695 5.43518 -1.84021 -6.27442 5.53589 2.00958 -5.87769 8.75854 1.75018 -3.1952 5.70984 3.67432 -3.17994 8.92334 3.13416 -3.17383 8.75854 -2.84729 -0.487523 8.66089 -1.54648 -3.17383 5.53589 -3.42712 -0.254445 5.43518 -1.87683 -0.213628 5.53589 1.98517 -0.492482 8.75854 1.69373 -3.1952 5.70984 3.67432 -3.17994 8.92334 3.13416 -0.492482 8.75854 1.69373 -0.487523 8.66089 -1.54648 -3.17383 8.75854 -2.84729 -3.17994 8.92334 3.13416 -2.48871 26.4648 3.86963 -0.000001 24.0478 4.71192 -0.000000 26.3916 4.37317 -3.14636 24.5605 4.20227 -0.240328 22.2656 4.49524 -0.000001 22.2778 4.49524 -3.9856 26.7578 2.17133 -4.85535 25.293 2.45514 -5.01099 23.3276 2.38648 -3.10517 21.8262 4.33655 -4.44336 24.8901 -1.58844 -4.55322 22.229 -1.53961 -7.47071 16.7114 3.0838 -3.13111 15.6494 5.64575 -0.000000 24.5361 -2.85186 -3.62549 26.7578 -1.10702 -2.48566 21.8262 -2.83966 -5.75867 17.6758 -2.33001 -5.9845 15.2466 -2.52685 -6.7627 14.3433 2.69165 -0.000000 26.6113 -1.87377 -1.51902 8.5083 -1.11694 -1.27335 10.7117 -1.80511 -1.51825 8.5083 0.931551 -1.27106 10.4797 1.3916 -3.17078 8.55102 2.11487 -3.17078 10.1257 2.65503 -5.06897 10.4858 1.40152 -4.83399 8.5144 0.938417 0.245471 11.8835 2.99072 -3.16773 11.3037 4.94995 -6.43311 11.8774 2.52991 -5.06897 10.73 -1.78985 -4.83399 8.5022 -1.11236 0.398633 13.0615 -3.88488 0.333019 14.2822 2.97241 -3.17383 13.147 4.61731 -6.47583 12.8052 -3.25012 -3.17078 10.7483 -2.72827 -3.17078 8.5022 -2.12707 -1.51902 8.5083 -1.11694 0.516126 15.9668 -3.19213 1.18026 16.6748 3.79944 -0.104238 21.8506 0.798801 -0.277902 22.0703 -2.8656 -1.27335 10.7117 -1.80511 0.398633 13.0615 -3.88488 -3.16773 12.793 -5.70068 0.516126 15.9668 -3.19213 -3.04108 15.6372 -4.44641 -0.277902 22.0703 -2.8656 -0.000000 22.0703 -2.8656 -1.26877 37.0605 1.02769 -0.000003 36.8652 1.857 -1.44501 37.4023 -0.897971 -0.000003 37.793 -1.40456 -0.000003 37.4512 -1.2535 -0.000003 37.793 -1.40456 -0.000003 37.793 -1.40456 -0.000003 37.793 -1.40456 1.445 37.4023 -0.897972 -0.000003 37.4512 -1.2535 1.26877 37.0605 1.02769 -0.000003 36.8652 1.857 -0.000003 37.6221 -1.67236 1.68609 37.085 1.33057 1.84784 37.5244 -1.22756 -0.000003 36.9629 2.17133 -0.000003 37.6221 -1.67236 -1.6861 37.085 1.33057 -0.000003 36.9629 2.17133 -1.84784 37.5244 -1.22756 -0.000003 37.6221 -1.67236 -0.000003 36.4502 -1.59454 -1.6861 37.085 1.33057 -0.000003 36.9629 2.17133 -0.000002 35.9131 2.0279 3.94897 31.4453 2.28272 4.05576 32.9346 2.50704 2.3529 28.9307 3.69568 3.84827 28.9307 2.04468 4.27856 31.6162 0.293181 3.49731 28.8818 -1.18103 2.72522 26.3916 4.12598 4.37622 26.6113 2.26136 -0.000001 28.833 -2.02484 3.80247 33.081 -2.32543 3.98254 26.6113 -1.33743 -0.000000 26.5381 -2.18048 -2.35291 28.9307 3.69568 -2.72522 26.3916 4.12598 -3.94898 31.4453 2.28272 -4.05579 32.9346 2.50703 -3.84827 28.9307 2.04468 -4.37622 26.6113 2.26136 -4.27857 31.6162 0.293177 -3.49732 28.8818 -1.18102 -0.000001 28.833 -2.02484 -3.98254 26.6113 -1.33743 -3.80249 33.081 -2.32543 -0.000000 26.5381 -2.18048 7.76343 29.4191 1.96693 7.18356 28.8331 0.287326 7.98916 27.6369 0.282001 8.66669 28.3205 2.26297 9.0086 30.5911 1.96998 10.1438 29.7855 2.27364 9.55794 31.0794 0.295126 10.7664 30.4202 0.291894 8.86821 30.469 -1.48538 9.96679 29.6145 -1.69365 8.6911 28.3449 -1.64787 7.78173 29.3459 -1.41213 7.98916 27.6369 0.282001 7.18356 28.8331 0.287326 7.18356 28.8331 0.287326 7.76343 29.4191 1.96693 5.32208 30.2979 0.333842 4.27856 31.6162 0.293181 4.05576 32.9346 2.50704 9.0086 30.5911 1.96998 5.91111 31.1768 2.23699 5.80441 33.5694 1.92263 7.42788 32.2023 2.18815 8.44108 32.5197 0.268783 6.79318 33.7403 0.200863 5.43216 35.5225 0.118253 4.87978 35.0342 2.02484 9.55794 31.0794 0.295126 8.45319 30.7619 -1.46021 8.86821 30.469 -1.48538 7.41554 29.7365 -1.39916 7.14102 32.422 -1.66317 4.27856 31.6162 0.293181 5.52659 31.2256 -1.66011 5.32208 30.2979 0.333842 7.18356 28.8331 0.287326 7.78173 29.3459 -1.41213 -6.82983 29.2236 0.287282 -5.14526 30.4687 0.333814 -7.53784 29.6631 1.96689 -7.87354 29.2969 2.01114 -8.19092 27.6123 0.281378 -5.80444 33.5693 1.92262 -7.42798 32.2022 2.18813 -5.91126 31.1768 2.23696 -8.82568 30.7617 1.96994 -10.2417 25.9521 0.325829 -4.87976 35.0342 2.02485 -5.43213 35.5225 0.118258 -6.79321 33.7402 0.200856 -8.44116 32.5195 0.268764 -9.58252 31.0303 0.295094 -8.42896 30.7861 -1.46024 -9.14917 30.249 -1.48541 -7.39136 29.7607 -1.3992 -7.14112 32.4219 -1.66319 -8.03223 29.1504 -1.41216 -12.0117 27.9053 -1.73183 -6.82983 29.2236 0.287282 -5.52674 31.2256 -1.66013 -8.19092 27.6123 0.281378 -10.5957 26.3916 -1.82643 -10.2417 25.9521 0.325829 -12.6587 28.54 0.290339 3.21965 37.2803 0.169542 3.21965 37.2803 0.169542 3.21965 37.2803 0.169542 2.95413 36.3037 2.54058 3.21965 37.2803 0.169542 3.82078 33.1054 -2.62145 1.76847 33.0322 -2.8427 3.52785 36.3037 0.096554 -0.000001 21.9849 0.80872 -0.000000 22.0703 -2.8656 -0.000001 21.9849 0.80872 -0.000000 22.0703 -2.8656 3.98254 26.6113 -1.33743 -0.000000 26.3184 4.67835 -0.000000 26.5381 -2.18048 2.72522 26.3916 4.12598 4.37622 26.6113 2.26136 3.47902 36.1084 0.077529 1.76239 36.4746 -1.22222 -0.000000 26.3184 4.67835 3.47902 36.1084 0.077529 -3.98254 26.6113 -1.33743 -0.000000 26.5381 -2.18048 -0.000000 26.3184 4.67835 -2.72522 26.3916 4.12598 -4.37622 26.6113 2.26136 -3.47901 36.1084 0.077536 -1.76239 36.4746 -1.22222 -0.000000 26.3184 4.67835 -3.47901 36.1084 0.077536 3.61634 35.0098 2.46277 3.47902 36.1084 0.077529 3.65907 35.5224 -1.98212 5.07811 34.1553 -1.64489 3.80247 33.081 -2.32543 -4.27857 31.6162 0.293177 -4.05579 32.9346 2.50703 -3.61634 35.0098 2.46277 -3.47901 36.1084 0.077536 -3.65906 35.5225 -1.98211 -5.07813 34.1553 -1.64489 -3.80249 33.081 -2.32543 -4.27857 31.6162 0.293177 -5.14526 30.4687 0.333814 -10.5652 26.3428 2.39263</float_array>
          <technique_common>
            <accessor source="#GeometrySource-array" count="1398" stride="3">
              <param name="X" type="float"/>
              <param name="Y" type="float"/>
              <param name="Z" type="float"/>
            </accessor>
          </technique_common>
        </source>
        <source id="GeometrySource1" name="m8279b0001 Part 0.0Nrm">
          <float_array id="GeometrySource1-array" count="4194">0.642021 -0.765021 0.050518 -0.612373 -0.612459 0.499892 -0.413107 -0.413115 -0.81159 0.289804 0.28984 0.912144 -0.612436 -0.6124 0.499888 0.641969 -0.765064 0.050532 -0.765033 0.642009 0.050488 -0.612421 -0.612433 0.499866 0.289806 0.289843 0.912142 -0.413094 -0.413132 -0.811588 -0.612427 -0.612487 0.499793 -0.765055 0.641983 0.050483 0.70375 -0.703293 0.100574 -0.000168 -0.000187 1 -0.703543 -0.703563 0.100136 0.703472 0.703501 0.101056 -0.00019 -0.000085 1 0.703772 -0.703257 0.100673 -0.703269 0.703764 0.100643 -0.00017 -0.000181 1 0.703478 0.703496 0.101062 -0.703551 -0.703556 0.100125 -0.000186 -0.000086 1 -0.703277 0.703757 0.100632 0.765051 -0.64202 0.050067 0.612374 0.61237 0.500001 -0.290529 -0.290531 0.911693 0.413581 0.413607 -0.811098 0.612362 0.612335 0.500059 0.765038 -0.64204 0.050028 -0.641998 0.76507 0.05006 0.612322 0.612389 0.500041 0.413611 0.413583 -0.811095 -0.290549 -0.290569 0.911675 0.612356 0.612379 0.500012 -0.642007 0.765063 0.050047 0.765069 -0.641965 -0.050504 0.612453 0.612414 -0.49985 0.413126 0.413134 0.811571 -0.289796 -0.289792 -0.912162 0.612415 0.612456 -0.499845 0.765024 -0.642021 -0.050477 -0.642031 0.765014 -0.05049 0.612427 0.612467 -0.499817 -0.289843 -0.289866 -0.912123 0.413143 0.413132 0.811563 0.612375 0.612451 -0.499901 -0.641982 0.765055 -0.050503 0.703277 -0.703757 -0.100632 0.000138 0.000209 -1 0.703556 0.70356 -0.100057 -0.703471 -0.703489 -0.101147 0.000091 0.000181 -1 0.703269 -0.703764 -0.100643 -0.703756 0.703285 -0.100582 0.000145 0.00021 -1 -0.703479 -0.703483 -0.101138 0.703571 0.703547 -0.100048 0.000092 0.000175 -1 -0.70377 0.703273 -0.100575 0.642014 -0.765058 -0.05004 -0.612369 -0.612309 -0.500082 0.290543 0.29051 -0.911696 -0.413608 -0.413587 0.811094 -0.612352 -0.612364 -0.500035 0.642038 -0.765039 -0.050033 -0.765067 0.642001 -0.050063 -0.612381 -0.612322 -0.500052 -0.413604 -0.413597 0.811091 0.29052 0.290536 -0.911695 -0.612328 -0.612367 -0.500061 -0.76508 0.641984 -0.050087 -0.677196 -0.591279 -0.437944 -0.588287 0.135502 -0.797219 -0.523477 0.272475 -0.807298 -0.344202 0.544319 -0.765011 -0.523494 0.272512 -0.807274 -0.588266 0.135465 -0.79724 0.662446 -0.261495 -0.701987 0.662446 -0.261495 -0.701987 0.662446 -0.261495 -0.701987 -0.224353 0.051253 0.973159 -0.224353 0.051253 0.973159 -0.224353 0.051253 0.973159 0.224353 -0.051253 -0.973159 0.224353 -0.051253 -0.973159 0.224353 -0.051253 -0.973159 -0.97384 0.047252 -0.222268 -0.97384 0.047252 -0.222268 -0.97384 0.047252 -0.222268 0.61236 0.612357 -0.500034 0.612367 0.612366 -0.500015 0.612359 0.612358 -0.500034 0.612349 0.612347 -0.50006 -0.000001 -0.000007 -1 -0.000001 -0.000007 -1 -0.000001 -0.000007 -1 -0.000001 -0.000007 -1 -0.612381 -0.612367 -0.499996 -0.612371 -0.612367 -0.500009 -0.612382 -0.612367 -0.499996 -0.612361 -0.612366 -0.500021 -0.61237 -0.612367 0.50001 -0.612364 -0.612362 0.500023 -0.612336 -0.612333 0.500093 -0.612364 -0.612361 0.500025 0.000001 0.000007 1 0.000001 0.000007 1 0.000001 0.000007 1 0.000001 0.000007 1 0.612351 0.612354 0.500049 0.612351 0.612354 0.500049 0.612351 0.612354 0.500049 0.612351 0.612354 0.500049 -0.707077 0.707137 -0.000033 -0.707132 0.707081 -0.000025 -0.707115 0.707098 -0.000019 -0.707101 0.707112 -0.000002 -0.707133 0.707081 0.000005 -0.707048 0.707166 0.000038 -0.707115 0.707099 -0.000000 -0.707101 0.707113 -0.000017 0.707106 -0.707107 0.00001 0.707107 -0.707106 0.000011 0.707106 -0.707108 0.000007 0.707104 -0.70711 0.000004 0.707107 -0.707106 0.000006 0.707107 -0.707106 0.000009 0.707106 -0.707107 0.00001 0.707104 -0.707109 0.000013 0.707118 0.707096 -0.000013 0.353546 0.35342 -0.866083 0.707083 0.707131 -0.000004 0.353459 0.353474 -0.866096 -0.353492 -0.353485 -0.866078 -0.353473 -0.353512 -0.866075 -0.707111 -0.707103 0.000008 -0.707113 -0.7071 0.000024 0.353492 0.353488 0.866077 0.707128 0.707085 -0.000029 0.707123 0.70709 -0.000000 0.353485 0.353482 0.866082 -0.353469 -0.353511 0.866077 -0.353443 -0.353486 0.866098 -0.707108 -0.707106 0.000001 -0.707126 -0.707088 0.000000 0.707113 0.7071 -0.000028 0.35349 0.353486 0.866079 0.353475 0.353496 0.866081 -0.353451 -0.353496 0.866091 -0.353485 -0.353507 0.866072 -0.707089 -0.707125 -0.000005 -0.707086 -0.707128 0.000001 -0.353457 -0.35349 -0.86609 -0.707097 -0.707117 0.000011 -0.353455 -0.353436 -0.866114 0.353468 0.353487 -0.866087 0.353511 0.353471 -0.866077 0.707114 0.707099 -0.000002 0.707093 0.707121 -0.000003 -0.984696 0.15883 0.071746 -0.753873 -0.355211 0.552721 -0.991823 0.082794 0.09712 -0.799877 -0.524484 -0.291743 -0.341406 -0.680294 0.648569 -0.448796 -0.724647 -0.522943 -0.154696 -0.972596 -0.173569 -0.390857 -0.898367 -0.200418 0.487968 0.086761 0.868539 0.792977 -0.254132 -0.553718 0.064819 -0.640977 -0.764819 -0.735428 -0.622641 -0.267326 -0.712837 0.017343 0.701115 -0.814482 0.249137 0.523975 0.270237 0.672223 0.689266 -0.814493 0.249142 0.523956 -0.71283 0.017314 0.701123 -0.341408 -0.680308 0.648554 0.560079 0.596693 0.574691 0.570893 0.820906 -0.013963 -0.063471 0.2984 0.952328 0.487959 0.086743 0.868546 0.264456 0.618704 -0.739776 0.570857 0.564002 -0.596677 -0.448806 -0.724624 -0.522965 -0.397553 -0.638253 -0.65923 -0.753876 -0.355225 0.552708 0.055629 -0.787547 0.613738 0.98887 -0.123618 0.082789 0.727385 -0.682979 -0.066714 0.901447 -0.132434 -0.412135 0.845661 0.523918 -0.101822 -0.799861 -0.524499 -0.29176 0.752555 -0.548898 -0.36383 0.055562 -0.787527 0.61377 0.980688 0.18196 0.071704 0.989604 0.106103 0.097086 0.765966 -0.331731 0.550683 0.804257 -0.52004 -0.287626 0.396217 -0.72796 -0.559541 0.317651 -0.697271 0.642582 0.101299 -0.982861 -0.154023 -0.476031 -0.013373 0.879327 -0.788572 -0.247431 -0.562968 -0.110361 -0.629503 -0.769121 0.745952 -0.601431 -0.28607 0.381093 -0.920841 -0.082589 0.301025 -0.625531 -0.719788 -0.476048 -0.01337 0.879317 0.687979 -0.066828 0.722647 -0.395004 0.482642 0.781683 0.011055 0.220761 0.975265 0.098926 0.254881 0.961899 0.31765 -0.697264 0.642589 -0.595756 0.584505 0.550844 0.765976 -0.331712 0.550679 -0.984244 -0.154119 0.086672 -0.037009 -0.789018 0.613254 -0.711126 -0.699888 -0.066759 -0.862718 0.49361 -0.109851 -0.894121 -0.16445 -0.416537 -0.739624 -0.566298 -0.36368 -0.036983 -0.788991 0.61329 -0.594285 0.549337 -0.587413 -0.697246 0.716815 -0.004853 0.804243 -0.520075 -0.287602 0.396217 -0.727972 -0.559525 0.006751 0.171896 -0.985092 0.874456 0.196398 -0.443569 0.88605 0.129124 -0.445244 0.017927 0.094203 -0.995392 0.852467 0.054162 -0.519968 0.98444 0.166884 -0.055026 0.932622 0.354732 0.0662 0.973429 0.227005 0.030073 0.929341 0.144185 0.339905 -0.01232 0.940243 0.340283 0.777784 0.563438 0.27855 0.635691 0.142315 0.758712 -0.000154 0.404551 0.914516 -0.020933 0.032752 0.999244 -0.020342 0.184923 0.982543 0.006107 0.993917 0.109961 0.006752 0.171896 -0.985092 -0.882334 0.197878 -0.427002 0.01062 0.30295 -0.952947 -0.905822 0.114949 -0.407767 -0.925262 0.175288 0.336398 -0.953978 0.295623 0.050334 -0.012304 0.940246 0.340273 0.017949 0.094193 -0.995392 -0.898305 0.052758 -0.436194 -0.99943 -0.003125 -0.033603 -0.995468 0.094227 0.012815 -0.801089 0.521848 0.293139 0.006108 0.993917 0.109963 -0.000171 0.404549 0.914516 -0.648498 0.070884 0.757909 -0.020974 0.032766 0.999243 0 -1 0 0 -1 0 0 -1 0 0 -1 0 0 -1 0 0 -1 0 0 -1 0 0 -1 0 0 -1 0 0 -1 0 -0.000001 0.296386 0.955068 -0.000000 0.296477 0.95504 -0.000000 0.296477 0.95504 -0.000000 0.296386 0.955068 -0.006751 0.171896 -0.985092 -0.88605 0.129126 -0.445244 -0.874456 0.196399 -0.44357 -0.932624 0.354725 0.066202 -0.929341 0.144186 0.339905 0.012319 0.940243 0.340283 0.020341 0.184923 0.982543 -0.017927 0.094203 -0.995392 -0.852466 0.054162 -0.519969 -0.98444 0.166884 -0.055026 -0.973429 0.227005 0.030073 -0.777784 0.563438 0.278549 -0.006107 0.993917 0.109962 0.000153 0.40455 0.914516 -0.635691 0.142314 0.758712 0.020932 0.032752 0.999244 -0.006751 0.171895 -0.985092 -0.010619 0.30295 -0.952947 0.882335 0.197878 -0.427001 0.905822 0.114943 -0.407768 -0.017948 0.094193 -0.995392 0.898305 0.052758 -0.436194 0.953978 0.295622 0.050335 0.99943 -0.003125 -0.033602 0.995468 0.094227 0.012815 0.925262 0.175288 0.336399 0.012304 0.940246 0.340274 0.801089 0.521848 0.29314 0.648497 0.070883 0.757909 0.00017 0.404549 0.914516 0.020974 0.032766 0.999243 -0.006108 0.993917 0.109963 0 -1 -0.000000 0 -1 -0.000000 0 -1 -0.000000 0 -1 -0.000000 0 -1 -0.000000 0 -1 -0.000000 0 -1 -0.000000 0 -1 -0.000000 0 -1 -0.000000 0 -1 -0.000000 -0.000000 0.296386 0.955068 0.000000 0.296477 0.95504 0 0.296477 0.95504 0.000000 0.296385 0.955068 0.25828 0.694256 -0.671788 -0.132546 0.673242 -0.727445 -0.689799 0.720483 0.071292 0.93932 0.259743 0.224079 0.524025 0.799979 0.292286 0.077289 0.996617 0.027948 0.636644 0.766531 0.084353 -0.132606 0.673255 -0.727423 -0.617748 -0.774952 -0.133551 -0.52884 -0.848695 -0.006737 -0.548847 -0.834945 -0.040418 -0.693329 -0.69039 -0.206536 -0.422554 -0.81586 -0.394742 -0.581933 -0.658126 -0.477728 -0.878542 -0.447327 0.167518 -0.349548 -0.936322 0.033415 -0.259474 -0.964657 0.045945 -0.530183 -0.717152 0.452326 -0.669395 -0.719207 0.186148 -0.749894 -0.661543 0.004545 -0.000005 -0.997381 0.072326 -0.000008 -0.995249 0.097366 -0.361382 -0.668529 0.649979 -0.417888 -0.387641 0.821647 -0.668914 -0.438704 0.600077 -0.878928 -0.394324 0.268318 -0.000002 -0.678723 0.734395 -0.000009 -0.41171 0.911315 -0.356417 -0.057628 0.932548 -0.479701 -0.092943 0.872496 -0.749902 -0.18819 0.634218 -0.948134 -0.179059 0.262641 -0.829589 -0.126222 0.54392 -0.623536 -0.083235 0.777351 0.000008 -0.034815 0.999394 -0.38446 0.139987 0.912466 -0.337895 0.155509 0.928248 -0.462868 0.020553 0.886189 -0.692363 -0.022549 0.721197 -0.948177 -0.061487 0.311735 -0.00002 0.094481 0.995527 -0.270008 -0.221782 0.936968 -0.29937 -0.078405 0.95091 -0.413622 -0.109441 0.903847 -0.732381 -0.09472 0.674275 -0.933489 -0.123647 0.336615 0.000011 -0.169233 0.985576 -0.232123 -0.078554 0.969509 -0.254207 -0.218807 0.942073 -0.451956 -0.17067 0.875561 -0.716366 -0.139645 0.683607 -0.000013 -0.093751 0.995596 0.000002 0.069043 0.997614 -0.367155 0.085869 0.926188 -0.433916 -0.077636 0.897602 -0.723314 -0.067729 0.687189 0.816996 -0.10236 0.567486 0.889721 0.018889 -0.456114 -0.319579 0.111762 0.940945 -0.562888 0.13315 0.815738 -0.691604 0.09506 0.715994 0.000013 0.124097 0.99227 -0.647614 -0.082355 0.757505 -0.635721 -0.077268 0.768042 -0.726881 -0.019332 0.686492 -0.682674 -0.647513 -0.338648 -0.921816 -0.376626 -0.091694 -0.471014 -0.258611 -0.843366 -0.484367 -0.487322 -0.726571 -0.962132 0.087657 0.258106 -0.858236 -0.270443 0.436224 0.349203 -0.881446 0.317977 -0.682671 -0.647525 -0.338633 -0.13967 0.890578 0.432854 -0.471981 0.876606 -0.093788 0.245983 0.879453 0.407499 0.745643 0.622091 0.238788 0.667421 0.114633 0.735805 0.902199 0.126691 0.412295 0.712823 -0.09594 0.69475 0.995668 0.040145 -0.083869 0.072864 0.061458 -0.995447 0.928527 -0.05856 0.366616 -0.388176 -0.221682 0.894526 -0.901281 -0.373759 0.219081 0.246027 0.879429 0.407524 0.248239 -0.468205 0.848034 -0.926906 -0.352583 -0.128571 -0.905495 -0.172886 -0.387543 -0.909758 -0.153185 -0.385843 0.710515 -0.197649 0.675354 0.713886 -0.198981 0.671397 0.866574 -0.275344 0.416216 0.752966 -0.154431 0.639682 -0.10111 0.994509 -0.026991 -0.533233 0.321027 -0.78269 -0.027139 0.873826 -0.48548 -0.09774 0.514164 -0.852104 0.077259 0.996621 0.027886 -0.132536 0.673256 -0.727435 0.771487 0.608402 -0.186156 0.636663 0.766516 0.084342 0.597207 0.606018 0.525439 0.652872 0.304937 0.693377 0.605569 0.535707 0.588476 0.245978 0.879457 0.407492 0.649845 0.67767 -0.344188 0.539098 0.325201 0.776928 -0.206917 -0.096682 0.97357 -0.386254 0.252185 0.887249 -0.882201 -0.19539 0.42842 -0.880355 0.159309 0.446761 -0.776938 0.627503 0.051054 -0.839902 0.106147 -0.532257 -0.893202 0.278123 0.353324 -0.097717 0.514184 -0.852095 -0.027125 0.873805 -0.48552 0.089816 0.549409 0.830712 0.245992 0.879456 0.407486 0.605562 0.535722 0.588469 0.72699 0.030633 0.685964 0.248251 -0.468215 0.848025 0.783169 -0.438236 0.44113 -0.591734 0.13451 0.794832 -0.69732 0.073858 0.712944 -0.582012 0.033174 0.812503 -0.617493 0.502342 0.605273 0.605548 0.53568 0.588523 -0.620297 0.66469 -0.416437 -0.665448 0.283899 -0.690348 -0.666929 0.428197 -0.609797 -0.614094 -0.005794 -0.789212 0.754099 -0.239844 0.6114 0.757927 -0.234085 0.608893 0.715901 -0.081432 0.693436 0.751991 -0.370143 0.545439 0.61955 -0.433033 0.654706 0.738383 -0.531304 0.415339 0.97384 -0.047252 0.222268 0.995614 0.040846 -0.084164 0.932189 0.354993 0.070734 0.891242 0.329827 -0.311292 0.925726 0.296141 -0.235229 0.725555 0.679134 -0.111121 0.745657 0.62208 0.238774 0.902206 0.126675 0.412284 0.885617 -0.178695 -0.428661 0.753914 0.283231 -0.592785 0.577643 0.647492 -0.497075 0.258275 0.694246 -0.671801 0.345754 0.938107 -0.020223 -0.008189 0.922782 0.385235 -0.471984 0.876604 -0.093789 0.568281 -0.216399 -0.793869 0.451931 0.409454 -0.792531 0.140521 0.692974 -0.707136 -0.171495 0.585958 -0.791987 -0.132542 0.673261 -0.727428 0.028621 -0.024225 -0.999297 0.00571 0.455398 -0.89027 -0.38989 0.566411 -0.726061 -0.533205 0.321039 -0.782705 -0.799344 0.291533 -0.525413 -0.69725 0.306645 -0.647929 -0.517096 0.290293 -0.805197 -0.885717 -0.195318 -0.421137 -0.484365 -0.487329 -0.726568 -0.471016 -0.258587 -0.843372 -0.584369 -0.298026 -0.754781 0.245997 0.879456 0.407484 0.597204 0.606042 0.525414 0.636653 0.766525 0.084339 0.524024 0.799976 0.292296 -0.348628 0.09311 -0.932625 -0.36322 0.692795 -0.622981 -0.378419 0.509283 -0.772936 -0.151938 -0.602957 -0.783172 0.817041 -0.102334 0.567426 0.619469 -0.674128 -0.402256 0.349163 -0.881482 0.317923 0.651792 -0.38108 -0.655702 0.668594 -0.342371 -0.660124 0.648379 -0.719187 -0.249751 0.783151 -0.438234 0.441164 0.642106 -0.251502 -0.724187 -0.238156 -0.586881 0.773855 0.063596 -0.536676 0.841388 0.726984 0.030595 0.685972 0.248253 -0.468194 0.848036 -0.942846 0.321261 -0.088503 -0.697259 0.306652 -0.647915 -0.484359 -0.487338 -0.726566 -0.706758 0.617855 0.344599 -0.893204 0.27812 0.35332 -0.880328 0.159265 0.446831 -0.860386 0.065847 0.505371 -0.880356 0.15928 0.446769 -0.48442 -0.487307 -0.726546 -0.627924 -0.690852 0.358379 0.64023 -0.000822 -0.768183 0.889733 0.018862 -0.456092 0.817018 -0.102307 0.567463 0.349163 -0.88149 0.317901 -0.858241 -0.27045 0.436211 -0.682665 -0.647529 -0.338637 -0.386241 0.252208 0.887248 -0.616773 0.544488 0.56844 -0.811829 0.305333 0.4977 -0.722667 0.07587 0.687019 -0.842655 0.050621 0.536069 -0.680326 -0.035275 0.732061 -0.860374 0.065858 0.50539 -0.880361 0.159278 0.446761 -0.38626 0.252218 0.887237 -0.386213 0.252216 0.887258 -0.216954 0.438493 0.872155 0.605525 0.535741 0.58849 -0.811815 0.305382 0.497694 -0.628787 0.081217 0.773325 -0.582018 0.033143 0.8125 -0.617497 0.502301 0.605302 0.605565 0.535723 0.588466 -0.84265 0.050634 0.536076 -0.723615 0.075681 0.686042 0.568299 -0.216432 -0.793847 0.000007 -0.70759 -0.706623 0.028663 -0.024198 -0.999296 0.548208 -0.66048 -0.513063 -0.000007 -0.768373 -0.640002 0.422551 -0.815859 -0.394746 0.885623 -0.178669 -0.428659 0.816601 -0.538215 -0.208537 0.693322 -0.690394 -0.206544 0.947778 -0.290791 -0.130986 0.866578 -0.275337 0.416212 0.581942 -0.658116 -0.477731 0.995613 0.040862 -0.084167 -0.584372 -0.298046 -0.75477 0.028618 -0.024209 -0.999297 -0.000007 -0.707589 -0.706624 -0.548207 -0.660481 -0.513064 -0.885725 -0.195309 -0.421125 -0.857491 -0.483671 -0.175416 -0.471003 -0.258557 -0.843389 -0.682656 -0.647527 -0.338658 -0.393816 -0.101776 -0.913537 0.000009 -0.768389 -0.639984 -0.422551 -0.815859 -0.394746 -0.693322 -0.690394 -0.206544 -0.581942 -0.658117 -0.477731 0.617749 -0.774952 -0.133551 0.548847 -0.834945 -0.040418 0.528827 -0.848703 -0.006717 0.25947 -0.964658 0.045945 0.000008 -0.995249 0.097366 0.000005 -0.997381 0.072326 0.693329 -0.69039 -0.206536 0.422554 -0.81586 -0.394742 0.581933 -0.658126 -0.477728 0.878543 -0.447326 0.167518 0.749894 -0.661542 0.004538 0.669413 -0.719222 0.18603 0.349537 -0.93633 0.033314 0.530184 -0.717152 0.452326 0.361382 -0.668529 0.649979 0.000003 -0.678723 0.734395 0.000009 -0.41171 0.911315 0.878928 -0.394324 0.268317 0.668915 -0.438703 0.600077 0.417889 -0.387641 0.821647 0.356416 -0.057628 0.932548 -0.000008 -0.034815 0.999394 0.948134 -0.179059 0.262641 0.749904 -0.188188 0.634215 0.479707 -0.092941 0.872492 0.337896 0.155509 0.928248 0.38446 0.139987 0.912466 0.00002 0.094481 0.995527 0.82959 -0.126215 0.543921 0.948178 -0.061487 0.311735 0.692363 -0.022549 0.721197 0.462867 0.020553 0.886189 0.623536 -0.083235 0.777351 0.635721 -0.077268 0.768042 0.647621 -0.082413 0.757492 0.874121 -0.151507 0.461475 0.933489 -0.123649 0.336615 0.732381 -0.094722 0.674274 0.413574 -0.109445 0.903868 0.726881 -0.019331 0.686492 0.911209 -0.077448 0.404598 0.723315 -0.067729 0.687189 0.716332 -0.139662 0.68364 0.451956 -0.17067 0.875561 0.254196 -0.218917 0.942051 0.29937 -0.078404 0.95091 0.691604 0.095057 0.715994 0.433914 -0.077634 0.897603 0.562888 0.13315 0.815737 0.367155 0.085869 0.926188 0.23212 -0.078553 0.96951 0.31958 0.111763 0.940945 -0.000001 0.069042 0.997614 0.000013 -0.093751 0.995596 -0.000011 -0.169233 0.985576 0.270009 -0.221782 0.936967 -0.000013 0.124097 0.99227 -0.169088 -0.489314 -0.855559 0.878585 -0.447266 0.167456 0.581969 -0.658107 -0.47771 -0.332975 0.017281 -0.942777 0.866549 -0.275348 0.416265 -0.533045 0.152162 -0.832292 -0.647816 0.294634 -0.702514 0.752963 -0.154457 0.63968 0.169088 -0.489314 -0.855559 -0.581969 -0.658107 -0.47771 -0.878585 -0.447266 0.167456 0.332975 0.017282 -0.942777 -0.393788 -0.101834 -0.913543 0.533045 0.152162 -0.832292 -0.682673 -0.647504 -0.338669 -0.101118 0.994508 -0.026991 -0.132548 0.673275 -0.727415 -0.803404 0.581692 -0.127184 -0.533195 0.321039 -0.782711 -0.171523 0.585941 -0.791993 -0.132529 0.673255 -0.727437 -0.893211 0.278096 0.353322 -0.027182 0.873842 -0.48545 -0.918495 0.294718 -0.263644 -0.69725 0.306609 -0.647946 -0.533206 0.321049 -0.7827 -0.027135 0.873826 -0.485481 -0.357239 0.771542 0.526406 -0.825427 -0.065382 -0.56071 -0.396961 0.724135 -0.56396 0.000019 0.273204 -0.961956 0.000007 -0.052185 -0.998637 0.39696 0.724135 -0.56396 0.357239 0.771542 0.526406 0.825427 -0.065381 -0.56071 0.891634 -0.085695 0.444573 0.00003 0.581044 0.813872 -0.000023 -0.134916 0.990857 0.000004 0.616209 0.787583 0.275654 0.637723 0.719253 0.357199 0.771569 0.526393 0.000001 0.581015 0.813893 -0.000015 0.134895 0.99086 0.383083 0.151744 0.911165 0.000006 0.025505 0.999675 -0.000009 0.305661 -0.95214 0.269745 0.493131 -0.827079 -0.000005 -0.044682 -0.999001 0.396959 0.724122 -0.563978 -0.000008 0.273194 -0.961959 -0.000005 0.616209 0.787583 -0.357199 0.771569 0.526393 -0.275648 0.637721 0.719257 -0.000001 0.581015 0.813893 0.000015 0.134895 0.99086 -0.383083 0.151736 0.911166 -0.000006 0.025505 0.999675 0.000008 0.305661 -0.95214 0.000005 -0.044681 -0.999001 -0.269742 0.493131 -0.82708 -0.39696 0.724122 -0.563978 0.000008 0.273194 -0.961959 0.459795 -0.3753 0.804822 -0.280787 0.500536 0.818915 -0.323266 0.457806 0.828198 -0.324256 0.424614 0.845317 -0.619477 0.774728 -0.126672 0.707079 0.707134 -0.000028 0.707106 0.707108 -0.000004 0.707105 0.707108 -0.000004 0.70711 0.707104 -0.000003 0.70711 0.707104 -0.000003 -0.716799 0.696301 0.036936 -0.790042 0.612312 0.030123 -0.76025 0.631838 0.150998 -0.707172 0.707042 -0.000086 -0.707107 0.707107 -0.000003 -0.888284 0.459295 0.000216 -0.899465 0.436993 -0.000002 -0.891687 0.449511 0.053232 -0.760251 0.631834 0.151011 -0.707089 0.707125 -0.000002 -0.707108 0.707106 -0.000003 -0.707099 0.707114 -0.000003 -0.707066 0.707148 -0.000003 -0.707107 0.707107 -0.000003 -0.707107 0.707107 -0.000003 -0.707107 0.707107 -0.000003 -0.707091 0.707123 -0.00002 -0.707141 0.707072 0.00005 -0.707107 0.707107 -0.000003 -0.707107 0.707107 -0.000003 0.631833 -0.760253 0.151005 0.612312 -0.790041 0.030137 0.696293 -0.716805 0.036974 0.707107 -0.707107 0.000003 0.707107 -0.707107 0.000003 0.707107 -0.707107 0.000003 0.707107 -0.707107 0.000003 0.459285 -0.888289 0.000004 0.707107 -0.707107 0.000003 0.707107 -0.707107 0.000003 0.707107 -0.707107 0.000003 0.707107 -0.707107 0.000003 0.707107 -0.707107 0.000003 0.437018 -0.899453 0.000004 0.449503 -0.891693 0.053215 0.63184 -0.760249 0.150998 0.707107 -0.707107 0.000003 0.707107 -0.707107 0.000003 0.707107 -0.707107 0.000003 0.707107 -0.707107 0.000003 0.612348 0.612359 -0.500046 -0.00002 -0.000005 -1 0.001956 -0.001998 -0.999996 0.612354 0.612355 -0.500044 0.612348 0.612365 0.50004 0.612354 0.61236 0.500038 -0.000007 -0.000007 1 0.001956 -0.001987 0.999996 -0.001956 0.001987 -0.999996 -0.612348 -0.612364 -0.50004 0.000019 -0.000004 -1 -0.612354 -0.61236 -0.500038 -0.612348 -0.612359 0.500046 -0.612354 -0.612355 0.500044 0.000007 0.000018 1 -0.001956 0.001998 0.999996 0.001956 -0.001998 -0.999996 0.612348 0.612359 -0.500046 -0.00002 -0.000005 -1 0.612354 0.612355 -0.500044 0.612348 0.612365 0.50004 0.612354 0.61236 0.500038 -0.000007 -0.000007 1 0.001956 -0.001987 0.999996 -0.001956 0.001987 -0.999996 -0.612348 -0.612364 -0.50004 0.000019 -0.000004 -1 -0.612354 -0.61236 -0.500038 -0.612348 -0.612359 0.500046 -0.612354 -0.612355 0.500044 0.000007 0.000018 1 -0.001956 0.001998 0.999996 -0.706615 -0.707598 -0.000029 -0.706125 0.708088 -0.000003 -0.706615 -0.707598 0.000037 -0.706125 0.708087 -0.000003 0.706615 0.707598 0.000029 0.706615 0.707598 -0.000037 0.706615 0.707598 0.00003 0.706615 0.707598 -0.000037 0.706159 -0.708053 0.000003 0.706112 -0.7081 0.000003 -0.706615 -0.707598 -0.00003 -0.706615 -0.707598 0.000037 -0.000000 -0.000005 -1 -0.000000 -0.000005 -1 -0.000000 -0.000005 -1 -0.000000 -0.000005 -1 0.000000 0.000005 1 0.000000 0.000005 1 0.000000 0.000005 1 0.000000 0.000005 1 -0.707107 -0.707107 0.000003 -0.707107 -0.707107 0.000003 -0.707107 -0.707107 0.000003 -0.707107 -0.707107 0.000003 0.707107 0.707107 -0.000003 0.707107 0.707107 -0.000003 0.707107 0.707107 -0.000003 0.707107 0.707107 -0.000003 -0.000000 -0.000005 -1 -0.000000 -0.000005 -1 -0.000000 -0.000005 -1 -0.000000 -0.000005 -1 -0.707107 0.707107 -0.000003 -0.707107 0.707107 -0.000003 -0.707107 0.707107 -0.000003 -0.707107 0.707107 -0.000003 0.707107 -0.707107 0.000003 0.707107 -0.707107 0.000003 0.707107 -0.707107 0.000003 0.707107 -0.707107 0.000003 0.642009 -0.765031 0.050506 -0.612488 -0.612417 0.499804 -0.413121 -0.41312 -0.811581 0.289801 0.289786 0.912162 -0.612468 -0.612379 0.499876 0.641976 -0.765058 0.050535 -0.765053 0.641984 0.050509 -0.612429 -0.61245 0.499836 0.289815 0.289852 0.912137 -0.413118 -0.413123 -0.81158 -0.612439 -0.612448 0.499827 -0.765055 0.641981 0.050503 0.70377 -0.703273 0.100575 -0.000278 -0.000175 1 -0.703571 -0.703547 0.100048 0.70349 0.70347 0.10115 -0.000203 -0.000101 1 0.703767 -0.703276 0.100574 -0.70327 0.703765 0.100626 -0.000247 -0.000181 1 0.703478 0.703496 0.101062 -0.703546 -0.70357 0.100063 -0.000199 -0.000134 1 -0.703266 0.703771 0.100614 0.765086 -0.64198 0.050051 0.612403 0.612356 0.499982 -0.290548 -0.290536 0.911686 0.413633 0.413648 -0.811051 0.612343 0.612422 0.499975 0.765045 -0.642031 0.050025 -0.641999 0.765067 0.050101 0.612325 0.612379 0.50005 0.413581 0.41361 -0.811097 -0.29053 -0.290514 0.911699 0.612361 0.61236 0.500029 -0.642005 0.765063 0.05009 0.765043 -0.641994 -0.050519 0.612442 0.612397 -0.499885 0.413147 0.413124 0.811565 -0.289867 -0.289843 -0.912123 0.612394 0.612446 -0.499883 0.76504 -0.642 -0.050489 -0.641991 0.765047 -0.050505 0.612451 0.612422 -0.499844 -0.289819 -0.289799 -0.912152 0.413117 0.413116 0.811585 0.612506 0.612405 -0.499797 -0.642028 0.765017 -0.050481 0.703266 -0.703769 -0.10063 0.000175 0.00026 -1 0.703543 0.703565 -0.100115 -0.703494 -0.703476 -0.101077 0.000247 0.000193 -1 0.703255 -0.703778 -0.100639 -0.70375 0.703283 -0.100639 0.000142 0.000263 -1 -0.703484 -0.703484 -0.1011 0.70354 0.703573 -0.100084 0.000061 0.00017 -1 -0.703773 0.703266 -0.100602 0.642011 -0.76506 -0.05005 -0.612324 -0.612442 -0.499974 0.290538 0.290561 -0.911681 -0.413583 -0.413612 0.811094 -0.612304 -0.612382 -0.500072 0.64202 -0.765053 -0.050047 -0.765074 0.641992 -0.05009 -0.612356 -0.612405 -0.499981 -0.413591 -0.413608 0.811093 0.290539 0.290554 -0.911683 -0.61233 -0.612374 -0.50005 -0.765044 0.642031 -0.050044 0.78956 0.42507 0.442617 0.724463 0.689312 -0.001481 0.452816 0.79875 0.396177 0.455107 0.792985 -0.405033 0.724459 0.689316 -0.001462 0.790493 0.423591 -0.44237 0.7905 0.423572 -0.442376 0.724471 0.689304 -0.001479 0.981256 0.192706 0.001137 0.452816 0.798732 0.396213 0.724452 0.689323 -0.001475 0.246882 0.969017 0.007427 0.981254 0.192713 0.001115 0.724468 0.689307 -0.001472 0.789567 0.425051 0.442624 0.246903 0.969011 0.007459 0.724456 0.68932 -0.001474 0.455094 0.792986 -0.405046 0.707091 0.707123 -0.000028 -0.707088 -0.707126 0.000002 0.612361 0.612361 -0.500029 0.612366 0.612358 -0.500026 0.612347 0.612385 -0.500016 0.612363 0.612372 -0.500013 -0.000001 -0.000007 -1 -0.000001 -0.000007 -1 -0.000001 -0.000007 -1 -0.000001 -0.000007 -1 -0.612364 -0.612365 -0.500019 -0.612362 -0.612367 -0.50002 -0.612366 -0.612357 -0.500026 -0.612361 -0.612361 -0.500028 -0.612347 -0.612362 0.500044 -0.612347 -0.612362 0.500044 -0.612347 -0.612362 0.500043 -0.612347 -0.612362 0.500044 0.000001 0.000007 1 0.000001 0.000007 1 0.000001 0.000007 1 0.000001 0.000007 1 0.612349 0.61237 0.500032 0.612349 0.612369 0.500033 0.612349 0.61237 0.500032 0.612349 0.612369 0.500033 -0.707103 0.70711 -0.000009 -0.707103 0.70711 -0.000009 -0.707103 0.70711 -0.000009 -0.707103 0.707111 -0.000008 -0.707103 0.70711 -0.000007 -0.707103 0.70711 -0.000009 -0.707103 0.70711 -0.000008 -0.707137 0.707076 -0.000009 0.707133 -0.70708 0.000025 0.707077 -0.707137 0.000033 0.707116 -0.707097 0.00002 0.707102 -0.707112 0.000002 0.707048 -0.707166 -0.000038 0.707134 -0.70708 -0.000006 0.707116 -0.707098 -0.000001 0.707101 -0.707112 0.000017 0.707125 0.707089 -0.000025 0.353473 0.353497 -0.866081 0.707091 0.707123 -0.000008 0.353496 0.353469 -0.866083 -0.353547 -0.353489 -0.866054 -0.353561 -0.353458 -0.866061 -0.707121 -0.707093 0.000018 -0.707087 -0.707127 0.000018 0.353452 0.353498 0.866089 0.707099 0.707115 0.000017 0.707124 0.707089 -0.00001 0.353481 0.353491 0.86608 -0.353546 -0.353454 0.866069 -0.353503 -0.353476 0.866078 -0.707087 -0.707126 -0.000000 -0.707121 -0.707092 -0.000000 0.852063 0.52344 -0.00001 0.574638 0.373018 -0.728457 0.722568 0.691299 -0.000007 0.327848 0.590225 -0.737665 0.211754 0.977323 -0.000021 0.154444 0.70999 -0.687067 0.128449 0.991716 -0.000016 0.616246 0.584027 -0.52835 0.316172 0.218007 -0.923313 0.172452 0.352481 -0.919792 -0.606898 -0.652803 0.453347 -0.680253 -0.732978 -0.000019 -0.991728 -0.111428 0.06372 -0.1812 -0.735897 0.652397 -0.174091 -0.800722 0.573181 -0.315543 -0.948911 0.000032 0.852062 0.52344 -0.00002 0.722572 0.691296 0.000014 0.574654 0.373029 0.728438 0.327849 0.590238 0.737655 0.316174 0.218022 0.923309 0.172453 0.352491 0.919788 0.154442 0.710007 0.687051 0.211755 0.977323 0.000013 0.12843 0.991719 -0.000022 0.616253 0.584026 0.528343 -0.181193 -0.73591 -0.652385 -0.606921 -0.652793 -0.453329 -0.680261 -0.73297 0.000000 -0.174077 -0.800717 -0.573193 -0.315495 -0.948927 0.000017 0.361789 0.519943 -0.773801 0.361775 0.519944 -0.773807 0.36179 0.519943 -0.773801 0.361772 0.519945 -0.773808 0.798809 -0.569795 -0.192973 -0.489971 -0.474345 -0.731386 0.790483 -0.578098 -0.202337 -0.501416 -0.464574 -0.729899 -0.696276 0.717285 -0.026484 -0.687975 0.725537 -0.016934 0.604023 0.611814 0.510725 0.798801 -0.569796 -0.193002 0.790466 -0.578117 -0.202347 0.592738 0.621995 0.511649 -0.687965 0.725546 -0.016983 -0.696262 0.717297 -0.026523 0.543398 0.63274 0.551687 0.543402 0.632751 0.55167 0.543397 0.632738 0.551691 0.543403 0.632753 0.551667 0.864704 -0.501943 -0.018455 0.342528 0.576671 -0.741704 0.868477 -0.494764 -0.030929 0.330372 0.585493 -0.740306 -0.710479 0.681631 0.174928 -0.714301 0.674289 0.187373 -0.176413 -0.406279 0.896558 0.864735 -0.50189 -0.018418 0.868476 -0.494766 -0.030924 -0.188401 -0.397297 0.898142 -0.714279 0.674313 0.187372 -0.71048 0.681639 0.174893 -0.144896 0.983518 -0.108154 -0.144903 0.983521 -0.108121 -0.144895 0.983518 -0.108154 -0.144902 0.983514 -0.108183 0.958937 0.278371 -0.054304 -0.053609 0.025841 -0.998228 0.957734 0.276459 -0.079474 -0.059046 0.025276 -0.997935 -0.999711 -0.00079 0.024012 -0.998773 0.000848 0.049522 0.016201 0.24906 0.968352 0.958955 0.278305 -0.054326 0.957741 0.276433 -0.079487 0.012216 0.248611 0.968527 -0.998771 0.000889 0.04956 -0.999711 -0.000784 0.024011 0.065365 0.369873 -0.92678 0.214813 0.947085 -0.238508 0.195046 0.54291 -0.816827 0.202192 0.913203 0.353805 0.10921 0.480497 0.87017 0.229798 0.730259 0.643361 0.1619 0.51381 0.842489 0.170369 0.647297 0.742954 -0.397537 -0.638279 -0.659215 0.065759 0.253665 0.965054 0.381075 -0.920849 -0.082578 0.301062 -0.625538 -0.719766 0.556668 -0.830604 -0.01474 0.330084 -0.498113 -0.801828 -0.360304 0.44351 -0.820658 -0.447274 0.339097 -0.827623 -0.828875 0.55943 -0.001934 -0.697282 0.71678 -0.004858 -0.828895 0.559401 -0.001906 -0.697262 0.7168 -0.004835 -0.394987 0.48266 0.781681 -0.499558 0.29351 0.815042 0.379194 -0.397535 0.835571 0.312532 -0.409699 0.857013 0.556667 -0.830606 -0.014689 0.381073 -0.92085 -0.08258 0.687979 -0.066805 0.722649 0.379215 -0.397496 0.835579 0.37919 -0.39751 0.835584 -0.360298 0.443511 -0.82066 0.300993 -0.625539 -0.719795 0.046782 0.998525 -0.027551 0.000086 0.999608 -0.027999 0.000711 0.999628 -0.027254 0.04972 0.998335 -0.029259 0.010615 0.302906 -0.952961 -0.020354 0.184983 0.982531 -0.000289 -0.999708 0.024177 -0.044532 -0.998706 0.024581 -0.000832 -0.999687 0.025013 -0.041383 -0.998798 0.026274 0.046363 -0.998624 0.024507 -0.000271 -0.999708 0.024174 -0.000832 -0.999687 0.025014 0.042505 -0.998749 0.026333 0.859355 0.155027 -0.487314 0.005852 0.161847 -0.986798 0.005814 0.176707 -0.984246 0.854885 0.149642 -0.496769 0.862853 0.143563 0.484638 0.843139 0.151024 0.51605 -0.005436 0.153075 0.9882 -0.012044 0.165836 0.98608 0.005824 0.176735 -0.984241 0.005814 0.161891 -0.986791 -0.871528 0.124379 -0.474309 -0.86393 0.112697 -0.490841 -0.86854 0.114855 0.482128 -0.85429 0.125927 0.504312 -0.005441 0.153078 0.988199 -0.012047 0.165816 0.986083 -0.046565 0.998537 -0.027475 0.000084 0.999608 -0.028005 -0.049549 0.998344 -0.029244 0.000739 0.999628 -0.027252 0.373358 0.260553 0.890346 0.000009 0.143427 0.989661 -0.000008 0.034572 0.999402 0.414071 0.136721 0.899918 0.82164 0.503334 0.267512 0.926666 0.286353 0.243499 -0.536279 0.146497 0.83123 0.936229 0.27007 0.224804 0.367751 0.203408 0.907405 0.72334 0.262034 -0.63884 -0.000006 0.278337 -0.960483 0.593816 0.460508 -0.659784 0.000014 0.42619 -0.904634 -0.000001 -0.874988 0.484145 -0.983737 0.169428 -0.059629 -0.911661 -0.015068 0.410667 0.103959 -0.04238 0.993678 0.904301 0.135628 0.404778 0.873104 0.248082 -0.419695 -0.879416 0.10701 -0.463871 -0.696878 0.147965 -0.70176 -0.908235 -0.240011 0.342789 0.060637 -0.159549 0.985326 0.91063 -0.218379 0.350805 -0.846271 -0.291297 -0.446062 -0.872956 -0.345416 0.344437 0.043803 -0.495885 0.867282 0.862844 -0.372584 0.341588 0.863558 -0.203076 -0.46155 0.868755 0.190078 -0.457313 -0.716866 -0.622617 -0.313769 -0.758292 -0.617173 0.209978 0.019255 -0.794492 0.606969 0.787095 -0.568847 0.238526 0.738172 -0.574615 -0.353442 -0.925005 -0.18974 0.329188 -0.002602 -0.314971 0.949098 0.925537 -0.184985 0.330396 0.872628 -0.204731 -0.443402 0.017392 -0.707965 -0.706033 -0.870988 -0.210323 -0.444008 0.00124 -0.257769 -0.966206 -0.870976 -0.210285 -0.44405 -0.716888 -0.622604 -0.313745 -0.846275 -0.291287 -0.446062 0.063178 -0.322736 -0.944378 0.106892 0.279334 -0.954226 0.805119 0.251691 -0.537061 -0.879405 0.107003 -0.463893 0.272639 0.229423 -0.934363 -0.696882 0.147924 -0.701765 0.000039 -0.820759 -0.571275 -0.046789 0.998525 -0.027539 -0.000711 0.999628 -0.027253 -0.000086 0.999608 -0.027999 -0.04972 0.998335 -0.029259 -0.010615 0.302907 -0.952961 0.020354 0.184983 0.982531 0.000289 -0.999708 0.024177 0.000832 -0.999687 0.025013 0.044532 -0.998706 0.024581 0.041383 -0.998798 0.026274 -0.046364 -0.998624 0.024507 0.000832 -0.999687 0.025014 0.000271 -0.999708 0.024174 -0.042505 -0.998749 0.026333 -0.859355 0.155028 -0.487314 -0.005813 0.176707 -0.984246 -0.005851 0.161847 -0.986798 -0.854884 0.149642 -0.49677 -0.862853 0.143563 0.484638 -0.843083 0.151253 0.516076 0.005436 0.153075 0.9882 0.012043 0.165836 0.98608 -0.005824 0.176735 -0.984241 0.871528 0.124379 -0.474308 -0.005814 0.161891 -0.986792 0.86393 0.112697 -0.490841 0.868539 0.114855 0.482128 0.85429 0.125927 0.504313 0.00544 0.153079 0.988199 0.012047 0.165816 0.986083 0.046565 0.998537 -0.027475 0.049556 0.998343 -0.029233 -0.000083 0.999608 -0.028005 -0.000738 0.999628 -0.027251 -0.373358 0.260553 0.890346 0.000007 0.034572 0.999402 -0.000009 0.143427 0.989661 -0.414072 0.136719 0.899918 0.536231 0.146539 0.831254 0.000001 -0.874988 0.484145 -0.82164 0.503334 0.267512 -0.926669 0.286341 0.243502 -0.936229 0.27007 0.224803 -0.367752 0.203408 0.907405 -0.72334 0.262034 -0.63884 -0.873104 0.248082 -0.419696 -0.904298 0.135627 0.404784 -0.10395 -0.042377 0.993679 0.000006 0.278337 -0.960483 -0.593813 0.460514 -0.659783 -0.27264 0.229423 -0.934362 -0.80512 0.251688 -0.537061 -0.868755 0.190081 -0.457313 -0.910631 -0.218373 0.350805 -0.000014 0.42619 -0.904634 0.870989 -0.210324 -0.444008 0.716866 -0.622618 -0.313769 0.925005 -0.18974 0.329188 0.758288 -0.617177 0.209978 0.002601 -0.314971 0.949098 -0.019258 -0.794492 0.606969 -0.787095 -0.568847 0.238526 -0.925537 -0.184985 0.330396 0.872956 -0.345412 0.34444 -0.043789 -0.495886 0.867283 -0.862844 -0.372584 0.341586 -0.738165 -0.574622 -0.353442 -0.872628 -0.204731 -0.443403 0.846271 -0.291297 -0.446062 0.908239 -0.239991 0.342792 -0.060635 -0.159549 0.985326 -0.863558 -0.203073 -0.461551 -0.017392 -0.707965 -0.706033 -0.001239 -0.257769 -0.966206 0.870976 -0.210285 -0.44405 0.879416 0.10701 -0.463871 0.911664 -0.015073 0.410661 0.983738 0.16943 -0.059602 0.696878 0.147964 -0.70176 0.716888 -0.622604 -0.313744 0.846275 -0.291285 -0.446062 -0.063181 -0.322737 -0.944377 0.879405 0.107003 -0.463893 -0.106892 0.279332 -0.954226 0.696882 0.147924 -0.701765 -0.000039 -0.820759 -0.571275 -0.815433 -0.438005 0.378444 -0.000011 -0.743697 0.668517 -0.805345 -0.337462 -0.487379 -0.000004 -0.83881 -0.544424 -0.000023 -0.404944 -0.914342 0 -0.838816 -0.544415 0.000000 -0.838816 -0.544415 0.000004 -0.83881 -0.544424 0.805345 -0.337462 -0.487379 -0.000024 -0.404944 -0.914342 0.815433 -0.438005 0.378444 0.000012 -0.743696 0.668518 -0.000019 0.985208 0.171364 0.010006 0.985507 0.169339 0.001401 0.984735 0.174055 0.00002 0.985773 0.168082 0.000019 0.985208 0.171364 -0.010007 0.985507 0.169339 -0.00002 0.985773 0.168082 -0.001401 0.984735 0.174055 -0.000007 -0.052185 -0.998637 -0.000019 0.273204 -0.961956 -0.891634 -0.085696 0.444573 -0.000022 -0.134725 0.990883 -0.00003 0.581044 0.813872 0.872489 -0.095509 0.479208 0.459912 -0.100444 0.882265 0.467622 0.049562 0.882538 0.969119 0.046445 0.242179 0.725035 -0.662532 -0.188085 0.666979 -0.100533 -0.738263 0.462079 0.201744 0.863587 0.941524 0.235137 0.241338 -0.000018 -0.117306 -0.993096 0.265388 -0.128635 -0.955522 0.729193 0.188403 -0.657862 0.000001 0.067092 -0.997747 -0.467625 0.049558 0.882537 -0.462079 0.201744 0.863587 -0.872488 -0.095514 0.479209 -0.4643 -0.097878 0.880253 -0.969119 0.046443 0.24218 -0.941524 0.235137 0.241338 -0.76807 -0.609384 -0.196772 -0.666976 -0.100525 -0.738267 0.000018 -0.117306 -0.993096 -0.729193 0.188403 -0.657862 -0.265344 -0.128673 -0.955529 -0.000001 0.067092 -0.997747 -0.409538 -0.394843 0.822422 -0.703145 -0.710956 0.011317 -0.826497 -0.56292 0.004894 -0.552868 -0.233233 0.799962 0.342027 0.408882 0.846069 0.16757 0.559411 0.811776 0.655221 0.754364 -0.040249 0.493331 0.869384 -0.028224 0.251707 0.532671 -0.808026 0.256138 0.52054 -0.814513 -0.524857 -0.291503 -0.799719 -0.539605 -0.331375 -0.773962 -0.826492 -0.562927 0.004856 -0.703158 -0.710943 0.011332 -0.703157 -0.710945 0.011303 -0.409515 -0.394867 0.822422 -0.672333 -0.737733 0.06097 0.724975 -0.662584 -0.188132 0.459951 -0.100444 0.882245 0.342002 0.408901 0.84607 -0.338647 -0.431915 0.835923 0.480788 0.416586 0.771556 0.384473 0.423769 0.820122 0.713478 0.700289 -0.023341 0.679041 0.733221 -0.035922 0.620754 0.780446 -0.074622 0.461847 0.616583 0.637592 0.655253 0.754337 -0.04025 0.464395 0.331316 -0.821321 0.251711 0.532659 -0.808032 -0.320329 -0.497544 -0.806126 0.401844 0.372772 -0.836399 0.725036 -0.662528 -0.188093 -0.351302 -0.476286 -0.806064 -0.672318 -0.737746 0.060991 -0.703141 -0.710961 0.011329 -0.539616 -0.331351 -0.773964 0.665903 -0.745956 -0.011133 0.667031 -0.741744 0.069904 0.322777 -0.456353 0.82919 0.511206 -0.371809 0.774872 0.718807 -0.692445 -0.061946 -0.480776 0.416571 0.771572 -0.385555 0.427796 0.817519 0.336423 -0.438236 0.833528 -0.457299 0.360372 0.813025 0.665438 -0.746021 0.025397 -0.461834 0.616578 0.637606 -0.620749 0.78045 -0.074621 -0.679036 0.733225 -0.035921 -0.713507 0.699854 -0.033356 -0.670814 0.738186 -0.071342 -0.453891 0.338408 -0.824296 -0.280978 0.443794 -0.85094 0.332243 -0.492132 -0.804624 -0.402336 0.373265 -0.835942 0.457696 -0.343216 -0.820193 -0.283923 0.431139 -0.85645 0.665887 -0.74597 -0.011088 0.33962 -0.477076 -0.81059 0.7188 -0.692451 -0.061947 0.401431 -0.311098 -0.861436 0.665447 -0.746013 0.025397 -0.688544 0.725194 0.000681 0.61675 0.787159 -0.000003 -0.996869 0.079076 -0.000000 0.616747 0.787161 -0.000003 -0.991733 -0.111378 -0.063725 -0.996869 0.079071 -0.000015 0.09896 0.19011 -0.976763 0.086594 0.199227 -0.97612 0.255133 0.960928 0.107353 0.000001 -0.999667 0.025787 0.000026 -0.820763 -0.57127 -0.000001 -0.999667 0.025787 -0.000026 -0.820763 -0.57127 0.029665 -0.999019 -0.032871 0.000007 -0.999397 -0.034725 -0.000003 -0.999431 -0.033721 0.031548 -0.998933 -0.03374 0.120275 -0.992654 -0.01311 0.267535 0.960224 0.079972 0.396989 0.724125 -0.563953 -0.000019 0.161023 0.986951 0.267545 0.960219 0.079998 -0.029665 -0.999019 -0.032871 0.000003 -0.999431 -0.033721 -0.000007 -0.999397 -0.034725 -0.031548 -0.998933 -0.03374 -0.120275 -0.992654 -0.01311 -0.267527 0.960226 0.079975 -0.396989 0.724125 -0.563953 0.000019 0.161023 0.986951 -0.267537 0.960221 0.080001 0.275655 0.637739 0.719238 0.267521 0.960227 0.079974 0.269766 0.493115 -0.827082 0.517467 0.379547 -0.766923 0.265346 -0.128661 -0.95553 -0.768104 -0.609341 -0.196775 -0.464303 -0.097863 0.880253 -0.27565 0.637737 0.719242 -0.267513 0.960229 0.079977 -0.269762 0.493115 -0.827083 -0.517464 0.379538 -0.766931 -0.265348 -0.128663 -0.955529 -0.768058 -0.609402 -0.196762 0.667026 -0.74175 0.069878 0.512249 -0.365004 0.777414</float_array>
          <technique_common>
            <accessor source="#GeometrySource1-array" count="1398" stride="3">
              <param name="X" type="float"/>
              <param name="Y" type="float"/>
              <param name="Z" type="float"/>
            </accessor>
          </technique_common>
        </source>
        <source id="GeometrySource2" name="m8279b0001 Part 0.0UV">
          <float_array id="GeometrySource2-array" count="2796">0.980957 -1.0039 0.999023 -1.24512 0.999023 -1.0039 0.999023 -1.0039 0.999023 -1.24512 0.980957 -1.0039 0.980957 -1.0039 0.999023 -1.24512 0.999023 -1.0039 0.999023 -1.0039 0.999023 -1.24512 0.980957 -1.0039 0.980957 -1.0039 0.999023 -1.24512 0.999023 -1.0039 0.999023 -1.0039 0.999023 -1.24512 0.980957 -1.0039 0.980957 -1.0039 0.999023 -1.24512 0.999023 -1.0039 0.999023 -1.0039 0.999023 -1.24512 0.980957 -1.0039 0.980957 -1.0039 0.999023 -1.24512 0.999023 -1.0039 0.999023 -1.0039 0.999023 -1.24512 0.980957 -1.0039 0.980957 -1.0039 0.999023 -1.24512 0.999023 -1.0039 0.999023 -1.0039 0.999023 -1.24512 0.980957 -1.0039 0.980957 -1.0039 0.999023 -1.24512 0.999023 -1.0039 0.999023 -1.0039 0.999023 -1.24512 0.980957 -1.0039 0.980957 -1.0039 0.999023 -1.24512 0.999023 -1.0039 0.999023 -1.0039 0.999023 -1.24512 0.980957 -1.0039 0.980957 -1.0039 0.999023 -1.24512 0.999023 -1.0039 0.999023 -1.0039 0.999023 -1.24512 0.980957 -1.0039 0.980957 -1.0039 0.999023 -1.24512 0.999023 -1.0039 0.999023 -1.0039 0.999023 -1.24512 0.980957 -1.0039 0.980957 -1.0039 0.999023 -1.24512 0.999023 -1.0039 0.999023 -1.0039 0.999023 -1.24512 0.980957 -1.0039 0.980957 -1.0039 0.999023 -1.24512 0.999023 -1.0039 0.999023 -1.0039 0.999023 -1.24512 0.980957 -1.0039 0.005748 -1.54053 0.001383 -1.56445 0.021759 -1.62061 0.027343 -1.52588 0.021759 -1.62061 0.038299 -1.55957 0.081665 -1.64063 0.081787 -1.77441 0.105286 -1.67627 0.447998 -1.97266 0.363525 -1.99512 0.463867 -1.99512 0.447998 -1.97266 0.463867 -1.99512 0.363525 -1.99512 0.468506 -1.04352 0.436523 -1.00645 0.486816 -1.00645 0.933105 -1.50928 0.912109 -1.50928 0.912109 -1.55225 0.933105 -1.55225 0.933105 -1.50928 0.912109 -1.50928 0.912109 -1.55225 0.933105 -1.55225 0.933105 -1.50928 0.912109 -1.50928 0.912109 -1.55225 0.933105 -1.55225 0.933105 -1.50928 0.912109 -1.50928 0.912109 -1.55225 0.933105 -1.55225 0.933105 -1.50928 0.912109 -1.50928 0.912109 -1.55225 0.933105 -1.55225 0.933105 -1.50928 0.912109 -1.50928 0.912109 -1.55225 0.933105 -1.55225 0.856934 -1.66846 0.838379 -1.60986 0.783691 -1.66846 0.802734 -1.60986 0.838379 -1.60986 0.856934 -1.66846 0.783691 -1.66846 0.802734 -1.60986 0.838379 -1.60986 0.856934 -1.66846 0.783691 -1.66846 0.802734 -1.60986 0.856934 -1.66846 0.838379 -1.60986 0.783691 -1.66846 0.802734 -1.60986 0.59082 -1.99561 0.551758 -1.99561 0.59082 -1.94336 0.551758 -1.94336 0.512695 -1.99561 0.512695 -1.94336 0.473633 -1.99561 0.473633 -1.94336 0.551758 -1.94336 0.59082 -1.99561 0.59082 -1.94336 0.551758 -1.99561 0.512695 -1.94336 0.512695 -1.99561 0.473633 -1.94336 0.473633 -1.99561 0.850098 -1.77783 0.819824 -1.75098 0.819824 -1.77783 0.790039 -1.77783 0.790039 -1.75098 0.758301 -1.77783 0.758301 -1.75098 0.790039 -1.77783 0.758301 -1.77783 0.790039 -1.75098 0.819824 -1.77783 0.819824 -1.75098 0.850098 -1.77783 0.850098 -1.75098 0.430176 -1.49463 0.437744 -1.54785 0.372314 -1.49805 0.36499 -1.55225 0.433594 -1.60107 0.364746 -1.60645 0.417236 -1.66162 0.398438 -1.68213 0.439453 -1.62305 0.463867 -1.64014 0.455078 -1.65723 0.464111 -1.6709 0.427734 -1.69531 0.426758 -1.70654 0.256836 -1.67334 0.223999 -1.68359 0.22168 -1.67334 0.235107 -1.60107 0.260254 -1.59521 0.291016 -1.67578 0.19751 -1.61035 0.227173 -1.62451 0.325195 -1.66309 0.320313 -1.59814 0.34375 -1.60645 0.357178 -1.65137 0.240356 -1.54785 0.248535 -1.49463 0.259277 -1.54346 0.261719 -1.48169 0.317139 -1.54932 0.286621 -1.59277 0.333252 -1.55225 0.311523 -1.49805 0.268311 -1.45581 0.430176 -1.73877 0.372314 -1.74219 0.437744 -1.79199 0.36499 -1.79639 0.364746 -1.85059 0.433594 -1.84521 0.417236 -1.90576 0.439453 -1.86719 0.463867 -1.88428 0.455078 -1.90137 0.464111 -1.91504 0.398438 -1.92627 0.368652 -1.9043 0.227173 -1.86865 0.22168 -1.91699 0.256836 -1.91748 0.207397 -1.83545 0.19751 -1.854 0.235107 -1.84521 0.260254 -1.83936 0.240356 -1.79199 0.259277 -1.7876 0.248535 -1.73877 0.261719 -1.72559 0.286621 -1.83691 0.317139 -1.79346 0.311523 -1.74219 0.268311 -1.69971 0.320313 -1.84229 0.291016 -1.91992 0.333252 -1.79639 0.34375 -1.85059 0.742676 -1.93115 0.716797 -1.87646 0.71875 -1.93555 0.745117 -1.99854 0.719727 -1.99854 0.6875 -1.99854 0.674805 -1.93994 0.647949 -1.99854 0.683105 -1.87646 0.65332 -1.89941 0.632813 -1.9375 0.622559 -1.99854 0.602539 -1.93066 0.602051 -1.99854 0.657227 -1.87646 0.617188 -1.89941 0.742676 -1.93115 0.716797 -1.87646 0.740723 -1.87646 0.71875 -1.93555 0.683105 -1.87646 0.674805 -1.93994 0.65332 -1.89941 0.745117 -1.99854 0.719727 -1.99854 0.6875 -1.99854 0.647949 -1.99854 0.632813 -1.9375 0.617188 -1.89941 0.602539 -1.93066 0.622559 -1.99854 0.602051 -1.99854 0.879395 -1.57959 0.88916 -1.54443 0.858887 -1.57715 0.857422 -1.50928 0.8125 -1.54932 0.83252 -1.58936 0.817383 -1.57813 0.87793 -1.51123 0.831055 -1.50293 0.815918 -1.51709 0.776367 -1.58154 0.776367 -1.54297 0.740234 -1.58154 0.740234 -1.54297 0.742676 -1.93115 0.71875 -1.93555 0.716797 -1.87646 0.674805 -1.93994 0.683105 -1.87646 0.65332 -1.89941 0.657227 -1.87646 0.745117 -1.99854 0.719727 -1.99854 0.6875 -1.99854 0.647949 -1.99854 0.632813 -1.9375 0.617188 -1.89941 0.602539 -1.93066 0.622559 -1.99854 0.602051 -1.99854 0.742676 -1.93115 0.740723 -1.87646 0.716797 -1.87646 0.71875 -1.93555 0.745117 -1.99854 0.719727 -1.99854 0.674805 -1.93994 0.6875 -1.99854 0.647949 -1.99854 0.683105 -1.87646 0.65332 -1.89941 0.632813 -1.9375 0.622559 -1.99854 0.602539 -1.93066 0.602051 -1.99854 0.617188 -1.89941 0.879395 -1.57959 0.858887 -1.57715 0.88916 -1.54443 0.857422 -1.50928 0.87793 -1.51123 0.8125 -1.54932 0.831055 -1.50293 0.815918 -1.51709 0.83252 -1.58936 0.817383 -1.57813 0.776367 -1.58154 0.740234 -1.58154 0.776367 -1.54297 0.740234 -1.54297 0.452148 -1.54492 0.451172 -1.59033 0.539063 -1.59033 0.479248 -1.53076 0.462158 -1.51367 0.481934 -1.48145 0.459229 -1.4624 0.495605 -1.41577 0.113831 -1.36572 0.074096 -1.4043 0.084167 -1.36353 0.137451 -1.37964 0.122803 -1.42383 0.155151 -1.2937 0.130005 -1.29321 0.055786 -1.37158 0.028701 -1.37842 0.045013 -1.33765 0.075073 -1.32446 0.108948 -1.31201 0.037597 -1.41992 0.004524 -1.39087 0.022598 -1.34839 0.031097 -1.29907 0.062439 -1.28955 0.091186 -1.28174 0.004524 -1.35791 0.004524 -1.30298 0.016922 -1.25366 0.042907 -1.25244 0.071899 -1.24792 0.097168 -1.24072 0.139038 -1.22473 0.161499 -1.2771 0.004524 -1.25171 0.015457 -1.20923 0.035308 -1.22192 0.053009 -1.2312 0.073059 -1.22522 0.098388 -1.20923 0.004524 -1.20422 0.017242 -1.16614 0.027023 -1.19861 0.052307 -1.19775 0.075317 -1.19739 0.098571 -1.16626 0.004524 -1.16333 0.023101 -1.12445 0.034454 -1.1731 0.051544 -1.16223 0.075439 -1.16504 0.004524 -1.12512 0.004524 -1.07013 0.041748 -1.06897 0.045898 -1.12244 0.074768 -1.12164 0.102783 -1.1087 0.141846 -1.15613 0.032257 -1.00997 0.069335 -1.02966 0.073364 -1.07507 0.004524 -1.01863 0.169189 -1.14758 0.183716 -1.23096 0.188965 -1.17285 0.387207 -1.20374 0.429443 -1.23975 0.396973 -1.1814 0.402588 -1.14429 0.416016 -1.09979 0.445313 -1.11414 0.447754 -1.04309 0.45752 -1.16736 0.477783 -1.30664 0.477539 -1.34937 0.498047 -1.35474 0.458984 -1.37036 0.460205 -1.31226 0.438477 -1.37036 0.406982 -1.31079 0.4021 -1.35059 0.399414 -1.37061 0.343506 -1.30737 0.459473 -1.28394 0.407959 -1.29224 0.464355 -1.24646 0.446777 -1.24377 0.427246 -1.26147 0.401367 -1.25293 0.343506 -1.27881 0.021759 -1.62061 0.027343 -1.52588 0.005748 -1.54053 0.004608 -1.50586 0.686523 -1.04111 0.709961 -1.00716 0.685547 -1.00085 0.64209 -1.0153 0.678711 -1.08221 0.701172 -1.05447 0.638672 -1.07056 0.680664 -1.12488 0.669922 -1.16296 0.625488 -1.11041 0.651855 -1.1897 0.668457 -1.21436 0.609375 -1.04153 0.600586 -1.07019 0.604492 -1.1344 0.629395 -1.20776 0.583496 -1.14978 0.605469 -1.22803 0.552734 -1.00138 0.561523 -1.16406 0.586426 -1.24731 0.537598 -1.1803 0.562988 -1.25513 0.571289 -1.53662 0.611816 -1.55371 0.601563 -1.52002 0.592773 -1.56348 0.617188 -1.58301 0.592773 -1.65088 0.575684 -1.65186 0.577148 -1.77783 0.562012 -1.66113 0.558105 -1.57373 0.541504 -1.55615 0.659668 -1.29272 0.700195 -1.39673 0.683594 -1.31543 0.700195 -1.30225 0.529785 -1.13025 0.526367 -1.00645 0.50293 -1.06586 0.486816 -1.00645 0.492432 -1.16638 0.468506 -1.04352 0.436523 -1.00645 0.220459 -1.23694 0.206909 -1.16638 0.207275 -1.20093 0.23999 -1.19177 0.233276 -1.12299 0.196533 -1.08887 0.190552 -1.12927 0.256836 -1.26465 0.271973 -1.20898 0.26709 -1.14001 0.277832 -1.06812 0.239258 -1.06769 0.209351 -1.05478 0.195679 -1.04498 0.305908 -1.26367 0.298828 -1.19055 0.298828 -1.10919 0.311523 -1.05908 0.294434 -1.04291 0.342529 -1.23779 0.320557 -1.16882 0.332031 -1.0954 0.334473 -1.02811 0.362061 -1.07294 0.366943 -1.00274 0.353516 -1.14734 0.394531 -1.10028 0.389893 -1.01382 0.404297 -1.02875 0.370361 -1.18445 0.191528 -1.003 0.216919 -1.02332 0.23938 -1.03601 0.260986 -1.05548 0.692871 -1.19495 0.672852 -1.19812 0.700684 -1.27515 0.700684 -1.14856 0.580566 -1.31592 0.550293 -1.31201 0.570313 -1.34302 0.535156 -1.35254 0.589844 -1.49536 0.50293 -1.27319 0.509277 -1.35327 0.540039 -1.50928 0.530273 -1.28271 0.523438 -1.25024 0.489502 -1.24927 0.519043 -1.21423 0.158203 -1.43164 0.182007 -1.3042 0.159302 -1.31567 0.219482 -1.31079 0.209229 -1.27026 0.230957 -1.26221 0.221313 -1.39038 0.246216 -1.30908 0.216187 -1.43188 0.228271 -1.43408 0.317383 -1.43433 0.309326 -1.40918 0.314209 -1.36011 0.320313 -1.33374 0.29541 -1.30273 0.273926 -1.28076 0.329102 -1.38892 0.343018 -1.43091 0.342041 -1.39819 0.390869 -1.42993 0.383301 -1.37524 0.456543 -1.42993 0.395264 -1.46558 0.348633 -1.46582 0.322266 -1.45898 0.595703 -1.30322 0.615234 -1.28687 0.584473 -1.2644 0.602051 -1.32495 0.615234 -1.39526 0.638184 -1.38647 0.634277 -1.29761 0.646484 -1.26733 0.594727 -1.40454 0.615723 -1.52295 0.681152 -1.396 0.645996 -1.4082 0.645508 -1.37622 0.680664 -1.47998 0.644531 -1.48438 0.670898 -1.55518 0.72168 -1.44482 0.719238 -1.50781 0.690918 -1.55273 0.729004 -1.49561 0.730957 -1.52246 0.713867 -1.54541 0.750488 -1.49121 0.681152 -1.396 0.645508 -1.37622 0.645996 -1.4082 0.680664 -1.47998 0.72168 -1.44482 0.719238 -1.50781 0.750488 -1.49121 0.739258 -1.50879 0.730957 -1.52246 0.644531 -1.48438 0.670898 -1.55518 0.690918 -1.55273 0.713867 -1.54541 0.113831 -1.36572 0.084167 -1.36353 0.074096 -1.4043 0.028701 -1.37842 0.004524 -1.39087 0.037597 -1.41992 0.137451 -1.37964 0.122803 -1.42383 0.155151 -1.2937 0.122864 -1.2937 0.108948 -1.31201 0.075073 -1.32422 0.055786 -1.37158 0.045013 -1.33765 0.022598 -1.34839 0.004524 -1.35791 0.004524 -1.30298 0.091186 -1.28174 0.062439 -1.28955 0.03099 -1.29907 0.016922 -1.25366 0.004524 -1.25171 0.097168 -1.24072 0.071899 -1.24792 0.042907 -1.25244 0.035308 -1.22192 0.015457 -1.20923 0.004524 -1.20422 0.134644 -1.22473 0.098388 -1.20923 0.073059 -1.22522 0.053009 -1.2312 0.161499 -1.2771 0.183716 -1.23096 0.169189 -1.14758 0.141846 -1.15613 0.098571 -1.16626 0.075317 -1.19739 0.052307 -1.19775 0.188965 -1.17285 0.102783 -1.1087 0.074768 -1.12164 0.075439 -1.16504 0.051544 -1.16223 0.034454 -1.1731 0.027023 -1.19861 0.073364 -1.07507 0.045898 -1.12244 0.069335 -1.02966 0.041748 -1.06897 0.023101 -1.12445 0.032257 -1.00997 0.004524 -1.07013 0.004524 -1.12512 0.004524 -1.16333 0.017242 -1.16614 0.004524 -1.01863 0.106628 -1.07977 0.122314 -1.10229 0.11438 -1.07111 0.098449 -1.0506 0.108215 -1.0354 0.098571 -1.02017 0.109802 -1.01095 0.122986 -1.0204 0.106628 -1.07977 0.11438 -1.07111 0.122314 -1.10229 0.098449 -1.0506 0.108215 -1.0354 0.098571 -1.02017 0.109802 -1.01095 0.088134 -1.59375 0.102783 -1.61182 0.096069 -1.50537 0.05722 -1.58252 0.041534 -1.54004 0.043884 -1.50537 0.182617 -1.55664 0.182861 -1.50732 0.119202 -1.50684 0.167358 -1.61377 0.137451 -1.64648 0.112183 -1.63379 0.14624 -1.4939 0.183838 -1.4563 0.18396 -1.4939 0.211182 -1.4939 0.211182 -1.4563 0.18396 -1.4939 0.14624 -1.4939 0.183838 -1.4563 0.14502 -1.4563 0.111755 -1.4939 0.111755 -1.4563 0.001797 -1.72705 0.063964 -1.7207 0.034271 -1.66357 0.001797 -1.68311 0.001797 -1.79883 0.043853 -1.79736 0.001797 -1.8999 0.185669 -1.71484 0.13269 -1.71094 0.185669 -1.78809 0.159668 -1.67578 0.185669 -1.68408 0.001797 -1.72705 0.034271 -1.66357 0.063964 -1.7207 0.001797 -1.68311 0.001797 -1.79883 0.043853 -1.79736 0.001797 -1.8999 0.185669 -1.71484 0.185669 -1.78809 0.13269 -1.71094 0.159668 -1.67578 0.185669 -1.68408 0.719727 -1.79395 0.696289 -1.76318 0.696289 -1.79736 0.69873 -1.86426 0.672363 -1.79688 0.992676 -1.54834 0.986328 -1.62012 0.998535 -1.62012 0.998535 -1.99658 0.986328 -1.99658 0.979004 -1.62012 0.921875 -1.64404 0.979004 -1.54834 0.93457 -1.92236 0.926758 -1.92725 0.921875 -1.99658 0.895996 -1.99658 0.895996 -1.63672 0.895996 -1.54834 0.942871 -1.92725 0.979004 -1.99658 0.942871 -1.9375 0.942871 -1.96436 0.93457 -1.94238 0.93457 -1.95898 0.926758 -1.9375 0.942871 -1.97412 0.93457 -1.97949 0.926758 -1.97412 0.926758 -1.96436 0.979004 -1.54834 0.921875 -1.64404 0.979004 -1.62012 0.93457 -1.92236 0.942871 -1.92725 0.979004 -1.99658 0.926758 -1.92725 0.921875 -1.99658 0.926758 -1.9375 0.926758 -1.96436 0.93457 -1.95898 0.93457 -1.94238 0.942871 -1.9375 0.895996 -1.99658 0.895996 -1.63672 0.895996 -1.54834 0.942871 -1.96436 0.942871 -1.97412 0.93457 -1.97949 0.926758 -1.97412 0.997559 -1.47144 0.97998 -1.44385 0.997559 -1.44385 0.97998 -1.47144 0.997559 -1.49902 0.97998 -1.49902 0.997559 -1.52686 0.97998 -1.52686 0.97998 -1.44385 0.97998 -1.47144 0.997559 -1.44385 0.997559 -1.47144 0.97998 -1.49902 0.997559 -1.49902 0.97998 -1.52686 0.997559 -1.52686 0.997559 -1.44385 0.997559 -1.47144 0.97998 -1.44385 0.97998 -1.47144 0.997559 -1.49902 0.97998 -1.49902 0.997559 -1.52686 0.97998 -1.52686 0.97998 -1.44385 0.97998 -1.47144 0.997559 -1.44385 0.997559 -1.47144 0.97998 -1.49902 0.997559 -1.49902 0.97998 -1.52686 0.997559 -1.52686 0.86084 -1.63574 0.874512 -1.99463 0.86084 -1.99463 0.874512 -1.63574 0.888672 -1.99463 0.888672 -1.63574 0.888672 -1.99463 0.888672 -1.63574 0.874512 -1.99463 0.874512 -1.63574 0.86084 -1.63574 0.86084 -1.99463 0.941406 -1.55078 0.962402 -1.5083 0.941406 -1.5083 0.962402 -1.55078 0.757324 -1.85254 0.851563 -1.9043 0.851563 -1.85254 0.757324 -1.9043 0.778809 -1.66162 0.75293 -1.73877 0.778809 -1.73877 0.75293 -1.66162 0.75293 -1.73877 0.778809 -1.66162 0.75293 -1.66162 0.778809 -1.73877 0.757324 -1.78613 0.851563 -1.83789 0.851563 -1.78613 0.757324 -1.83789 0.757324 -1.99268 0.851563 -1.91602 0.757324 -1.91602 0.851563 -1.99268 0.757324 -1.91602 0.851563 -1.99268 0.851563 -1.91602 0.757324 -1.99268 0.980957 -1.0039 0.999023 -1.24512 0.999023 -1.0039 0.999023 -1.0039 0.999023 -1.24512 0.980957 -1.0039 0.980957 -1.0039 0.999023 -1.24512 0.999023 -1.0039 0.999023 -1.0039 0.999023 -1.24512 0.980957 -1.0039 0.980957 -1.0039 0.999023 -1.24512 0.999023 -1.0039 0.999023 -1.0039 0.999023 -1.24512 0.980957 -1.0039 0.980957 -1.0039 0.999023 -1.24512 0.999023 -1.0039 0.999023 -1.0039 0.999023 -1.24512 0.980957 -1.0039 0.980957 -1.0039 0.999023 -1.24512 0.999023 -1.0039 0.999023 -1.0039 0.999023 -1.24512 0.980957 -1.0039 0.980957 -1.0039 0.999023 -1.24512 0.999023 -1.0039 0.999023 -1.0039 0.999023 -1.24512 0.980957 -1.0039 0.980957 -1.0039 0.999023 -1.24512 0.999023 -1.0039 0.999023 -1.0039 0.999023 -1.24512 0.980957 -1.0039 0.980957 -1.0039 0.999023 -1.24512 0.999023 -1.0039 0.999023 -1.0039 0.999023 -1.24512 0.980957 -1.0039 0.980957 -1.0039 0.999023 -1.24512 0.999023 -1.0039 0.999023 -1.0039 0.999023 -1.24512 0.980957 -1.0039 0.980957 -1.0039 0.999023 -1.24512 0.999023 -1.0039 0.999023 -1.0039 0.999023 -1.24512 0.980957 -1.0039 0.980957 -1.0039 0.999023 -1.24512 0.999023 -1.0039 0.999023 -1.0039 0.999023 -1.24512 0.980957 -1.0039 0.980957 -1.0039 0.999023 -1.24512 0.999023 -1.0039 0.999023 -1.0039 0.999023 -1.24512 0.980957 -1.0039 0.109924 -1.76367 0.115601 -1.67822 0.121277 -1.76367 0.109924 -1.76367 0.115601 -1.67822 0.121277 -1.76367 0.109924 -1.76367 0.115601 -1.67822 0.121277 -1.76367 0.109924 -1.76367 0.115601 -1.67822 0.121277 -1.76367 0.109924 -1.76367 0.115601 -1.67822 0.121277 -1.76367 0.109924 -1.76367 0.115601 -1.67822 0.121277 -1.76367 0.850098 -1.75098 0.758301 -1.75098 0.933105 -1.50928 0.912109 -1.50928 0.912109 -1.55225 0.933105 -1.55225 0.933105 -1.50928 0.912109 -1.50928 0.912109 -1.55225 0.933105 -1.55225 0.933105 -1.50928 0.912109 -1.50928 0.912109 -1.55225 0.933105 -1.55225 0.933105 -1.50928 0.912109 -1.50928 0.912109 -1.55225 0.933105 -1.55225 0.933105 -1.50928 0.912109 -1.50928 0.912109 -1.55225 0.933105 -1.55225 0.933105 -1.50928 0.912109 -1.50928 0.912109 -1.55225 0.933105 -1.55225 0.856934 -1.66846 0.838379 -1.60986 0.783691 -1.66846 0.802734 -1.60986 0.838379 -1.60986 0.856934 -1.66846 0.783691 -1.66846 0.802734 -1.60986 0.838379 -1.60986 0.856934 -1.66846 0.783691 -1.66846 0.802734 -1.60986 0.856934 -1.66846 0.838379 -1.60986 0.783691 -1.66846 0.802734 -1.60986 0.59082 -1.99561 0.551758 -1.99561 0.59082 -1.94336 0.551758 -1.94336 0.512695 -1.99561 0.512695 -1.94336 0.473633 -1.99561 0.473633 -1.94336 0.551758 -1.94336 0.59082 -1.99561 0.59082 -1.94336 0.551758 -1.99561 0.512695 -1.94336 0.512695 -1.99561 0.473633 -1.94336 0.473633 -1.99561 0.454834 -1.75439 0.470947 -1.67725 0.484619 -1.78027 0.505371 -1.7041 0.51416 -1.78076 0.536133 -1.6875 0.538086 -1.76123 0.55127 -1.68604 0.502441 -1.61475 0.525879 -1.61426 0.741699 -1.08612 0.73291 -1.00135 0.721191 -1.04739 0.755371 -1.09113 0.779297 -1.0509 0.788574 -1.00135 0.454834 -1.75439 0.484619 -1.78027 0.470947 -1.67725 0.505371 -1.7041 0.502441 -1.61475 0.525879 -1.61426 0.536133 -1.6875 0.51416 -1.78076 0.538086 -1.76123 0.55127 -1.68604 0.755371 -1.09113 0.741699 -1.08612 0.73291 -1.00135 0.779297 -1.0509 0.788574 -1.00135 0.807617 -1.54053 0.785645 -1.54053 0.785645 -1.58496 0.807617 -1.58496 0.779297 -1.64502 0.765625 -1.64502 0.779297 -1.59961 0.765625 -1.59961 0.751953 -1.64502 0.751953 -1.59961 0.765625 -1.59961 0.779297 -1.64502 0.779297 -1.59961 0.765625 -1.64502 0.751953 -1.59961 0.751953 -1.64502 0.807617 -1.54053 0.785645 -1.54053 0.785645 -1.58496 0.807617 -1.58496 0.779297 -1.64502 0.765625 -1.64502 0.779297 -1.59961 0.765625 -1.59961 0.751953 -1.64502 0.751953 -1.59961 0.765625 -1.59961 0.779297 -1.64502 0.779297 -1.59961 0.765625 -1.64502 0.751953 -1.59961 0.751953 -1.64502 0.807617 -1.54053 0.785645 -1.54053 0.785645 -1.58496 0.807617 -1.58496 0.779297 -1.64502 0.765625 -1.64502 0.779297 -1.59961 0.765625 -1.59961 0.751953 -1.64502 0.751953 -1.59961 0.765625 -1.59961 0.779297 -1.64502 0.779297 -1.59961 0.765625 -1.64502 0.751953 -1.59961 0.751953 -1.64502 0.315918 -1.93945 0.29834 -1.93945 0.315918 -1.99854 0.265381 -1.93945 0.232544 -1.93945 0.23877 -1.99854 0.19519 -1.93945 0.19519 -1.99854 0.368652 -1.66016 0.207397 -1.59131 0.096801 -1.49438 0.064453 -1.49438 0.096801 -1.44214 0.064453 -1.44214 0.033721 -1.49438 0.033721 -1.44214 0.002691 -1.44214 0.002691 -1.49438 0.002691 -1.44214 0.002691 -1.49438 0.033721 -1.49438 0.033721 -1.44214 0.064453 -1.49438 0.064453 -1.44214 0.096801 -1.44214 0.096801 -1.49438 0.427734 -1.93945 0.426758 -1.95068 0.223999 -1.92773 0.325195 -1.90674 0.357178 -1.89502 0.80127 -1.74023 0.855957 -1.67969 0.784668 -1.67969 0.84082 -1.74023 0.740723 -1.87646 0.657227 -1.87646 0.855957 -1.67969 0.84082 -1.74023 0.784668 -1.67969 0.80127 -1.74023 0.84082 -1.74023 0.855957 -1.67969 0.784668 -1.67969 0.80127 -1.74023 0.554199 -1.8623 0.59082 -1.93115 0.59082 -1.8623 0.556152 -1.93115 0.517578 -1.93115 0.515137 -1.8623 0.47998 -1.93115 0.480957 -1.8623 0.59082 -1.8623 0.59082 -1.93115 0.554199 -1.8623 0.556152 -1.93115 0.517578 -1.93115 0.515137 -1.8623 0.47998 -1.93115 0.480957 -1.8623 0.80127 -1.74023 0.855957 -1.67969 0.84082 -1.74023 0.784668 -1.67969 0.831543 -1.00589 0.797852 -1.00358 0.797852 -1.06015 0.836426 -1.05658 0.874023 -1.01345 0.873047 -1.05466 0.800781 -1.09766 0.871582 -1.09528 0.830566 -1.11383 0.918945 -1.06946 0.976074 -1.07825 0.926758 -1.01988 0.976074 -1.02487 0.790527 -1.08978 0.749023 -1.12976 0.77002 -1.24353 0.814453 -1.24927 0.866211 -1.24536 0.91748 -1.12927 0.706543 -1.31494 0.706543 -1.15771 0.772949 -1.31006 0.817383 -1.31128 0.861328 -1.30347 0.715332 -1.38403 0.783691 -1.36646 0.819824 -1.35693 0.858398 -1.36353 0.912109 -1.3562 0.918945 -1.29492 0.759277 -1.44897 0.796875 -1.42041 0.826172 -1.41748 0.856445 -1.41235 0.897949 -1.42065 0.804688 -1.46436 0.830078 -1.45459 0.857422 -1.4585 0.884277 -1.46606 0.923828 -1.4353 0.78125 -1.49048 0.907715 -1.47998 0.929199 -1.49048 0.947754 -1.44897 0.995117 -1.38403 0.951172 -1.36694 0.95752 -1.30103 0.922852 -1.23889 0.998535 -1.31494 0.947754 -1.14038 0.974609 -1.13513 0.980469 -1.13171 0.80127 -1.74023 0.784668 -1.67969 0.855957 -1.67969 0.84082 -1.74023 0.740723 -1.87646 0.657227 -1.87646 0.855957 -1.67969 0.784668 -1.67969 0.84082 -1.74023 0.80127 -1.74023 0.84082 -1.74023 0.784668 -1.67969 0.855957 -1.67969 0.80127 -1.74023 0.554199 -1.8623 0.59082 -1.8623 0.59082 -1.93115 0.556152 -1.93115 0.517578 -1.93115 0.515137 -1.8623 0.47998 -1.93115 0.480957 -1.8623 0.59082 -1.8623 0.554199 -1.8623 0.59082 -1.93115 0.556152 -1.93115 0.517578 -1.93115 0.515137 -1.8623 0.47998 -1.93115 0.480957 -1.8623 0.80127 -1.74023 0.84082 -1.74023 0.855957 -1.67969 0.784668 -1.67969 0.831543 -1.00589 0.797852 -1.06015 0.797852 -1.00358 0.836426 -1.05658 0.800781 -1.09766 0.790527 -1.08978 0.874023 -1.01345 0.873047 -1.05466 0.871582 -1.09528 0.830566 -1.11383 0.918945 -1.06946 0.91748 -1.12927 0.866211 -1.24536 0.814453 -1.24927 0.976074 -1.07825 0.926758 -1.01988 0.947754 -1.14038 0.922852 -1.23889 0.918945 -1.29492 0.861328 -1.30347 0.976074 -1.02487 0.78125 -1.49048 0.759277 -1.44897 0.804688 -1.46436 0.796875 -1.42041 0.830078 -1.45459 0.826172 -1.41748 0.856445 -1.41235 0.857422 -1.4585 0.783691 -1.36646 0.819824 -1.35693 0.858398 -1.36353 0.897949 -1.42065 0.884277 -1.46606 0.715332 -1.38403 0.772949 -1.31006 0.817383 -1.31128 0.912109 -1.3562 0.923828 -1.4353 0.907715 -1.47998 0.929199 -1.49048 0.706543 -1.31494 0.77002 -1.24353 0.749023 -1.12976 0.706543 -1.15771 0.947754 -1.44897 0.995117 -1.38403 0.951172 -1.36694 0.998535 -1.31494 0.95752 -1.30103 0.974609 -1.13513 0.980469 -1.13171 0.074096 -1.41528 0.037597 -1.43091 0.122803 -1.43677 0.152344 -1.42383 0.152344 -1.43677 0.650391 -1.55273 0.650391 -1.55273 0.152344 -1.42383 0.122803 -1.43677 0.152344 -1.43677 0.074096 -1.41528 0.037597 -1.43091 0.354248 -1.67334 0.329834 -1.76074 0.325439 -1.68555 0.354248 -1.78857 0.354248 -1.67334 0.329834 -1.76074 0.354248 -1.78857 0.325439 -1.68555 0.211182 -1.4563 0.211182 -1.4939 0.14502 -1.4563 0.111755 -1.4563 0.111755 -1.4939 0.076232 -1.83105 0.073364 -1.79102 0.040649 -1.9126 0.078308 -1.91211 0.103271 -1.81738 0.128906 -1.91455 0.042877 -1.99902 0.080444 -1.99902 0.185669 -1.91699 0.130737 -1.77832 0.129517 -1.99902 0.185669 -1.99902 0.040649 -1.9126 0.042877 -1.99902 0.076232 -1.83105 0.073364 -1.79102 0.078308 -1.91211 0.080444 -1.99902 0.103271 -1.81738 0.128906 -1.91455 0.185669 -1.91699 0.129517 -1.99902 0.130737 -1.77832 0.185669 -1.99902 0.564941 -1.80029 0.587402 -1.80029 0.591309 -1.84424 0.566895 -1.84424 0.544434 -1.80029 0.544434 -1.84424 0.520996 -1.80029 0.520508 -1.84424 0.496826 -1.80029 0.496338 -1.84424 0.476807 -1.84424 0.478271 -1.80029 0.453857 -1.84424 0.456055 -1.80029 0.739258 -1.79053 0.716309 -1.79053 0.743652 -1.69336 0.745117 -1.65967 0.718262 -1.63135 0.695801 -1.79053 0.717773 -1.67969 0.696777 -1.65234 0.697266 -1.68994 0.672852 -1.71484 0.672852 -1.66553 0.672363 -1.61377 0.695313 -1.61084 0.672852 -1.79053 0.647461 -1.7417 0.648438 -1.79053 0.629883 -1.74072 0.648438 -1.69092 0.598633 -1.66113 0.625 -1.68213 0.600098 -1.69482 0.60791 -1.79053 0.629883 -1.79053 0.739258 -1.74121 0.743652 -1.69336 0.716309 -1.74609 0.717285 -1.7583 0.743652 -1.78906 0.696777 -1.65234 0.697266 -1.70313 0.717773 -1.69287 0.695801 -1.75146 0.748535 -1.86426 0.695313 -1.61084 0.672363 -1.61377 0.672852 -1.66553 0.672852 -1.71484 0.672852 -1.75879 0.647461 -1.7417 0.648438 -1.7627 0.629883 -1.74072 0.648438 -1.69092 0.629883 -1.76221 0.646484 -1.86426 0.60791 -1.74121 0.625 -1.68213 0.60498 -1.78906 0.62207 -1.86426 0.595703 -1.86426 0.672363 -1.86426 0.555664 -1.76416 0.720215 -1.00135 0.555664 -1.76416 0.721191 -1.04739 0.720215 -1.00135 0.356445 -1.99854 0.356445 -1.93945 0.281494 -1.99854 0.746582 -1.11725 0.706543 -1.14075 0.746582 -1.11725 0.706543 -1.14075 0.228882 -1.69971 0.194092 -1.80469 0.194092 -1.68506 0.217896 -1.79541 0.2323 -1.7627 0.070434 -1.64941 0.048461 -1.60156 0.001797 -1.99902 0.134766 -1.65674 0.228882 -1.69971 0.194092 -1.68506 0.194092 -1.80469 0.217896 -1.79541 0.2323 -1.7627 0.070434 -1.64941 0.048461 -1.60156 0.001797 -1.99902 0.134766 -1.65674 0.70459 -1.58594 0.67334 -1.56543 0.647461 -1.57813 0.647461 -1.62744 0.626465 -1.61914 0.745117 -1.65967 0.718262 -1.63135 0.70459 -1.58594 0.67334 -1.56543 0.647461 -1.57813 0.647461 -1.62744 0.626465 -1.61914 0.598633 -1.66113 0.600098 -1.69482 0.723633 -1.86426</float_array>
          <technique_common>
            <accessor source="#GeometrySource2-array" count="1398" stride="2">
              <param name="S" type="float"/>
              <param name="T" type="float"/>
            </accessor>
          </technique_common>
        </source>
        <source id="GeometrySource3" name="m8279b0001 Part 0.0Clr">
          <float_array id="GeometrySource3-array" count="5592">1 1 0.34902 1 1 1 0 1 1 1 0.34902 1 1 1 0.34902 1 1 1 0 1 1 1 0.34902 1 1 1 0.34902 1 1 1 0 1 1 1 0.34902 1 1 1 0.34902 1 1 1 0 1 1 1 0.34902 1 1 1 0.34902 1 1 1 0 1 1 1 0.34902 1 1 1 0.34902 1 1 1 0 1 1 1 0.34902 1 1 1 0.34902 1 1 1 0 1 1 1 0.34902 1 1 1 0.34902 1 1 1 0 1 1 1 0.34902 1 1 1 0.34902 1 1 1 0 1 1 1 0.34902 1 1 1 0.34902 1 1 1 0 1 1 1 0.34902 1 1 1 0.34902 1 1 1 0 1 1 1 0.34902 1 1 1 0.34902 1 1 1 0 1 1 1 0.34902 1 1 1 0.34902 1 1 1 0 1 1 1 0.34902 1 1 1 0.34902 1 1 1 0 1 1 1 0.34902 1 1 1 0.34902 1 1 1 0 1 1 1 0.34902 1 1 1 0.34902 1 1 1 0 1 1 1 0.34902 1 1 1 0.34902 1 1 1 0 1 1 1 0.34902 1 1 1 0.34902 1 1 1 0 1 1 1 0.34902 1 1 1 0.34902 1 1 1 0 1 1 1 0.34902 1 1 1 0.34902 1 1 1 0 1 1 1 0.34902 1 1 1 0.34902 1 1 1 0 1 1 1 0.34902 1 1 1 0.34902 1 1 1 0 1 1 1 0.34902 1 1 1 0.34902 1 1 1 0 1 1 1 0.34902 1 1 1 0.34902 1 1 1 0 1 1 1 0.34902 1 1 1 0.047058 1 1 1 0.047058 1 1 1 0.14902 1 1 1 0.047058 1 1 1 0.14902 1 1 1 0.047058 1 1 1 0.047058 1 1 1 0.047058 1 1 1 0.047058 1 1 1 0.047058 1 1 1 0.047058 1 1 1 0.047058 1 1 1 0.047058 1 1 1 0.047058 1 1 1 0.047058 1 1 1 0.047058 1 1 1 0.047058 1 1 1 0.047058 1 1 1 0.34902 1 1 1 0.34902 1 1 1 0.34902 1 1 1 0.34902 1 1 1 0.34902 1 1 1 0.34902 1 1 1 0.34902 1 1 1 0.34902 1 1 1 0.34902 1 1 1 0.34902 1 1 1 0.34902 1 1 1 0.34902 1 1 1 0.34902 1 1 1 0.34902 1 1 1 0.34902 1 1 1 0.34902 1 1 1 0.34902 1 1 1 0.34902 1 1 1 0.34902 1 1 1 0.34902 1 1 1 0.34902 1 1 1 0.34902 1 1 1 0.34902 1 1 1 0.34902 1 1 1 0.14902 1 1 1 0.34902 1 1 1 0.14902 1 1 1 0.34902 1 1 1 0.34902 1 1 1 0.14902 1 1 1 0.14902 1 1 1 0.34902 1 1 1 0.34902 1 1 1 0.14902 1 1 1 0.34902 1 1 1 0.34902 1 1 1 0.14902 1 1 1 0.34902 1 1 1 0.34902 1 1 1 0.34902 1 1 1 0.14902 1 1 1 0.34902 1 1 1 0.14902 1 1 1 0.34902 1 1 1 0.34902 1 1 1 0.34902 1 1 1 0.34902 1 1 1 0.14902 1 1 1 0.34902 1 1 1 0.14902 1 1 1 0.14902 1 1 1 0.34902 1 1 1 0.34902 1 1 1 0.34902 1 1 1 0.14902 1 1 1 0.34902 1 1 1 0.14902 1 1 1 0.14902 1 1 1 0.14902 1 1 1 0.14902 1 1 1 0.14902 1 1 1 0.14902 1 1 1 0.14902 1 1 1 0.14902 1 1 1 0.14902 1 1 1 0.14902 1 1 1 0.14902 1 1 1 0.14902 1 1 1 0.14902 1 1 1 0.14902 1 1 1 0.247059 1 1 1 0.047058 1 1 1 0.247059 1 1 1 0.047058 1 1 1 0.047058 1 1 1 0.047058 1 1 1 0.047058 1 1 1 0.047058 1 1 1 0.047058 1 1 1 0.247059 1 1 1 0.247059 1 1 1 0.247059 1 1 1 0.047058 1 1 1 0.047058 1 1 1 0.047058 1 1 1 0.047058 1 1 1 0.047058 1 1 1 0.047058 1 1 1 0.14902 1 1 1 0.047058 1 1 1 0.247059 1 1 1 0.047058 1 1 1 0.047058 1 1 1 0.14902 1 1 1 0.047058 1 1 1 0.047058 1 1 1 0.047058 1 1 1 0.247059 1 1 1 0.047058 1 1 1 0.247059 1 1 1 0.047058 1 1 1 0.14902 1 1 1 0.047058 1 1 1 0.247059 1 1 1 0.247059 1 1 1 0.047058 1 1 1 0.047058 1 1 1 0.047058 1 1 1 0.047058 1 1 1 0.047058 1 1 1 0.047058 1 1 1 0.047058 1 1 1 0.047058 1 1 1 0.047058 1 1 1 0.047058 1 1 1 0.047058 1 1 1 0.047058 1 1 1 0.047058 1 1 1 0.047058 1 1 1 0.047058 1 1 1 0.047058 1 1 1 0.047058 1 1 1 0.047058 1 1 1 0.047058 1 1 1 0.14902 1 1 1 0.047058 1 1 1 0.047058 1 1 1 0.047058 1 1 1 0.047058 1 1 1 0.14902 1 1 1 0.047058 1 1 1 0.047058 1 1 1 0.047058 1 1 1 0.14902 1 1 1 0.047058 1 1 1 0.047058 1 1 1 0.047058 1 1 1 0.047058 1 1 1 0.047058 1 1 1 0.047058 1 1 1 0.047058 1 1 1 0.047058 1 1 1 0.047058 1 1 1 0.047058 1 1 1 0.047058 1 1 1 0.047058 1 1 1 0.047058 1 1 1 0.047058 1 1 1 0.047058 1 1 1 0.047058 1 1 1 0.047058 1 1 1 0.047058 1 1 1 0.047058 1 1 1 0.047058 1 1 1 0.047058 1 1 1 0.047058 1 1 1 0.047058 1 1 1 0.047058 1 1 1 0.047058 1 1 1 0.047058 1 1 1 0.047058 1 1 1 0.047058 1 1 1 0.047058 1 1 1 0.047058 1 1 1 0.047058 1 1 1 0.047058 1 1 1 0.047058 1 1 1 0.047058 1 1 1 0.047058 1 1 1 0.047058 1 1 1 0.047058 1 1 1 0.047058 1 1 1 0.047058 1 1 1 0.047058 1 1 1 0.047058 1 1 1 0.047058 1 1 1 0.047058 1 1 1 0.047058 1 1 1 0.047058 1 1 1 0.447059 1 1 1 0.447059 1 1 1 0.047058 1 1 1 0.047058 1 1 1 0.047058 1 1 1 0.047058 1 1 1 0.047058 1 1 1 0.047058 1 1 1 0.047058 1 1 1 0.047058 1 1 1 0.047058 1 1 1 0.047058 1 1 1 0.047058 1 1 1 0.047058 1 1 1 0.047058 1 1 1 0.047058 1 1 1 0.047058 1 1 1 0.047058 1 1 1 0.047058 1 1 1 0.047058 1 1 1 0.047058 1 1 1 0.047058 1 1 1 0.047058 1 1 1 0.047058 1 1 1 0.047058 1 1 1 0.047058 1 1 1 0.047058 1 1 1 0.047058 1 1 1 0.047058 1 1 1 0.047058 1 1 1 0.047058 1 1 1 0.047058 1 1 1 0.047058 1 1 1 0.047058 1 1 1 0.047058 1 1 1 0.047058 1 1 1 0.047058 1 1 1 0.047058 1 1 1 0.047058 1 1 1 0.047058 1 1 1 0.047058 1 1 1 0.047058 1 1 1 0.047058 1 1 1 0.047058 1 1 1 0.047058 1 1 1 0.047058 1 1 1 0.447059 1 1 1 0.047058 1 1 1 0.447059 1 1 1 0.047058 1 1 1 0.047058 1 1 1 0.047058 1 1 1 0.14902 1 1 1 0.047058 1 1 1 0.047058 1 1 1 0.047058 1 1 1 0.047058 1 1 1 0.047058 1 1 1 0.047058 1 1 1 0.047058 1 1 1 0.047058 1 1 1 0.047058 1 1 1 0.047058 1 1 1 0.047058 1 1 1 0.047058 1 1 1 0.047058 1 1 1 0.047058 1 1 1 0.047058 1 1 1 0.047058 1 1 1 0.047058 1 1 1 0.047058 1 1 1 0.047058 1 1 1 0.047058 1 1 1 0.047058 1 1 1 0.047058 1 1 1 0.047058 1 1 1 0.047058 1 1 1 0.047058 1 1 1 0.047058 1 1 1 0.047058 1 1 1 0.047058 1 1 1 0.047058 1 1 1 0.047058 1 1 1 0.047058 1 1 1 0.047058 1 1 1 0.047058 1 1 1 0.14902 1 1 1 0.14902 1 1 1 0.14902 1 1 1 0.047058 1 1 1 0.047058 1 1 1 0.047058 1 1 1 0.14902 1 1 1 0.54902 1 1 1 0.14902 1 1 1 0.047058 1 1 1 0.047058 1 1 1 0.047058 1 1 1 0.14902 1 1 1 0.14902 1 1 1 0.14902 1 1 1 0.047058 1 1 1 0.047058 1 1 1 0.047058 1 1 1 0.047058 1 1 1 0.047058 1 1 1 0.047058 1 1 1 0.047058 1 1 1 0.047058 1 1 1 0.047058 1 1 1 0.047058 1 1 1 0.047058 1 1 1 0.047058 1 1 1 0.047058 1 1 1 0.047058 1 1 1 0.047058 1 1 1 0.047058 1 1 1 0.047058 1 1 1 0.047058 1 1 1 0.047058 1 1 1 0.047058 1 1 1 0.047058 1 1 1 0.047058 1 1 1 0.14902 1 1 1 0.047058 1 1 1 0.047058 1 1 1 0.047058 1 1 1 0.14902 1 1 1 0.047058 1 1 1 0.14902 1 1 1 0.047058 1 1 1 0.047058 1 1 1 0.047058 1 1 1 0.047058 1 1 1 0.047058 1 1 1 0.047058 1 1 1 0.047058 1 1 1 0.047058 1 1 1 0.047058 1 1 1 0.047058 1 1 1 0.14902 1 1 1 0.047058 1 1 1 0.047058 1 1 1 0.047058 1 1 1 0.047058 1 1 1 0.047058 1 1 1 0.047058 1 1 1 0.047058 1 1 1 0.047058 1 1 1 0.047058 1 1 1 0.047058 1 1 1 0.047058 1 1 1 0.047058 1 1 1 0.047058 1 1 1 0.047058 1 1 1 0.047058 1 1 1 0.047058 1 1 1 0.047058 1 1 1 0.047058 1 1 1 0.047058 1 1 1 0.047058 1 1 1 0.047058 1 1 1 0.14902 1 1 1 0.047058 1 1 1 0.047058 1 1 1 0.047058 1 1 1 0.047058 1 1 1 0.14902 1 1 1 0.047058 1 1 1 0.047058 1 1 1 0.047058 1 1 1 0.047058 1 1 1 0.047058 1 1 1 0.14902 1 1 1 0.047058 1 1 1 0.047058 1 1 1 0.047058 1 1 1 0.047058 1 1 1 0.047058 1 1 1 0.14902 1 1 1 0.047058 1 1 1 0.047058 1 1 1 0.14902 1 1 1 0.047058 1 1 1 0.047058 1 1 1 0.047058 1 1 1 0.14902 1 1 1 0.047058 1 1 1 0.047058 1 1 1 0.047058 1 1 1 0.047058 1 1 1 0.047058 1 1 1 0.047058 1 1 1 0.047058 1 1 1 0.047058 1 1 1 0.047058 1 1 1 0.047058 1 1 1 0.047058 1 1 1 0.047058 1 1 1 0.047058 1 1 1 0.047058 1 1 1 0.047058 1 1 1 0.047058 1 1 1 0.047058 1 1 1 0.047058 1 1 1 0.047058 1 1 1 0.047058 1 1 1 0.047058 1 1 1 0.14902 1 1 1 0.047058 1 1 1 0.047058 1 1 1 0.047058 1 1 1 0.047058 1 1 1 0.047058 1 1 1 0.047058 1 1 1 0.047058 1 1 1 0.047058 1 1 1 0.047058 1 1 1 0.047058 1 1 1 0.047058 1 1 1 0.047058 1 1 1 0.047058 1 1 1 0.047058 1 1 1 0.047058 1 1 1 0.047058 1 1 1 0.14902 1 1 1 0.047058 1 1 1 0.047058 1 1 1 0.047058 1 1 1 0.047058 1 1 1 0.047058 1 1 1 0.047058 1 1 1 0.047058 1 1 1 0.047058 1 1 1 0.047058 1 1 1 0.047058 1 1 1 0.047058 1 1 1 0.047058 1 1 1 0.047058 1 1 1 0.047058 1 1 1 0.047058 1 1 1 0.047058 1 1 1 0.14902 1 1 1 0.047058 1 1 1 0.047058 1 1 1 0.047058 1 1 1 0.047058 1 1 1 0.047058 1 1 1 0.047058 1 1 1 0.047058 1 1 1 0.047058 1 1 1 0.047058 1 1 1 0.047058 1 1 1 0.047058 1 1 1 0.047058 1 1 1 0.047058 1 1 1 0.14902 1 1 1 0.047058 1 1 1 0.14902 1 1 1 0.047058 1 1 1 0.047058 1 1 1 0.047058 1 1 1 0.047058 1 1 1 0.047058 1 1 1 0.047058 1 1 1 0.14902 1 1 1 0.047058 1 1 1 0.047058 1 1 1 0.14902 1 1 1 0.047058 1 1 1 0.047058 1 1 1 0.047058 1 1 1 0.047058 1 1 1 0.047058 1 1 1 0.047058 1 1 1 0.047058 1 1 1 0.14902 1 1 1 0.047058 1 1 1 0.047058 1 1 1 0.047058 1 1 1 0.047058 1 1 1 0.047058 1 1 1 0.047058 1 1 1 0.047058 1 1 1 0.047058 1 1 1 0.047058 1 1 1 0.047058 1 1 1 0.047058 1 1 1 0.14902 1 1 1 0.047058 1 1 1 0.047058 1 1 1 0.047058 1 1 1 0.047058 1 1 1 0.047058 1 1 1 0.047058 1 1 1 0.047058 1 1 1 0.047058 1 1 1 0.047058 1 1 1 0.047058 1 1 1 0.047058 1 1 1 0.047058 1 1 1 0.047058 1 1 1 0.047058 1 1 1 0.047058 1 1 1 0.047058 1 1 1 0.047058 1 1 1 0.047058 1 1 1 0.047058 1 1 1 0.047058 1 1 1 0.047058 1 1 1 0.047058 1 1 1 0.047058 1 1 1 0.047058 1 1 1 0.047058 1 1 1 0.047058 1 1 1 0.047058 1 1 1 0.047058 1 1 1 0.047058 1 1 1 0.047058 1 1 1 0.047058 1 1 1 0.047058 1 1 1 0.047058 1 1 1 0.047058 1 1 1 0.047058 1 1 1 0.047058 1 1 1 0.14902 1 1 1 0.047058 1 1 1 0.047058 1 1 1 0.047058 1 1 1 0.047058 1 1 1 0.14902 1 1 1 0.14902 1 1 1 0.047058 1 1 1 0.047058 1 1 1 0.047058 1 1 1 0.047058 1 1 1 0.047058 1 1 1 0.14902 1 1 1 0.54902 1 1 1 0.047058 1 1 1 0.047058 1 1 1 0.047058 1 1 1 0.14902 1 1 1 0.14902 1 1 1 0.14902 1 1 1 0.14902 1 1 1 0.047058 1 1 1 0.047058 1 1 1 0.047058 1 1 1 0.047058 1 1 1 0.047058 1 1 1 0.047058 1 1 1 0.047058 1 1 1 0.047058 1 1 1 0.047058 1 1 1 0.047058 1 1 1 0.047058 1 1 1 0.047058 1 1 1 0.047058 1 1 1 0.047058 1 1 1 0.047058 1 1 1 0.047058 1 1 1 0.047058 1 1 1 0.047058 1 1 1 0.047058 1 1 1 0.047058 1 1 1 0.047058 1 1 1 0.047058 1 1 1 0.047058 1 1 1 0.047058 1 1 1 0.047058 1 1 1 0.047058 1 1 1 0.047058 1 1 1 0.047058 1 1 1 0.14902 1 1 1 0.047058 1 1 1 0.047058 1 1 1 0.047058 1 1 1 0.047058 1 1 1 0.047058 1 1 1 0.14902 1 1 1 0.047058 1 1 1 0.047058 1 1 1 0.047058 1 1 1 0.047058 1 1 1 0.047058 1 1 1 0.047058 1 1 1 0.047058 1 1 1 0.047058 1 1 1 0.047058 1 1 1 0.047058 1 1 1 0.047058 1 1 1 0.047058 1 1 1 0.047058 1 1 1 0.047058 1 1 1 0.047058 1 1 1 0.047058 1 1 1 0.047058 1 1 1 0.047058 1 1 1 0.047058 1 1 1 0.047058 1 1 1 0.247059 1 1 1 0.047058 1 1 1 0.047058 1 1 1 0.047058 1 1 1 0.047058 1 1 1 0.047058 1 1 1 0.047058 1 1 1 0.047058 1 1 1 0.047058 1 1 1 0.047058 1 1 1 0.047058 1 1 1 0.047058 1 1 1 0.247059 1 1 1 0.047058 1 1 1 0.047058 1 1 1 0.047058 1 1 1 0.047058 1 1 1 0.047058 1 1 1 0.047058 1 1 1 0.047058 1 1 1 0.047058 1 1 1 0.047058 1 1 1 0.047058 1 1 1 0.4 1 1 1 0.34902 1 1 1 0.34902 1 1 1 0.298039 1 1 1 0.298039 1 1 1 0.34902 1 1 1 0.498039 1 1 1 0.4 1 1 1 0.396078 1 1 1 0.396078 1 1 1 0.396078 1 1 1 0.4 1 1 1 0.698039 1 1 1 0.4 1 1 1 0.396078 1 1 1 0.298039 1 1 1 0.396078 1 1 1 0.411765 1 1 1 0.396078 1 1 1 0.396078 1 1 1 0.411765 1 1 1 0.376471 1 1 1 0.396078 1 1 1 0.376471 1 1 1 0.396078 1 1 1 0.4 1 1 1 0.498039 1 1 1 0.34902 1 1 1 0.396078 1 1 1 0.396078 1 1 1 0.298039 1 1 1 0.396078 1 1 1 0.396078 1 1 1 0.411765 1 1 1 0.396078 1 1 1 0.411765 1 1 1 0.376471 1 1 1 0.411765 1 1 1 0.4 1 1 1 0.698039 1 1 1 0.4 1 1 1 0.396078 1 1 1 0.376471 1 1 1 0.396078 1 1 1 0.376471 1 1 1 0.396078 1 1 1 0.396078 1 1 1 0.411765 1 1 1 0.396078 1 1 1 0.376471 1 1 1 0.376471 1 1 1 0.396078 1 1 1 0.396078 1 1 1 0.396078 1 1 1 0.411765 1 1 1 0.411765 1 1 1 0.396078 1 1 1 0.376471 1 1 1 0.376471 1 1 1 0.396078 1 1 1 0.396078 1 1 1 0.396078 1 1 1 0.396078 1 1 1 0.396078 1 1 1 0.396078 1 1 1 0.411765 1 1 1 0.411765 1 1 1 0.376471 1 1 1 0.396078 1 1 1 0.396078 1 1 1 0.396078 1 1 1 0.396078 1 1 1 0.396078 1 1 1 0.396078 1 1 1 0.411765 1 1 1 0.396078 1 1 1 0.376471 1 1 1 0.098039 1 1 1 0.298039 1 1 1 0.298039 1 1 1 0.098039 1 1 1 0.298039 1 1 1 0.098039 1 1 1 0.298039 1 1 1 0.098039 1 1 1 0.298039 1 1 1 0.098039 1 1 1 0.098039 1 1 1 0.298039 1 1 1 0.298039 1 1 1 0.298039 1 1 1 0.298039 1 1 1 0.298039 1 1 1 0.498039 1 1 1 0.498039 1 1 1 0.498039 1 1 1 0.498039 1 1 1 0.498039 1 1 1 0.47451 1 1 1 0.447059 1 1 1 0.498039 1 1 1 0.478431 1 1 1 0.498039 1 1 1 0.498039 1 1 1 0.458824 1 1 1 0.447059 1 1 1 0.458824 1 1 1 0.478431 1 1 1 0.47451 1 1 1 0.458824 1 1 1 0.498039 1 1 1 0.498039 1 1 1 0.47451 1 1 1 0.498039 1 1 1 0.478431 1 1 1 0.498039 1 1 1 0.447059 1 1 1 0.34902 1 1 1 0 1 1 1 0.34902 1 1 1 0.34902 1 1 1 0 1 1 1 0.34902 1 1 1 0.34902 1 1 1 0 1 1 1 0.34902 1 1 1 0.34902 1 1 1 0 1 1 1 0.34902 1 1 1 0.34902 1 1 1 0 1 1 1 0.34902 1 1 1 0.34902 1 1 1 0 1 1 1 0.34902 1 1 1 0.34902 1 1 1 0 1 1 1 0.34902 1 1 1 0.34902 1 1 1 0 1 1 1 0.34902 1 1 1 0.34902 1 1 1 0 1 1 1 0.34902 1 1 1 0.34902 1 1 1 0 1 1 1 0.34902 1 1 1 0.34902 1 1 1 0 1 1 1 0.34902 1 1 1 0.34902 1 1 1 0 1 1 1 0.34902 1 1 1 0.34902 1 1 1 0 1 1 1 0.34902 1 1 1 0.34902 1 1 1 0 1 1 1 0.34902 1 1 1 0.34902 1 1 1 0 1 1 1 0.34902 1 1 1 0.34902 1 1 1 0 1 1 1 0.34902 1 1 1 0.34902 1 1 1 0 1 1 1 0.34902 1 1 1 0.34902 1 1 1 0 1 1 1 0.34902 1 1 1 0.34902 1 1 1 0 1 1 1 0.34902 1 1 1 0.34902 1 1 1 0 1 1 1 0.34902 1 1 1 0.34902 1 1 1 0 1 1 1 0.34902 1 1 1 0.34902 1 1 1 0 1 1 1 0.34902 1 1 1 0.34902 1 1 1 0 1 1 1 0.34902 1 1 1 0.34902 1 1 1 0 1 1 1 0.34902 1 1 1 0.047058 1 1 1 0.047058 1 1 1 0.047058 1 1 1 0.047058 1 1 1 0.047058 1 1 1 0.047058 1 1 1 0.047058 1 1 1 0.047058 1 1 1 0.047058 1 1 1 0.047058 1 1 1 0.047058 1 1 1 0.047058 1 1 1 0.047058 1 1 1 0.047058 1 1 1 0.047058 1 1 1 0.047058 1 1 1 0.047058 1 1 1 0.047058 1 1 1 0.14902 1 1 1 0.14902 1 1 1 0.34902 1 1 1 0.34902 1 1 1 0.34902 1 1 1 0.34902 1 1 1 0.34902 1 1 1 0.34902 1 1 1 0.34902 1 1 1 0.34902 1 1 1 0.34902 1 1 1 0.34902 1 1 1 0.34902 1 1 1 0.34902 1 1 1 0.34902 1 1 1 0.34902 1 1 1 0.34902 1 1 1 0.34902 1 1 1 0.34902 1 1 1 0.34902 1 1 1 0.34902 1 1 1 0.34902 1 1 1 0.34902 1 1 1 0.34902 1 1 1 0.34902 1 1 1 0.34902 1 1 1 0.14902 1 1 1 0.34902 1 1 1 0.14902 1 1 1 0.34902 1 1 1 0.34902 1 1 1 0.14902 1 1 1 0.14902 1 1 1 0.34902 1 1 1 0.34902 1 1 1 0.14902 1 1 1 0.14902 1 1 1 0.34902 1 1 1 0.14902 1 1 1 0.34902 1 1 1 0.14902 1 1 1 0.34902 1 1 1 0.14902 1 1 1 0.34902 1 1 1 0.14902 1 1 1 0.34902 1 1 1 0.34902 1 1 1 0.34902 1 1 1 0.14902 1 1 1 0.14902 1 1 1 0.34902 1 1 1 0.14902 1 1 1 0.14902 1 1 1 0.34902 1 1 1 0.34902 1 1 1 0.34902 1 1 1 0.14902 1 1 1 0.14902 1 1 1 0.14902 1 1 1 0.14902 1 1 1 0.247059 1 1 1 0.34902 1 1 1 0.34902 1 1 1 0.14902 1 1 1 0.14902 1 1 1 0.227451 1 1 1 0.14902 1 1 1 0.14902 1 1 1 0.14902 1 1 1 0.047058 1 1 1 0.227451 1 1 1 0.14902 1 1 1 0.14902 1 1 1 0.14902 1 1 1 0.14902 1 1 1 0.247059 1 1 1 0.14902 1 1 1 0.34902 1 1 1 0.14902 1 1 1 0.14902 1 1 1 0.14902 1 1 1 0.34902 1 1 1 0.14902 1 1 1 0.227451 1 1 1 0.14902 1 1 1 0.14902 1 1 1 0.047058 1 1 1 0.14902 1 1 1 0.14902 1 1 1 0.34902 1 1 1 0.34902 1 1 1 0.34902 1 1 1 0.34902 1 1 1 0.14902 1 1 1 0.14902 1 1 1 0.34902 1 1 1 0.34902 1 1 1 0.14902 1 1 1 0.34902 1 1 1 0.34902 1 1 1 0.14902 1 1 1 0.34902 1 1 1 0.14902 1 1 1 0.34902 1 1 1 0.14902 1 1 1 0.34902 1 1 1 0.34902 1 1 1 0.34902 1 1 1 0.34902 1 1 1 0.14902 1 1 1 0.14902 1 1 1 0.34902 1 1 1 0.34902 1 1 1 0.14902 1 1 1 0.34902 1 1 1 0.34902 1 1 1 0.14902 1 1 1 0.34902 1 1 1 0.14902 1 1 1 0.34902 1 1 1 0.14902 1 1 1 0.34902 1 1 1 0.34902 1 1 1 0.34902 1 1 1 0.34902 1 1 1 0.14902 1 1 1 0.14902 1 1 1 0.34902 1 1 1 0.34902 1 1 1 0.14902 1 1 1 0.34902 1 1 1 0.34902 1 1 1 0.14902 1 1 1 0.34902 1 1 1 0.14902 1 1 1 0.34902 1 1 1 0.14902 1 1 1 0.047058 1 1 1 0.047058 1 1 1 0.047058 1 1 1 0.047058 1 1 1 0.047058 1 1 1 0.047058 1 1 1 0.047058 1 1 1 0.047058 1 1 1 0.047058 1 1 1 0.247059 1 1 1 0.047058 1 1 1 0.047058 1 1 1 0.047058 1 1 1 0.047058 1 1 1 0.047058 1 1 1 0.047058 1 1 1 0.047058 1 1 1 0.047058 1 1 1 0.047058 1 1 1 0.047058 1 1 1 0.047058 1 1 1 0.047058 1 1 1 0.047058 1 1 1 0.047058 1 1 1 0.047058 1 1 1 0.047058 1 1 1 0.047058 1 1 1 0.047058 1 1 1 0.047058 1 1 1 0.047058 1 1 1 0.047058 1 1 1 0.047058 1 1 1 0.14902 1 1 1 0.14902 1 1 1 0.047058 1 1 1 0.047058 1 1 1 0.047058 1 1 1 0.14902 1 1 1 0.047058 1 1 1 0.14902 1 1 1 0.047058 1 1 1 0.047058 1 1 1 0.14902 1 1 1 0.14902 1 1 1 0.047058 1 1 1 0.047058 1 1 1 0.14902 1 1 1 0.14902 1 1 1 0.047058 1 1 1 0.047058 1 1 1 0.047058 1 1 1 0.14902 1 1 1 0.14902 1 1 1 0.14902 1 1 1 0.14902 1 1 1 0.047058 1 1 1 0.047058 1 1 1 0.047058 1 1 1 0.047058 1 1 1 0.14902 1 1 1 0.14902 1 1 1 0.047058 1 1 1 0.14902 1 1 1 0.047058 1 1 1 0.14902 1 1 1 0.047058 1 1 1 0.047058 1 1 1 0.047058 1 1 1 0.14902 1 1 1 0.047058 1 1 1 0.047058 1 1 1 0.047058 1 1 1 0.047058 1 1 1 0.14902 1 1 1 0.047058 1 1 1 0.047058 1 1 1 0.047058 1 1 1 0.047058 1 1 1 0.047058 1 1 1 0.047058 1 1 1 0.047058 1 1 1 0.14902 1 1 1 0.047058 1 1 1 0.047058 1 1 1 0.047058 1 1 1 0.047058 1 1 1 0.047058 1 1 1 0.14902 1 1 1 0.047058 1 1 1 0.047058 1 1 1 0.047058 1 1 1 0.14902 1 1 1 0.047058 1 1 1 0.047058 1 1 1 0.047058 1 1 1 0.047058 1 1 1 0.047058 1 1 1 0.047058 1 1 1 0.047058 1 1 1 0.047058 1 1 1 0.047058 1 1 1 0.047058 1 1 1 0.047058 1 1 1 0.047058 1 1 1 0.047058 1 1 1 0.047058 1 1 1 0.047058 1 1 1 0.047058 1 1 1 0.047058 1 1 1 0.047058 1 1 1 0.14902 1 1 1 0.14902 1 1 1 0.047058 1 1 1 0.047058 1 1 1 0.14902 1 1 1 0.047058 1 1 1 0.047058 1 1 1 0.047058 1 1 1 0.14902 1 1 1 0.14902 1 1 1 0.047058 1 1 1 0.047058 1 1 1 0.047058 1 1 1 0.14902 1 1 1 0.14902 1 1 1 0.047058 1 1 1 0.047058 1 1 1 0.047058 1 1 1 0.14902 1 1 1 0.14902 1 1 1 0.047058 1 1 1 0.047058 1 1 1 0.14902 1 1 1 0.14902 1 1 1 0.047058 1 1 1 0.047058 1 1 1 0.047058 1 1 1 0.14902 1 1 1 0.14902 1 1 1 0.14902 1 1 1 0.047058 1 1 1 0.14902 1 1 1 0.047058 1 1 1 0.047058 1 1 1 0.047058 1 1 1 0.14902 1 1 1 0.14902 1 1 1 0.047058 1 1 1 0.047058 1 1 1 0.14902 1 1 1 0.14902 1 1 1 0.047058 1 1 1 0.047058 1 1 1 0.047058 1 1 1 0.14902 1 1 1 0.047058 1 1 1 0.047058 1 1 1 0.047058 1 1 1 0.047058 1 1 1 0.047058 1 1 1 0.14902 1 1 1 0.047058 1 1 1 0.047058 1 1 1 0.047058 1 1 1 0.14902 1 1 1 0.047058 1 1 1 0.047058 1 1 1 0.14902 1 1 1 0.047058 1 1 1 0.047058 1 1 1 0.047058 1 1 1 0.047058 1 1 1 0.047058 1 1 1 0.047058 1 1 1 0.047058 1 1 1 0.047058 1 1 1 0.047058 1 1 1 0.047058 1 1 1 0.047058 1 1 1 0.047058 1 1 1 0.047058 1 1 1 0.14902 1 1 1 0.047058 1 1 1 0.047058 1 1 1 0.047058 1 1 1 0.047058 1 1 1 0.047058 1 1 1 0.14902 1 1 1 0.047058 1 1 1 0.047058 1 1 1 0.047058 1 1 1 0.047058 1 1 1 0.047058 1 1 1 0.047058 1 1 1 0.047058 1 1 1 0.047058 1 1 1 0.047058 1 1 1 0.047058 1 1 1 0.14902 1 1 1 0.047058 1 1 1 0.14902 1 1 1 0.047058 1 1 1 0.047058 1 1 1 0.047058 1 1 1 0.047058 1 1 1 0.047058 1 1 1 0.047058 1 1 1 0.047058 1 1 1 0.047058 1 1 1 0.047058 1 1 1 0.047058 1 1 1 0.047058 1 1 1 0.047058 1 1 1 0.047058 1 1 1 0.047058 1 1 1 0.047058 1 1 1 0.047058 1 1 1 0.047058 1 1 1 0.047058 1 1 1 0.047058 1 1 1 0.047058 1 1 1 0.047058 1 1 1 0.047058 1 1 1 0.047058 1 1 1 0.047058 1 1 1 0.047058 1 1 1 0.047058 1 1 1 0.047058 1 1 1 0.047058 1 1 1 0.047058 1 1 1 0.047058 1 1 1 0.047058 1 1 1 0.047058 1 1 1 0.047058 1 1 1 0.047058 1 1 1 0.047058 1 1 1 0.047058 1 1 1 0.047058 1 1 1 0.047058 1 1 1 0.047058 1 1 1 0.047058 1 1 1 0.047058 1 1 1 0.047058 1 1 1 0.047058 1 1 1 0.047058 1 1 1 0.047058 1 1 1 0.047058 1 1 1 0.047058 1 1 1 0.047058 1 1 1 0.047058 1 1 1 0.047058 1 1 1 0.047058 1 1 1 0.047058 1 1 1 0.047058 1 1 1 0.047058 1 1 1 0.047058 1 1 1 0.047058 1 1 1 0.047058 1 1 1 0.047058 1 1 1 0.047058 1 1 1 0.047058 1 1 1 0.047058 1 1 1 0.047058 1 1 1 0.047058 1 1 1 0.047058 1 1 1 0.047058 1 1 1 0.047058 1 1 1 0.047058 1 1 1 0.047058 1 1 1 0.047058 1 1 1 0.047058 1 1 1 0.047058 1 1 1 0.047058 1 1 1 0.047058 1 1 1 0.047058 1 1 1 0.047058 1 1 1 0.047058 1 1 1 0.047058 1 1 1 0.047058 1 1 1 0.047058 1 1 1 0.047058 1 1 1 0.047058 1 1 1 0.047058 1 1 1 0.047058 1 1 1 0.047058 1 1 1 0.047058 1 1 1 0.047058 1 1 1 0.047058 1 1 1 0.047058 1 1 1 0.047058 1 1 1 0.047058 1 1 1 0.047058 1 1 1 0.047058 1 1 1 0.047058 1 1 1 0.047058 1 1 1 0.047058 1 1 1 0.047058 1 1 1 0.047058 1 1 1 0.047058 1 1 1 0.047058 1 1 1 0.047058 1 1 1 0.047058 1 1 1 0.047058 1 1 1 0.047058 1 1 1 0.047058 1 1 1 0.047058 1 1 1 0.047058 1 1 1 0.047058 1 1 1 0.047058 1 1 1 0.047058 1 1 1 0.047058 1 1 1 0.047058 1 1 1 0.047058 1 1 1 0.047058 1 1 1 0.047058 1 1 1 0.047058 1 1 1 0.2 1 1 1 0.2 1 1 1 0.2 1 1 1 0.227451 1 1 1 0.2 1 1 1 0.047058 1 1 1 0.047058 1 1 1 0.047058 1 1 1 0.047058 1 1 1 0.047058 1 1 1 0.047058 1 1 1 0.047058 1 1 1 0.047058 1 1 1 0.098039 1 1 1 0.047058 1 1 1 0.047058 1 1 1 0.047058 1 1 1 0.047058 1 1 1 0.047058 1 1 1 0.098039 1 1 1 0.047058 1 1 1 0.047058 1 1 1 0.047058 1 1 1 0.098039 1 1 1 0.047058 1 1 1 0.047058 1 1 1 0.047058 1 1 1 0.047058 1 1 1 0.098039 1 1 1 0.047058 1 1 1 0.047058 1 1 1 0.047058 1 1 1 0.047058 1 1 1 0.047058 1 1 1 0.047058 1 1 1 0.047058 1 1 1 0.047058 1 1 1 0.047058 1 1 1 0.047058 1 1 1 0.047058 1 1 1 0.047058 1 1 1 0.047058 1 1 1 0.047058 1 1 1 0.047058 1 1 1 0.047058 1</float_array>
          <technique_common>
            <accessor source="#GeometrySource3-array" count="1398" stride="4">
              <param name="R" type="float"/>
              <param name="G" type="float"/>
              <param name="B" type="float"/>
              <param name="A" type="float"/>
            </accessor>
          </technique_common>
        </source>
        <vertices id="Geometry-vertices">
          <input semantic="POSITION" source="#GeometrySource"/>
          <input semantic="NORMAL" source="#GeometrySource1"/>
          <input semantic="TEXCOORD" source="#GeometrySource2"/>
          <input semantic="COLOR" source="#GeometrySource3"/>
        </vertices>
        <triangles material="VisualMaterial0" count="1282">
          <input semantic="VERTEX" source="#Geometry-vertices" offset="0"/>
          <p>0 1 2 3 4 5 6 7 8 9 10 11 12 13 14 15 16 17 18 19 20 21 22 23 24 25 26 27 28 29 30 31 32 33 34 35 36 37 38 39 40 41 42 43 44 45 46 47 48 49 50 51 52 53 54 55 56 57 58 59 60 61 62 63 64 65 66 67 68 69 70 71 72 73 74 75 76 77 78 79 80 81 82 83 84 85 86 87 88 89 90 91 92 90 92 93 94 95 96 94 96 97 98 99 100 98 100 101 102 103 104 102 104 105 106 107 108 106 108 109 110 111 112 110 112 113 114 115 116 115 117 116 118 119 120 121 118 120 122 123 124 125 122 124 126 127 128 127 129 128 130 131 132 132 131 133 131 134 133 133 134 135 134 136 135 135 136 137 138 139 140 141 139 138 142 141 138 143 141 142 144 143 142 145 143 144 146 147 148 148 147 149 149 147 150 151 149 152 153 154 155 156 153 157 156 157 158 158 157 159 160 161 162 162 161 163 161 164 165 166 167 165 166 168 169 170 166 169 169 171 170 166 170 171 172 166 171 167 166 172 173 167 172 174 175 176 174 177 178 174 178 179 176 180 181 182 183 184 182 184 185 186 187 188 188 187 189 189 190 188 190 183 191 192 183 190 190 193 192 193 190 189 189 194 193 195 196 197 196 198 197 199 197 198 197 199 200 199 201 200 202 200 201 201 203 202 204 203 201 203 204 205 201 205 204 201 199 206 199 207 206 208 209 210 208 211 212 213 208 210 214 215 213 214 216 215 215 216 217 216 218 217 219 216 214 219 220 216 218 216 220 221 218 220 218 221 222 220 219 223 219 224 223 225 220 223 220 225 221 223 226 225 227 228 229 229 230 227 231 230 229 229 232 231 233 232 229 232 233 234 229 235 233 233 235 236 233 237 234 233 236 237 238 234 237 237 239 238 239 240 238 236 235 241 237 236 242 237 242 239 243 244 245 246 244 243 246 247 244 248 247 246 249 247 248 250 246 243 246 251 248 251 246 250 248 251 252 248 252 253 253 254 248 254 249 248 255 249 254 255 254 256 254 257 256 254 253 257 256 257 258 259 260 261 262 261 260 262 263 261 261 263 264 264 263 265 266 262 260 267 263 262 268 263 267 269 270 271 270 272 271 273 274 275 274 276 277 276 278 277 278 279 277 274 273 280 281 274 280 274 281 282 276 274 282 282 283 276 276 284 278 276 283 284 284 285 278 284 286 285 284 287 286 287 284 283 286 287 288 289 290 291 292 289 291 293 289 292 294 293 292 292 295 294 295 296 294 295 297 296 292 291 298 295 292 298 299 295 298 297 295 300 300 295 299 300 301 297 300 302 301 302 303 301 304 302 300 304 300 299 305 306 307 308 307 306 309 307 308 308 306 310 311 308 310 312 311 310 306 313 310 313 314 310 315 316 317 317 316 318 319 320 321 319 321 322 319 322 323 322 324 323 321 324 322 323 324 325 321 326 324 327 328 329 330 331 327 330 327 332 332 327 333 334 335 336 329 334 337 334 336 337 337 338 329 338 327 329 338 333 327 335 339 340 341 335 340 341 336 335 341 342 336 342 343 336 337 336 343 343 344 337 344 333 338 337 344 338 345 341 340 346 342 341 346 341 345 342 346 347 347 348 342 348 343 342 349 343 348 344 343 349 344 349 350 350 333 344 350 351 333 333 351 352 353 347 346 347 353 354 355 347 354 355 348 347 356 349 348 348 355 356 356 357 349 358 350 349 358 351 350 357 358 349 359 354 353 354 359 360 355 354 361 354 360 361 362 356 355 357 356 362 362 355 361 357 362 363 363 358 357 358 364 351 358 363 364 365 360 359 365 366 360 360 367 361 362 361 367 366 367 360 362 367 368 362 369 363 369 364 363 362 368 369 370 366 365 370 371 366 371 372 366 367 373 368 366 373 367 373 366 372 368 374 369 364 369 374 373 374 368 364 374 375 351 364 376 375 376 364 371 377 372 377 378 372 373 372 379 373 379 374 375 374 379 375 379 378 379 372 378 371 380 377 376 381 351 351 382 352 382 351 381 383 382 381 384 385 386 386 385 387 388 387 385 389 388 385 389 390 388 389 385 391 392 393 394 395 393 392 395 392 396 395 396 397 396 398 397 397 398 399 399 400 397 401 399 398 401 400 399 396 402 398 402 396 392 401 398 403 398 402 403 404 402 392 405 402 404 402 406 403 402 405 406 407 403 406 408 403 407 409 410 411 411 410 412 413 414 415 416 413 415 416 417 413 417 418 413 416 419 417 420 417 419 420 419 421 419 422 421 421 422 423 423 424 421 419 416 425 422 419 426 419 425 426 423 422 427 422 426 427 427 428 423 428 427 429 430 428 429 431 426 425 431 427 426 427 431 429 425 416 431 431 432 429 432 433 429 430 429 433 432 431 434 435 433 432 434 435 432 436 437 438 439 437 436 440 437 439 436 441 439 441 436 442 441 442 443 443 442 444 436 445 442 444 442 445 436 446 445 447 448 449 449 448 450 451 452 453 453 452 454 455 453 454 456 455 454 456 454 457 458 459 460 458 461 459 462 459 461 463 459 462 464 459 463 458 465 461 461 465 466 467 461 466 467 462 461 467 468 462 462 469 463 462 468 469 463 469 470 463 470 471 465 472 466 472 473 466 467 466 473 467 473 474 474 468 467 475 468 474 475 476 468 477 473 472 477 478 473 478 474 473 474 478 479 475 474 479 480 475 479 481 480 479 482 480 481 478 477 483 478 483 479 483 481 479 483 484 481 484 482 481 484 485 482 484 486 485 487 483 477 487 484 483 471 470 488 470 469 489 488 470 489 489 469 490 490 469 491 491 469 468 492 493 494 494 495 492 496 497 498 499 498 497 498 499 500 497 501 499 499 501 502 499 502 503 497 504 501 505 501 504 505 506 501 502 501 506 507 506 505 508 509 510 511 509 508 511 512 509 511 513 512 514 511 508 511 514 515 508 516 514 517 518 519 520 517 519 521 517 520 522 517 521 517 522 523 524 525 526 525 527 526 526 527 528 528 527 529 530 527 525 529 527 530 530 525 531 532 531 525 533 534 535 534 533 536 534 536 537 537 538 534 534 538 539 534 539 540 537 536 541 537 541 542 538 537 542 543 544 545 543 546 544 546 547 544 546 548 547 543 549 546 546 549 550 546 550 551 551 548 546 550 549 552 553 550 552 554 550 553 551 550 554 552 549 555 556 557 558 556 558 559 556 559 560 559 561 560 562 560 561 562 561 563 563 561 564 559 558 565 559 565 566 567 559 566 559 567 561 567 568 561 568 564 561 569 570 571 572 573 574 575 569 576 575 577 569 577 578 569 579 569 578 579 570 569 580 570 579 570 580 581 581 582 572 581 580 582 583 573 572 583 572 582 584 573 583 585 584 583 586 579 578 580 579 586 587 580 586 580 587 582 585 583 588 588 582 587 583 582 588 588 589 585 590 585 589 591 586 578 586 592 587 586 591 592 592 593 587 589 588 593 593 588 587 594 589 593 594 595 589 589 595 590 596 590 595 591 578 597 598 591 597 598 592 591 599 592 598 593 600 594 600 592 599 600 593 592 578 601 597 597 601 602 602 603 597 604 597 603 597 604 605 598 597 605 606 599 598 598 605 606 599 606 607 607 594 600 599 607 600 608 603 602 609 605 604 605 609 610 605 610 611 611 606 605 607 606 611 612 611 610 607 611 612 607 612 613 607 614 594 594 614 595 607 613 614 609 615 610 613 612 616 616 612 610 616 610 615 609 617 615 616 615 618 615 617 618 616 618 619 619 613 616 620 618 617 621 618 620 621 619 618 622 619 621 622 623 619 595 624 596 623 624 619 619 624 613 624 614 613 595 614 624 623 596 624 621 620 625 626 627 628 629 626 628 629 628 630 630 631 629 631 630 632 632 630 633 634 635 636 637 635 634 637 638 635 638 637 639 639 640 638 641 642 643 643 644 641 645 644 643 646 645 643 647 648 649 647 649 650 650 649 651 649 652 651 653 654 655 656 657 658 659 660 661 662 659 663 664 665 666 667 664 666 668 669 664 668 670 669 671 672 673 671 674 672 671 675 674 676 677 678 679 677 676 680 676 681 680 681 682 683 684 685 683 685 686 683 686 687 688 689 690 690 691 688 690 692 691 693 694 695 695 694 696 696 694 697 698 699 700 698 701 699 699 701 702 703 699 702 704 699 703 704 705 699 699 705 706 707 701 698 707 698 708 708 709 707 710 709 708 711 709 710 712 711 710 702 713 703 711 712 713 714 710 708 708 703 715 715 714 708 715 703 716 717 713 712 713 717 703 716 703 717 718 719 720 719 721 720 722 720 721 720 722 723 721 719 724 725 724 719 725 726 724 725 727 726 727 728 726 728 729 726 722 730 723 729 728 730 725 719 731 731 719 732 732 719 733 734 723 730 728 734 730 735 723 734 723 735 736 736 725 723 725 737 727 736 737 725 738 739 740 741 739 738 742 741 738 743 741 742 744 743 742 745 743 744 746 747 748 748 747 749 747 750 749 749 750 751 750 752 751 751 752 753 754 755 756 756 755 757 758 757 755 759 757 758 758 760 759 759 760 761 762 763 764 764 763 765 763 766 765 765 766 767 766 768 767 767 768 769 770 771 772 773 771 770 771 773 774 774 773 775 776 777 778 778 777 779 780 778 779 781 778 780 782 783 784 785 783 782 786 787 788 789 787 786 790 791 792 793 791 790 794 795 796 797 795 794 798 799 800 801 799 798 802 803 804 805 803 802 806 807 808 809 807 806 810 811 812 813 814 815 816 817 818 819 820 821 822 823 824 825 826 827 828 829 830 831 832 833 834 835 836 837 838 839 840 841 842 843 844 845 846 847 848 849 850 851 852 853 854 855 856 857 858 859 860 861 862 863 864 865 866 867 868 869 870 871 872 873 874 875 876 877 878 879 880 881 882 883 884 885 886 887 888 889 890 891 892 893 894 895 896 897 898 899 900 147 146 152 149 150 155 154 901 157 153 155 902 903 904 902 904 905 906 907 908 906 908 909 910 911 912 910 912 913 914 915 916 914 916 917 918 919 920 918 920 921 922 923 924 922 924 925 926 927 928 927 929 928 930 931 932 933 930 932 934 935 936 937 934 936 938 939 940 939 941 940 942 943 944 944 943 945 943 946 945 945 946 947 946 948 947 947 948 949 950 951 952 953 951 950 954 953 950 955 953 954 956 955 954 957 955 956 958 959 960 959 961 960 962 960 961 962 961 963 964 962 963 963 965 964 966 961 959 961 967 963 967 965 963 961 966 967 968 969 970 971 969 968 972 969 971 973 969 972 974 975 976 976 975 977 978 976 977 977 979 978 977 980 979 981 977 975 977 981 980 980 981 982 980 982 983 984 985 986 987 984 986 988 987 986 989 990 991 992 989 991 993 994 995 995 994 996 994 997 996 996 997 998 999 1000 1001 1002 1000 999 1003 1002 999 1004 1002 1003 1005 1006 1007 1008 1005 1007 1009 1010 1011 1011 1010 1012 1010 1013 1012 1012 1013 1014 1015 1016 1017 1018 1016 1015 1019 1018 1015 1020 1018 1019 1021 1022 1023 1024 1021 1023 1025 1026 1027 1027 1026 1028 1026 1029 1028 1028 1029 1030 1031 1032 1033 1034 1032 1031 1035 1034 1031 1036 1034 1035 1037 1038 1039 1040 1041 1042 1043 1042 1041 1043 1044 1042 165 163 161 165 164 166 165 167 1045 168 166 164 181 174 176 177 174 181 181 180 1046 178 177 186 178 186 188 179 178 191 191 178 188 191 183 179 179 183 182 191 188 190 183 192 184 1047 1048 1049 1048 1050 1049 1048 1051 1050 1051 1052 1050 1053 1052 1051 1054 1053 1051 1055 1056 1057 1058 1055 1057 1059 1058 1057 1059 1060 1058 1060 1059 1061 1059 1062 1061 206 1063 201 1063 205 201 1064 1063 206 210 209 1065 209 208 212 210 214 213 210 224 214 224 219 214 224 1066 223 1066 226 223 1066 1067 226 1068 1069 1070 1071 1069 1068 1072 228 227 228 235 229 1073 247 249 1074 1075 1076 1075 1077 1076 1078 1079 1080 1081 1078 1080 1082 1083 1084 1085 1083 1082 1085 1082 1086 1086 1082 1087 1086 1087 1088 1088 1087 1089 1090 1091 1092 1092 1091 1093 1093 1094 1092 1092 1094 1095 1094 1096 1095 1095 1096 1097 1098 1099 1100 1101 1099 1098 1102 1103 1104 1102 1104 1105 1106 1102 1105 1106 1105 1107 1108 1105 1104 1109 1107 1105 1109 1105 1110 1109 1111 1107 1112 1113 1111 1114 1113 1112 1104 1115 1108 1108 1116 1117 1110 1108 1118 1118 1108 1117 1119 1110 1118 1109 1110 1119 1120 1111 1109 1119 1120 1109 1121 1117 1116 1121 1116 1122 1121 1123 1117 1118 1117 1123 1118 1123 1124 1118 1124 1125 1118 1125 1119 1126 1123 1121 1123 1127 1124 1126 1127 1123 1128 1124 1127 1128 1129 1124 1124 1129 1125 1129 1130 1125 1125 1130 1131 1125 1131 1119 1126 1132 1127 1127 1132 1133 1127 1133 1134 1127 1134 1128 1129 1128 1134 1129 1134 1135 1130 1129 1136 1136 1129 1135 1132 1137 1133 1137 1138 1133 1134 1138 1135 1133 1138 1134 1135 1138 1139 1135 1139 1136 1136 1139 1140 1136 1141 1130 1140 1141 1136 1142 1137 1132 1143 1141 1140 1144 1141 1143 1145 1141 1144 1146 1141 1145 1130 1141 1147 1130 1147 1131 1147 1141 1146 1131 1147 1148 1148 1149 1131 1131 1149 1119 1149 1120 1119 1147 1150 1148 1146 1150 1147 1151 1148 1152 1148 1151 1149 1149 1151 1120 1151 1111 1120 1112 1111 1151 1112 1151 1152 1112 1152 1153 1154 1155 1156 1157 1154 1156 1158 273 275 275 274 277 1159 299 298 1160 1161 1162 1162 1161 1163 1164 1165 1166 1167 1165 1164 1168 1169 1170 1171 1168 1170 1171 1172 1168 1172 1173 1168 1172 1174 1173 1174 1175 1173 1176 1177 1178 1177 1179 1178 1179 1177 1180 1177 1181 1180 1180 1181 1182 1181 1183 1182 1184 1185 1186 1187 1184 1186 1188 1189 1190 1188 1191 1189 1192 1189 1191 1189 1192 1193 1194 1191 1188 1194 1195 1191 1196 1191 1195 1196 1197 1191 1196 1195 1198 1199 1196 1198 1200 1196 1199 1196 1200 1197 1200 1201 1197 1197 1201 1192 1202 1198 1203 1204 1199 1198 1202 1204 1198 1205 1199 1204 1205 1200 1199 1206 1200 1205 1201 1200 1207 1207 1200 1206 1208 1202 1203 1209 1210 1211 1210 1212 1211 1211 1212 1213 1212 1214 1213 1214 1215 1213 1215 1216 1213 1217 1214 1212 1217 1212 1210 1217 1218 1214 1219 1214 1218 1219 1215 1214 1215 1220 1216 1220 1215 1219 1220 1221 1216 1222 1217 1210 1222 1223 1217 1201 1224 1223 1218 1224 1219 1218 1217 1224 1224 1207 1219 1223 1224 1217 1201 1207 1224 1225 1220 1219 1207 1206 1225 1219 1207 1225 1221 1220 1226 1220 1225 1226 1227 1221 1226 1228 1227 1226 1222 1229 1223 1201 1230 1192 1229 1230 1223 1201 1223 1230 1229 1231 1230 1192 1230 1231 1229 1232 1231 1233 1228 1226 1234 1233 1226 1225 1235 1226 1225 1206 1235 1235 1234 1226 1234 1235 1236 1235 1237 1236 1237 1205 1204 1206 1237 1235 1237 1206 1205 1202 1238 1204 1204 1238 1237 1202 1239 1238 339 1240 1241 328 1240 339 1240 328 1242 1242 328 331 1243 1242 331 1244 1242 1243 328 339 334 328 334 329 331 328 327 339 335 334 1245 547 548 1246 566 565 1247 1248 1249 576 1248 1247 576 571 1248 1248 571 1250 574 1250 571 1251 1250 574 576 569 571 571 570 581 571 581 574 574 581 572 1252 1253 1254 1255 1253 1252 1256 1257 1258 1259 1257 1256 655 1260 1261 654 1260 655 1262 654 653 1262 653 1263 1263 653 1264 658 657 660 658 660 659 663 659 661 669 665 664 669 1265 1266 1267 669 670 1267 1265 669 1268 1265 1267 1268 1269 1265 1268 1270 1269 1267 670 1271 1268 1267 1272 1270 1273 1274 1273 1270 1275 1273 1275 1276 681 676 678 1277 682 681 1277 1278 682 1277 681 1279 681 1280 1279 1281 1277 1279 1281 1282 1277 1281 1279 1283 1281 1283 1284 1285 1286 1284 1284 1287 1285 1285 1288 1286 1289 1290 1291 1292 1289 1291 1293 1289 1292 1294 1293 1292 1293 1294 1295 1294 1296 1295 1297 1295 1296 1298 1297 1296 1297 1298 1299 1300 1297 1299 1299 1301 1300 1301 1302 1300 1303 1304 1305 1306 1305 1307 1308 1309 1304 1310 1309 1311 1308 1312 1311 1313 1311 1312 1310 1311 1313 1313 1314 1310 1310 1314 1315 1316 1312 1308 1316 1317 1312 1317 1316 1318 1317 1319 1320 1318 1319 1317 1321 1322 1323 1324 1322 1319 1325 1319 1318 1325 1324 1319 1326 1327 1328 1328 1329 1326 1326 1329 1330 1331 1332 1333 1334 1329 1328 1334 1328 1333 689 1329 1334 1330 1329 688 1329 689 688 1335 1330 688 1331 1336 1337 1331 1338 1332 1338 1331 1337 1338 1339 1332 1334 1332 1339 1340 1334 1339 1334 1340 689 1340 1339 1341 1341 1342 1340 1340 1342 692 689 1340 692 1342 1341 1343 1341 1344 1343 1345 1342 1343 1346 1342 1345 1346 692 1342 1347 1343 1348 1345 1343 1347 1347 1349 1345 1350 1346 1345 1350 1345 1349 1351 1350 1349 1346 1352 692 692 1352 691 689 692 690 965 1353 964 970 969 1354 979 980 983 983 982 1355 1356 1357 986 985 1356 986 1039 1358 1359 1039 1359 1037 1039 1038 1360 1360 1038 1040 1042 1360 1040 1107 1113 1106 1105 1108 1110 1111 1113 1107 1361 1108 1115 1361 1116 1108 1122 1116 1361 1361 1362 1122 1152 1148 1150 1363 1193 1192 1191 1197 1192 1195 1194 1203 1198 1195 1203 1363 1192 1231 1232 1363 1231 1363 1232 1364 1238 1236 1237 1365 1366 1367 1368 1366 1365 1368 1365 1369 1370 1371 666 665 1370 666 1266 665 669 1266 1265 1269 1274 1269 1270 1272 1267 1271 1275 1270 1268 1272 1275 1268 1274 1273 673 672 1274 673 1271 670 1372 672 674 1373 1374 1375 1376 1377 1374 1376 1377 1378 1374 1379 677 1380 678 677 1379 1278 1381 682 1280 681 678 1282 1278 1277 1280 1283 1279 1282 1281 1286 1286 1281 1284 1287 1284 1283 1287 684 1285 685 684 1287 685 1382 686 1305 1304 1309 1307 1305 1309 1311 1309 1308 1307 1309 1310 1307 1310 1315 1315 1383 1307 1315 1384 1383 1315 1314 1384 1384 1314 1385 1314 1386 1385 1314 1313 1386 1386 1387 1385 1320 1313 1312 1386 1313 1320 1312 1317 1320 1320 1322 1386 1386 1322 1387 1320 1319 1322 1387 1322 1321 1323 1322 1324 1388 1389 1327 1389 1333 1327 1327 1333 1328 1389 1331 1333 1332 1334 1333 1389 1336 1331 1336 1389 1390 1336 1391 1337 1336 1390 1391 1391 1392 1337 1337 1392 1393 1337 1393 1338 1344 1339 1338 1393 1344 1338 1339 1344 1341 1393 1392 1394 1344 1393 1348 1393 1394 1348 1344 1348 1343 1394 1395 1348 1395 1396 1348 1396 1347 1348 1397 1335 688 691 1397 688</p>
        </triangles>
      </mesh>
    </geometry>
  </library_geometries>
  <library_controllers>
    <controller id="Controller">
      <skin source="#Geometry">
        <bind_shape_matrix>1 0 0 0 0 1 0 0 0 0 1 0 0 0 0 1</bind_shape_matrix>
        <source id="Controller-joints">
          <Name_array id="Controller-joints-array" count="26">n_hara j_kosi j_asi_a_l j_asi_b_l j_asi_c_l j_asi_a_r j_asi_b_r j_asi_c_r j_sebo j_kao j_sako_l j_ude_a_l j_ude_b_l j_te_l j_sako_r j_ude_a_r j_ude_b_r j_te_r n_buki_r j_asi_c_l_end j_asi_c_r_end j_kao_end j_te_l_end n_buki_r_end n_root m8279b0001</Name_array>
          <technique_common>
            <accessor source="#Controller-joints-array" count="26" stride="1">
              <param name="JOINT" type="Name"/>
            </accessor>
          </technique_common>
        </source>
        <source id="Controller-bind_poses">
          <float_array id="Controller-bind_poses-array" count="416">0.01 0 0 0 0 0.01 0 -0.264624 0 0 0.01 -0.011346 0 0 0 1 0 -0.009988 -0.000478 0.264864 0 0.000478 -0.009988 -0.001339 0.01 0 0 0 0 0 0 1 0 -0.009998 0.000174 0.238224 0 -0.000174 -0.009998 0.01425 0.01 0 0 -0.028813 0 0 0 1 0 -0.009775 -0.002105 0.148351 0 0.002105 -0.009775 -0.020043 0.01 0 0 -0.028813 0 0 0 1 0 -0.005886 0.008083 0.039941 0 -0.008083 -0.005886 0.040652 0.01 0 0 -0.028813 0 0 0 1 0 -0.009998 0.000174 0.238224 0 -0.000174 -0.009998 0.01425 0.01 0 0 0.028814 0 0 0 1 0 -0.009775 -0.002105 0.148351 0 0.002105 -0.009775 -0.020043 0.01 0 0 0.028814 0 0 0 1 0 -0.005886 0.008083 0.039941 0 -0.008083 -0.005886 0.040652 0.01 0 0 0.028814 0 0 0 1 0 0.009975 -0.000697 -0.263188 0 0.000697 0.009975 -0.029777 0.01 0 0 0 0 0 0 1 0 0.009999 -0.000096 -0.37297 0 0.000096 0.009999 -0.007369 0.01 0 0 0 0 0 0 1 0.009999 0.000138 -0.000004 -0.013624 -0.000138 0.009999 0 -0.342624 0.000004 0.000000 0.01 -0.004615 0 0 0 1 0.007074 -0.007033 -0.0007 0.212044 -0.000499 0.000491 -0.009975 -0.0102 0.00705 0.007091 -0.000003 -0.272996 0 0 0 1 0.007053 -0.007012 0.001041 0.152696 0.000736 -0.000736 -0.009945 0.016563 0.00705 0.007091 -0.000003 -0.272993 0 0 0 1 0.006946 -0.007194 -0.000003 0.103882 -0.000004 0 -0.009999 0.006322 0.007193 0.006946 -0.000003 -0.270927 0 0 0 1 -0.009999 0.000138 -0.000004 -0.013624 0.000138 0.009999 0 -0.342624 0.000004 0 -0.01 0.004613 0 0 0 1 -0.007074 -0.007033 -0.0007 0.212033 0.000499 0.000491 -0.009975 -0.010201 0.00705 -0.007091 0.000003 0.273009 0 0 0 1 -0.007053 -0.007011 0.001041 0.152685 -0.000736 -0.000737 -0.009945 0.016563 0.00705 -0.007091 0.000003 0.273009 0 0 0 1 -0.006946 -0.007193 -0.000003 0.103869 0.000004 0 -0.01 0.00632 0.007193 -0.006946 0.000003 0.270946 0 0 0 1 0.006896 0.007241 0.000003 -0.075635 -0.000004 0 0.01 -0.003956 0.007241 -0.006896 0.000003 0.264397 0 0 0 1 0 -0.005886 0.008083 0.039941 0 -0.008083 -0.005886 -0.054347 0.01 0 0 -0.028813 0 0 0 1 0 -0.005886 0.008083 0.039941 0 -0.008083 -0.005886 -0.054347 0.01 0 0 0.028814 0 0 0 1 0 0.009999 -0.000096 -0.37297 0 0.000096 0.009999 -0.096222 0.01 0 0 0 0 0 0 1 0.006946 -0.007194 -0.000003 0.103882 -0.000004 0 -0.009999 -0.049242 0.007193 0.006946 -0.000003 -0.270927 0 0 0 1 0.006896 0.007241 0.000003 -0.075635 -0.000004 0 0.01 -0.034714 0.007241 -0.006896 0.000003 0.264397 0 0 0 1 0.01 0 0 0 0 0.01 0 0 0 0 0.01 0 0 0 0 1 0.01 0 0 0 0 0.01 0 0 0 0 0.01 0 0 0 0 1</float_array>
          <technique_common>
            <accessor source="#Controller-bind_poses-array" count="26" stride="16">
              <param name="TRANSFORM" type="float4x4"/>
            </accessor>
          </technique_common>
        </source>
        <source id="Controller-weights">
          <float_array id="Controller-weights-array" count="1389">1 0.972549 0.027451 0.972549 0.027451 0.972549 0.027451 0.972549 0.027451 0.972549 0.027451 0.972549 0.027451 0.8 0.2 0.8 0.2 0.8 0.2 0.8 0.2 0.8 0.2 0.098039 0.901961 0.8 0.2 0.8 0.2 0.8 0.2 0.8 0.2 0.8 0.2 0.8 0.2 0.901961 0.098039 0.8 0.2 0.8 0.2 0.752941 0.247059 0.752941 0.247059 0.752941 0.247059 0.752941 0.247059 0.752941 0.247059 0.752941 0.247059 0.752941 0.247059 0.752941 0.247059 0.752941 0.247059 0.752941 0.247059 0.752941 0.247059 0.752941 0.247059 0.752941 0.247059 0.752941 0.247059 0.752941 0.247059 0.752941 0.247059 0.8 0.2 0.8 0.2 0.8 0.2 0.8 0.2 0.8 0.2 0.8 0.2 0.8 0.2 0.8 0.2 0.098039 0.901961 0.098039 0.901961 0.098039 0.901961 0.098039 0.901961 0.098039 0.901961 0.098039 0.901961 0.098039 0.901961 0.2 0.4 0.4 0.2 0.8 0.701961 0.298039 0.2 0.4 0.4 0.098039 0.901961 0.2 0.4 0.4 0.2 0.8 0.701961 0.298039 0.2 0.4 0.4 0.098039 0.901961 0.8 0.2 0.282353 0.709804 0.007843 0.901961 0.098039 0.952941 0.047058 0.952941 0.047058 0.952941 0.047058 0.952941 0.047058 0.952941 0.047058 0.952941 0.047058 0.952941 0.047058 0.952941 0.047058 0.952941 0.047058 0.952941 0.047058 0.952941 0.047058 0.952941 0.047058 0.952941 0.047058 0.952941 0.047058 0.952941 0.047058 0.952941 0.047058 0.952941 0.047058 0.952941 0.047058 0.952941 0.047058 0.952941 0.047058 0.952941 0.047058 0.952941 0.047058 0.952941 0.047058 0.952941 0.047058 0.952941 0.047058 0.952941 0.047058 0.952941 0.047058 0.952941 0.047058 0.952941 0.047058 0.952941 0.047058 0.952941 0.047058 0.952941 0.047058 0.952941 0.047058 0.952941 0.047058 0.952941 0.047058 0.952941 0.047058 0.952941 0.047058 0.952941 0.047058 0.952941 0.047058 0.952941 0.047058 0.952941 0.047058 0.952941 0.047058 0.952941 0.047058 0.952941 0.047058 0.952941 0.047058 0.952941 0.047058 0.952941 0.047058 0.952941 0.047058 0.952941 0.047058 0.952941 0.047058 0.952941 0.047058 0.952941 0.047058 0.952941 0.047058 0.952941 0.047058 0.952941 0.047058 0.952941 0.047058 0.952941 0.047058 0.952941 0.047058 0.952941 0.047058 0.952941 0.047058 0.952941 0.047058 0.952941 0.047058 0.952941 0.047058 0.952941 0.047058 0.952941 0.047058 0.952941 0.047058 0.952941 0.047058 0.952941 0.047058 0.952941 0.047058 0.952941 0.047058 0.952941 0.047058 0.952941 0.047058 0.298039 0.701961 0.2 0.8 0.298039 0.701961 0.298039 0.701961 0.2 0.8 0.298039 0.701961 0.298039 0.701961 0.2 0.8 0.298039 0.701961 0.298039 0.701961 0.2 0.8 0.298039 0.701961 0.298039 0.701961 0.2 0.8 0.298039 0.701961 0.298039 0.701961 0.2 0.8 0.298039 0.701961 0.972549 0.027451 0.972549 0.027451 0.952941 0.047058 0.952941 0.047058 0.952941 0.047058 0.952941 0.047058 0.952941 0.047058 0.952941 0.047058 0.952941 0.047058 0.952941 0.047058 0.952941 0.047058 0.952941 0.047058 0.952941 0.047058 0.952941 0.047058 0.952941 0.047058 0.952941 0.047058 0.952941 0.047058 0.952941 0.047058 0.952941 0.047058 0.952941 0.047058 0.952941 0.047058 0.952941 0.047058 0.952941 0.047058 0.952941 0.047058 0.952941 0.047058 0.952941 0.047058 0.933333 0.066666 0.933333 0.066666 0.933333 0.066666 0.933333 0.066666 0.933333 0.066666 0.933333 0.066666 0.933333 0.066666 0.933333 0.066666 0.972549 0.027451 0.972549 0.027451 0.972549 0.027451 0.972549 0.027451 0.972549 0.027451 0.972549 0.027451 0.972549 0.027451 0.972549 0.027451 0.972549 0.027451 0.972549 0.027451 0.933333 0.066666 0.933333 0.066666 0.972549 0.027451 0.933333 0.066666 0.972549 0.027451 0.933333 0.066666 0.933333 0.066666 0.972549 0.027451 0.933333 0.066666 0.972549 0.027451 0.933333 0.066666 0.972549 0.027451 0.933333 0.066666 0.972549 0.027451 0.701961 0.298039 0.6 0.4 0.498039 0.501961 0.513726 0.486275 0.298039 0.701961 0.2 0.8 0.2 0.8 0.298039 0.603922 0.098039 0.498039 0.501961 0.498039 0.501961 0.498039 0.501961 0.498039 0.501961 0.298039 0.603922 0.098039 0.498039 0.501961 0.6 0.4 0.701961 0.298039 0.701961 0.298039 0.498039 0.501961 0.6 0.4 0.498039 0.501961 0.498039 0.501961 0.4 0.098039 0.501961 0.2 0.8 0.298039 0.701961 0.2 0.8 0.298039 0.603922 0.098039 0.498039 0.501961 0.4 0.098039 0.501961 0.498039 0.501961 0.6 0.4 0.701961 0.298039 0.513726 0.486275 0.513726 0.486275 0.498039 0.501961 0.498039 0.501961 0.498039 0.501961 0.498039 0.501961 0.513726 0.486275 0.513726 0.486275 0.498039 0.501961 0.498039 0.501961 0.498039 0.501961 0.498039 0.501961 0.513726 0.486275 0.498039 0.501961 0.498039 0.501961 0.498039 0.501961 0.498039 0.501961 0.498039 0.501961 0.498039 0.501961 0.498039 0.501961 0.498039 0.501961 0.498039 0.501961 0.498039 0.501961 0.498039 0.501961 0.498039 0.501961 0.498039 0.501961 0.498039 0.501961 0.498039 0.501961 0.498039 0.501961 0.498039 0.501961 0.498039 0.501961 0.498039 0.501961 0.298039 0.701961 0.298039 0.701961 0.298039 0.701961 0.298039 0.701961 0.298039 0.701961 0.298039 0.701961 0.298039 0.701961 0.298039 0.701961 0.298039 0.701961 0.298039 0.701961 0.298039 0.701961 0.298039 0.701961 0.298039 0.701961 0.298039 0.701961 0.298039 0.701961 0.298039 0.701961 0.4 0.6 0.098039 0.901961 0.2 0.4 0.4 0.086274 0.913725 0.298039 0.701961 0.2 0.4 0.4 0.2 0.8 0.498039 0.501961 0.8 0.2 0.8 0.2 0.298039 0.701961 0.298039 0.701961 0.8 0.2 0.298039 0.701961 0.298039 0.701961 0.8 0.2 0.298039 0.701961 0.8 0.2 0.8 0.2 0.298039 0.701961 0.8 0.2 0.298039 0.701961 0.298039 0.701961 0.8 0.2 0.901961 0.098039 0.8 0.2 0.8 0.2 0.8 0.2 0.8 0.2 0.4 0.6 0.4 0.6 0.4 0.6 0.4 0.6 0.752941 0.247059 0.752941 0.247059 0.752941 0.247059 0.752941 0.247059 0.752941 0.247059 0.752941 0.247059 0.752941 0.247059 0.752941 0.247059 0.752941 0.247059 0.752941 0.247059 0.4 0.6 0.752941 0.247059 0.4 0.6 0.752941 0.247059 0.752941 0.247059 0.4 0.6 0.752941 0.247059 0.4 0.6 0.4 0.6 0.752941 0.247059 0.4 0.6 0.752941 0.247059 0.752941 0.247059 0.4 0.6 0.752941 0.247059 0.4 0.6 0.4 0.6 0.4 0.6 0.4 0.6 0.4 0.6 0.447059 0.552941 0.447059 0.552941 0.14902 0.85098 0.098039 0.098039 0.803922 0.501961 0.498039 0.14902 0.098039 0.752941 0.247059 0.752941 0.701961 0.298039 0.8 0.2 0.14902 0.098039 0.752941 0.14902 0.85098 0.501961 0.498039 0.501961 0.498039 0.14902 0.14902 0.701961 0.14902 0.14902 0.701961 0.098039 0.901961 0.098039 0.901961 0.098039 0.901961 0.701961 0.298039 0.498039 0.501961 0.098039 0.4 0.501961 0.498039 0.501961 0.498039 0.501961 0.498039 0.501961 0.701961 0.298039 0.701961 0.298039 0.701961 0.298039 0.701961 0.298039 0.701961 0.298039 0.498039 0.501961 0.14902 0.85098 0.14902 0.85098 0.14902 0.85098 0.14902 0.85098 0.14902 0.85098 0.4 0.6 0.4 0.6 0.4 0.6 0.4 0.6 0.14902 0.85098 0.4 0.6 0.4 0.6 0.4 0.6 0.14902 0.85098 0.701961 0.298039 0.701961 0.298039 0.498039 0.501961 0.247059 0.752941 0.498039 0.501961 0.6 0.4 0.098039 0.4 0.501961 0.14902 0.14902 0.701961 0.4 0.6 0.4 0.6 0.4 0.6 0.4 0.6 0.752941 0.247059 0.752941 0.247059 0.752941 0.247059 0.752941 0.247059 0.752941 0.247059 0.752941 0.247059 0.752941 0.247059 0.752941 0.247059 0.752941 0.247059 0.752941 0.247059 0.4 0.6 0.4 0.6 0.752941 0.247059 0.752941 0.247059 0.752941 0.247059 0.4 0.6 0.752941 0.247059 0.4 0.6 0.4 0.6 0.4 0.6 0.752941 0.247059 0.752941 0.247059 0.752941 0.247059 0.4 0.6 0.752941 0.247059 0.4 0.6 0.4 0.6 0.4 0.6 0.4 0.6 0.4 0.6 0.447059 0.552941 0.14902 0.85098 0.447059 0.552941 0.098039 0.098039 0.803922 0.247059 0.752941 0.14902 0.14902 0.701961 0.501961 0.498039 0.14902 0.098039 0.752941 0.701961 0.298039 0.8 0.2 0.14902 0.098039 0.752941 0.701961 0.298039 0.098039 0.901961 0.098039 0.901961 0.14902 0.85098 0.501961 0.498039 0.6 0.4 0.247059 0.752941 0.4 0.6 0.498039 0.501961 0.501961 0.498039 0.4 0.6 0.14902 0.85098 0.4 0.6 0.14902 0.85098 0.4 0.6 0.14902 0.85098 0.14902 0.85098 0.4 0.6 0.701961 0.298039 0.701961 0.298039 0.701961 0.298039 0.14902 0.85098 0.4 0.6 0.701961 0.298039 0.498039 0.501961 0.498039 0.501961 0.701961 0.298039 0.14902 0.85098 0.4 0.6 0.4 0.6 0.498039 0.501961 0.098039 0.901961 0.14902 0.14902 0.701961 0.4 0.098039 0.501961 0.14902 0.85098 0.701961 0.298039 0.701961 0.298039 0.498039 0.501961 0.498039 0.501961 0.4 0.098039 0.501961 0.14902 0.14902 0.701961 0.098039 0.901961 0.098039 0.901961 0.098039 0.901961 0.8 0.2 0.098039 0.901961 0.8 0.2 0.8 0.2 0.8 0.2 0.098039 0.901961 0.098039 0.901961 0.098039 0.901961 0.098039 0.901961 0.098039 0.901961 0.098039 0.901961 0.098039 0.901961 0.098039 0.901961 0.098039 0.901961 0.098039 0.901961 0.098039 0.901961 0.098039 0.901961 0.098039 0.901961 0.098039 0.901961 0.098039 0.901961 0.34902 0.352941 0.298039 0.701961 0.298039 0.701961 0.298039 0.6 0.4 0.701961 0.298039 0.447059 0.007843 0.545098 0.427451 0.019607 0.552941 0.701961 0.298039 0.298039 0.298039 0.403922 0.447059 0.019607 0.533333 0.466667 0.533333 0.701961 0.298039 0.447059 0.007843 0.545098 0.298039 0.298039 0.403922 0.701961 0.298039 0.427451 0.019607 0.552941 0.2 0.482353 0.317647 0.701961 0.298039 0.701961 0.298039 0.447059 0.019607 0.533333 0.298039 0.298039 0.403922 0.466667 0.533333 0.498039 0.501961 0.498039 0.501961 0.933333 0.066666 0.933333 0.066666 0.498039 0.501961 0.933333 0.066666 0.498039 0.501961 0.933333 0.066666 0.8 0.2 0.933333 0.066666 0.933333 0.066666 0.8 0.2 0.933333 0.066666 0.498039 0.501961 0.498039 0.501961 0.498039 0.501961 0.098039 0.803922 0.098039 0.6 0.4 0.34902 0.352941 0.298039 0.498039 0.501961 0.12549 0.784314 0.090196 0.901961 0.098039 0.117647 0.788235 0.094117 0.098039 0.803922 0.098039 0.901961 0.098039 0.603922 0.298039 0.098039 0.603922 0.298039 0.098039 0.498039 0.501961 0.298039 0.701961 0.8 0.2 0.298039 0.701961 0.098039 0.803922 0.098039 0.6 0.4 0.098039 0.803922 0.098039 0.098039 0.803922 0.098039 0.498039 0.501961 0.8 0.2 0.498039 0.501961 0.098039 0.803922 0.098039 0.372549 0.627451 0.8 0.2 0.901961 0.098039 0.901961 0.098039 0.066666 0.843137 0.090196 0.082352 0.831373 0.086274 0.384314 0.615686 0.298039 0.701961 0.603922 0.298039 0.098039 0.603922 0.298039 0.098039 0.901961 0.098039 0.098039 0.803922 0.098039 0.498039 0.501961 0.298039 0.701961 0.8 0.2 0.298039 0.701961 0.098039 0.803922 0.098039 0.8 0.2 0.298039 0.701961 0.498039 0.501961 0.098039 0.803922 0.098039 0.901961 0.098039 0.298039 0.701961 0.298039 0.701961 0.298039 0.701961 0.298039 0.603922 0.098039 0.298039 0.603922 0.098039 0.298039 0.603922 0.098039 0.298039 0.603922 0.098039 0.298039 0.603922 0.098039 0.298039 0.298039 0.403922 0.247059 0.298039 0.454902 0.2 0.4 0.4 0.14902 0.14902 0.701961 0.14902 0.14902 0.701961 0.14902 0.14902 0.701961 0.14902 0.14902 0.701961 0.447059 0.019607 0.533333 0.447059 0.552941 0.466667 0.533333 0.447059 0.007843 0.545098 0.427451 0.019607 0.552941 0.2 0.4 0.4 0.098039 0.901961 0.447059 0.552941 0.2 0.4 0.4 0.447059 0.019607 0.533333 0.466667 0.533333 0.447059 0.552941 0.447059 0.007843 0.545098 0.427451 0.019607 0.552941 0.2 0.4 0.4 0.098039 0.901961 0.447059 0.552941 0.2 0.4 0.4 0.2 0.4 0.4 0.2 0.4 0.4 0.2 0.4 0.4 0.603922 0.298039 0.098039 0.298039 0.298039 0.403922 0.2 0.482353 0.317647 0.298039 0.298039 0.403922 0.2 0.4 0.4 0.2 0.4 0.4 0.2 0.4 0.4 0.603922 0.298039 0.098039 0.298039 0.298039 0.403922 0.2 0.482353 0.317647 0.098039 0.803922 0.098039 0.286274 0.709804 0.003921</float_array>
          <technique_common>
            <accessor source="#Controller-weights-array" count="1389" stride="1">
              <param name="WEIGHT" type="float"/>
            </accessor>
          </technique_common>
        </source>
        <joints>
          <input semantic="JOINT" source="#Controller-joints"/>
          <input semantic="INV_BIND_MATRIX" source="#Controller-bind_poses"/>
        </joints>
        <vertex_weights count="1398">
          <input semantic="JOINT" source="#Controller-joints" offset="0"/>
          <input semantic="WEIGHT" source="#Controller-weights" offset="1"/>
          <vcount>1 1 1 1 1 1 1 1 1 1 1 1 1 1 1 1 1 1 1 1 1 1 1 1 1 1 1 1 1 1 1 1 1 1 1 1 1 1 1 1 1 1 1 1 1 1 1 1 1 1 1 1 1 1 1 1 1 1 1 1 1 1 1 1 1 1 1 1 1 1 1 1 1 1 1 1 1 1 1 1 1 1 1 1 1 1 1 1 1 1 1 1 1 1 1 1 1 1 1 1 1 1 1 1 1 1 1 1 1 1 1 1 1 1 1 1 1 1 1 1 1 1 1 1 1 1 1 1 1 1 1 1 1 1 1 1 1 1 1 1 1 1 1 1 1 1 1 2 1 1 2 1 2 1 1 2 1 2 1 2 1 1 1 1 2 2 1 1 2 1 1 1 1 1 1 1 1 2 2 2 1 2 1 2 2 1 1 1 1 1 1 2 1 1 1 1 1 1 1 1 1 1 1 1 1 1 2 2 1 2 2 1 1 1 1 1 1 1 1 1 1 1 1 1 2 1 1 1 2 1 1 1 1 1 1 2 1 1 1 1 1 2 1 1 2 2 1 2 1 1 1 1 1 1 1 1 1 1 1 1 1 1 1 1 1 1 1 1 1 1 1 2 2 1 1 2 1 2 1 2 1 1 1 1 1 1 1 1 1 1 2 2 1 1 1 1 1 1 2 1 1 1 1 1 1 1 1 1 1 1 1 1 1 1 1 1 2 1 2 1 1 1 1 1 1 1 1 1 2 1 1 2 1 1 1 1 1 1 1 2 1 1 1 1 1 1 1 1 1 1 1 1 1 1 1 1 1 1 1 1 1 1 1 1 1 1 1 1 1 1 1 1 1 1 1 1 1 1 1 1 1 1 1 1 1 1 1 1 1 1 1 1 1 1 1 1 1 1 1 1 1 1 1 1 1 1 1 1 1 1 1 1 1 1 1 1 1 1 1 1 1 1 1 1 1 1 1 1 1 1 1 1 1 1 1 1 1 1 1 1 1 1 1 1 1 1 1 1 1 1 1 1 1 1 1 1 1 1 1 1 1 1 1 1 1 1 1 1 1 1 1 1 1 1 1 1 1 1 1 1 1 1 1 1 1 1 1 1 1 1 1 1 1 1 1 1 1 1 1 1 1 1 1 1 1 1 1 1 1 1 1 1 1 1 1 1 1 1 1 1 1 1 1 1 1 1 1 1 1 1 1 1 1 1 1 1 1 1 1 1 1 1 1 1 1 1 1 1 2 1 1 1 1 1 1 1 1 1 1 1 1 1 1 1 1 1 2 1 1 1 1 2 1 1 2 1 2 1 1 1 1 1 1 1 1 1 1 1 1 1 1 1 1 1 1 1 1 1 1 1 1 1 1 1 1 1 1 1 1 1 1 1 1 1 1 1 1 1 1 1 1 1 1 1 1 1 1 1 1 1 1 1 1 1 1 1 1 1 1 1 1 1 1 1 1 1 1 1 1 1 1 1 1 1 2 2 1 2 2 1 2 2 1 2 1 3 1 1 1 2 2 1 3 1 2 1 1 1 3 1 1 2 2 1 1 3 2 1 1 2 1 3 2 1 1 1 1 1 1 1 1 1 1 1 1 1 1 1 1 1 1 1 1 1 1 1 1 1 1 1 1 1 1 1 1 1 1 1 1 1 1 1 1 1 1 1 1 1 1 1 1 1 1 1 1 1 1 1 1 1 1 1 1 1 1 1 1 1 1 1 1 1 1 1 1 1 1 1 1 1 1 1 1 1 1 1 1 1 1 1 1 1 1 1 1 1 1 1 1 1 1 1 1 1 1 1 1 1 1 1 1 1 1 1 1 1 1 1 1 1 2 2 2 2 2 2 2 2 2 2 2 2 2 2 2 2 2 2 2 2 2 2 2 2 2 2 2 2 2 2 2 2 2 2 2 2 2 2 2 2 2 2 2 2 2 2 2 2 2 2 2 2 2 2 2 2 2 2 2 2 2 2 2 2 2 2 2 2 2 2 2 2 2 2 2 2 2 2 2 2 2 2 2 2 2 2 2 2 2 2 2 2 2 2 2 2 2 2 2 2 2 2 2 2 2 2 2 2 2 2 2 2 2 2 2 2 2 2 2 2 2 2 2 2 2 2 2 2 2 2 2 2 2 2 2 2 2 2 2 2 2 2 2 2 2 2 2 2 2 2 2 2 2 2 2 3 2 2 2 2 3 2 2 2 2 2 2 2 2 3 2 2 2 3 2 3 2 2 2 2 2 2 2 2 2 2 2 2 2 2 2 2 2 2 2 2 2 2 2 2 2 2 2 2 2 2 2 2 2 2 2 2 2 2 2 2 2 2 2 2 2 2 2 2 2 2 2 2 2 3 2 2 3 2 2 1 1 2 2 2 2 2 2 2 2 2 2 2 2 2 2 2 2 2 2 2 2 2 2 2 2 2 2 2 2 2 2 2 2 2 2 2 2 2 2 2 2 2 2 2 2 2 2 2 2 2 2 2 2 2 2 2 2 2 2 3 2 3 2 2 2 3 2 2 2 3 3 2 2 2 2 2 3 2 2 2 2 2 2 2 2 2 2 2 2 2 2 2 2 2 2 2 2 2 2 2 2 2 2 2 2 2 3 3 2 2 2 2 2 2 2 2 2 2 2 2 2 2 2 2 2 2 2 2 2 2 2 2 2 2 2 2 2 2 2 2 2 2 2 2 2 3 2 3 2 3 2 2 3 2 2 2 2 2 2 2 2 2 2 2 2 2 2 2 2 2 2 2 2 2 2 2 2 2 2 2 2 2 2 2 2 3 3 2 2 2 2 2 3 3 2 2 2 2 2 2 2 2 2 2 2 2 2 2 2 2 2 2 2 2 2 1 2 2 1 1 3 2 2 2 2 3 3 2 3 3 2 2 3 1 3 2 3 3 2 2 3 3 2 2 2 2 2 2 2 2 2 2 2 2 2 2 2 2 2 3 2 3 2 3 2 3 3 2 3 3 2 2 2 2 3 2 3 3 2 2 2 3 2 2 2 2 3 3 2 2 3 3 2 3 2 2 2 2 3 2 2 2 3 2 2 2 2 3 3 3 3 3 3 3 3 3 3 3 3 3 2 2 3 3 3 2 2 3 3 2 2 3 3 3 2 2 3 3 3 3 3 3 3 3 3 3 3 3 3 3 3 3 </vcount>
          <v>12 0 12 0 12 0 12 0 12 0 12 0 12 0 12 0 12 0 12 0 12 0 12 0 12 0 12 0 12 0 12 0 12 0 12 0 12 0 12 0 12 0 12 0 12 0 12 0 12 0 12 0 12 0 12 0 12 0 12 0 12 0 12 0 12 0 12 0 12 0 12 0 12 0 12 0 12 0 12 0 12 0 12 0 12 0 12 0 12 0 12 0 12 0 12 0 12 0 12 0 12 0 12 0 12 0 12 0 12 0 12 0 12 0 12 0 12 0 12 0 12 0 12 0 12 0 12 0 12 0 12 0 12 0 12 0 12 0 12 0 12 0 12 0 9 0 9 0 9 0 9 0 9 0 9 0 9 0 9 0 9 0 9 0 9 0 9 0 9 0 9 0 9 0 9 0 9 0 9 0 12 0 12 0 12 0 12 0 12 0 12 0 12 0 12 0 12 0 12 0 12 0 12 0 12 0 12 0 12 0 12 0 12 0 12 0 12 0 12 0 12 0 12 0 12 0 12 0 12 0 12 0 12 0 12 0 12 0 12 0 12 0 12 0 12 0 12 0 12 0 12 0 12 0 12 0 12 0 12 0 12 0 12 0 12 0 12 0 12 0 12 0 12 0 12 0 12 0 12 0 12 0 12 0 12 0 12 0 12 0 12 0 12 0 12 1 11 2 12 0 12 0 12 3 11 4 12 0 12 5 11 6 12 0 12 0 12 7 11 8 12 0 12 9 11 10 12 0 12 11 11 12 13 0 13 0 13 0 13 0 13 13 12 14 13 15 12 16 13 0 12 0 13 17 12 18 13 0 13 0 13 0 12 0 12 0 12 0 12 0 12 0 13 19 12 20 13 21 12 22 13 23 12 24 13 0 13 25 12 26 12 0 13 27 12 28 13 29 12 30 12 0 13 0 13 0 13 0 13 0 13 0 13 31 12 32 13 0 13 0 13 0 17 0 17 0 17 0 17 0 17 0 17 0 17 0 17 0 17 0 17 0 17 0 17 33 16 34 17 35 16 36 17 0 17 37 16 38 17 39 16 40 17 0 17 0 17 0 17 0 17 0 17 0 17 0 17 0 17 0 17 0 17 0 17 0 17 0 17 41 16 42 17 0 17 0 4 0 4 43 3 44 4 0 4 0 4 0 4 0 4 0 4 0 4 45 3 46 4 0 4 0 4 0 4 0 4 0 4 47 3 48 4 0 4 0 4 49 3 50 4 51 3 52 4 0 4 53 3 54 4 0 4 0 4 0 4 0 4 0 4 0 4 0 4 0 4 0 4 0 4 0 4 0 4 0 4 0 4 0 4 0 4 0 4 0 4 0 4 0 4 0 4 0 4 0 4 55 3 56 4 57 3 58 7 0 7 0 7 59 6 60 7 0 7 61 6 62 7 0 7 63 6 64 7 0 7 0 7 0 7 0 7 0 7 0 7 0 7 0 7 0 7 0 7 65 6 66 7 67 6 68 7 0 7 0 7 0 7 0 7 0 7 0 7 69 6 70 7 0 7 0 7 0 7 0 7 0 7 0 7 0 7 0 7 0 7 0 7 0 7 0 7 0 7 0 7 0 7 0 7 0 7 71 6 72 7 0 7 73 6 74 9 0 9 0 9 0 9 0 9 0 9 0 9 0 9 0 9 0 9 75 8 76 9 0 9 0 9 77 8 78 9 0 9 0 9 0 9 0 9 0 9 0 9 0 9 79 8 80 9 0 9 0 9 0 9 0 9 0 9 0 9 0 9 0 9 0 9 0 9 0 9 0 9 0 9 0 9 0 9 0 9 0 9 0 9 0 9 0 9 0 9 0 9 0 9 0 9 0 9 0 9 0 9 0 9 0 9 0 9 0 9 0 9 0 9 0 9 0 9 0 9 0 9 0 9 0 9 0 9 0 9 0 9 0 9 0 9 0 9 0 9 0 9 0 9 0 9 0 9 0 9 0 9 0 9 0 9 0 9 0 9 0 9 0 9 0 9 0 9 0 9 0 9 0 9 0 9 0 9 0 9 0 9 0 9 0 9 0 9 0 9 0 9 0 9 0 9 0 9 0 9 0 9 0 9 0 9 0 9 0 9 0 9 0 9 0 9 0 9 0 9 0 9 0 9 0 9 0 9 0 9 0 9 0 9 0 9 0 9 0 9 0 9 0 9 0 9 0 9 0 9 0 9 0 9 0 9 0 9 0 9 0 9 0 9 0 9 0 9 0 9 0 9 0 9 0 9 0 9 0 9 0 9 0 9 0 9 0 9 0 9 0 9 0 9 0 9 0 9 0 9 0 9 0 9 0 9 0 9 0 9 0 9 0 9 0 9 0 9 0 9 0 9 0 9 0 9 0 9 0 9 0 9 0 9 0 9 0 9 0 9 0 9 0 9 0 9 0 9 0 9 0 9 0 9 0 9 0 9 0 9 0 9 0 9 0 9 0 9 0 9 0 9 0 9 0 9 0 9 0 9 0 9 0 9 0 9 0 9 0 9 0 9 0 9 0 9 0 9 0 9 0 9 0 9 0 9 0 9 0 9 0 9 0 9 0 9 0 9 0 9 0 9 0 9 0 9 0 9 0 9 0 9 0 9 0 9 0 9 0 9 0 9 0 9 0 9 0 9 0 9 0 9 0 9 0 9 0 9 0 9 0 9 0 9 81 8 82 9 0 9 0 9 0 9 0 9 0 9 0 9 0 9 0 9 0 9 0 9 0 9 0 9 0 9 0 9 0 9 0 9 0 9 83 8 84 9 0 9 0 9 0 9 0 9 85 8 86 9 0 9 0 9 87 8 88 9 0 9 89 8 90 9 0 9 0 9 0 9 0 9 0 9 0 9 0 9 0 9 0 9 0 9 0 9 0 9 0 9 0 9 0 9 0 9 0 9 0 9 0 9 0 9 0 9 0 9 0 9 0 9 0 9 0 9 0 9 0 9 0 9 0 9 0 9 0 9 0 9 0 9 0 9 0 9 0 9 0 9 0 9 0 9 0 9 0 9 0 9 0 9 0 9 0 9 0 9 0 9 0 9 0 9 0 9 0 9 0 9 0 9 0 9 0 9 0 9 0 9 0 9 0 9 0 9 0 9 0 9 0 9 0 9 0 9 0 9 0 9 0 9 0 9 0 9 0 9 0 9 0 9 0 9 0 8 0 9 91 8 92 10 93 8 94 8 0 9 95 8 96 10 97 8 98 8 0 9 99 8 100 9 101 8 102 8 0 9 103 8 104 8 0 11 105 10 106 8 107 8 0 8 0 8 0 10 108 8 109 8 110 1 111 8 0 11 112 10 113 8 114 8 0 10 115 8 116 8 0 8 0 8 0 15 117 14 118 8 119 8 0 8 0 14 120 8 121 8 122 1 123 8 0 8 0 15 124 14 125 8 126 10 127 8 128 8 0 16 0 16 129 15 130 16 0 17 131 16 132 15 133 16 134 15 135 18 0 18 0 18 0 18 0 18 0 18 0 18 0 18 0 18 0 18 0 18 0 18 0 18 0 18 0 18 0 18 0 18 0 18 0 18 0 18 0 18 0 18 0 18 0 18 0 18 0 18 0 18 0 18 0 18 0 18 0 18 0 18 0 18 0 18 0 18 0 18 0 18 0 18 0 18 0 18 0 18 0 18 0 18 0 18 0 18 0 18 0 18 0 18 0 18 0 18 0 18 0 18 0 18 0 18 0 18 0 18 0 18 0 18 0 18 0 18 0 18 0 18 0 18 0 18 0 18 0 18 0 18 0 18 0 18 0 18 0 18 0 18 0 18 0 18 0 18 0 18 0 18 0 18 0 18 0 18 0 18 0 18 0 18 0 18 0 18 0 18 0 18 0 18 0 18 0 18 0 18 0 18 0 18 0 18 0 18 0 18 0 18 0 18 0 18 0 18 0 18 0 18 0 18 0 18 0 18 0 18 0 18 0 18 0 18 0 18 0 18 0 18 0 18 0 18 0 18 0 18 0 18 0 12 136 11 137 12 138 11 139 12 140 11 141 12 142 11 143 12 144 11 145 12 146 11 147 12 148 11 149 12 150 11 151 12 152 11 153 12 154 11 155 12 156 11 157 12 158 11 159 12 160 11 161 12 162 11 163 12 164 11 165 12 166 11 167 12 168 11 169 12 170 11 171 12 172 11 173 12 174 11 175 12 176 11 177 12 178 11 179 12 180 11 181 12 182 11 183 12 184 11 185 12 186 11 187 12 188 11 189 12 190 11 191 12 192 11 193 12 194 11 195 12 196 11 197 12 198 11 199 12 200 11 201 12 202 11 203 12 204 11 205 12 206 11 207 12 208 11 209 12 210 11 211 12 212 11 213 12 214 11 215 12 216 11 217 12 218 11 219 12 220 11 221 12 222 11 223 12 224 11 225 12 226 11 227 12 228 11 229 12 230 11 231 12 232 11 233 12 234 11 235 12 236 11 237 12 238 11 239 12 240 11 241 12 242 11 243 12 244 11 245 12 246 11 247 12 248 11 249 12 250 11 251 12 252 11 253 12 254 11 255 12 256 11 257 12 258 11 259 12 260 11 261 12 262 11 263 12 264 11 265 12 266 11 267 12 268 11 269 12 270 11 271 12 272 11 273 12 274 11 275 12 276 11 277 12 278 11 279 17 280 16 281 17 282 16 283 17 284 16 285 17 286 16 287 17 288 16 289 17 290 16 291 17 292 16 293 17 294 16 295 17 296 16 297 17 298 16 299 17 300 16 301 17 302 16 303 17 304 16 305 17 306 16 307 17 308 16 309 17 310 16 311 17 312 16 313 17 314 16 315 12 316 11 317 12 318 11 319 12 320 11 321 12 322 11 323 12 324 11 325 12 326 11 327 12 328 11 329 12 330 11 331 12 332 11 333 12 334 11 335 12 336 11 337 12 338 11 339 12 340 11 341 12 342 11 343 12 344 11 345 12 346 11 347 12 348 11 349 12 350 11 351 12 352 11 353 12 354 11 355 12 356 11 357 12 358 11 359 12 360 11 361 12 362 11 363 12 364 11 365 12 366 11 367 12 368 11 369 12 370 11 371 12 372 11 373 12 374 11 375 12 376 11 377 12 378 11 379 12 380 11 381 12 382 11 383 12 384 11 385 12 386 11 387 12 388 11 389 12 390 11 391 12 392 11 393 12 394 11 395 12 396 11 397 12 398 11 399 12 400 11 401 12 402 11 403 12 404 11 405 12 406 11 407 12 408 11 409 12 410 11 411 12 412 11 413 12 414 11 415 12 416 11 417 12 418 11 419 12 420 11 421 12 422 11 423 12 424 11 425 12 426 11 427 12 428 11 429 12 430 11 431 11 432 10 433 11 434 10 435 11 436 10 437 11 438 10 439 11 440 10 441 11 442 10 443 11 444 10 445 11 446 10 447 8 448 11 449 10 450 11 451 10 452 11 453 10 454 11 455 10 456 11 457 10 458 8 459 11 460 10 461 11 462 10 463 11 464 10 465 11 466 10 467 11 468 10 469 11 470 10 471 11 472 10 473 11 474 10 475 11 476 10 477 8 478 11 479 10 480 11 481 10 482 11 483 10 484 11 485 10 486 8 487 11 488 10 489 11 490 10 491 8 492 11 493 10 494 11 495 10 496 11 497 10 498 11 499 10 500 11 501 10 502 11 503 10 504 11 505 10 506 11 507 10 508 11 509 10 510 11 511 10 512 11 513 10 514 11 515 10 516 11 517 10 518 11 519 10 520 11 521 10 522 11 523 10 524 11 525 10 526 11 527 10 528 11 529 10 530 11 531 10 532 11 533 10 534 11 535 10 536 11 537 10 538 11 539 10 540 11 541 10 542 11 543 10 544 11 545 10 546 11 547 10 548 11 549 10 550 11 551 10 552 11 553 10 554 11 555 10 556 11 557 10 558 11 559 10 560 11 561 10 562 11 563 10 564 11 565 10 566 11 567 10 568 11 569 10 570 11 571 10 572 11 573 10 574 11 575 10 576 11 577 10 578 11 579 10 580 11 581 10 582 11 583 10 584 11 585 10 586 11 587 10 588 11 589 10 590 11 591 10 592 11 593 10 594 10 595 8 596 10 597 8 598 11 599 10 600 8 601 10 602 8 603 10 604 8 605 11 606 10 607 8 608 10 609 8 610 10 611 8 612 12 0 13 0 17 613 16 614 17 615 16 616 17 617 16 618 17 619 16 620 17 621 16 622 17 623 16 624 17 625 16 626 17 627 16 628 17 629 16 630 17 631 16 632 17 633 16 634 17 635 16 636 17 637 16 638 17 639 16 640 17 641 16 642 17 643 16 644 17 645 16 646 17 647 16 648 17 649 16 650 17 651 16 652 17 653 16 654 4 655 3 656 4 657 3 658 4 659 3 660 4 661 3 662 4 663 3 664 4 665 3 666 4 667 3 668 4 669 3 670 4 671 3 672 4 673 3 674 4 675 3 676 4 677 3 678 4 679 3 680 4 681 3 682 4 683 3 684 4 685 3 686 4 687 3 688 4 689 3 690 4 691 3 692 4 693 3 694 4 695 3 696 4 697 3 698 4 699 3 700 4 701 3 702 4 703 3 704 4 705 3 706 4 707 3 708 4 709 3 710 4 711 3 712 4 713 3 714 4 715 3 716 4 717 3 718 4 719 3 720 4 721 3 722 8 723 1 724 8 725 1 726 8 727 1 728 8 729 2 730 1 731 8 732 1 733 8 734 2 735 1 736 2 737 1 738 2 739 1 740 2 741 1 742 8 743 2 744 1 745 8 746 1 747 8 748 1 749 8 750 1 751 5 752 2 753 1 754 5 755 2 756 1 757 3 758 2 759 3 760 2 761 3 762 2 763 2 764 1 765 3 766 2 767 5 768 2 769 1 770 3 771 2 772 3 773 2 774 3 775 2 776 3 777 2 778 3 779 2 780 3 781 2 782 3 783 2 784 3 785 2 786 3 787 2 788 4 789 3 790 4 791 3 792 4 793 3 794 4 795 3 796 4 797 3 798 4 799 3 800 4 801 3 802 4 803 3 804 4 805 3 806 4 807 3 808 4 809 3 810 4 811 3 812 4 813 3 814 4 815 3 816 3 817 2 818 3 819 2 820 3 821 2 822 3 823 2 824 3 825 2 826 2 827 1 828 5 829 2 830 1 831 5 832 2 833 1 834 7 835 6 836 7 837 6 838 7 839 6 840 7 841 6 842 7 843 6 844 7 845 6 846 7 847 6 848 7 849 6 850 7 851 6 852 7 853 6 854 7 855 6 856 7 857 6 858 7 859 6 860 7 861 6 862 7 863 6 864 7 865 6 866 7 867 6 868 7 869 6 870 7 871 6 872 7 873 6 874 7 875 6 876 7 877 6 878 7 879 6 880 7 881 6 882 7 883 6 884 7 885 6 886 7 887 6 888 7 889 6 890 7 891 6 892 7 893 6 894 7 895 6 896 7 897 6 898 7 899 6 900 7 901 6 902 8 903 1 904 8 905 1 906 8 907 1 908 8 909 5 910 1 911 5 912 1 913 5 914 2 915 1 916 8 917 1 918 8 919 5 920 1 921 5 922 1 923 5 924 1 925 8 926 5 927 1 928 5 929 1 930 6 931 5 932 6 933 5 934 8 935 1 936 8 937 1 938 5 939 1 940 6 941 5 942 6 943 5 944 6 945 5 946 8 947 1 948 7 949 6 950 7 951 6 952 7 953 6 954 7 955 6 956 7 957 6 958 7 959 6 960 7 961 6 962 7 963 6 964 6 965 5 966 6 967 5 968 6 969 5 970 7 971 6 972 7 973 6 974 6 975 5 976 6 977 5 978 6 979 5 980 6 981 5 982 7 983 6 984 7 985 6 986 7 987 6 988 6 989 5 990 6 991 5 992 5 993 2 994 1 995 5 996 2 997 1 998 7 999 6 1000 6 1001 5 1002 6 1003 5 1004 6 1005 5 1006 6 1007 5 1008 5 1009 2 1010 1 1011 5 1012 2 1013 1 1014 9 1015 8 1016 9 1017 8 1018 9 1019 8 1020 9 1021 8 1022 9 1023 8 1024 9 1025 8 1026 9 1027 8 1028 9 1029 8 1030 9 1031 8 1032 9 1033 8 1034 9 1035 8 1036 9 1037 8 1038 9 1039 8 1040 9 1041 8 1042 9 1043 8 1044 9 1045 8 1046 9 1047 8 1048 9 1049 8 1050 9 1051 8 1052 9 1053 8 1054 9 1055 8 1056 8 0 9 1057 8 1058 9 1059 8 1060 8 0 8 0 11 1061 10 1062 8 1063 8 1064 1 1065 8 1066 1 1067 10 1068 8 1069 8 1070 1 1071 8 1072 2 1073 1 1074 8 1075 2 1076 1 1077 8 1078 1 1079 11 1080 10 1081 8 1082 8 1083 2 1084 1 1085 8 1086 1 1087 8 1088 1 1089 8 1090 5 1091 1 1092 8 0 15 1093 14 1094 8 1095 8 1096 1 1097 8 1098 5 1099 1 1100 15 1101 14 1102 8 1103 8 1104 1 1105 8 1106 1 1107 8 1108 5 1109 1 1110 15 1111 14 1112 8 1113 8 1114 1 1115 12 1116 11 1117 12 1118 11 1119 12 1120 11 1121 12 1122 11 1123 12 1124 11 1125 12 1126 11 1127 12 1128 11 1129 12 1130 11 1131 12 1132 11 1133 12 1134 11 1135 12 1136 11 1137 12 1138 11 1139 12 1140 11 1141 12 1142 11 1143 12 1144 11 1145 12 1146 11 1147 12 1148 11 1149 10 1150 10 1151 8 1152 11 1153 10 1154 8 1155 12 1156 11 1157 12 1158 11 1159 10 1160 11 1161 10 1162 12 1163 11 1164 10 1165 12 1166 11 1167 10 1168 11 1169 10 1170 11 1171 10 1172 8 1173 11 1174 10 1175 8 1176 12 1177 11 1178 12 1179 11 1180 12 1181 11 1182 12 1183 11 1184 12 1185 11 1186 10 1187 10 1188 8 1189 12 1190 11 1191 10 1192 12 1193 11 1194 10 1195 12 1196 11 1197 12 1198 11 1199 16 1200 15 1201 16 1202 15 1203 14 1204 16 1205 15 1206 16 1207 15 1208 16 1209 15 1210 15 1211 14 1212 16 1213 15 1214 14 1215 16 1216 15 1217 14 1218 16 1219 15 1220 17 1221 16 1222 15 1223 14 1224 8 1225 15 1226 14 1227 8 1228 15 1229 14 1230 16 1231 15 1232 14 1233 16 1234 15 1235 16 1236 15 1237 16 1238 15 1239 16 1240 15 1241 16 1242 15 1243 14 1244 16 1245 15 1246 17 1247 16 1248 16 1249 15 1250 16 1251 15 1252 14 1253 16 1254 15 1255 17 1256 16 1257 17 1258 16 1259 17 1260 16 1261 11 1262 10 1263 8 1264 11 1265 10 1266 8 1267 11 1268 10 1269 8 1270 11 1271 10 1272 8 1273 11 1274 10 1275 8 1276 11 1277 10 1278 8 1279 11 1280 10 1281 8 1282 11 1283 10 1284 8 1285 5 1286 2 1287 1 1288 5 1289 2 1290 1 1291 5 1292 2 1293 1 1294 5 1295 2 1296 1 1297 8 1298 2 1299 1 1300 8 1301 1 1302 8 1303 1 1304 8 1305 2 1306 1 1307 8 1308 2 1309 1 1310 11 1311 10 1312 8 1313 10 1314 8 1315 8 1316 1 1317 11 1318 10 1319 8 1320 8 1321 5 1322 1 1323 8 1324 1 1325 8 1326 1 1327 8 1328 5 1329 1 1330 8 1331 5 1332 1 1333 15 1334 14 1335 8 1336 10 1337 8 1338 8 1339 1 1340 15 1341 14 1342 8 1343 11 1344 10 1345 8 1346 11 1347 10 1348 8 1349 11 1350 10 1351 8 1352 11 1353 10 1354 8 1355 11 1356 10 1357 8 1358 15 1359 14 1360 8 1361 15 1362 14 1363 8 1364 15 1365 14 1366 8 1367 15 1368 14 1369 8 1370 15 1371 14 1372 8 1373 15 1374 14 1375 8 1376 15 1377 14 1378 8 1379 15 1380 14 1381 8 1382 16 1383 15 1384 14 1385 17 1386 16 1387 15 1388</v>
        </vertex_weights>
      </skin>
      <extra>
        <technique profile="FCOLLADA">
          <user_properties>SkinController</user_properties>
        </technique>
      </extra>
    </controller>
  </library_controllers>
  <library_visual_scenes>
    <visual_scene id="VisualSceneNode" name="rdmscene">
      <node id="VisualSceneNode1" name="m8279b0001" sid="m8279b0001" type="JOINT">
        <matrix>100 0 0 0 0 100 -0.000016 0 0 0.000016 100 0 0 0 0 1</matrix>
        <node id="VisualSceneNode2" name="n_root" sid="n_root" type="JOINT">
          <matrix>1 0 0 0 0 1 0 0 0 0 1 0 0 0 0 1</matrix>
          <node id="VisualSceneNode3" name="n_hara" sid="n_hara" type="JOINT">
            <matrix>1 0 0 0 0 1 0 0.264624 0 0 1 0.011346 0 0 0 1</matrix>
            <node id="VisualSceneNode4" name="j_kosi" sid="j_kosi" type="JOINT">
              <matrix>-0.000000 0 1 0 -0.998853 0.047888 -0.000000 0 -0.047888 -0.998853 0 0 0 0 0 1</matrix>
              <node id="VisualSceneNode5" name="j_asi_a_l" sid="j_asi_a_l" type="JOINT">
                <matrix>0.997864 0.065315 0 0.026218 -0.065315 0.997864 0 0 0 0 1 0.028814 0 0 0 1</matrix>
                <node id="VisualSceneNode6" name="j_asi_b_l" sid="j_asi_b_l" type="JOINT">
                  <matrix>0.97375 -0.22762 0 0.089205 0.22762 0.97375 0 0 0 0 1 0 0 0 0 1</matrix>
                  <node id="VisualSceneNode7" name="j_asi_c_l" sid="j_asi_c_l" type="JOINT">
                    <matrix>0.405204 0.914226 0 0.095 -0.914227 0.405204 -0.000000 0 -0.000000 0 1 0 0 0 0 1</matrix>
                    <node id="VisualSceneNode8" name="j_asi_c_l_end" sid="j_asi_c_l_end" type="JOINT">
                      <matrix>1 0 0 0 0 1 0 0.095 0 0 1 0 0 0 0 1</matrix>
                    </node>
                  </node>
                </node>
              </node>
              <node id="VisualSceneNode9" name="j_asi_a_r" sid="j_asi_a_r" type="JOINT">
                <matrix>0.997864 0.065315 0 0.026218 -0.065315 0.997864 0 0 0 0 1 -0.028814 0 0 0 1</matrix>
                <node id="VisualSceneNode10" name="j_asi_b_r" sid="j_asi_b_r" type="JOINT">
                  <matrix>0.97375 -0.22762 0 0.089205 0.22762 0.97375 0 0 0 0 1 0 0 0 0 1</matrix>
                  <node id="VisualSceneNode11" name="j_asi_c_r" sid="j_asi_c_r" type="JOINT">
                    <matrix>0.405204 0.914226 0 0.095 -0.914227 0.405204 -0.000000 0 -0.000000 0 1 0 0 0 0 1</matrix>
                    <node id="VisualSceneNode12" name="j_asi_c_r_end" sid="j_asi_c_r_end" type="JOINT">
                      <matrix>1 0 0 0 0 1 0 0.095 0 0 1 0 0 0 0 1</matrix>
                    </node>
                  </node>
                </node>
              </node>
            </node>
            <node id="VisualSceneNode13" name="j_sebo" sid="j_sebo" type="JOINT">
              <matrix>-0.000000 0.000000 1 0 0.997564 0.069754 0.000000 0 -0.069754 0.997564 -0.000000 0 0 0 0 1</matrix>
              <node id="VisualSceneNode14" name="j_kao" sid="j_kao" type="JOINT">
                <matrix>0.998192 -0.060114 0 0.108665 0.060114 0.998191 0 0 0 0 1 0 0 0 0 1</matrix>
                <node id="VisualSceneNode15" name="j_kao_end" sid="j_kao_end" type="JOINT">
                  <matrix>1 0 0 0 0 1 0 0.088853 0 0 1 0 0 0 0 1</matrix>
                </node>
              </node>
              <node id="VisualSceneNode16" name="j_sako_l" sid="j_sako_l" type="JOINT">
                <matrix>0.013852 0.997469 -0.06974 0.078436 0.000484 0.06974 0.997565 -0.001271 0.999904 -0.013852 0.000482 0.008879 0 0 0 1</matrix>
                <node id="VisualSceneNode17" name="j_ude_a_l" sid="j_ude_a_l" type="JOINT">
                  <matrix>0.697595 -0.048779 0.714831 0.033103 -0.71302 0.049862 0.699367 0 -0.06975 -0.997564 0.000003 0 0 0 0 1</matrix>
                  <node id="VisualSceneNode18" name="j_ude_b_l" sid="j_ude_b_l" type="JOINT">
                    <matrix>0.984808 0.173633 0.000000 0.058791 -0.173632 0.984813 0.000008 0.000000 0.000000 -0.000008 1 -0.000002 0 0 0 1</matrix>
                    <node id="VisualSceneNode19" name="j_te_l" sid="j_te_l" type="JOINT">
                      <matrix>0.994313 -0.104534 0.020292 0.055564 0.104479 0.994526 0.002127 -0.000002 -0.020404 0.000004 0.999792 -0.000002 0 0 0 1</matrix>
                      <node id="VisualSceneNode20" name="j_te_l_end" sid="j_te_l_end" type="JOINT">
                        <matrix>1 -0.000005 -0.000004 -0.000000 -0.000005 1 0 0.055565 -0.000004 0 1 0 0 0 0 1</matrix>
                      </node>
                    </node>
                  </node>
                </node>
              </node>
              <node id="VisualSceneNode21" name="j_sako_r" sid="j_sako_r" type="JOINT">
                <matrix>0.013853 0.997469 0.069744 0.078436 0.000484 0.069744 -0.997565 -0.001271 -0.999904 0.013853 0.000483 -0.008879 0 0 0 1</matrix>
                <node id="VisualSceneNode22" name="j_ude_a_r" sid="j_ude_a_r" type="JOINT">
                  <matrix>0.69763 -0.048783 -0.714796 0.033103 -0.713055 0.049862 -0.699333 0 0.069757 0.997564 0.000000 0 0 0 0 1</matrix>
                  <node id="VisualSceneNode23" name="j_ude_b_r" sid="j_ude_b_r" type="JOINT">
                    <matrix>0.984807 0.173649 0 0.058792 -0.173649 0.984807 0 0 0.000000 0 1 0 0 0 0 1</matrix>
                    <node id="VisualSceneNode24" name="j_te_r" sid="j_te_r" type="JOINT">
                      <matrix>0.994315 -0.104528 -0.020292 0.055565 0.104507 0.994522 -0.002132 0 0.020404 0 0.999792 0 0 0 0 1</matrix>
                      <node id="VisualSceneNode25" name="n_buki_r" sid="n_buki_r" type="JOINT">
                        <matrix>-0.999976 0 -0.006931 0.030068 0 -1 0 0.002364 -0.006932 0 0.999976 0.00603 0 0 0 1</matrix>
                        <node id="VisualSceneNode26" name="n_buki_r_end" sid="n_buki_r_end" type="JOINT">
                          <matrix>1 0 0 0 0 1 0 0.030757 0 0 1 0 0 0 0 1</matrix>
                        </node>
                      </node>
                    </node>
                  </node>
                </node>
              </node>
            </node>
          </node>
        </node>
      </node>
      <node id="VisualSceneNode27" name="m8279b0001_Part_0_0" type="NODE">
        <matrix>1 0 0 0 0 1 0 0 0 0 1 0 0 0 0 1</matrix>
        <instance_controller url="#Controller">
          <skeleton>#VisualSceneNode1</skeleton>
          <bind_material>
            <technique_common>
              <instance_material symbol="VisualMaterial0" target="#VisualMaterial"/>
            </technique_common>
          </bind_material>
        </instance_controller>
      </node>
    </visual_scene>
  </library_visual_scenes>
  <scene>
    <instance_visual_scene url="#VisualSceneNode"/>
  </scene>
</COLLADA>
