<?xml version="1.0" encoding="utf-8"?>
<COLLADA xmlns="http://www.collada.org/2005/11/COLLADASchema" version="1.4.1" xmlns:xsi="http://www.w3.org/2001/XMLSchema-instance">
  <asset>
    <contributor>
      <author>Blender User</author>
      <authoring_tool>Blender 2.79.0 commit date:2018-03-22, commit time:14:10, hash:f4dc9f9d68b</authoring_tool>
    </contributor>
    <created>2023-03-11T20:04:42</created>
    <modified>2023-03-11T20:04:42</modified>
    <unit name="meter" meter="1"/>
    <up_axis>Z_UP</up_axis>
  </asset>
  <library_images>
    <image id="aang_png" name="aang_png">
      <init_from>aang.png</init_from>
    </image>
  </library_images>
  <library_effects>
    <effect id="aang_png-effect">
      <profile_COMMON>
        <newparam sid="aang_png-surface">
          <surface type="2D">
            <init_from>aang_png</init_from>
          </surface>
        </newparam>
        <newparam sid="aang_png-sampler">
          <sampler2D>
            <source>aang_png-surface</source>
          </sampler2D>
        </newparam>
        <technique sid="common">
          <lambert>
            <emission>
              <color sid="emission">0 0 0 1</color>
            </emission>
            <ambient>
              <color sid="ambient">0 0 0 1</color>
            </ambient>
            <diffuse>
              <texture texture="aang_png-sampler"/>
            </diffuse>
            <index_of_refraction>
              <float sid="index_of_refraction">1</float>
            </index_of_refraction>
          </lambert>
        </technique>
      </profile_COMMON>
    </effect>
  </library_effects>
  <library_materials>
    <material id="aang_png-material" name="aang_png">
      <instance_effect url="#aang_png-effect"/>
    </material>
  </library_materials>
  <library_geometries>
    <geometry id="aang-mesh" name="aang">
      <mesh>
        <source id="aang-mesh-positions">
          <float_array id="aang-mesh-positions-array" count="5577">-0.199809 -0.08259499 1.407879 -0.111908 -0.133441 1.399384 -0.123308 -0.139806 1.464334 -0.004618942 -0.146845 1.394817 -0.004648983 -0.162405 1.468339 0.101815 -0.13149 1.394496 0.114011 -0.139806 1.464334 -0.004626989 -0.12859 1.36596 0.1899 -0.08179998 1.398561 0.197729 -0.111343 1.471382 -0.317939 0.222647 1.6408 -0.324762 0.236659 1.590706 -0.380764 0.234907 1.608611 1.18e-4 0.258517 1.451904 1.4e-4 0.2427909 1.404413 -0.122044 0.231221 1.40621 -0.119957 0.252436 1.455095 -0.278158 0.2405329 1.465607 -0.336955 0.234359 1.477042 -0.333748 0.238475 1.524715 -0.272177 0.2420099 1.51246 -0.391566 0.234732 1.48422 -0.385978 0.236138 1.521961 -0.454304 0.229215 1.489461 -0.458796 0.227161 1.508786 -0.496118 0.2230409 1.49547 -0.447966 0.206841 1.499973 -0.450855 0.219742 1.461745 -0.397693 0.218551 1.450736 -0.384802 0.200714 1.500423 -0.346148 0.221015 1.438866 -0.33784 0.197066 1.500157 -0.283686 0.220796 1.425247 -0.298346 0.197362 1.490184 -0.26621 0.203794 1.481878 -0.2078689 0.219035 1.407531 -0.227867 0.21186 1.449914 -0.214891 0.238961 1.476002 -0.448283 0.116694 1.446573 -0.482884 0.1182 1.450336 -0.384975 0.117899 1.446663 -0.339895 0.11808 1.449759 -0.295032 0.1181679 1.455962 -0.265965 0.11935 1.451735 -0.204729 0.119499 1.418283 -0.163782 0.1811079 1.353548 -0.1781229 0.09931999 1.356741 0.37646 0.192329 1.493381 0.327814 0.188509 1.491672 0.333687 0.208553 1.423219 0.384705 0.207771 1.438183 0.324869 0.227014 1.497496 0.383015 0.223713 1.505297 0.380996 0.216934 1.468833 0.329212 0.2212589 1.457966 0.288301 0.187965 1.489534 0.2569 0.189427 1.481194 0.268914 0.206602 1.40768 0.264571 0.235309 1.490048 0.267963 0.224677 1.441573 0.451672 0.2219319 1.507982 0.450994 0.2179329 1.48513 0.492151 0.212154 1.500206 0.447324 0.200224 1.493812 0.45221 0.208678 1.468529 0.2090719 0.199106 1.448961 0.191762 0.205765 1.404324 0.202042 0.240263 1.476002 0.510273 -0.01632797 1.531645 0.463713 -0.02390795 1.523426 0.459913 -0.02929198 1.497855 0.231521 -0.08429795 1.415708 0.227419 -0.07572799 1.477392 0.155768 -0.06542098 1.356229 0.160373 -0.006486952 1.356011 0.1827329 -0.039303 1.41731 0.225029 -0.03224295 1.446892 0.263373 -0.013695 1.481742 0.275 -0.07181495 1.429533 0.304911 -0.004434943 1.509856 0.322838 -0.05916398 1.447546 0.349524 -0.00306195 1.503187 0.365281 -0.04959595 1.459678 0.394354 5.93e-4 1.508637 0.412627 -0.04208999 1.477369 0.453775 -0.002562999 1.511954 0.269212 -0.057962 1.485852 0.263296 -0.04379999 1.543429 0.2250339 -0.06765699 1.526095 0.318107 -0.04920297 1.497165 0.309763 -0.02949297 1.569244 0.367348 -0.04431796 1.506494 0.362204 -0.02428597 1.561923 0.415349 -0.03580695 1.513989 0.416871 -0.02169996 1.553074 0.466904 -0.01717096 1.543534 0.447264 0.04600495 1.47369 0.485714 0.03960299 1.460224 0.384059 0.04573398 1.475165 0.334886 0.041857 1.483798 0.291591 0.03971099 1.488048 0.257304 0.02707499 1.484637 0.179952 0.01000195 1.431438 -0.472044 7.27e-4 1.545751 -0.519065 -0.006855964 1.537134 -0.467203 -0.009641945 1.526295 -0.203643 -0.097525 1.471382 -0.2461529 -0.05633699 1.513963 -0.256806 -0.06160795 1.481016 -0.463176 0.001031994 1.516577 -0.459466 -0.01495295 1.490491 -0.238458 -0.005565941 1.47405 -0.205426 -0.02083498 1.425178 -0.265002 -0.05733197 1.419013 -0.316243 0.00107795 1.491363 -0.336055 -0.03801196 1.440112 -0.374368 -0.03232097 1.452305 -0.356151 0.001212954 1.505708 -0.342798 0.04463797 1.473168 -0.300824 0.03971099 1.477119 -0.285612 -0.043612 1.487951 -0.302631 -0.04333895 1.430072 -0.274363 -0.03099799 1.536232 -0.285006 -5.8e-5 1.484473 -0.271453 0.03485196 1.470105 -0.325994 -0.03102397 1.496459 -0.312073 -0.007847964 1.574418 -0.367213 -0.023126 1.505142 -0.358822 0.001344978 1.567089 -0.494947 0.03960299 1.460224 -0.456497 0.04600495 1.450425 -0.404207 0.002186954 1.50935 -0.415496 -0.024854 1.469159 -0.393293 0.04573398 1.46737 -0.415646 -0.01605099 1.515278 -0.420271 0.004563987 1.556685 -0.199634 0.009970963 1.431438 0.06348699 -0.146685 1.954703 0.06853997 -0.15092 1.982891 0.05843394 -0.1541849 1.966413 0.05422794 -0.1417289 1.925246 0.072564 -0.128664 1.93364 0.05463498 -0.156488 1.974886 0.05029398 -0.158222 1.971421 0.05023699 -0.1562539 1.957612 0.05065095 -0.161969 1.984052 0.375742 0.117899 1.449503 0.33066 0.11808 1.452599 0.285798 0.1181679 1.458802 0.315176 0.232748 1.583424 0.394971 0.226473 1.600726 0.308706 0.222647 1.6408 0.256646 -0.01945197 1.585546 0.231709 -0.04155194 1.573184 0.25673 0.11935 1.454575 0.242602 0.003316998 1.660135 0.257261 0.236667 1.571573 0.553385 0.203182 1.508412 0.559617 0.1989549 1.523951 0.586425 0.195446 1.515675 0.5798 0.199452 1.500432 0.535433 0.19493 1.516749 0.543591 0.191317 1.53257 0.605945 0.189395 1.507414 0.596713 0.19238 1.483764 0.713 0.172531 1.433937 0.720994 0.167468 1.457554 0.813007 0.157355 1.419173 0.818309 0.157431 1.396738 0.834212 0.157185 1.411921 0.867077 0.173614 1.404125 0.861956 0.17997 1.389798 0.925438 0.182111 1.386449 0.918867 0.190587 1.369863 0.614438 0.183036 1.472744 0.621394 0.179377 1.504517 0.526501 0.205888 1.533891 0.526011 0.01524597 1.578565 0.547692 0.01056396 1.524764 0.552871 0.02270299 1.551935 0.478363 0.015778 1.593102 0.419953 0.02236294 1.611543 0.354809 0.01352196 1.626838 0.299989 0.004895985 1.641796 0.543451 0.03307998 1.544091 0.56662 0.1599889 1.544505 0.594221 0.159789 1.534021 0.566478 0.180151 1.472514 0.546969 0.1859109 1.48405 0.552813 0.16285 1.547816 0.586318 0.121717 1.554365 0.546489 0.143603 1.455654 0.586981 0.172426 1.462138 0.52823 0.183836 1.50124 0.609061 0.1608909 1.525413 0.705947 0.07945299 1.408657 0.701285 0.120436 1.399613 0.812398 0.120797 1.377689 0.816049 0.08693599 1.383303 0.819927 0.07549297 1.426825 0.7262 0.06532198 1.468625 0.731375 0.103781 1.484897 0.816926 0.107172 1.441114 0.726496 0.150143 1.477069 0.813224 0.14525 1.431365 0.705756 0.164766 1.415935 0.885873 0.03179496 1.38788 0.87509 0.01808297 1.365031 0.901716 0.021537 1.360412 0.859423 0.04543495 1.367291 0.870974 0.02460795 1.319622 0.853854 0.06167697 1.381899 0.869457 0.05544996 1.406976 0.835943 0.07526201 1.419884 0.851552 0.07188999 1.354949 0.850877 0.1195729 1.357567 0.875143 0.100196 1.423955 0.84441 0.107037 1.428577 0.869052 0.154135 1.410153 0.840532 0.145341 1.420043 0.855955 0.171158 1.37348 0.965742 0.04987198 1.336435 0.972799 0.05398499 1.347153 0.925977 0.04928797 1.380559 0.919565 0.04529196 1.365112 0.977396 0.05291897 1.327439 0.982593 0.05648195 1.334775 0.913252 0.03411096 1.347786 0.887891 0.008370995 1.330681 0.920416 0.03348398 1.275475 0.913849 0.03835999 1.267336 0.910751 0.04335099 1.275096 0.911916 0.02729696 1.268008 0.901044 0.036403 1.266712 0.901501 0.03995996 1.293708 0.916497 0.02465099 1.294297 0.913774 0.01728695 1.289277 0.90331 0.01505297 1.282713 0.886441 0.02917999 1.280701 0.890909 0.038688 1.287533 0.888125 0.04026699 1.32474 0.906383 0.02436196 1.328996 0.902645 0.01191395 1.31656 0.891315 0.009162962 1.312116 0.875261 0.02372497 1.308013 0.88002 0.03748697 1.321368 0.899224 0.01474499 1.330789 0.907939 0.03994196 1.334897 0.858925 0.05324995 1.341449 0.914949 0.05858296 1.339577 0.97314 0.188783 1.363226 0.975142 0.1932 1.352251 0.993345 0.11515 1.350251 0.970864 0.1166509 1.317893 0.958799 0.11751 1.323188 0.983387 0.116155 1.364192 0.959381 0.08534198 1.323068 0.970376 0.08654898 1.317192 0.989266 0.085527 1.344379 0.978773 0.08444499 1.356768 1.023007 0.104661 1.306432 1.022022 0.09438598 1.306137 0.98616 0.08251798 1.339908 0.969607 0.08380198 1.316085 0.960073 0.05127197 1.322924 0.96887 0.05344599 1.315023 1.00209 0.07156997 1.304526 1.001062 0.06147897 1.304458 0.987622 0.189116 1.34207 0.978951 0.189375 1.329532 0.96448 0.193476 1.334476 0.962651 0.159515 1.330843 0.977187 0.162042 1.326994 0.991126 0.160457 1.347057 0.982917 0.1569139 1.363834 0.991129 0.182645 1.34706 0.993572 0.154929 1.350578 0.976108 0.156992 1.325442 0.97208 0.120308 1.319644 0.99385 0.119495 1.350977 0.975332 0.094774 1.270539 0.968786 0.1025789 1.271597 0.977109 0.09878396 1.266751 0.973791 0.10983 1.274853 0.971788 0.105622 1.279135 0.977293 0.104844 1.266595 0.971327 0.100477 1.279807 0.997292 0.09634196 1.271596 0.994534 0.09011995 1.277472 0.989034 0.106952 1.290809 0.992145 0.11348 1.284166 0.995292 0.113047 1.276919 0.997577 0.105744 1.271353 0.990252 0.09136098 1.287053 0.988321 0.09896999 1.291852 1.021658 0.09536796 1.294165 1.014779 0.08959096 1.294525 0.998961 0.108602 1.306073 1.006696 0.113274 1.305676 1.017176 0.112397 1.295317 1.022644 0.104721 1.294461 1.001766 0.09144598 1.305051 0.99716 0.09806597 1.305846 1.015143 0.08803898 1.306496 1.01754 0.113093 1.307289 0.954067 0.06381601 1.278113 0.948371 0.07207298 1.280182 0.955239 0.06758397 1.273869 0.954376 0.07906198 1.282004 0.953075 0.075127 1.286787 0.955746 0.07361096 1.273418 0.952461 0.070046 1.287761 0.975806 0.06393098 1.274484 0.973988 0.05808395 1.281068 0.972448 0.07563197 1.294526 0.974467 0.08173799 1.287105 0.97598 0.08088099 1.279386 0.976595 0.07328099 1.273784 0.971911 0.05989098 1.291271 0.971497 0.06774997 1.296037 0.999548 0.06219696 1.292572 0.992725 0.05644696 1.293673 0.978122 0.07431197 1.306465 0.985797 0.08030796 1.305216 0.99523 0.07925397 1.29391 1.000576 0.07154995 1.29264 0.980789 0.05848896 1.305376 0.976296 0.06383198 1.306499 0.99424 0.05527496 1.30556 0.996744 0.07988297 1.305797 0.964606 0.162936 1.279584 0.957823 0.170518 1.280765 0.966618 0.167306 1.276353 0.962354 0.183133 1.285104 0.960075 0.1785179 1.288787 0.966684 0.1733559 1.27677 0.959671 0.173327 1.288942 0.986347 0.1647019 1.282735 0.983216 0.1635529 1.287747 0.976201 0.178992 1.302025 0.979737 0.186152 1.296311 0.983516 0.186439 1.289365 0.986448 0.174088 1.28338 0.978086 0.163837 1.296982 0.975574 0.170938 1.302265 1.007885 0.169803 1.310309 1.001674 0.163305 1.310091 0.982769 0.183842 1.319053 0.989811 0.18622 1.319299 1.001491 0.186249 1.31027 1.007814 0.179212 1.310353 0.987372 0.163969 1.318954 0.981878 0.166886 1.3189 1.006792 0.17909 1.322295 1.006861 0.169681 1.322251 1.000652 0.163184 1.322033 1.000468 0.186128 1.322213 0.913064 0.184736 1.343148 0.913351 0.119179 1.338848 0.935197 0.112965 1.400633 0.932185 0.163102 1.394156 0.974427 0.13434 1.264759 0.967233 0.1415719 1.265675 0.976546 0.1389639 1.261982 0.971025 0.148463 1.270811 0.968608 0.143558 1.273998 0.976303 0.144978 1.262729 0.968422 0.138355 1.273831 0.995666 0.136758 1.270121 0.992379 0.129583 1.274428 0.983353 0.143885 1.288762 0.987101 0.1514959 1.283818 0.991513 0.1523309 1.277303 0.995291 0.146088 1.271279 0.98638 0.129132 1.283117 0.983063 0.135812 1.288504 1.013319 0.135065 1.302477 1.007569 0.1281599 1.302188 0.987312 0.1443189 1.31046 0.993957 0.150318 1.31081 1.005835 0.15104 1.302073 1.012614 0.144448 1.302401 0.993032 0.127951 1.310686 0.987144 0.133637 1.31042 1.011297 0.144388 1.314315 1.012002 0.1350049 1.314391 1.006252 0.1281 1.314102 1.004518 0.1509799 1.313987 0.599146 0.06433498 1.435761 0.592816 0.119989 1.42348 0.626648 0.04514598 1.517196 0.633676 0.09737199 1.539293 0.628268 0.146905 1.522094 0.601689 0.166761 1.445527 0.550963 0.07100498 1.458052 0.544433 0.120186 1.448401 0.526922 0.04813998 1.470016 0.507141 0.11951 1.461124 0.575827 0.054048 1.525452 0.586004 0.1001999 1.552923 0.545178 0.09050697 1.565743 0.541968 0.1712419 1.568808 0.513897 0.192477 1.49782 0.125532 0.164664 1.308814 0.123102 0.155532 1.277811 0.08099299 0.180009 1.278102 0.09055799 0.180396 1.308365 0.151795 0.09921699 1.308727 0.152965 0.085693 1.279752 0.151776 -0.009673953 1.308818 0.146353 -0.004483997 1.279533 0.137827 -0.06597697 1.3081 0.1367149 -0.06076598 1.278017 0.08134299 -0.102769 1.309127 0.075809 -0.100602 1.279044 0.130461 0.142566 1.239486 0.08300596 0.170256 1.239061 0.157717 0.07355099 1.239252 0.1566399 -0.002671957 1.239656 0.142871 -0.06064695 1.241885 0.06989496 -0.09194898 1.242822 0.132742 0.136054 1.200188 0.08300596 0.16374 1.201009 0.154587 0.071074 1.200288 0.155093 -0.002671957 1.200519 0.142885 -0.06550496 1.20197 0.069902 -0.09323197 1.2044 0.141894 0.136061 1.135683 0.08449995 0.163744 1.131743 0.164399 0.07108098 1.135961 0.164917 -0.002663969 1.136196 0.1523219 -0.06549799 1.137548 0.07095795 -0.09322899 1.135028 0.188248 0.218042 1.656969 0.199155 0.241509 1.603873 0.113304 0.255963 1.589274 0.099141 0.231068 1.662523 0.463574 0.228927 1.570057 0.503492 0.225106 1.552392 0.517492 0.207723 1.491177 0.531982 0.2170439 1.533484 0.43905 0.116694 1.449413 0.473651 0.1182 1.450336 0.509382 0.119068 1.447056 0.532489 0.03319698 1.456632 0.5608 0.08417201 1.582083 0.539944 0.08338797 1.626132 0.487388 0.083467 1.648008 0.423469 0.08721095 1.663209 0.351155 0.08527195 1.68976 0.292217 0.08508998 1.711578 0.170801 0.172551 1.733295 0.20348 0.175451 1.706563 0.091488 0.200372 1.732688 0.116313 0.155475 1.778443 0.091488 0.175178 1.780965 0.17153 -0.008782982 1.735972 0.156449 -0.05516695 1.720596 0.170728 -0.07404696 1.66638 0.205273 0.004772961 1.69068 0.09593397 -0.113632 1.360944 0.188056 -0.101101 1.565111 0.107827 -0.139434 1.555693 0.1809549 -0.08249199 1.61008 0.104471 -0.125097 1.60175 0.100044 -0.115142 1.644786 0.091524 -0.09883099 1.705318 0.548752 0.181311 1.572516 0.524276 0.189373 1.597423 0.486928 0.18249 1.619224 0.42353 0.170136 1.649258 0.347282 0.171245 1.675788 0.285002 0.160005 1.700235 0.263949 0.217179 1.66247 0.1690649 0.113608 1.773085 0.224496 0.131076 1.734199 0.1845149 0.04723197 1.757203 0.222517 0.065476 1.734027 0.200018 0.244414 1.549921 0.113311 0.250215 1.524791 0.257275 0.233451 1.622966 0.12012 0.23118 1.399554 0.110723 0.253431 1.455095 0.1487399 0.181114 1.353548 0.106842 0.1956419 1.351409 0.180106 0.119522 1.412357 0.155529 0.09924596 1.35568 0.254248 0.07871097 1.721956 0.254615 0.154287 1.714049 0.136409 0.1020089 1.801173 0.08690696 0.148011 1.810869 0.1518599 0.03331696 1.785299 0.1408089 -0.03281897 1.764957 0.08479398 -0.08488899 1.745207 -0.264118 -0.01422697 1.585546 -0.236032 -0.04067397 1.573184 -0.251836 0.003316998 1.660135 -0.129524 -0.05803596 0.080904 -0.116356 -0.148079 0.058878 -0.105088 -0.119772 0.04762995 -0.154048 -0.09040397 0.08327698 -0.187161 -0.05567198 0.07386898 -0.201091 -0.149514 0.05387097 -0.155538 -0.153924 0.06427597 -0.217911 -0.11817 0.04223495 -0.219655 -0.15733 0.04477095 -0.131114 0.05117797 0.101433 -0.10951 0.01958996 0.110766 -0.10917 0.02121698 0.09821295 -0.117177 0.02578794 0.07431 -0.126327 -0.03059697 0.1106 -0.113689 -0.01662796 0.07431 -0.128992 0.05436497 0.07431 -0.09705895 -0.04381895 0.04052597 -0.191151 0.03158295 0.101428 -0.190895 0.03196698 0.07431 -0.191872 -0.001868963 0.07431 -0.191758 0.004293978 0.10311 -0.167961 0.05283397 0.101524 -0.169362 0.05543094 0.07431 -0.206609 -0.04381895 0.04052597 -0.176886 -0.266416 1.6e-4 -0.126842 -0.264395 1.6e-4 -0.1562449 -0.2326 0.04934597 -0.219365 -0.232299 1.6e-4 -0.09815895 -0.2332299 1.6e-4 -0.09315395 -0.18681 1.6e-4 -0.235845 -0.18681 1.6e-4 -0.116135 0.05460798 0 -0.09679299 -0.05144596 0 -0.210781 -0.05144596 10e-7 -0.17782 0.05460798 0 -0.104114 -0.132238 1.6e-4 -0.233083 -0.132238 1.6e-4 -0.1097609 -0.203801 0.04970896 -0.097144 -0.1538619 0.04993599 -0.113871 0.06495398 0.04071497 -0.208222 -0.20822 0.04528397 -0.178569 0.06495398 0.04071497 -0.153688 -0.04056197 0.124199 -0.153688 -0.06031197 0.10487 -0.177546 -0.01853698 0.111935 -0.115323 0.02049696 0.1530089 -0.1247259 -0.023781 0.165291 -0.152308 -0.02904796 0.174851 -0.176169 -0.01443898 0.163245 -0.191766 0.008366942 0.149915 -0.192296 0.03218895 0.1425729 -0.16677 0.05347299 0.139693 -0.141733 0.06081396 0.139614 -0.127957 0.05264896 0.139638 -0.107477 0.02711898 0.2340919 -0.116012 -0.02093696 0.23397 -0.148373 -0.02665799 0.234022 -0.174507 -0.008870959 0.23393 -0.197396 0.009319961 0.233897 -0.203242 0.03579998 0.234108 -0.165238 0.06289696 0.234208 -0.137125 0.07086896 0.234129 -0.121658 0.062011 0.234153 0.12029 -0.05803596 0.08683097 0.09585398 -0.119772 0.05355596 0.107121 -0.148079 0.06480497 0.1918579 -0.149514 0.059798 0.177926 -0.05567198 0.07979595 0.144814 -0.09040397 0.089203 0.146305 -0.153924 0.07020199 0.208678 -0.11817 0.04816198 0.210421 -0.15733 0.05069798 -0.004364967 0.052872 0.895467 -0.01247298 0.05055099 0.859725 -0.01066398 0.172791 0.893935 0.00169897 0.172773 0.903975 0.007425963 0.05055099 0.861946 0.01094096 -0.05914199 0.862616 -0.003859996 -0.05866199 0.878957 0.02463096 -0.148458 0.893617 -0.004372 -0.148461 0.89659 -0.003888964 -0.144504 0.932431 4.65e-4 0.186323 0.961832 0.015109 0.172756 0.894634 -0.019261 -0.05914199 0.857614 -0.03570699 -0.148464 0.888607 -0.196919 -0.03366994 1.010526 -0.155401 -0.108995 0.983188 -0.154681 -0.10268 1.00097 -0.09904998 -0.125285 0.992557 -0.100183 -0.1352609 0.943568 -0.004612982 -0.144242 0.98243 0.186605 -0.03366994 1.019093 0.144841 -0.10268 1.00637 0.146066 -0.108995 0.990083 -0.1687729 0.07969397 0.339421 -0.1331059 0.09239995 0.3416 -0.137876 0.08552896 0.290709 -0.07643598 0.02330696 0.416495 -0.09498 -0.03744995 0.413533 -0.104031 -0.02654099 0.346616 -0.08171796 0.03256297 0.347571 -0.114135 -0.024737 0.288295 -0.103455 0.032974 0.279469 -0.09654998 0.07340896 0.413189 -0.104844 0.08167397 0.344641 -0.1211799 0.074889 0.279607 -0.129018 0.09639495 0.408067 -0.147285 -0.032588 0.343569 -0.181259 -0.01051998 0.343477 -0.205816 0.01204895 0.343444 -0.213418 0.04490095 0.343655 -0.01856696 -0.06041795 0.797094 -0.011994 0.04661798 0.810508 -0.16538 -0.120259 0.898833 -0.213113 -0.03751695 0.918988 -0.223177 -0.04095697 0.857862 -0.169732 -0.124803 0.857756 -0.115215 -0.1524119 0.856678 -0.109601 -0.1479859 0.894517 -0.217377 0.05604195 0.934122 -0.1734279 0.17651 0.919639 -0.178246 0.161323 0.856936 -0.234677 0.04479199 0.857862 -0.09093695 0.199467 0.917828 -0.09327197 0.182843 0.858228 -0.128319 -0.160808 0.780924 -0.07608896 -0.163595 0.782137 -0.04350697 -0.151528 0.858267 -0.04149597 -0.140426 0.786123 -0.03406298 0.149478 0.859128 -0.277164 0.04808998 0.587302 -0.261364 0.04731899 0.507111 -0.247901 -0.02464395 0.498608 -0.286234 -5.3e-5 0.582503 -0.252319 0.05247098 0.696352 -0.266317 -0.004505991 0.691692 -0.2131749 6.09e-4 0.4679 -0.190666 0.04124099 0.473888 -0.245074 0.03790497 0.810762 -0.103081 -0.159674 0.599161 -0.103374 -0.157203 0.564385 -0.06759995 -0.13501 0.566364 -0.06739097 -0.136771 0.591329 -0.07668995 -0.12691 0.524971 -0.107709 -0.148537 0.521997 -0.102354 -0.166556 0.631005 -0.067963 -0.142569 0.627349 -0.065849 -0.154754 0.679003 -0.101373 -0.176271 0.676402 -0.08764696 -0.103031 0.496216 -0.108167 -0.123367 0.492883 -0.09086996 -0.06847196 0.467457 -0.204433 -0.12831 0.568387 -0.207127 -0.131066 0.601801 -0.262816 -0.03395897 0.578709 -0.04065597 -0.07276296 0.572624 -0.152204 -0.154796 0.565109 -0.151566 -0.15737 0.600645 -0.262756 -0.03749197 0.609912 -0.04314899 -0.07145696 0.619885 -0.02543097 0.025581 0.582836 -0.05324995 -0.073942 0.529952 -0.20296 -0.137894 0.624745 -0.26287 -0.03070396 0.549959 -0.1889359 -0.118034 0.525604 -0.154371 -0.146078 0.520912 -0.149829 -0.164361 0.632885 -0.143833 -0.043778 0.403402 -0.178241 -0.02161598 0.403464 -0.208416 0.006697952 0.405728 -0.216111 0.04748898 0.408499 -0.166032 0.08723998 0.409753 -0.070854 0.01400494 0.478317 -0.142522 -0.07512795 0.463789 -0.171927 -0.04740196 0.46567 -0.166734 0.07644796 0.47698 -0.128662 0.09034895 0.47995 -0.09238898 0.067384 0.481009 -0.203007 0.05943197 1.018114 -0.16663 0.162597 1.004044 -0.092197 0.1907269 0.981455 -0.005679965 -0.144189 1.033114 -0.08627897 -0.122028 1.040435 -0.03756695 0.02021497 0.505919 -0.06642895 -0.07545298 0.500296 -0.01154696 0.03503799 0.693302 -0.02739095 -0.06250798 0.686464 -0.186251 -0.09391999 0.494015 -0.149287 -0.121647 0.492134 -0.251087 -0.04866498 0.688348 -0.187159 -0.146632 0.67713 -0.145025 -0.1723729 0.67525 -0.233048 -0.04436397 0.797166 -0.177691 -0.133082 0.782805 -0.153842 -0.09441 1.05342 -0.184588 -0.02547699 1.067835 -0.187863 0.100715 0.591624 -0.179467 0.09237098 0.512607 -0.190792 0.111605 0.701667 -0.182434 0.152549 0.821499 -0.195358 0.07093596 1.07582 -0.150301 0.134598 1.061523 -0.122554 0.124213 0.588135 -0.122806 0.112925 0.509118 -0.123555 0.133402 0.698178 -0.09590399 0.173788 0.825909 -0.093037 0.177924 1.041765 -0.076545 0.09200698 0.510177 -0.05662 0.103295 0.589194 -0.04854595 0.112485 0.699237 -0.03920894 0.139442 0.820106 -9.75e-4 0.183607 1.039849 0.121881 0.05117797 0.10736 0.09993499 0.02121698 0.104139 0.100275 0.01958996 0.116692 0.107942 0.02578794 0.08023697 0.117093 -0.03059697 0.116526 0.104454 -0.01662796 0.08023697 0.119758 0.05436497 0.08023595 0.087825 -0.04381895 0.04645299 0.182637 -0.001868963 0.08023595 0.181662 0.03196698 0.08023595 0.181919 0.03158295 0.1073549 0.182525 0.004293978 0.109036 0.160127 0.05543094 0.08023595 0.158726 0.05283397 0.10745 0.197374 -0.04381895 0.04645299 0.159538 0.07970398 0.345348 0.128663 0.08552795 0.296636 0.123899 0.09239798 0.347527 0.09479498 -0.02655297 0.352543 0.08699899 -0.03746795 0.41946 0.06894797 0.023283 0.422422 0.072519 0.032543 0.353497 0.09424197 0.03296095 0.285396 0.104894 -0.024746 0.294222 0.08857196 0.07339197 0.419116 0.095649 0.08166199 0.350568 0.111973 0.07488298 0.285534 0.120228 0.09639 0.413993 0.13802 -0.03258496 0.349495 0.167728 -0.266878 0.006086945 0.147004 -0.232921 0.05527299 0.117478 -0.264848 0.006086945 0.08867597 -0.233554 0.006086945 0.210385 -0.232618 0.006086945 0.08364897 -0.1869429 0.006086945 0.226932 -0.1869429 0.006086945 0.201764 -0.05101799 0.005926966 0.08730399 -0.05101799 0.005926966 0.106781 0.05554497 0.005926966 0.168611 0.05554497 0.005926966 0.224158 -0.132143 0.006086945 0.09465497 -0.132143 0.006086945 0.100526 -0.2038 0.05563598 0.08790898 -0.1538619 0.05586296 0.104637 0.06495398 0.046642 0.198988 -0.20822 0.05121099 0.169335 0.06495398 0.046642 0.144453 -0.06031197 0.110796 0.144453 -0.04056197 0.1301259 0.168312 -0.01853698 0.117862 0.106088 0.02049696 0.158936 0.115491 -0.023781 0.171217 0.143074 -0.02904796 0.180777 0.166934 -0.01443898 0.169172 0.1825309 0.008366942 0.155842 0.183061 0.03218895 0.1485 0.157535 0.05347299 0.14562 0.118723 0.05264896 0.145564 0.09828299 0.02710396 0.240019 0.106791 -0.020949 0.239897 0.139123 -0.02665996 0.239948 0.165242 -0.008862972 0.239857 0.188118 0.009334981 0.2398239 0.19397 0.03581798 0.240034 0.156009 0.06290197 0.240135 0.1279219 0.07086396 0.240056 0.112465 0.06199997 0.2400799 0.171982 -0.01050496 0.349404 0.196533 0.01207196 0.349371 0.204141 0.044927 0.349582 0.005513966 0.04661798 0.814378 0.00959599 -0.06041795 0.803354 0.2141939 -0.04095697 0.864013 0.204348 -0.03751796 0.92567 0.157074 -0.120259 0.905317 0.161263 -0.124803 0.864015 0.09784698 -0.1479859 0.900614 0.103456 -0.1524119 0.864397 0.173032 0.161323 0.864929 0.1669189 0.17651 0.927579 0.209325 0.05604195 0.942729 0.226199 0.04479199 0.864534 0.08806097 0.182843 0.863414 0.084463 0.199467 0.921866 0.066854 -0.163595 0.788064 0.119084 -0.160808 0.786851 0.03055 -0.151528 0.86329 0.03226095 -0.140426 0.792049 0.02742999 0.149478 0.862552 0.238669 -0.02464395 0.504534 0.252131 0.04731899 0.513038 0.267929 0.04808998 0.593229 0.277002 -5.3e-5 0.58843 0.243084 0.05247098 0.702278 0.257082 -0.004505991 0.697619 0.20394 6.09e-4 0.473827 0.181433 0.04124099 0.479815 0.23584 0.03790497 0.816688 0.05836498 -0.13501 0.572291 0.09413897 -0.157203 0.570312 0.09384697 -0.159674 0.605088 0.05815798 -0.136771 0.597255 0.067456 -0.12691 0.530898 0.09847396 -0.148537 0.527924 0.09312099 -0.166556 0.636932 0.05872797 -0.142569 0.633276 0.05661499 -0.154754 0.68493 0.092139 -0.176271 0.682329 0.07841199 -0.103031 0.502143 0.09893298 -0.123367 0.49881 0.08163696 -0.06847196 0.473384 0.1951979 -0.12831 0.574314 0.253583 -0.03395897 0.584635 0.197894 -0.131066 0.607728 0.03142195 -0.07276296 0.578551 0.142331 -0.15737 0.606572 0.142972 -0.154796 0.571035 0.253522 -0.03749197 0.615838 0.03391396 -0.07145696 0.625812 0.01619595 0.025581 0.588762 0.04401499 -0.073942 0.535879 0.193725 -0.137894 0.630672 0.253637 -0.03070396 0.555886 0.179702 -0.118034 0.531531 0.145138 -0.146078 0.526838 0.140595 -0.164361 0.638812 0.134615 -0.04377895 0.409328 0.16816 -0.021604 0.409391 0.197582 0.006719946 0.411655 0.205099 0.04751294 0.414426 0.156302 0.08724695 0.415679 0.06161999 0.01400494 0.484244 0.1332899 -0.07512795 0.469716 0.162694 -0.04740196 0.471596 0.157499 0.07644796 0.482907 0.119429 0.09034895 0.485876 0.08315497 0.067384 0.486935 0.08930397 -0.1352609 0.948813 0.156419 0.162597 1.010558 0.192483 0.05943197 1.026795 0.08294296 0.1907269 0.98491 0.08138495 -0.125286 0.996521 0.07466697 -0.122028 1.043696 0.02833199 0.02021497 0.511846 0.05719399 -0.07545298 0.506222 0.002311944 0.03503799 0.699228 0.018157 -0.06250798 0.692391 0.177017 -0.09391999 0.499941 0.140053 -0.121647 0.498061 0.2418529 -0.04866498 0.694275 0.177925 -0.146632 0.683057 0.13579 -0.1723729 0.681177 0.223815 -0.04436397 0.803093 0.168456 -0.133082 0.788731 0.172671 -0.025478 1.074822 0.142653 -0.09441 1.05886 0.1702319 0.09237098 0.518534 0.1786299 0.100715 0.59755 0.1815569 0.111605 0.707594 0.174854 0.152549 0.828113 0.1384119 0.134598 1.066256 0.183454 0.07093596 1.081733 0.113573 0.112925 0.515045 0.113319 0.124213 0.594061 0.11432 0.133402 0.704105 0.08828198 0.173788 0.831616 0.08173799 0.177924 1.044754 0.06730997 0.09200698 0.516104 0.04738497 0.103295 0.59512 0.039312 0.112485 0.705164 0.03240799 0.139442 0.824857 -0.004616975 -0.110709 1.797398 -0.004616975 -0.09906595 1.740765 -0.03236895 -0.111385 1.846266 0.02313399 -0.111385 1.846266 -0.09607696 0.163736 1.130323 -9.39e-4 0.174425 1.13213 -0.153527 0.136047 1.133361 -0.176041 0.07106596 1.133284 -0.176568 -0.002679944 1.133511 -0.164003 -0.06551295 1.135061 -0.08261197 -0.09323596 1.13382 -0.005842983 -0.115285 1.136252 -0.595659 0.195446 1.515675 -0.568851 0.1989549 1.523951 -0.56262 0.203182 1.508412 -0.589034 0.199452 1.500432 -0.552826 0.191318 1.53257 -0.544667 0.19493 1.516749 -0.609438 0.192385 1.489461 -0.615417 0.189395 1.510595 -0.82203 0.157355 1.424126 -0.731037 0.16747 1.464166 -0.724559 0.172537 1.433458 -0.827543 0.157431 1.396738 -0.87631 0.173614 1.404125 -0.845832 0.157189 1.415024 -0.87119 0.17997 1.389798 -0.934672 0.182111 1.386449 -0.928101 0.190587 1.369863 -0.631198 0.179369 1.510305 -0.622953 0.183034 1.474548 -0.535734 0.219838 1.533891 -0.556926 0.01056396 1.524764 -0.537069 0.004718959 1.578565 -0.562104 0.02270299 1.551935 -0.488264 0.02299195 1.593102 -0.429002 0.03140598 1.611543 -0.365286 0.03158795 1.626838 -0.309184 0.01839095 1.641796 -0.552685 0.03307998 1.544091 -0.603455 0.159789 1.534022 -0.575854 0.1599889 1.544505 -0.577702 0.180154 1.474702 -0.551953 0.185904 1.48403 -0.595553 0.121717 1.554365 -0.562046 0.16285 1.547816 -0.555722 0.143603 1.455654 -0.601762 0.172435 1.463638 -0.537463 0.183836 1.50124 -0.616857 0.160887 1.527619 -0.821631 0.120797 1.377689 -0.710518 0.120436 1.399614 -0.715181 0.07945299 1.408657 -0.825283 0.08693599 1.383303 -0.735433 0.06532198 1.468625 -0.829161 0.07549297 1.426825 -0.740609 0.103781 1.484897 -0.826159 0.107172 1.441114 -0.735919 0.150141 1.479975 -0.718135 0.1647779 1.414377 -0.895108 0.03179496 1.38788 -0.91095 0.021537 1.360412 -0.884324 0.01808297 1.365031 -0.868656 0.04543495 1.367291 -0.880207 0.02408498 1.318861 -0.863087 0.06167697 1.381899 -0.87869 0.05544996 1.406976 -0.845177 0.07526201 1.419884 -0.860786 0.07188999 1.354949 -0.860111 0.1195729 1.357567 -0.884377 0.100196 1.423955 -0.853644 0.107037 1.428577 -0.878285 0.154135 1.410153 -0.865188 0.171158 1.37348 -0.93521 0.04928797 1.380559 -0.985515 0.05398499 1.351928 -0.977207 0.04987198 1.342149 -0.9288 0.04529196 1.365112 -0.98768 0.05291897 1.331802 -0.993731 0.05648195 1.338451 -0.922486 0.03411096 1.347786 -0.897124 0.00792998 1.330038 -0.92965 0.032637 1.274649 -0.925927 0.03923195 1.275804 -0.923083 0.03745299 1.266475 -0.921151 0.02639496 1.267228 -0.913588 0.03678095 1.270224 -0.925731 0.02394199 1.293536 -0.919954 0.03417497 1.295328 -0.912544 0.01425898 1.282022 -0.923007 0.01654195 1.28857 -0.895675 0.02837097 1.279907 -0.910734 0.03924596 1.292835 -0.900144 0.03792899 1.286669 -0.915617 0.023907 1.328236 -0.909719 0.03403198 1.323168 -0.900549 0.008584976 1.311467 -0.911879 0.01136898 1.315891 -0.884494 0.023117 1.307258 -0.889253 0.03697699 1.320512 -0.908457 0.01430398 1.3301 -0.917174 0.03994196 1.334897 -0.868158 0.05324995 1.341449 -0.924182 0.05858296 1.339577 -0.98846 0.1932 1.356704 -0.987809 0.188783 1.367841 -0.968705 0.11751 1.329845 -0.980035 0.1166509 1.323121 -1.006287 0.11515 1.352504 -0.998097 0.116155 1.367553 -1.001523 0.085527 1.347172 -0.979466 0.08654898 1.322485 -0.969266 0.08534198 1.329654 -0.992615 0.08444499 1.360745 -1.021547 0.104661 1.307178 -1.020535 0.09438598 1.306993 -0.978568 0.08380198 1.321479 -0.997895 0.08251798 1.343112 -0.969935 0.05127197 1.329428 -0.977706 0.05344599 1.320515 -1.006947 0.07156997 1.309418 -1.005934 0.06147897 1.309232 -0.975716 0.193476 1.340358 -0.989478 0.189375 1.33369 -0.99961 0.189116 1.34508 -1.003695 0.160457 1.349603 -0.987418 0.162042 1.331385 -0.973459 0.159515 1.336974 -0.997588 0.1569139 1.367254 -1.003696 0.182645 1.349606 -0.98616 0.156992 1.329976 -1.006552 0.154929 1.352801 -1.006875 0.119495 1.353163 -0.981456 0.120308 1.324711 -0.966887 0.09864598 1.281048 -0.970398 0.101348 1.270534 -0.963017 0.105826 1.276245 -0.970993 0.107374 1.270202 -0.970306 0.112236 1.27382 -0.96638 0.10368 1.284142 -0.96712 0.108765 1.283289 -0.988334 0.09160196 1.279304 -0.990794 0.09750497 1.272983 -0.986408 0.115182 1.287043 -0.985708 0.109013 1.292772 -0.991717 0.106855 1.272469 -0.99065 0.114398 1.278082 -0.98456 0.101124 1.294096 -0.985348 0.09331399 1.289295 -1.006299 0.08959096 1.295137 -1.012079 0.09536796 1.29139 -1.00525 0.113274 1.308228 -0.996467 0.108602 1.311534 -1.013081 0.104721 1.291154 -1.008771 0.112397 1.294626 -0.992958 0.091789 1.310915 -1.000196 0.09144598 1.310423 -1.013737 0.08803898 1.30811 -1.016207 0.113093 1.308633 -0.958999 0.06498098 1.283309 -0.964464 0.06758397 1.27364 -0.956092 0.07207298 1.277754 -0.965079 0.07361096 1.273351 -0.963678 0.07850998 1.276703 -0.957874 0.070046 1.28618 -0.958737 0.075127 1.28542 -0.980413 0.05808395 1.285844 -0.984019 0.06393098 1.280043 -0.979168 0.08173799 1.291772 -0.975133 0.07563197 1.298319 -0.984975 0.07328099 1.279594 -0.9828 0.08088099 1.284795 -0.973795 0.06774997 1.299499 -0.97554 0.05989098 1.295045 -0.998901 0.05644696 1.297554 -1.005806 0.06219696 1.29725 -0.990135 0.08030796 1.306345 -0.982916 0.07431197 1.308571 -1.006819 0.07154995 1.297436 -1.000386 0.07925397 1.30301 -0.981099 0.06383198 1.308392 -0.985691 0.05848896 1.307797 -0.998399 0.05527496 1.308101 -1.00086 0.07988297 1.308626 -0.966812 0.16856 1.301231 -0.968544 0.172242 1.290573 -0.961694 0.175626 1.297559 -0.968566 0.178306 1.290621 -0.967987 0.182843 1.294657 -0.966322 0.173317 1.304738 -0.966492 0.178493 1.30418 -0.988316 0.163721 1.296054 -0.989334 0.170219 1.289924 -0.987305 0.186757 1.304086 -0.986152 0.179917 1.311036 -0.989368 0.179628 1.289999 -0.98847 0.1866649 1.29626 -0.985886 0.171886 1.311901 -0.986648 0.164507 1.30646 -1.008715 0.163305 1.310775 -1.014882 0.169803 1.31 -0.998471 0.18622 1.321757 -0.990884 0.183842 1.321628 -1.01482 0.179212 1.310055 -1.008563 0.186249 1.310981 -0.98998 0.166886 1.32162 -0.996009 0.163969 1.321806 -1.015775 0.169681 1.321952 -1.015713 0.17909 1.322007 -1.009609 0.163184 1.322727 -1.009456 0.186128 1.322934 -0.922297 0.184736 1.343148 -0.922584 0.119179 1.338848 -0.944431 0.112965 1.400633 -0.941418 0.163102 1.394156 -0.970583 0.136394 1.29083 -0.973953 0.140075 1.280572 -0.9661 0.143459 1.286405 -0.973969 0.14614 1.280623 -0.972768 0.150676 1.284519 -0.969552 0.1411499 1.294218 -0.969808 0.146326 1.293694 -0.99263 0.131555 1.289066 -0.994591 0.138052 1.283169 -0.990381 0.154591 1.296842 -0.988159 0.147751 1.303528 -0.994614 0.1474609 1.283249 -0.992751 0.1544989 1.289294 -0.98776 0.13972 1.304342 -0.989362 0.13234 1.299086 -1.014466 0.131139 1.305798 -1.020463 0.137636 1.304175 -1.005845 0.154053 1.318096 -0.999044 0.1485199 1.319936 -1.02041 0.147045 1.304238 -1.014343 0.154083 1.306024 -0.998146 0.137875 1.320054 -1.003412 0.131803 1.318486 -1.023007 0.137515 1.315888 -1.022954 0.146924 1.315951 -1.017009 0.131017 1.317511 -1.016886 0.153961 1.317737 -0.60205 0.119989 1.42348 -0.60838 0.06433498 1.435761 -0.635881 0.04514598 1.517196 -0.64291 0.09737199 1.539293 -0.635087 0.146316 1.526219 -0.617038 0.1667709 1.448274 -0.553666 0.120186 1.448401 -0.560196 0.07100498 1.458052 -0.516375 0.11951 1.461124 -0.536156 0.04813998 1.470016 -0.58506 0.054048 1.525452 -0.595237 0.1001999 1.552923 -0.554412 0.09050697 1.565743 -0.551202 0.1712419 1.568808 -0.52313 0.192477 1.49782 -1.27e-4 0.191206 1.279527 -0.090312 0.18002 1.278102 -0.09983795 0.180408 1.308365 -1.07e-4 0.1928769 1.309185 -0.136467 0.155555 1.277811 -0.145085 0.164698 1.308814 -0.164022 0.08576697 1.278676 -0.167517 0.09304296 1.310501 -0.160225 -0.004389941 1.278297 -0.166993 -0.009550988 1.308644 -0.15086 -0.06073796 1.278017 -0.154249 -0.06590396 1.3081 -0.08515995 -0.100592 1.279044 -0.090743 -0.102758 1.309127 -0.004681944 -0.119245 1.279859 -0.004706978 -0.1175 1.310144 1.05e-4 0.180765 1.237638 -0.09224098 0.170256 1.239061 -0.141977 0.14257 1.239486 -0.170796 0.073565 1.239801 -0.166972 -0.002659976 1.240192 -0.152131 -0.06064695 1.241885 -0.079144 -0.09194898 1.242822 -0.004624962 -0.114002 1.242692 9.7e-5 0.174425 1.202068 -0.09224098 0.16374 1.201008 -0.141977 0.136054 1.200187 -0.163821 0.071074 1.200288 -0.164328 -0.002671957 1.200519 -0.152119 -0.06550496 1.20197 -0.079135 -0.09323197 1.2044 -0.004616975 -0.115285 1.206228 -0.122538 0.255963 1.589274 -0.2083899 0.241509 1.603873 -0.197481 0.218042 1.656969 -0.108376 0.231068 1.662523 -0.468601 0.232441 1.570057 -0.512726 0.239056 1.552392 -0.541215 0.230994 1.533484 -0.526726 0.207723 1.491177 -0.518615 0.119068 1.447056 -0.541722 0.03319698 1.456632 -0.570035 0.08417201 1.582083 -0.549178 0.08338797 1.626132 -0.496621 0.083467 1.648008 -0.432701 0.08721095 1.663209 -0.36039 0.08527195 1.68976 -0.30145 0.08508998 1.711578 -0.212715 0.175451 1.706562 -0.1800349 0.172551 1.733295 -0.100722 0.200372 1.732688 -0.125547 0.155475 1.778443 -0.100722 0.175178 1.780965 -0.1799629 -0.07404696 1.66638 -0.165684 -0.05516695 1.720596 -0.1807619 -0.008782982 1.735972 -0.2145079 0.004772961 1.690679 -0.105186 -0.113636 1.360944 -0.1643829 -0.06542795 1.356229 -0.1170729 -0.139434 1.555693 -0.198047 -0.09919798 1.565111 -0.113705 -0.125097 1.60175 -0.190188 -0.08249199 1.61008 -0.109278 -0.115142 1.644786 -0.100759 -0.09883099 1.705317 -0.557986 0.181311 1.572517 -0.533511 0.189373 1.597423 -0.496163 0.18249 1.619224 -0.432763 0.170136 1.649258 -0.356517 0.171245 1.675788 -0.294237 0.160005 1.700235 -0.273183 0.217179 1.66247 -0.233731 0.1352919 1.734199 -0.178299 0.113608 1.773085 -0.19375 0.04723197 1.757203 -0.231752 0.065476 1.734027 -0.1225489 0.254465 1.524791 -0.215741 0.241005 1.549921 -0.266508 0.233451 1.622966 -0.266495 0.236667 1.571573 -0.105822 0.195637 1.351409 -0.178065 -0.00645399 1.356478 -0.263483 0.07871097 1.721956 -0.263848 0.150071 1.714049 -5.64e-4 0.202588 1.350698 1.08e-4 0.262965 1.518649 9.6e-5 0.266879 1.583269 9.6e-5 0.243978 1.665547 9.6e-5 0.213468 1.73789 9.7e-5 0.179042 1.782065 -0.004622995 -0.162683 1.548053 -0.004616975 -0.1482959 1.598944 -0.004616975 -0.138604 1.643779 -0.004616975 -0.12134 1.695571 -0.09614098 0.148011 1.810869 9.6e-5 0.162419 1.815383 -0.145644 0.1020089 1.801173 -0.161094 0.03331696 1.785299 -0.150043 -0.03281897 1.764957 -0.09402799 -0.08488899 1.745207 -0.004616975 -0.108351 1.734538 -0.08909898 0.134863 1.874714 9.6e-5 0.1543869 1.879244 -0.145644 0.09529697 1.864963 -0.161094 0.02811199 1.849019 -0.150043 -0.03664696 1.828409 -0.09402799 -0.08768498 1.808299 -0.08817398 0.142611 1.935252 9.6e-5 0.151035 1.938936 -0.144719 0.100385 1.915636 -0.160169 0.03056597 1.897957 -0.149118 -0.03479796 1.878966 -0.093104 -0.09210497 1.859651 -0.07890599 0.129408 1.935252 9.7e-5 0.1367509 1.938936 -0.130313 0.09306699 1.915636 -0.07890599 0.14514 1.814079 9.7e-5 0.152482 1.814996 -0.130313 0.09306699 1.807283 -0.1443589 0.04004096 1.797548 -0.134311 -0.005397975 1.7842 -0.08338695 -0.080154 1.751413 -0.04648494 0.09623396 1.808928 9.6e-5 0.104983 1.810383 -0.07399898 0.07752799 1.805871 -0.07799899 0.005194962 1.788185 -0.004616975 -0.017708 1.77526 -0.04648494 0.096969 1.858029 9.9e-5 0.105838 1.858046 -0.07399898 0.07801496 1.858045 -0.07799899 0.01061296 1.858046 -0.004616975 -0.02310097 1.858006 0.07986396 0.134863 1.874714 0.136409 0.09529697 1.864963 0.1518599 0.02811199 1.849019 0.1408089 -0.03664696 1.828409 0.08479398 -0.08768498 1.808299 0.07893997 0.142611 1.935252 0.135486 0.100385 1.915636 0.150936 0.03056597 1.897957 0.139886 -0.03479796 1.878966 0.08386898 -0.09210497 1.859651 0.06967198 0.129408 1.935252 0.121078 0.09306699 1.915636 0.06967198 0.14514 1.814079 0.121078 0.09306699 1.807283 0.135124 0.04004096 1.797548 0.125078 -0.005397975 1.7842 0.074153 -0.080154 1.751413 0.03724998 0.09623396 1.808928 0.06476497 0.07752799 1.805871 0.06876498 0.005194962 1.788186 0.03724998 0.096969 1.858029 0.06476396 0.07801496 1.858045 0.06876498 0.01061296 1.858046 -0.04649496 0.102777 1.945242 -0.04650998 0.115245 1.959933 1.05e-4 0.115997 1.95983 1.05e-4 0.108229 1.945291 0.06940895 0.002707958 1.906135 0.05733495 0.077488 1.925675 0.05890399 0.07533395 1.942421 0.07623797 -0.002608954 1.915087 0.06945395 0.009332001 1.897464 0.05678999 0.07847595 1.902771 0.07955598 0.06911998 1.952881 0.06044298 0.10923 1.965024 0.07871395 0.102914 1.969857 0.08628398 -0.004607975 1.925848 0.1019999 0.06780898 1.963467 0.102169 0.09382796 1.97637 0.109516 0.007989943 1.94703 0.13352 0.06513899 2.006082 0.140245 0.02893698 2.019564 0.12018 -0.09068197 1.966868 0.101064 -0.09407895 1.940569 0.106041 -0.07303899 1.9416 0.125383 -0.067326 1.966623 0.124521 -0.08887499 2.014966 0.131435 -0.05852299 2.015502 0.05675095 -0.158885 1.988923 0.06462699 -0.148032 2.013907 0.05285298 -0.157512 2.013351 0.03654998 -0.170276 2.012686 0.04717797 -0.165152 1.990937 0.03547596 -0.12107 1.892347 0.01307195 -0.133163 1.884922 -0.004510998 -0.105355 1.88403 0.04058396 -0.132861 1.89949 0.01857399 -0.144057 1.892647 0.02850496 -0.1568199 1.91428 0.03548794 -0.162249 1.946178 0.03655099 -0.164315 1.958088 0.02722799 -0.176958 2.012185 0.03540998 -0.172599 1.992838 -0.004557967 -0.137405 1.882694 -0.004026949 -0.1498039 1.889753 -0.003033995 -0.161493 1.910687 -0.002928972 -0.166167 1.939748 0.02188199 -0.16821 1.951798 0.03676396 -0.168545 1.967421 0.022852 -0.174013 1.958278 0.03654199 -0.172206 1.972497 0.022852 -0.178546 1.966938 0.02486199 -0.181119 1.98459 0.02529299 -0.177525 1.978002 0.03708398 -0.170628 1.980201 0.036345 -0.173001 1.985528 0.02361696 -0.17814 1.992622 0.01662796 -0.1829079 2.011625 0.08135598 0.176249 2.021631 0.07927995 0.138713 1.992341 0.060624 0.149829 1.990142 0.06060099 0.1856 2.022488 0.102892 0.1233749 1.996313 0.106273 0.15241 2.022029 0.139149 0.090631 2.019853 0.110189 -0.039855 1.944079 0.135993 -0.01918596 2.016593 0.07621097 -0.08162599 1.916015 0.07764297 -0.05086195 1.915993 0.102083 -0.115056 1.966574 0.089477 -0.109298 1.938406 0.106464 -0.114366 2.014149 0.05671799 -0.158972 1.984326 0.02517896 0.152557 1.989755 0.02547097 0.190608 2.023327 0.02513295 0.115245 1.959933 0.02512097 0.102777 1.945242 0.02511197 0.097377 1.932704 0.02511197 0.09706497 1.903074 0.08436501 -0.136795 1.974847 0.08424496 -0.133937 2.014047 0.06088 -0.119387 1.908132 0.08257997 -0.096017 1.923979 0.05385899 -0.107632 1.899816 0.05063694 -0.09200197 1.897203 -0.004298985 -0.05474197 1.886845 0.05799597 -0.02829694 1.9079 -0.005107998 -0.02429497 1.880825 -0.004302978 -0.03525495 1.887391 1.05e-4 0.105331 1.90321 1.05e-4 0.106213 1.932748 1.05e-4 0.153304 1.990451 1.05e-4 0.191673 2.023637 -0.002602994 -0.183621 1.99267 -0.002602994 -0.186912 2.011682 -0.002602994 -0.1845329 1.981977 -0.002602994 -0.180268 1.974984 -0.002602994 -0.1808069 1.966712 -0.002602994 -0.176905 1.955603 -0.00258398 -0.170103 1.949286 0.126266 0.130469 2.24435 0.09353899 0.149537 2.276297 0.08880299 0.09761697 2.295257 0.119517 0.08579999 2.26015 0.1278499 0.167198 2.211108 0.09370899 0.1850669 2.235954 0.06975996 0.156502 2.286196 0.064314 0.1016 2.308468 0.06674396 0.191884 2.244806 0.08569598 0.209998 2.16004 0.08378797 0.2085829 2.106699 0.06046295 0.220315 2.106694 0.06104499 0.221312 2.159383 0.122622 0.184212 2.159389 0.119597 0.184511 2.106691 0.150773 0.100816 2.159399 0.152755 0.09606695 2.126883 0.089845 0.201436 2.200622 0.06297498 0.212606 2.200803 0.1433849 0.111601 2.211079 0.117624 -0.08553296 2.210468 0.105664 -0.108816 2.161299 0.125677 -0.08457195 2.159414 0.129232 -0.06334 2.210592 0.08703696 -0.115394 2.210644 0.06294298 -0.128715 2.210665 0.078736 -0.127368 2.16399 0.09053397 -0.08893495 2.245263 0.06600999 -0.102804 2.252837 0.119911 -0.06990599 2.229778 0.08969199 -0.04924398 2.274734 0.06565999 -0.05548495 2.28623 0.121891 -0.04073995 2.246015 0.15123 0.09437 2.091844 0.152755 0.06632697 2.096382 0.15542 0.05639594 2.101341 0.162256 0.08463096 2.103657 0.155282 0.04725795 2.11073 0.168392 0.081321 2.115667 0.142073 0.04191899 1.9926 0.154118 0.06137597 1.990376 0.139648 0.03040999 1.997952 0.165148 0.05815094 2.000083 0.160314 0.04502499 2.108758 0.180054 0.07482397 2.113212 0.05966895 0.206504 2.053484 0.08195996 0.194831 2.053156 0.11079 0.171038 2.052854 0.189049 0.118407 2.066163 0.1712909 0.108316 2.046388 0.169194 0.104711 2.082267 0.145152 0.103962 2.050016 0.160906 0.094132 2.02069 0.1738139 0.09810996 2.006509 0.214231 0.109433 2.065747 0.19449 0.090294 2.010999 0.02368599 -0.1450279 2.076889 0.01641798 -0.154729 2.078832 0.01207196 -0.174204 2.05902 0.026048 -0.167032 2.05158 0.118477 -0.09553396 2.130609 0.138971 -0.04219996 2.126341 0.141299 -0.03975695 2.159448 0.098082 -0.114817 2.138803 0.075136 -0.124081 2.144229 0.04208898 -0.141785 2.1667 0.04394698 -0.135697 2.136433 0.07988899 -0.118639 2.105941 0.08825796 -0.116065 2.113293 0.07322895 -0.123081 2.118353 0.09088701 -0.119089 2.118578 0.07397496 -0.128437 2.123993 0.07224196 -0.124894 2.090653 0.08945697 -0.111428 2.100644 0.09753197 -0.10571 2.106379 0.10363 -0.107787 2.10885 0.03696697 -0.131999 2.099798 0.04501998 -0.130278 2.111477 0.04076397 -0.138263 2.115957 0.03068399 -0.138549 2.103366 0.04693299 -0.131593 2.097729 0.05976897 -0.127779 2.109319 0.07643496 -0.113281 2.073743 0.09466296 -0.103134 2.083671 0.09365797 -0.100741 2.072136 0.108298 -0.08996599 2.085725 0.04198098 -0.127367 2.075685 0.03745698 -0.12883 2.073808 0.05418097 -0.123537 2.060975 0.05585598 -0.120953 2.065851 0.03537398 -0.131326 2.089606 0.05307799 -0.128186 2.077487 0.113339 -0.09438097 2.095065 0.198854 0.09620898 2.103108 0.179206 0.103499 2.109899 0.16536 0.09589999 2.09796 0.08924698 -0.00358498 2.291831 0.06510996 -0.006635963 2.307278 0.122029 0.001504957 2.255909 0.1355569 -0.03786295 2.21119 0.141541 0.001549959 2.211167 0.148594 -0.00101298 2.159428 0.146569 -0.002524971 2.126375 0.136312 -0.04483598 2.088046 0.144563 -0.004296958 2.08968 0.133072 -0.05481797 2.043624 0.119065 -0.08784198 2.069014 0.122791 -0.087704 2.042007 0.139077 -0.01286095 2.045903 0.151193 0.03570598 2.091442 0.144221 0.03281199 2.047516 0.105139 -0.110362 2.040818 0.05080199 -0.153074 2.04137 0.06140297 -0.143755 2.039559 0.02022099 -0.185047 2.021782 0.009998977 -0.188614 2.02046 0.02092599 -0.1876569 2.028057 0.009718954 -0.193118 2.024769 0.02393198 -0.187575 2.038657 0.01327395 -0.19734 2.039369 0.01193594 -0.198198 2.030697 0.02393198 -0.179139 2.048952 0.01265895 -0.188686 2.051019 0.02966099 -0.186088 2.038146 0.02776896 -0.179139 2.047813 0.02797996 -0.183964 2.028336 0.03674995 -0.167402 2.029274 0.03435498 -0.178609 2.036987 0.03046697 -0.174127 2.024638 0.04244697 -0.161942 2.021581 0.03891998 -0.164417 2.036473 0.03974097 -0.16121 2.036657 0.03595 -0.1651549 2.044084 0.03220498 -0.17858 2.045033 0.03799396 -0.159525 2.043931 0.04157596 -0.146785 2.054367 0.03513997 -0.142666 2.064864 0.02805596 -0.1545619 2.058702 0.03039699 -0.140789 2.075388 0.02367699 -0.142759 2.096574 0.01641798 -0.149588 2.098053 0.02447599 -0.143266 2.115638 0.01655 -0.149668 2.118667 0.02811396 -0.144224 2.13375 0.01642698 -0.150447 2.135872 0.03140395 -0.138511 2.210686 0.02547198 -0.149938 2.168508 0.034482 -0.109368 2.258659 0.03624397 -0.06124198 2.295318 0.03698694 -0.009305953 2.316476 0.03520095 0.1610929 2.291034 0.036466 0.1035709 2.316096 0.03217595 0.195755 2.248422 0.02887195 0.2179369 2.200842 0.02733296 0.226634 2.159445 0.026048 0.2256979 2.106717 0.02547097 0.210991 2.05372 0.02894198 -0.13697 2.095516 0.05129796 -0.129471 2.059265 0.03684395 -0.134764 2.07341 0.09935599 -0.100374 2.068068 0.1158789 -0.08933097 2.085804 0.09637695 -0.09552097 2.068593 0.12206 -0.08424097 2.097041 0.106959 -0.09843599 2.114249 0.09079098 -0.111589 2.125676 0.07257699 -0.121599 2.131557 0.02992999 -0.135944 2.11174 0.03548997 -0.136101 2.125388 0.03838497 -0.1327919 2.120742 0.05634498 -0.127367 2.130958 0.05589497 -0.1349869 2.124104 0.05728298 -0.128428 2.117963 0.07653599 -0.108372 2.06678 0.07710796 -0.10837 2.062332 0.077322 -0.114304 2.060961 0.081842 -0.127447 2.039975 1.05e-4 0.21213 2.053792 -0.002331972 0.227877 2.106884 -0.002331972 0.229247 2.159379 -0.002331972 0.220559 2.200657 -0.002331972 0.199672 2.251767 -0.002331972 0.165934 2.295295 -0.002331972 0.105382 2.322057 -0.002113997 -0.06655299 2.3023 -0.002113997 -0.01369094 2.323126 -0.002113997 -0.114211 2.262697 -0.002113997 -0.145316 2.210711 -0.002113997 -0.156439 2.169683 -0.002113997 -0.15569 2.137211 -0.002113997 -0.154879 2.120727 -0.002764999 -0.154023 2.099793 -0.002764999 -0.160013 2.079256 -0.002602994 -0.177221 2.060991 -0.002602994 -0.193384 2.051019 -0.002602994 -0.20023 2.039039 -0.002602994 -0.200699 2.030468 -0.002602994 -0.195712 2.023866 -0.002602994 -0.191468 2.0194 0.153125 0.03936296 2.126598 0.153531 0.03950798 2.159407 0.143001 0.03963595 2.211127 0.122029 0.03975796 2.25981 0.08881098 0.039873 2.297661 0.06432098 0.03988695 2.311488 0.036466 0.03996294 2.321004 -0.002042949 0.04003494 2.327826 -0.176527 0.04729896 2.108712 -0.196121 0.083162 2.114183 -0.170147 0.03570598 2.091442 -0.110398 0.09761697 2.295257 -0.110398 0.149537 2.276297 -0.1490589 0.130469 2.24435 -0.1424019 0.08579999 2.26015 -0.115844 0.1850669 2.239638 -0.1511099 0.167198 2.211108 -0.08241695 0.1016 2.308468 -0.08241695 0.156502 2.286196 -0.08241695 0.191884 2.244806 -0.08249098 0.220315 2.106694 -0.115669 0.2085829 2.106699 -0.117532 0.2099969 2.15938 -0.08355498 0.221312 2.159383 -0.145425 0.184511 2.106691 -0.147543 0.184212 2.159389 -0.171182 0.09606695 2.126884 -0.170199 0.101391 2.1594 -0.117532 0.201436 2.200623 -0.08355498 0.212606 2.200803 -0.165477 0.111601 2.211079 -0.14951 -0.08457195 2.159414 -0.133095 -0.108816 2.161299 -0.1416119 -0.08450096 2.210468 -0.152409 -0.06334 2.210592 -0.108966 -0.124142 2.16399 -0.084674 -0.127433 2.210665 -0.111258 -0.112168 2.210644 -0.08443999 -0.09957796 2.252837 -0.112286 -0.08893495 2.245263 -0.1446239 -0.06990599 2.229889 -0.08402198 -0.05548495 2.28623 -0.111368 -0.04924398 2.274734 -0.144756 -0.04073995 2.246015 -0.07716399 0.07533395 1.942421 -0.07606297 0.07748699 1.925675 -0.07983398 0.004481971 1.906135 -0.088229 -0.002608954 1.915087 -0.07305395 0.07847595 1.902771 -0.07988899 0.009332001 1.897464 -0.172964 0.08325999 2.096922 -0.182669 0.08463096 2.103657 -0.173968 0.05639594 2.101341 -0.189764 0.087489 2.117982 -0.173963 0.04725694 2.11073 -0.1510969 0.05169099 2.007564 -0.154915 0.04191899 1.994904 -0.165662 0.06137597 1.991331 -0.155733 0.02893698 2.019564 -0.154325 0.03057199 2.00545 -0.161596 0.03678196 2.00209 -0.17549 0.05872499 1.996101 -0.08121699 0.206504 2.053484 -0.08066898 0.1856 2.022488 -0.11165 0.176249 2.021631 -0.113465 0.194831 2.053156 -0.07890796 0.109241 1.964949 -0.107976 0.07139098 1.952754 -0.1084949 0.102914 1.969857 -0.1072 -0.004607975 1.925848 -0.131833 0.15241 2.022029 -0.137556 0.171038 2.052854 -0.126983 0.06780898 1.963467 -0.127174 0.09382796 1.97637 -0.129709 0.01005494 1.94703 -0.125217 -0.07303899 1.9416 -0.119868 -0.09407895 1.940569 -0.134477 -0.09068197 1.966868 -0.137921 -0.067326 1.966623 -0.1434119 -0.08887499 2.014046 -0.151771 -0.05852299 2.015502 -0.05816298 -0.1562539 1.946474 -0.07789796 -0.15092 1.972307 -0.062029 -0.1417289 1.925246 -0.08549797 -0.148447 2.013893 -0.06542897 -0.158885 1.977841 -0.06037396 -0.1577039 2.013693 -0.05274695 -0.165152 1.982014 -0.04294896 -0.170276 2.012686 -0.02291899 -0.133163 1.884922 -0.04846495 -0.12107 1.892347 -0.02724498 -0.144057 1.892647 -0.05340695 -0.132861 1.89949 -0.03397196 -0.1568199 1.91428 -0.03907299 -0.162249 1.941855 -0.040205 -0.164315 1.953534 -0.05648899 -0.158222 1.957937 -0.04096996 -0.172599 1.986385 -0.03213596 -0.176958 2.012185 -0.2174479 0.107381 2.095572 -0.204266 0.111575 2.097539 -0.205949 0.118407 2.066163 -0.220954 0.114249 2.066202 -0.188826 0.104711 2.082267 -0.190668 0.108316 2.046388 -0.15468 0.090631 2.019853 -0.159117 0.103962 2.050016 -0.18146 0.09413099 2.02069 -0.192875 0.09810996 2.006509 -0.203259 0.09392398 2.006465 -0.02465498 -0.16821 1.951466 -0.02465498 -0.174013 1.958486 -0.04020798 -0.168545 1.961687 -0.02467298 -0.178546 1.966819 -0.04020798 -0.172215 1.967402 -0.02666896 -0.177525 1.97453 -0.02688795 -0.1797209 1.9808 -0.04105198 -0.173001 1.977745 -0.04082798 -0.171607 1.972686 -0.02550297 -0.17814 1.990137 -0.01847398 -0.1829079 2.011625 -0.01842194 -0.174204 2.05902 -0.01770097 -0.154729 2.078832 -0.03802996 -0.1450279 2.076889 -0.03675997 -0.167032 2.05158 -0.158726 -0.04219996 2.126341 -0.13835 -0.09553396 2.130609 -0.162253 -0.03975796 2.159448 -0.122582 -0.114817 2.138803 -0.102086 -0.124082 2.144229 -0.06923097 -0.135697 2.136433 -0.06454998 -0.143729 2.167038 -0.110757 -0.116065 2.115334 -0.09928399 -0.118639 2.109195 -0.09961897 -0.123081 2.118372 -0.101935 -0.128437 2.123993 -0.116969 -0.119089 2.118578 -0.06695997 -0.127367 2.075685 -0.07222998 -0.131003 2.088363 -0.08692497 -0.122042 2.072901 -0.08273398 -0.120953 2.065851 -0.093167 -0.124894 2.09053 -0.113787 -0.105554 2.093499 -0.120843 -0.10571 2.107136 -0.127484 -0.107787 2.10885 -0.066262 -0.138263 2.115957 -0.07185 -0.130278 2.111477 -0.06312298 -0.131999 2.101129 -0.05131298 -0.138549 2.103366 -0.07966297 -0.1312 2.105746 -0.133019 -0.08996599 2.085726 -0.116278 -0.09612596 2.071869 -0.112622 -0.106455 2.079333 -0.08041399 -0.123537 2.060975 -0.060561 -0.12883 2.073808 -0.05851 -0.131326 2.091108 -0.134843 -0.09438097 2.095065 -0.08069896 0.149829 1.990142 -0.1091729 0.138713 1.992341 -0.128 0.1233749 1.996313 -0.1854349 0.09589999 2.09796 -0.165562 0.09437 2.091844 -0.083368 -0.006636977 2.307278 -0.110884 -0.00358498 2.291831 -0.144894 0.001504957 2.255909 -0.163782 0.001549959 2.211167 -0.158264 -0.03786295 2.21119 -0.169202 -9.05e-4 2.159428 -0.166014 -0.002524971 2.126375 -0.162523 -0.004299998 2.08968 -0.156164 -0.04483598 2.088046 -0.156044 -0.01918596 2.016593 -0.130971 -0.039855 1.944079 -0.09747695 -0.05086195 1.915993 -0.09512299 -0.08162599 1.916015 -0.112722 -0.109298 1.938964 -0.122272 -0.115056 1.967169 -0.129987 -0.114366 2.013833 -0.138788 -0.08784198 2.069014 -0.153486 -0.05481797 2.043624 -0.144725 -0.087704 2.042007 -0.158917 -0.01286095 2.045903 -0.163525 0.03281199 2.047516 -0.130487 -0.110362 2.04083 -0.064076 -0.153923 2.040415 -0.08639198 -0.143755 2.039539 -0.05511295 -0.163386 1.970539 -0.06276595 -0.158501 1.97069 -0.015239 -0.188615 2.02046 -0.02915799 -0.185047 2.021782 -0.01480394 -0.193119 2.024769 -0.03000795 -0.1876569 2.028057 -0.018215 -0.198198 2.030697 -0.02024894 -0.19734 2.039369 -0.03359097 -0.187575 2.038657 -0.03359097 -0.179139 2.048952 -0.019315 -0.188686 2.051019 -0.03783094 -0.179139 2.047813 -0.03973495 -0.186088 2.038146 -0.03803598 -0.183964 2.028336 -0.04554897 -0.17861 2.036987 -0.04890197 -0.167402 2.029274 -0.04117697 -0.174127 2.024638 -0.05443197 -0.161942 2.021581 -0.04962396 -0.164417 2.036473 -0.05228996 -0.16121 2.034926 -0.04320996 -0.17858 2.045033 -0.04804998 -0.1651549 2.044084 -0.04972398 -0.159525 2.043931 -0.05004495 -0.142666 2.064864 -0.05630695 -0.146785 2.054367 -0.04069697 -0.154563 2.058702 -0.04730194 -0.140789 2.075388 -0.01835095 -0.149588 2.098836 -0.03692299 -0.142771 2.096935 -0.01845699 -0.149668 2.118667 -0.03725099 -0.143266 2.115638 -0.02445095 -0.150447 2.135872 -0.03732597 -0.144224 2.13375 -0.04065895 -0.149938 2.168508 -0.042988 -0.138511 2.210686 -0.044272 -0.109369 2.258659 -0.04667997 -0.06124198 2.295317 -0.04835295 -0.009305953 2.316476 -0.04698199 0.1035709 2.316096 -0.04698199 0.1610929 2.291034 -0.04698199 0.195755 2.248422 -0.04698199 0.2179369 2.200842 -0.04698199 0.226634 2.159391 -0.04682099 0.2256979 2.106717 -0.04663497 0.210991 2.05372 -0.04663497 0.190608 2.023327 -0.04656398 0.152557 1.989755 -0.04648494 0.097377 1.932704 -0.04648494 0.09706497 1.903074 -0.04811495 -0.1377339 2.095575 -0.08042895 -0.129471 2.059265 -0.05963397 -0.134764 2.07341 -0.123525 -0.100374 2.068068 -0.136659 -0.08933097 2.085804 -0.121036 -0.09552097 2.068593 -0.141492 -0.08424097 2.097042 -0.130042 -0.09843599 2.114249 -0.116759 -0.111589 2.125676 -0.100352 -0.121599 2.131557 -0.05835098 -0.136101 2.125388 -0.04994398 -0.136101 2.110306 -0.06281095 -0.1327919 2.120742 -0.08412098 -0.127367 2.130958 -0.08397799 -0.1349869 2.124104 -0.08568 -0.128428 2.117963 -0.101484 -0.108372 2.066632 -0.1037459 -0.10837 2.062332 -0.103853 -0.114304 2.060961 -0.1087329 -0.127448 2.039965 -0.1087329 -0.133937 2.014034 -0.101494 -0.136795 1.970273 -0.090218 -0.128664 1.933627 -0.07760798 -0.119387 1.908132 -0.102008 -0.096017 1.923979 -0.07009899 -0.107632 1.899816 -0.06648695 -0.09200197 1.897203 -0.07017499 -0.02829694 1.9079 -0.1714929 0.03936296 2.126598 -0.172569 0.03950697 2.159407 -0.1651239 0.03963595 2.211127 -0.144894 0.03975695 2.25981 -0.110407 0.039873 2.297661 -0.08242595 0.03988695 2.311488 -0.04698199 0.03996294 2.321004</float_array>
          <technique_common>
            <accessor source="#aang-mesh-positions-array" count="1859" stride="3">
              <param name="X" type="float"/>
              <param name="Y" type="float"/>
              <param name="Z" type="float"/>
            </accessor>
          </technique_common>
        </source>
        <source id="aang-mesh-normals">
          <float_array id="aang-mesh-normals-array" count="7764">-0.6429926 -0.6197788 -0.4499276 -0.2784526 -0.8887107 -0.3642217 -0.3456183 -0.9334274 -0.09623587 8.56131e-4 -0.9550164 -0.2965517 3.35998e-6 -0.9978861 -0.06498754 0.2761025 -0.8858551 -0.372865 0.2654322 -0.9625269 -0.05556869 -0.001578092 -0.9129566 -0.4080539 0.5829493 -0.3423964 -0.7368412 0.5283747 -0.8472205 -0.05511438 -0.1305291 0.87667 0.4630467 0.01492154 0.9926469 0.1201236 -0.1360791 0.8964936 0.4216415 -0.004455447 0.9666501 -0.2560622 -0.008449018 0.8634043 -0.504442 -0.1197596 0.8989629 -0.4213354 -0.1097778 0.9765833 -0.1850243 -0.04466098 0.9735419 -0.2241021 -0.07046687 0.9839364 -0.1640233 -0.04963052 0.9987542 -0.005191266 0.02326381 0.9988843 -0.04109823 -0.08000713 0.973753 -0.2130821 -0.05277907 0.9982886 -0.02518546 -0.1306006 0.982728 -0.1311077 -0.04662698 0.9977002 -0.04919844 -0.08740943 0.8207834 -0.5645125 -0.1861992 -0.9351074 -0.3015031 -0.2811081 -0.915529 -0.2877241 -0.1530798 -0.9393492 -0.3069037 -0.06660765 -0.9409295 -0.3319865 -0.08375352 -0.9449809 -0.3162222 -0.06696569 -0.932233 -0.3556085 -0.06520622 -0.9366775 -0.344069 -0.01832664 -0.9574106 -0.2881477 -0.1114089 -0.7860292 -0.6080676 0.03834104 -0.9537739 -0.2980694 -0.01862555 -0.9393128 -0.3425559 -0.01833873 -0.9574069 -0.2881594 -0.7256414 -0.4690792 -0.5033977 -0.4984077 -0.6229981 -0.6028791 -0.07526546 0.9142031 -0.3982057 -0.1130322 0.9834452 -0.1416307 -0.3293975 0.7916643 -0.5145531 0.05516946 0.2335002 -0.9707905 -0.05394601 0.1662356 -0.9846094 -0.08740752 0.8207815 -0.5645154 0.1504905 0.5034617 -0.8508107 0.02804166 0.5327128 -0.8458315 0.03449195 0.2334098 -0.9717665 -0.0397008 0.5406339 -0.8403208 0.04934406 0.1043934 -0.9933112 -0.1349904 0.415464 -0.8995372 -0.04035246 -0.03902965 -0.998423 -0.1609948 -0.05306464 -0.9855277 -0.4833559 0.2930584 -0.8249144 -0.4020318 0.09860682 -0.9103006 -0.4020075 0.09858816 -0.9103134 -0.7023401 0.1237292 -0.7010061 -0.5831048 -0.4353276 -0.6859145 -0.7812683 -0.01084339 -0.6241013 -0.6455692 0.5154531 -0.5635146 -0.9393212 0.08027154 -0.3335151 -0.4613122 0.5997461 -0.6538317 0.0849933 -0.9612646 -0.2621957 0.05679988 -0.9594575 -0.2760707 0.06543421 -0.9624809 -0.2633417 0.104328 -0.9578846 -0.267531 0.1038201 0.9901094 -0.09436565 0.03979527 0.9928732 -0.1123353 0.08557063 0.9692455 -0.2307401 0.1314688 0.9658949 -0.2230764 0.04332202 -0.9676942 -0.2483775 -0.03388994 -0.9826902 -0.1821304 0.04064083 -0.9722909 -0.2302148 0.120622 0.9865356 -0.110444 0.07646071 0.9322124 -0.3537425 0.09645575 0.9802793 -0.1724783 0.1343132 0.9467786 -0.2925238 0.08598166 0.8329391 -0.5466442 0.1784673 -0.9472304 -0.2662781 0.2131057 -0.938247 -0.2725408 0.2824629 -0.9248576 -0.2546629 0.5312688 -0.7832685 -0.3228682 0.5182683 -0.7448183 -0.4202899 0.1399724 0.9716147 -0.1907164 0.3197618 0.7375634 -0.5947712 0.241241 0.8550548 -0.4590033 0.1157076 0.9322931 -0.3426973 0.1167702 0.930041 -0.3484085 0.04833805 0.881897 -0.4689576 0.4511817 0.6500547 -0.6114443 0.171851 -0.9835063 -0.05641531 0.159682 -0.9621101 0.2210113 0.1556254 -0.9710316 0.1813241 0.378055 -0.924766 0.04338556 0.5453946 -0.8193887 0.1764854 0.8708272 -0.2650156 -0.4140373 0.9741215 0.0118063 -0.2257165 0.7786808 0.2332168 -0.5824655 0.6347997 -0.1910578 -0.7486831 0.3947335 0.4595231 -0.7956281 0.2378594 0.5208079 -0.8198671 0.397767 0.4752167 -0.7848252 0.1715298 0.6280664 -0.7590193 0.1421027 0.07621777 -0.9869133 0.06585156 0.7216969 -0.6890699 -0.02946513 0.1437152 -0.9891804 0.08832269 0.6718645 -0.7353892 0.09175384 0.03106975 -0.9952969 0.1632487 0.5811729 -0.7972377 0.2047717 0.09368252 -0.9743163 0.3113244 0.4983261 -0.8091651 0.4303379 -0.3776392 -0.8198769 0.2117922 -0.9472195 0.2406641 0.2497831 -0.9043652 0.3460234 0.605448 -0.7496838 0.2672209 0.1608237 -0.9580438 0.2372508 0.103289 -0.960277 0.2592287 0.08291643 -0.92787 0.3635687 0.1421372 -0.9748572 0.1716113 0.1092017 -0.9646106 0.2400027 0.134574 -0.9036026 0.4066845 0.1482996 -0.9813371 0.1224122 0.1505785 -0.9616852 0.2291017 0.1529424 -0.8791292 0.4513763 0.1633133 -0.9730499 0.1627965 0.1416842 -0.8905535 0.4322501 0.2342254 -0.9576775 -0.1673094 -0.07837629 -0.5141201 -0.8541297 -0.2179036 -0.4450498 -0.8685901 0.1718217 -0.9835096 -0.05644726 -0.03171831 -0.4301182 -0.9022153 -0.1075165 -0.404814 -0.9080562 0.07630026 -0.3828907 -0.9206373 0.3875352 -0.1706229 -0.9059273 0.7423453 0.05638593 -0.6676406 0.378883 -0.7943549 -0.4748138 0.01102399 -0.8930664 0.4497899 -0.04467374 -0.9988758 0.01585489 -0.02335005 -0.9414606 0.3363137 -0.5484319 -0.8356776 0.02942061 -0.4923326 -0.8125423 0.3120636 -0.4789725 -0.8657826 0.1449342 -0.3061892 0.7916771 -0.5286735 -0.1524345 0.8305107 -0.5357385 -0.1873162 0.8254643 -0.5324673 -0.3944183 0.3140282 -0.8636091 -0.7913691 0.174134 -0.586014 -0.6316468 -0.5187503 -0.5761256 -0.5961223 0.3372184 -0.728644 0.1016687 0.6997088 -0.7071571 -0.1786213 0.2958461 -0.9383867 -0.05964601 0.8046898 -0.5906917 -0.0829764 0.8400498 -0.5361263 -0.08297771 0.8400531 -0.5361208 -0.09669125 0.8574315 -0.5054325 -0.1461135 0.418811 -0.8962413 -0.1703226 0.178071 -0.9691651 -0.09591537 -0.61254 -0.7845988 0.02099347 -0.4024866 -0.9151851 -0.1065139 -0.2784479 -0.954527 -0.3508701 -0.9121873 0.2116712 -0.3377262 -0.9396231 0.05522227 -0.4370027 -0.8959825 -0.07901948 -0.3212913 -0.8859182 0.3345458 -0.1842081 0.3036667 -0.9348016 -0.03455364 0.7773472 -0.6281221 -0.3152794 -0.2796502 -0.9068598 -0.1839109 -0.9542517 0.2357553 -0.1704934 -0.9786406 0.1148685 -0.2067931 -0.9147258 0.3471505 -0.1278584 -0.9539238 0.2714437 -0.1166762 -0.9783234 0.171085 -0.1804122 -0.8984339 0.4003351 0.003944396 -0.5399625 -0.84168 0.00689876 -0.4762227 -0.8792976 -0.04538071 -0.8313248 -0.5539314 -0.04465049 -0.9988769 0.01585894 -0.08307516 -0.9850096 0.1511781 -0.05856806 0.8417254 -0.5367198 -0.07295304 0.8402998 -0.537191 0.01975244 -0.7455224 -0.6661878 0.09232181 -0.4377169 -0.8943605 -0.08795785 -0.9517536 0.2939876 -0.1113374 -0.9763655 0.185242 -0.0691415 -0.8952756 0.4401148 -0.7924806 -0.07593339 -0.6051518 0.5994907 -0.7508137 -0.2772902 0.5768702 -0.8146295 -0.05999708 0.4830632 -0.8527314 -0.1987443 0.5760077 -0.707807 -0.4089309 0.6687003 -0.6117577 -0.422602 0.4481288 -0.8713216 -0.1999486 0.5456693 -0.810456 -0.2130872 0.4820926 -0.8534119 -0.198179 0.563655 -0.8085291 -0.1690378 -0.02916425 0.1803925 -0.9831623 -0.0854671 0.04910182 -0.9951303 -0.009022951 0.4925699 -0.8702262 -0.01612877 0.4962637 -0.868022 0.0641362 -0.0360431 -0.9972901 0.06034779 0.9973823 0.03983426 0.1409733 0.9184539 0.3695524 0.1659121 0.8888891 0.4270238 0.2384651 -0.8753693 0.4205512 0.6557329 -0.6985752 0.2863689 0.421182 0.02752822 -0.9065583 0.3322254 0.3476315 -0.8768003 0.05733418 0.4295549 -0.9012189 0.4698118 -0.7078556 0.5274631 0.111226 0.9934656 0.02559411 -0.1026062 0.9833801 -0.1497847 0.04805999 0.8275583 0.5593188 0.3284882 0.7900791 0.5175621 0.1479491 0.973228 -0.175893 -0.01207703 0.9736667 -0.2276558 0.46442 0.7383916 0.4889704 0.4728444 0.781589 0.4068623 0.1441934 0.9154015 -0.3758304 0.08974051 0.9920061 -0.08871555 0.2618106 0.8735448 0.410335 0.2266871 0.8994309 0.3736804 -0.2543063 0.9466856 -0.1977746 0.02806305 0.8193551 0.5725992 -0.05571323 0.6867009 0.724802 -0.2630587 0.9589384 0.1060066 -0.26007 0.9627575 -0.0739035 0.1441895 0.6957362 0.7036764 -0.05390542 0.983879 0.1705181 0.1273831 0.970333 -0.2054927 0.4684676 0.7842788 0.4067494 0.9193958 0.1779493 -0.3507784 0.4260964 -0.7225376 0.544409 0.8987467 -0.4322085 -0.073825 0.7743688 -0.6321938 0.02615237 0.9453716 -0.3257864 -0.01165062 0.4260864 -0.7225272 0.5444308 0.1551119 -0.7442759 0.6496104 0.2053028 -0.7187744 0.6642396 0.2397193 -0.7491394 0.617515 0.1952348 -0.7964159 0.572368 0.9846854 0.0174126 -0.1734691 0.9477528 -0.2619066 -0.1821252 0.980197 0.006233334 -0.197927 0.2956328 0.459607 0.8374741 0.3933966 0.447875 0.8028992 -0.1501765 0.7308123 -0.6658533 -0.4175955 0.7019355 -0.5769754 0.5473089 0.3538656 0.7584407 0.4037076 0.2154244 0.889164 -0.3830636 0.4668793 -0.7970483 -0.3049504 0.6185272 -0.724175 -0.1396847 0.652047 -0.7451999 0.4870764 0.3646446 0.7935937 -0.1223604 -0.6345937 -0.7630982 -0.2145655 0.1462002 -0.9657055 -0.3792292 0.1359808 -0.9152565 -0.4111236 -0.7777896 -0.4754164 0.2454962 -0.8849216 0.3957844 0.2597897 -0.9397365 0.2222717 0.4663198 -0.1978781 0.8622008 0.4360045 -0.05334413 0.8983621 0.4027996 0.4705824 0.7850508 0.3680363 0.4732015 0.8003934 -0.1294818 0.6987912 -0.7035093 -0.2278962 0.9256151 -0.3021588 -0.214456 -0.7596823 0.6139149 -0.4471358 -0.8367254 0.3161652 0.5931252 -0.7800731 0.1992202 -0.8862157 -0.4394122 0.1467609 -0.8848645 -0.372869 -0.2792556 -0.6840444 -0.7235687 0.09236741 0.01764845 -0.6261411 0.77951 -0.03408813 -0.7554488 0.6543204 -0.7525835 -0.3006926 -0.5858346 -0.3719491 0.1250978 -0.919785 -0.7053515 -0.1732774 -0.687353 0.2376785 -0.06131231 0.9694069 0.2956083 0.06600224 0.9530265 0.213999 0.3008998 0.9293352 0.2207266 0.4041025 0.887683 -0.2543064 0.9466865 -0.1977702 -0.5076229 0.5884984 -0.6292764 0.09953349 -0.9948335 -0.01998287 0.6015461 -0.6826345 0.4149125 0.498757 -0.6631683 0.5580765 0.7116748 -0.6709781 -0.2081044 0.321215 -0.9444471 0.06957501 0.7536375 -0.5179718 0.4046428 0.934413 -0.3207901 -0.1548099 0.01079988 -0.9936708 0.111812 0.9878663 0.02487373 -0.1533024 0.454945 0.4165721 -0.7870786 0.27448 0.9615358 -0.01047086 0.1670256 -0.5301032 -0.8313201 0.4549366 0.4165489 -0.7870958 0.9568716 -0.1333557 -0.2580951 -0.4056117 0.4471146 -0.7972251 -0.3298529 0.6661918 -0.668869 0.3717912 0.9045693 0.2086284 0.9368668 0.1298601 0.3246799 0.9589158 0.2561986 -0.1218312 0.7664443 -0.5182647 -0.3794272 0.6268636 -0.7725905 -0.1007277 -0.02037239 -0.8852654 -0.4646399 0.1670226 -0.5301035 -0.8313205 0.8724168 -0.3015301 -0.384667 -0.8072035 -0.04704761 -0.5883953 -0.4364382 -0.01640349 -0.8995848 -0.4340181 0.8851439 -0.1677753 0.9568659 -0.1333514 -0.2581183 -0.4056061 0.4471241 -0.7972226 0.1670199 0.9269068 -0.3360778 0.9990836 0.03072047 -0.02980244 0.9964354 -0.08273607 -0.01647311 0.6168285 -0.7669988 0.1767356 -0.2021058 -0.9655977 -0.163629 -0.8731824 -0.2939913 -0.388744 -0.5784091 0.6992601 -0.4200932 0.6561297 -0.7260333 0.2058385 0.9808911 -0.1384981 0.1366423 0.9711408 -0.2296512 -0.0643897 0.9964335 -0.0827558 -0.01648992 0.9964345 -0.08274233 -0.01649737 0.6974605 0.2639743 -0.666233 0.934409 -0.3207799 -0.1548553 -0.7793779 0.01036649 -0.6264685 -0.4618493 0.464613 -0.755533 -0.08424538 0.634144 -0.7686118 0.697452 0.2639806 -0.6662394 0.9969614 0.009224772 -0.0773487 -0.09415847 -0.05005294 -0.9942982 0.6974511 0.2639505 -0.6662524 -0.4618571 0.4645843 -0.7555457 -0.08425152 0.6341748 -0.7685859 -0.3838424 0.1246537 -0.9149462 -0.07078772 0.09547436 -0.9929118 0.8300424 -0.5416557 -0.1328118 0.6974456 0.2639648 -0.6662523 -0.01840442 -0.274655 -0.9613667 0.7116594 -0.6709868 -0.2081291 0.4253156 0.624211 0.6553376 0.3111591 0.917602 0.2473597 0.2777518 0.9544445 0.1090406 -0.1129088 0.8606386 -0.496541 -0.1477525 0.776933 -0.6120004 0.6438727 0.4507503 0.6182655 -0.3767744 -0.3755183 -0.8467745 -0.3005066 -0.5149117 -0.8028461 0.5488968 -0.7518252 0.3653371 0.6636255 -0.4318503 0.6108245 0.932186 0.2218372 0.2860378 0.8144327 -0.06138777 0.5770017 0.9055724 -0.3767347 0.1949609 -0.2778038 -0.289343 -0.9160271 -0.3230223 0.3459211 -0.8809059 -0.3332835 -0.365185 -0.8692308 -0.3004867 -0.5149074 -0.8028563 -0.4108061 -0.3146873 -0.8556929 -0.2777928 -0.2893331 -0.9160337 0.3331497 0.9425069 0.02630788 -0.2057583 0.8664739 -0.4548479 0.1317418 0.9903327 -0.04342097 0.1375094 0.9890923 -0.05279934 -0.2501248 -0.8022188 -0.5421094 -0.297843 -0.7529959 -0.5867597 0.9614924 0.229039 0.1518994 0.8939862 -0.06006318 0.4440511 0.8649883 -0.4854794 0.126906 -0.4561656 2.16343e-4 -0.8898949 -0.5599899 0.3652818 -0.7436266 -0.5858404 -0.2102227 -0.7826862 -0.4651209 -0.5411999 -0.7005465 -0.2501339 -0.8022302 -0.5420883 0.3496164 0.9351522 0.05708688 -0.1017597 0.7404446 -0.6643696 -0.05393546 0.871152 -0.4880423 -0.1154031 -0.4582761 -0.8812861 -0.116827 -0.8557527 -0.5040226 0.5910172 -0.7897803 0.1641517 0.5910118 -0.7897815 0.1641652 0.7044146 -0.6807608 0.2009102 0.01485657 -0.8267108 -0.5624312 0.7324953 0.08492124 0.6754547 0.7646137 -0.5701368 0.3005163 0.7582763 0.4349334 0.485644 0.6985145 0.2212461 0.6805349 -0.2928016 0.6779085 -0.6743199 -0.5271091 -0.546719 -0.6505801 -0.1978685 0.2706025 -0.9421372 -0.2094356 0.3939899 -0.8949351 -0.05389708 0.87115 -0.4880502 -0.2928435 0.6779199 -0.6742902 0.6818814 0.6784237 0.2734575 -0.2019668 0.7793301 -0.593173 -0.2094778 0.3939833 -0.8949281 0.6985387 0.2212622 0.6805048 -0.237348 -0.5252797 -0.8171579 0.06021833 -0.8714793 -0.4867213 0.6417431 -0.7437082 0.1872539 0.7002064 -0.4480565 0.5558385 0.7120504 -0.6561113 0.2500042 0.7475814 -0.1167631 0.6538261 -0.2094544 0.3939591 -0.8949442 -0.3256822 0.6964802 -0.639411 -0.3969576 0.06402099 -0.9156015 -0.3018107 0.4404727 -0.8455142 -0.4788515 -0.8426426 -0.2462818 -0.9287813 0.04896014 -0.36738 -0.1581592 -0.4183692 -0.8944009 -0.3761214 0.8850189 -0.2743619 -0.9287775 0.04896807 -0.3673889 -0.6980684 0.5025278 0.510065 -0.1158378 0.3398252 -0.9333276 -0.8704223 0.2222422 -0.4392876 -0.75332 -0.308216 0.5809578 -0.9554555 -0.105645 -0.2755795 0.3985244 -0.3962877 -0.8271242 0.03152108 -0.9424388 -0.3328897 -0.6273019 0.4943437 0.6017614 -0.262674 0.9360641 0.2340651 0.2348048 0.8355537 -0.4967058 0.4216668 0.3758335 -0.8251947 -0.5120651 -0.7841911 0.3504766 -0.7554082 -0.1272171 0.6427863 0.7872446 -0.4404354 -0.4315815 0.2840849 -0.914183 -0.2890769 -0.8616843 0.4813941 -0.1604992 -0.2436273 0.9649254 -0.09780019 0.4499098 0.8777581 -0.1646875 0.8781942 0.2720096 -0.3934281 -0.2841517 -0.9581819 -0.0338459 -0.805549 -0.3116734 0.5039349 -0.7852616 0.4035185 0.4696138 -0.3347113 -0.9148519 -0.2258636 0.3096833 -0.9434613 -0.1182246 0.4023392 0.9149314 0.03199827 -0.2351639 0.6561178 -0.7170826 0.4023206 0.9149391 0.03201127 -0.214803 -0.7279525 -0.6511105 -0.3004452 -0.5149027 -0.8028748 0.6951597 -0.3494704 0.6281905 -0.3705972 -0.004989743 -0.9287803 -0.4835484 0.5522877 -0.6790872 -0.3706002 -0.004998147 -0.9287791 -0.2124066 -0.9072445 -0.3630303 -0.3004804 -0.5149077 -0.8028584 -0.3705928 -0.004970848 -0.9287822 0.6872138 0.5709147 0.4492143 -0.5695649 -0.8153097 -0.1042404 -0.9808662 0.1006577 -0.1666424 -0.3684716 -0.4328495 -0.8227211 -0.3720902 0.899926 -0.2273374 -0.9808661 0.1006432 -0.1666521 -0.5430496 0.5632303 0.6227911 -0.2901689 0.3193404 -0.9021218 -0.9287892 0.2673984 -0.2566102 -0.630358 -0.2395287 0.7384272 -0.996696 -0.04899358 -0.06478261 0.2368752 -0.4405652 -0.8659055 -0.1147945 -0.9440754 -0.3091018 -0.5450847 0.524377 0.6541495 -0.167227 0.9541035 0.2484384 0.2281255 0.8145822 -0.5333052 0.321528 0.3307673 -0.8872502 -0.5581693 -0.7368971 0.3813527 -0.762587 -0.03905737 0.6457056 0.7375519 -0.4581674 -0.4960845 0.2305485 -0.9225274 -0.3095006 -0.900315 0.4291204 -0.07272374 -0.2704731 0.9605442 -0.06480181 0.4664616 0.8624935 -0.1962617 0.8482645 0.2503538 -0.4666589 -0.3993214 -0.8970471 -0.1893388 -0.9588984 -0.1842658 -0.2157776 0.302629 -0.9457109 -0.1185182 0.423817 0.90406 -0.05527007 -0.4078205 0.6713826 -0.6188117 0.4238131 0.9040617 -0.05527096 -0.4651218 -0.5411931 -0.7005511 -0.9589032 -0.184256 -0.2157648 0.7651016 0.5616411 0.314927 -0.382443 -0.9098805 -0.1607949 -0.8949483 -0.008738338 -0.4460844 -0.08836555 -0.4553409 -0.8859212 -0.3859294 0.8133761 -0.4352905 -0.8949637 -0.008754789 -0.4460533 -0.7882907 0.4254263 0.4445338 -0.01641654 0.2945635 -0.9554909 -0.8065466 0.148073 -0.572326 -0.3859525 0.8133891 -0.435246 -0.08838176 -0.4553479 -0.8859159 -0.7477839 -0.3200187 0.5817279 -0.9796115 -0.1718901 -0.1039952 -0.5407652 -0.840635 0.03009921 0.4706436 -0.5205728 -0.7123893 0.06632548 -0.9824492 -0.1743406 -0.07329165 -0.8106914 -0.5808682 -0.7205886 0.475856 0.5042947 -0.3381383 0.9048085 0.258813 -0.6305939 0.7683873 -0.1092348 -0.3061091 0.7256861 -0.6161794 0.292276 0.8235608 -0.4861301 0.519636 0.3084926 -0.7967501 -0.4498126 -0.8498287 0.2746998 -0.8522529 -0.190122 0.4873589 -0.3859551 0.8133918 -0.4352385 -0.3824056 -0.9098985 -0.1607818 0.886746 -0.3711673 -0.2755295 0.3172404 -0.9424587 -0.1055004 -0.8881168 0.4252319 -0.1744317 -0.1654431 0.9822045 -0.08889889 0.3923091 0.9173755 -0.06719982 0.9032508 0.3195472 -0.2864046 -0.1668491 -0.9794268 -0.1135108 -0.8728563 -0.4811496 -0.08134353 0.8841226 0.3587849 0.2993338 0.9319912 -0.2960657 0.2091354 0.3880802 -0.9215885 -0.00827986 0.4785916 0.8660553 0.1445636 0.3880808 -0.9215885 -0.008246004 0.259223 -0.964084 -0.05784046 -0.05512303 -0.9540249 -0.294615 -0.300102 -0.7686796 -0.5648633 0.8735432 -0.1797949 0.452323 -0.6259273 -0.3636775 -0.689894 -0.6992152 -0.1269292 -0.7035532 -0.4971076 0.3238246 -0.804998 -0.8881263 0.4252121 -0.1744318 0.6788915 -0.6917517 0.246142 -0.4526407 -0.6730092 -0.5849574 -0.2928268 0.677924 -0.6742933 -0.340259 0.5693866 -0.7483466 -0.2644265 -0.1626632 -0.950589 -0.2943582 0.04700005 -0.9545388 -0.1242485 -0.418898 -0.8994926 0.09957408 -0.9948293 -0.01999145 0.600595 -0.7846929 -0.1534366 -0.1170714 -0.3172935 -0.9410734 0.4979587 -0.1455649 0.8548966 0.3532657 0.271044 0.8953986 0.7130766 0.1288794 0.6891386 -0.2943515 0.04697716 -0.9545419 -0.1837232 0.1374634 -0.9733189 -0.2943801 0.04698193 -0.954533 -0.1978536 0.2705969 -0.9421418 -0.1177955 -0.1993855 -0.9728153 -0.3631899 -0.8163009 -0.4491612 -0.8495487 0.06113582 -0.5239557 0.03527116 -0.2827221 -0.9585533 -0.3860973 0.8980262 -0.2108977 -0.8495483 0.06115013 -0.5239545 -0.8132296 0.3846759 0.4366717 0.02718013 0.4735848 -0.8803288 -0.7923978 0.2459717 -0.5582148 -0.8196118 -0.4290482 0.3796766 -0.880522 -0.1067809 -0.4618214 0.6306621 -0.2587209 -0.7316617 0.1992902 -0.8868291 -0.4169144 -0.8156438 0.3576662 0.454753 -0.4020192 0.8760774 0.2662125 0.2592895 0.921471 -0.2892408 0.5818806 0.5156097 -0.6289369 -0.5024588 -0.8584746 0.1027445 -0.8996534 -0.2470875 0.3599606 0.9305564 -0.3029939 -0.2055715 0.4907755 -0.8524945 -0.1799792 -0.9254358 0.3137165 -0.2124868 -0.3753178 0.9160894 -0.1411275 0.350067 0.9366734 -0.009804189 0.8931667 0.4215366 -0.1567171 -0.1029332 -0.9726454 -0.2082443 -0.8809781 -0.2764667 -0.3839843 0.8522599 0.4925702 0.1761475 0.9548656 -0.1879948 0.2299775 0.5192177 -0.8545418 0.01309621 0.3373492 0.9403289 -0.04446542 -0.3257027 0.696468 -0.639414 0.2951834 -0.9479293 -0.1195687 -0.1029121 -0.9726461 -0.2082518 -0.880959 -0.2765219 -0.3839882 -0.4836605 0.4148495 -0.7706962 0.6417297 -0.7437144 0.1872753 -0.2529094 -0.384384 -0.8878546 -0.227755 -0.713149 -0.6629828 -0.3634088 0.1583423 -0.918075 0.1490558 -0.8954216 0.4195265 0.3533738 -0.02284473 0.9352033 0.3936359 0.4956433 0.7742019 -0.2461975 0.6573568 -0.7122281 -0.1850483 -0.6831934 -0.7064022 -0.4028279 -0.01769059 -0.9151048 0.2614895 -0.7268466 -0.6350727 -0.2087024 0.1882135 -0.9596974 0.3641217 -0.8730406 0.3243694 0.3640888 -0.8730351 0.3244215 0.9979094 -0.06430441 -0.006470918 0.8985902 -0.2185527 -0.3804873 0.8986154 -0.2185291 -0.3804414 -0.1850662 -0.6832115 -0.70638 0.3993558 -0.905326 0.1445682 0.4750865 -0.2129879 0.8537735 0.2915655 -0.8288269 0.4775306 0.4538214 -0.04362815 0.8900241 0.9218808 -0.2785841 0.2693079 0.9448035 0.07821458 0.3181649 0.9554087 0.1931731 -0.2233347 0.4644422 0.7383875 0.4889554 0.9187374 0.2898885 -0.2681161 0.9728259 0.2282719 -0.03875285 0.4502719 0.1796588 -0.8746302 0.794309 0.3455668 -0.4996567 0.8787137 0.3077781 -0.3648763 0.7306775 0.6127356 -0.3011072 0.7431976 0.6481752 -0.1659104 0.3009061 0.9338377 -0.1933978 0.2535955 0.9314033 -0.2611079 0.9744454 0.1988089 -0.104552 0.9848077 0.1724826 -0.02008789 0.9785927 -0.1017327 -0.1789044 0.991998 -0.1236183 0.02566432 0.8073133 -0.5411823 -0.2353023 0.8291634 -0.5586743 0.01926064 0.3919702 -0.8978329 -0.2006375 0.3532984 -0.9289754 -0.1103868 0.752741 0.6541453 -0.0739938 0.3169616 0.9298171 -0.1870175 0.9859927 0.1630843 0.03495806 0.9905058 -0.1090748 0.08367198 0.7906035 -0.6121599 0.01436817 0.3219371 -0.9431053 -0.08312022 0.7562628 0.6542633 -0.002474188 0.314007 0.9467418 -0.07127183 0.9860263 0.1626353 0.03608459 0.992898 -0.09865051 0.06649678 0.7656177 -0.635995 0.09664344 0.3146212 -0.9488501 0.02640062 0.7688158 0.6360619 0.06593757 0.2794054 0.9569328 0.07881879 0.9604971 0.2199997 0.1704272 0.9752717 -0.1127249 0.1901009 0.7239472 -0.6760969 0.1370894 0.2953359 -0.9433017 0.1515212 0.1246173 0.8741747 0.4693498 0.08725732 0.9811086 0.1726619 0.1242805 0.9710777 0.2038693 0.1457916 0.9140235 0.3785577 0.141425 0.9545926 0.2622061 0.23798 0.9697995 0.05342763 0.9605251 -0.2769313 -0.0264706 0.9777397 -0.04614627 -0.2046843 0.9547324 0.01068073 -0.2972743 0.9193993 0.1779007 -0.3507938 0.7943218 0.3455456 -0.4996511 0.9605241 -0.2769362 -0.02645611 0.3502969 0.9337109 0.07400047 -0.0815137 0.6926676 -0.7166361 -0.003706276 0.1458138 -0.9893052 -0.02313888 0.4710116 -0.8818236 -0.126249 0.1403278 -0.9820231 0.9820483 0.1298684 0.1368037 0.9891498 0.09607827 -0.1111376 0.9761369 -0.1685658 -0.1369024 0.9868245 0.05929476 -0.1505374 -0.09514087 0.06163698 -0.9935538 0.09507894 -0.6623587 -0.7431292 0.9979109 -0.06428605 -0.006432414 0.8987495 -0.4321999 -0.07384306 0.8119704 -0.1968396 -0.5495074 0.8987542 -0.4321948 -0.07381469 0.234268 -0.9576722 -0.1672796 0.8944255 0.1428062 -0.4238037 0.9856123 0.07438689 -0.1517724 0.981101 -0.1705652 -0.09136974 0.9801912 0.006234943 -0.1979553 0.672087 -0.1155537 0.7314004 0.30701 -0.2172853 0.9265701 0.2744989 -0.2514629 0.9281255 0.3320768 -0.3071195 0.8918535 0.3073242 -0.3341087 0.8910238 0.361877 0.7037673 0.6113564 0.2508944 0.6948119 0.6740092 0.2384429 0.8351024 0.4957307 0.4781405 0.5866773 0.6535989 0.3181426 0.7668251 0.5574628 0.7938077 -0.404263 0.4543577 0.5905623 -0.6910871 0.4166952 0.6550529 -0.6812116 0.3268892 0.6830018 -0.5335925 0.4987862 0.3600276 -0.8530983 -0.3776287 0.5947955 -0.7712149 0.2268175 0.3043016 -0.9356037 0.1790152 0.5529329 -0.7499535 0.3630909 0.3182229 -0.9106881 0.2634039 0.320213 -0.9054563 0.2785904 0.2905845 -0.9012799 0.3213336 0.9504835 0.05512917 -0.3058463 0.955402 0.1932196 -0.2233229 0.9193804 0.1779491 -0.3508188 0.8803938 0.05081319 -0.4715134 0.8051186 -0.4112246 -0.4274088 0.8692459 -0.1650523 -0.4660145 0.9335643 0.04961335 -0.3549596 0.6614068 -0.2260155 -0.7151629 0.9389463 0.0453211 -0.3410657 0.9554019 0.193202 -0.2233388 0.5647258 0.5772399 0.5898126 0.5647341 0.5772385 0.5898061 0.9451883 0.2602948 0.1971442 0.5872276 0.8092197 0.01809579 0.9948988 0.09036397 0.04484117 0.9947072 0.07618403 -0.06894618 0.564728 0.5772372 0.5898132 0.3190006 0.5262435 0.78823 0.2878237 0.4597857 0.840092 0.2953198 0.4174683 0.8593639 0.2990498 0.3059459 0.9038619 0.1179136 0.7296684 0.6735581 0.5728967 0.1333552 0.8087062 0.4037165 0.4209853 0.8122712 0.7000254 -0.2960829 0.6498457 0.5457819 -0.2685359 0.7937322 0.103421 0.9945472 0.0134229 0.1103819 0.9936487 -0.02186417 0.07759499 0.9709448 0.226374 0.172663 0.8739185 -0.4543722 0.1126435 0.9839131 -0.1386592 0.4511738 0.6500715 -0.6114321 0.6813989 0.4523403 -0.5753988 0.1749299 0.8467884 -0.5023437 0.7889187 -0.04455828 -0.6128802 0.6946068 0.124985 -0.7084491 0.7889196 -0.04457277 -0.6128777 0.5778677 0.2079693 -0.789188 0.6403656 -0.2228046 -0.7350443 0.5056406 0.3654118 -0.7815381 0.9538488 0.08833521 -0.2870008 0.3788638 -0.1893882 0.9058668 0.3293079 0.2965691 0.8964391 0.8148911 0.3964521 0.4228221 0.423125 0.7905613 0.4426942 0.9139605 -0.08821231 0.3960993 0.7845239 -0.5302127 0.3215539 0.4080418 -0.8913924 0.1972855 -0.1051876 0.925368 -0.3641835 -0.1022629 0.9028617 -0.4175921 -0.397669 -0.85747 0.3265037 -0.6795577 -0.7018017 0.2137188 -0.5207952 -0.6968871 0.4930729 -0.08529591 0.8996253 -0.4282511 0.6767225 -0.3559601 0.644468 0.3923972 -0.1025203 0.9140647 0.9046441 0.04006201 0.424281 -0.02473354 -0.3353658 0.9417633 -0.7799305 -0.1932628 0.5952798 -0.4058652 -0.1003248 0.9084099 -0.03331953 -0.2010404 0.9790161 -0.8374999 0.07197529 0.5416767 -0.7281729 -0.03648859 0.6844216 0.5384616 0.8425412 -0.01354908 0.9848228 0.1490308 0.08896076 0.9822983 0.1410462 -0.1232724 0.9661251 0.1938444 0.1703728 0.8976472 -0.419853 0.1339887 0.8924348 -0.07335871 0.4451729 0.5308136 0.7914106 0.3031604 0.9792937 0.02314198 0.2011183 -0.962016 0.272745 -0.01164102 -0.8873096 0.4601086 0.03133547 -0.9984112 0.02737408 0.04925125 -0.9628514 -0.246092 0.1111571 -0.4726128 0.8808143 0.02834534 -0.2398349 0.9434024 0.229066 -0.950865 0.1666967 0.2608983 -0.3038847 -0.7564151 0.5792154 0.3699417 -0.7155682 0.5925413 9.24904e-4 -0.555931 0.8312279 0 0 -1 0 0 -1 0 0 -1 0 0 -1 0.5294393 0.113538 -0.8407159 0 0 -1 0.3509863 0.4114922 -0.8411201 0.5309445 0.08836632 -0.8427867 -0.2926669 0.0903564 -0.9519359 -0.3279237 0.7704254 -0.5467274 0.3069824 0.0610314 -0.9497563 -3.52555e-6 -0.001644611 -0.9999987 0.5857957 -0.3278859 0.741171 0.8363096 -0.3626384 0.4111931 0.9939674 0.01984512 0.1078656 0.8168944 0.01321583 0.576636 0.6231186 0.7733122 0.1170963 0.69001 0.05521595 -0.7216908 0.8302426 0.01653349 -0.5571569 0.7080709 9.6653e-4 -0.7061407 0.9999129 0.001986026 0.01305639 0.996156 0.08108568 -0.03314083 -0.9237491 -0.1007809 0.3695008 -0.7294382 -0.512179 0.4534233 -0.5472037 -0.3554204 0.7577893 -0.8000943 0.5993295 0.02556085 -0.8811385 0.4721926 -0.0250867 -0.9626132 0.2708629 0.003051042 -0.8000877 0.5993368 0.02559554 -0.6809176 0.1911833 -0.7069656 -0.8000977 0.5993241 0.02558237 -0.725222 0.6820021 0.0944792 -0.9619466 0.1564712 0.2239989 0.07109975 -0.8936094 0.4431787 -0.1883249 -0.6233846 0.7588975 -0.7461445 -0.5732609 0.338586 0.990975 0.1321157 -0.02267336 0.7361793 -0.6762919 0.02587175 -0.219528 -0.9697787 0.1064744 -0.7144493 -0.6963133 0.06863003 -0.9402734 -0.3404035 -0.003398418 -0.9262999 0.3716179 -0.06220072 -0.4117618 0.9055825 -0.1018463 0.04218393 0.9882341 -0.1470168 0.7191951 0.6868288 -0.1049987 0.9893182 0.09743863 -0.1084221 0.7059286 -0.7063349 -0.0524978 -0.2117741 -0.9773176 0.001370489 -0.6326913 -0.7743899 -0.004704058 -0.8670007 -0.4941517 -0.06421864 -0.9335435 0.3416469 -0.1085085 -0.4394823 0.8909056 -0.1146414 0.08087766 0.9820984 -0.1701225 0.7392188 0.6534108 -0.1631255 -0.6767302 -0.3559262 0.6444787 -0.9038126 0.04014414 0.4260417 -0.392391 -0.1025125 0.9140681 0.4058623 -0.100328 0.9084109 0.7799098 -0.1932319 0.595317 0.02474164 -0.3353614 0.9417647 0.03330463 -0.2007718 0.9790719 0.8356945 0.07191026 0.5444664 0.7261113 -0.03617012 0.6866252 0.9027644 0.03814369 -0.4284408 0.9574314 0.0950073 -0.2725783 0.5880487 0.5985893 -0.5439574 0.029042 0.7044926 -0.7091169 0.4228203 0.0969181 -0.9010161 -0.8253173 0.07762652 -0.5593082 -0.9687142 0.1258249 -0.2139179 -0.9593681 -0.1135237 -0.2583126 -0.3678537 -0.1727548 -0.9136955 -0.6539951 0.08267885 -0.7519672 -0.4047515 -0.8505133 -0.3358623 0.04305207 -0.8100734 -0.5847458 0.2589568 -0.1946936 -0.9460634 -0.00657165 -0.9943465 0.1059805 -0.002175033 0.9972026 -0.07471412 -0.5708619 0.619839 -0.5384389 -0.6539989 0.08267831 -0.751964 0.6258973 -0.1653559 -0.7621746 0.9579665 -0.1742915 -0.2278659 0.3593395 -0.9082621 -0.2143249 0.4213769 -0.8523378 -0.309777 0.359337 -0.9082618 -0.2143308 -0.9240783 -0.3306849 0.1916428 -0.6054455 -0.7647144 0.2205624 -0.5636177 -0.8010765 0.2015237 -0.2664962 -0.9487358 0.1699412 -0.1979832 -0.9630273 0.1827047 0.00359404 -0.9971637 0.07517802 0.9174823 -0.3327152 0.218007 0.5431732 -0.811147 0.2168033 0.5871849 -0.7706066 0.2477486 -0.4496696 0.8863126 -0.1106673 0.1109243 0.9865919 -0.119717 0.1097863 0.9715152 -0.2100127 0.9955072 0.03638124 -0.08741885 0.6641836 -0.6979451 -0.26783 0.7152382 -0.6800359 -0.1612006 0.9843329 0.04971671 -0.1691658 0.6570598 -0.7407526 -0.1398501 0.9766476 0.101423 -0.1894013 0.7726433 0.6348134 0.005869388 0.7095387 0.6887199 -0.1490629 0.703984 0.6817988 -0.1988897 0.05491524 0.9983165 0.01867038 -0.1604425 -0.9813978 -0.1054354 -0.6008835 -0.7952401 -0.08082193 -0.8639842 -0.4979795 -0.07448297 -0.9346873 0.3422636 -0.09599667 0.9828126 -0.1825611 -0.02740097 0.9946324 0.09821546 -0.03256046 -0.6131401 -0.7672929 0.1879382 -0.9300453 -0.3173332 0.1852447 -0.9221664 -0.3432216 0.1783484 -0.6653075 -0.7293593 0.1593771 -0.2311164 -0.9613994 0.1493197 -0.1662611 -0.9672821 0.1916316 -0.9724968 0.1824423 0.1447921 -0.5483959 0.836195 -0.006323099 -0.642347 0.7597152 -0.1011098 -0.9724871 0.1731586 0.1558367 0.06452095 0.9795395 -0.1906297 0.1243379 0.9547393 -0.2702094 -0.2734975 -0.9505675 0.1470397 0.2698743 -0.9618406 0.04506242 0.6027717 -0.7978817 0.007144749 0.8372883 -0.5410681 -0.0787009 0.6268557 0.6450181 -0.4370397 -0.8583218 0.5038291 -0.09716033 -0.6359566 0.5080093 -0.5809354 -0.8266663 -0.239689 -0.5090895 -0.9760193 -0.2109692 -0.05365276 -0.8947706 0.4366903 0.09320503 -0.9763807 -0.1387507 0.1656174 -0.815338 -0.1480224 -0.5597442 -0.761074 0.5997531 -0.2471088 -0.9826563 0.05489337 0.1771253 0.2454491 -0.9622228 -0.1178222 0.258365 -0.9494801 -0.1781433 0.7129279 -0.6854397 -0.1480081 0.769647 -0.6346541 -0.06969857 0.7320497 -0.5532537 -0.3975093 0.3517497 -0.7999957 -0.4860855 0.2050859 -0.9588394 -0.1963843 0.7373093 -0.6600857 -0.1437424 0.7662869 -0.6306777 -0.1226787 0.2409009 -0.9682393 -0.06692922 0.6142956 -0.5028222 -0.6081208 0.2310845 -0.6275474 -0.7434946 0.5749509 -0.4953073 -0.6512314 -0.6589149 -0.7278248 -0.1900057 -0.6247927 -0.7716619 -0.1190464 -0.8465351 -0.5293162 -0.05659389 0.9458271 -0.3009176 -0.1219002 -0.291391 -0.9447639 -0.1500419 -0.2490628 -0.9582506 -0.1404406 -0.8786217 -0.4762529 0.03474384 0.957699 -0.2777836 -0.07516038 0.979921 0.05535542 -0.1915484 0.9175609 -0.2224463 -0.3295446 -0.7414903 -0.6709265 -0.007065832 -0.8099598 -0.5243641 -0.2626926 -0.6229956 -0.6593419 -0.4208857 -0.2400129 -0.8689966 -0.432711 -0.3255715 -0.9339639 -0.1473592 -0.1905243 -0.9267376 -0.3238177 -0.6303104 -0.7516192 -0.1943646 -0.8799691 -0.462602 -0.1079524 -0.8882266 0.4521168 0.08151024 -0.5303621 0.8439487 0.0804159 0.9076099 0.02282577 -0.4191938 -0.2533795 -0.6964749 -0.6713581 -0.6051259 -0.581707 -0.5435438 -0.8154989 -0.1477734 -0.5595754 -0.9251487 -0.02781534 -0.3785849 -0.4656015 0.8369728 -0.2875618 0.1499578 0.9212211 -0.358977 0.7468934 0.5297325 -0.4019125 -0.9659377 0.1739184 0.1916162 -0.6784404 0.6772577 0.2846765 -0.132472 0.9799666 0.1487172 0.001390099 -0.9913275 0.131408 -0.2962791 -0.9305515 0.2151573 0.8140771 0.1111088 -0.5700293 0.8329831 -0.296079 -0.4674144 0.9866232 0.1272063 -0.1019471 0.9670097 -0.2287008 -0.1121968 -0.5656012 -0.5049736 -0.6519946 -0.3292341 -0.5816347 -0.7438455 -0.897792 -0.4128065 0.153494 -0.6789903 -0.7292057 0.08503746 -0.3006898 -0.9536965 -0.006986916 -0.8908587 -0.4247805 0.1610354 -0.6419017 -0.7506502 0.1564818 -0.643641 -0.7391969 0.1982784 -0.9581789 -0.2307256 0.1692891 -0.4128959 0.9039542 -0.1112838 -0.3639183 0.8729209 -0.3249195 -0.4648495 0.8747285 -0.1369861 -0.6851876 0.7232844 -0.08589267 -0.9612561 0.200436 0.1892414 -0.775662 0.6028428 0.1868935 -0.02743524 0.9928198 -0.1164313 0.08333063 0.9286391 -0.3615048 0.004726588 0.9816449 -0.1906596 -0.008204817 0.9581844 -0.286034 -0.3214476 0.9263741 0.1962204 0.3372498 -0.9408252 -0.0333234 -0.7074059 -0.2363358 -0.6661249 0.6291575 0.612822 -0.4781319 0.6709988 0.7193318 -0.1797846 0.6607592 0.7397649 -0.1270636 0.7139487 0.6610658 -0.2308014 3.23948e-4 0.9921149 0.1253314 -0.5630459 0.8259282 0.02867013 -0.9822957 0.1410583 -0.123279 -0.9848305 0.1489858 0.08895057 -0.9661224 0.1938287 0.1704056 -0.8976418 -0.4198712 0.1339685 -0.8924533 -0.07333606 0.4451392 -0.5308431 0.7913925 0.303156 -0.9786959 0.02320188 0.2039999 0.9984107 0.02739298 0.04925352 0.8872931 0.4601412 0.03132319 0.9619995 0.2728019 -0.011671 0.9628467 -0.2461104 0.1111571 0.2398113 0.9434077 0.2290686 0.4725912 0.880826 0.0283389 0.949875 0.166545 0.2645759 0.451726 0.8856108 -0.1078761 -0.1100487 0.9714723 -0.2100735 -0.1111791 0.9865738 -0.1196303 -0.7176222 -0.6797984 -0.1513029 -0.6661645 -0.6938969 -0.2733718 -0.9954286 0.03603821 -0.08844935 -0.9861865 0.04882603 -0.1582794 -0.9766106 0.1016401 -0.1894763 -0.6571232 -0.7406929 -0.1398687 -0.7768126 0.6296771 0.00831145 -0.7114147 0.6878257 -0.1441699 -0.7040967 0.6816596 -0.1989673 -0.05641919 0.9982111 0.01978594 0.1601523 -0.9814146 -0.1057192 0.3040874 -0.7539737 0.5822841 -8.86643e-4 -0.5539532 0.8325473 -0.3698801 -0.713167 0.5954675 -0.5306376 0.1139054 -0.8399103 0.293466 0.09068453 -0.9516586 -0.3014703 0.05389976 -0.951951 -0.3538303 0.4166567 -0.8373776 0.3301942 0.7790266 -0.5330004 0 -0.001644849 -0.9999988 -0.307518 0.06114423 -0.9495757 -0.993393 0.02006697 0.1129955 -0.8341922 -0.3614154 0.4165362 -0.5845657 -0.3262681 0.742854 -0.8153913 0.01339167 0.5787553 -0.6216205 0.7730801 0.1262341 -0.9963422 0.08126586 -0.0264256 -0.6216083 0.7730959 0.1261985 -0.6923894 0.05555546 -0.7193821 -0.7098128 0.001054108 -0.7043896 -0.8320584 0.01681405 -0.5544334 -0.9998355 0.002184927 0.01801085 0.545781 -0.3535962 0.7596664 0.7269514 -0.5102959 0.4594997 0.9213885 -0.1003432 0.3754658 0.7994774 0.5998471 0.03193145 0.8808256 0.473096 -0.01807069 0.9625334 0.2709495 0.01076614 0.6835122 0.1918799 -0.7042679 0.7994642 0.5998624 0.03196918 0.7994841 0.5998361 0.03196787 0.7241878 0.6820576 0.101733 0.9603066 0.156344 0.231015 0.1883152 -0.6233983 0.7588886 -0.07106757 -0.8936151 0.4431723 0.7461349 -0.5732768 0.3385801 -0.9909737 0.1321617 -0.02245813 -0.7362232 -0.6762401 0.0259779 0.2195096 -0.9697862 0.1064443 0.7145938 -0.6961522 0.06876027 0.9403275 -0.3402563 -0.003145277 0.9262989 0.3716565 -0.06198287 0.3155204 0.9471142 -0.05849546 -0.4303274 0.8932134 -0.1303388 -0.9892827 0.09766298 -0.1085444 -0.706048 -0.7062014 -0.05268514 0.21192 -0.9772861 0.001404881 0.6330562 -0.774093 -0.004449129 0.8671041 -0.4940094 -0.06391686 0.9336563 0.3414105 -0.1082819 0.3938894 0.9086728 -0.1384374 0.01419496 0.9789228 -0.203737 -0.739402 0.6532424 -0.1629701 0.6028589 -0.7940406 -0.07785105 0.8654797 -0.4966315 -0.06558978 0.9356719 0.3429933 -0.08290916 -0.9941609 0.1071255 -0.01297551 -0.9862661 -0.1620081 -0.03213399 0.9233664 -0.3434043 0.1716627 0.9285334 -0.320513 0.1873421 0.6050917 -0.7734406 0.1888219 0.6623631 -0.7326053 0.1567309 0.1398072 -0.9738005 0.1793501 0.2193685 -0.9638801 0.1510385 0.6512144 0.7506572 -0.1115069 0.5501223 0.834994 0.01227134 0.9713821 0.1737063 0.1619971 0.9773854 0.1598355 0.1384577 -0.1157062 0.9556 -0.2709998 -0.0631569 0.9785381 -0.196149 -0.2710817 -0.9617482 0.03943568 0.2701756 -0.951447 0.1474922 -0.6164283 -0.787398 0.004539549 -0.8379244 -0.537469 -0.09492063 -0.6413999 0.6491492 -0.4089151 0.8266676 -0.239696 -0.509084 0.6359565 0.5080102 -0.5809347 0.858321 0.5038309 -0.09715735 0.9760208 -0.2109616 -0.05365496 0.8957711 0.4349545 0.09170043 0.9763814 -0.1387424 0.1656201 0.8105275 -0.1444511 -0.5676082 0.7607941 0.5967018 -0.255224 0.9838621 0.05096775 0.1715162 -0.7129365 -0.6854327 -0.1479986 -0.2583673 -0.94948 -0.1781411 -0.2454519 -0.9622234 -0.1178123 -0.7696467 -0.6346547 -0.06969672 -0.7320511 -0.5532532 -0.3975074 -0.351757 -0.799991 -0.4860881 -0.2050714 -0.9588427 -0.1963833 -0.7373024 -0.6600897 -0.1437596 -0.7662518 -0.6307178 -0.1226923 -0.240951 -0.9682278 -0.06691533 -0.614293 -0.5028237 -0.6081221 -0.2310709 -0.6275443 -0.7435014 -0.5741993 -0.4934623 -0.6532918 0.658916 -0.727822 -0.1900128 0.8465281 -0.5293282 -0.05658644 0.6248034 -0.7716531 -0.1190467 -0.9458243 -0.3009268 -0.1218995 0.2490121 -0.9582507 -0.1405303 0.2914478 -0.9447427 -0.1500651 0.8786157 -0.4762639 0.03474378 -0.9576895 -0.2778019 -0.07521265 -0.9799214 0.0553525 -0.1915467 -0.9175665 -0.2224991 -0.3294937 0.7414917 -0.6709247 -0.007074177 0.8099787 -0.5243523 -0.2626584 0.6230017 -0.6593393 -0.4208807 0.2400163 -0.86899 -0.4327223 0.3255739 -0.9339629 -0.1473603 0.1930939 -0.926419 -0.3232069 0.636967 -0.7470483 -0.1902418 0.8828434 -0.4578742 -0.1045889 0.8890877 0.450774 0.07953637 0.5366798 0.8401965 0.07774758 -0.9011914 0.02567708 -0.4326604 0.2549322 -0.6950216 -0.6722757 0.6047303 -0.5778307 -0.5480995 0.8105305 -0.1444661 -0.5676001 0.9195255 -0.02396696 -0.3922991 0.4663774 0.8362363 -0.2884457 -0.1517495 0.920112 -0.3610625 -0.7445927 0.526291 -0.4106088 0.2156224 -0.9552048 0.2027087 0.6665129 0.6770193 0.3120986 0.9591068 0.1758173 0.221816 0.1244678 0.9800052 0.155234 0.2485455 -0.9523556 0.1767597 0.2853535 -0.9358962 0.2065716 -0.8140733 0.1111119 -0.5700341 -0.8329721 -0.2960867 -0.4674293 -0.987441 0.1268579 -0.09416699 -0.9683623 -0.2251943 -0.1075272 0.5655964 -0.504978 -0.6519955 0.3292293 -0.5816329 -0.7438489 0.8977943 -0.4128016 0.1534937 0.6790269 -0.7291733 0.0850228 0.3008083 -0.9536584 -0.007082879 0.8917659 -0.4239796 0.1580983 0.6424546 -0.750782 0.1535535 0.9548946 -0.2294905 0.1884424 0.6384153 -0.7394486 0.2136391 0.3639171 0.872921 -0.3249204 0.4128957 0.9039542 -0.111284 0.4650657 0.8742702 -0.1391599 0.6903817 0.7163822 -0.100845 0.7704588 0.6051161 0.2005688 0.9574096 0.201992 0.2063159 -0.08331626 0.9286431 -0.3614975 0.02742952 0.9928199 -0.1164318 -0.005069553 0.9817631 -0.1900411 0.008266389 0.9583231 -0.2855675 0.3174585 0.9262924 0.202984 0.7034159 -0.2335761 -0.6713035 -0.6291496 0.6128279 -0.4781347 -0.6709976 0.7193326 -0.1797853 -0.6622017 0.7397558 -0.1193757 -0.7168604 0.6618799 -0.2191491 -6.25469e-6 0.9795143 0.2013751 -1.52423e-6 0.9836187 0.1802615 0.32487 0.9257413 0.1935526 -0.3249144 0.9257243 0.1935592 -0.2758201 0.9576004 0.08321458 0.006058514 0.9993875 0.03446817 -0.7671339 0.6365705 0.07926964 -0.9586367 0.2189943 0.1818166 -0.9734228 -0.112049 0.1997324 -0.7229329 -0.6761915 0.1418912 -0.2986826 -0.9421563 0.1520864 -0.002519965 -0.9808269 0.194865 -0.3054022 0.7916731 0.5291344 -0.0480678 0.8275704 0.5593003 0.09046894 0.985176 -0.145752 -0.1629784 0.9691021 -0.1851466 -0.5676121 0.6814988 0.4619266 -0.05012923 0.9546856 -0.2933644 -0.1738212 0.9169093 -0.3592541 -0.4132373 0.7815535 0.4673427 -0.3203454 0.7635166 0.560733 -0.2747137 0.8562171 0.4375212 -0.08806419 0.9918025 -0.09258854 0.2512192 0.947242 -0.1990514 0.06464636 0.7174303 0.6936242 -0.08295494 0.6580177 0.7484192 0.2580531 0.9631934 -0.07528054 0.2630521 0.9589398 0.1060103 -0.1206601 0.6912841 0.7124377 0.06268352 0.9833977 0.1702939 -0.4525814 0.7664891 0.4557024 -0.1153987 0.9690088 -0.218415 -0.9246554 0.05033183 -0.3774642 -0.7305666 -0.6789529 -0.07276934 -0.3773298 -0.782844 0.4947502 -0.9865756 -0.1108935 -0.1198806 -0.8655654 -0.4737012 -0.1624922 0.01050925 -0.8109978 0.5849548 -0.1161869 -0.8137537 0.5694784 -0.2061326 -0.8319643 0.5151163 -0.2977714 -0.8189865 0.4905033 -0.9802051 0.006232261 -0.1978867 -0.9924537 0.01843112 -0.1212269 -0.3431766 0.4481816 0.8254472 -0.2956212 0.4596057 0.8374789 0.08893364 0.7315524 -0.67596 0.4242038 0.703755 -0.5698948 -0.3899151 0.2206072 0.8940351 -0.5473167 0.353856 0.7584396 0.3757486 0.4682608 -0.7997154 0.2477216 0.6672198 -0.7024613 0.1870707 0.6411049 -0.7443045 -0.4227774 0.3445181 0.8381925 0.3781105 0.133591 -0.9160709 0.2233524 0.1533415 -0.9626007 0.1223645 -0.6345895 -0.7631011 0.4111266 -0.7777919 -0.4754101 -0.259777 -0.9397401 0.2222715 -0.2454943 -0.8849207 0.395788 -0.4653032 -0.2154164 0.8585387 -0.4445306 -0.04355424 0.8947043 -0.4221253 0.3902116 0.8182574 0.1405792 0.6953308 -0.7048068 0.2244372 0.9260752 -0.3033358 0.214481 -0.7596852 0.6139026 -0.5935994 -0.7786876 0.2031879 0.4467784 -0.8352236 0.3206101 0.8864908 -0.4384226 0.1480534 0.8870705 -0.37198 -0.2733803 0.6840431 -0.7235645 0.09240925 -0.01767915 -0.6261108 0.7795337 0.0340889 -0.7554451 0.6543247 0.752609 -0.3006849 -0.5858057 0.7053672 -0.173239 -0.6873466 0.3719029 0.1250746 -0.9198069 -0.2376825 -0.06131201 0.969406 -0.2764024 0.09517681 0.9563175 -0.1904226 0.3082887 0.9320393 0.5076255 0.5885037 -0.6292693 0.251206 0.9472406 -0.1990751 -0.470486 -0.6665571 0.5782254 -0.6153751 -0.6925428 0.3764281 -0.1001655 -0.9946488 -0.0253123 -0.71407 -0.6687088 -0.2072021 -0.3130035 -0.9497444 0.003831803 -0.8053221 -0.5164252 0.2911381 -0.9366944 -0.3158835 -0.1510674 -0.01057493 -0.9927109 0.1200555 -0.9350356 -0.2103872 -0.2853867 -0.5261991 0.845337 0.092305 -0.3794211 0.4928341 -0.7830417 -0.04928463 -0.4108934 -0.9103504 -0.9350333 -0.2104036 -0.2853825 -0.5007736 0.1475437 -0.8529108 0.3596027 0.7379109 -0.571116 0.1487008 -0.2456753 -0.9578788 -0.3793718 0.492839 -0.7830626 -0.5261821 0.8453516 0.09226578 -0.1433829 0.7168813 -0.6822921 -0.9600533 -0.01280647 0.279524 -0.6866058 0.665181 0.2934398 -0.9765664 -0.0799936 -0.1997973 0.02033168 -0.8886653 -0.4581056 -0.6268854 -0.7732882 -0.09508031 -0.8515219 -0.3324514 -0.4054464 -0.9350448 -0.2103939 -0.2853521 -0.4224 -0.6175852 -0.6634507 0.02030193 -0.8886585 -0.45812 0.7712295 0.06533098 -0.633196 -0.04927402 -0.4108887 -0.910353 -0.1093326 0.991201 0.07461214 0.4270395 0.8709616 -0.2430292 -0.9350357 -0.2103971 -0.2853795 -0.9878189 -0.1501536 0.04083794 -0.5520737 0.8250676 -0.1203249 0.2020865 -0.9667784 -0.1565266 -0.6168189 -0.7656871 0.1823675 0.873184 -0.2968202 -0.3865842 0.3713744 0.8523076 -0.3683107 -0.6560053 -0.7242613 0.212374 -0.6861765 0.3441697 -0.6408659 0.7828553 0.01279515 -0.6220723 0.5475907 0.3441134 -0.7627125 0.1145094 0.5611288 -0.8197696 0.5475791 0.3441043 -0.7627249 -0.6861947 0.3441857 -0.6408379 0.04397958 -0.04876273 -0.9978417 0.02627766 0.09584087 -0.9950498 0.3838567 0.124665 -0.9149386 0.1145424 0.5611379 -0.8197587 -0.8283472 -0.5447002 -0.1309299 -0.7140762 -0.6687107 -0.2071746 0.06751167 -0.1977636 -0.9779222 -0.6861827 0.3441538 -0.6408679 -0.3217527 0.9234986 0.2088673 -0.4127284 0.6279635 0.6597857 0.1427651 0.7738196 -0.6171073 0.2031842 0.8533709 -0.4800775 -0.2948327 0.9551172 0.02872204 -0.6510252 0.4586628 0.6048097 -0.6147223 -0.7563652 0.2236704 0.2839553 -0.7201426 -0.6330593 0.347702 -0.3798399 -0.8572194 -0.667726 -0.4415091 0.5993427 -0.9128657 -0.04748058 0.4054896 -0.9688534 0.239196 -0.06409662 -0.9056447 -0.3888471 -0.1691317 0.4160031 -0.4963699 -0.7619439 0.4914523 0.3349499 -0.8039175 0.2963469 -0.2919269 -0.9093719 0.2963687 -0.2919276 -0.9093646 0.4041609 -0.3190761 -0.8572307 0.3673801 -0.623824 -0.6898373 0.05444139 0.6900572 -0.7217044 0.2907104 0.9017933 -0.3197757 -0.3175333 0.9473154 -0.04202604 -0.3175074 0.9473237 -0.04203468 -0.1300675 0.9890913 -0.06914311 0.09906822 0.5389429 -0.8364962 0.2470727 -0.8067075 -0.5368223 0.3515374 -0.8082772 -0.4723448 -0.9514437 -0.03622889 0.3056837 -0.9603452 0.2593773 0.1022773 -0.8574121 -0.505138 0.09838742 0.7318517 -0.2895754 -0.6168786 0.7390311 0.4213879 -0.5256093 0.4488281 0.002502977 -0.8936147 0.4041473 -0.3191256 -0.8572187 0.2470193 -0.8066946 -0.5368663 0.5738819 -0.6075007 -0.5491836 0.05513507 0.8684028 -0.4927848 0.1683363 0.7549114 -0.6338545 -0.3557024 0.9345384 0.01067388 -0.7079128 -0.6905991 0.1480959 0.1625518 -0.8727732 -0.460265 0.09223961 -0.4589428 -0.8836648 -0.01602733 -0.6097429 -0.7924373 -0.7236223 -0.680763 0.1137212 -0.7079353 -0.6905956 0.1480045 -0.8171699 0.4338285 0.3795076 -0.8004127 -0.5688268 0.1891447 -0.7534516 0.07878136 0.6527667 -0.7194883 0.2185861 0.6592091 0.2139607 0.2685619 -0.9391993 0.6222819 -0.5871703 -0.5176839 0.3734101 0.7013131 -0.6072272 0.3734698 0.7013272 -0.6071742 0.05518352 0.8684171 -0.4927541 0.2228723 0.3933081 -0.8919847 0.2228236 0.3933005 -0.8920002 0.2282453 0.7597307 -0.6088624 -0.7054047 0.6576488 0.2643904 -0.7194789 0.2185598 0.6592282 -0.6625034 -0.7449148 0.07868373 -0.09727245 -0.7777085 -0.6210536 0.2686974 -0.5255898 -0.8071909 -0.7257057 -0.4559839 0.515199 -0.7473236 -0.6477457 0.1480981 -0.7580938 -0.1202201 0.6409689 0.3933084 0.1435875 -0.9081251 0.308072 0.6686989 -0.6767078 0.2228478 0.3932865 -0.8920004 0.315672 0.442458 -0.8393939 0.6283603 -0.7451189 0.2235199 0.3664954 -0.5398164 -0.7578123 0.9538493 -0.06970608 -0.2920831 0.2001675 0.2052709 -0.9580171 0.2990865 0.8276109 -0.4749818 0.9651166 0.1097689 -0.2376988 0.7002029 -0.03476202 0.7130972 0.9651126 0.1097972 -0.2377022 0.5425662 0.7304943 0.414729 0.941354 0.2885333 -0.174932 0.1268298 -0.9606508 -0.2471123 -0.2962459 -0.4543272 -0.8401342 0.2125477 0.9518544 0.2209001 0.5506581 0.4999029 0.6684854 -0.406606 0.2751601 -0.8711822 -0.1909859 0.9063996 -0.3767817 0.7335149 -0.1278612 0.6675384 0.4582695 -0.8490304 0.2629379 -0.1991937 -0.9304839 -0.3074437 -0.6637787 -0.4546566 -0.593873 0.2546809 0.9649289 -0.06363976 0.8713273 0.4741307 -0.1264469 0.1723443 0.9780694 0.1169521 -0.7705566 0.255496 -0.5839216 -0.427974 0.8618831 -0.2720217 0.5868631 -0.7341313 -0.3415305 0.1878888 -0.9624872 -0.1957457 0.8063144 -0.479395 -0.3464646 0.8732594 0.4684173 0.1341761 0.9662416 0.01604861 -0.2571374 0.7335031 -0.1278532 0.6675529 0.2546772 0.9649289 -0.06365418 -0.2536975 -0.9302943 -0.2649343 -0.3884609 0.9138732 -0.1180428 0.3718281 0.649223 -0.6635159 -0.3884406 0.913881 -0.1180486 0.2036857 -0.8300479 -0.5191653 0.3673771 -0.623847 -0.6898182 -0.7021825 -0.3577105 0.6156159 0.4914098 0.3349381 -0.8039483 0.4712021 -0.3239709 -0.8203728 0.8063452 -0.4793471 -0.3464588 0.8941206 -0.2445999 -0.3751258 0.8713124 0.4741545 -0.1264604 0.3717495 0.6492322 -0.6635511 0.6357333 -0.5673004 -0.5234631 -0.7558218 0.5812797 0.3014093 0.7788558 0.5300793 -0.3352606 0.1568081 0.966125 -0.2049731 0.3718088 0.649248 -0.6635023 0.6557114 -0.7473435 0.1073325 0.2098163 -0.5515762 -0.8073047 0.87879 -0.08059257 -0.4703542 0.01185154 0.1923518 -0.9812545 0.2058193 0.8195715 -0.5347347 0.9013435 0.0994355 -0.421536 0.8249137 -0.03185403 0.5643603 0.9013325 0.09940201 -0.4215674 0.5986881 0.751151 0.2781092 0.8911198 0.2790843 -0.3577955 0.09189581 -0.9582948 -0.2706036 -0.3709439 -0.4204264 -0.8280351 0.1857019 0.9726777 0.139331 0.5876462 0.5215014 0.6186342 -0.4663902 0.2770664 -0.8400681 -0.1910675 0.9156802 -0.353586 0.7288098 -0.152596 0.6674959 0.5576161 -0.7506412 0.3544039 -0.2365088 -0.9218648 -0.3069672 -0.7655872 -0.460107 -0.449642 0.2544964 0.9670573 0.005636036 0.877434 0.4445286 0.1802884 -0.8701137 0.3331463 -0.363202 -0.4330773 0.8919156 -0.1301181 0.9661536 -0.249975 0.06371682 0.3895949 -0.9138029 -0.1148042 -0.2749733 -0.9553475 -0.1081711 -0.4133943 0.905 -0.1004006 0.3981637 0.8021039 -0.4450786 -0.4134206 0.9049897 -0.1003851 0.5738653 -0.6074916 -0.549211 0.8251376 0.2004958 -0.5281566 0.731863 -0.2895861 -0.6168603 0.9661538 -0.2499718 0.06372791 0.539539 0.7173696 -0.4407706 -0.7919867 0.5796326 0.1917895 0.5238044 -0.8143657 0.2498753 0.4230753 -0.5234484 -0.7396006 0.976202 -0.1419453 -0.1639549 0.3514843 0.2452431 -0.9035013 0.4335787 0.8235635 -0.3657221 0.9949617 0.03184986 -0.09506255 0.5858281 -0.1464515 0.7970932 0.9949647 0.03190267 -0.09501272 0.5279459 0.6702301 0.5215984 0.527948 0.6702193 0.5216102 0.9779003 0.2078264 -0.02278888 0.06015145 -0.9541275 -0.293296 -0.2642257 -0.3503006 -0.8985958 0.2846658 0.9303119 0.231269 0.5771906 0.5097443 0.6379747 -0.2961169 0.3668908 -0.8818764 -0.07981932 0.9337758 -0.3488433 0.7117485 -0.2318539 0.6630671 0.4583243 -0.8372338 0.2982928 0.5669575 0.3501015 0.7456462 -0.3560232 -0.8849391 -0.300217 -0.8039382 -0.3693854 -0.4660878 0.1585284 0.9852058 -0.06510406 0.9025679 0.4277735 -0.04879635 0.6391648 0.6724386 0.3732222 0.1585276 0.9852061 -0.06509917 -0.8303048 0.3505141 -0.4332826 -0.3828991 0.9130029 -0.1407622 0.889877 -0.454278 0.04183799 0.1867194 -0.9796421 -0.07373756 0.902585 0.4277358 -0.04880964 0.5771893 0.5097532 0.6379688 -0.9532095 -0.2959181 0.06184047 -0.9199426 0.3586686 0.158312 -0.3820425 -0.9217008 -0.06716662 -0.4963473 0.865249 0.07059389 0.07472914 -0.9634261 -0.2573435 -0.2504365 -0.9636985 -0.09255826 -0.3820586 -0.9216934 -0.06717497 0.3674629 -0.7978204 -0.4779682 0.7363495 -0.4062907 -0.5410336 0.9025647 0.4277782 -0.04881405 0.6057916 0.3493328 -0.7148309 0.8229931 -0.1656557 -0.5433605 -0.7079271 -0.6905933 0.1480548 0.5329139 -0.7067392 -0.4653198 0.3734331 0.7013316 -0.6071916 0.2982686 0.5739242 -0.7626578 0.3832722 4.61586e-4 -0.9236354 0.06747877 -0.1977136 -0.9779346 0.2470357 -0.8067132 -0.5368309 0.3832874 4.85221e-4 -0.923629 0.2963545 -0.2919415 -0.9093647 0.2076384 0.04638409 -0.9771053 0.2076236 0.04641437 -0.9771071 0.06750702 -0.1977005 -0.9779353 0.3980813 -0.1657329 -0.902255 0.01877558 -0.5097337 -0.8601274 0.06131881 -0.3146862 -0.9472131 -0.6044346 -0.7818431 -0.1529067 -0.1001611 -0.9946491 -0.02531933 -0.4502218 -0.1456502 0.8809577 -0.3092574 0.2577029 0.9153956 -0.7230662 0.1314649 0.6781536 0.202157 0.1345515 -0.9700662 0.207645 0.04637748 -0.9771043 0.04397088 -0.04877984 -0.9978413 0.5562954 -0.8144028 0.1651776 0.3026907 -0.5235269 -0.7964282 0.9387346 -0.1420515 -0.3140046 0.2064155 0.2452303 -0.9472353 0.3713103 0.8235544 -0.4288204 0.968006 0.0317927 -0.248905 0.7028712 -0.1465072 0.6960659 0.968004 0.03179556 -0.2489122 0.60278 0.6702122 0.4329803 0.9624188 0.2077398 -0.1749122 0.019791 -0.9530943 -0.3020262 -0.3404163 -0.3576628 -0.8695942 0.2841691 0.9362542 0.2065819 0.5999925 0.4438527 0.6655854 -0.3665078 0.3650926 -0.8557916 -0.09095251 0.9333662 -0.3472107 0.6807858 -0.2475325 0.6893899 0.4663547 -0.8100492 0.3554347 -0.3461669 -0.8882305 -0.3020186 -0.777844 -0.3701723 -0.5078694 0.3209256 0.945506 -0.05500173 0.9292867 0.3643754 -0.06047362 -0.8016451 0.3574182 -0.4791842 -0.3718426 0.9126083 -0.1699388 0.7784341 -0.3724572 0.5052881 0.09788686 -0.9947201 -0.03082537 0.9199362 -0.332861 0.2071738 0.9226024 0.325998 0.2062283 -0.9677922 -0.2486473 0.03940671 -0.9033522 0.4283352 0.02200019 -0.4437537 -0.8843377 -0.1450157 -0.3533828 0.9347124 -0.03786307 0.3081001 0.6687045 -0.6766895 -0.274558 -0.9387621 -0.2081914 -0.4437392 -0.8843486 -0.1449931 0.1447218 -0.968837 -0.2010235 0.14473 -0.9688405 -0.2010008 0.4431988 0.07845133 -0.8929839 0.8686417 -0.05161738 -0.4927447 0.9292941 0.3643565 -0.06047141 0.4370581 0.3750249 -0.8175187 -0.6625014 -0.7449172 0.07867878 -0.001117169 -0.7413628 -0.6711035 0.4431829 0.07843428 -0.8929933 0.238377 -0.286966 -0.9278076 0.6819217 0.4707875 -0.5597695 0.3449042 0.1888671 -0.9194403 0.2277526 -0.7131896 -0.66294 -0.1490533 -0.8954226 0.4195253 -0.3382692 -0.04916483 0.9397643 -0.3658273 0.4353401 0.8225871 0.2391914 0.6772921 -0.6957463 0.4028248 -0.01769059 -0.9151062 0.1850463 -0.6831916 -0.7064043 0.2087109 0.1882141 -0.9596954 -0.2615219 -0.7268617 -0.6350421 -0.3641534 -0.8730171 0.3243971 -0.8985943 -0.2185461 -0.3804811 -0.9979106 -0.06428909 -0.006428718 -0.364101 -0.8730344 0.3244096 -0.399365 -0.9053227 0.1445636 0.1850579 -0.6832152 -0.7063785 -0.8985952 -0.2185529 -0.3804752 -0.4738714 -0.2167871 0.8534924 -0.2916576 -0.8287904 0.4775378 -0.9218842 -0.2785767 0.2693042 -0.453823 -0.04362726 0.8900233 -0.9448029 0.07819765 0.3181706 -0.9573642 0.1510241 -0.2462633 -0.8170921 0.2732993 -0.5076102 -0.4502757 0.1796665 -0.8746266 0.006509542 0.9930213 -0.1177558 -0.266682 0.941992 -0.2037938 -0.2077161 0.9507322 -0.2301355 0.003647506 0.9761555 -0.2170417 -0.7375366 0.6349515 -0.2299489 -0.7029141 0.6150174 -0.357303 -0.9831082 0.1764926 -0.04846149 -0.9622817 0.1546233 -0.2238433 -0.9934318 -0.1134484 -0.01492589 -0.972312 -0.1157587 -0.2030008 -0.8169065 -0.5744621 -0.05154663 -0.8067014 -0.5487571 -0.2193136 -0.3423348 -0.9315881 -0.1222722 -0.366837 -0.9073166 -0.2054441 -4.65636e-5 -0.993101 -0.1172627 -5.82086e-5 -0.9923073 -0.1237998 0.00646007 0.9759017 -0.2181155 -0.2980988 0.9347032 -0.1935642 -0.746338 0.6589981 -0.09328067 -0.9867305 0.1623209 -0.003857731 -0.9918646 -0.1267619 0.01167118 -0.7827312 -0.6216924 -0.02881789 -0.3219284 -0.9430702 -0.08355075 7.60235e-5 -0.9997166 -0.02380836 0.00642091 0.9933279 -0.1151454 -0.3046111 0.9497135 -0.07250088 -0.7532772 0.6572914 -0.02327132 -0.9875488 0.156561 0.01536679 -0.9922181 -0.1015127 0.07210004 -0.7643605 -0.6353966 0.1096554 -0.3146198 -0.9486904 0.03163963 -7.74706e-5 -0.9998892 0.0148859 -0.1171343 0.9674322 0.2243987 -0.1065664 0.980154 0.1671578 -0.1246635 0.874179 0.4693294 -0.1385256 0.9152383 0.378351 -0.1189574 0.9388404 0.3231531 -0.1413207 0.9810508 0.1325439 -0.9246444 0.05032306 -0.3774923 -0.9813717 0.1769732 0.07476681 -0.963085 -0.2673671 0.03133893 -0.9522384 0.02637052 -0.3042148 -0.087417 0.8207913 -0.5645 -0.8010882 0.2532345 -0.5423376 -0.6310681 0.7592746 -0.1589198 -0.4664784 0.8835663 0.04133784 -0.1211574 0.9226573 -0.3660935 -0.9761358 -0.1685515 -0.136928 -0.9891414 0.09608805 -0.1112048 -0.9820535 0.1298826 0.1367542 -0.9427455 0.3305457 -0.04439264 -0.9928057 -0.06568318 -0.100113 -0.8170925 0.2732924 -0.5076131 -0.015702 -0.7198819 -0.693919 0.09514284 0.06163847 -0.9935535 -0.1006 0.5653116 -0.8187201 -0.4041409 0.436942 -0.8035869 -0.9979107 -0.06429094 -0.006404995 -0.9871604 0.03078991 -0.1567371 -0.8655896 -0.4736523 -0.1625063 -0.997911 -0.06428134 -0.006449282 -0.3668957 -0.5935565 -0.7162948 -0.9856131 0.07438731 -0.1517676 -0.8944348 0.1428029 -0.4237851 -0.6902947 -0.08277034 0.7187784 -0.2647575 -0.2233452 0.9380941 -0.2663324 -0.2847214 0.9208696 -0.3249614 -0.3678137 0.871271 -0.3345765 -0.3590675 0.8712802 -0.2360124 0.7109968 0.6624059 -0.3522954 0.7161191 0.6025458 -0.233976 0.8361434 0.4961045 -0.4735402 0.5891748 0.6547005 -0.3162802 0.7673789 0.5577602 -0.655052 -0.6812121 0.3268899 -0.5905761 -0.6910678 0.4167078 -0.7937948 -0.4042499 0.4543919 -0.6829934 -0.5335946 0.4987955 -0.366204 -0.8619405 -0.350647 -0.877784 -0.2765844 -0.3911475 -0.3100509 -0.9344797 0.1749749 -0.6227197 -0.7645432 0.1664146 -0.3182108 -0.9106953 0.2633931 -0.558112 -0.7496666 0.3556839 -0.3202115 -0.9054569 0.2785903 -0.2905855 -0.9012817 0.3213275 -0.9474138 0.04184573 -0.3172637 -0.6281183 -0.2033834 -0.7510676 -0.8169962 0.001721322 -0.5766406 -0.9246419 0.0503152 -0.3774996 -0.9389457 0.04533845 -0.3410654 -0.6281188 -0.2034118 -0.7510597 -0.9573586 0.151048 -0.2462705 -0.957356 0.1510671 -0.2462685 -0.557137 0.5213812 0.6463436 -0.6954932 0.718208 0.02159911 -0.9504008 0.2259566 0.2137331 -0.9948977 0.09037286 0.04484724 -0.3318408 0.5095646 0.7938675 -0.2857838 0.4374774 0.8526085 -0.295323 0.4175188 0.8593385 -0.285034 0.3053416 0.9085825 -0.1322575 0.7248862 0.6760532 -0.4193407 0.4219202 0.8038263 -0.5703348 0.1301889 0.8110297 -0.7000194 -0.2960912 0.6498484 -0.5451892 -0.2674282 0.7945131 -0.1201766 0.9923748 -0.02738356 -0.1163483 0.9931973 0.004737913 -0.07149547 0.9731189 0.2189249 -0.02629142 0.9964851 0.07953935 -0.1294068 0.8662997 -0.4824714 -0.3294348 0.7916554 -0.5145429 -0.9684746 -0.08857905 -0.2328322 -0.375853 -0.1869462 0.9076264 -0.3512576 0.2804979 0.8932744 -6.56491e-4 0.9063499 -0.4225277 0.01294672 0.9990867 -0.04072171 0.01006042 0.9986316 0.05132001 0.004776775 0.9426126 0.3338545 0.006537377 0.8795724 0.4757203 0.004720628 0.8325623 0.5539112 1.28429e-6 -0.9808641 0.1946941 1.09617e-6 -0.9700428 0.2429341 -9.24221e-7 -0.9622557 0.272147 1.59327e-7 -0.9486833 0.3162282 -0.4182666 0.7927534 0.4433904 0.009125053 0.9637186 0.2667646 -0.8148937 0.3964518 0.4228171 -0.913959 -0.08821588 0.3961022 -0.784523 -0.5302152 0.321552 -0.408002 -0.8914148 0.1972664 4.67617e-6 -0.9760046 0.2177503 -0.3965722 0.9167917 0.04715704 0.01007968 0.9997627 0.01931697 -0.8464712 0.5305027 0.04531723 -0.9995975 0.02428722 0.0146619 -0.8834693 -0.468391 -0.009594738 -0.4950846 -0.8660078 -0.07015579 1.00594e-6 -0.9964715 -0.08393234 -0.3008156 0.9520927 -0.05504161 -0.3038009 0.9113546 0.2777371 0.00486505 0.4250272 0.9051675 0.01008319 0.9997627 0.01930832 -0.7505357 0.6580137 -0.06094485 -0.9501079 0.01391065 0.3116112 -0.7278271 0.4220848 0.5404742 -0.9298498 -0.3665946 0.0314303 -0.5826572 -0.8121699 -0.0298444 -0.2910912 -0.9491699 -0.1197601 0.004855036 0.4250428 0.9051603 -0.1681952 0.1739039 0.9702926 -0.1105347 -0.06662225 0.9916368 0.003338754 2.47408e-7 0.9999945 -0.1400797 -0.1554709 0.9778582 -0.5333439 -0.1167508 0.8378029 0.2652255 -0.5233709 0.8097768 -0.1636078 -0.2190462 0.9618999 -0.07533812 -0.3858907 0.9194633 -0.1400817 -0.1554599 0.9778596 -0.1441918 -0.08862125 0.9855735 -0.00640434 -0.9917854 -0.1277526 0.3825606 -0.8906195 0.245854 0.3190184 -0.940074 -0.1203673 -0.006281733 -0.9920216 -0.1259118 0.4848382 -0.871285 -0.07612156 0.6085011 -0.5593735 0.5628744 0.5219099 -0.5370079 0.6627463 0.6172665 -0.5996057 0.5093674 0.3190048 -0.9399937 -0.121029 0.4848427 -0.8712837 -0.07610857 0.6084941 -0.5593779 0.5628778 0.8792086 -0.1277761 0.4589832 0.7611312 -0.2716332 0.5889777 0.5218933 -0.5370014 0.6627647 0.8468068 -0.5308249 0.03381168 0.880766 0.4259248 0.2069768 0.6362405 -0.08569067 0.7667172 0.8807608 0.4259395 0.2069686 0.4524742 0.877392 0.1595318 0.6466188 0.738301 0.1918222 0.5693422 0.3955059 0.7207112 2.95038e-4 -0.1019358 0.994791 -0.01243752 -0.1165111 0.9931116 -0.01385772 -0.108253 0.9940268 0.001829147 -0.09666377 0.9953154 -0.0124545 -0.1164287 0.993121 0.4151021 -0.4383832 0.7971891 -0.02540254 -0.1598234 0.9868188 -0.3386678 -0.1322135 0.9315706 -0.1466315 -0.6125125 0.7767418 -0.335805 -0.5768458 0.7446368 -0.5719116 -0.1002104 0.8141714 0.5219061 -0.5370007 0.6627551 0.3891528 -0.1375926 0.9108395 1.6965e-5 -0.629426 0.7770605 5.31759e-7 -0.3903532 0.9206653 0.0233277 0.9995948 -0.01631176 -0.4461428 0.8948839 -0.01180881 -0.3174254 0.9482619 -0.006360471 0.02305161 0.9997287 -0.003346741 -0.9382846 0.345833 -0.00465238 -0.7809215 0.6246292 3.1327e-4 -0.9090337 0.2475118 0.3352546 -0.6155819 -0.7107098 0.3405154 -0.9527329 -0.3038052 -0.001579165 -0.9527292 -0.3038166 -0.001572906 -0.7901963 0.1761729 0.5869864 -0.3357856 -0.5768802 0.744619 2.94745e-5 -0.6294215 0.7770641 -2.96044e-4 -0.999751 -0.02231752 0.4066347 0.9123657 0.04729831 0.846473 0.5304999 0.04531294 0.9995987 0.02424472 0.01465409 0.8834698 -0.46839 -0.009597241 0.4950911 -0.8660087 -0.07009935 0.3122341 0.9484319 -0.05465251 0.316316 0.9071169 0.2776389 0.7505319 0.6580161 -0.06096613 0.9501001 0.01391899 0.3116348 0.727844 0.4220948 0.5404434 0.9298517 -0.3665894 0.03143703 0.5826922 -0.8121455 -0.0298289 0.2911191 -0.949167 -0.1197149 0.1140908 -0.0676223 0.9911663 0.1732766 0.1724368 0.9696601 -0.2652341 -0.5233796 0.8097684 0.5333313 -0.1167573 0.8378099 0.1414978 -0.1564284 0.9775012 0.1414911 -0.1564347 0.9775012 0.07454812 -0.3864082 0.9193102 0.163604 -0.2190474 0.9619002 0.1442007 -0.08863031 0.9855713 -0.327354 -0.9371674 -0.1206513 -0.3864152 -0.8890281 0.2455855 -0.5219138 -0.5370038 0.6627466 -0.608505 -0.5593689 0.562875 -0.4885024 -0.8692513 -0.07594501 -0.4885151 -0.869247 -0.07591205 -0.32736 -0.9370079 -0.1218671 -0.6172696 -0.5996016 0.5093683 -0.7611303 -0.2716416 0.588975 -0.8792002 -0.1277979 0.4589933 -0.6084716 -0.5593917 0.5628883 -0.8468069 -0.5308248 0.03381156 -0.5218949 -0.5369991 0.6627653 -0.6362391 -0.08570086 0.7667171 -0.8807728 0.4259145 0.206969 -0.6466169 0.7383033 0.1918198 -0.4524963 0.8773817 0.1595256 -0.8807676 0.4259228 0.2069744 -0.5693665 0.3955183 0.7206851 0.01500856 -0.1082648 0.9940088 0.01249301 -0.1165258 0.9931091 0.02540379 -0.1598234 0.9868187 -0.4151003 -0.438385 0.7971892 0.01248991 -0.1165198 0.99311 0.3386631 -0.132212 0.9315725 0.1466162 -0.6125069 0.7767491 -0.5219026 -0.5369966 0.6627612 0.5718747 -0.100211 0.8141973 0.3358341 -0.5768611 0.7446118 -0.3891518 -0.1375915 0.9108401 0.3614459 0.931788 0.03358775 0.459455 0.8881239 -0.01171052 0.7697085 0.6344482 0.07088226 0.9382954 0.3458039 -0.004636466 0.9559826 -0.2909188 0.03825879 0.6155821 -0.7107082 0.3405182 0.9090336 0.2475133 0.3352539 0.7901884 0.1760882 0.5870225 0.9559874 -0.2909003 0.03827565 0.3357865 -0.576879 0.7446195 -0.2526317 0.7869052 -0.5629898 -0.09882551 0.6809518 -0.7256295 0.01827967 0.7688944 -0.6391144 0.05489534 0.9365215 -0.3462863 0.7488724 -0.1449643 -0.646665 0.8783453 0.4774929 0.02259069 0.6546788 0.5468093 -0.5219149 0.7694543 0.03528386 -0.6377266 0.8952341 -0.4307211 -0.1141724 0.8314012 0.5538347 0.04515695 0.4582784 0.3792818 -0.8038198 0.3044126 0.5107191 -0.8040516 0.397373 0.453391 -0.7978292 0.6146085 0.1531539 -0.773822 0.6428894 0.2704035 -0.7166417 0.6276314 0.3568428 -0.6919118 0.7498612 0.1382449 -0.6469904 0.3519956 0.3013622 -0.8861603 0.925202 -0.2387352 -0.294969 0.5746319 0.267543 -0.7734462 0.8434715 -0.3807833 -0.3788933 0.7259976 -0.2977484 -0.6198979 0.7269853 -0.1000086 -0.679331 0.943278 -0.1034386 -0.3154793 0.8968513 -0.4423323 -2.51372e-4 0.9803953 -0.1940484 -0.03421276 0.5566649 -0.8289155 0.05498605 0.6079014 -0.7731872 0.1806581 0.5813719 -0.7943854 0.1759507 0.6064414 -0.7850927 0.1259307 0.5679267 -0.8220533 0.04108387 0.4140073 -0.1130646 -0.9032245 0.3073912 -0.206893 -0.9288197 0.01094412 0.05558377 -0.9983941 0.5444096 -0.4794921 -0.6882628 0.3871077 -0.5740723 -0.7215183 0.397394 -0.8191366 -0.4136344 0.332192 -0.9240725 -0.1890469 0.4680611 -0.7672299 -0.4384943 0.5563974 -0.8288984 -0.05787503 0.5132428 -0.849861 0.1196587 0.002390861 -0.3298718 -0.9440227 9.67899e-4 -0.7467358 -0.6651202 5.29117e-4 -0.9571538 -0.2895798 0.02392935 -0.913089 -0.4070577 0.3561744 -0.6882873 -0.6319813 0.6011174 -0.689776 -0.403568 0.3642334 -0.7367705 -0.5696521 0.5623193 -0.8093922 -0.1693555 0.2631915 -0.9356818 -0.2350104 0.414267 -0.9088548 -0.04863971 0.2860909 -0.9438223 -0.1653825 0.543472 -0.8292627 -0.1302373 0.5806006 -0.8108633 -0.07351106 0.3088451 -0.9457791 0.1005817 0.3223147 -0.9138238 -0.2470614 0.4343497 0.6706398 -0.6013175 0.4316202 0.5112004 -0.7432215 0.2101852 0.5979897 -0.7734537 0.1785713 0.7603632 -0.6244679 0.561553 0.4700239 -0.6809815 0.6294678 0.5528068 -0.5460541 0.3999027 0.651624 -0.644565 0.8103809 0.04150354 -0.5844315 0.9798556 -0.04868203 -0.1936833 0.5923569 -0.03636318 -0.8048548 0.5819065 0.0193988 -0.8130244 0.764113 -0.6017689 -0.2323911 0.7190066 -0.4567086 -0.5238767 0.7467446 -0.6638878 0.04031801 0.4937962 -0.8554699 -0.1560026 0.05636572 0.6253497 -0.7783063 0.05443429 0.7518992 -0.6570271 0.1634891 0.6523025 -0.7401167 0.3062411 0.8145078 -0.4927409 0.4403698 0.8902011 -0.1166902 0.4257473 0.9037392 0.04466205 0.6766043 -0.723285 -0.1380774 0.6197191 -0.7701517 0.1510456 0.6462893 -0.3466007 -0.6798368 0.6799006 -0.191088 -0.7079694 0.5093123 -0.07699912 -0.8571302 0.3899672 0.02742868 -0.9204202 0.01051968 0.01186066 -0.9998744 0.5025073 -0.0716778 -0.8615967 -0.004302322 -0.8507561 -0.5255431 -0.002377629 -0.2422705 -0.9702059 0.05540162 0.9984353 0.007588505 0.07445687 0.9950181 -0.06629723 0.001353919 0.6377576 -0.770236 0.003446936 0.7196956 -0.6942812 -0.01557564 -0.9964814 -0.0823549 -0.01226323 -0.9226562 -0.3854287 -8.5185e-4 -0.9926276 -0.1212015 -0.02672851 -0.9657119 -0.2582369 -0.008216679 -0.9981455 -0.06031674 -0.01169669 -0.8530527 -0.5216938 -0.006442487 -0.7998131 -0.6002147 0.8276373 0.2011651 0.5239745 0.6070321 0.413147 0.6788385 0.6750486 0.1083537 0.7297732 0.8548619 0.04250741 0.5171117 0.7664499 0.5747894 0.2866561 0.4721069 0.7527702 0.4587506 0.3272504 0.5484781 0.7694668 0.4124405 0.1731182 0.8943842 0.2428791 0.8115671 0.5313838 0.5158758 0.8547139 0.05776137 0.5045154 0.8527925 -0.1349419 0.2987809 0.9491456 -0.09926122 0.2814378 0.9528127 0.113758 0.8041738 0.5938466 0.02551597 0.8161594 0.5625249 -0.1320972 0.9824239 0.183546 0.03397488 0.9931244 0.1169202 -0.005810379 0.4868643 0.8468242 0.2141309 0.2558078 0.9104825 0.3249369 0.9632957 0.1317656 0.2338789 0.7776841 -0.5865543 0.2261893 0.6811596 -0.7286343 0.07151007 0.9002801 -0.4331057 0.04376536 0.9156417 -0.3326604 0.2256931 0.5828492 -0.7519618 0.3079618 0.4093177 -0.8674148 0.2829321 0.4505743 -0.8926879 -0.009551286 0.5734074 -0.5910294 0.5673521 0.3952087 -0.6800778 0.6174985 0.7491723 -0.4934698 0.4418465 0.5623021 -0.3936991 0.7271984 0.3826653 -0.4744608 0.792751 0.7987469 -0.2694802 0.5379442 0.9479573 0.3046256 -0.09263014 0.9999556 -0.006747305 0.00658071 -0.7907652 0.06081151 0.6090914 -0.9013579 0.1477242 0.4071014 -0.7097288 0.2750781 0.64855 -0.4786339 0.6434026 0.5974468 -0.9013633 0.1477091 0.4070951 -0.6972262 -0.2020888 0.6877759 -0.5779764 0.2904825 0.7626031 -0.4505933 0.2719355 0.850304 -0.1261094 -0.2284574 -0.9653515 -0.3740866 0.2731013 -0.8862703 -0.06980538 0.2907478 -0.95425 -0.9633783 -0.1131071 -0.2431234 -0.9840639 -0.1771725 0.01510727 -0.8132951 0.1507479 -0.5619842 -0.7419711 0.110585 -0.6612488 0.6852372 -0.5979405 -0.4158332 0.7068771 -0.5681328 -0.421367 0.2176698 -0.2539651 -0.942402 0.06404966 0.2079504 -0.9760401 0.06402206 -0.4715308 0.8795226 0.3954135 -0.7211489 0.568852 0.5799226 -0.3756344 0.7229029 0.5799412 -0.3756114 0.7229 -0.4505788 0.2719534 0.850306 -0.2440927 -0.3339201 0.9104483 0.2920052 0.8821445 -0.3695325 0.5384642 0.7640081 -0.3554545 0.7880157 0.5343655 -0.3057529 -0.03413128 0.9960752 0.08166545 -0.3083088 0.9300543 -0.199862 -0.4106884 0.8853239 0.2180292 0.4291201 0.8793804 -0.2062673 -0.3734079 0.7849237 -0.4944303 0.3998956 0.6516191 -0.6445743 0.2575364 0.960733 -0.103282 -0.08886516 0.8424102 -0.5314585 0.3681431 0.9197463 -0.1361528 0.4946767 0.3014579 -0.8151186 0.7122015 -0.6163437 0.3359901 0.4960259 -0.7832251 0.3748555 0.4533918 -0.5222687 0.7222682 0.5959137 -0.3301563 0.7320408 0.7661328 -0.6340294 -0.1051056 0.9582476 -0.281239 -0.05163609 0.9701331 -0.2361761 0.05534183 0.4685916 -0.8533622 -0.2284622 0.3501443 -0.9052883 -0.2405245 0.4123144 -0.9074732 -0.08055782 0.4419342 -0.8571203 -0.2646487 0.5041088 -0.8600195 -0.07900023 0.3116552 -0.8070601 -0.5015229 0.3000519 -0.8758397 -0.3779867 0.5260496 -0.8501996 -0.02080017 0.3854906 -0.8999993 -0.2034663 0.4779174 -0.8695977 -0.1240757 0.6475011 -0.7553904 -0.1006363 0.3884446 -0.7964001 -0.4635276 0.6056024 -0.7700135 -0.2008113 0.5109643 -0.7826378 -0.3555186 0.4327645 -0.8788188 -0.2009783 0.370154 -0.8896768 -0.2673226 0.414946 -0.8407521 -0.3477873 0.1173713 -0.9785374 0.1693767 0.3908244 -0.9058783 -0.16322 0.1228226 -0.9914313 -0.04448217 0.2944827 -0.9552119 0.0291602 0.5007644 -0.7662042 -0.4026986 0.6459985 -0.7334318 -0.2115745 0.5937541 -0.7509447 -0.2890295 0.4919398 -0.8357201 -0.2440642 0.2280273 -0.9641467 -0.1357379 0.6953936 -0.6571271 0.2908812 0.4926979 -0.7787004 0.3884258 0.4318143 -0.8795825 -0.1996775 0.3966882 -0.9060406 -0.1474075 0.2271329 -0.9136427 -0.3371464 0.5246959 -0.8017634 -0.2861292 -0.06977856 0.2907499 -0.9542514 -0.3299281 0.4980798 -0.8019128 -0.1385736 0.2312327 -0.9629791 0.7766387 -0.1566259 -0.6101645 -0.06982022 0.2907136 -0.9542593 -0.0889042 0.8424003 -0.5314676 0.7766222 -0.1566194 -0.6101871 -0.4506096 0.2719003 0.8503066 0.4145121 -0.2716804 0.8685445 0.8006616 0.001175522 0.5991159 0.8006595 0.001244425 0.5991185 -0.2560022 0.7670891 0.5882494 -0.3252057 0.2465766 0.9129301 -0.2559664 0.7671031 0.5882465 0.3890668 0.5371755 0.748378 -0.572879 0.6356563 0.5174465 0.0497235 0.9986953 -0.01162928 -0.2338336 0.7712047 0.5920855 0.7197731 0.6903513 0.07308858 0.2575393 0.9607328 -0.1032771 0.7880309 0.5343351 -0.3057666 0.6306139 -0.1614344 0.7591212 0.4151404 -0.2312245 0.8798828 0.8429979 -0.09632259 0.5292225 0.9529333 -0.1986653 0.2290202 0.9586662 -0.09836113 0.2669915 0.9887756 -0.1397376 0.05287975 0.9849461 -0.1671802 -0.04395711 0.9570315 -0.2850753 -0.05312997 0.9829285 -0.1736366 -0.06084412 0.9732046 -0.2298938 -0.004677534 0.7988227 -0.5850169 0.1401345 0.9051529 -0.4184867 0.07461369 0.9861811 -0.1410129 -0.08696216 0.3954796 -0.7211172 0.5688462 0.9191927 -0.3934962 0.01567536 0.6179351 -0.5191896 0.5904223 0.7537241 -0.4261447 0.5003007 0.5799337 -0.3756079 0.7229079 0.9192016 -0.3934745 0.01569437 0.8813386 -0.4685412 -0.06092256 0.7366227 -0.6761775 0.01307916 0.7295897 -0.4220052 -0.5381549 0.6714394 -0.7090433 0.2154685 0.5614017 -0.757616 0.332936 0.5621581 -0.659649 0.49884 0.5153427 -0.7726647 -0.3706903 0.3072445 -0.809063 -0.501017 0.4710608 -0.7936661 -0.3849624 0.3173911 -0.6657334 -0.6753236 0.4922507 -0.8295246 0.2637771 0.4259838 -0.8521653 0.3038953 0.4352772 -0.814101 -0.3844131 0.4744607 -0.5100952 0.7174189 0.3429076 -0.6560738 0.6722959 0.570895 -0.8063898 0.1543196 0.3586911 -0.5561921 0.7496606 0.6842214 -0.5948858 -0.4218437 0.872462 -0.4573265 -0.1722285 0.9169387 -0.3989703 0.006803512 0.7394743 -0.6501882 -0.1744512 0.651 -0.7403644 0.1675096 0.9507797 -0.2860466 0.1191444 0.795861 -0.5861583 0.151736 0.8113977 -0.2910954 0.5068504 0.7297657 -0.3702376 0.5747749 0.6893206 -0.5312492 0.4925562 0.5462099 -0.5873986 0.5971748 0.5826411 -0.6338317 0.508711 0.6733965 -0.512894 0.5324255 0.6598269 -0.6888107 0.3002805 0.7095365 -0.7026613 0.05315166 0.4801725 -0.8701586 0.1107178 0.6414588 -0.7574733 -0.1215106 0.4572871 -0.88879 -0.03067547 0.4935518 -0.8527193 -0.171104 0.3911272 -0.9175162 -0.07199782 0.2375322 -0.8994609 0.3668084 0.3392764 -0.9403135 0.02649646 0.2335809 -0.724608 0.6483697 0.2708341 -0.4894328 0.8289177 0.2360429 -0.2277726 0.9446711 0.1712263 0.5977813 0.7831597 0.2286899 0.2247907 0.9471906 0.1500528 0.8437167 0.5153895 0.1248227 0.9454723 0.3008346 0.120351 0.9885638 0.09087091 0.1121751 0.9833144 -0.143212 0.08159917 0.904361 -0.4188945 0.7496099 -0.6586808 0.0649985 0.482434 -0.4353584 0.7600793 0.7376383 -0.4849346 0.4698172 0.2318598 -0.7549588 0.6134154 0.6133186 -0.7844985 -0.09166538 0.1429581 -0.813254 0.5640754 0.5107588 -0.8582743 0.04990929 0.4919263 -0.8357249 -0.244075 0.5250787 -0.8254345 -0.2072446 0.8250752 -0.5548841 -0.1065573 0.6927314 -0.7205518 -0.03047084 0.6055502 -0.7700586 -0.2007954 0.63732 -0.7514778 0.1706001 0.7610816 -0.6287336 0.1595271 0.4134473 -0.8627585 0.2910484 0.4289021 -0.9013349 0.0603193 0.5438284 -0.7914302 -0.2790858 0.2431735 -0.9671117 0.07457649 0.1410043 -0.9814257 -0.1300826 0.1174058 -0.978524 0.1694305 -0.1407847 -0.8821454 0.4494433 0.1309 -0.9626476 0.2370122 0.2431521 -0.9671189 0.07455289 0.2427925 -0.956753 0.1602365 0.07216995 -0.682833 0.7270011 0.3237243 -0.9450523 0.04559463 0.311818 -0.9180106 0.2450024 0.3001131 -0.8532755 -0.4264424 0.4300724 -0.8161096 -0.3860089 0.4316786 -0.8904894 -0.1438136 0.5036686 -0.8539375 -0.130801 0.3704284 -0.7337796 0.5695177 0.5337936 -0.835527 -0.1302272 0.1659022 -0.5057605 0.8465713 0.2530224 -0.6303675 0.733905 -0.2231906 -0.5125474 0.829145 0.5259471 -0.7668575 0.3678442 0.008150041 0.8813921 -0.4723153 0.01226359 0.9809104 -0.1940733 0.01432573 0.9984414 0.05394083 0.01260644 0.9645128 0.2637351 0.01471382 0.8810177 0.4728544 0.01441568 0.6753076 0.7373954 0.01137244 0.2459986 0.9692035 0.01509273 -0.4670441 0.8841053 0.01432573 -0.2290361 0.9733125 0.01249992 -0.71276 0.7012967 0.01467365 -0.9011027 0.4333574 0.02751469 -0.9864903 0.1614928 0.02587032 -0.9983782 -0.05071395 -0.002323389 -0.9980934 -0.06167882 -0.02516615 -0.9922142 0.1219747 -0.03303933 -0.8665642 0.4979708 -0.004103243 -0.6638473 0.747857 0.008612453 -0.6420549 0.7666103 0.009054362 -0.9178951 0.3967197 0.006802141 -0.9853621 -0.1703392 0.001512706 -0.7457718 -0.6661998 -1.87533e-4 -0.7670683 -0.6415655 0.9550061 -0.2917656 -0.0532568 0.9974589 -0.06910866 -0.01731538 0.9957627 -0.052028 0.07582926 0.9548233 -0.02565515 0.2960646 0.8459521 -0.005280315 0.5332328 0.6270845 -0.02603095 0.7785162 0.409489 -0.01606023 0.9121736 0.245397 -0.002412438 0.9694197 0.01272201 -0.02932649 0.999489 0.03446906 -0.9060387 0.4217889 0.5107244 -0.8582956 0.04989433 -0.6136643 -0.767919 0.1836215 -0.5488181 -0.7638053 0.3397063 -0.8510123 -0.5182864 0.08460217 -0.8429852 -0.2946614 0.4500565 -0.8959923 -0.1669572 0.4114891 -0.4991192 -0.2498328 0.8297371 0.131788 -0.9247505 0.3570276 0.3954228 -0.7211411 0.5688552 -0.5985521 -0.5569541 0.575793 -0.7502247 -0.353497 0.5587512 -0.9261937 -0.3749458 0.03976011 -0.6463272 0.131928 0.7515692 -0.5619897 0.421844 0.7114881 -0.8104471 0.2231571 0.5416424 -0.855027 0.04333329 0.5167701 -0.4292008 0.7423554 0.5144853 -0.7805748 0.5381938 0.3178843 -0.3615744 0.195162 0.9116885 -0.2744963 0.5515679 0.7876705 -0.1943081 0.8109924 0.5518476 -0.2373029 0.9662067 -0.1006573 -0.4894565 0.8609632 -0.1384733 -0.5014818 0.8619256 0.07483577 -0.2287192 0.9652816 0.1261703 -0.8620748 0.4872103 -0.1394748 -0.8439772 0.5357289 0.02640485 -0.9855797 0.1631346 -0.04494369 -0.9888123 0.1487958 0.01048666 -0.4537926 0.8538796 0.2548761 -0.2108968 0.9152572 0.343259 -0.9702054 0.1167497 0.2122994 -0.919902 -0.3921453 -0.001580357 -0.7016826 -0.7110751 0.04487365 -0.7840873 -0.5774738 0.2274453 -0.9282414 -0.308076 0.2084636 -0.4631413 -0.8854436 0.03859734 -0.3612499 -0.8674125 0.34219 -0.5631192 -0.7575287 0.3302229 -0.3400427 -0.6892471 0.639773 -0.5257447 -0.6067813 0.5961619 -0.752435 -0.4954876 0.4339743 -0.3354991 -0.4943924 0.8018832 -0.5191438 -0.4118119 0.7489331 -0.7964652 -0.2568154 0.5474386 -0.6399506 0.5064315 -0.5779191 -0.9094755 0.4149098 -0.02653938 -0.7321676 -0.1812781 -0.6565585 -0.6286315 0.0857836 -0.7729578 -0.8622847 0.5052072 -0.03508281 -0.868 -0.476944 -0.1382039 0.7295848 0.04390245 0.6824797 0.6812688 0.2616633 0.6836705 0.898656 0.166845 0.4056849 0.6860918 0.5009783 0.5275405 0.953841 0.2154539 0.2092058 0.8567031 0.2388337 -0.4571852 0.6710543 -0.06084793 -0.7389071 0.3032947 0.3429894 -0.889028 0.9511017 0.1834383 -0.2485077 0.9841417 -0.1584082 0.0798245 0.9877318 -0.1452276 -0.05740213 0.9877344 -0.1452187 -0.05737799 0.9238739 0.1127651 -0.3657063 0.8567277 0.2388263 -0.457143 -0.9105309 -0.3179551 -0.2642689 -0.6072814 -0.6940323 -0.3866893 -0.4483184 -0.7702884 -0.4535046 -0.3441405 -0.5063902 -0.7906557 -0.6372928 -0.4606252 -0.6178045 -0.02489036 0.07301515 -0.9970203 -0.07341116 -0.3747501 -0.9242149 -0.6372853 -0.4606477 -0.6177955 -0.4889454 -0.62536 0.608159 -0.4759594 -0.009166419 0.8794195 -0.2234118 0.8978821 -0.3793351 -0.140789 0.763107 -0.6307504 -0.3916934 0.6792418 -0.6206504 -0.5516546 0.7513298 -0.3621888 -0.2485016 0.5499171 -0.7973946 -0.4194029 0.3737101 -0.8273102 -0.4145334 0.4531518 -0.7891865 -0.4982163 0.1648404 -0.8512392 -0.7036563 0.4861577 -0.5181879 -0.8552796 0.4311206 -0.287458 -0.6803308 0.2951181 -0.6708617 -0.7276633 0.3046658 -0.6145607 -0.7955783 0.1110541 -0.5955856 -0.7887493 0.169704 -0.590826 -0.7733047 -0.1164903 -0.6232415 -0.7778996 -0.235907 -0.5824263 -0.896189 -0.2870435 -0.3383067 -0.942864 -0.1301729 -0.3066962 -0.9232466 -0.3710268 -0.09977406 -0.9734877 -0.1962134 -0.1175673 -0.4577988 -0.8540571 -0.2469956 -0.5017399 -0.8480136 -0.170675 -0.5202202 -0.7540733 -0.4009293 -0.4694496 -0.8793062 0.08023655 -0.4624636 -0.8843563 -0.06357204 -0.491895 -0.8687471 0.0576027 -0.5225898 -0.8521631 0.02679669 -0.5716084 -0.8197744 -0.03512746 -0.2831442 -0.2317191 -0.9306641 -0.3731939 -0.1381832 -0.917405 -0.3624091 -0.6255026 -0.6909459 -0.4771638 -0.5704019 -0.6685481 -0.3542171 -0.8373016 -0.416481 -0.245014 -0.9512555 -0.1872996 -0.2991612 -0.8744074 -0.3819876 -0.4248217 -0.8738555 -0.2364386 -0.4617065 -0.8854039 0.05373239 -0.482509 -0.8532232 -0.1979787 -0.404352 0.7009658 0.5874916 0.2552988 0.8623217 0.4372916 0.1066352 0.9942387 0.01088058 -0.2971648 0.9384889 -0.1758742 0.4060283 0.8868184 0.2206678 0.3210631 0.9246892 -0.2046175 -0.6058392 0.5262086 -0.5967106 -0.5178716 0.8297839 -0.2080097 -0.6058486 0.5261992 -0.5967094 0.4648054 0.7229493 -0.5111754 -0.344317 0.9333676 -0.101345 0.1572583 0.8558173 -0.4927948 -0.3334293 0.4125142 -0.8477364 -0.2344629 -0.8083135 -0.5400525 -0.2677431 -0.7786633 -0.5674479 -0.4074483 -0.7917871 -0.4550375 -0.2293286 -0.9451125 -0.2327464 -0.4372 -0.8713803 -0.2226041 -0.2604814 -0.9605764 -0.09717237 -0.2808677 -0.9513785 -0.1264609 -0.4551368 -0.8810228 -0.1290329 -0.428722 -0.8971632 -0.1062815 -0.2965455 -0.9542962 0.03714263 -0.2876825 -0.9047006 -0.3142542 -0.3328164 -0.5456431 0.7690948 -0.3349748 -0.8426083 0.4216672 -0.517231 -0.7568991 0.3994699 -0.5331239 -0.3911384 0.750193 -0.9587306 -0.2710757 -0.0857535 -0.803691 -0.573146 -0.1599516 -0.977939 -0.2078784 0.02053922 -0.5151345 -0.8263233 -0.2276538 -0.3674927 -0.9079613 -0.2013835 -0.3312913 -0.9097365 -0.2502512 -0.3274475 -0.9432266 -0.05569493 -0.2124302 -0.7193379 -0.6613822 -0.524674 -0.8176665 -0.2369363 -0.3330979 -0.7787662 -0.5315722 -0.4082637 -0.8854587 -0.2219994 -0.5508845 -0.8222194 -0.143114 -0.1198953 -0.6461357 -0.7537465 -0.2314421 -0.9628733 -0.1389597 -0.1387127 -0.9725143 -0.1870156 -0.3931699 -0.8560345 -0.335593 -0.4624304 -0.8831915 -0.07830154 -0.5188559 -0.8489708 -0.1001868 -0.6095657 -0.7853476 -0.1079766 -0.2960923 -0.8036065 -0.516281 -0.4711774 -0.7594413 -0.4485988 -0.2891367 -0.7201139 -0.6307424 -0.1591843 -0.9869494 0.02431881 -0.3293451 -0.8966211 -0.2959773 -0.2655602 -0.9462232 -0.1847687 -0.09535276 -0.9886737 -0.1158973 -0.0975179 -0.9822986 0.1599364 -0.2706604 -0.9626589 -0.005552589 -0.4044624 -0.8911433 -0.2056062 -0.5562819 -0.8307598 -0.01971471 -0.6325812 -0.7186927 -0.2886552 -0.471641 -0.7563835 0.4532535 -0.623316 -0.6867938 0.373887 -0.2720794 -0.9459602 -0.1764431 -0.5879991 -0.7548763 -0.2905496 -0.1538892 0.6034936 -0.7823769 -0.4123724 0.5114564 -0.7538976 -0.6513414 0.4215397 -0.6309189 -0.2562288 0.3868442 -0.885832 0.8567013 0.2388108 -0.4572004 0.5908113 0.5425233 -0.5971688 -0.7202454 -0.02052587 -0.6934157 -0.5716934 0.1691808 -0.8028353 0.157237 0.8558294 -0.4927806 0.3033117 0.3429794 -0.8890259 0.2837198 0.3087981 0.9078254 0.2552814 0.8623323 0.437281 -0.5973901 0.5172972 0.6128041 -0.755828 0.3423501 0.5581404 -0.7502376 -0.353488 0.5587394 -0.3022783 0.1710332 0.9377503 0.5409995 0.680093 0.4947658 0.5410184 0.6800808 0.4947618 0.5271913 0.5048128 0.6835448 -0.7205553 0.6930249 0.02273088 -0.9737048 0.2246062 -0.03809493 0.4060122 0.8868257 0.2206684 0.1439965 0.7765819 0.6133398 0.2073391 0.978222 -0.009607553 0.3859571 0.6417649 0.6627028 -0.9336306 0.3246431 -0.1514629 -0.8505063 0.5245965 -0.03791946 -0.358619 -0.2373079 0.9028164 -0.6009259 -0.1659052 0.7818974 -0.8406066 -0.09548979 0.5331625 -0.9649353 -0.09240663 0.2456848 -0.959577 -0.1801734 0.2162169 -0.9923541 -0.1224975 0.01509463 -0.9871653 -0.1421373 -0.07281231 -0.9852644 -0.1609548 -0.05785953 -0.9616562 -0.2704119 -0.04576992 -0.9750737 -0.04484206 -0.2173027 -0.8407886 -0.02033782 -0.5409815 -0.5534132 0.0109511 -0.832835 -0.5549933 -0.03253871 -0.8312182 -0.7367783 -0.4274622 -0.5238643 -0.7827337 -0.5700896 -0.2496519 -0.7774559 -0.6280896 -0.03264892 -0.831749 -0.5320222 0.1585752 -0.9771398 -0.2123273 0.01071918 -0.9250136 -0.3747195 0.06273269 -0.9890421 -0.1302872 -0.06943506 -0.8012062 -0.146853 0.5800886 -0.8269688 -0.5595124 -0.055395 -0.90262 -0.4133922 -0.1199344 -0.9261875 -0.3749581 0.03979015 -0.8460021 -0.3717894 0.3821691 -0.6973967 -0.2990562 -0.651309 -0.7813857 -0.4707148 -0.4097123 -0.7277258 -0.6578925 0.1938884 -0.4453544 -0.8538712 0.2693759 -0.4489659 -0.7717778 0.4503208 -0.504692 -0.8407694 -0.1959408 -0.4899941 -0.8370448 -0.2434375 -0.2628931 -0.8034021 -0.5342586 -0.4326395 -0.7596493 -0.4855473 -0.2725999 -0.6693322 -0.6911466 -0.3967392 -0.8253106 -0.4018214 -0.3751454 -0.8353027 -0.4019149 -0.3685124 -0.876356 0.3101593 -0.4315307 -0.8632854 0.2617628 -0.4013632 -0.5350572 0.7433851 -0.2937018 -0.6653074 0.6863712 -0.314458 -0.5747618 0.75549 -0.5178916 -0.8415756 0.1534243 -0.6272412 -0.6411481 -0.4421513 -0.8964649 -0.4430391 0.008202731 -0.8298759 -0.5467389 -0.1112776 -0.660131 -0.6688278 -0.3419014 -0.6403602 -0.7677549 0.02216565 -0.9053736 -0.3885565 0.1712386 -0.6764552 -0.7040216 0.2162454 -0.6759193 -0.4288945 0.5993186 -0.8286536 -0.3109803 0.4654294 -0.6587353 -0.5981509 0.4563806 -0.4812092 -0.7608086 0.4354399 -0.3940256 -0.7436352 0.5401394 -0.6458343 -0.5792154 0.4974009 -0.4834956 -0.8429459 0.2359538 -0.3154796 -0.9423871 0.1112623 -0.4019568 -0.9128426 0.07175737 -0.303595 -0.9509052 -0.06007993 -0.3806656 -0.9203581 -0.08963727 -0.3116019 -0.9436233 -0.1117113 -0.3264181 -0.9330285 -0.1513581 -0.2483908 -0.9680406 0.03463369 -0.2037408 -0.8994259 0.3866818 -0.2095894 -0.7304496 0.6500121 -0.2249437 -0.4962794 0.8385149 -0.1979936 -0.2298027 0.9528848 -0.1916235 0.2290709 0.9543622 -0.1568819 0.5945569 0.7886002 -0.1312907 0.8411806 0.5245741 -0.106334 0.945839 0.3067275 -0.1021466 0.9903565 0.09359622 -0.09578406 0.9851771 -0.1423083 -0.07121241 0.9047499 -0.4199483 -0.04940283 0.7520824 -0.6572151 -0.05877298 0.6252647 -0.7781966 -0.4144001 0.9013094 -0.1261503 -0.3836264 0.9234499 -0.008434772 -0.4197542 -0.902866 0.09294909 -0.4197872 -0.9028543 0.0929135 -0.3984485 -0.4640967 0.7911087 -0.5735054 -0.6751475 0.4639691 -0.2638275 -0.735288 0.624297 -0.6735666 -0.7333842 -0.09195506 -0.5703974 -0.8204989 0.03779458 0.03679984 -0.7178832 0.6951903 -0.862448 -0.4986524 -0.08677148 -0.7712059 -0.6358476 -0.03065258 -0.5987121 -0.7478011 -0.2869449 -0.6937462 -0.7032115 0.1555957 -0.8538303 -0.3981396 0.3353486 -0.6636483 -0.6865277 0.2970705 -0.8090662 -0.5819197 0.08234906 -0.4386208 -0.8479217 0.297726 -0.4082224 -0.8854828 -0.2219791 -0.3616532 -0.9043933 -0.2264503 -0.09745609 -0.9899955 0.1020359 -0.09746587 -0.9899931 0.1020501 -0.09480321 -0.966485 0.2385775 -0.02065503 -0.9499477 0.3117253 -0.2210178 -0.9595263 0.1745297 -0.2210388 -0.9595253 0.1745079 -0.08457863 -0.6814152 0.7269937 0.1213099 -0.8904001 0.4387158 -0.3059335 -0.9509301 0.04622358 -0.2868641 -0.8729953 -0.394447 -0.4042443 -0.9034482 -0.1427168 -0.339308 -0.876684 -0.3410211 -0.591459 -0.8005872 -0.09610694 -0.2872272 -0.5966674 0.7493254 -0.1684526 -0.5100505 0.8434881 -0.5241146 -0.7783964 0.3455473 -0.5909607 -0.8044312 0.06046402 -0.5919285 -0.7801244 -0.2025508 -0.5784742 -0.6997337 -0.419214 -0.5873826 -0.3806203 -0.7142199 -0.6601982 -0.1633886 -0.7331047 -0.469775 -0.0894432 -0.8782433 -0.3546527 0.03946447 -0.934165 -0.4167355 -0.01708447 -0.9088673 -0.9973493 -0.06622689 -0.0301395 -0.9986712 -0.03734278 0.03551387 -0.963928 -0.01837927 0.2655279 -0.8440935 -0.005046963 0.5361725 -0.5981864 -0.02664065 0.8009141 -0.3545674 -0.01664936 0.9348822 -0.20273 -0.00176239 0.9792332 -0.1157908 0.8189996 0.5619895 -0.5575448 -0.827125 0.07076865 0.2647082 -0.8055879 0.5300546 -0.1553024 -0.6713483 0.7246879 0.03680342 -0.7178829 0.6951903 -0.4316139 -0.7268877 0.534176 -0.2962368 -0.9548735 0.02146196 0.9717141 0.07181501 0.2249761</float_array>
          <technique_common>
            <accessor source="#aang-mesh-normals-array" count="2588" stride="3">
              <param name="X" type="float"/>
              <param name="Y" type="float"/>
              <param name="Z" type="float"/>
            </accessor>
          </technique_common>
        </source>
        <source id="aang-mesh-map-0">
          <float_array id="aang-mesh-map-0-array" count="22284">0.2130669 0.254978 0.249758 0.2451609 0.253552 0.284922 0.253552 0.284922 0.249758 0.2451609 0.317264 0.2407169 0.317264 0.2407169 0.317386 0.287067 0.253552 0.284922 0.317264 0.2407169 0.37365 0.241814 0.370193 0.284922 0.317216 0.222525 0.37365 0.241814 0.317264 0.2407169 0.37365 0.241814 0.415224 0.250175 0.401401 0.287355 0.760246 0.08310496 0.772847 0.09098398 0.761859 0.1190119 0.01567399 0.278278 0.01409399 0.252672 0.05853098 0.252352 0.05853098 0.252352 0.05747997 0.279987 0.01567399 0.278278 0.797517 0.07755696 0.790809 0.098975 0.780309 0.09487301 0.780309 0.09487301 0.79083 0.074081 0.797517 0.07755696 0.790809 0.098975 0.784916 0.1216199 0.774613 0.119373 0.774613 0.119373 0.780309 0.09487301 0.790809 0.098975 0.784916 0.1216199 0.783166 0.147653 0.776856 0.147348 0.776856 0.147348 0.774613 0.119373 0.784916 0.1216199 0.786108 0.166887 0.776856 0.147348 0.783166 0.147653 0.794432 0.148983 0.786108 0.166887 0.789274 0.148118 0.789274 0.148118 0.793459 0.123565 0.80139 0.125692 0.80139 0.125692 0.794432 0.148983 0.789274 0.148118 0.793459 0.123565 0.7989 0.102114 0.807542 0.105742 0.807542 0.105742 0.80139 0.125692 0.793459 0.123565 0.7989 0.102114 0.80506 0.08147299 0.813142 0.09404599 0.813142 0.09404599 0.807542 0.105742 0.7989 0.102114 0.816406 0.08529496 0.813142 0.09404599 0.80506 0.08147299 0.117704 0.292515 0.097314 0.26207 0.112494 0.255295 0.112494 0.255295 0.122476 0.288284 0.117704 0.292515 0.097314 0.26207 0.113095 0.302298 0.111082 0.31017 0.111082 0.31017 0.09737098 0.294037 0.097314 0.26207 0.822762 0.154207 0.822752 0.169181 0.786108 0.166887 0.786108 0.166887 0.794432 0.148983 0.822762 0.154207 0.822762 0.154207 0.794432 0.148983 0.80139 0.125692 0.80139 0.125692 0.822757 0.1292819 0.822762 0.154207 0.822757 0.1292819 0.80139 0.125692 0.807542 0.105742 0.807542 0.105742 0.822757 0.113073 0.822757 0.1292819 0.822757 0.113073 0.807542 0.105742 0.813142 0.09404599 0.813142 0.09404599 0.822757 0.096551 0.822757 0.113073 0.813142 0.09404599 0.816406 0.08529496 0.822759 0.08774399 0.822759 0.08774399 0.822757 0.096551 0.813142 0.09404599 0.141345 0.277238 0.122476 0.288284 0.112494 0.255295 0.112494 0.255295 0.139661 0.247779 0.141345 0.277238 0.139661 0.247779 0.1009899 0.231639 0.1400279 0.228641 0.139661 0.247779 0.097314 0.26207 0.1009899 0.231639 0.139661 0.247779 0.112494 0.255295 0.097314 0.26207 0.804709 0.395979 0.808637 0.377918 0.801588 0.371059 0.801588 0.371059 0.798759 0.394541 0.804709 0.395979 0.786401 0.365255 0.781546 0.394021 0.78975 0.394312 0.78975 0.394312 0.794135 0.367026 0.786401 0.365255 0.812578 0.366422 0.816052 0.354462 0.809047 0.352413 0.809047 0.352413 0.801588 0.371059 0.812578 0.366422 0.789974 0.347265 0.786401 0.365255 0.794135 0.367026 0.794135 0.367026 0.798209 0.349075 0.789974 0.347265 0.808637 0.377918 0.812578 0.366422 0.801588 0.371059 0.781546 0.394021 0.779909 0.421881 0.786164 0.42252 0.786164 0.42252 0.78975 0.394312 0.781546 0.394021 0.790449 0.440456 0.786164 0.42252 0.779909 0.421881 0.795055 0.422051 0.804709 0.395979 0.798759 0.394541 0.798759 0.394541 0.792778 0.422232 0.795055 0.422051 0.790449 0.440456 0.795055 0.422051 0.792778 0.422232 0.514328 0.287627 0.529922 0.263274 0.543265 0.255346 0.543265 0.255346 0.521664 0.29213 0.514328 0.287627 0.543088 0.284659 0.529821 0.302731 0.526465 0.29661 0.526465 0.29661 0.543265 0.255346 0.543088 0.284659 0.792778 0.422232 0.786164 0.42252 0.790449 0.440456 0.798759 0.394541 0.78975 0.394312 0.786164 0.42252 0.786164 0.42252 0.792778 0.422232 0.798759 0.394541 0.801588 0.371059 0.794135 0.367026 0.78975 0.394312 0.78975 0.394312 0.798759 0.394541 0.801588 0.371059 0.798209 0.349075 0.794135 0.367026 0.801588 0.371059 0.801588 0.371059 0.809047 0.352413 0.798209 0.349075 0.543265 0.255346 0.526465 0.29661 0.521664 0.29213 0.66615 0.442833 0.66915 0.426807 0.66264 0.425788 0.401401 0.287355 0.433015 0.289871 0.42636 0.299031 0.418429 0.223803 0.441712 0.226417 0.435209 0.264038 0.435209 0.264038 0.415224 0.250175 0.418429 0.223803 0.440151 0.280551 0.433015 0.289871 0.415224 0.250175 0.415224 0.250175 0.435209 0.264038 0.440151 0.280551 0.440151 0.280551 0.447619 0.297263 0.443736 0.304277 0.443736 0.304277 0.433015 0.289871 0.440151 0.280551 0.648282 0.354447 0.649432 0.365398 0.656591 0.364931 0.656591 0.364931 0.65463 0.353238 0.648282 0.354447 0.656591 0.364931 0.649432 0.365398 0.652079 0.381082 0.652079 0.381082 0.659867 0.381101 0.656591 0.364931 0.659867 0.381101 0.652079 0.381082 0.653001 0.399991 0.653001 0.399991 0.662263 0.400623 0.659867 0.381101 0.662263 0.400623 0.653001 0.399991 0.65571 0.425493 0.65571 0.425493 0.66264 0.425788 0.662263 0.400623 0.66615 0.442833 0.66264 0.425788 0.65571 0.425493 0.42636 0.299031 0.439628 0.311998 0.437675 0.322362 0.437675 0.322362 0.423644 0.309514 0.42636 0.299031 0.439628 0.311998 0.42636 0.299031 0.433015 0.289871 0.433015 0.289871 0.443736 0.304277 0.439628 0.311998 0.659987 0.350192 0.663236 0.362376 0.672885 0.359252 0.672885 0.359252 0.665389 0.345904 0.659987 0.350192 0.663236 0.362376 0.659987 0.350192 0.65463 0.353238 0.65463 0.353238 0.656591 0.364931 0.663236 0.362376 0.663236 0.362376 0.6676 0.380674 0.676748 0.379668 0.676748 0.379668 0.672885 0.359252 0.663236 0.362376 0.6676 0.380674 0.663236 0.362376 0.656591 0.364931 0.656591 0.364931 0.659867 0.381101 0.6676 0.380674 0.6676 0.380674 0.670902 0.400617 0.67911 0.400987 0.67911 0.400987 0.676748 0.379668 0.6676 0.380674 0.670902 0.400617 0.6676 0.380674 0.659867 0.381101 0.659867 0.381101 0.662263 0.400623 0.670902 0.400617 0.670902 0.400617 0.66915 0.426807 0.675806 0.426528 0.675806 0.426528 0.67911 0.400987 0.670902 0.400617 0.66915 0.426807 0.670902 0.400617 0.662263 0.400623 0.662263 0.400623 0.66264 0.425788 0.66915 0.426807 0.66615 0.442833 0.675806 0.426528 0.66915 0.426807 0.66615 0.442833 0.65571 0.425493 0.645761 0.426971 0.645761 0.426971 0.646627 0.443914 0.66615 0.442833 0.653001 0.399991 0.645533 0.39985 0.645761 0.426971 0.645761 0.426971 0.65571 0.425493 0.653001 0.399991 0.652079 0.381082 0.64555 0.381609 0.645533 0.39985 0.645533 0.39985 0.653001 0.399991 0.652079 0.381082 0.649432 0.365398 0.643696 0.365891 0.64555 0.381609 0.64555 0.381609 0.652079 0.381082 0.649432 0.365398 0.649432 0.365398 0.648282 0.354447 0.641217 0.354827 0.641217 0.354827 0.643696 0.365891 0.649432 0.365398 0.447619 0.297263 0.440151 0.280551 0.450019 0.27251 0.450019 0.27251 0.453477 0.292274 0.447619 0.297263 0.435209 0.264038 0.450019 0.27251 0.440151 0.280551 0.401401 0.287355 0.42636 0.299031 0.423644 0.309514 0.433015 0.289871 0.401401 0.287355 0.415224 0.250175 0.68018 0.149644 0.67896 0.170594 0.672419 0.151232 0.221622 0.297027 0.197416 0.321508 0.198271 0.308655 0.67896 0.170594 0.655207 0.15586 0.664073 0.152772 0.185392 0.277773 0.1961899 0.258269 0.2130669 0.254978 0.2130669 0.254978 0.192981 0.289136 0.185392 0.277773 0.645483 0.09322196 0.651631 0.09189295 0.654998 0.10801 0.654998 0.10801 0.647901 0.108845 0.645483 0.09322196 0.645483 0.09322196 0.647901 0.108845 0.638448 0.109799 0.638448 0.109799 0.635598 0.09395295 0.645483 0.09322196 0.198271 0.308655 0.186013 0.319554 0.180392 0.305498 0.180392 0.305498 0.192981 0.289136 0.198271 0.308655 0.186013 0.319554 0.198271 0.308655 0.197416 0.321508 0.197416 0.321508 0.188398 0.327305 0.186013 0.319554 0.645483 0.09322196 0.642565 0.08183497 0.648085 0.08010995 0.648085 0.08010995 0.651631 0.09189295 0.645483 0.09322196 0.645483 0.09322196 0.635598 0.09395295 0.63318 0.08277499 0.63318 0.08277499 0.642565 0.08183497 0.645483 0.09322196 0.65467 0.07775497 0.660141 0.08994299 0.651631 0.09189295 0.651631 0.09189295 0.648085 0.08010995 0.65467 0.07775497 0.660141 0.08994299 0.65467 0.07775497 0.661048 0.074328 0.661048 0.074328 0.671607 0.08553296 0.660141 0.08994299 0.660141 0.08994299 0.664226 0.107204 0.654998 0.10801 0.654998 0.10801 0.651631 0.09189295 0.660141 0.08994299 0.664226 0.107204 0.660141 0.08994299 0.671607 0.08553296 0.671607 0.08553296 0.676362 0.104446 0.664226 0.107204 0.646161 0.172794 0.645728 0.155242 0.655207 0.15586 0.67896 0.170594 0.646161 0.172794 0.655207 0.15586 0.672419 0.151232 0.67896 0.170594 0.664073 0.152772 0.655207 0.15586 0.650235 0.127714 0.658455 0.12764 0.658455 0.12764 0.664073 0.152772 0.655207 0.15586 0.650235 0.127714 0.655207 0.15586 0.645728 0.155242 0.645728 0.155242 0.641561 0.127746 0.650235 0.127714 0.667685 0.1267729 0.672419 0.151232 0.664073 0.152772 0.664073 0.152772 0.658455 0.12764 0.667685 0.1267729 0.672419 0.151232 0.667685 0.1267729 0.678223 0.126053 0.678223 0.126053 0.68018 0.149644 0.672419 0.151232 0.1961899 0.258269 0.185392 0.277773 0.17634 0.26496 0.664226 0.107204 0.667685 0.1267729 0.658455 0.12764 0.658455 0.12764 0.654998 0.10801 0.664226 0.107204 0.667685 0.1267729 0.664226 0.107204 0.676362 0.104446 0.676362 0.104446 0.678223 0.126053 0.667685 0.1267729 0.650235 0.127714 0.647901 0.108845 0.654998 0.10801 0.654998 0.10801 0.658455 0.12764 0.650235 0.127714 0.647901 0.108845 0.650235 0.127714 0.641561 0.127746 0.641561 0.127746 0.638448 0.109799 0.647901 0.108845 0.185392 0.277773 0.192981 0.289136 0.180392 0.305498 0.180392 0.305498 0.17443 0.293872 0.185392 0.277773 0.185392 0.277773 0.17443 0.293872 0.1619099 0.283438 0.1619099 0.283438 0.17634 0.26496 0.185392 0.277773 0.192981 0.289136 0.2130669 0.254978 0.221622 0.297027 0.221622 0.297027 0.198271 0.308655 0.192981 0.289136 0.305679 0.75364 0.307734 0.76959 0.303484 0.761339 0.305679 0.75364 0.302509 0.735398 0.31379 0.74062 0.301607 0.765172 0.299294 0.762927 0.300087 0.756026 0.300087 0.756026 0.303484 0.761339 0.301607 0.765172 0.298428 0.772282 0.299294 0.762927 0.301607 0.765172 0.823438 0.39888 0.823438 0.38265 0.808637 0.377918 0.808637 0.377918 0.804709 0.395979 0.823438 0.39888 0.621834 0.367339 0.621823 0.38381 0.64555 0.381609 0.64555 0.381609 0.643696 0.365891 0.621834 0.367339 0.773282 0.3636 0.765087 0.393833 0.781546 0.394021 0.781546 0.394021 0.786401 0.365255 0.773282 0.3636 0.760955 0.363602 0.765087 0.393833 0.773282 0.3636 0.423644 0.309514 0.437675 0.322362 0.439936 0.347557 0.439936 0.347557 0.425294 0.343244 0.423644 0.309514 0.823449 0.366179 0.823365 0.354411 0.816052 0.354462 0.816052 0.354462 0.812578 0.366422 0.823449 0.366179 0.621834 0.367339 0.643696 0.365891 0.641217 0.354827 0.641217 0.354827 0.621573 0.357512 0.621834 0.367339 0.439936 0.347557 0.441221 0.385389 0.425294 0.343244 0.672885 0.359252 0.672874 0.341008 0.665389 0.345904 0.778027 0.343584 0.773282 0.3636 0.786401 0.365255 0.786401 0.365255 0.789974 0.347265 0.778027 0.343584 0.823438 0.38265 0.823449 0.366179 0.812578 0.366422 0.812578 0.366422 0.808637 0.377918 0.823438 0.38265 0.621823 0.38381 0.621823 0.40004 0.645533 0.39985 0.645533 0.39985 0.64555 0.381609 0.621823 0.38381 0.778167 0.464081 0.771503 0.464772 0.771399 0.476456 0.771399 0.476456 0.778276 0.475574 0.778167 0.464081 0.776852 0.455933 0.769219 0.457362 0.771503 0.464772 0.771503 0.464772 0.778167 0.464081 0.776852 0.455933 0.771925 0.485223 0.779397 0.484742 0.778276 0.475574 0.778276 0.475574 0.771399 0.476456 0.771925 0.485223 0.787753 0.536704 0.777023 0.537104 0.784816 0.577629 0.784816 0.577629 0.801409 0.583011 0.787753 0.536704 0.846743 0.426777 0.852533 0.436502 0.848149 0.454928 0.848149 0.454928 0.842202 0.454291 0.846743 0.426777 0.842202 0.454291 0.848149 0.454928 0.845703 0.489011 0.845703 0.489011 0.838424 0.489748 0.842202 0.454291 0.784816 0.577629 0.78649 0.588206 0.801409 0.583011 0.782445 0.491176 0.773604 0.491553 0.777023 0.537104 0.777023 0.537104 0.787753 0.536704 0.782445 0.491176 0.779397 0.484742 0.771925 0.485223 0.773604 0.491553 0.773604 0.491553 0.782445 0.491176 0.779397 0.484742 0.776852 0.455933 0.771691 0.453653 0.769219 0.457362 0.686931 0.44704 0.66615 0.442833 0.674816 0.453856 0.674816 0.453856 0.684424 0.453927 0.686931 0.44704 0.689678 0.42583 0.675806 0.426528 0.66615 0.442833 0.66615 0.442833 0.686931 0.44704 0.689678 0.42583 0.691652 0.400082 0.67911 0.400987 0.675806 0.426528 0.675806 0.426528 0.689678 0.42583 0.691652 0.400082 0.69089 0.376025 0.676748 0.379668 0.67911 0.400987 0.67911 0.400987 0.691652 0.400082 0.69089 0.376025 0.672874 0.341008 0.672885 0.359252 0.688334 0.354691 0.684424 0.453927 0.674816 0.453856 0.682561 0.458896 0.688334 0.354691 0.672885 0.359252 0.676748 0.379668 0.676748 0.379668 0.69089 0.376025 0.688334 0.354691 0.75402 0.46519 0.754986 0.477447 0.771399 0.476456 0.771399 0.476456 0.771503 0.464772 0.75402 0.46519 0.778167 0.464081 0.778276 0.475574 0.79203 0.474024 0.79203 0.474024 0.790267 0.462642 0.778167 0.464081 0.75402 0.46519 0.755351 0.459459 0.729239 0.471926 0.814827 0.467441 0.79203 0.474024 0.793319 0.484375 0.79203 0.474024 0.814827 0.467441 0.790267 0.462642 0.729239 0.471926 0.754986 0.477447 0.75402 0.46519 0.814827 0.467441 0.789112 0.455735 0.790267 0.462642 0.771925 0.485223 0.771399 0.476456 0.754986 0.477447 0.754986 0.477447 0.759101 0.48392 0.771925 0.485223 0.75402 0.46519 0.771503 0.464772 0.769219 0.457362 0.769219 0.457362 0.755351 0.459459 0.75402 0.46519 0.79203 0.474024 0.778276 0.475574 0.779397 0.484742 0.779397 0.484742 0.793319 0.484375 0.79203 0.474024 0.790267 0.462642 0.789112 0.455735 0.776852 0.455933 0.776852 0.455933 0.778167 0.464081 0.790267 0.462642 0.759101 0.48392 0.754986 0.477447 0.729239 0.471926 0.637818 0.537995 0.620131 0.537179 0.619466 0.58417 0.619466 0.58417 0.6367 0.584855 0.637818 0.537995 0.672155 0.581483 0.677099 0.539141 0.637818 0.537995 0.637818 0.537995 0.6367 0.584855 0.672155 0.581483 0.709436 0.538936 0.677099 0.539141 0.672155 0.581483 0.672155 0.581483 0.701252 0.577311 0.709436 0.538936 0.765798 0.537357 0.709436 0.538936 0.701252 0.577311 0.701252 0.577311 0.7732 0.576961 0.765798 0.537357 0.784816 0.577629 0.777023 0.537104 0.765798 0.537357 0.765798 0.537357 0.7732 0.576961 0.784816 0.577629 0.820578 0.582855 0.821243 0.535863 0.797992 0.536356 0.797992 0.536356 0.801409 0.583011 0.820578 0.582855 0.801409 0.583011 0.797992 0.536356 0.787753 0.536704 0.901915 0.471122 0.908864 0.469276 0.908154 0.48097 0.903487 0.454868 0.908864 0.469276 0.901915 0.471122 0.903487 0.454868 0.916681 0.468679 0.908864 0.469276 0.89858 0.44973 0.903487 0.454868 0.901915 0.471122 0.901915 0.471122 0.888605 0.453455 0.89858 0.44973 0.888605 0.453455 0.88363 0.438327 0.89858 0.44973 0.893217 0.42531 0.902632 0.443578 0.89858 0.44973 0.89858 0.44973 0.88363 0.438327 0.893217 0.42531 0.964188 0.593798 0.963642 0.571872 0.942376 0.571487 0.942376 0.571487 0.949087 0.591718 0.964188 0.593798 0.88363 0.438327 0.888605 0.453455 0.874438 0.456998 0.874438 0.456998 0.871358 0.438963 0.88363 0.438327 0.871358 0.438963 0.874438 0.456998 0.855646 0.454866 0.855646 0.454866 0.8575 0.437628 0.871358 0.438963 0.8575 0.437628 0.855646 0.454866 0.848149 0.454928 0.848149 0.454928 0.852533 0.436502 0.8575 0.437628 0.964188 0.593798 0.980527 0.59043 0.98336 0.569595 0.98336 0.569595 0.963642 0.571872 0.964188 0.593798 0.98336 0.569595 0.980527 0.59043 0.990579 0.565558 0.897349 0.522403 0.894248 0.52166 0.895021 0.49142 0.895021 0.49142 0.901082 0.491187 0.897349 0.522403 0.894248 0.52166 0.897349 0.522403 0.896717 0.532043 0.896717 0.532043 0.894612 0.531394 0.894248 0.52166 0.907329 0.490031 0.901082 0.491187 0.908154 0.48097 0.908864 0.469276 0.916553 0.479136 0.908154 0.48097 0.916553 0.479136 0.908864 0.469276 0.916681 0.468679 0.92419 0.510171 0.926524 0.508745 0.923944 0.510513 0.925768 0.505039 0.926524 0.508745 0.92419 0.510171 0.927741 0.502704 0.926524 0.508745 0.925768 0.505039 0.915617 0.537265 0.911616 0.535988 0.910709 0.543285 0.923944 0.510513 0.918854 0.507343 0.920814 0.502719 0.920814 0.502719 0.92419 0.510171 0.923944 0.510513 0.92419 0.510171 0.922646 0.500021 0.924464 0.496105 0.924464 0.496105 0.925768 0.505039 0.92419 0.510171 0.925768 0.505039 0.924464 0.496105 0.925179 0.487588 0.925179 0.487588 0.927741 0.502704 0.925768 0.505039 0.915709 0.54906 0.919427 0.543012 0.915617 0.537265 0.920814 0.502719 0.922646 0.500021 0.92419 0.510171 0.910709 0.543285 0.910561 0.551606 0.915709 0.54906 0.915709 0.54906 0.915617 0.537265 0.910709 0.543285 0.918854 0.507343 0.912788 0.499991 0.913477 0.491971 0.913477 0.491971 0.920814 0.502719 0.918854 0.507343 0.922646 0.500021 0.918411 0.489047 0.919821 0.484306 0.919821 0.484306 0.924464 0.496105 0.922646 0.500021 0.924464 0.496105 0.919821 0.484306 0.919673 0.474868 0.919673 0.474868 0.925179 0.487588 0.924464 0.496105 0.915709 0.54906 0.921866 0.555265 0.924681 0.548122 0.924681 0.548122 0.919427 0.543012 0.915709 0.54906 0.920814 0.502719 0.913477 0.491971 0.918411 0.489047 0.918411 0.489047 0.922646 0.500021 0.920814 0.502719 0.910561 0.551606 0.913733 0.557977 0.921866 0.555265 0.921866 0.555265 0.915709 0.54906 0.910561 0.551606 0.919821 0.484306 0.916553 0.479136 0.916681 0.468679 0.916681 0.468679 0.919673 0.474868 0.919821 0.484306 0.918411 0.489047 0.915414 0.48533 0.916553 0.479136 0.916553 0.479136 0.919821 0.484306 0.918411 0.489047 0.913477 0.491971 0.915414 0.48533 0.918411 0.489047 0.921866 0.555265 0.913733 0.557977 0.916364 0.56042 0.913477 0.491971 0.907329 0.490031 0.908154 0.48097 0.908154 0.48097 0.915414 0.48533 0.913477 0.491971 0.913477 0.491971 0.908365 0.49616 0.907329 0.490031 0.916681 0.468679 0.903487 0.454868 0.907429 0.452092 0.916364 0.56042 0.934062 0.567286 0.921866 0.555265 0.934062 0.567286 0.931131 0.54315 0.924681 0.548122 0.921866 0.555265 0.934062 0.567286 0.924681 0.548122 0.915414 0.48533 0.908154 0.48097 0.916553 0.479136 0.912788 0.499991 0.908365 0.49616 0.913477 0.491971 0.936441 0.535362 0.931131 0.54315 0.934062 0.567286 0.934062 0.567286 0.942376 0.571487 0.936441 0.535362 0.901082 0.491187 0.907329 0.490031 0.908365 0.49616 0.908365 0.49616 0.907003 0.501302 0.901082 0.491187 0.902632 0.443578 0.907429 0.452092 0.903487 0.454868 0.903487 0.454868 0.89858 0.44973 0.902632 0.443578 0.908154 0.48097 0.901082 0.491187 0.895021 0.49142 0.895021 0.49142 0.901915 0.471122 0.908154 0.48097 0.888605 0.453455 0.901915 0.471122 0.895021 0.49142 0.843375 0.515712 0.839865 0.521342 0.838424 0.489748 0.838424 0.489748 0.845703 0.489011 0.843375 0.515712 0.872937 0.530749 0.871307 0.540369 0.869466 0.53854 0.869466 0.53854 0.870296 0.52408 0.872937 0.530749 0.882959 0.53727 0.882345 0.53863 0.882023 0.532625 0.882023 0.532625 0.883665 0.524669 0.882959 0.53727 0.876103 0.562311 0.872937 0.530749 0.882023 0.532625 0.882023 0.532625 0.878013 0.561636 0.876103 0.562311 0.962722 0.507192 0.962339 0.499822 0.948914 0.500004 0.948914 0.500004 0.948376 0.506854 0.962722 0.507192 0.88695 0.533174 0.884163 0.538345 0.882959 0.53727 0.882959 0.53727 0.883665 0.524669 0.88695 0.533174 0.896717 0.532043 0.897349 0.522403 0.900552 0.526869 0.900552 0.526869 0.900352 0.534278 0.896717 0.532043 0.890613 0.549666 0.88695 0.533174 0.894612 0.531394 0.894612 0.531394 0.893493 0.54943 0.890613 0.549666 0.948376 0.506854 0.947689 0.500293 0.93415 0.50057 0.93415 0.50057 0.933181 0.506451 0.948376 0.506854 0.839628 0.531454 0.835065 0.533512 0.833785 0.523312 0.833785 0.523312 0.839865 0.521342 0.839628 0.531454 0.85084 0.53564 0.849823 0.533499 0.849668 0.53038 0.849668 0.53038 0.854176 0.5236 0.85084 0.53564 0.854176 0.5236 0.849668 0.53038 0.842985 0.530117 0.842985 0.530117 0.843375 0.515712 0.854176 0.5236 0.994774 0.496786 0.982583 0.497448 0.981456 0.50601 0.981456 0.50601 0.996603 0.50545 0.994774 0.496786 0.839865 0.521342 0.843375 0.515712 0.842985 0.530117 0.842985 0.530117 0.839628 0.531454 0.839865 0.521342 0.855019 0.530984 0.851339 0.540156 0.85084 0.53564 0.85084 0.53564 0.854176 0.5236 0.855019 0.530984 0.869466 0.53854 0.867763 0.541992 0.866725 0.532959 0.866725 0.532959 0.870296 0.52408 0.869466 0.53854 0.866725 0.532959 0.855019 0.530984 0.854176 0.5236 0.854176 0.5236 0.870296 0.52408 0.866725 0.532959 0.981456 0.50601 0.980331 0.497853 0.96397 0.499365 0.96397 0.499365 0.962722 0.507192 0.981456 0.50601 0.879034 0.594357 0.876979 0.599363 0.87735 0.595265 0.960595 0.44985 0.957511 0.447863 0.957873 0.450975 0.875777 0.596411 0.876979 0.599363 0.873773 0.596609 0.87735 0.595265 0.876979 0.599363 0.875777 0.596411 0.957873 0.450975 0.957511 0.447863 0.954792 0.451439 0.881289 0.593655 0.876979 0.599363 0.879034 0.594357 0.87735 0.595265 0.878021 0.58546 0.880559 0.583809 0.880559 0.583809 0.879034 0.594357 0.87735 0.595265 0.957873 0.450975 0.958933 0.459505 0.961684 0.455799 0.961684 0.455799 0.960595 0.44985 0.957873 0.450975 0.873773 0.596609 0.872929 0.585777 0.875475 0.586234 0.875475 0.586234 0.875777 0.596411 0.873773 0.596609 0.875777 0.596411 0.875475 0.586234 0.878021 0.58546 0.878021 0.58546 0.87735 0.595265 0.875777 0.596411 0.951931 0.45752 0.955414 0.460126 0.954792 0.451439 0.954792 0.451439 0.955414 0.460126 0.958933 0.459505 0.958933 0.459505 0.957873 0.450975 0.954792 0.451439 0.871532 0.585304 0.872929 0.585777 0.873773 0.596609 0.879034 0.594357 0.880559 0.583809 0.883014 0.582659 0.883014 0.582659 0.881289 0.593655 0.879034 0.594357 0.878021 0.58546 0.878163 0.568894 0.880692 0.56846 0.880692 0.56846 0.880559 0.583809 0.878021 0.58546 0.958933 0.459505 0.958749 0.473622 0.960833 0.470858 0.960833 0.470858 0.961684 0.455799 0.958933 0.459505 0.872929 0.585777 0.873259 0.569485 0.875733 0.56933 0.875733 0.56933 0.875475 0.586234 0.872929 0.585777 0.875475 0.586234 0.875733 0.56933 0.878163 0.568894 0.878163 0.568894 0.878021 0.58546 0.875475 0.586234 0.951931 0.45752 0.951098 0.472214 0.954051 0.474118 0.954051 0.474118 0.955414 0.460126 0.951931 0.45752 0.955414 0.460126 0.954051 0.474118 0.958749 0.473622 0.958749 0.473622 0.958933 0.459505 0.955414 0.460126 0.871532 0.585304 0.870071 0.565127 0.873259 0.569485 0.873259 0.569485 0.872929 0.585777 0.871532 0.585304 0.880559 0.583809 0.880692 0.56846 0.883533 0.56198 0.883533 0.56198 0.883014 0.582659 0.880559 0.583809 0.875733 0.56933 0.876103 0.562311 0.878013 0.561636 0.878013 0.561636 0.878163 0.568894 0.875733 0.56933 0.878163 0.568894 0.878013 0.561636 0.880355 0.561164 0.880355 0.561164 0.880692 0.56846 0.878163 0.568894 0.873259 0.569485 0.873465 0.562088 0.876103 0.562311 0.876103 0.562311 0.875733 0.56933 0.873259 0.569485 0.870071 0.565127 0.873465 0.562088 0.873259 0.569485 0.883533 0.56198 0.880692 0.56846 0.880355 0.561164 0.873465 0.562088 0.870071 0.565127 0.871307 0.540369 0.871307 0.540369 0.872937 0.530749 0.873465 0.562088 0.880355 0.561164 0.882023 0.532625 0.882345 0.53863 0.882345 0.53863 0.883533 0.56198 0.880355 0.561164 0.872937 0.530749 0.870296 0.52408 0.883665 0.524669 0.883665 0.524669 0.882023 0.532625 0.872937 0.530749 0.954051 0.474118 0.948914 0.500004 0.962339 0.499822 0.962339 0.499822 0.958749 0.473622 0.954051 0.474118 0.878013 0.561636 0.882023 0.532625 0.880355 0.561164 0.951098 0.472214 0.948914 0.500004 0.954051 0.474118 0.873465 0.562088 0.872937 0.530749 0.876103 0.562311 0.958749 0.473622 0.962339 0.499822 0.960833 0.470858 0.893227 0.581083 0.891858 0.585781 0.891944 0.581805 0.945575 0.464408 0.942457 0.462473 0.94382 0.466827 0.890599 0.582807 0.891858 0.585781 0.888634 0.584932 0.891944 0.581805 0.891858 0.585781 0.890599 0.582807 0.94382 0.466827 0.942457 0.462473 0.938843 0.466858 0.895653 0.584485 0.891858 0.585781 0.893227 0.581083 0.891944 0.581805 0.892369 0.57197 0.89441 0.570845 0.89441 0.570845 0.893227 0.581083 0.891944 0.581805 0.94382 0.466827 0.944045 0.47409 0.946768 0.470338 0.946768 0.470338 0.945575 0.464408 0.94382 0.466827 0.888634 0.584932 0.887744 0.572372 0.890126 0.572654 0.890126 0.572654 0.890599 0.582807 0.888634 0.584932 0.890599 0.582807 0.890126 0.572654 0.892369 0.57197 0.892369 0.57197 0.891944 0.581805 0.890599 0.582807 0.937025 0.472222 0.94053 0.474769 0.938843 0.466858 0.938843 0.466858 0.94053 0.474769 0.944045 0.47409 0.944045 0.47409 0.94382 0.466827 0.938843 0.466858 0.886326 0.572215 0.887744 0.572372 0.888634 0.584932 0.893227 0.581083 0.89441 0.570845 0.896894 0.570267 0.896894 0.570267 0.895653 0.584485 0.893227 0.581083 0.892369 0.57197 0.892892 0.555668 0.895245 0.555499 0.895245 0.555499 0.89441 0.570845 0.892369 0.57197 0.944045 0.47409 0.943456 0.488231 0.94613 0.485409 0.94613 0.485409 0.946768 0.470338 0.944045 0.47409 0.887744 0.572372 0.887596 0.556498 0.890403 0.55604 0.890403 0.55604 0.890126 0.572654 0.887744 0.572372 0.890126 0.572654 0.890403 0.55604 0.892892 0.555668 0.892892 0.555668 0.892369 0.57197 0.890126 0.572654 0.937025 0.472222 0.936399 0.486928 0.938782 0.488773 0.938782 0.488773 0.94053 0.474769 0.937025 0.472222 0.94053 0.474769 0.938782 0.488773 0.943456 0.488231 0.943456 0.488231 0.944045 0.47409 0.94053 0.474769 0.886326 0.572215 0.88513 0.553343 0.887596 0.556498 0.887596 0.556498 0.887744 0.572372 0.886326 0.572215 0.89441 0.570845 0.895245 0.555499 0.899107 0.550688 0.899107 0.550688 0.896894 0.570267 0.89441 0.570845 0.890403 0.55604 0.890613 0.549666 0.893493 0.54943 0.893493 0.54943 0.892892 0.555668 0.890403 0.55604 0.892892 0.555668 0.893493 0.54943 0.895845 0.549024 0.895845 0.549024 0.895245 0.555499 0.892892 0.555668 0.887596 0.556498 0.88779 0.55019 0.890613 0.549666 0.890613 0.549666 0.890403 0.55604 0.887596 0.556498 0.88513 0.553343 0.88779 0.55019 0.887596 0.556498 0.899107 0.550688 0.895245 0.555499 0.895845 0.549024 0.88779 0.55019 0.88513 0.553343 0.884163 0.538345 0.884163 0.538345 0.88695 0.533174 0.88779 0.55019 0.895845 0.549024 0.896717 0.532043 0.900352 0.534278 0.900352 0.534278 0.899107 0.550688 0.895845 0.549024 0.894248 0.52166 0.894612 0.531394 0.88695 0.533174 0.88695 0.533174 0.883665 0.524669 0.894248 0.52166 0.938782 0.488773 0.93415 0.50057 0.947689 0.500293 0.947689 0.500293 0.943456 0.488231 0.938782 0.488773 0.893493 0.54943 0.894612 0.531394 0.896717 0.532043 0.896717 0.532043 0.895845 0.549024 0.893493 0.54943 0.936399 0.486928 0.93415 0.50057 0.938782 0.488773 0.88779 0.55019 0.88695 0.533174 0.890613 0.549666 0.943456 0.488231 0.947689 0.500293 0.94613 0.485409 0.847268 0.570744 0.845464 0.575699 0.845625 0.57176 0.991886 0.469065 0.988642 0.466898 0.989446 0.470716 0.844007 0.572872 0.845464 0.575699 0.841916 0.572975 0.845625 0.57176 0.845464 0.575699 0.844007 0.572872 0.989446 0.470716 0.988642 0.466898 0.985368 0.469829 0.849167 0.569745 0.845464 0.575699 0.847268 0.570744 0.845625 0.57176 0.845649 0.562088 0.848304 0.560332 0.848304 0.560332 0.847268 0.570744 0.845625 0.57176 0.989446 0.470716 0.990555 0.478635 0.993606 0.475093 0.993606 0.475093 0.991886 0.469065 0.989446 0.470716 0.841916 0.572975 0.840652 0.562277 0.843128 0.562758 0.843128 0.562758 0.844007 0.572872 0.841916 0.572975 0.844007 0.572872 0.843128 0.562758 0.845649 0.562088 0.845649 0.562088 0.845625 0.57176 0.844007 0.572872 0.983682 0.476256 0.986025 0.478896 0.985368 0.469829 0.985368 0.469829 0.986025 0.478896 0.990555 0.478635 0.990555 0.478635 0.989446 0.470716 0.985368 0.469829 0.839242 0.561753 0.840652 0.562277 0.841916 0.572975 0.847268 0.570744 0.848304 0.560332 0.850718 0.558588 0.850718 0.558588 0.849167 0.569745 0.847268 0.570744 0.845649 0.562088 0.845546 0.545858 0.84783 0.545615 0.84783 0.545615 0.848304 0.560332 0.845649 0.562088 0.990555 0.478635 0.992306 0.492736 0.993366 0.490122 0.993366 0.490122 0.993606 0.475093 0.990555 0.478635 0.840652 0.562277 0.840164 0.546001 0.842981 0.545984 0.842981 0.545984 0.843128 0.562758 0.840652 0.562277 0.843128 0.562758 0.842981 0.545984 0.845546 0.545858 0.845546 0.545858 0.845649 0.562088 0.843128 0.562758 0.983682 0.476256 0.983443 0.490919 0.98506 0.493017 0.98506 0.493017 0.986025 0.478896 0.983682 0.476256 0.986025 0.478896 0.98506 0.493017 0.992306 0.492736 0.992306 0.492736 0.990555 0.478635 0.986025 0.478896 0.839242 0.561753 0.836627 0.541229 0.840164 0.546001 0.840164 0.546001 0.840652 0.562277 0.839242 0.561753 0.848304 0.560332 0.84783 0.545615 0.849424 0.539101 0.849424 0.539101 0.850718 0.558588 0.848304 0.560332 0.842981 0.545984 0.843215 0.539326 0.845922 0.539302 0.845922 0.539302 0.845546 0.545858 0.842981 0.545984 0.845546 0.545858 0.845922 0.539302 0.848148 0.538922 0.848148 0.538922 0.84783 0.545615 0.845546 0.545858 0.840164 0.546001 0.840244 0.538763 0.843215 0.539326 0.843215 0.539326 0.842981 0.545984 0.840164 0.546001 0.836627 0.541229 0.840244 0.538763 0.840164 0.546001 0.849424 0.539101 0.84783 0.545615 0.848148 0.538922 0.836627 0.541229 0.835065 0.533512 0.839628 0.531454 0.839628 0.531454 0.840244 0.538763 0.836627 0.541229 0.848148 0.538922 0.849668 0.53038 0.849823 0.533499 0.849823 0.533499 0.849424 0.539101 0.848148 0.538922 0.849668 0.53038 0.845922 0.539302 0.843215 0.539326 0.843215 0.539326 0.842985 0.530117 0.849668 0.53038 0.992306 0.492736 0.98506 0.493017 0.982583 0.497448 0.982583 0.497448 0.994774 0.496786 0.992306 0.492736 0.845922 0.539302 0.849668 0.53038 0.848148 0.538922 0.983443 0.490919 0.982583 0.497448 0.98506 0.493017 0.840244 0.538763 0.839628 0.531454 0.842985 0.530117 0.842985 0.530117 0.843215 0.539326 0.840244 0.538763 0.992306 0.492736 0.994774 0.496786 0.993366 0.490122 0.992704 0.536436 0.995314 0.533129 0.996603 0.50545 0.833785 0.523312 0.838424 0.489748 0.839865 0.521342 0.883665 0.524669 0.895021 0.49142 0.894248 0.52166 0.948376 0.506854 0.933181 0.506451 0.936441 0.535362 0.963467 0.536272 0.962722 0.507192 0.948376 0.506854 0.948376 0.506854 0.936441 0.535362 0.963467 0.536272 0.907003 0.501302 0.900552 0.526869 0.897349 0.522403 0.897349 0.522403 0.901082 0.491187 0.907003 0.501302 0.872158 0.493286 0.895021 0.49142 0.883665 0.524669 0.883665 0.524669 0.870296 0.52408 0.872158 0.493286 0.854176 0.5236 0.843375 0.515712 0.854046 0.491993 0.854176 0.5236 0.854046 0.491993 0.872158 0.493286 0.872158 0.493286 0.870296 0.52408 0.854176 0.5236 0.845703 0.489011 0.854046 0.491993 0.843375 0.515712 0.963467 0.536272 0.992704 0.536436 0.981456 0.50601 0.981456 0.50601 0.962722 0.507192 0.963467 0.536272 0.992704 0.536436 0.996603 0.50545 0.981456 0.50601 0.963642 0.571872 0.963467 0.536272 0.936441 0.535362 0.936441 0.535362 0.942376 0.571487 0.963642 0.571872 0.888605 0.453455 0.895021 0.49142 0.872158 0.493286 0.872158 0.493286 0.874438 0.456998 0.888605 0.453455 0.874438 0.456998 0.872158 0.493286 0.854046 0.491993 0.854046 0.491993 0.855646 0.454866 0.874438 0.456998 0.855646 0.454866 0.854046 0.491993 0.845703 0.489011 0.845703 0.489011 0.848149 0.454928 0.855646 0.454866 0.992704 0.536436 0.963467 0.536272 0.963642 0.571872 0.963642 0.571872 0.98336 0.569595 0.992704 0.536436 0.990579 0.565558 0.995314 0.533129 0.992704 0.536436 0.992704 0.536436 0.98336 0.569595 0.990579 0.565558 0.863389 0.585694 0.861414 0.59092 0.861702 0.58681 0.975918 0.455529 0.972673 0.453362 0.973952 0.457812 0.860016 0.588088 0.861414 0.59092 0.857882 0.588303 0.861702 0.58681 0.861414 0.59092 0.860016 0.588088 0.973952 0.457812 0.972673 0.453362 0.969715 0.458033 0.86492 0.584835 0.861414 0.59092 0.863389 0.585694 0.861702 0.58681 0.861878 0.577116 0.864938 0.574774 0.864938 0.574774 0.863389 0.585694 0.861702 0.58681 0.973952 0.457812 0.974587 0.4651 0.977638 0.461558 0.977638 0.461558 0.975918 0.455529 0.973952 0.457812 0.857882 0.588303 0.856634 0.577634 0.859169 0.577999 0.859169 0.577999 0.860016 0.588088 0.857882 0.588303 0.860016 0.588088 0.859169 0.577999 0.861878 0.577116 0.861878 0.577116 0.861702 0.58681 0.860016 0.588088 0.967714 0.464617 0.971005 0.465518 0.969715 0.458033 0.969715 0.458033 0.971005 0.465518 0.974587 0.4651 0.974587 0.4651 0.973952 0.457812 0.969715 0.458033 0.855239 0.577249 0.856634 0.577634 0.857882 0.588303 0.863389 0.585694 0.864938 0.574774 0.867516 0.573019 0.867516 0.573019 0.86492 0.584835 0.863389 0.585694 0.861878 0.577116 0.861475 0.560869 0.864341 0.560216 0.864341 0.560216 0.864938 0.574774 0.861878 0.577116 0.974587 0.4651 0.97493 0.4792 0.977398 0.476586 0.977398 0.476586 0.977638 0.461558 0.974587 0.4651 0.856634 0.577634 0.856265 0.561517 0.858869 0.56118 0.858869 0.56118 0.859169 0.577999 0.856634 0.577634 0.859169 0.577999 0.858869 0.56118 0.861475 0.560869 0.861475 0.560869 0.861878 0.577116 0.859169 0.577999 0.967714 0.464617 0.967474 0.477383 0.970183 0.479481 0.970183 0.479481 0.971005 0.465518 0.967714 0.464617 0.971005 0.465518 0.970183 0.479481 0.97493 0.4792 0.97493 0.4792 0.974587 0.4651 0.971005 0.465518 0.855239 0.577249 0.853127 0.557507 0.856265 0.561517 0.856265 0.561517 0.856634 0.577634 0.855239 0.577249 0.864938 0.574774 0.864341 0.560216 0.867264 0.552244 0.867264 0.552244 0.867516 0.573019 0.864938 0.574774 0.858869 0.56118 0.859192 0.554578 0.861346 0.553747 0.861346 0.553747 0.861475 0.560869 0.858869 0.56118 0.861475 0.560869 0.861346 0.553747 0.863818 0.553673 0.863818 0.553673 0.864341 0.560216 0.861475 0.560869 0.856265 0.561517 0.856046 0.554614 0.859192 0.554578 0.859192 0.554578 0.858869 0.56118 0.856265 0.561517 0.853127 0.557507 0.856046 0.554614 0.856265 0.561517 0.867264 0.552244 0.864341 0.560216 0.863818 0.553673 0.856046 0.554614 0.853127 0.557507 0.851339 0.540156 0.851339 0.540156 0.855019 0.530984 0.856046 0.554614 0.867264 0.552244 0.863818 0.553673 0.866725 0.532959 0.866725 0.532959 0.867763 0.541992 0.867264 0.552244 0.861346 0.553747 0.859192 0.554578 0.855019 0.530984 0.855019 0.530984 0.866725 0.532959 0.861346 0.553747 0.970183 0.479481 0.96397 0.499365 0.980331 0.497853 0.980331 0.497853 0.97493 0.4792 0.970183 0.479481 0.861346 0.553747 0.866725 0.532959 0.863818 0.553673 0.967474 0.477383 0.96397 0.499365 0.970183 0.479481 0.856046 0.554614 0.855019 0.530984 0.859192 0.554578 0.97493 0.4792 0.980331 0.497853 0.977398 0.476586 0.672155 0.581483 0.6367 0.584855 0.667908 0.593869 0.701252 0.577311 0.672155 0.581483 0.667908 0.593869 0.667908 0.593869 0.699348 0.589759 0.701252 0.577311 0.7732 0.576961 0.701252 0.577311 0.699348 0.589759 0.699348 0.589759 0.779373 0.589198 0.7732 0.576961 0.7732 0.576961 0.779373 0.589198 0.78649 0.588206 0.78649 0.588206 0.784816 0.577629 0.7732 0.576961 0.637818 0.537995 0.642346 0.492128 0.620587 0.491019 0.620587 0.491019 0.620131 0.537179 0.637818 0.537995 0.677099 0.539141 0.68339 0.493685 0.642346 0.492128 0.642346 0.492128 0.637818 0.537995 0.677099 0.539141 0.709436 0.538936 0.714649 0.492619 0.68339 0.493685 0.68339 0.493685 0.677099 0.539141 0.709436 0.538936 0.765798 0.537357 0.75276 0.492029 0.714649 0.492619 0.714649 0.492619 0.709436 0.538936 0.765798 0.537357 0.777023 0.537104 0.773604 0.491553 0.75276 0.492029 0.75276 0.492029 0.765798 0.537357 0.777023 0.537104 0.796891 0.491518 0.797992 0.536356 0.821243 0.535863 0.821243 0.535863 0.821562 0.489704 0.796891 0.491518 0.797992 0.536356 0.796891 0.491518 0.782445 0.491176 0.782445 0.491176 0.787753 0.536704 0.797992 0.536356 0.642346 0.492128 0.642607 0.470267 0.620147 0.468774 0.620147 0.468774 0.620587 0.491019 0.642346 0.492128 0.642607 0.470267 0.65101 0.459263 0.620467 0.457516 0.620467 0.457516 0.620147 0.468774 0.642607 0.470267 0.68339 0.493685 0.682226 0.472397 0.642607 0.470267 0.642607 0.470267 0.642346 0.492128 0.68339 0.493685 0.682226 0.472397 0.682561 0.458896 0.65101 0.459263 0.65101 0.459263 0.642607 0.470267 0.682226 0.472397 0.714649 0.492619 0.712975 0.473282 0.682226 0.472397 0.682226 0.472397 0.68339 0.493685 0.714649 0.492619 0.712975 0.473282 0.712287 0.46294 0.682561 0.458896 0.682561 0.458896 0.682226 0.472397 0.712975 0.473282 0.759101 0.48392 0.714649 0.492619 0.75276 0.492029 0.759101 0.48392 0.712975 0.473282 0.714649 0.492619 0.759101 0.48392 0.729239 0.471926 0.712975 0.473282 0.712287 0.46294 0.712975 0.473282 0.729239 0.471926 0.729239 0.471926 0.755351 0.459459 0.712287 0.46294 0.712287 0.46294 0.755351 0.459459 0.754437 0.456054 0.773604 0.491553 0.771925 0.485223 0.759101 0.48392 0.759101 0.48392 0.75276 0.492029 0.773604 0.491553 0.754437 0.456054 0.755351 0.459459 0.769219 0.457362 0.769219 0.457362 0.771691 0.453653 0.754437 0.456054 0.821562 0.489704 0.793319 0.484375 0.796891 0.491518 0.821562 0.489704 0.814827 0.467441 0.793319 0.484375 0.821562 0.489704 0.821259 0.467459 0.814827 0.467441 0.789112 0.455735 0.821579 0.45662 0.788369 0.452398 0.814827 0.467441 0.821259 0.467459 0.821579 0.45662 0.821579 0.45662 0.789112 0.455735 0.814827 0.467441 0.796891 0.491518 0.793319 0.484375 0.779397 0.484742 0.779397 0.484742 0.782445 0.491176 0.796891 0.491518 0.776852 0.455933 0.789112 0.455735 0.788369 0.452398 0.788369 0.452398 0.771691 0.453653 0.776852 0.455933 0.544413 0.201506 0.540443 0.181398 0.570441 0.181131 0.570441 0.181131 0.571773 0.199892 0.544413 0.201506 0.4738 0.199781 0.475819 0.183052 0.540443 0.181398 0.540443 0.181398 0.544413 0.201506 0.4738 0.199781 0.434723 0.200859 0.438532 0.178483 0.475819 0.183052 0.475819 0.183052 0.4738 0.199781 0.434723 0.200859 0.404151 0.198248 0.402616 0.180398 0.438532 0.178483 0.438532 0.178483 0.434723 0.200859 0.404151 0.198248 0.363919 0.199662 0.36886 0.181691 0.402616 0.180398 0.402616 0.180398 0.404151 0.198248 0.363919 0.199662 0.540443 0.181398 0.531024 0.1581619 0.568128 0.157909 0.568128 0.157909 0.570441 0.181131 0.540443 0.181398 0.475819 0.183052 0.476643 0.156852 0.531024 0.1581619 0.531024 0.1581619 0.540443 0.181398 0.475819 0.183052 0.438532 0.178483 0.435141 0.158263 0.476643 0.156852 0.476643 0.156852 0.475819 0.183052 0.438532 0.178483 0.402616 0.180398 0.403982 0.1595889 0.435141 0.158263 0.435141 0.158263 0.438532 0.178483 0.402616 0.180398 0.36886 0.181691 0.368933 0.161806 0.403982 0.1595889 0.403982 0.1595889 0.402616 0.180398 0.36886 0.181691 0.531024 0.1581619 0.528415 0.134786 0.566846 0.135275 0.566846 0.135275 0.568128 0.157909 0.531024 0.1581619 0.476643 0.156852 0.476376 0.134236 0.528415 0.134786 0.528415 0.134786 0.531024 0.1581619 0.476643 0.156852 0.435141 0.158263 0.434949 0.134984 0.476376 0.134236 0.476376 0.134236 0.476643 0.156852 0.435141 0.158263 0.403982 0.1595889 0.404397 0.135847 0.434949 0.134984 0.434949 0.134984 0.435141 0.158263 0.403982 0.1595889 0.368933 0.161806 0.369034 0.137292 0.404397 0.135847 0.404397 0.135847 0.403982 0.1595889 0.368933 0.161806 0.528415 0.134786 0.527883 0.105351 0.568142 0.105354 0.568142 0.105354 0.566846 0.135275 0.528415 0.134786 0.476376 0.134236 0.480932 0.105807 0.527883 0.105351 0.527883 0.105351 0.528415 0.134786 0.476376 0.134236 0.434949 0.134984 0.440236 0.105818 0.480932 0.105807 0.480932 0.105807 0.476376 0.134236 0.434949 0.134984 0.404397 0.135847 0.410133 0.106677 0.440236 0.105818 0.440236 0.105818 0.434949 0.134984 0.404397 0.135847 0.369034 0.137292 0.373887 0.108272 0.410133 0.106677 0.410133 0.106677 0.404397 0.135847 0.369034 0.137292 0.546643 0.391225 0.548733 0.360845 0.573511 0.354575 0.573511 0.354575 0.574064 0.391099 0.546643 0.391225 0.768386 0.421005 0.779909 0.421881 0.781546 0.394021 0.781546 0.394021 0.765087 0.393833 0.768386 0.421005 0.770596 0.440028 0.790449 0.440456 0.779909 0.421881 0.779909 0.421881 0.768386 0.421005 0.770596 0.440028 0.787675 0.449419 0.772165 0.449347 0.771691 0.453653 0.771691 0.453653 0.788369 0.452398 0.787675 0.449419 0.772165 0.449347 0.787675 0.449419 0.790449 0.440456 0.790449 0.440456 0.770596 0.440028 0.772165 0.449347 0.6222 0.425274 0.645761 0.426971 0.645533 0.39985 0.645533 0.39985 0.621823 0.40004 0.6222 0.425274 0.804709 0.395979 0.795055 0.422051 0.823313 0.423959 0.823313 0.423959 0.823438 0.39888 0.804709 0.395979 0.621544 0.440235 0.646627 0.443914 0.645761 0.426971 0.645761 0.426971 0.6222 0.425274 0.621544 0.440235 0.823313 0.423959 0.795055 0.422051 0.790449 0.440456 0.790449 0.440456 0.822656 0.43892 0.823313 0.423959 0.621042 0.45243 0.620467 0.457516 0.65101 0.459263 0.65101 0.459263 0.650506 0.455445 0.621042 0.45243 0.821579 0.45662 0.821759 0.452127 0.787675 0.449419 0.787675 0.449419 0.788369 0.452398 0.821579 0.45662 0.621042 0.45243 0.650506 0.455445 0.646627 0.443914 0.646627 0.443914 0.621544 0.440235 0.621042 0.45243 0.787675 0.449419 0.821759 0.452127 0.822656 0.43892 0.822656 0.43892 0.790449 0.440456 0.787675 0.449419 0.650506 0.455445 0.65101 0.459263 0.682561 0.458896 0.682561 0.458896 0.674816 0.453856 0.650506 0.455445 0.650506 0.455445 0.674816 0.453856 0.66615 0.442833 0.66615 0.442833 0.646627 0.443914 0.650506 0.455445 0.712287 0.46294 0.713943 0.452682 0.684424 0.453927 0.684424 0.453927 0.682561 0.458896 0.712287 0.46294 0.713124 0.446367 0.686931 0.44704 0.684424 0.453927 0.684424 0.453927 0.713943 0.452682 0.713124 0.446367 0.713344 0.422805 0.689678 0.42583 0.686931 0.44704 0.686931 0.44704 0.713124 0.446367 0.713344 0.422805 0.714896 0.395283 0.691652 0.400082 0.689678 0.42583 0.689678 0.42583 0.713344 0.422805 0.714896 0.395283 0.715124 0.369231 0.69089 0.376025 0.691652 0.400082 0.691652 0.400082 0.714896 0.395283 0.715124 0.369231 0.715124 0.369231 0.71538 0.34688 0.688334 0.354691 0.688334 0.354691 0.69089 0.376025 0.715124 0.369231 0.532609 0.429009 0.526546 0.41469 0.546643 0.391225 0.546643 0.391225 0.571809 0.428684 0.532609 0.429009 0.542644 0.453194 0.532609 0.429009 0.571809 0.428684 0.571809 0.428684 0.567606 0.454544 0.542644 0.453194 0.435144 0.430443 0.407682 0.422207 0.406535 0.393166 0.406535 0.393166 0.444469 0.405708 0.435144 0.430443 0.37365 0.241814 0.401401 0.287355 0.370193 0.284922 0.37531 0.221104 0.415224 0.250175 0.37365 0.241814 0.37531 0.221104 0.418429 0.223803 0.415224 0.250175 0.404236 0.337246 0.369053 0.332358 0.370193 0.284922 0.370193 0.284922 0.401401 0.287355 0.404236 0.337246 0.406343 0.363007 0.370624 0.358545 0.369053 0.332358 0.369053 0.332358 0.404236 0.337246 0.406343 0.363007 0.406535 0.393166 0.370713 0.381598 0.370624 0.358545 0.370624 0.358545 0.406343 0.363007 0.406535 0.393166 0.407682 0.422207 0.370829 0.414023 0.370713 0.381598 0.370713 0.381598 0.406535 0.393166 0.407682 0.422207 0.753215 0.452314 0.754437 0.456054 0.771691 0.453653 0.771691 0.453653 0.772165 0.449347 0.753215 0.452314 0.754437 0.456054 0.753215 0.452314 0.713943 0.452682 0.713943 0.452682 0.712287 0.46294 0.754437 0.456054 0.772165 0.449347 0.770596 0.440028 0.751033 0.442114 0.751033 0.442114 0.753215 0.452314 0.772165 0.449347 0.713943 0.452682 0.753215 0.452314 0.751033 0.442114 0.751033 0.442114 0.713124 0.446367 0.713943 0.452682 0.768386 0.421005 0.745947 0.421435 0.751033 0.442114 0.751033 0.442114 0.770596 0.440028 0.768386 0.421005 0.745947 0.421435 0.713344 0.422805 0.713124 0.446367 0.713124 0.446367 0.751033 0.442114 0.745947 0.421435 0.765087 0.393833 0.742706 0.394096 0.745947 0.421435 0.745947 0.421435 0.768386 0.421005 0.765087 0.393833 0.742706 0.394096 0.714896 0.395283 0.713344 0.422805 0.713344 0.422805 0.745947 0.421435 0.742706 0.394096 0.742706 0.394096 0.765087 0.393833 0.760955 0.363602 0.760955 0.363602 0.740114 0.365613 0.742706 0.394096 0.740114 0.365613 0.715124 0.369231 0.714896 0.395283 0.714896 0.395283 0.742706 0.394096 0.740114 0.365613 0.738772 0.342274 0.71538 0.34688 0.715124 0.369231 0.715124 0.369231 0.740114 0.365613 0.738772 0.342274 0.757675 0.336238 0.738772 0.342274 0.740114 0.365613 0.740114 0.365613 0.760955 0.363602 0.757675 0.336238 0.542644 0.453194 0.513184 0.450324 0.513111 0.429494 0.513111 0.429494 0.532609 0.429009 0.542644 0.453194 0.477394 0.44001 0.435144 0.430443 0.444469 0.405708 0.444469 0.405708 0.477253 0.420129 0.477394 0.44001 0.513184 0.450324 0.477394 0.44001 0.477253 0.420129 0.477253 0.420129 0.513111 0.429494 0.513184 0.450324 0.548733 0.360845 0.547137 0.327906 0.573064 0.321584 0.573064 0.321584 0.573511 0.354575 0.548733 0.360845 0.760955 0.363602 0.768775 0.340746 0.757675 0.336238 0.760955 0.363602 0.773282 0.3636 0.778027 0.343584 0.778027 0.343584 0.768775 0.340746 0.760955 0.363602 0.572696 0.250433 0.573286 0.279987 0.543088 0.284659 0.543088 0.284659 0.543265 0.255346 0.572696 0.250433 0.543265 0.255346 0.545344 0.225816 0.572271 0.229119 0.572271 0.229119 0.572696 0.250433 0.543265 0.255346 0.543088 0.284659 0.573286 0.279987 0.573064 0.321584 0.573064 0.321584 0.547137 0.327906 0.543088 0.284659 0.477713 0.27725 0.476568 0.250086 0.529922 0.263274 0.529922 0.263274 0.514328 0.287627 0.477713 0.27725 0.476568 0.250086 0.543265 0.255346 0.529922 0.263274 0.476568 0.250086 0.545344 0.225816 0.543265 0.255346 0.476568 0.250086 0.473851 0.226 0.545344 0.225816 0.450019 0.27251 0.435209 0.264038 0.441712 0.226417 0.477713 0.27725 0.453477 0.292274 0.450019 0.27251 0.450019 0.27251 0.476568 0.250086 0.477713 0.27725 0.450019 0.27251 0.441712 0.226417 0.473851 0.226 0.473851 0.226 0.476568 0.250086 0.450019 0.27251 0.404236 0.337246 0.401401 0.287355 0.423644 0.309514 0.423644 0.309514 0.425294 0.343244 0.404236 0.337246 0.406343 0.363007 0.441221 0.385389 0.444469 0.405708 0.444469 0.405708 0.406535 0.393166 0.406343 0.363007 0.441221 0.385389 0.406343 0.363007 0.404236 0.337246 0.404236 0.337246 0.425294 0.343244 0.441221 0.385389 0.686668 0.332571 0.688334 0.354691 0.71538 0.34688 0.71538 0.34688 0.71463 0.328982 0.686668 0.332571 0.511567 0.411017 0.513111 0.429494 0.477253 0.420129 0.477253 0.420129 0.475623 0.405739 0.511567 0.411017 0.738772 0.342274 0.736805 0.330133 0.71463 0.328982 0.71463 0.328982 0.71538 0.34688 0.738772 0.342274 0.532309 0.396884 0.526546 0.41469 0.513111 0.429494 0.513111 0.429494 0.511567 0.411017 0.532309 0.396884 0.757675 0.336238 0.736805 0.330133 0.738772 0.342274 0.545344 0.225816 0.544413 0.201506 0.571773 0.199892 0.571773 0.199892 0.572271 0.229119 0.545344 0.225816 0.473851 0.226 0.4738 0.199781 0.544413 0.201506 0.544413 0.201506 0.545344 0.225816 0.473851 0.226 0.441712 0.226417 0.434723 0.200859 0.4738 0.199781 0.4738 0.199781 0.473851 0.226 0.441712 0.226417 0.418429 0.223803 0.404151 0.198248 0.434723 0.200859 0.434723 0.200859 0.441712 0.226417 0.418429 0.223803 0.37531 0.221104 0.363919 0.199662 0.404151 0.198248 0.404151 0.198248 0.418429 0.223803 0.37531 0.221104 0.513231 0.465369 0.513184 0.450324 0.542644 0.453194 0.542644 0.453194 0.563082 0.470563 0.513231 0.465369 0.47721 0.458382 0.477394 0.44001 0.513184 0.450324 0.513184 0.450324 0.513231 0.465369 0.47721 0.458382 0.424815 0.445826 0.435144 0.430443 0.477394 0.44001 0.477394 0.44001 0.47721 0.458382 0.424815 0.445826 0.370977 0.43539 0.370829 0.414023 0.407682 0.422207 0.407682 0.422207 0.424815 0.445826 0.370977 0.43539 0.571809 0.428684 0.546643 0.391225 0.574064 0.391099 0.513111 0.429494 0.526546 0.41469 0.532609 0.429009 0.5348 0.360343 0.535308 0.334527 0.547137 0.327906 0.547137 0.327906 0.548733 0.360845 0.5348 0.360343 0.535308 0.334527 0.529821 0.302731 0.543088 0.284659 0.543088 0.284659 0.547137 0.327906 0.535308 0.334527 0.444469 0.405708 0.441221 0.385389 0.477253 0.420129 0.688334 0.354691 0.686668 0.332571 0.672874 0.341008 0.475623 0.405739 0.477253 0.420129 0.441221 0.385389 0.5348 0.360343 0.548733 0.360845 0.546643 0.391225 0.546643 0.391225 0.532309 0.396884 0.5348 0.360343 0.526546 0.41469 0.532309 0.396884 0.546643 0.391225 0.563082 0.470563 0.542644 0.453194 0.567606 0.454544 0.435144 0.430443 0.424815 0.445826 0.407682 0.422207 0.7989 0.102114 0.793459 0.123565 0.784916 0.1216199 0.784916 0.1216199 0.790809 0.098975 0.7989 0.102114 0.638448 0.109799 0.618309 0.111885 0.618309 0.09536296 0.618309 0.09536296 0.635598 0.09395295 0.638448 0.109799 0.772847 0.09098398 0.780309 0.09487301 0.774613 0.119373 0.774613 0.119373 0.761859 0.1190119 0.772847 0.09098398 0.18715 0.349866 0.188398 0.327305 0.197416 0.321508 0.197416 0.321508 0.195258 0.344406 0.18715 0.349866 0.63318 0.08277499 0.635598 0.09395295 0.618309 0.09536296 0.618309 0.09536296 0.618309 0.08569198 0.63318 0.08277499 0.18715 0.349866 0.195258 0.344406 0.1845149 0.395245 0.671607 0.08553296 0.661048 0.074328 0.666103 0.06995397 0.7989 0.102114 0.790809 0.098975 0.797517 0.07755696 0.797517 0.07755696 0.80506 0.08147299 0.7989 0.102114 0.641561 0.127746 0.618309 0.128095 0.618309 0.111885 0.618309 0.111885 0.638448 0.109799 0.641561 0.127746 0.884616 0.1436139 0.887082 0.163825 0.892492 0.15438 0.875093 0.1522099 0.864099 0.1399829 0.861921 0.163608 0.861921 0.163608 0.875152 0.169079 0.875093 0.1522099 0.856327 0.154476 0.857812 0.171726 0.861921 0.163608 0.613713 0.624845 0.583831 0.631265 0.584811 0.62299 0.590813 0.608135 0.613713 0.624845 0.584811 0.62299 0.555843 0.63493 0.590813 0.608135 0.584811 0.62299 0.583831 0.631265 0.555843 0.63493 0.584811 0.62299 0.590813 0.608135 0.555843 0.63493 0.555843 0.608135 0.590813 0.608135 0.613805 0.608135 0.613713 0.624845 0.888094 0.125262 0.884616 0.1436139 0.892492 0.15438 0.892492 0.15438 0.895946 0.1331059 0.888094 0.125262 0.650952 0.62511 0.65067 0.608135 0.673006 0.608135 0.673006 0.608135 0.668564 0.626218 0.650952 0.62511 0.631883 0.625173 0.632091 0.608135 0.65067 0.608135 0.65067 0.608135 0.650952 0.62511 0.631883 0.625173 0.613713 0.624845 0.613805 0.608135 0.632091 0.608135 0.632091 0.608135 0.631883 0.625173 0.613713 0.624845 0.863675 0.119453 0.856009 0.1325629 0.864099 0.1399829 0.8685 0.224653 0.886122 0.223303 0.875813 0.191494 0.893656 0.03606694 0.884924 0.05110895 0.885163 0.008189976 0.885163 0.008189976 0.893139 0.01834696 0.893656 0.03606694 0.873282 0.006417989 0.885163 0.008189976 0.884924 0.05110895 0.884924 0.05110895 0.873282 0.05694496 0.873282 0.006417989 0.808021 0.016541 0.838639 0.007706999 0.838639 0.04806995 0.838639 0.04806995 0.812634 0.04488694 0.808021 0.016541 0.838639 0.007706999 0.859316 0.01029896 0.859316 0.05596697 0.859316 0.05596697 0.838639 0.04806995 0.838639 0.007706999 0.859316 0.01029896 0.873282 0.006417989 0.873282 0.05694496 0.873282 0.05694496 0.859316 0.05596697 0.859316 0.01029896 0.887006 0.1822929 0.896798 0.212959 0.901526 0.195825 0.901526 0.195825 0.891205 0.171693 0.887006 0.1822929 0.888026 0.111178 0.888094 0.125262 0.895946 0.1331059 0.895946 0.1331059 0.888847 0.09799897 0.888026 0.111178 0.888847 0.09799897 0.895946 0.1331059 0.902316 0.138795 0.902316 0.138795 0.891804 0.09037297 0.888847 0.09799897 0.882093 0.1030189 0.888026 0.111178 0.888847 0.09799897 0.901526 0.195825 0.90154 0.171864 0.892492 0.15438 0.892492 0.15438 0.891205 0.171693 0.901526 0.195825 0.90154 0.171864 0.902316 0.138795 0.895946 0.1331059 0.895946 0.1331059 0.892492 0.15438 0.90154 0.171864 0.746152 0.608135 0.746099 0.631156 0.727638 0.608155 0.886122 0.223303 0.896798 0.212959 0.887006 0.1822929 0.887006 0.1822929 0.875813 0.191494 0.886122 0.223303 0.875152 0.169079 0.875813 0.191494 0.887006 0.1822929 0.887006 0.1822929 0.887082 0.163825 0.875152 0.169079 0.887082 0.163825 0.884616 0.1436139 0.875093 0.1522099 0.875093 0.1522099 0.875152 0.169079 0.887082 0.163825 0.887082 0.163825 0.887006 0.1822929 0.891205 0.171693 0.891205 0.171693 0.892492 0.15438 0.887082 0.163825 0.844949 0.195177 0.852341 0.2130939 0.863129 0.182246 0.863129 0.182246 0.857812 0.171726 0.844949 0.195177 0.861891 0.102108 0.856009 0.1325629 0.863675 0.119453 0.863675 0.119453 0.864224 0.111757 0.861891 0.102108 0.850108 0.141237 0.856009 0.1325629 0.861891 0.102108 0.861891 0.102108 0.856958 0.09889 0.850108 0.141237 0.86932 0.1040199 0.861891 0.102108 0.864224 0.111757 0.888847 0.09799897 0.861891 0.102108 0.86932 0.1040199 0.86932 0.1040199 0.882093 0.1030189 0.888847 0.09799897 0.856958 0.09889 0.861891 0.102108 0.888847 0.09799897 0.888847 0.09799897 0.891804 0.09037297 0.856958 0.09889 0.856327 0.154476 0.843021 0.173281 0.844949 0.195177 0.844949 0.195177 0.857812 0.171726 0.856327 0.154476 0.843021 0.173281 0.856327 0.154476 0.856009 0.1325629 0.856009 0.1325629 0.850108 0.141237 0.843021 0.173281 0.856327 0.154476 0.864099 0.1399829 0.856009 0.1325629 0.668564 0.626218 0.673006 0.608135 0.70023 0.608134 0.863129 0.182246 0.852341 0.2130939 0.8685 0.224653 0.8685 0.224653 0.875813 0.191494 0.863129 0.182246 0.863129 0.182246 0.875813 0.191494 0.875152 0.169079 0.875152 0.169079 0.861921 0.163608 0.863129 0.182246 0.714741 0.640121 0.715788 0.627379 0.727638 0.608155 0.727638 0.608155 0.746099 0.631156 0.714741 0.640121 0.689529 0.632036 0.70023 0.608134 0.715788 0.627379 0.715788 0.627379 0.714741 0.640121 0.689529 0.632036 0.861921 0.163608 0.857812 0.171726 0.863129 0.182246 0.864099 0.1399829 0.856327 0.154476 0.861921 0.163608 0.689529 0.632036 0.668564 0.626218 0.70023 0.608134 0.70023 0.608134 0.716419 0.608163 0.715788 0.627379 0.715788 0.627379 0.716419 0.608163 0.727638 0.608155 0.555843 0.63493 0.583831 0.631265 0.586357 0.659113 0.586357 0.659113 0.555841 0.667209 0.555843 0.63493 0.714741 0.640121 0.746099 0.631156 0.746115 0.667209 0.746115 0.667209 0.714855 0.673511 0.714741 0.640121 0.689529 0.632036 0.714741 0.640121 0.714855 0.673511 0.714855 0.673511 0.687209 0.66586 0.689529 0.632036 0.668564 0.626218 0.689529 0.632036 0.687209 0.66586 0.687209 0.66586 0.665628 0.657073 0.668564 0.626218 0.650952 0.62511 0.668564 0.626218 0.665628 0.657073 0.665628 0.657073 0.651031 0.652233 0.650952 0.62511 0.631883 0.625173 0.650952 0.62511 0.651031 0.652233 0.651031 0.652233 0.631101 0.650334 0.631883 0.625173 0.613713 0.624845 0.631883 0.625173 0.631101 0.650334 0.631101 0.650334 0.616614 0.650282 0.613713 0.624845 0.613713 0.624845 0.607993 0.650298 0.586357 0.659113 0.586357 0.659113 0.583831 0.631265 0.613713 0.624845 0.613713 0.624845 0.616614 0.650282 0.607993 0.650298 0.555841 0.667209 0.586357 0.659113 0.589605 0.712563 0.589605 0.712563 0.555845 0.712483 0.555841 0.667209 0.714855 0.673511 0.746115 0.667209 0.746021 0.712483 0.746021 0.712483 0.718224 0.712517 0.714855 0.673511 0.687209 0.66586 0.714855 0.673511 0.718224 0.712517 0.718224 0.712517 0.684304 0.712456 0.687209 0.66586 0.665628 0.657073 0.687209 0.66586 0.684304 0.712456 0.684304 0.712456 0.665011 0.712435 0.665628 0.657073 0.651031 0.652233 0.665628 0.657073 0.665011 0.712435 0.665011 0.712435 0.651015 0.712573 0.651031 0.652233 0.631101 0.650334 0.651031 0.652233 0.651015 0.712573 0.651015 0.712573 0.628097 0.71264 0.631101 0.650334 0.616614 0.650282 0.631101 0.650334 0.628097 0.71264 0.628097 0.71264 0.615853 0.712587 0.616614 0.650282 0.586357 0.659113 0.607993 0.650298 0.608459 0.712603 0.608459 0.712603 0.589605 0.712563 0.586357 0.659113 0.607993 0.650298 0.616614 0.650282 0.615853 0.712587 0.615853 0.712587 0.608459 0.712603 0.607993 0.650298 0.941301 0.146473 0.937921 0.162304 0.943504 0.173213 0.969884 0.172815 0.966719 0.145048 0.954592 0.164975 0.954592 0.164975 0.956044 0.178722 0.969884 0.172815 0.975426 0.161903 0.969884 0.172815 0.974717 0.181385 0.723945 0.02156198 0.724069 0.01525396 0.755145 0.02390897 0.755145 0.02390897 0.746425 0.02417397 0.723945 0.02156198 0.637619 0.025294 0.637487 0.01790899 0.678077 0.01597297 0.678077 0.01597297 0.678832 0.02145797 0.637619 0.025294 0.318783 0.02373296 0.319205 0.01753598 0.343359 0.02805399 0.343359 0.02805399 0.319125 0.02900898 0.318783 0.02373296 0.343359 0.02805399 0.318654 0.04031896 0.319125 0.02900898 0.754681 0.04103797 0.746425 0.02417397 0.755145 0.02390897 0.605279 0.02762597 0.637487 0.01790899 0.637619 0.025294 0.637619 0.025294 0.619079 0.02883297 0.605279 0.02762597 0.724069 0.01525396 0.723945 0.02156198 0.678832 0.02145797 0.678832 0.02145797 0.678077 0.01597297 0.724069 0.01525396 0.299687 0.02685296 0.319205 0.01753598 0.318783 0.02373296 0.318783 0.02373296 0.319125 0.02900898 0.299687 0.02685296 0.299687 0.02685296 0.319125 0.02900898 0.318654 0.04031896 0.603242 0.04801899 0.605279 0.02762597 0.619079 0.02883297 0.196456 0.06310498 0.229629 0.05489897 0.229322 0.06009596 0.252352 0.05740296 0.229322 0.06009596 0.229629 0.05489897 0.229629 0.05489897 0.252259 0.04318195 0.252352 0.05740296 0.318801 0.054075 0.252352 0.05740296 0.252259 0.04318195 0.252259 0.04318195 0.318654 0.04031896 0.318801 0.054075 0.448236 0.06235295 0.41801 0.05927997 0.417735 0.05452895 0.627157 0.781997 0.615261 0.783433 0.616403 0.749885 0.58103 0.832805 0.555845 0.830852 0.555847 0.78674 0.555847 0.78674 0.58557 0.787369 0.58103 0.832805 0.555844 0.748294 0.590942 0.742476 0.58557 0.787369 0.58557 0.787369 0.555847 0.78674 0.555844 0.748294 0.602278 0.830625 0.58103 0.832805 0.58557 0.787369 0.58557 0.787369 0.605723 0.785438 0.602278 0.830625 0.590942 0.742476 0.609759 0.742567 0.605723 0.785438 0.605723 0.785438 0.58557 0.787369 0.590942 0.742476 0.609759 0.742567 0.616403 0.749885 0.615261 0.783433 0.615261 0.783433 0.605723 0.785438 0.609759 0.742567 0.614566 0.827248 0.602278 0.830625 0.605723 0.785438 0.605723 0.785438 0.615261 0.783433 0.614566 0.827248 0.72024 0.784731 0.746129 0.748294 0.746139 0.78674 0.555845 0.712483 0.589605 0.712563 0.590942 0.742476 0.590942 0.742476 0.555844 0.748294 0.555845 0.712483 0.718224 0.712517 0.746021 0.712483 0.746129 0.748294 0.746129 0.748294 0.72024 0.784731 0.718224 0.712517 0.684304 0.712456 0.718224 0.712517 0.72024 0.784731 0.72024 0.784731 0.683608 0.78467 0.684304 0.712456 0.665011 0.712435 0.684304 0.712456 0.683608 0.78467 0.683608 0.78467 0.663862 0.784649 0.665011 0.712435 0.651015 0.712573 0.665011 0.712435 0.663862 0.784649 0.663862 0.784649 0.649547 0.784788 0.651015 0.712573 0.628097 0.71264 0.651015 0.712573 0.649547 0.784788 0.649547 0.784788 0.627157 0.781997 0.628097 0.71264 0.615853 0.712587 0.628097 0.71264 0.627157 0.781997 0.627157 0.781997 0.616403 0.749885 0.615853 0.712587 0.589605 0.712563 0.608459 0.712603 0.609759 0.742567 0.609759 0.742567 0.590942 0.742476 0.589605 0.712563 0.608459 0.712603 0.615853 0.712587 0.616403 0.749885 0.616403 0.749885 0.609759 0.742567 0.608459 0.712603 0.551972 0.985696 0.551908 0.968539 0.578297 0.972183 0.578297 0.972183 0.579259 0.985766 0.551972 0.985696 0.227365 0.03027999 0.193507 0.03612595 0.192521 0.017524 0.192521 0.017524 0.226557 0.017524 0.227365 0.03027999 0.251785 0.01751697 0.251946 0.02894699 0.227365 0.03027999 0.227365 0.03027999 0.226557 0.017524 0.251785 0.01751697 0.153104 0.03650695 0.122381 0.03458595 0.125824 0.01748895 0.125824 0.01748895 0.155921 0.01753199 0.153104 0.03650695 0.193507 0.03612595 0.153104 0.03650695 0.155921 0.01753199 0.155921 0.01753199 0.192521 0.017524 0.193507 0.03612595 0.122381 0.03458595 0.06259298 0.03356999 0.06268197 0.01748895 0.06268197 0.01748895 0.125824 0.01748895 0.122381 0.03458595 0.72598 0.985429 0.723206 0.963954 0.732378 0.964298 0.732378 0.964298 0.738249 0.98577 0.72598 0.985429 0.738249 0.98577 0.73975 0.965428 0.748065 0.968539 0.748065 0.968539 0.748066 0.985696 0.738249 0.98577 0.724069 0.01525396 0.755489 0.01525396 0.755145 0.02390897 0.06259298 0.03356999 0.01522397 0.02701497 0.01493698 0.01615595 0.01493698 0.01615595 0.06268197 0.01748895 0.06259298 0.03356999 0.658201 0.909062 0.657013 0.886328 0.677751 0.882045 0.677751 0.882045 0.669731 0.907702 0.658201 0.909062 0.654749 0.939978 0.658201 0.909062 0.669731 0.907702 0.669731 0.907702 0.671073 0.936785 0.654749 0.939978 0.670589 0.864635 0.677751 0.882045 0.657013 0.886328 0.657013 0.886328 0.646367 0.870187 0.670589 0.864635 0.657898 0.970541 0.654749 0.939978 0.671073 0.936785 0.727984 0.912424 0.72808 0.89966 0.736228 0.900999 0.736228 0.900999 0.736078 0.910204 0.727984 0.912424 0.735416 0.891391 0.736228 0.900999 0.72808 0.89966 0.72808 0.89966 0.72769 0.890548 0.735416 0.891391 0.727772 0.921452 0.727984 0.912424 0.736078 0.910204 0.736078 0.910204 0.735424 0.920416 0.727772 0.921452 0.732378 0.964298 0.73975 0.965428 0.738249 0.98577 0.734695 0.935059 0.73975 0.965428 0.732378 0.964298 0.732378 0.964298 0.727493 0.934322 0.734695 0.935059 0.735424 0.920416 0.734695 0.935059 0.727493 0.934322 0.727493 0.934322 0.727772 0.921452 0.735424 0.920416 0.735938 0.883239 0.735416 0.891391 0.72769 0.890548 0.72769 0.890548 0.729169 0.882294 0.735938 0.883239 0.735938 0.883239 0.729169 0.882294 0.746109 0.866235 0.706535 0.900783 0.706127 0.913173 0.679063 0.906626 0.748047 0.904901 0.736078 0.910204 0.736228 0.900999 0.706535 0.900783 0.718503 0.899862 0.718682 0.912845 0.718682 0.912845 0.706127 0.913173 0.706535 0.900783 0.718503 0.899862 0.72808 0.89966 0.727984 0.912424 0.727984 0.912424 0.718682 0.912845 0.718503 0.899862 0.669731 0.907702 0.679063 0.906626 0.679957 0.915472 0.551904 0.918299 0.551904 0.904901 0.574146 0.907796 0.551904 0.904901 0.551902 0.894675 0.574146 0.907796 0.679063 0.906626 0.706127 0.913173 0.707512 0.919677 0.707512 0.919677 0.679957 0.915472 0.679063 0.906626 0.706535 0.900783 0.679063 0.906626 0.678226 0.898475 0.678226 0.898475 0.709013 0.891571 0.706535 0.900783 0.718503 0.899862 0.706535 0.900783 0.709013 0.891571 0.709013 0.891571 0.718041 0.89024 0.718503 0.899862 0.706127 0.913173 0.718682 0.912845 0.719036 0.921985 0.719036 0.921985 0.707512 0.919677 0.706127 0.913173 0.718682 0.912845 0.727984 0.912424 0.727772 0.921452 0.727772 0.921452 0.719036 0.921985 0.718682 0.912845 0.72808 0.89966 0.718503 0.899862 0.718041 0.89024 0.718041 0.89024 0.72769 0.890548 0.72808 0.89966 0.748047 0.904901 0.736228 0.900999 0.735416 0.891391 0.735416 0.891391 0.748039 0.892803 0.748047 0.904901 0.736078 0.910204 0.748047 0.904901 0.748047 0.918299 0.748047 0.918299 0.735424 0.920416 0.736078 0.910204 0.677751 0.882045 0.678226 0.898475 0.669731 0.907702 0.669731 0.907702 0.678226 0.898475 0.679063 0.906626 0.74613 0.830852 0.721333 0.824173 0.72024 0.784731 0.72024 0.784731 0.746139 0.78674 0.74613 0.830852 0.721333 0.824173 0.693403 0.824214 0.683608 0.78467 0.683608 0.78467 0.72024 0.784731 0.721333 0.824173 0.693403 0.824214 0.667248 0.825707 0.663862 0.784649 0.663862 0.784649 0.683608 0.78467 0.693403 0.824214 0.667248 0.825707 0.649228 0.827533 0.649547 0.784788 0.649547 0.784788 0.663862 0.784649 0.667248 0.825707 0.649228 0.827533 0.625843 0.82836 0.627157 0.781997 0.627157 0.781997 0.649547 0.784788 0.649228 0.827533 0.627157 0.781997 0.625843 0.82836 0.614566 0.827248 0.614566 0.827248 0.615261 0.783433 0.627157 0.781997 0.575872 0.872909 0.55584 0.865333 0.555845 0.830852 0.555845 0.830852 0.58103 0.832805 0.575872 0.872909 0.746109 0.866235 0.720647 0.862109 0.721333 0.824173 0.721333 0.824173 0.74613 0.830852 0.746109 0.866235 0.720647 0.862109 0.704866 0.861393 0.693403 0.824214 0.693403 0.824214 0.721333 0.824173 0.720647 0.862109 0.704866 0.861393 0.670589 0.864635 0.667248 0.825707 0.667248 0.825707 0.693403 0.824214 0.704866 0.861393 0.649228 0.827533 0.667248 0.825707 0.670589 0.864635 0.670589 0.864635 0.646367 0.870187 0.649228 0.827533 0.625843 0.82836 0.649228 0.827533 0.646367 0.870187 0.646367 0.870187 0.627898 0.872087 0.625843 0.82836 0.627898 0.872087 0.613364 0.873912 0.614566 0.827248 0.614566 0.827248 0.625843 0.82836 0.627898 0.872087 0.598001 0.874563 0.575872 0.872909 0.58103 0.832805 0.58103 0.832805 0.602278 0.830625 0.598001 0.874563 0.613364 0.873912 0.598001 0.874563 0.602278 0.830625 0.602278 0.830625 0.614566 0.827248 0.613364 0.873912 0.229629 0.05489897 0.196456 0.06310498 0.193507 0.03612595 0.193507 0.03612595 0.227365 0.03027999 0.229629 0.05489897 0.252259 0.04318195 0.229629 0.05489897 0.227365 0.03027999 0.227365 0.03027999 0.251946 0.02894699 0.252259 0.04318195 0.153104 0.03650695 0.147595 0.06260097 0.12136 0.05893796 0.12136 0.05893796 0.122381 0.03458595 0.153104 0.03650695 0.196456 0.06310498 0.147595 0.06260097 0.153104 0.03650695 0.153104 0.03650695 0.193507 0.03612595 0.196456 0.06310498 0.122381 0.03458595 0.12136 0.05893796 0.062397 0.05198794 0.062397 0.05198794 0.06259298 0.03356999 0.122381 0.03458595 0.252352 0.05740296 0.318801 0.054075 0.317218 0.074036 0.317218 0.074036 0.252827 0.07502698 0.252352 0.05740296 0.06259298 0.03356999 0.062397 0.05198794 0.01475995 0.04666399 0.01475995 0.04666399 0.01522397 0.02701497 0.06259298 0.03356999 0.55584 0.865333 0.575872 0.872909 0.573258 0.88599 0.573258 0.88599 0.5519 0.886268 0.55584 0.865333 0.5519 0.886268 0.573258 0.88599 0.574146 0.907796 0.574146 0.907796 0.551902 0.894675 0.5519 0.886268 0.551904 0.918299 0.574146 0.907796 0.575698 0.939113 0.575698 0.939113 0.551907 0.937175 0.551904 0.918299 0.551907 0.937175 0.575698 0.939113 0.578297 0.972183 0.578297 0.972183 0.551908 0.968539 0.551907 0.937175 0.678226 0.898475 0.677751 0.882045 0.707474 0.878871 0.707474 0.878871 0.709013 0.891571 0.678226 0.898475 0.709013 0.891571 0.707474 0.878871 0.719113 0.88021 0.719113 0.88021 0.718041 0.89024 0.709013 0.891571 0.684001 0.933965 0.679957 0.915472 0.707512 0.919677 0.707512 0.919677 0.711218 0.932657 0.684001 0.933965 0.711218 0.932657 0.707512 0.919677 0.719036 0.921985 0.719036 0.921985 0.719919 0.933995 0.711218 0.932657 0.685438 0.962943 0.684001 0.933965 0.711218 0.932657 0.711218 0.932657 0.712555 0.960743 0.685438 0.962943 0.712555 0.960743 0.711218 0.932657 0.719919 0.933995 0.719919 0.933995 0.723206 0.963954 0.712555 0.960743 0.713991 0.983894 0.686141 0.983894 0.685438 0.962943 0.685438 0.962943 0.712555 0.960743 0.713991 0.983894 0.723206 0.963954 0.72598 0.985429 0.713991 0.983894 0.713991 0.983894 0.712555 0.960743 0.723206 0.963954 0.228872 0.07903599 0.196967 0.08348995 0.196456 0.06310498 0.196456 0.06310498 0.229322 0.06009596 0.228872 0.07903599 0.252827 0.07502698 0.228872 0.07903599 0.229322 0.06009596 0.229322 0.06009596 0.252352 0.05740296 0.252827 0.07502698 0.630866 0.910287 0.62927 0.887886 0.657013 0.886328 0.657013 0.886328 0.658201 0.909062 0.630866 0.910287 0.630501 0.941485 0.630866 0.910287 0.658201 0.909062 0.658201 0.909062 0.654749 0.939978 0.630501 0.941485 0.671073 0.936785 0.669731 0.907702 0.679957 0.915472 0.679957 0.915472 0.684001 0.933965 0.671073 0.936785 0.654749 0.939978 0.657898 0.970541 0.625933 0.975552 0.625933 0.975552 0.630501 0.941485 0.654749 0.939978 0.684001 0.933965 0.685438 0.962943 0.657898 0.970541 0.657898 0.970541 0.671073 0.936785 0.684001 0.933965 0.654534 0.985766 0.624932 0.985766 0.625933 0.975552 0.625933 0.975552 0.657898 0.970541 0.654534 0.985766 0.686141 0.983894 0.654534 0.985766 0.657898 0.970541 0.657898 0.970541 0.685438 0.962943 0.686141 0.983894 0.147595 0.06260097 0.1525959 0.08362597 0.118453 0.07937097 0.118453 0.07937097 0.12136 0.05893796 0.147595 0.06260097 0.196967 0.08348995 0.1525959 0.08362597 0.147595 0.06260097 0.147595 0.06260097 0.196456 0.06310498 0.196967 0.08348995 0.611829 0.909298 0.611217 0.886897 0.62927 0.887886 0.62927 0.887886 0.630866 0.910287 0.611829 0.909298 0.612537 0.940496 0.611829 0.909298 0.630866 0.910287 0.630866 0.910287 0.630501 0.941485 0.612537 0.940496 0.609188 0.976674 0.612537 0.940496 0.630501 0.941485 0.630501 0.941485 0.625933 0.975552 0.609188 0.976674 0.624932 0.985766 0.609381 0.985766 0.609188 0.976674 0.609188 0.976674 0.625933 0.975552 0.624932 0.985766 0.12136 0.05893796 0.118453 0.07937097 0.06207096 0.07343697 0.06207096 0.07343697 0.062397 0.05198794 0.12136 0.05893796 0.252259 0.04318195 0.251946 0.02894699 0.299687 0.02685296 0.299687 0.02685296 0.318654 0.04031896 0.252259 0.04318195 0.251946 0.02894699 0.251785 0.01751697 0.290005 0.017524 0.290005 0.017524 0.299687 0.02685296 0.251946 0.02894699 0.319205 0.01753598 0.299687 0.02685296 0.290005 0.017524 0.727493 0.934322 0.732378 0.964298 0.723206 0.963954 0.723206 0.963954 0.719919 0.933995 0.727493 0.934322 0.748061 0.937175 0.748065 0.968539 0.73975 0.965428 0.73975 0.965428 0.734695 0.935059 0.748061 0.937175 0.727772 0.921452 0.727493 0.934322 0.719919 0.933995 0.719919 0.933995 0.719036 0.921985 0.727772 0.921452 0.748047 0.918299 0.748061 0.937175 0.734695 0.935059 0.734695 0.935059 0.735424 0.920416 0.748047 0.918299 0.729169 0.882294 0.72769 0.890548 0.718041 0.89024 0.718041 0.89024 0.719113 0.88021 0.729169 0.882294 0.74803 0.884396 0.748039 0.892803 0.735416 0.891391 0.735416 0.891391 0.735938 0.883239 0.74803 0.884396 0.746109 0.866235 0.74803 0.884396 0.735938 0.883239 0.729169 0.882294 0.719113 0.88021 0.720647 0.862109 0.720647 0.862109 0.746109 0.866235 0.729169 0.882294 0.704866 0.861393 0.720647 0.862109 0.719113 0.88021 0.719113 0.88021 0.707474 0.878871 0.704866 0.861393 0.670589 0.864635 0.704866 0.861393 0.707474 0.878871 0.707474 0.878871 0.677751 0.882045 0.670589 0.864635 0.627898 0.872087 0.646367 0.870187 0.657013 0.886328 0.657013 0.886328 0.62927 0.887886 0.627898 0.872087 0.613364 0.873912 0.627898 0.872087 0.62927 0.887886 0.62927 0.887886 0.611217 0.886897 0.613364 0.873912 0.573258 0.88599 0.575872 0.872909 0.598001 0.874563 0.598001 0.874563 0.596802 0.885325 0.573258 0.88599 0.596802 0.885325 0.598001 0.874563 0.613364 0.873912 0.613364 0.873912 0.611217 0.886897 0.596802 0.885325 0.596802 0.885325 0.594847 0.907726 0.574146 0.907796 0.574146 0.907796 0.573258 0.88599 0.596802 0.885325 0.594847 0.907726 0.596802 0.885325 0.611217 0.886897 0.611217 0.886897 0.611829 0.909298 0.594847 0.907726 0.575698 0.939113 0.574146 0.907796 0.594847 0.907726 0.594847 0.907726 0.594911 0.940796 0.575698 0.939113 0.594911 0.940796 0.594847 0.907726 0.611829 0.909298 0.611829 0.909298 0.612537 0.940496 0.594911 0.940796 0.578297 0.972183 0.575698 0.939113 0.594911 0.940796 0.594911 0.940796 0.597196 0.974863 0.578297 0.972183 0.597196 0.974863 0.594911 0.940796 0.612537 0.940496 0.612537 0.940496 0.609188 0.976674 0.597196 0.974863 0.597196 0.974863 0.597636 0.985766 0.579259 0.985766 0.579259 0.985766 0.578297 0.972183 0.597196 0.974863 0.609381 0.985766 0.597636 0.985766 0.597196 0.974863 0.597196 0.974863 0.609188 0.976674 0.609381 0.985766 0.062397 0.05198794 0.06207096 0.07343697 0.01475095 0.07334697 0.01475095 0.07334697 0.01475995 0.04666399 0.062397 0.05198794 0.954431 0.626739 0.982053 0.623521 0.982162 0.633523 0.981662 0.609393 0.982053 0.623521 0.954431 0.626739 0.819026 0.633407 0.779086 0.624422 0.779084 0.609065 0.779087 0.639254 0.779086 0.624422 0.819026 0.633407 0.779084 0.609065 0.802964 0.608133 0.819026 0.633407 0.981662 0.609393 0.954431 0.626739 0.954329 0.608133 0.937921 0.162304 0.941301 0.146473 0.939785 0.134603 0.939785 0.134603 0.93406 0.136156 0.937921 0.162304 0.890745 0.608133 0.912653 0.608133 0.913704 0.62702 0.913704 0.62702 0.894282 0.628191 0.890745 0.608133 0.912653 0.608133 0.934162 0.608133 0.934392 0.627086 0.934392 0.627086 0.913704 0.62702 0.912653 0.608133 0.934162 0.608133 0.954329 0.608133 0.954431 0.626739 0.954431 0.626739 0.934392 0.627086 0.934162 0.608133 0.965531 0.132686 0.966719 0.145048 0.9752 0.136159 0.939604 0.792767 0.951464 0.758842 0.952722 0.794284 0.806894 0.797778 0.809504 0.844381 0.779116 0.846444 0.779116 0.846444 0.779091 0.798442 0.806894 0.797778 0.779091 0.798442 0.779062 0.751014 0.809994 0.75716 0.809994 0.75716 0.806894 0.797778 0.779091 0.798442 0.982029 0.798442 0.982376 0.846444 0.967041 0.844141 0.967041 0.844141 0.963242 0.796402 0.982029 0.798442 0.963242 0.796402 0.958791 0.75111 0.981618 0.751014 0.981618 0.751014 0.982029 0.798442 0.963242 0.796402 0.952722 0.794284 0.951464 0.758842 0.958791 0.75111 0.958791 0.75111 0.963242 0.796402 0.952722 0.794284 0.963242 0.796402 0.967041 0.844141 0.953489 0.840574 0.953489 0.840574 0.952722 0.794284 0.963242 0.796402 0.836838 0.795655 0.806894 0.797778 0.809994 0.75716 0.963006 0.232758 0.956134 0.202781 0.945193 0.231277 0.987437 0.05487495 0.98719 0.01203495 0.996202 0.027049 0.996202 0.027049 0.995668 0.04473596 0.987437 0.05487495 0.98719 0.01203495 0.987437 0.05487495 0.975176 0.05664396 0.975176 0.05664396 0.975176 0.006209969 0.98719 0.01203495 0.939422 0.01506894 0.939422 0.05535697 0.907821 0.04653894 0.907821 0.04653894 0.912582 0.01824498 0.939422 0.01506894 0.960761 0.007185995 0.960761 0.05276995 0.939422 0.05535697 0.939422 0.05535697 0.939422 0.01506894 0.960761 0.007185995 0.975176 0.006209969 0.975176 0.05664396 0.960761 0.05276995 0.960761 0.05276995 0.960761 0.007185995 0.975176 0.006209969 0.930506 0.202024 0.934619 0.2200739 0.944038 0.193243 0.944038 0.193243 0.939365 0.181644 0.930506 0.202024 0.93406 0.136156 0.939785 0.134603 0.941469 0.113548 0.941469 0.113548 0.941951 0.100541 0.93406 0.136156 0.927281 0.143635 0.93406 0.136156 0.941951 0.100541 0.941951 0.100541 0.940255 0.09167999 0.927281 0.143635 0.941951 0.100541 0.941469 0.113548 0.947911 0.104656 0.937921 0.162304 0.93144 0.179421 0.930506 0.202024 0.930506 0.202024 0.939365 0.181644 0.937921 0.162304 0.93406 0.136156 0.927281 0.143635 0.93144 0.179421 0.93144 0.179421 0.937921 0.162304 0.93406 0.136156 0.802964 0.608133 0.82868 0.612726 0.819026 0.633407 0.944038 0.193243 0.934619 0.2200739 0.945193 0.231277 0.945193 0.231277 0.956134 0.202781 0.944038 0.193243 0.944038 0.193243 0.956134 0.202781 0.956044 0.178722 0.956044 0.178722 0.943504 0.173213 0.944038 0.193243 0.954592 0.164975 0.941301 0.146473 0.943504 0.173213 0.943504 0.173213 0.956044 0.178722 0.954592 0.164975 0.943504 0.173213 0.939365 0.181644 0.944038 0.193243 0.939365 0.181644 0.943504 0.173213 0.937921 0.162304 0.969371 0.193062 0.978911 0.219788 0.985436 0.202766 0.985436 0.202766 0.974717 0.181385 0.969371 0.193062 0.965531 0.132686 0.9752 0.136159 0.967812 0.101014 0.967812 0.101014 0.966458 0.112988 0.965531 0.132686 0.967812 0.101014 0.9752 0.136159 0.982582 0.14487 0.982582 0.14487 0.975054 0.09971898 0.967812 0.101014 0.967812 0.101014 0.95936 0.104665 0.966458 0.112988 0.95936 0.104665 0.967812 0.101014 0.941951 0.100541 0.941951 0.100541 0.947911 0.104656 0.95936 0.104665 0.941951 0.100541 0.967812 0.101014 0.975054 0.09971898 0.975054 0.09971898 0.940255 0.09167999 0.941951 0.100541 0.985436 0.202766 0.986336 0.178138 0.975426 0.161903 0.975426 0.161903 0.974717 0.181385 0.985436 0.202766 0.9752 0.136159 0.975426 0.161903 0.986336 0.178138 0.986336 0.178138 0.982582 0.14487 0.9752 0.136159 0.975426 0.161903 0.9752 0.136159 0.966719 0.145048 0.894282 0.628191 0.859549 0.607194 0.890745 0.608133 0.963006 0.232758 0.978911 0.219788 0.969371 0.193062 0.969371 0.193062 0.956134 0.202781 0.963006 0.232758 0.956044 0.178722 0.956134 0.202781 0.969371 0.193062 0.969371 0.193062 0.969884 0.172815 0.956044 0.178722 0.82868 0.612726 0.841748 0.629416 0.842902 0.642878 0.842902 0.642878 0.819026 0.633407 0.82868 0.612726 0.841748 0.629416 0.859549 0.607194 0.869118 0.634337 0.869118 0.634337 0.842902 0.642878 0.841748 0.629416 0.969884 0.172815 0.969371 0.193062 0.974717 0.181385 0.966719 0.145048 0.969884 0.172815 0.975426 0.161903 0.869118 0.634337 0.859549 0.607194 0.894282 0.628191 0.859549 0.607194 0.841748 0.629416 0.841362 0.609656 0.841748 0.629416 0.82868 0.612726 0.841362 0.609656 0.779087 0.662943 0.779087 0.639254 0.819026 0.633407 0.819026 0.633407 0.81418 0.671496 0.779087 0.662943 0.81418 0.671496 0.819026 0.633407 0.842902 0.642878 0.842902 0.642878 0.842777 0.678154 0.81418 0.671496 0.842777 0.678154 0.842902 0.642878 0.869118 0.634337 0.869118 0.634337 0.872358 0.670071 0.842777 0.678154 0.872358 0.670071 0.869118 0.634337 0.894282 0.628191 0.894282 0.628191 0.897519 0.660788 0.872358 0.670071 0.897519 0.660788 0.894282 0.628191 0.913704 0.62702 0.913704 0.62702 0.913617 0.655675 0.897519 0.660788 0.913617 0.655675 0.913704 0.62702 0.934392 0.627086 0.934392 0.627086 0.935255 0.653669 0.913617 0.655675 0.935255 0.653669 0.934392 0.627086 0.954431 0.626739 0.954431 0.626739 0.955985 0.653622 0.935255 0.653669 0.982003 0.656646 0.955985 0.653622 0.954431 0.626739 0.954431 0.626739 0.982162 0.633523 0.982003 0.656646 0.779069 0.719412 0.779087 0.662943 0.81418 0.671496 0.81418 0.671496 0.809227 0.719327 0.779069 0.719412 0.809227 0.719327 0.81418 0.671496 0.842777 0.678154 0.842777 0.678154 0.839061 0.719363 0.809227 0.719327 0.839061 0.719363 0.842777 0.678154 0.872358 0.670071 0.872358 0.670071 0.875562 0.719299 0.839061 0.719363 0.875562 0.719299 0.872358 0.670071 0.897519 0.660788 0.897519 0.660788 0.897518 0.719276 0.875562 0.719299 0.897518 0.719276 0.897519 0.660788 0.913617 0.655675 0.913617 0.655675 0.913635 0.719423 0.897518 0.719276 0.913635 0.719423 0.913617 0.655675 0.935255 0.653669 0.935255 0.653669 0.938567 0.719492 0.913635 0.719423 0.938567 0.719492 0.935255 0.653669 0.955985 0.653622 0.955985 0.653622 0.95207 0.719437 0.938567 0.719492 0.960225 0.719454 0.955985 0.653622 0.982003 0.656646 0.982003 0.656646 0.98172 0.719412 0.960225 0.719454 0.95207 0.719437 0.955985 0.653622 0.960225 0.719454 0.779062 0.751014 0.779069 0.719412 0.809227 0.719327 0.809227 0.719327 0.809994 0.75716 0.779062 0.751014 0.809994 0.75716 0.809227 0.719327 0.839061 0.719363 0.839061 0.719363 0.836838 0.795655 0.809994 0.75716 0.836838 0.795655 0.839061 0.719363 0.875562 0.719299 0.875562 0.719299 0.876329 0.794804 0.836838 0.795655 0.876329 0.794804 0.875562 0.719299 0.897518 0.719276 0.897518 0.719276 0.898105 0.795568 0.876329 0.794804 0.898105 0.795568 0.897518 0.719276 0.913635 0.719423 0.913635 0.719423 0.913891 0.795715 0.898105 0.795568 0.913891 0.795715 0.913635 0.719423 0.938567 0.719492 0.938567 0.719492 0.939604 0.792767 0.913891 0.795715 0.939604 0.792767 0.938567 0.719492 0.95207 0.719437 0.95207 0.719437 0.951464 0.758842 0.939604 0.792767 0.958791 0.75111 0.960225 0.719454 0.98172 0.719412 0.98172 0.719412 0.981618 0.751014 0.958791 0.75111 0.951464 0.758842 0.95207 0.719437 0.960225 0.719454 0.960225 0.719454 0.958791 0.75111 0.951464 0.758842 0.779092 0.971218 0.800369 0.967425 0.800082 0.987261 0.800082 0.987261 0.779087 0.987243 0.779092 0.971218 0.453637 0.01791 0.450451 0.03535997 0.420069 0.02982497 0.420069 0.02982497 0.420903 0.01790797 0.453637 0.01791 0.420069 0.02982497 0.385325 0.02856898 0.387059 0.01791197 0.387059 0.01791197 0.420903 0.01790797 0.420069 0.02982497 0.520089 0.01791 0.523504 0.04030197 0.488821 0.04036599 0.488821 0.04036599 0.487971 0.01791 0.520089 0.01791 0.487971 0.01791 0.488821 0.04036599 0.450451 0.03535997 0.450451 0.03535997 0.453637 0.01791 0.487971 0.01791 0.566658 0.01791 0.566731 0.03509098 0.523504 0.04030197 0.523504 0.04030197 0.520089 0.01791 0.566658 0.01791 0.824576 0.962408 0.834432 0.962009 0.830786 0.987306 0.830786 0.987306 0.817593 0.987261 0.824576 0.962408 0.800369 0.967425 0.816653 0.963716 0.817593 0.987261 0.817593 0.987261 0.800082 0.987261 0.800369 0.967425 0.601213 0.01791 0.637487 0.01790899 0.605279 0.02762597 0.601213 0.01791 0.605279 0.02762597 0.566731 0.03509098 0.566731 0.03509098 0.566658 0.01791 0.601213 0.01791 0.889808 0.874504 0.909436 0.876182 0.904745 0.903313 0.904745 0.903313 0.892354 0.900552 0.889808 0.874504 0.892354 0.900552 0.904745 0.903313 0.908454 0.938285 0.908454 0.938285 0.890167 0.937127 0.892354 0.900552 0.909436 0.876182 0.889808 0.874504 0.891759 0.863314 0.891759 0.863314 0.918549 0.865279 0.909436 0.876182 0.905753 0.970986 0.890167 0.937127 0.908454 0.938285 0.820439 0.893164 0.829194 0.891614 0.829298 0.90639 0.829298 0.90639 0.8206 0.90382 0.820439 0.893164 0.829194 0.891614 0.820439 0.893164 0.82131 0.882043 0.82131 0.882043 0.829613 0.881067 0.829194 0.891614 0.8206 0.90382 0.829298 0.90639 0.829525 0.91684 0.829525 0.91684 0.821302 0.915641 0.8206 0.90382 0.824576 0.962408 0.817593 0.987261 0.816653 0.963716 0.824576 0.962408 0.816653 0.963716 0.822085 0.932592 0.822085 0.932592 0.829825 0.931738 0.824576 0.962408 0.829825 0.931738 0.822085 0.932592 0.821302 0.915641 0.821302 0.915641 0.829525 0.91684 0.829825 0.931738 0.829613 0.881067 0.82131 0.882043 0.82075 0.872606 0.82075 0.872606 0.828024 0.871512 0.829613 0.881067 0.82075 0.872606 0.815341 0.863168 0.828024 0.871512 0.852347 0.892915 0.881869 0.899678 0.852785 0.907256 0.805769 0.897681 0.820439 0.893164 0.8206 0.90382 0.839293 0.906877 0.839486 0.891849 0.852347 0.892915 0.852347 0.892915 0.852785 0.907256 0.839293 0.906877 0.829298 0.90639 0.829194 0.891614 0.839486 0.891849 0.839486 0.891849 0.839293 0.906877 0.829298 0.90639 0.892354 0.900552 0.880908 0.909918 0.881869 0.899678 0.805866 0.913191 0.779114 0.901032 0.805769 0.897681 0.805769 0.897681 0.779114 0.901032 0.808066 0.883677 0.851297 0.914786 0.852785 0.907256 0.881869 0.899678 0.881869 0.899678 0.880908 0.909918 0.851297 0.914786 0.882768 0.890243 0.881869 0.899678 0.852347 0.892915 0.852347 0.892915 0.849683 0.882251 0.882768 0.890243 0.849683 0.882251 0.852347 0.892915 0.839486 0.891849 0.839486 0.891849 0.839982 0.880711 0.849683 0.882251 0.838913 0.917457 0.839293 0.906877 0.852785 0.907256 0.852785 0.907256 0.851297 0.914786 0.838913 0.917457 0.829525 0.91684 0.829298 0.90639 0.839293 0.906877 0.839293 0.906877 0.838913 0.917457 0.829525 0.91684 0.839982 0.880711 0.839486 0.891849 0.829194 0.891614 0.829194 0.891614 0.829613 0.881067 0.839982 0.880711 0.82131 0.882043 0.820439 0.893164 0.805769 0.897681 0.805769 0.897681 0.808066 0.883677 0.82131 0.882043 0.805866 0.913191 0.805769 0.897681 0.8206 0.90382 0.8206 0.90382 0.821302 0.915641 0.805866 0.913191 0.889808 0.874504 0.892354 0.900552 0.882768 0.890243 0.892354 0.900552 0.881869 0.899678 0.882768 0.890243 0.836838 0.795655 0.835633 0.837325 0.809504 0.844381 0.809504 0.844381 0.806894 0.797778 0.836838 0.795655 0.876329 0.794804 0.864908 0.833433 0.835633 0.837325 0.835633 0.837325 0.836838 0.795655 0.876329 0.794804 0.898105 0.795568 0.895733 0.838946 0.864908 0.833433 0.864908 0.833433 0.876329 0.794804 0.898105 0.795568 0.913891 0.795715 0.916286 0.840875 0.895733 0.838946 0.895733 0.838946 0.898105 0.795568 0.913891 0.795715 0.939604 0.792767 0.941054 0.841748 0.916286 0.840875 0.916286 0.840875 0.913891 0.795715 0.939604 0.792767 0.953489 0.840574 0.941054 0.841748 0.939604 0.792767 0.939604 0.792767 0.952722 0.794284 0.953489 0.840574 0.809504 0.844381 0.815341 0.863168 0.779121 0.866732 0.779121 0.866732 0.779116 0.846444 0.809504 0.844381 0.835633 0.837325 0.835935 0.861965 0.815341 0.863168 0.815341 0.863168 0.809504 0.844381 0.835633 0.837325 0.864908 0.833433 0.855876 0.862582 0.835935 0.861965 0.835935 0.861965 0.835633 0.837325 0.864908 0.833433 0.895733 0.838946 0.891759 0.863314 0.855876 0.862582 0.855876 0.862582 0.864908 0.833433 0.895733 0.838946 0.891759 0.863314 0.895733 0.838946 0.916286 0.840875 0.916286 0.840875 0.918549 0.865279 0.891759 0.863314 0.918549 0.865279 0.916286 0.840875 0.941054 0.841748 0.941054 0.841748 0.93864 0.866293 0.918549 0.865279 0.953489 0.840574 0.954715 0.867268 0.93864 0.866293 0.93864 0.866293 0.941054 0.841748 0.953489 0.840574 0.982376 0.846444 0.982772 0.865545 0.971709 0.867615 0.971709 0.867615 0.967041 0.844141 0.982376 0.846444 0.967041 0.844141 0.971709 0.867615 0.954715 0.867268 0.954715 0.867268 0.953489 0.840574 0.967041 0.844141 0.450451 0.03535997 0.448236 0.06235295 0.417735 0.05452895 0.417735 0.05452895 0.420069 0.02982497 0.450451 0.03535997 0.420069 0.02982497 0.417735 0.05452895 0.382433 0.04268997 0.382433 0.04268997 0.385325 0.02856898 0.420069 0.02982497 0.524591 0.06054598 0.489362 0.06488698 0.488821 0.04036599 0.488821 0.04036599 0.523504 0.04030197 0.524591 0.06054598 0.488821 0.04036599 0.489362 0.06488698 0.448236 0.06235295 0.448236 0.06235295 0.450451 0.03535997 0.488821 0.04036599 0.566988 0.05357199 0.524591 0.06054598 0.523504 0.04030197 0.523504 0.04030197 0.566731 0.03509098 0.566988 0.05357199 0.382433 0.04268997 0.379607 0.05669695 0.318801 0.054075 0.318801 0.054075 0.318654 0.04031896 0.382433 0.04268997 0.317218 0.074036 0.318801 0.054075 0.379607 0.05669695 0.379607 0.05669695 0.377505 0.07471197 0.317218 0.074036 0.566731 0.03509098 0.605279 0.02762597 0.603242 0.04801899 0.603242 0.04801899 0.566988 0.05357199 0.566731 0.03509098 0.779119 0.875791 0.779121 0.866732 0.815341 0.863168 0.815341 0.863168 0.810921 0.873945 0.779119 0.875791 0.779114 0.901032 0.779119 0.875791 0.810921 0.873945 0.810921 0.873945 0.808066 0.883677 0.779114 0.901032 0.779106 0.937284 0.779114 0.901032 0.805866 0.913191 0.805866 0.913191 0.801774 0.935041 0.779106 0.937284 0.779092 0.971218 0.779106 0.937284 0.801774 0.935041 0.801774 0.935041 0.800369 0.967425 0.779092 0.971218 0.851338 0.871884 0.889808 0.874504 0.882768 0.890243 0.882768 0.890243 0.849683 0.882251 0.851338 0.871884 0.83883 0.871267 0.851338 0.871884 0.849683 0.882251 0.849683 0.882251 0.839982 0.880711 0.83883 0.871267 0.851297 0.914786 0.880908 0.909918 0.875653 0.935659 0.875653 0.935659 0.847315 0.931977 0.851297 0.914786 0.838913 0.917457 0.851297 0.914786 0.847315 0.931977 0.847315 0.931977 0.837964 0.93136 0.838913 0.917457 0.847315 0.931977 0.875653 0.935659 0.874109 0.96734 0.874109 0.96734 0.845878 0.962627 0.847315 0.931977 0.837964 0.93136 0.847315 0.931977 0.845878 0.962627 0.845878 0.962627 0.834432 0.962009 0.837964 0.93136 0.874109 0.96734 0.873353 0.987261 0.844334 0.987261 0.844334 0.987261 0.845878 0.962627 0.874109 0.96734 0.844334 0.987261 0.830786 0.987306 0.834432 0.962009 0.834432 0.962009 0.845878 0.962627 0.844334 0.987261 0.448236 0.06235295 0.447604 0.08330398 0.414555 0.07873499 0.414555 0.07873499 0.41801 0.05927997 0.448236 0.06235295 0.377505 0.07471197 0.379607 0.05669695 0.41801 0.05927997 0.41801 0.05927997 0.414555 0.07873499 0.377505 0.07471197 0.417735 0.05452895 0.41801 0.05927997 0.379607 0.05669695 0.379607 0.05669695 0.382433 0.04268997 0.417735 0.05452895 0.909436 0.876182 0.935497 0.877985 0.933781 0.903916 0.933781 0.903916 0.904745 0.903313 0.909436 0.876182 0.904745 0.903313 0.933781 0.903916 0.934174 0.94003 0.934174 0.94003 0.908454 0.938285 0.904745 0.903313 0.880908 0.909918 0.892354 0.900552 0.890167 0.937127 0.890167 0.937127 0.875653 0.935659 0.880908 0.909918 0.908454 0.938285 0.934174 0.94003 0.939083 0.975434 0.939083 0.975434 0.905753 0.970986 0.908454 0.938285 0.905753 0.970986 0.874109 0.96734 0.875653 0.935659 0.875653 0.935659 0.890167 0.937127 0.905753 0.970986 0.939083 0.975434 0.940159 0.987261 0.910051 0.987261 0.910051 0.987261 0.905753 0.970986 0.939083 0.975434 0.905753 0.970986 0.910051 0.987261 0.873353 0.987261 0.873353 0.987261 0.874109 0.96734 0.905753 0.970986 0.527684 0.08103597 0.48683 0.08538097 0.489362 0.06488698 0.489362 0.06488698 0.524591 0.06054598 0.527684 0.08103597 0.489362 0.06488698 0.48683 0.08538097 0.447604 0.08330398 0.447604 0.08330398 0.448236 0.06235295 0.489362 0.06488698 0.935497 0.877985 0.954897 0.87684 0.954239 0.902771 0.954239 0.902771 0.933781 0.903916 0.935497 0.877985 0.933781 0.903916 0.954239 0.902771 0.953478 0.938885 0.953478 0.938885 0.934174 0.94003 0.933781 0.903916 0.934174 0.94003 0.953478 0.938885 0.957078 0.976733 0.957078 0.976733 0.939083 0.975434 0.934174 0.94003 0.957078 0.976733 0.956871 0.987261 0.940159 0.987261 0.940159 0.987261 0.939083 0.975434 0.957078 0.976733 0.567417 0.07508099 0.527684 0.08103597 0.524591 0.06054598 0.524591 0.06054598 0.566988 0.05357199 0.567417 0.07508099 0.318654 0.04031896 0.343359 0.02805399 0.385325 0.02856898 0.385325 0.02856898 0.382433 0.04268997 0.318654 0.04031896 0.356229 0.01790797 0.387059 0.01791197 0.385325 0.02856898 0.385325 0.02856898 0.343359 0.02805399 0.356229 0.01790797 0.343359 0.02805399 0.319205 0.01753598 0.356229 0.01790797 0.834432 0.962009 0.824576 0.962408 0.829825 0.931738 0.829825 0.931738 0.837964 0.93136 0.834432 0.962009 0.816653 0.963716 0.800369 0.967425 0.801774 0.935041 0.801774 0.935041 0.822085 0.932592 0.816653 0.963716 0.837964 0.93136 0.829825 0.931738 0.829525 0.91684 0.829525 0.91684 0.838913 0.917457 0.837964 0.93136 0.822085 0.932592 0.801774 0.935041 0.805866 0.913191 0.805866 0.913191 0.821302 0.915641 0.822085 0.932592 0.839982 0.880711 0.829613 0.881067 0.828024 0.871512 0.828024 0.871512 0.83883 0.871267 0.839982 0.880711 0.82131 0.882043 0.808066 0.883677 0.810921 0.873945 0.810921 0.873945 0.82075 0.872606 0.82131 0.882043 0.815341 0.863168 0.82075 0.872606 0.810921 0.873945 0.835935 0.861965 0.83883 0.871267 0.828024 0.871512 0.828024 0.871512 0.815341 0.863168 0.835935 0.861965 0.83883 0.871267 0.835935 0.861965 0.855876 0.862582 0.855876 0.862582 0.851338 0.871884 0.83883 0.871267 0.851338 0.871884 0.855876 0.862582 0.891759 0.863314 0.891759 0.863314 0.889808 0.874504 0.851338 0.871884 0.909436 0.876182 0.918549 0.865279 0.93864 0.866293 0.93864 0.866293 0.935497 0.877985 0.909436 0.876182 0.935497 0.877985 0.93864 0.866293 0.954715 0.867268 0.954715 0.867268 0.954897 0.87684 0.935497 0.877985 0.971709 0.867615 0.982772 0.865545 0.982738 0.875791 0.982738 0.875791 0.970388 0.877188 0.971709 0.867615 0.954715 0.867268 0.971709 0.867615 0.970388 0.877188 0.970388 0.877188 0.954897 0.87684 0.954715 0.867268 0.982706 0.900439 0.972489 0.903119 0.970388 0.877188 0.970388 0.877188 0.982738 0.875791 0.982706 0.900439 0.954897 0.87684 0.970388 0.877188 0.972489 0.903119 0.972489 0.903119 0.954239 0.902771 0.954897 0.87684 0.972489 0.903119 0.982706 0.900439 0.982556 0.937284 0.982556 0.937284 0.97242 0.939232 0.972489 0.903119 0.954239 0.902771 0.972489 0.903119 0.97242 0.939232 0.97242 0.939232 0.953478 0.938885 0.954239 0.902771 0.97242 0.939232 0.982556 0.937284 0.982357 0.971218 0.982357 0.971218 0.969965 0.974637 0.97242 0.939232 0.953478 0.938885 0.97242 0.939232 0.969965 0.974637 0.969965 0.974637 0.957078 0.976733 0.953478 0.938885 0.98229 0.987243 0.969653 0.987261 0.969965 0.974637 0.969965 0.974637 0.982357 0.971218 0.98229 0.987243 0.969965 0.974637 0.969653 0.987261 0.956871 0.987261 0.956871 0.987261 0.957078 0.976733 0.969965 0.974637 0.603299 0.07477998 0.567417 0.07508099 0.566988 0.05357199 0.566988 0.05357199 0.603242 0.04801899 0.603299 0.07477998 0.317386 0.463347 0.3173 0.589035 0.288891 0.495168 0.347983 0.495168 0.3173 0.589035 0.317386 0.463347 0.01475095 0.07334697 0.06207096 0.07343697 0.06184095 0.109209 0.06184095 0.109209 0.01560997 0.109257 0.01475095 0.07334697 0.06207096 0.07343697 0.118453 0.07937097 0.116521 0.109369 0.116521 0.109369 0.06184095 0.109209 0.06207096 0.07343697 0.118453 0.07937097 0.1525959 0.08362597 0.150812 0.109373 0.150812 0.109373 0.116521 0.109369 0.118453 0.07937097 0.1525959 0.08362597 0.196967 0.08348995 0.188859 0.109384 0.188859 0.109384 0.150812 0.109373 0.1525959 0.08362597 0.196967 0.08348995 0.228872 0.07903599 0.2205989 0.108781 0.2205989 0.108781 0.188859 0.109384 0.196967 0.08348995 0.228872 0.07903599 0.252827 0.07502698 0.253675 0.109364 0.253675 0.109364 0.2205989 0.108781 0.228872 0.07903599 0.252827 0.07502698 0.317218 0.074036 0.317227 0.109391 0.317227 0.109391 0.253675 0.109364 0.252827 0.07502698 0.763602 0.204376 0.76456 0.192663 0.771214 0.192395 0.771214 0.192395 0.770408 0.203911 0.763602 0.204376 0.76456 0.192663 0.762369 0.185146 0.769727 0.1861979 0.769727 0.1861979 0.771214 0.192395 0.76456 0.192663 0.770408 0.203911 0.770326 0.213158 0.763073 0.213218 0.763073 0.213218 0.763602 0.204376 0.770408 0.203911 0.760028 0.303199 0.760394 0.265484 0.771623 0.265545 0.771623 0.265545 0.779433 0.314331 0.760028 0.303199 0.844897 0.29126 0.85197 0.269919 0.849136 0.264017 0.849136 0.264017 0.8422 0.287796 0.844897 0.29126 0.841292 0.330757 0.844897 0.29126 0.8422 0.287796 0.8422 0.287796 0.837695 0.32631 0.841292 0.330757 0.760028 0.303199 0.779433 0.314331 0.760105 0.314318 0.760394 0.265484 0.763023 0.21969 0.771799 0.21975 0.771799 0.21975 0.771623 0.265545 0.760394 0.265484 0.763023 0.21969 0.763073 0.213218 0.770326 0.213158 0.770326 0.213158 0.771799 0.21975 0.763023 0.21969 0.769727 0.1861979 0.762369 0.185146 0.767372 0.181345 0.678437 0.178382 0.67896 0.170594 0.689735 0.1702679 0.689735 0.1702679 0.688705 0.1777369 0.678437 0.178382 0.67896 0.170594 0.68018 0.149644 0.691652 0.14902 0.691652 0.14902 0.689735 0.1702679 0.67896 0.170594 0.68018 0.149644 0.678223 0.126053 0.692606 0.124562 0.692606 0.124562 0.691652 0.14902 0.68018 0.149644 0.678223 0.126053 0.676362 0.104446 0.690842 0.100284 0.690842 0.100284 0.692606 0.124562 0.678223 0.126053 0.666103 0.06995397 0.68732 0.07871997 0.671607 0.08553296 0.688705 0.1777369 0.687087 0.184412 0.678437 0.178382 0.676362 0.104446 0.671607 0.08553296 0.68732 0.07871997 0.68732 0.07871997 0.690842 0.100284 0.676362 0.104446 0.763602 0.204376 0.747015 0.204865 0.746908 0.19253 0.746908 0.19253 0.76456 0.192663 0.763602 0.204376 0.783116 0.203067 0.770408 0.203911 0.771214 0.192395 0.771214 0.192395 0.782584 0.191624 0.783116 0.203067 0.746908 0.19253 0.726347 0.198896 0.748455 0.186632 0.808832 0.197095 0.782603 0.213415 0.783116 0.203067 0.783116 0.203067 0.782584 0.191624 0.808832 0.197095 0.726347 0.198896 0.746908 0.19253 0.747015 0.204865 0.808832 0.197095 0.782584 0.191624 0.777759 0.18598 0.747015 0.204865 0.763602 0.204376 0.763073 0.213218 0.763073 0.213218 0.749691 0.2115409 0.747015 0.204865 0.762369 0.185146 0.76456 0.192663 0.746908 0.19253 0.746908 0.19253 0.748455 0.186632 0.762369 0.185146 0.770326 0.213158 0.770408 0.203911 0.783116 0.203067 0.783116 0.203067 0.782603 0.213415 0.770326 0.213158 0.769727 0.1861979 0.777759 0.18598 0.782584 0.191624 0.782584 0.191624 0.771214 0.192395 0.769727 0.1861979 0.749691 0.2115409 0.726347 0.198896 0.747015 0.204865 0.618305 0.314279 0.618307 0.264554 0.647839 0.265118 0.647839 0.265118 0.654387 0.314313 0.618305 0.314279 0.647839 0.265118 0.690735 0.264659 0.690413 0.302276 0.690413 0.302276 0.654387 0.314313 0.647839 0.265118 0.690413 0.302276 0.690735 0.264659 0.716236 0.264286 0.716236 0.264286 0.715504 0.298964 0.690413 0.302276 0.715504 0.298964 0.716236 0.264286 0.748144 0.26545 0.748144 0.26545 0.760028 0.303199 0.715504 0.298964 0.748144 0.26545 0.760394 0.265484 0.760028 0.303199 0.781858 0.265603 0.822716 0.265885 0.822719 0.314388 0.822719 0.314388 0.779433 0.314331 0.781858 0.265603 0.779433 0.314331 0.771623 0.265545 0.781858 0.265603 0.905478 0.304889 0.910097 0.31008 0.910223 0.300389 0.904219 0.281702 0.905478 0.304889 0.910223 0.300389 0.904219 0.281702 0.910223 0.300389 0.915087 0.288405 0.905478 0.304889 0.904219 0.281702 0.893951 0.274971 0.893951 0.274971 0.892116 0.293159 0.905478 0.304889 0.892116 0.293159 0.893951 0.274971 0.880661 0.269612 0.893951 0.274971 0.89397 0.266993 0.886179 0.259732 0.886179 0.259732 0.880661 0.269612 0.893951 0.274971 0.944815 0.393833 0.963482 0.392339 0.965535 0.415869 0.965535 0.415869 0.952404 0.418268 0.944815 0.393833 0.871884 0.297143 0.892116 0.293159 0.880661 0.269612 0.880661 0.269612 0.873146 0.275921 0.871884 0.297143 0.853162 0.294858 0.871884 0.297143 0.873146 0.275921 0.873146 0.275921 0.85197 0.269919 0.853162 0.294858 0.844897 0.29126 0.853162 0.294858 0.85197 0.269919 0.984118 0.390987 0.98152 0.416101 0.965535 0.415869 0.965535 0.415869 0.963482 0.392339 0.984118 0.390987 0.984118 0.390987 0.992342 0.392519 0.98152 0.416101 0.897649 0.331121 0.895656 0.362788 0.897401 0.359725 0.897401 0.359725 0.900199 0.331685 0.897649 0.331121 0.896108 0.368758 0.897401 0.359725 0.895656 0.362788 0.895656 0.362788 0.894596 0.371097 0.896108 0.368758 0.906082 0.324904 0.910097 0.31008 0.900199 0.331685 0.910223 0.300389 0.910097 0.31008 0.915041 0.305657 0.915041 0.305657 0.915087 0.288405 0.910223 0.300389 0.905081 0.35466 0.905449 0.357867 0.903069 0.358965 0.922428 0.321105 0.918711 0.330895 0.924281 0.328925 0.924604 0.314726 0.922428 0.321105 0.924281 0.328925 0.905449 0.357867 0.90429 0.36411 0.903069 0.358965 0.911048 0.351158 0.911705 0.358606 0.905449 0.357867 0.905449 0.357867 0.905081 0.35466 0.911048 0.351158 0.919855 0.314597 0.918075 0.321974 0.918711 0.330895 0.918711 0.330895 0.922428 0.321105 0.919855 0.314597 0.922684 0.303168 0.919855 0.314597 0.922428 0.321105 0.922428 0.321105 0.924604 0.314726 0.922684 0.303168 0.911322 0.365347 0.909356 0.371347 0.90429 0.36411 0.90429 0.36411 0.905449 0.357867 0.911322 0.365347 0.911705 0.358606 0.911322 0.365347 0.905449 0.357867 0.918075 0.321974 0.915091 0.329662 0.918711 0.330895 0.923188 0.29632 0.922684 0.303168 0.924604 0.314726 0.922434 0.355571 0.922402 0.362573 0.911705 0.358606 0.911705 0.358606 0.911048 0.351158 0.922434 0.355571 0.918315 0.310035 0.915919 0.317555 0.918075 0.321974 0.918075 0.321974 0.919855 0.314597 0.918315 0.310035 0.918418 0.293449 0.918315 0.310035 0.919855 0.314597 0.919855 0.314597 0.922684 0.303168 0.918418 0.293449 0.921491 0.377839 0.909356 0.371347 0.911322 0.365347 0.922402 0.362573 0.921491 0.377839 0.911322 0.365347 0.911322 0.365347 0.911705 0.358606 0.922402 0.362573 0.915919 0.317555 0.91115 0.3247 0.915091 0.329662 0.915091 0.329662 0.918075 0.321974 0.915919 0.317555 0.91557 0.28297 0.918418 0.293449 0.922684 0.303168 0.922684 0.303168 0.923188 0.29632 0.91557 0.28297 0.915087 0.288405 0.915041 0.305657 0.918315 0.310035 0.918315 0.310035 0.918418 0.293449 0.915087 0.288405 0.915041 0.305657 0.913295 0.316276 0.915919 0.317555 0.915919 0.317555 0.918315 0.310035 0.915041 0.305657 0.91115 0.3247 0.915919 0.317555 0.913295 0.316276 0.91557 0.28297 0.915087 0.288405 0.918418 0.293449 0.910097 0.31008 0.906082 0.324904 0.91115 0.3247 0.91115 0.3247 0.913295 0.316276 0.910097 0.31008 0.91115 0.3247 0.906082 0.324904 0.907025 0.327806 0.904219 0.281702 0.915087 0.288405 0.903969 0.272777 0.915087 0.288405 0.91557 0.28297 0.903969 0.272777 0.928875 0.361535 0.933577 0.388988 0.921491 0.377839 0.921491 0.377839 0.922402 0.362573 0.928875 0.361535 0.913295 0.316276 0.915041 0.305657 0.910097 0.31008 0.922402 0.362573 0.922434 0.355571 0.928875 0.361535 0.933577 0.388988 0.928875 0.361535 0.938715 0.357438 0.938715 0.357438 0.944815 0.393833 0.933577 0.388988 0.907025 0.327806 0.906082 0.324904 0.900199 0.331685 0.900199 0.331685 0.901621 0.332891 0.907025 0.327806 0.904219 0.281702 0.903969 0.272777 0.89397 0.266993 0.89397 0.266993 0.893951 0.274971 0.904219 0.281702 0.897649 0.331121 0.900199 0.331685 0.910097 0.31008 0.910097 0.31008 0.905478 0.304889 0.897649 0.331121 0.892116 0.293159 0.897649 0.331121 0.905478 0.304889 0.837695 0.32631 0.836587 0.363575 0.838461 0.360619 0.838461 0.360619 0.841292 0.330757 0.837695 0.32631 0.868413 0.373874 0.870318 0.378389 0.87174 0.37626 0.87174 0.37626 0.868892 0.365314 0.868413 0.373874 0.881 0.377493 0.882522 0.378873 0.882977 0.371308 0.882977 0.371308 0.883016 0.36359 0.881 0.377493 0.881 0.377493 0.87174 0.37626 0.874154 0.406315 0.874154 0.406315 0.878514 0.406086 0.881 0.377493 0.949046 0.320065 0.959341 0.320793 0.96146 0.326436 0.96146 0.326436 0.947475 0.327757 0.949046 0.320065 0.882977 0.371308 0.883973 0.371918 0.885071 0.371542 0.885071 0.371542 0.883016 0.36359 0.882977 0.371308 0.899427 0.35617 0.897401 0.359725 0.896108 0.368758 0.896108 0.368758 0.898049 0.366118 0.899427 0.35617 0.894596 0.371097 0.885071 0.371542 0.888195 0.388953 0.888195 0.388953 0.892476 0.388642 0.894596 0.371097 0.934739 0.322757 0.944751 0.322589 0.947475 0.327757 0.947475 0.327757 0.934958 0.328826 0.934739 0.322757 0.833952 0.360221 0.834138 0.37377 0.836543 0.373034 0.836543 0.373034 0.836587 0.363575 0.833952 0.360221 0.850119 0.374124 0.851525 0.375058 0.852353 0.374032 0.852353 0.374032 0.852272 0.365635 0.850119 0.374124 0.841065 0.374902 0.850119 0.374124 0.852272 0.365635 0.852272 0.365635 0.838461 0.360619 0.841065 0.374902 0.980014 0.32533 0.984389 0.316659 0.993797 0.3194 0.993797 0.3194 0.993661 0.326508 0.980014 0.32533 0.841065 0.374902 0.838461 0.360619 0.836587 0.363575 0.836587 0.363575 0.836543 0.373034 0.841065 0.374902 0.852353 0.374032 0.852816 0.378416 0.854328 0.377126 0.854328 0.377126 0.852272 0.365635 0.852353 0.374032 0.864871 0.374585 0.867419 0.378931 0.868413 0.373874 0.868413 0.373874 0.868892 0.365314 0.864871 0.374585 0.852272 0.365635 0.854328 0.377126 0.864871 0.374585 0.864871 0.374585 0.868892 0.365314 0.852272 0.365635 0.965234 0.317785 0.97854 0.319263 0.980014 0.32533 0.980014 0.32533 0.96146 0.326436 0.965234 0.317785 0.877441 0.432196 0.87556 0.430452 0.873467 0.434703 0.873003 0.430599 0.87094 0.428278 0.873467 0.434703 0.87556 0.430452 0.873003 0.430599 0.873467 0.434703 0.956217 0.266575 0.953798 0.266169 0.956665 0.263271 0.959608 0.266247 0.956217 0.266575 0.956665 0.263271 0.87094 0.428278 0.867542 0.427358 0.873467 0.434703 0.879695 0.422379 0.876613 0.424735 0.87556 0.430452 0.87556 0.430452 0.877441 0.432196 0.879695 0.422379 0.961316 0.275 0.958323 0.27647 0.959608 0.266247 0.873319 0.424191 0.870023 0.422903 0.87094 0.428278 0.87094 0.428278 0.873003 0.430599 0.873319 0.424191 0.876613 0.424735 0.873319 0.424191 0.873003 0.430599 0.873003 0.430599 0.87556 0.430452 0.876613 0.424735 0.955166 0.276347 0.952291 0.274386 0.953798 0.266169 0.953798 0.266169 0.956217 0.266575 0.955166 0.276347 0.958323 0.27647 0.955166 0.276347 0.956217 0.266575 0.956217 0.266575 0.959608 0.266247 0.958323 0.27647 0.870023 0.422903 0.868246 0.42027 0.867542 0.427358 0.867542 0.427358 0.87094 0.428278 0.870023 0.422903 0.881471 0.424775 0.879695 0.422379 0.877441 0.432196 0.880548 0.409587 0.878097 0.41251 0.876613 0.424735 0.876613 0.424735 0.879695 0.422379 0.880548 0.409587 0.962424 0.293845 0.958437 0.294041 0.958323 0.27647 0.958323 0.27647 0.961316 0.275 0.962424 0.293845 0.874128 0.412738 0.87039 0.410102 0.870023 0.422903 0.870023 0.422903 0.873319 0.424191 0.874128 0.412738 0.878097 0.41251 0.874128 0.412738 0.873319 0.424191 0.873319 0.424191 0.876613 0.424735 0.878097 0.41251 0.953618 0.293618 0.950373 0.292421 0.952291 0.274386 0.952291 0.274386 0.955166 0.276347 0.953618 0.293618 0.958437 0.294041 0.953618 0.293618 0.955166 0.276347 0.955166 0.276347 0.958323 0.27647 0.958437 0.294041 0.87039 0.410102 0.868863 0.400266 0.868246 0.42027 0.868246 0.42027 0.870023 0.422903 0.87039 0.410102 0.882552 0.404242 0.880548 0.409587 0.879695 0.422379 0.879695 0.422379 0.881471 0.424775 0.882552 0.404242 0.878514 0.406086 0.874154 0.406315 0.874128 0.412738 0.874128 0.412738 0.878097 0.41251 0.878514 0.406086 0.881207 0.403163 0.878514 0.406086 0.878097 0.41251 0.878097 0.41251 0.880548 0.409587 0.881207 0.403163 0.874154 0.406315 0.870576 0.403678 0.87039 0.410102 0.87039 0.410102 0.874128 0.412738 0.874154 0.406315 0.868863 0.400266 0.87039 0.410102 0.870576 0.403678 0.882552 0.404242 0.881207 0.403163 0.880548 0.409587 0.870318 0.378389 0.868863 0.400266 0.870576 0.403678 0.870576 0.403678 0.87174 0.37626 0.870318 0.378389 0.882522 0.378873 0.881 0.377493 0.881207 0.403163 0.881207 0.403163 0.882552 0.404242 0.882522 0.378873 0.883016 0.36359 0.868892 0.365314 0.87174 0.37626 0.87174 0.37626 0.881 0.377493 0.883016 0.36359 0.959341 0.320793 0.949046 0.320065 0.953618 0.293618 0.953618 0.293618 0.958437 0.294041 0.959341 0.320793 0.881 0.377493 0.878514 0.406086 0.881207 0.403163 0.950373 0.292421 0.953618 0.293618 0.949046 0.320065 0.87174 0.37626 0.870576 0.403678 0.874154 0.406315 0.958437 0.294041 0.962424 0.293845 0.959341 0.320793 0.892962 0.413412 0.889886 0.413062 0.888437 0.417178 0.887207 0.41241 0.885493 0.412322 0.888437 0.417178 0.889886 0.413062 0.887207 0.41241 0.888437 0.417178 0.939314 0.282682 0.936332 0.282035 0.9401 0.278236 0.942593 0.282384 0.939314 0.282682 0.9401 0.278236 0.885493 0.412322 0.884178 0.412536 0.888437 0.417178 0.893917 0.404903 0.891436 0.408852 0.889886 0.413062 0.889886 0.413062 0.892962 0.413412 0.893917 0.404903 0.945321 0.289989 0.941731 0.291427 0.942593 0.282384 0.887469 0.409161 0.88544 0.404716 0.885493 0.412322 0.885493 0.412322 0.887207 0.41241 0.887469 0.409161 0.891436 0.408852 0.887469 0.409161 0.887207 0.41241 0.887207 0.41241 0.889886 0.413062 0.891436 0.408852 0.938472 0.291202 0.935132 0.289351 0.936332 0.282035 0.936332 0.282035 0.939314 0.282682 0.938472 0.291202 0.941731 0.291427 0.938472 0.291202 0.939314 0.282682 0.939314 0.282682 0.942593 0.282384 0.941731 0.291427 0.88544 0.404716 0.88388 0.400884 0.884178 0.412536 0.884178 0.412536 0.885493 0.412322 0.88544 0.404716 0.895826 0.401268 0.893917 0.404903 0.892962 0.413412 0.894611 0.392095 0.892172 0.395069 0.891436 0.408852 0.891436 0.408852 0.893917 0.404903 0.894611 0.392095 0.94538 0.308649 0.941458 0.308652 0.941731 0.291427 0.941731 0.291427 0.945321 0.289989 0.94538 0.308649 0.888203 0.39538 0.885447 0.392926 0.88544 0.404716 0.88544 0.404716 0.887469 0.409161 0.888203 0.39538 0.892172 0.395069 0.888203 0.39538 0.887469 0.409161 0.887469 0.409161 0.891436 0.408852 0.892172 0.395069 0.937193 0.30816 0.934491 0.307758 0.935132 0.289351 0.935132 0.289351 0.938472 0.291202 0.937193 0.30816 0.941458 0.308652 0.937193 0.30816 0.938472 0.291202 0.938472 0.291202 0.941731 0.291427 0.941458 0.308652 0.885447 0.392926 0.884259 0.384808 0.88388 0.400884 0.88388 0.400884 0.88544 0.404716 0.885447 0.392926 0.896706 0.384258 0.894611 0.392095 0.893917 0.404903 0.893917 0.404903 0.895826 0.401268 0.896706 0.384258 0.892476 0.388642 0.888195 0.388953 0.888203 0.39538 0.888203 0.39538 0.892172 0.395069 0.892476 0.388642 0.895109 0.385668 0.892476 0.388642 0.892172 0.395069 0.892172 0.395069 0.894611 0.392095 0.895109 0.385668 0.888195 0.388953 0.885579 0.386727 0.885447 0.392926 0.885447 0.392926 0.888203 0.39538 0.888195 0.388953 0.884259 0.384808 0.885447 0.392926 0.885579 0.386727 0.896706 0.384258 0.895109 0.385668 0.894611 0.392095 0.883973 0.371918 0.884259 0.384808 0.885579 0.386727 0.885579 0.386727 0.885071 0.371542 0.883973 0.371918 0.898049 0.366118 0.896108 0.368758 0.895109 0.385668 0.895109 0.385668 0.896706 0.384258 0.898049 0.366118 0.885071 0.371542 0.894596 0.371097 0.895656 0.362788 0.895656 0.362788 0.883016 0.36359 0.885071 0.371542 0.944751 0.322589 0.934739 0.322757 0.937193 0.30816 0.937193 0.30816 0.941458 0.308652 0.944751 0.322589 0.896108 0.368758 0.894596 0.371097 0.892476 0.388642 0.892476 0.388642 0.895109 0.385668 0.896108 0.368758 0.934491 0.307758 0.937193 0.30816 0.934739 0.322757 0.885071 0.371542 0.885579 0.386727 0.888195 0.388953 0.941458 0.308652 0.94538 0.308649 0.944751 0.322589 0.848966 0.408226 0.845479 0.407964 0.844428 0.41383 0.842906 0.407928 0.840537 0.407985 0.844428 0.41383 0.845479 0.407964 0.842906 0.407928 0.844428 0.41383 0.991545 0.285587 0.989085 0.285738 0.992039 0.282412 0.994559 0.285625 0.991545 0.285587 0.992039 0.282412 0.840537 0.407985 0.838036 0.409528 0.844428 0.41383 0.849095 0.400166 0.846338 0.403876 0.845479 0.407964 0.845479 0.407964 0.848966 0.408226 0.849095 0.400166 0.996429 0.294744 0.992907 0.296421 0.994559 0.285625 0.842345 0.40382 0.839359 0.4 0.840537 0.407985 0.840537 0.407985 0.842906 0.407928 0.842345 0.40382 0.846338 0.403876 0.842345 0.40382 0.842906 0.407928 0.842906 0.407928 0.845479 0.407964 0.846338 0.403876 0.989929 0.296298 0.987352 0.294242 0.989085 0.285738 0.989085 0.285738 0.991545 0.285587 0.989929 0.296298 0.992907 0.296421 0.989929 0.296298 0.991545 0.285587 0.991545 0.285587 0.994559 0.285625 0.992907 0.296421 0.839359 0.4 0.836433 0.401207 0.838036 0.409528 0.838036 0.409528 0.840537 0.407985 0.839359 0.4 0.851167 0.395589 0.849095 0.400166 0.848966 0.408226 0.849271 0.38741 0.846514 0.390149 0.846338 0.403876 0.846338 0.403876 0.849095 0.400166 0.849271 0.38741 0.996443 0.313846 0.993223 0.314199 0.992907 0.296421 0.992907 0.296421 0.996429 0.294744 0.996443 0.313846 0.842522 0.390094 0.838055 0.388126 0.839359 0.4 0.839359 0.4 0.842345 0.40382 0.842522 0.390094 0.846514 0.390149 0.842522 0.390094 0.842345 0.40382 0.842345 0.40382 0.846338 0.403876 0.846514 0.390149 0.986637 0.313037 0.984316 0.311433 0.987352 0.294242 0.987352 0.294242 0.989929 0.296298 0.986637 0.313037 0.993223 0.314199 0.986637 0.313037 0.989929 0.296298 0.989929 0.296298 0.992907 0.296421 0.993223 0.314199 0.838055 0.388126 0.834366 0.381685 0.836433 0.401207 0.836433 0.401207 0.839359 0.4 0.838055 0.388126 0.851588 0.380872 0.849271 0.38741 0.849095 0.400166 0.849095 0.400166 0.851167 0.395589 0.851588 0.380872 0.846566 0.383734 0.842573 0.38368 0.842522 0.390094 0.842522 0.390094 0.846514 0.390149 0.846566 0.383734 0.849323 0.380996 0.846566 0.383734 0.846514 0.390149 0.846514 0.390149 0.849271 0.38741 0.849323 0.380996 0.842573 0.38368 0.837218 0.38097 0.838055 0.388126 0.838055 0.388126 0.842522 0.390094 0.842573 0.38368 0.834366 0.381685 0.838055 0.388126 0.837218 0.38097 0.851588 0.380872 0.849323 0.380996 0.849271 0.38741 0.836543 0.373034 0.834138 0.37377 0.834366 0.381685 0.834366 0.381685 0.837218 0.38097 0.836543 0.373034 0.851525 0.375058 0.850119 0.374124 0.849323 0.380996 0.849323 0.380996 0.851588 0.380872 0.851525 0.375058 0.842573 0.38368 0.846566 0.383734 0.850119 0.374124 0.850119 0.374124 0.841065 0.374902 0.842573 0.38368 0.984389 0.316659 0.986637 0.313037 0.993223 0.314199 0.993223 0.314199 0.993797 0.3194 0.984389 0.316659 0.850119 0.374124 0.846566 0.383734 0.849323 0.380996 0.984316 0.311433 0.986637 0.313037 0.984389 0.316659 0.841065 0.374902 0.836543 0.373034 0.837218 0.38097 0.837218 0.38097 0.842573 0.38368 0.841065 0.374902 0.993223 0.314199 0.996443 0.313846 0.993797 0.3194 0.987398 0.355239 0.993661 0.326508 0.997186 0.358248 0.833952 0.360221 0.836587 0.363575 0.837695 0.32631 0.883016 0.36359 0.895656 0.362788 0.897649 0.331121 0.947475 0.327757 0.938715 0.357438 0.934958 0.328826 0.947475 0.327757 0.96146 0.326436 0.963176 0.355746 0.963176 0.355746 0.938715 0.357438 0.947475 0.327757 0.897401 0.359725 0.899427 0.35617 0.901621 0.332891 0.901621 0.332891 0.900199 0.331685 0.897401 0.359725 0.883016 0.36359 0.897649 0.331121 0.870631 0.337362 0.870631 0.337362 0.868892 0.365314 0.883016 0.36359 0.852272 0.365635 0.849357 0.335323 0.838461 0.360619 0.870631 0.337362 0.849357 0.335323 0.852272 0.365635 0.852272 0.365635 0.868892 0.365314 0.870631 0.337362 0.841292 0.330757 0.838461 0.360619 0.849357 0.335323 0.980014 0.32533 0.987398 0.355239 0.963176 0.355746 0.963176 0.355746 0.96146 0.326436 0.980014 0.32533 0.987398 0.355239 0.980014 0.32533 0.993661 0.326508 0.938715 0.357438 0.963176 0.355746 0.963482 0.392339 0.963482 0.392339 0.944815 0.393833 0.938715 0.357438 0.870631 0.337362 0.897649 0.331121 0.892116 0.293159 0.892116 0.293159 0.871884 0.297143 0.870631 0.337362 0.849357 0.335323 0.870631 0.337362 0.871884 0.297143 0.871884 0.297143 0.853162 0.294858 0.849357 0.335323 0.841292 0.330757 0.849357 0.335323 0.853162 0.294858 0.853162 0.294858 0.844897 0.29126 0.841292 0.330757 0.963482 0.392339 0.963176 0.355746 0.987398 0.355239 0.987398 0.355239 0.984118 0.390987 0.963482 0.392339 0.987398 0.355239 0.997186 0.358248 0.992342 0.392519 0.992342 0.392519 0.984118 0.390987 0.987398 0.355239 0.86303 0.423983 0.860671 0.42404 0.858754 0.427209 0.858098 0.424004 0.855051 0.423038 0.858754 0.427209 0.860671 0.42404 0.858098 0.424004 0.858754 0.427209 0.972987 0.271679 0.970759 0.271546 0.973315 0.267501 0.976026 0.27169 0.972987 0.271679 0.973315 0.267501 0.855051 0.423038 0.85362 0.423189 0.858754 0.427209 0.864287 0.416241 0.86153 0.419951 0.860671 0.42404 0.860671 0.42404 0.86303 0.423983 0.864287 0.416241 0.977927 0.280557 0.975534 0.282213 0.976026 0.27169 0.857537 0.419896 0.854551 0.416076 0.855051 0.423038 0.855051 0.423038 0.858098 0.424004 0.857537 0.419896 0.86153 0.419951 0.857537 0.419896 0.858098 0.424004 0.858098 0.424004 0.860671 0.42404 0.86153 0.419951 0.972607 0.282231 0.970124 0.280278 0.970759 0.271546 0.970759 0.271546 0.972987 0.271679 0.972607 0.282231 0.975534 0.282213 0.972607 0.282231 0.972987 0.271679 0.972987 0.271679 0.976026 0.27169 0.975534 0.282213 0.854551 0.416076 0.852588 0.411889 0.85362 0.423189 0.85362 0.423189 0.855051 0.423038 0.854551 0.416076 0.865878 0.413976 0.864287 0.416241 0.86303 0.423983 0.864463 0.403486 0.861706 0.406224 0.86153 0.419951 0.86153 0.419951 0.864287 0.416241 0.864463 0.403486 0.979873 0.299328 0.97599 0.299826 0.975534 0.282213 0.975534 0.282213 0.977927 0.280557 0.979873 0.299328 0.857714 0.40617 0.854728 0.403312 0.854551 0.416076 0.854551 0.416076 0.857537 0.419896 0.857714 0.40617 0.861706 0.406224 0.857714 0.40617 0.857537 0.419896 0.857537 0.419896 0.86153 0.419951 0.861706 0.406224 0.971049 0.299407 0.967706 0.297541 0.970124 0.280278 0.970124 0.280278 0.972607 0.282231 0.971049 0.299407 0.97599 0.299826 0.971049 0.299407 0.972607 0.282231 0.972607 0.282231 0.975534 0.282213 0.97599 0.299826 0.854728 0.403312 0.852912 0.39327 0.852588 0.411889 0.852588 0.411889 0.854551 0.416076 0.854728 0.403312 0.866684 0.39425 0.864463 0.403486 0.864287 0.416241 0.864287 0.416241 0.865878 0.413976 0.866684 0.39425 0.861758 0.399809 0.857765 0.399755 0.857714 0.40617 0.857714 0.40617 0.861706 0.406224 0.861758 0.399809 0.864515 0.397071 0.861758 0.399809 0.861706 0.406224 0.861706 0.406224 0.864463 0.403486 0.864515 0.397071 0.857765 0.399755 0.854779 0.396897 0.854728 0.403312 0.854728 0.403312 0.857714 0.40617 0.857765 0.399755 0.852912 0.39327 0.854728 0.403312 0.854779 0.396897 0.866684 0.39425 0.864515 0.397071 0.864463 0.403486 0.852816 0.378416 0.852912 0.39327 0.854779 0.396897 0.854779 0.396897 0.854328 0.377126 0.852816 0.378416 0.864871 0.374585 0.864515 0.397071 0.866684 0.39425 0.866684 0.39425 0.867419 0.378931 0.864871 0.374585 0.854328 0.377126 0.857765 0.399755 0.861758 0.399809 0.861758 0.399809 0.864871 0.374585 0.854328 0.377126 0.97854 0.319263 0.965234 0.317785 0.971049 0.299407 0.971049 0.299407 0.97599 0.299826 0.97854 0.319263 0.864871 0.374585 0.861758 0.399809 0.864515 0.397071 0.967706 0.297541 0.971049 0.299407 0.965234 0.317785 0.854328 0.377126 0.854779 0.396897 0.857765 0.399755 0.97599 0.299826 0.979873 0.299328 0.97854 0.319263 0.690413 0.302276 0.689665 0.314494 0.654387 0.314313 0.689665 0.314494 0.690413 0.302276 0.715504 0.298964 0.715504 0.298964 0.715676 0.314535 0.689665 0.314494 0.715676 0.314535 0.715504 0.298964 0.760028 0.303199 0.760028 0.303199 0.760105 0.314318 0.715676 0.314535 0.618307 0.218516 0.648161 0.219281 0.647839 0.265118 0.647839 0.265118 0.618307 0.264554 0.618307 0.218516 0.648161 0.219281 0.690038 0.218659 0.690735 0.264659 0.690735 0.264659 0.647839 0.265118 0.648161 0.219281 0.690038 0.218659 0.714882 0.219166 0.716236 0.264286 0.716236 0.264286 0.690735 0.264659 0.690038 0.218659 0.714882 0.219166 0.742955 0.21965 0.748144 0.26545 0.748144 0.26545 0.716236 0.264286 0.714882 0.219166 0.742955 0.21965 0.763023 0.21969 0.760394 0.265484 0.760394 0.265484 0.748144 0.26545 0.742955 0.21965 0.822716 0.265885 0.781858 0.265603 0.785284 0.220677 0.785284 0.220677 0.822733 0.219847 0.822716 0.265885 0.771799 0.21975 0.785284 0.220677 0.781858 0.265603 0.781858 0.265603 0.771623 0.265545 0.771799 0.21975 0.618307 0.195974 0.648144 0.197187 0.648161 0.219281 0.648161 0.219281 0.618307 0.218516 0.618307 0.195974 0.618307 0.182828 0.655574 0.186046 0.648144 0.197187 0.648144 0.197187 0.618307 0.195974 0.618307 0.182828 0.648144 0.197187 0.688797 0.1975 0.690038 0.218659 0.690038 0.218659 0.648161 0.219281 0.648144 0.197187 0.655574 0.186046 0.687087 0.184412 0.688797 0.1975 0.688797 0.1975 0.648144 0.197187 0.655574 0.186046 0.688797 0.1975 0.715417 0.1976439 0.714882 0.219166 0.714882 0.219166 0.690038 0.218659 0.688797 0.1975 0.687087 0.184412 0.71456 0.1851789 0.715417 0.1976439 0.715417 0.1976439 0.688797 0.1975 0.687087 0.184412 0.749691 0.2115409 0.715417 0.1976439 0.726347 0.198896 0.749691 0.2115409 0.714882 0.219166 0.715417 0.1976439 0.749691 0.2115409 0.742955 0.21965 0.714882 0.219166 0.726347 0.198896 0.715417 0.1976439 0.71456 0.1851789 0.71456 0.1851789 0.748455 0.186632 0.726347 0.198896 0.71456 0.1851789 0.747871 0.182385 0.748455 0.186632 0.749691 0.2115409 0.763073 0.213218 0.763023 0.21969 0.763023 0.21969 0.742955 0.21965 0.749691 0.2115409 0.762369 0.185146 0.748455 0.186632 0.747871 0.182385 0.747871 0.182385 0.767372 0.181345 0.762369 0.185146 0.822733 0.219847 0.808832 0.197095 0.822734 0.197593 0.822733 0.219847 0.782603 0.213415 0.808832 0.197095 0.822733 0.219847 0.785284 0.220677 0.782603 0.213415 0.777759 0.18598 0.780682 0.181258 0.822748 0.1852149 0.822748 0.1852149 0.822734 0.197593 0.808832 0.197095 0.808832 0.197095 0.777759 0.18598 0.822748 0.1852149 0.770326 0.213158 0.782603 0.213415 0.785284 0.220677 0.785284 0.220677 0.771799 0.21975 0.770326 0.213158 0.780682 0.181258 0.777759 0.18598 0.769727 0.1861979 0.769727 0.1861979 0.767372 0.181345 0.780682 0.181258 0.01564997 0.181979 0.05890798 0.181131 0.05676996 0.201715 0.05676996 0.201715 0.01399797 0.2018859 0.01564997 0.181979 0.05890798 0.181131 0.102776 0.181398 0.101194 0.202036 0.101194 0.202036 0.05676996 0.201715 0.05890798 0.181131 0.102776 0.181398 0.142962 0.180154 0.143265 0.2015489 0.143265 0.2015489 0.101194 0.202036 0.102776 0.181398 0.142962 0.180154 0.1885229 0.178991 0.1833389 0.2031829 0.1833389 0.2031829 0.143265 0.2015489 0.142962 0.180154 0.1885229 0.178991 0.221356 0.180063 0.220839 0.200784 0.220839 0.200784 0.1833389 0.2031829 0.1885229 0.178991 0.221356 0.180063 0.253622 0.181691 0.25553 0.200911 0.25553 0.200911 0.220839 0.200784 0.221356 0.180063 0.253622 0.181691 0.31654 0.1821759 0.316211 0.201945 0.316211 0.201945 0.25553 0.200911 0.253622 0.181691 0.01564794 0.155342 0.06079494 0.157909 0.05890798 0.181131 0.05890798 0.181131 0.01564997 0.181979 0.01564794 0.155342 0.06079494 0.157909 0.112195 0.1581619 0.102776 0.181398 0.102776 0.181398 0.05890798 0.181131 0.06079494 0.157909 0.112195 0.1581619 0.152015 0.157591 0.142962 0.180154 0.142962 0.180154 0.102776 0.181398 0.112195 0.1581619 0.152015 0.157591 0.186794 0.159418 0.1885229 0.178991 0.1885229 0.178991 0.142962 0.180154 0.152015 0.157591 0.186794 0.159418 0.2201679 0.159588 0.221356 0.180063 0.221356 0.180063 0.1885229 0.178991 0.186794 0.159418 0.2201679 0.159588 0.253567 0.161806 0.253622 0.181691 0.253622 0.181691 0.221356 0.180063 0.2201679 0.159588 0.253567 0.161806 0.31654 0.161729 0.31654 0.1821759 0.31654 0.1821759 0.253622 0.181691 0.253567 0.161806 0.01564598 0.135905 0.06184095 0.135275 0.06079494 0.157909 0.06079494 0.157909 0.01564794 0.155342 0.01564598 0.135905 0.06184095 0.135275 0.114804 0.134786 0.112195 0.1581619 0.112195 0.1581619 0.06079494 0.157909 0.06184095 0.135275 0.114804 0.134786 0.150179 0.134846 0.152015 0.157591 0.152015 0.157591 0.112195 0.1581619 0.114804 0.134786 0.150179 0.134846 0.188992 0.134984 0.186794 0.159418 0.186794 0.159418 0.152015 0.157591 0.150179 0.134846 0.188992 0.134984 0.219816 0.135847 0.2201679 0.159588 0.2201679 0.159588 0.186794 0.159418 0.188992 0.134984 0.219816 0.135847 0.253491 0.137292 0.253567 0.161806 0.253567 0.161806 0.2201679 0.159588 0.219816 0.135847 0.253491 0.137292 0.31654 0.138379 0.31654 0.161729 0.31654 0.161729 0.253567 0.161806 0.253491 0.137292 0.01560997 0.109257 0.06184095 0.109209 0.06184095 0.135275 0.06184095 0.135275 0.01564598 0.135905 0.01560997 0.109257 0.06184095 0.109209 0.116521 0.109369 0.114804 0.134786 0.114804 0.134786 0.06184095 0.135275 0.06184095 0.109209 0.116521 0.109369 0.150812 0.109373 0.150179 0.134846 0.150179 0.134846 0.114804 0.134786 0.116521 0.109369 0.150812 0.109373 0.188859 0.109384 0.188992 0.134984 0.188992 0.134984 0.150179 0.134846 0.150812 0.109373 0.188859 0.109384 0.2205989 0.108781 0.219816 0.135847 0.219816 0.135847 0.188992 0.134984 0.188859 0.109384 0.2205989 0.108781 0.253675 0.109364 0.253491 0.137292 0.253491 0.137292 0.219816 0.135847 0.2205989 0.108781 0.253675 0.109364 0.317227 0.109391 0.31654 0.138379 0.31654 0.138379 0.253491 0.137292 0.253675 0.109364 0.05697995 0.351863 0.099671 0.359683 0.104085 0.388124 0.104085 0.388124 0.05684494 0.391099 0.05697995 0.351863 0.774613 0.119373 0.776856 0.147348 0.764197 0.146169 0.764197 0.146169 0.761859 0.1190119 0.774613 0.119373 0.776856 0.147348 0.786108 0.166887 0.766468 0.1675249 0.766468 0.1675249 0.764197 0.146169 0.776856 0.147348 0.767372 0.181345 0.767189 0.1758199 0.784555 0.176195 0.784555 0.176195 0.780682 0.181258 0.767372 0.181345 0.786108 0.166887 0.784555 0.176195 0.767189 0.1758199 0.767189 0.1758199 0.766468 0.1675249 0.786108 0.166887 0.641561 0.127746 0.645728 0.155242 0.618309 0.152876 0.618309 0.152876 0.618309 0.128095 0.641561 0.127746 0.784916 0.1216199 0.793459 0.123565 0.789274 0.148118 0.789274 0.148118 0.783166 0.147653 0.784916 0.1216199 0.645728 0.155242 0.646161 0.172794 0.618308 0.167849 0.618308 0.167849 0.618309 0.152876 0.645728 0.155242 0.786108 0.166887 0.783166 0.147653 0.789274 0.148118 0.655574 0.186046 0.618307 0.182828 0.618308 0.175554 0.618308 0.175554 0.654569 0.179702 0.655574 0.186046 0.784555 0.176195 0.822743 0.176885 0.822748 0.1852149 0.822748 0.1852149 0.780682 0.181258 0.784555 0.176195 0.646161 0.172794 0.654569 0.179702 0.618308 0.175554 0.618308 0.175554 0.618308 0.167849 0.646161 0.172794 0.822752 0.169181 0.822743 0.176885 0.784555 0.176195 0.784555 0.176195 0.786108 0.166887 0.822752 0.169181 0.687087 0.184412 0.655574 0.186046 0.654569 0.179702 0.654569 0.179702 0.678437 0.178382 0.687087 0.184412 0.654569 0.179702 0.646161 0.172794 0.67896 0.170594 0.67896 0.170594 0.678437 0.178382 0.654569 0.179702 0.688705 0.1777369 0.71443 0.177087 0.71456 0.1851789 0.71456 0.1851789 0.687087 0.184412 0.688705 0.1777369 0.688705 0.1777369 0.689735 0.1702679 0.714438 0.168997 0.714438 0.168997 0.71443 0.177087 0.688705 0.1777369 0.689735 0.1702679 0.691652 0.14902 0.714659 0.145474 0.714659 0.145474 0.714438 0.168997 0.689735 0.1702679 0.691652 0.14902 0.692606 0.124562 0.714986 0.119385 0.714986 0.119385 0.714659 0.145474 0.691652 0.14902 0.692606 0.124562 0.690842 0.100284 0.714613 0.09080195 0.714613 0.09080195 0.714986 0.119385 0.692606 0.124562 0.68732 0.07871997 0.714507 0.067052 0.714613 0.09080195 0.714613 0.09080195 0.690842 0.100284 0.68732 0.07871997 0.104085 0.388124 0.1183699 0.41469 0.112307 0.429009 0.112307 0.429009 0.058685 0.428684 0.104085 0.388124 0.058685 0.428684 0.112307 0.429009 0.102272 0.453194 0.102272 0.453194 0.06211298 0.454544 0.058685 0.428684 0.219492 0.393166 0.218518 0.422207 0.190446 0.430443 0.190446 0.430443 0.18171 0.409693 0.219492 0.393166 0.2130669 0.254978 0.253552 0.284922 0.221622 0.297027 0.2130669 0.254978 0.2475129 0.221629 0.249758 0.2451609 0.2130669 0.254978 0.220228 0.220872 0.2475129 0.221629 0.253552 0.284922 0.25473 0.332438 0.221738 0.337249 0.221738 0.337249 0.221622 0.297027 0.253552 0.284922 0.25473 0.332438 0.253227 0.358545 0.219656 0.363007 0.219656 0.363007 0.221738 0.337249 0.25473 0.332438 0.253227 0.358545 0.253159 0.381598 0.219492 0.393166 0.219492 0.393166 0.219656 0.363007 0.253227 0.358545 0.253159 0.381598 0.253071 0.414023 0.218518 0.422207 0.218518 0.422207 0.219492 0.393166 0.253159 0.381598 0.767372 0.181345 0.747871 0.182385 0.747876 0.177469 0.747876 0.177469 0.767189 0.1758199 0.767372 0.181345 0.71443 0.177087 0.747876 0.177469 0.747871 0.182385 0.747871 0.182385 0.71456 0.1851789 0.71443 0.177087 0.74702 0.168431 0.766468 0.1675249 0.767189 0.1758199 0.767189 0.1758199 0.747876 0.177469 0.74702 0.168431 0.74702 0.168431 0.747876 0.177469 0.71443 0.177087 0.71443 0.177087 0.714438 0.168997 0.74702 0.168431 0.74702 0.168431 0.743097 0.1453959 0.764197 0.146169 0.764197 0.146169 0.766468 0.1675249 0.74702 0.168431 0.714438 0.168997 0.714659 0.145474 0.743097 0.1453959 0.743097 0.1453959 0.74702 0.168431 0.714438 0.168997 0.743097 0.1453959 0.740362 0.11815 0.761859 0.1190119 0.761859 0.1190119 0.764197 0.146169 0.743097 0.1453959 0.714659 0.145474 0.714986 0.119385 0.740362 0.11815 0.740362 0.11815 0.743097 0.1453959 0.714659 0.145474 0.760246 0.08310496 0.761859 0.1190119 0.740362 0.11815 0.740362 0.11815 0.738673 0.08675497 0.760246 0.08310496 0.714986 0.119385 0.714613 0.09080195 0.738673 0.08675497 0.738673 0.08675497 0.740362 0.11815 0.714986 0.119385 0.714613 0.09080195 0.714507 0.067052 0.73588 0.06320899 0.73588 0.06320899 0.738673 0.08675497 0.714613 0.09080195 0.738673 0.08675497 0.73588 0.06320899 0.758149 0.05994796 0.758149 0.05994796 0.760246 0.08310496 0.738673 0.08675497 0.130504 0.429493 0.130367 0.450324 0.102272 0.453194 0.102272 0.453194 0.112307 0.429009 0.130504 0.429493 0.18171 0.409693 0.190446 0.430443 0.162984 0.441816 0.162984 0.441816 0.162008 0.429401 0.18171 0.409693 0.162008 0.429401 0.162984 0.441816 0.130367 0.450324 0.130367 0.450324 0.130504 0.429493 0.162008 0.429401 0.05766099 0.317321 0.097548 0.331195 0.099671 0.359683 0.099671 0.359683 0.05697995 0.351863 0.05766099 0.317321 0.760246 0.08310496 0.758149 0.05994796 0.770896 0.06511896 0.780599 0.07033497 0.772847 0.09098398 0.760246 0.08310496 0.760246 0.08310496 0.770896 0.06511896 0.780599 0.07033497 0.780599 0.07033497 0.79083 0.074081 0.780309 0.09487301 0.780309 0.09487301 0.772847 0.09098398 0.780599 0.07033497 0.05853098 0.252352 0.097314 0.26207 0.09737098 0.294037 0.09737098 0.294037 0.05747997 0.279987 0.05853098 0.252352 0.097314 0.26207 0.05853098 0.252352 0.05826795 0.233951 0.05826795 0.233951 0.1009899 0.231639 0.097314 0.26207 0.05766099 0.317321 0.05747997 0.279987 0.09737098 0.294037 0.09737098 0.294037 0.097548 0.331195 0.05766099 0.317321 0.097314 0.26207 0.117704 0.292515 0.113095 0.302298 0.220228 0.220872 0.17634 0.26496 0.183281 0.224038 0.220228 0.220872 0.1961899 0.258269 0.17634 0.26496 0.220228 0.220872 0.2130669 0.254978 0.1961899 0.258269 0.17634 0.26496 0.1619099 0.283438 0.141345 0.277238 0.141345 0.277238 0.139661 0.247779 0.17634 0.26496 0.1400279 0.228641 0.183281 0.224038 0.17634 0.26496 0.17634 0.26496 0.139661 0.247779 0.1400279 0.228641 0.221622 0.297027 0.221738 0.337249 0.195258 0.344406 0.195258 0.344406 0.197416 0.321508 0.221622 0.297027 0.18171 0.409693 0.1845149 0.395245 0.219656 0.363007 0.219656 0.363007 0.219492 0.393166 0.18171 0.409693 0.221738 0.337249 0.219656 0.363007 0.1845149 0.395245 0.1845149 0.395245 0.195258 0.344406 0.221738 0.337249 0.714507 0.067052 0.68732 0.07871997 0.684791 0.05629497 0.684791 0.05629497 0.714759 0.05367296 0.714507 0.067052 0.162008 0.429401 0.130504 0.429493 0.131971 0.415521 0.131971 0.415521 0.162686 0.415881 0.162008 0.429401 0.714759 0.05367296 0.733951 0.05494099 0.73588 0.06320899 0.73588 0.06320899 0.714507 0.067052 0.714759 0.05367296 0.130504 0.429493 0.1183699 0.41469 0.114544 0.397271 0.114544 0.397271 0.131971 0.415521 0.130504 0.429493 0.758149 0.05994796 0.73588 0.06320899 0.733951 0.05494099 0.05826795 0.233951 0.05853098 0.252352 0.01409399 0.252672 0.01409399 0.252672 0.01287496 0.232914 0.05826795 0.233951 0.05747997 0.279987 0.05766099 0.317321 0.01567399 0.314031 0.01567399 0.314031 0.01567399 0.278278 0.05747997 0.279987 0.05766099 0.317321 0.05697995 0.351863 0.01567399 0.348646 0.01567399 0.348646 0.01567399 0.314031 0.05766099 0.317321 0.05697995 0.351863 0.05684494 0.391099 0.01567196 0.392719 0.01567196 0.392719 0.01567399 0.348646 0.05697995 0.351863 0.05684494 0.391099 0.058685 0.428684 0.01566898 0.431471 0.01566898 0.431471 0.01567196 0.392719 0.05684494 0.391099 0.058685 0.428684 0.06211298 0.454544 0.01566398 0.455134 0.01566398 0.455134 0.01566898 0.431471 0.058685 0.428684 0.01399797 0.2018859 0.05676996 0.201715 0.05826795 0.233951 0.05826795 0.233951 0.01287496 0.232914 0.01399797 0.2018859 0.05676996 0.201715 0.101194 0.202036 0.1009899 0.231639 0.1009899 0.231639 0.05826795 0.233951 0.05676996 0.201715 0.101194 0.202036 0.143265 0.2015489 0.1400279 0.228641 0.1400279 0.228641 0.1009899 0.231639 0.101194 0.202036 0.143265 0.2015489 0.1833389 0.2031829 0.183281 0.224038 0.183281 0.224038 0.1400279 0.228641 0.143265 0.2015489 0.1833389 0.2031829 0.220839 0.200784 0.220228 0.220872 0.220228 0.220872 0.183281 0.224038 0.1833389 0.2031829 0.220839 0.200784 0.25553 0.200911 0.2475129 0.221629 0.2475129 0.221629 0.220228 0.220872 0.220839 0.200784 0.316211 0.201945 0.317216 0.222525 0.2475129 0.221629 0.2475129 0.221629 0.25553 0.200911 0.316211 0.201945 0.317216 0.222525 0.317264 0.2407169 0.249758 0.2451609 0.249758 0.2451609 0.2475129 0.221629 0.317216 0.222525 0.317386 0.287067 0.317605 0.328634 0.25473 0.332438 0.25473 0.332438 0.253552 0.284922 0.317386 0.287067 0.317605 0.328634 0.317386 0.357042 0.253227 0.358545 0.253227 0.358545 0.25473 0.332438 0.317605 0.328634 0.317386 0.357042 0.317386 0.381059 0.253159 0.381598 0.253159 0.381598 0.253227 0.358545 0.317386 0.357042 0.317386 0.381059 0.317386 0.408802 0.253071 0.414023 0.253071 0.414023 0.253159 0.381598 0.317386 0.381059 0.01566398 0.455134 0.06211298 0.454544 0.065804 0.470563 0.065804 0.470563 0.015661 0.472981 0.01566398 0.455134 0.102272 0.453194 0.130367 0.450324 0.130143 0.465369 0.130143 0.465369 0.065804 0.470563 0.102272 0.453194 0.130367 0.450324 0.162984 0.441816 0.164056 0.456866 0.164056 0.456866 0.130143 0.465369 0.130367 0.450324 0.162984 0.441816 0.190446 0.430443 0.202233 0.44597 0.202233 0.44597 0.164056 0.456866 0.162984 0.441816 0.218518 0.422207 0.253071 0.414023 0.25296 0.43539 0.25296 0.43539 0.202233 0.44597 0.218518 0.422207 0.253071 0.414023 0.317386 0.408802 0.317386 0.429675 0.317386 0.429675 0.25296 0.43539 0.253071 0.414023 0.015661 0.472981 0.065804 0.470563 0.06682997 0.504762 0.06682997 0.504762 0.01565897 0.507189 0.015661 0.472981 0.065804 0.470563 0.130143 0.465369 0.13069 0.499539 0.13069 0.499539 0.06682997 0.504762 0.065804 0.470563 0.130143 0.465369 0.164056 0.456866 0.164514 0.490999 0.164514 0.490999 0.13069 0.499539 0.130143 0.465369 0.164056 0.456866 0.202233 0.44597 0.198495 0.479959 0.198495 0.479959 0.164514 0.490999 0.164056 0.456866 0.202233 0.44597 0.25296 0.43539 0.253031 0.469186 0.253031 0.469186 0.198495 0.479959 0.202233 0.44597 0.25296 0.43539 0.317386 0.429675 0.317386 0.463347 0.317386 0.463347 0.253031 0.469186 0.25296 0.43539 0.01565897 0.507189 0.06682997 0.504762 0.06489795 0.537191 0.06489795 0.537191 0.01565796 0.539164 0.01565897 0.507189 0.06682997 0.504762 0.13069 0.499539 0.13024 0.526683 0.13024 0.526683 0.06489795 0.537191 0.06682997 0.504762 0.13069 0.499539 0.164514 0.490999 0.165113 0.512418 0.165113 0.512418 0.13024 0.526683 0.13069 0.499539 0.164514 0.490999 0.198495 0.479959 0.195734 0.50214 0.195734 0.50214 0.165113 0.512418 0.164514 0.490999 0.198495 0.479959 0.253031 0.469186 0.251832 0.497161 0.251832 0.497161 0.195734 0.50214 0.198495 0.479959 0.253031 0.469186 0.317386 0.463347 0.288891 0.495168 0.288891 0.495168 0.251832 0.497161 0.253031 0.469186 0.01565796 0.539164 0.06489795 0.537191 0.06172496 0.557468 0.06172496 0.557468 0.01567399 0.560458 0.01565796 0.539164 0.06489795 0.537191 0.13024 0.526683 0.1277289 0.553488 0.1277289 0.553488 0.06172496 0.557468 0.06489795 0.537191 0.165113 0.512418 0.1277289 0.553488 0.13024 0.526683 0.01567399 0.560458 0.06172496 0.557468 0.05904895 0.588855 0.05904895 0.588855 0.01567697 0.588852 0.01567399 0.560458 0.06172496 0.557468 0.1277289 0.553488 0.128713 0.588871 0.128713 0.588871 0.05904895 0.588855 0.06172496 0.557468 0.1277289 0.553488 0.165113 0.512418 0.16148 0.588895 0.16148 0.588895 0.128713 0.588871 0.1277289 0.553488 0.165113 0.512418 0.195734 0.50214 0.192965 0.588928 0.192965 0.588928 0.16148 0.588895 0.165113 0.512418 0.195734 0.50214 0.251832 0.497161 0.252391 0.589009 0.252391 0.589009 0.192965 0.588928 0.195734 0.50214 0.251832 0.497161 0.288891 0.495168 0.3173 0.589035 0.3173 0.589035 0.252391 0.589009 0.251832 0.497161 0.14594 0.399806 0.160802 0.398579 0.154703 0.391685 0.154703 0.391685 0.14594 0.393632 0.14594 0.399806 0.160802 0.398579 0.170473 0.389483 0.159879 0.387594 0.159879 0.387594 0.154703 0.391685 0.160802 0.398579 0.170473 0.389483 0.173115 0.376455 0.161685 0.375397 0.161685 0.375397 0.159879 0.387594 0.170473 0.389483 0.173115 0.376455 0.171225 0.358592 0.161685 0.375397 0.171225 0.358592 0.1616449 0.314713 0.146827 0.346627 0.146827 0.346627 0.161685 0.375397 0.171225 0.358592 0.1616449 0.314713 0.146827 0.300463 0.146827 0.346627 0.538987 0.921192 0.534078 0.921192 0.534078 0.925024 0.534078 0.925024 0.538987 0.925024 0.538987 0.921192 0.04788297 0.60791 0.080567 0.607953 0.08011895 0.658228 0.08011895 0.658228 0.04736495 0.658057 0.04788297 0.60791 0.080567 0.607953 0.142095 0.607389 0.142598 0.658228 0.142598 0.658228 0.08011895 0.658228 0.080567 0.607953 0.142095 0.607389 0.274617 0.607386 0.274501 0.656464 0.274501 0.656464 0.142598 0.658228 0.142095 0.607389 0.058685 0.428684 0.05684494 0.391099 0.104085 0.388124 0.130504 0.429493 0.112307 0.429009 0.1183699 0.41469 0.097548 0.331195 0.109749 0.336955 0.109995 0.367314 0.109995 0.367314 0.099671 0.359683 0.097548 0.331195 0.09737098 0.294037 0.111082 0.31017 0.109749 0.336955 0.109749 0.336955 0.097548 0.331195 0.09737098 0.294037 0.18171 0.409693 0.162008 0.429401 0.1845149 0.395245 0.68732 0.07871997 0.666103 0.06995397 0.684791 0.05629497 0.162686 0.415881 0.1845149 0.395245 0.162008 0.429401 0.104085 0.388124 0.099671 0.359683 0.109995 0.367314 0.109995 0.367314 0.114544 0.397271 0.104085 0.388124 0.1183699 0.41469 0.104085 0.388124 0.114544 0.397271 0.065804 0.470563 0.06211298 0.454544 0.102272 0.453194 0.190446 0.430443 0.218518 0.422207 0.202233 0.44597 0.568142 0.105354 0.567417 0.07508099 0.603299 0.07477998 0.603299 0.07477998 0.604405 0.106158 0.568142 0.105354 0.527883 0.105351 0.527684 0.08103597 0.567417 0.07508099 0.567417 0.07508099 0.568142 0.105354 0.527883 0.105351 0.480932 0.105807 0.48683 0.08538097 0.527684 0.08103597 0.527684 0.08103597 0.527883 0.105351 0.480932 0.105807 0.440236 0.105818 0.447604 0.08330398 0.48683 0.08538097 0.48683 0.08538097 0.480932 0.105807 0.440236 0.105818 0.410133 0.106677 0.414555 0.07873499 0.447604 0.08330398 0.447604 0.08330398 0.440236 0.105818 0.410133 0.106677 0.373887 0.108272 0.377505 0.07471197 0.414555 0.07873499 0.414555 0.07873499 0.410133 0.106677 0.373887 0.108272 0.317227 0.109391 0.317218 0.074036 0.377505 0.07471197 0.377505 0.07471197 0.373887 0.108272 0.317227 0.109391 0.571773 0.199892 0.570441 0.181131 0.60436 0.181979 0.60436 0.181979 0.603503 0.201348 0.571773 0.199892 0.316211 0.201945 0.31654 0.1821759 0.36886 0.181691 0.36886 0.181691 0.363919 0.199662 0.316211 0.201945 0.570441 0.181131 0.568128 0.157909 0.604357 0.155342 0.604357 0.155342 0.60436 0.181979 0.570441 0.181131 0.31654 0.1821759 0.31654 0.161729 0.368933 0.161806 0.368933 0.161806 0.36886 0.181691 0.31654 0.1821759 0.568128 0.157909 0.566846 0.135275 0.604353 0.135905 0.604353 0.135905 0.604357 0.155342 0.568128 0.157909 0.31654 0.161729 0.31654 0.138379 0.369034 0.137292 0.369034 0.137292 0.368933 0.161806 0.31654 0.161729 0.566846 0.135275 0.568142 0.105354 0.604405 0.106158 0.604405 0.106158 0.604353 0.135905 0.566846 0.135275 0.31654 0.138379 0.317227 0.109391 0.373887 0.108272 0.373887 0.108272 0.369034 0.137292 0.31654 0.138379 0.572696 0.250433 0.604244 0.253725 0.604598 0.278278 0.604598 0.278278 0.573286 0.279987 0.572696 0.250433 0.604244 0.253725 0.572696 0.250433 0.572271 0.229119 0.572271 0.229119 0.603971 0.234781 0.604244 0.253725 0.604598 0.314031 0.573064 0.321584 0.573286 0.279987 0.573286 0.279987 0.604598 0.278278 0.604598 0.314031 0.604598 0.348646 0.573511 0.354575 0.573064 0.321584 0.573064 0.321584 0.604598 0.314031 0.604598 0.348646 0.604594 0.392719 0.574064 0.391099 0.573511 0.354575 0.573511 0.354575 0.604598 0.348646 0.604594 0.392719 0.604589 0.431471 0.571809 0.428684 0.574064 0.391099 0.574064 0.391099 0.604594 0.392719 0.604589 0.431471 0.604579 0.455134 0.567606 0.454544 0.571809 0.428684 0.571809 0.428684 0.604589 0.431471 0.604579 0.455134 0.572271 0.229119 0.571773 0.199892 0.603503 0.201348 0.603503 0.201348 0.603971 0.234781 0.572271 0.229119 0.37531 0.221104 0.317216 0.222525 0.316211 0.201945 0.316211 0.201945 0.363919 0.199662 0.37531 0.221104 0.370193 0.284922 0.317386 0.287067 0.317264 0.2407169 0.317216 0.222525 0.37531 0.221104 0.37365 0.241814 0.369053 0.332358 0.317605 0.328634 0.317386 0.287067 0.317386 0.287067 0.370193 0.284922 0.369053 0.332358 0.370624 0.358545 0.317386 0.357042 0.317605 0.328634 0.317605 0.328634 0.369053 0.332358 0.370624 0.358545 0.370713 0.381598 0.317386 0.381059 0.317386 0.357042 0.317386 0.357042 0.370624 0.358545 0.370713 0.381598 0.370829 0.414023 0.317386 0.408802 0.317386 0.381059 0.317386 0.381059 0.370713 0.381598 0.370829 0.414023 0.563082 0.470563 0.567606 0.454544 0.604579 0.455134 0.604579 0.455134 0.604573 0.472981 0.563082 0.470563 0.317386 0.429675 0.317386 0.408802 0.370829 0.414023 0.370829 0.414023 0.370977 0.43539 0.317386 0.429675 0.561825 0.504762 0.563082 0.470563 0.604573 0.472981 0.604573 0.472981 0.604569 0.507189 0.561825 0.504762 0.513117 0.499539 0.513231 0.465369 0.563082 0.470563 0.563082 0.470563 0.561825 0.504762 0.513117 0.499539 0.477208 0.492085 0.47721 0.458382 0.513231 0.465369 0.513231 0.465369 0.513117 0.499539 0.477208 0.492085 0.421904 0.479959 0.424815 0.445826 0.47721 0.458382 0.47721 0.458382 0.477208 0.492085 0.421904 0.479959 0.370883 0.469186 0.370977 0.43539 0.424815 0.445826 0.424815 0.445826 0.421904 0.479959 0.370883 0.469186 0.317386 0.463347 0.317386 0.429675 0.370977 0.43539 0.370977 0.43539 0.370883 0.469186 0.317386 0.463347 0.564193 0.537191 0.561825 0.504762 0.604569 0.507189 0.604569 0.507189 0.604562 0.545886 0.564193 0.537191 0.513211 0.526683 0.513117 0.499539 0.561825 0.504762 0.561825 0.504762 0.564193 0.537191 0.513211 0.526683 0.476494 0.517233 0.477208 0.492085 0.513117 0.499539 0.513117 0.499539 0.513211 0.526683 0.476494 0.517233 0.424857 0.505843 0.421904 0.479959 0.477208 0.492085 0.477208 0.492085 0.476494 0.517233 0.424857 0.505843 0.370572 0.497161 0.370883 0.469186 0.421904 0.479959 0.421904 0.479959 0.424857 0.505843 0.370572 0.497161 0.347983 0.495168 0.317386 0.463347 0.370883 0.469186 0.370883 0.469186 0.370572 0.497161 0.347983 0.495168 0.56703 0.557355 0.564193 0.537191 0.604562 0.545886 0.604562 0.545886 0.604532 0.560844 0.56703 0.557355 0.515537 0.553873 0.513211 0.526683 0.564193 0.537191 0.564193 0.537191 0.56703 0.557355 0.515537 0.553873 0.513211 0.526683 0.515537 0.553873 0.476494 0.517233 0.570941 0.589625 0.56703 0.557355 0.604532 0.560844 0.604532 0.560844 0.604539 0.589623 0.570941 0.589625 0.515537 0.589642 0.515537 0.553873 0.56703 0.557355 0.56703 0.557355 0.570941 0.589625 0.515537 0.589642 0.479471 0.589665 0.476494 0.517233 0.515537 0.553873 0.515537 0.553873 0.515537 0.589642 0.479471 0.589665 0.425199 0.589695 0.424857 0.505843 0.476494 0.517233 0.476494 0.517233 0.479471 0.589665 0.425199 0.589695 0.37043 0.589009 0.370572 0.497161 0.424857 0.505843 0.424857 0.505843 0.425199 0.589695 0.37043 0.589009 0.3173 0.589035 0.347983 0.495168 0.370572 0.497161 0.370572 0.497161 0.37043 0.589009 0.3173 0.589035 0.138951 0.391685 0.132852 0.398579 0.14594 0.399806 0.14594 0.399806 0.14594 0.393632 0.138951 0.391685 0.1337749 0.387594 0.123181 0.389483 0.132852 0.398579 0.132852 0.398579 0.138951 0.391685 0.1337749 0.387594 0.131134 0.376065 0.120539 0.376455 0.123181 0.389483 0.123181 0.389483 0.1337749 0.387594 0.131134 0.376065 0.131134 0.376065 0.122429 0.358592 0.120539 0.376455 0.146827 0.346627 0.132009 0.314713 0.122429 0.358592 0.122429 0.358592 0.131134 0.376065 0.146827 0.346627 0.146827 0.346627 0.146827 0.300463 0.132009 0.314713 0.543896 0.925024 0.543896 0.921192 0.538987 0.921192 0.538987 0.921192 0.538987 0.925024 0.543896 0.925024 0.460095 0.658398 0.457239 0.607662 0.493052 0.607759 0.493052 0.607759 0.497182 0.65866 0.460095 0.658398 0.405519 0.658377 0.402888 0.60789 0.457239 0.607662 0.457239 0.607662 0.460095 0.658398 0.405519 0.658377 0.274501 0.656464 0.274617 0.607386 0.402888 0.60789 0.402888 0.60789 0.405519 0.658377 0.274501 0.656464 0.534078 0.936521 0.534078 0.940354 0.538987 0.940354 0.538987 0.940354 0.538987 0.936521 0.534078 0.936521 0.410374 0.714121 0.469535 0.721082 0.471344 0.74432 0.471344 0.74432 0.411172 0.727822 0.410374 0.714121 0.408503 0.695332 0.466655 0.703467 0.469535 0.721082 0.469535 0.721082 0.410374 0.714121 0.408503 0.695332 0.405519 0.658377 0.460095 0.658398 0.466655 0.703467 0.466655 0.703467 0.408503 0.695332 0.405519 0.658377 0.452619 0.752505 0.471344 0.74432 0.485519 0.76006 0.485519 0.76006 0.4726 0.763067 0.452619 0.752505 0.412154 0.741546 0.411172 0.727822 0.471344 0.74432 0.471344 0.74432 0.452619 0.752505 0.412154 0.741546 0.444132 0.758676 0.452619 0.752505 0.4726 0.763067 0.4726 0.763067 0.458426 0.766331 0.444132 0.758676 0.411676 0.752179 0.412154 0.741546 0.452619 0.752505 0.452619 0.752505 0.444132 0.758676 0.411676 0.752179 0.432905 0.772574 0.444132 0.758676 0.458426 0.766331 0.411197 0.787817 0.411676 0.752179 0.444132 0.758676 0.444132 0.758676 0.432905 0.772574 0.411197 0.787817 0.34541 0.761295 0.337117 0.744932 0.348025 0.745573 0.348025 0.745573 0.356129 0.75834 0.34541 0.761295 0.347329 0.791028 0.34541 0.761295 0.356129 0.75834 0.356129 0.75834 0.363487 0.791424 0.347329 0.791028 0.303484 0.761339 0.300087 0.756026 0.302509 0.735398 0.302509 0.735398 0.305679 0.75364 0.303484 0.761339 0.30004 0.775093 0.307734 0.76959 0.304668 0.791106 0.304668 0.791106 0.298404 0.790703 0.30004 0.775093 0.298404 0.790703 0.290918 0.789831 0.295643 0.776903 0.295643 0.776903 0.30004 0.775093 0.298404 0.790703 0.301724 0.718384 0.280901 0.715738 0.27372 0.709856 0.298493 0.722763 0.282846 0.720325 0.280901 0.715738 0.280901 0.715738 0.301724 0.718384 0.298493 0.722763 0.302509 0.735398 0.288293 0.728575 0.282846 0.720325 0.282846 0.720325 0.298493 0.722763 0.302509 0.735398 0.300087 0.756026 0.292257 0.748283 0.288293 0.728575 0.288293 0.728575 0.302509 0.735398 0.300087 0.756026 0.299294 0.762927 0.292767 0.755993 0.292257 0.748283 0.292257 0.748283 0.300087 0.756026 0.299294 0.762927 0.290918 0.789831 0.285932 0.78907 0.289716 0.777183 0.289716 0.777183 0.295643 0.776903 0.290918 0.789831 0.27372 0.709856 0.280901 0.715738 0.27372 0.715074 0.282846 0.720325 0.273719 0.719442 0.27372 0.715074 0.27372 0.715074 0.280901 0.715738 0.282846 0.720325 0.288293 0.728575 0.27353 0.725414 0.273719 0.719442 0.273719 0.719442 0.282846 0.720325 0.288293 0.728575 0.292257 0.748283 0.272881 0.742791 0.27353 0.725414 0.27353 0.725414 0.288293 0.728575 0.292257 0.748283 0.292767 0.755993 0.284412 0.751283 0.272881 0.742791 0.272881 0.742791 0.292257 0.748283 0.292767 0.755993 0.293199 0.762563 0.285032 0.7566 0.284412 0.751283 0.284412 0.751283 0.292767 0.755993 0.293199 0.762563 0.290873 0.764435 0.284144 0.761012 0.285032 0.7566 0.285032 0.7566 0.293199 0.762563 0.290873 0.764435 0.284854 0.771592 0.287034 0.769469 0.292233 0.769979 0.292233 0.769979 0.289611 0.772396 0.284854 0.771592 0.289716 0.777183 0.284318 0.777354 0.284854 0.771592 0.284854 0.771592 0.289611 0.772396 0.289716 0.777183 0.285932 0.78907 0.281456 0.788912 0.284318 0.777354 0.284318 0.777354 0.289716 0.777183 0.285932 0.78907 0.494839 0.795281 0.486068 0.777058 0.498189 0.775689 0.498189 0.775689 0.505249 0.795815 0.494839 0.795281 0.486068 0.777058 0.4726 0.763067 0.485519 0.76006 0.485519 0.76006 0.498189 0.775689 0.486068 0.777058 0.472437 0.781829 0.458426 0.766331 0.4726 0.763067 0.4726 0.763067 0.486068 0.777058 0.472437 0.781829 0.479674 0.793801 0.472437 0.781829 0.486068 0.777058 0.486068 0.777058 0.494839 0.795281 0.479674 0.793801 0.459586 0.786262 0.432905 0.772574 0.458426 0.766331 0.458426 0.766331 0.472437 0.781829 0.459586 0.786262 0.459586 0.786262 0.472437 0.781829 0.479674 0.793801 0.356129 0.75834 0.367181 0.747859 0.385965 0.790524 0.385965 0.790524 0.363487 0.791424 0.356129 0.75834 0.348025 0.745573 0.367181 0.747859 0.356129 0.75834 0.348025 0.745573 0.334476 0.730376 0.347855 0.7294 0.347855 0.7294 0.367181 0.747859 0.348025 0.745573 0.34541 0.761295 0.330147 0.761112 0.326859 0.743586 0.326859 0.743586 0.337117 0.744932 0.34541 0.761295 0.347329 0.791028 0.331384 0.789987 0.330147 0.761112 0.330147 0.761112 0.34541 0.761295 0.347329 0.791028 0.290873 0.764435 0.292233 0.769979 0.287034 0.769469 0.287034 0.769469 0.284144 0.761012 0.290873 0.764435 0.289611 0.772396 0.298428 0.772282 0.295643 0.776903 0.295643 0.776903 0.289716 0.777183 0.289611 0.772396 0.299294 0.762927 0.298428 0.772282 0.293199 0.762563 0.293199 0.762563 0.292767 0.755993 0.299294 0.762927 0.298428 0.772282 0.302383 0.77094 0.30004 0.775093 0.30004 0.775093 0.295643 0.776903 0.298428 0.772282 0.498189 0.775689 0.518 0.775449 0.522037 0.796516 0.522037 0.796516 0.505249 0.795815 0.498189 0.775689 0.485519 0.76006 0.511875 0.756893 0.518 0.775449 0.518 0.775449 0.498189 0.775689 0.485519 0.76006 0.511875 0.756893 0.485519 0.76006 0.471344 0.74432 0.471344 0.74432 0.508773 0.747752 0.511875 0.756893 0.508773 0.747752 0.471344 0.74432 0.507174 0.723009 0.466655 0.703467 0.505871 0.707646 0.507174 0.723009 0.507174 0.723009 0.469535 0.721082 0.466655 0.703467 0.460095 0.658398 0.497182 0.65866 0.505871 0.707646 0.505871 0.707646 0.466655 0.703467 0.460095 0.658398 0.307734 0.76959 0.317755 0.765495 0.316887 0.790285 0.316887 0.790285 0.304668 0.791106 0.307734 0.76959 0.317755 0.765495 0.330147 0.761112 0.331384 0.789987 0.331384 0.789987 0.316887 0.790285 0.317755 0.765495 0.317755 0.765495 0.307734 0.76959 0.305679 0.75364 0.305679 0.75364 0.31379 0.74062 0.317755 0.765495 0.31379 0.74062 0.326859 0.743586 0.330147 0.761112 0.330147 0.761112 0.317755 0.765495 0.31379 0.74062 0.298493 0.722763 0.310996 0.726194 0.31379 0.74062 0.31379 0.74062 0.302509 0.735398 0.298493 0.722763 0.310996 0.726194 0.328376 0.73461 0.326859 0.743586 0.326859 0.743586 0.31379 0.74062 0.310996 0.726194 0.301724 0.718384 0.312876 0.722619 0.310996 0.726194 0.310996 0.726194 0.298493 0.722763 0.301724 0.718384 0.312876 0.722619 0.334476 0.730376 0.328376 0.73461 0.328376 0.73461 0.310996 0.726194 0.312876 0.722619 0.27372 0.709856 0.31881 0.719175 0.312876 0.722619 0.312876 0.722619 0.301724 0.718384 0.27372 0.709856 0.274189 0.703648 0.33362 0.715308 0.31881 0.719175 0.31881 0.719175 0.27372 0.709856 0.274189 0.703648 0.33362 0.715308 0.347855 0.7294 0.334476 0.730376 0.334476 0.730376 0.31881 0.719175 0.33362 0.715308 0.274635 0.680354 0.408503 0.695332 0.410374 0.714121 0.410374 0.714121 0.274334 0.696288 0.274635 0.680354 0.274501 0.656464 0.405519 0.658377 0.408503 0.695332 0.408503 0.695332 0.274635 0.680354 0.274501 0.656464 0.538987 0.928856 0.543896 0.928856 0.543896 0.925024 0.543896 0.925024 0.538987 0.925024 0.538987 0.928856 0.538987 0.932689 0.543896 0.932689 0.543896 0.928856 0.543896 0.928856 0.538987 0.928856 0.538987 0.932689 0.543896 0.932689 0.538987 0.932689 0.538987 0.936521 0.538987 0.936521 0.543896 0.936521 0.543896 0.932689 0.538987 0.940354 0.543896 0.940354 0.543896 0.936521 0.543896 0.936521 0.538987 0.936521 0.538987 0.940354 0.538987 0.944186 0.543896 0.944186 0.543896 0.940354 0.543896 0.940354 0.538987 0.940354 0.538987 0.944186 0.538987 0.948018 0.543896 0.948018 0.543896 0.944186 0.543896 0.944186 0.538987 0.944186 0.538987 0.948018 0.273714 0.777349 0.284318 0.777354 0.281456 0.788912 0.281456 0.788912 0.273748 0.789322 0.273714 0.777349 0.273714 0.770696 0.284854 0.771592 0.284318 0.777354 0.284318 0.777354 0.273714 0.777349 0.273714 0.770696 0.287034 0.769469 0.284854 0.771592 0.273714 0.770696 0.273714 0.770696 0.273116 0.766214 0.287034 0.769469 0.273418 0.761066 0.284144 0.761012 0.287034 0.769469 0.287034 0.769469 0.273116 0.766214 0.273418 0.761066 0.273594 0.75675 0.285032 0.7566 0.284144 0.761012 0.284144 0.761012 0.273418 0.761066 0.273594 0.75675 0.274585 0.750212 0.284412 0.751283 0.285032 0.7566 0.285032 0.7566 0.273594 0.75675 0.274585 0.750212 0.272881 0.742791 0.284412 0.751283 0.274585 0.750212 0.410374 0.714121 0.33362 0.715308 0.274189 0.703648 0.274189 0.703648 0.274334 0.696288 0.410374 0.714121 0.412154 0.741546 0.347855 0.7294 0.33362 0.715308 0.411676 0.752179 0.367181 0.747859 0.347855 0.7294 0.347855 0.7294 0.412154 0.741546 0.411676 0.752179 0.367181 0.747859 0.411676 0.752179 0.385965 0.790524 0.411197 0.787817 0.385965 0.790524 0.411676 0.752179 0.307734 0.76959 0.301607 0.765172 0.303484 0.761339 0.302383 0.77094 0.301607 0.765172 0.307734 0.76959 0.30004 0.775093 0.302383 0.77094 0.307734 0.76959 0.328376 0.73461 0.348025 0.745573 0.337117 0.744932 0.348025 0.745573 0.328376 0.73461 0.334476 0.730376 0.337117 0.744932 0.326859 0.743586 0.328376 0.73461 0.298428 0.772282 0.290873 0.764435 0.293199 0.762563 0.298428 0.772282 0.289611 0.772396 0.292233 0.769979 0.298428 0.772282 0.301607 0.765172 0.302383 0.77094 0.290873 0.764435 0.298428 0.772282 0.292233 0.769979 0.469535 0.721082 0.507174 0.723009 0.471344 0.74432 0.31881 0.719175 0.334476 0.730376 0.312876 0.722619 0.33362 0.715308 0.410374 0.714121 0.411172 0.727822 0.411172 0.727822 0.412154 0.741546 0.33362 0.715308 0.464937 0.933858 0.483145 0.953736 0.465224 0.965533 0.465224 0.965533 0.447923 0.943689 0.464937 0.933858 0.474893 0.911551 0.491942 0.928634 0.483145 0.953736 0.483145 0.953736 0.464937 0.933858 0.474893 0.911551 0.483145 0.953736 0.495448 0.960144 0.47987 0.973274 0.47987 0.973274 0.465224 0.965533 0.483145 0.953736 0.491942 0.928634 0.504588 0.934441 0.495448 0.960144 0.495448 0.960144 0.483145 0.953736 0.491942 0.928634 0.499469 0.8814 0.499871 0.850555 0.51015 0.850562 0.51015 0.850562 0.509962 0.881155 0.499469 0.8814 0.481481 0.882219 0.482069 0.851045 0.499871 0.850555 0.499871 0.850555 0.499469 0.8814 0.481481 0.882219 0.447169 0.881226 0.444281 0.862442 0.482069 0.851045 0.482069 0.851045 0.481481 0.882219 0.447169 0.881226 0.496535 0.908519 0.499469 0.8814 0.509962 0.881155 0.509962 0.881155 0.508153 0.906647 0.496535 0.908519 0.491942 0.928634 0.496535 0.908519 0.508153 0.906647 0.508153 0.906647 0.504588 0.934441 0.491942 0.928634 0.474893 0.911551 0.481481 0.882219 0.499469 0.8814 0.499469 0.8814 0.496535 0.908519 0.474893 0.911551 0.496535 0.908519 0.491942 0.928634 0.474893 0.911551 0.474893 0.911551 0.464937 0.933858 0.452499 0.913845 0.452499 0.913845 0.447169 0.881226 0.481481 0.882219 0.481481 0.882219 0.474893 0.911551 0.452499 0.913845 0.464937 0.933858 0.447923 0.943689 0.452499 0.913845 0.34663 0.912864 0.333569 0.882271 0.349632 0.881098 0.349632 0.881098 0.359746 0.912405 0.34663 0.912864 0.323881 0.912974 0.309275 0.912986 0.311086 0.884388 0.333569 0.882271 0.34663 0.912864 0.323881 0.912974 0.323881 0.912974 0.311086 0.884388 0.333569 0.882271 0.334747 0.934514 0.317769 0.939226 0.309275 0.912986 0.309275 0.912986 0.323881 0.912974 0.334747 0.934514 0.354214 0.924878 0.334747 0.934514 0.323881 0.912974 0.323881 0.912974 0.34663 0.912864 0.354214 0.924878 0.354342 0.952851 0.338427 0.960003 0.317769 0.939226 0.317769 0.939226 0.334747 0.934514 0.354342 0.952851 0.369698 0.934981 0.354342 0.952851 0.334747 0.934514 0.334747 0.934514 0.354214 0.924878 0.369698 0.934981 0.456839 0.848974 0.444281 0.862442 0.424556 0.854863 0.424556 0.854863 0.423771 0.848778 0.439349 0.847557 0.439349 0.847557 0.456839 0.848974 0.424556 0.854863 0.423771 0.848778 0.422412 0.843374 0.433154 0.842964 0.433154 0.842964 0.439349 0.847557 0.423771 0.848778 0.428815 0.781173 0.432905 0.772574 0.44015 0.781294 0.419677 0.783619 0.411197 0.787817 0.432905 0.772574 0.432905 0.772574 0.428815 0.781173 0.419677 0.783619 0.411197 0.787817 0.419677 0.783619 0.42721 0.786971 0.428815 0.781173 0.42721 0.786971 0.419677 0.783619 0.44015 0.781294 0.42721 0.786971 0.428815 0.781173 0.422412 0.843374 0.422078 0.841145 0.432757 0.841346 0.432757 0.841346 0.433154 0.842964 0.422412 0.843374 0.494839 0.795281 0.505249 0.795815 0.508662 0.815101 0.508662 0.815101 0.498244 0.814897 0.494839 0.795281 0.479674 0.793801 0.494839 0.795281 0.498244 0.814897 0.498244 0.814897 0.482301 0.815889 0.479674 0.793801 0.452517 0.815764 0.460859 0.816535 0.455334 0.832293 0.482301 0.815889 0.465235 0.816691 0.459586 0.786262 0.459586 0.786262 0.479674 0.793801 0.482301 0.815889 0.460859 0.816535 0.453925 0.787947 0.459586 0.786262 0.459586 0.786262 0.465235 0.816691 0.460859 0.816535 0.448167 0.789929 0.453925 0.787947 0.460859 0.816535 0.460859 0.816535 0.452517 0.815764 0.448167 0.789929 0.44972 0.814511 0.443505 0.792738 0.448167 0.789929 0.448167 0.789929 0.452517 0.815764 0.44972 0.814511 0.286717 0.829885 0.281276 0.831168 0.279675 0.818632 0.279675 0.818632 0.286991 0.813681 0.286717 0.829885 0.349632 0.881098 0.342961 0.863175 0.372679 0.86052 0.372679 0.86052 0.374367 0.881119 0.349632 0.881098 0.342961 0.863175 0.349632 0.881098 0.333569 0.882271 0.333569 0.882271 0.329367 0.868273 0.342961 0.863175 0.311086 0.884388 0.311314 0.869858 0.329367 0.868273 0.329367 0.868273 0.333569 0.882271 0.311086 0.884388 0.296637 0.885631 0.298509 0.866799 0.311314 0.869858 0.311314 0.869858 0.311086 0.884388 0.296637 0.885631 0.31894 0.848395 0.324485 0.852157 0.317407 0.854543 0.325775 0.855036 0.316828 0.858218 0.317407 0.854543 0.317407 0.854543 0.324485 0.852157 0.325775 0.855036 0.314706 0.840177 0.323645 0.842505 0.31894 0.848395 0.331372 0.846945 0.324485 0.852157 0.31894 0.848395 0.31894 0.848395 0.323645 0.842505 0.331372 0.846945 0.333203 0.849193 0.325775 0.855036 0.324485 0.852157 0.324485 0.852157 0.331372 0.846945 0.333203 0.849193 0.294971 0.843829 0.299808 0.850866 0.297786 0.853806 0.297786 0.853806 0.291498 0.845484 0.294971 0.843829 0.302007 0.84262 0.308042 0.848989 0.299808 0.850866 0.299808 0.850866 0.294971 0.843829 0.302007 0.84262 0.314706 0.840177 0.308042 0.848989 0.302007 0.84262 0.314706 0.840177 0.318326 0.829537 0.32682 0.835954 0.32682 0.835954 0.318326 0.829537 0.328302 0.827293 0.328302 0.827293 0.336217 0.837589 0.32682 0.835954 0.298922 0.830031 0.295265 0.828274 0.303891 0.820513 0.303891 0.820513 0.306422 0.824484 0.298922 0.830031 0.294971 0.843829 0.295152 0.83818 0.302007 0.84262 0.302007 0.84262 0.295152 0.83818 0.298922 0.830031 0.298922 0.830031 0.307616 0.829582 0.302007 0.84262 0.314706 0.840177 0.302007 0.84262 0.307616 0.829582 0.314706 0.840177 0.32682 0.835954 0.323645 0.842505 0.336217 0.837589 0.331372 0.846945 0.323645 0.842505 0.323645 0.842505 0.32682 0.835954 0.336217 0.837589 0.331372 0.846945 0.336217 0.837589 0.339282 0.840811 0.339282 0.840811 0.333203 0.849193 0.331372 0.846945 0.44015 0.781294 0.459586 0.786262 0.453925 0.787947 0.453925 0.787947 0.448167 0.789929 0.44015 0.781294 0.44015 0.781294 0.432905 0.772574 0.459586 0.786262 0.443505 0.792738 0.42721 0.786971 0.44015 0.781294 0.44015 0.781294 0.448167 0.789929 0.443505 0.792738 0.433154 0.842964 0.432757 0.841346 0.44339 0.837059 0.44339 0.837059 0.445076 0.839294 0.433154 0.842964 0.452517 0.815764 0.445076 0.839294 0.44339 0.837059 0.44339 0.837059 0.44972 0.814511 0.452517 0.815764 0.455334 0.832293 0.448295 0.842466 0.445076 0.839294 0.445076 0.839294 0.452517 0.815764 0.455334 0.832293 0.448295 0.842466 0.439349 0.847557 0.433154 0.842964 0.433154 0.842964 0.445076 0.839294 0.448295 0.842466 0.465235 0.816691 0.456839 0.848974 0.455334 0.832293 0.455334 0.832293 0.460859 0.816535 0.465235 0.816691 0.439349 0.847557 0.448295 0.842466 0.456839 0.848974 0.482301 0.815889 0.482069 0.851045 0.456839 0.848974 0.456839 0.848974 0.465235 0.816691 0.482301 0.815889 0.482069 0.851045 0.444281 0.862442 0.456839 0.848974 0.498244 0.814897 0.499871 0.850555 0.482069 0.851045 0.482069 0.851045 0.482301 0.815889 0.498244 0.814897 0.508662 0.815101 0.51015 0.850562 0.499871 0.850555 0.499871 0.850555 0.498244 0.814897 0.508662 0.815101 0.354342 0.952851 0.388245 0.963401 0.379569 0.972962 0.379569 0.972962 0.338427 0.960003 0.354342 0.952851 0.369698 0.934981 0.395581 0.94105 0.388245 0.963401 0.388245 0.963401 0.354342 0.952851 0.369698 0.934981 0.373032 0.912436 0.397886 0.912919 0.395581 0.94105 0.395581 0.94105 0.369698 0.934981 0.373032 0.912436 0.374367 0.881119 0.395651 0.881019 0.397886 0.912919 0.397886 0.912919 0.373032 0.912436 0.374367 0.881119 0.372679 0.86052 0.39471 0.860454 0.395651 0.881019 0.395651 0.881019 0.374367 0.881119 0.372679 0.86052 0.369719 0.831447 0.392476 0.832392 0.39471 0.860454 0.39471 0.860454 0.372679 0.86052 0.369719 0.831447 0.365601 0.809297 0.369719 0.831447 0.344288 0.825282 0.344288 0.825282 0.347218 0.807329 0.365601 0.809297 0.389061 0.81082 0.392476 0.832392 0.369719 0.831447 0.369719 0.831447 0.365601 0.809297 0.389061 0.81082 0.422078 0.841145 0.414278 0.834556 0.432757 0.841346 0.44339 0.837059 0.432757 0.841346 0.414278 0.834556 0.414278 0.834556 0.412217 0.812324 0.44339 0.837059 0.412217 0.812324 0.44972 0.814511 0.44339 0.837059 0.412217 0.812324 0.443505 0.792738 0.44972 0.814511 0.443505 0.792738 0.412217 0.812324 0.42721 0.786971 0.412217 0.812324 0.411197 0.787817 0.42721 0.786971 0.365601 0.809297 0.363487 0.791424 0.385965 0.790524 0.385965 0.790524 0.389061 0.81082 0.365601 0.809297 0.347218 0.807329 0.347329 0.791028 0.363487 0.791424 0.363487 0.791424 0.365601 0.809297 0.347218 0.807329 0.332567 0.806083 0.331384 0.789987 0.347329 0.791028 0.347329 0.791028 0.347218 0.807329 0.332567 0.806083 0.298693 0.805746 0.298404 0.790703 0.304668 0.791106 0.304668 0.791106 0.305195 0.805075 0.298693 0.805746 0.282502 0.796187 0.278551 0.795687 0.281456 0.788912 0.281456 0.788912 0.285932 0.78907 0.282502 0.796187 0.282834 0.799367 0.278062 0.797415 0.278551 0.795687 0.278551 0.795687 0.282502 0.796187 0.282834 0.799367 0.284065 0.805962 0.279362 0.806405 0.278796 0.80101 0.278796 0.80101 0.282834 0.799367 0.284065 0.805962 0.284565 0.812368 0.286991 0.813681 0.279675 0.818632 0.279675 0.818632 0.279403 0.813654 0.284565 0.812368 0.284565 0.812368 0.279403 0.813654 0.279362 0.806405 0.279362 0.806405 0.284065 0.805962 0.284565 0.812368 0.284065 0.805962 0.288347 0.805644 0.288203 0.812011 0.288203 0.812011 0.284565 0.812368 0.284065 0.805962 0.282834 0.799367 0.287651 0.799541 0.288347 0.805644 0.288347 0.805644 0.284065 0.805962 0.282834 0.799367 0.287651 0.799541 0.291567 0.801809 0.291054 0.804923 0.291054 0.804923 0.288347 0.805644 0.287651 0.799541 0.287713 0.79724 0.282502 0.796187 0.285932 0.78907 0.285932 0.78907 0.290918 0.789831 0.287713 0.79724 0.294156 0.795338 0.291567 0.801809 0.287713 0.79724 0.287713 0.79724 0.290918 0.789831 0.294156 0.795338 0.291054 0.804923 0.291567 0.801809 0.292774 0.804604 0.298693 0.805746 0.294445 0.803641 0.294156 0.795338 0.294445 0.803641 0.292774 0.804604 0.291567 0.801809 0.291567 0.801809 0.294156 0.795338 0.294445 0.803641 0.292293 0.809458 0.29083 0.80993 0.291054 0.804923 0.291054 0.804923 0.292774 0.804604 0.292293 0.809458 0.294445 0.803641 0.298693 0.805746 0.293862 0.809244 0.293862 0.809244 0.292293 0.809458 0.292774 0.804604 0.292774 0.804604 0.294445 0.803641 0.293862 0.809244 0.293862 0.809244 0.297739 0.816457 0.293873 0.822781 0.293873 0.822781 0.291278 0.818078 0.293862 0.809244 0.291278 0.818078 0.286991 0.813681 0.292293 0.809458 0.292293 0.809458 0.293862 0.809244 0.291278 0.818078 0.286991 0.813681 0.288203 0.812011 0.29083 0.80993 0.29083 0.80993 0.292293 0.809458 0.286991 0.813681 0.291278 0.818078 0.293873 0.822781 0.291024 0.829122 0.291024 0.829122 0.286717 0.829885 0.291278 0.818078 0.286991 0.813681 0.291278 0.818078 0.286717 0.829885 0.286361 0.841887 0.282115 0.843128 0.281276 0.831168 0.281276 0.831168 0.286717 0.829885 0.286361 0.841887 0.286361 0.841887 0.287611 0.853946 0.283011 0.855745 0.283011 0.855745 0.282115 0.843128 0.286361 0.841887 0.287611 0.853946 0.289321 0.86513 0.2829 0.86645 0.2829 0.86645 0.283011 0.855745 0.287611 0.853946 0.309275 0.912986 0.291655 0.912999 0.287445 0.886756 0.287445 0.886756 0.296637 0.885631 0.309275 0.912986 0.317769 0.939226 0.297888 0.942849 0.291655 0.912999 0.291655 0.912999 0.309275 0.912986 0.317769 0.939226 0.338427 0.960003 0.313727 0.965658 0.297888 0.942849 0.297888 0.942849 0.317769 0.939226 0.338427 0.960003 0.379569 0.972962 0.355478 0.978822 0.313727 0.965658 0.313727 0.965658 0.338427 0.960003 0.379569 0.972962 0.495448 0.960144 0.513576 0.962905 0.499786 0.978499 0.499786 0.978499 0.47987 0.973274 0.495448 0.960144 0.504588 0.934441 0.518957 0.936392 0.513576 0.962905 0.513576 0.962905 0.495448 0.960144 0.504588 0.934441 0.508153 0.906647 0.522037 0.906787 0.518957 0.936392 0.518957 0.936392 0.504588 0.934441 0.508153 0.906647 0.509962 0.881155 0.523172 0.88103 0.522037 0.906787 0.522037 0.906787 0.508153 0.906647 0.509962 0.881155 0.51015 0.850562 0.523607 0.850586 0.523172 0.88103 0.523172 0.88103 0.509962 0.881155 0.51015 0.850562 0.508662 0.815101 0.523533 0.815247 0.523607 0.850586 0.523607 0.850586 0.51015 0.850562 0.508662 0.815101 0.505249 0.795815 0.522037 0.796516 0.523533 0.815247 0.523533 0.815247 0.508662 0.815101 0.505249 0.795815 0.295152 0.83818 0.294971 0.843829 0.291498 0.845484 0.291498 0.845484 0.290212 0.83847 0.295152 0.83818 0.286361 0.841887 0.286717 0.829885 0.291024 0.829122 0.291024 0.829122 0.290212 0.83847 0.286361 0.841887 0.295265 0.828274 0.298922 0.830031 0.295152 0.83818 0.295152 0.83818 0.290212 0.83847 0.295265 0.828274 0.305195 0.805075 0.302029 0.819053 0.297739 0.816457 0.297739 0.816457 0.298693 0.805746 0.305195 0.805075 0.297739 0.816457 0.302029 0.819053 0.293958 0.82814 0.293958 0.82814 0.293873 0.822781 0.297739 0.816457 0.302029 0.819053 0.303891 0.820513 0.295265 0.828274 0.295265 0.828274 0.293958 0.82814 0.302029 0.819053 0.344288 0.825282 0.331066 0.823402 0.332567 0.806083 0.332567 0.806083 0.347218 0.807329 0.344288 0.825282 0.342451 0.83532 0.344288 0.825282 0.369719 0.831447 0.329831 0.825314 0.342451 0.83532 0.336217 0.837589 0.336217 0.837589 0.328302 0.827293 0.329831 0.825314 0.342451 0.83532 0.339282 0.840811 0.336217 0.837589 0.369719 0.831447 0.372679 0.86052 0.346086 0.842169 0.346086 0.842169 0.342451 0.83532 0.369719 0.831447 0.337015 0.852536 0.346086 0.842169 0.342961 0.863175 0.337015 0.852536 0.333203 0.849193 0.339282 0.840811 0.339282 0.840811 0.346086 0.842169 0.337015 0.852536 0.329367 0.868273 0.327303 0.859421 0.337015 0.852536 0.337015 0.852536 0.342961 0.863175 0.329367 0.868273 0.327303 0.859421 0.325775 0.855036 0.333203 0.849193 0.333203 0.849193 0.337015 0.852536 0.327303 0.859421 0.329367 0.868273 0.311314 0.869858 0.316361 0.862965 0.316361 0.862965 0.327303 0.859421 0.329367 0.868273 0.316361 0.862965 0.316828 0.858218 0.325775 0.855036 0.325775 0.855036 0.327303 0.859421 0.316361 0.862965 0.287611 0.853946 0.290744 0.851025 0.294083 0.859248 0.294083 0.859248 0.289321 0.86513 0.287611 0.853946 0.290744 0.851025 0.287611 0.853946 0.286361 0.841887 0.286361 0.841887 0.290212 0.83847 0.290744 0.851025 0.290744 0.851025 0.291498 0.845484 0.297786 0.853806 0.297786 0.853806 0.295822 0.856449 0.290744 0.851025 0.306611 0.862604 0.298509 0.866799 0.294083 0.859248 0.294083 0.859248 0.295822 0.856449 0.306611 0.862604 0.306611 0.862604 0.316361 0.862965 0.311314 0.869858 0.297786 0.853806 0.307588 0.858433 0.306611 0.862604 0.306611 0.862604 0.295822 0.856449 0.297786 0.853806 0.307588 0.858433 0.316828 0.858218 0.316361 0.862965 0.316361 0.862965 0.306611 0.862604 0.307588 0.858433 0.307175 0.854774 0.317407 0.854543 0.316828 0.858218 0.316828 0.858218 0.307588 0.858433 0.307175 0.854774 0.299808 0.850866 0.307175 0.854774 0.307588 0.858433 0.307588 0.858433 0.297786 0.853806 0.299808 0.850866 0.308042 0.848989 0.31894 0.848395 0.317407 0.854543 0.317407 0.854543 0.307175 0.854774 0.308042 0.848989 0.307175 0.854774 0.299808 0.850866 0.308042 0.848989 0.314706 0.840177 0.31894 0.848395 0.308042 0.848989 0.314706 0.840177 0.307616 0.829582 0.318326 0.829537 0.306422 0.824484 0.307616 0.829582 0.298922 0.830031 0.306422 0.824484 0.3194 0.824292 0.318326 0.829537 0.318326 0.829537 0.307616 0.829582 0.306422 0.824484 0.318326 0.829537 0.3194 0.824292 0.328302 0.827293 0.303891 0.820513 0.318581 0.820322 0.3194 0.824292 0.3194 0.824292 0.306422 0.824484 0.303891 0.820513 0.318581 0.820322 0.329831 0.825314 0.328302 0.827293 0.328302 0.827293 0.3194 0.824292 0.318581 0.820322 0.302029 0.819053 0.318594 0.818878 0.318581 0.820322 0.318581 0.820322 0.303891 0.820513 0.302029 0.819053 0.318594 0.818878 0.331066 0.823402 0.329831 0.825314 0.329831 0.825314 0.318581 0.820322 0.318594 0.818878 0.318281 0.805281 0.332567 0.806083 0.331066 0.823402 0.331066 0.823402 0.318594 0.818878 0.318281 0.805281 0.305195 0.805075 0.318281 0.805281 0.318594 0.818878 0.318594 0.818878 0.302029 0.819053 0.305195 0.805075 0.304668 0.791106 0.316887 0.790285 0.318281 0.805281 0.318281 0.805281 0.305195 0.805075 0.304668 0.791106 0.316887 0.790285 0.331384 0.789987 0.332567 0.806083 0.332567 0.806083 0.318281 0.805281 0.316887 0.790285 0.538987 0.951851 0.543896 0.951851 0.543896 0.948018 0.543896 0.948018 0.538987 0.948018 0.538987 0.951851 0.538987 0.957599 0.543896 0.957599 0.543896 0.951851 0.543896 0.951851 0.538987 0.951851 0.538987 0.957599 0.538987 0.963348 0.543896 0.963348 0.543896 0.957599 0.543896 0.957599 0.538987 0.957599 0.538987 0.963348 0.538987 0.96718 0.543896 0.96718 0.543896 0.963348 0.543896 0.963348 0.538987 0.963348 0.538987 0.96718 0.538987 0.971013 0.543896 0.971013 0.543896 0.96718 0.543896 0.96718 0.538987 0.96718 0.538987 0.971013 0.538987 0.974845 0.543896 0.974845 0.543896 0.971013 0.543896 0.971013 0.538987 0.971013 0.538987 0.974845 0.538987 0.978678 0.543896 0.978678 0.543896 0.974845 0.543896 0.974845 0.538987 0.974845 0.538987 0.978678 0.538987 0.990175 0.543896 0.990175 0.543896 0.986342 0.543896 0.986342 0.538987 0.986342 0.538987 0.990175 0.538987 0.994007 0.543896 0.994007 0.543896 0.990175 0.543896 0.990175 0.538987 0.990175 0.538987 0.994007 0.538987 0.99784 0.543896 0.99784 0.543896 0.994007 0.543896 0.994007 0.538987 0.994007 0.538987 0.99784 0.273738 0.887487 0.287445 0.886756 0.291655 0.912999 0.291655 0.912999 0.273741 0.913015 0.273738 0.887487 0.273739 0.867283 0.2829 0.86645 0.287445 0.886756 0.287445 0.886756 0.273738 0.887487 0.273739 0.867283 0.273739 0.857027 0.283011 0.855745 0.2829 0.86645 0.2829 0.86645 0.273739 0.867283 0.273739 0.857027 0.273734 0.844001 0.282115 0.843128 0.283011 0.855745 0.283011 0.855745 0.273739 0.857027 0.273734 0.844001 0.273734 0.844001 0.273733 0.831223 0.281276 0.831168 0.281276 0.831168 0.282115 0.843128 0.273734 0.844001 0.273715 0.819859 0.279675 0.818632 0.281276 0.831168 0.281276 0.831168 0.273733 0.831223 0.273715 0.819859 0.273714 0.813654 0.279403 0.813654 0.279675 0.818632 0.279675 0.818632 0.273715 0.819859 0.273714 0.813654 0.273713 0.8062 0.279362 0.806405 0.279403 0.813654 0.279403 0.813654 0.273714 0.813654 0.273713 0.8062 0.273713 0.800344 0.278796 0.80101 0.279362 0.806405 0.279362 0.806405 0.273713 0.8062 0.273713 0.800344 0.273714 0.796085 0.278062 0.797415 0.278796 0.80101 0.278796 0.80101 0.273713 0.800344 0.273714 0.796085 0.273714 0.795552 0.278551 0.795687 0.278062 0.797415 0.278062 0.797415 0.273714 0.796085 0.273714 0.795552 0.273748 0.789322 0.281456 0.788912 0.278551 0.795687 0.278551 0.795687 0.273714 0.795552 0.273748 0.789322 0.412217 0.812324 0.389061 0.81082 0.385965 0.790524 0.385965 0.790524 0.411197 0.787817 0.412217 0.812324 0.414278 0.834556 0.392476 0.832392 0.389061 0.81082 0.389061 0.81082 0.412217 0.812324 0.414278 0.834556 0.415756 0.862211 0.39471 0.860454 0.392476 0.832392 0.392476 0.832392 0.414278 0.834556 0.415756 0.862211 0.444281 0.862442 0.415756 0.862211 0.414278 0.834556 0.414278 0.834556 0.424556 0.854863 0.444281 0.862442 0.417294 0.881485 0.395651 0.881019 0.39471 0.860454 0.39471 0.860454 0.415756 0.862211 0.417294 0.881485 0.447169 0.881226 0.417294 0.881485 0.415756 0.862211 0.415756 0.862211 0.444281 0.862442 0.447169 0.881226 0.420611 0.914181 0.397886 0.912919 0.395651 0.881019 0.395651 0.881019 0.417294 0.881485 0.420611 0.914181 0.452499 0.913845 0.420611 0.914181 0.417294 0.881485 0.417294 0.881485 0.447169 0.881226 0.452499 0.913845 0.420717 0.943477 0.395581 0.94105 0.397886 0.912919 0.397886 0.912919 0.420611 0.914181 0.420717 0.943477 0.447923 0.943689 0.420717 0.943477 0.420611 0.914181 0.420611 0.914181 0.452499 0.913845 0.447923 0.943689 0.465224 0.965533 0.42657 0.967029 0.420717 0.943477 0.420717 0.943477 0.447923 0.943689 0.465224 0.965533 0.42657 0.967029 0.388245 0.963401 0.395581 0.94105 0.395581 0.94105 0.420717 0.943477 0.42657 0.967029 0.47987 0.973274 0.434087 0.975632 0.42657 0.967029 0.42657 0.967029 0.465224 0.965533 0.47987 0.973274 0.434087 0.975632 0.379569 0.972962 0.388245 0.963401 0.388245 0.963401 0.42657 0.967029 0.434087 0.975632 0.499786 0.978499 0.451408 0.981553 0.434087 0.975632 0.434087 0.975632 0.47987 0.973274 0.499786 0.978499 0.451408 0.981553 0.355478 0.978822 0.379569 0.972962 0.379569 0.972962 0.434087 0.975632 0.451408 0.981553 0.538987 0.978678 0.538987 0.98251 0.543896 0.98251 0.543896 0.98251 0.543896 0.978678 0.538987 0.978678 0.538987 0.98251 0.538987 0.986342 0.543896 0.986342 0.543896 0.986342 0.543896 0.98251 0.538987 0.98251 0.369698 0.934981 0.354214 0.924878 0.359746 0.912405 0.359746 0.912405 0.373032 0.912436 0.369698 0.934981 0.349632 0.881098 0.374367 0.881119 0.373032 0.912436 0.373032 0.912436 0.359746 0.912405 0.349632 0.881098 0.354214 0.924878 0.34663 0.912864 0.359746 0.912405 0.309275 0.912986 0.296637 0.885631 0.311086 0.884388 0.455334 0.832293 0.456839 0.848974 0.448295 0.842466 0.298693 0.805746 0.294156 0.795338 0.298404 0.790703 0.294156 0.795338 0.290918 0.789831 0.298404 0.790703 0.278062 0.797415 0.282834 0.799367 0.278796 0.80101 0.29083 0.80993 0.288347 0.805644 0.291054 0.804923 0.288347 0.805644 0.29083 0.80993 0.288203 0.812011 0.287651 0.799541 0.282834 0.799367 0.282502 0.796187 0.282502 0.796187 0.287713 0.79724 0.287651 0.799541 0.287713 0.79724 0.291567 0.801809 0.287651 0.799541 0.297739 0.816457 0.293862 0.809244 0.298693 0.805746 0.288203 0.812011 0.286991 0.813681 0.284565 0.812368 0.289321 0.86513 0.298509 0.866799 0.296637 0.885631 0.298509 0.866799 0.289321 0.86513 0.294083 0.859248 0.287445 0.886756 0.2829 0.86645 0.289321 0.86513 0.296637 0.885631 0.287445 0.886756 0.289321 0.86513 0.293873 0.822781 0.293958 0.82814 0.291024 0.829122 0.290212 0.83847 0.291024 0.829122 0.293958 0.82814 0.290212 0.83847 0.293958 0.82814 0.295265 0.828274 0.342451 0.83532 0.329831 0.825314 0.331066 0.823402 0.342451 0.83532 0.331066 0.823402 0.344288 0.825282 0.342961 0.863175 0.346086 0.842169 0.372679 0.86052 0.346086 0.842169 0.339282 0.840811 0.342451 0.83532 0.291498 0.845484 0.290744 0.851025 0.290212 0.83847 0.294083 0.859248 0.290744 0.851025 0.295822 0.856449 0.298509 0.866799 0.306611 0.862604 0.311314 0.869858 0.414278 0.834556 0.422412 0.843374 0.423771 0.848778 0.414278 0.834556 0.423771 0.848778 0.424556 0.854863 0.422412 0.843374 0.414278 0.834556 0.422078 0.841145 0.122826 0.842843 0.112835 0.842841 0.134921 0.835814 0.08502697 0.96562 0.06497299 0.953823 0.08415895 0.933945 0.08415895 0.933945 0.1007609 0.943776 0.08502697 0.96562 0.06497299 0.953823 0.05772799 0.931014 0.07327198 0.91025 0.07327198 0.91025 0.08415895 0.933945 0.06497299 0.953823 0.07037299 0.97384 0.05134397 0.959982 0.06497299 0.953823 0.06497299 0.953823 0.08502697 0.96562 0.07037299 0.97384 0.05134397 0.959982 0.04398798 0.934229 0.05772799 0.931014 0.05772799 0.931014 0.06497299 0.953823 0.05134397 0.959982 0.039653 0.85065 0.05305194 0.850642 0.05320298 0.881077 0.05320298 0.881077 0.03990495 0.881079 0.039653 0.85065 0.05305194 0.850642 0.06767696 0.84936 0.07001197 0.880859 0.07001197 0.880859 0.05320298 0.881077 0.05305194 0.850642 0.06767696 0.84936 0.09540498 0.858223 0.09449797 0.881127 0.09449797 0.881127 0.07001197 0.880859 0.06767696 0.84936 0.03990495 0.881079 0.05320298 0.881077 0.05460399 0.907936 0.05460399 0.907936 0.04112499 0.90685 0.03990495 0.881079 0.04112499 0.90685 0.05460399 0.907936 0.05772799 0.931014 0.05772799 0.931014 0.04398798 0.934229 0.04112499 0.90685 0.05320298 0.881077 0.07001197 0.880859 0.07327198 0.91025 0.07327198 0.91025 0.05460399 0.907936 0.05320298 0.881077 0.05772799 0.931014 0.05460399 0.907936 0.07327198 0.91025 0.07327198 0.91025 0.09406298 0.912886 0.08415895 0.933945 0.07001197 0.880859 0.09449797 0.881127 0.09406298 0.912886 0.09406298 0.912886 0.07327198 0.91025 0.07001197 0.880859 0.1007609 0.943776 0.08415895 0.933945 0.09406298 0.912886 0.187231 0.881098 0.202503 0.882271 0.192992 0.912864 0.192992 0.912864 0.18085 0.911618 0.187231 0.881098 0.224053 0.884399 0.2291319 0.912986 0.213529 0.912974 0.213529 0.912974 0.192992 0.912864 0.202503 0.882271 0.202503 0.882271 0.224053 0.884399 0.213529 0.912974 0.2291319 0.912986 0.22095 0.939226 0.204641 0.934514 0.204641 0.934514 0.213529 0.912974 0.2291319 0.912986 0.213529 0.912974 0.204641 0.934514 0.1860139 0.924948 0.1860139 0.924948 0.192992 0.912864 0.213529 0.912974 0.22095 0.939226 0.200906 0.960003 0.1855649 0.952851 0.1855649 0.952851 0.204641 0.934514 0.22095 0.939226 0.204641 0.934514 0.1855649 0.952851 0.172012 0.934981 0.172012 0.934981 0.1860139 0.924948 0.204641 0.934514 0.08236199 0.746084 0.080302 0.721121 0.14473 0.715842 0.14473 0.715842 0.145242 0.730782 0.08236199 0.746084 0.080302 0.721121 0.07982498 0.704876 0.144186 0.699143 0.144186 0.699143 0.14473 0.715842 0.080302 0.721121 0.07982498 0.704876 0.08011895 0.658228 0.142598 0.658228 0.142598 0.658228 0.144186 0.699143 0.07982498 0.704876 0.10621 0.851285 0.108964 0.847655 0.124929 0.847918 0.124929 0.847918 0.108964 0.847655 0.110902 0.845015 0.110902 0.845015 0.123715 0.845301 0.124929 0.847918 0.10448 0.773856 0.128111 0.777968 0.112271 0.781936 0.10448 0.773856 0.1461589 0.787913 0.136228 0.779869 0.136228 0.779869 0.128111 0.777968 0.10448 0.773856 0.1461589 0.787913 0.128935 0.785372 0.136228 0.779869 0.128111 0.777968 0.136228 0.779869 0.128935 0.785372 0.115978 0.786239 0.112271 0.781936 0.128111 0.777968 0.128111 0.777968 0.128935 0.785372 0.115978 0.786239 0.122826 0.842843 0.123715 0.845301 0.110902 0.845015 0.110902 0.845015 0.112835 0.842841 0.122826 0.842843 0.04116296 0.815188 0.04440295 0.795902 0.05829197 0.795369 0.05829197 0.795369 0.05481898 0.814984 0.04116296 0.815188 0.065032 0.760101 0.08236199 0.746084 0.098594 0.752513 0.098594 0.752513 0.08175998 0.763155 0.065032 0.760101 0.08236199 0.746084 0.145242 0.730782 0.144811 0.738795 0.144811 0.738795 0.098594 0.752513 0.08236199 0.746084 0.05481898 0.814984 0.05829197 0.795369 0.07242298 0.796156 0.07242298 0.796156 0.06977897 0.814953 0.05481898 0.814984 0.08175998 0.763155 0.098594 0.752513 0.103474 0.760926 0.103474 0.760926 0.090065 0.767935 0.08175998 0.763155 0.098594 0.752513 0.144811 0.738795 0.144823 0.750948 0.144823 0.750948 0.103474 0.760926 0.098594 0.752513 0.10448 0.773856 0.090065 0.767935 0.103474 0.760926 0.10448 0.773856 0.103474 0.760926 0.144823 0.750948 0.144823 0.750948 0.1461589 0.787913 0.10448 0.773856 0.193128 0.745573 0.203844 0.744932 0.197595 0.761295 0.197595 0.761295 0.186669 0.761142 0.193128 0.745573 0.186669 0.761142 0.197595 0.761295 0.1924369 0.791411 0.1924369 0.791411 0.176406 0.791935 0.186669 0.761142 0.246748 0.748606 0.237045 0.763933 0.242676 0.735398 0.234182 0.789481 0.237045 0.763933 0.243794 0.767922 0.243794 0.767922 0.2460989 0.790507 0.234182 0.789481 0.250291 0.770719 0.255034 0.789685 0.2460989 0.790507 0.2460989 0.790507 0.243794 0.767922 0.250291 0.770719 0.27372 0.709856 0.263886 0.716783 0.2460229 0.719695 0.263886 0.716783 0.259603 0.721166 0.246708 0.724472 0.246708 0.724472 0.2460229 0.719695 0.263886 0.716783 0.259603 0.721166 0.258001 0.728575 0.242676 0.735398 0.242676 0.735398 0.246708 0.724472 0.259603 0.721166 0.258001 0.728575 0.25651 0.74428 0.246748 0.748606 0.246748 0.748606 0.242676 0.735398 0.258001 0.728575 0.25651 0.74428 0.255767 0.752999 0.247767 0.755738 0.247767 0.755738 0.246748 0.748606 0.25651 0.74428 0.256159 0.773439 0.259933 0.789355 0.255034 0.789685 0.255034 0.789685 0.250291 0.770719 0.256159 0.773439 0.102233 0.834752 0.097817 0.833642 0.09280395 0.817209 0.09280395 0.817209 0.09829998 0.817538 0.102233 0.834752 0.09140199 0.831965 0.09280395 0.817209 0.097817 0.833642 0.09280395 0.817209 0.09140199 0.831965 0.09026795 0.816858 0.08972001 0.792388 0.084185 0.816141 0.06977897 0.814953 0.06977897 0.814953 0.07242298 0.796156 0.08972001 0.792388 0.08972001 0.792388 0.096417 0.796403 0.09026795 0.816858 0.09026795 0.816858 0.084185 0.816141 0.08972001 0.792388 0.09939301 0.79868 0.09026795 0.816858 0.096417 0.796403 0.09026795 0.816858 0.09939301 0.79868 0.09280395 0.817209 0.09939301 0.79868 0.104124 0.801174 0.09829998 0.817538 0.09829998 0.817538 0.09280395 0.817209 0.09939301 0.79868 0.27372 0.709856 0.27372 0.715074 0.263886 0.716783 0.27372 0.715074 0.273719 0.719442 0.259603 0.721166 0.259603 0.721166 0.263886 0.716783 0.27372 0.715074 0.273719 0.719442 0.27353 0.725414 0.258001 0.728575 0.258001 0.728575 0.259603 0.721166 0.273719 0.719442 0.27353 0.725414 0.272881 0.742791 0.25651 0.74428 0.25651 0.74428 0.258001 0.728575 0.27353 0.725414 0.272881 0.742791 0.263039 0.751237 0.255767 0.752999 0.255767 0.752999 0.25651 0.74428 0.272881 0.742791 0.263039 0.751237 0.262568 0.75665 0.255518 0.75814 0.255518 0.75814 0.255767 0.752999 0.263039 0.751237 0.262568 0.75665 0.263729 0.760934 0.256544 0.761555 0.256544 0.761555 0.255518 0.75814 0.262568 0.75665 0.261405 0.765719 0.26269 0.769685 0.256397 0.768754 0.256397 0.768754 0.255746 0.764433 0.261405 0.765719 0.26269 0.769685 0.263287 0.775773 0.256159 0.773439 0.256159 0.773439 0.256397 0.768754 0.26269 0.769685 0.263287 0.775773 0.265617 0.789351 0.259933 0.789355 0.259933 0.789355 0.256159 0.773439 0.263287 0.775773 0.266136 0.818632 0.265765 0.830959 0.254991 0.829378 0.254991 0.829378 0.256733 0.813903 0.266136 0.818632 0.169919 0.86052 0.191509 0.86271 0.187231 0.881098 0.187231 0.881098 0.16932 0.881119 0.169919 0.86052 0.202503 0.882271 0.187231 0.881098 0.191509 0.86271 0.191509 0.86271 0.2011449 0.867719 0.202503 0.882271 0.2011449 0.867719 0.2202759 0.870659 0.224053 0.884399 0.224053 0.884399 0.202503 0.882271 0.2011449 0.867719 0.2202759 0.870659 0.234947 0.868665 0.24185 0.885842 0.24185 0.885842 0.224053 0.884399 0.2202759 0.870659 0.208998 0.852555 0.215049 0.84758 0.215382 0.85523 0.215382 0.85523 0.214148 0.858486 0.206947 0.854749 0.206947 0.854749 0.208998 0.852555 0.215382 0.85523 0.235136 0.829136 0.2310529 0.837397 0.221414 0.826748 0.221414 0.826748 0.225497 0.823125 0.235136 0.829136 0.218051 0.837852 0.221414 0.826748 0.2310529 0.837397 0.218051 0.837852 0.215049 0.84758 0.207798 0.840581 0.215049 0.84758 0.208998 0.852555 0.202623 0.84647 0.202623 0.84647 0.207798 0.840581 0.215049 0.84758 0.208998 0.852555 0.206947 0.854749 0.200229 0.848603 0.200229 0.848603 0.202623 0.84647 0.208998 0.852555 0.233947 0.856487 0.232149 0.851015 0.237217 0.845322 0.237217 0.845322 0.2431859 0.845822 0.233947 0.856487 0.225847 0.847261 0.237217 0.845322 0.232149 0.851015 0.196093 0.83802 0.204997 0.826803 0.207257 0.831395 0.226777 0.820075 0.238925 0.827866 0.235136 0.829136 0.235136 0.829136 0.225497 0.823125 0.226777 0.820075 0.237217 0.845322 0.225847 0.847261 0.2310529 0.837397 0.2310529 0.837397 0.239674 0.838669 0.237217 0.845322 0.2310529 0.837397 0.235136 0.829136 0.239674 0.838669 0.218051 0.837852 0.2310529 0.837397 0.225847 0.847261 0.218051 0.837852 0.207798 0.840581 0.207257 0.831395 0.196093 0.83802 0.207257 0.831395 0.207798 0.840581 0.196093 0.83802 0.207798 0.840581 0.202623 0.84647 0.194404 0.840691 0.196093 0.83802 0.202623 0.84647 0.202623 0.84647 0.200229 0.848603 0.194404 0.840691 0.05226194 0.775776 0.06791096 0.777145 0.05829197 0.795369 0.05829197 0.795369 0.04440295 0.795902 0.05226194 0.775776 0.065032 0.760101 0.08175998 0.763155 0.06791096 0.777145 0.06791096 0.777145 0.05226194 0.775776 0.065032 0.760101 0.08175998 0.763155 0.090065 0.767935 0.08053499 0.78067 0.08053499 0.78067 0.06791096 0.777145 0.08175998 0.763155 0.06791096 0.777145 0.08053499 0.78067 0.07242298 0.796156 0.07242298 0.796156 0.05829197 0.795369 0.06791096 0.777145 0.090065 0.767935 0.10448 0.773856 0.08972001 0.792388 0.08972001 0.792388 0.08053499 0.78067 0.090065 0.767935 0.08972001 0.792388 0.07242298 0.796156 0.08053499 0.78067 0.10448 0.773856 0.096417 0.796403 0.08972001 0.792388 0.096417 0.796403 0.10448 0.773856 0.112271 0.781936 0.112271 0.781936 0.09939301 0.79868 0.096417 0.796403 0.112271 0.781936 0.115978 0.786239 0.104124 0.801174 0.104124 0.801174 0.09939301 0.79868 0.112271 0.781936 0.110902 0.845015 0.097817 0.833642 0.102233 0.834752 0.102233 0.834752 0.112835 0.842841 0.110902 0.845015 0.09744095 0.841394 0.09140199 0.831965 0.097817 0.833642 0.110902 0.845015 0.108964 0.847655 0.09744095 0.841394 0.09744095 0.841394 0.097817 0.833642 0.110902 0.845015 0.09540498 0.858223 0.08878499 0.844726 0.10621 0.851285 0.09140199 0.831965 0.08878499 0.844726 0.084185 0.816141 0.084185 0.816141 0.09026795 0.816858 0.09140199 0.831965 0.108964 0.847655 0.10621 0.851285 0.08878499 0.844726 0.08878499 0.844726 0.09744095 0.841394 0.108964 0.847655 0.08878499 0.844726 0.06767696 0.84936 0.06977897 0.814953 0.06977897 0.814953 0.084185 0.816141 0.08878499 0.844726 0.08878499 0.844726 0.09540498 0.858223 0.06767696 0.84936 0.06767696 0.84936 0.05305194 0.850642 0.05481898 0.814984 0.05481898 0.814984 0.06977897 0.814953 0.06767696 0.84936 0.05305194 0.850642 0.039653 0.85065 0.04116296 0.815188 0.04116296 0.815188 0.05481898 0.814984 0.05305194 0.850642 0.162298 0.9731 0.154605 0.963488 0.1855649 0.952851 0.1855649 0.952851 0.200906 0.960003 0.162298 0.9731 0.154605 0.963488 0.148328 0.941138 0.172012 0.934981 0.172012 0.934981 0.1855649 0.952851 0.154605 0.963488 0.148328 0.941138 0.1479409 0.912817 0.169571 0.912972 0.169571 0.912972 0.172012 0.934981 0.148328 0.941138 0.1479409 0.912817 0.148447 0.881107 0.16932 0.881119 0.16932 0.881119 0.169571 0.912972 0.1479409 0.912817 0.148447 0.881107 0.1494269 0.860541 0.169919 0.86052 0.169919 0.86052 0.16932 0.881119 0.148447 0.881107 0.1494269 0.860541 0.151049 0.83375 0.1726289 0.832136 0.1726289 0.832136 0.169919 0.86052 0.1494269 0.860541 0.158103 0.79205 0.176675 0.747689 0.186669 0.761142 0.186669 0.761142 0.176406 0.791935 0.158103 0.79205 0.176675 0.747689 0.193128 0.745573 0.186669 0.761142 0.191806 0.72964 0.208798 0.729654 0.193128 0.745573 0.193128 0.745573 0.176675 0.747689 0.191806 0.72964 0.212013 0.743933 0.2104 0.761483 0.197595 0.761295 0.197595 0.761295 0.203844 0.744932 0.212013 0.743933 0.2104 0.761483 0.206736 0.791604 0.1924369 0.791411 0.1924369 0.791411 0.197595 0.761295 0.2104 0.761483 0.191241 0.825058 0.1726289 0.832136 0.174177 0.809297 0.174177 0.809297 0.19234 0.80737 0.191241 0.825058 0.1726289 0.832136 0.151049 0.83375 0.154424 0.813333 0.154424 0.813333 0.174177 0.809297 0.1726289 0.832136 0.112835 0.842841 0.102233 0.834752 0.134921 0.835814 0.09829998 0.817538 0.14054 0.815863 0.134921 0.835814 0.134921 0.835814 0.102233 0.834752 0.09829998 0.817538 0.115978 0.786239 0.14054 0.815863 0.104124 0.801174 0.14054 0.815863 0.09829998 0.817538 0.104124 0.801174 0.128935 0.785372 0.1461589 0.787913 0.14054 0.815863 0.14054 0.815863 0.115978 0.786239 0.128935 0.785372 0.158103 0.79205 0.176406 0.791935 0.174177 0.809297 0.174177 0.809297 0.154424 0.813333 0.158103 0.79205 0.176406 0.791935 0.1924369 0.791411 0.19234 0.80737 0.19234 0.80737 0.174177 0.809297 0.176406 0.791935 0.1924369 0.791411 0.206736 0.791604 0.204941 0.806561 0.204941 0.806561 0.19234 0.80737 0.1924369 0.791411 0.234182 0.789481 0.2460989 0.790507 0.2426699 0.805437 0.2426699 0.805437 0.230672 0.805222 0.234182 0.789481 0.261405 0.765719 0.255746 0.764433 0.256544 0.761555 0.256544 0.761555 0.263729 0.760934 0.261405 0.765719 0.250291 0.770719 0.24861 0.763078 0.256397 0.768754 0.256397 0.768754 0.256159 0.773439 0.250291 0.770719 0.255518 0.75814 0.24861 0.763078 0.247767 0.755738 0.247767 0.755738 0.255767 0.752999 0.255518 0.75814 0.24861 0.763078 0.250291 0.770719 0.243794 0.767922 0.243794 0.767922 0.244774 0.763213 0.24861 0.763078 0.265617 0.789351 0.267878 0.796123 0.26273 0.796476 0.26273 0.796476 0.259933 0.789355 0.265617 0.789351 0.267878 0.796123 0.268177 0.797415 0.261793 0.799367 0.261793 0.799367 0.26273 0.796476 0.267878 0.796123 0.266942 0.80101 0.266106 0.806405 0.260328 0.805962 0.260328 0.805962 0.261793 0.799367 0.266942 0.80101 0.266136 0.818632 0.256733 0.813903 0.259806 0.812368 0.259806 0.812368 0.266219 0.813654 0.266136 0.818632 0.266106 0.806405 0.266219 0.813654 0.259806 0.812368 0.259806 0.812368 0.260328 0.805962 0.266106 0.806405 0.256205 0.811892 0.255433 0.805644 0.260328 0.805962 0.260328 0.805962 0.259806 0.812368 0.256205 0.811892 0.255433 0.805644 0.25622 0.799541 0.261793 0.799367 0.261793 0.799367 0.260328 0.805962 0.255433 0.805644 0.252628 0.804983 0.251901 0.802418 0.25622 0.799541 0.25622 0.799541 0.255433 0.805644 0.252628 0.804983 0.259933 0.789355 0.26273 0.796476 0.256199 0.79724 0.256199 0.79724 0.255034 0.789685 0.259933 0.789355 0.256199 0.79724 0.251901 0.802418 0.249163 0.795338 0.249163 0.795338 0.255034 0.789685 0.256199 0.79724 0.252628 0.804983 0.251141 0.804604 0.251901 0.802418 0.2426699 0.805437 0.249163 0.795338 0.249166 0.804622 0.251901 0.802418 0.251141 0.804604 0.249166 0.804622 0.249166 0.804622 0.249163 0.795338 0.251901 0.802418 0.252628 0.804983 0.253783 0.809514 0.252545 0.80944 0.252545 0.80944 0.251141 0.804604 0.252628 0.804983 0.2426699 0.805437 0.249166 0.804622 0.250111 0.810443 0.251141 0.804604 0.252545 0.80944 0.250111 0.810443 0.250111 0.810443 0.249166 0.804622 0.251141 0.804604 0.245474 0.822521 0.243025 0.815622 0.250111 0.810443 0.250111 0.810443 0.252552 0.817092 0.245474 0.822521 0.252545 0.80944 0.256733 0.813903 0.252552 0.817092 0.252552 0.817092 0.250111 0.810443 0.252545 0.80944 0.253783 0.809514 0.256205 0.811892 0.256733 0.813903 0.256733 0.813903 0.252545 0.80944 0.253783 0.809514 0.245953 0.829194 0.245474 0.822521 0.252552 0.817092 0.252552 0.817092 0.254991 0.829378 0.245953 0.829194 0.256733 0.813903 0.254991 0.829378 0.252552 0.817092 0.265765 0.830959 0.265225 0.843406 0.255219 0.842223 0.255219 0.842223 0.254991 0.829378 0.265765 0.830959 0.265175 0.855745 0.255105 0.85386 0.255219 0.842223 0.255219 0.842223 0.265225 0.843406 0.265175 0.855745 0.26219 0.86645 0.255169 0.86513 0.255105 0.85386 0.255105 0.85386 0.265175 0.855745 0.26219 0.86645 0.254126 0.886756 0.251596 0.912999 0.2291319 0.912986 0.2291319 0.912986 0.24185 0.885842 0.254126 0.886756 0.251596 0.912999 0.246152 0.942849 0.22095 0.939226 0.22095 0.939226 0.2291319 0.912986 0.251596 0.912999 0.246152 0.942849 0.229422 0.965658 0.200906 0.960003 0.200906 0.960003 0.22095 0.939226 0.246152 0.942849 0.229422 0.965658 0.182192 0.985115 0.162298 0.9731 0.162298 0.9731 0.200906 0.960003 0.229422 0.965658 0.04663598 0.978586 0.03299498 0.962992 0.05134397 0.959982 0.05134397 0.959982 0.07037299 0.97384 0.04663598 0.978586 0.03299498 0.962992 0.02864396 0.936479 0.04398798 0.934229 0.04398798 0.934229 0.05134397 0.959982 0.03299498 0.962992 0.02864396 0.936479 0.02659696 0.906874 0.04112499 0.90685 0.04112499 0.90685 0.04398798 0.934229 0.02864396 0.936479 0.02659696 0.906874 0.02590698 0.881084 0.03990495 0.881079 0.03990495 0.881079 0.04112499 0.90685 0.02659696 0.906874 0.02590698 0.881084 0.02600198 0.850674 0.039653 0.85065 0.039653 0.85065 0.03990495 0.881079 0.02590698 0.881084 0.02600198 0.850674 0.02704995 0.815335 0.04116296 0.815188 0.04116296 0.815188 0.039653 0.85065 0.02600198 0.850674 0.02704995 0.815335 0.02903199 0.796424 0.04440295 0.795902 0.04440295 0.795902 0.04116296 0.815188 0.02704995 0.815335 0.02903199 0.796424 0.03414297 0.775536 0.05226194 0.775776 0.05226194 0.775776 0.04440295 0.795902 0.02903199 0.796424 0.03414297 0.775536 0.04245996 0.75698 0.065032 0.760101 0.065032 0.760101 0.05226194 0.775776 0.03414297 0.775536 0.065032 0.760101 0.04245996 0.75698 0.04655295 0.74784 0.04655295 0.74784 0.08236199 0.746084 0.065032 0.760101 0.04655295 0.74784 0.04862999 0.723047 0.08236199 0.746084 0.04862999 0.723047 0.04729795 0.705003 0.07982498 0.704876 0.07982498 0.704876 0.080302 0.721121 0.04862999 0.723047 0.04729795 0.705003 0.04736495 0.658057 0.08011895 0.658228 0.08011895 0.658228 0.07982498 0.704876 0.04729795 0.705003 0.2431859 0.845822 0.237217 0.845322 0.239674 0.838669 0.239674 0.838669 0.245402 0.841009 0.2431859 0.845822 0.245953 0.829194 0.254991 0.829378 0.255219 0.842223 0.255219 0.842223 0.245402 0.841009 0.245953 0.829194 0.239674 0.838669 0.235136 0.829136 0.238925 0.827866 0.238925 0.827866 0.245402 0.841009 0.239674 0.838669 0.243025 0.815622 0.227234 0.817801 0.230672 0.805222 0.230672 0.805222 0.2426699 0.805437 0.243025 0.815622 0.2414489 0.827004 0.227234 0.817801 0.243025 0.815622 0.243025 0.815622 0.245474 0.822521 0.2414489 0.827004 0.238925 0.827866 0.226777 0.820075 0.227234 0.817801 0.227234 0.817801 0.2414489 0.827004 0.238925 0.827866 0.204941 0.806561 0.200569 0.82448 0.191241 0.825058 0.191241 0.825058 0.19234 0.80737 0.204941 0.806561 0.191241 0.825058 0.19142 0.835479 0.1726289 0.832136 0.196093 0.83802 0.19142 0.835479 0.20209 0.824801 0.20209 0.824801 0.204997 0.826803 0.196093 0.83802 0.194404 0.840691 0.19142 0.835479 0.196093 0.83802 0.189589 0.842191 0.169919 0.86052 0.1726289 0.832136 0.1726289 0.832136 0.19142 0.835479 0.189589 0.842191 0.196586 0.85271 0.191509 0.86271 0.189589 0.842191 0.194404 0.840691 0.200229 0.848603 0.196586 0.85271 0.196586 0.85271 0.189589 0.842191 0.194404 0.840691 0.196586 0.85271 0.204704 0.859695 0.2011449 0.867719 0.2011449 0.867719 0.191509 0.86271 0.196586 0.85271 0.200229 0.848603 0.206947 0.854749 0.204704 0.859695 0.204704 0.859695 0.196586 0.85271 0.200229 0.848603 0.214404 0.86329 0.2202759 0.870659 0.2011449 0.867719 0.2011449 0.867719 0.204704 0.859695 0.214404 0.86329 0.206947 0.854749 0.214148 0.858486 0.214404 0.86329 0.214404 0.86329 0.204704 0.859695 0.206947 0.854749 0.240398 0.859519 0.2458209 0.850259 0.255105 0.85386 0.255105 0.85386 0.255169 0.86513 0.240398 0.859519 0.255219 0.842223 0.255105 0.85386 0.2458209 0.850259 0.2458209 0.850259 0.245402 0.841009 0.255219 0.842223 0.233947 0.856487 0.2431859 0.845822 0.2458209 0.850259 0.2458209 0.850259 0.238224 0.856528 0.233947 0.856487 0.240398 0.859519 0.234947 0.868665 0.224649 0.862924 0.224649 0.862924 0.238224 0.856528 0.240398 0.859519 0.214404 0.86329 0.224649 0.862924 0.2202759 0.870659 0.224649 0.862924 0.223107 0.85966 0.233947 0.856487 0.233947 0.856487 0.238224 0.856528 0.224649 0.862924 0.214404 0.86329 0.214148 0.858486 0.223107 0.85966 0.223107 0.85966 0.224649 0.862924 0.214404 0.86329 0.214148 0.858486 0.215382 0.85523 0.2236959 0.85498 0.2236959 0.85498 0.223107 0.85966 0.214148 0.858486 0.223107 0.85966 0.2236959 0.85498 0.232149 0.851015 0.232149 0.851015 0.233947 0.856487 0.223107 0.85966 0.215382 0.85523 0.215049 0.84758 0.225847 0.847261 0.225847 0.847261 0.2236959 0.85498 0.215382 0.85523 0.225847 0.847261 0.232149 0.851015 0.2236959 0.85498 0.218051 0.837852 0.225847 0.847261 0.215049 0.84758 0.218051 0.837852 0.207257 0.831395 0.221414 0.826748 0.225497 0.823125 0.221414 0.826748 0.214038 0.823602 0.207257 0.831395 0.204997 0.826803 0.214038 0.823602 0.214038 0.823602 0.221414 0.826748 0.207257 0.831395 0.214038 0.823602 0.213001 0.820078 0.226777 0.820075 0.226777 0.820075 0.225497 0.823125 0.214038 0.823602 0.204997 0.826803 0.20209 0.824801 0.213001 0.820078 0.213001 0.820078 0.214038 0.823602 0.204997 0.826803 0.213001 0.820078 0.213167 0.817754 0.227234 0.817801 0.227234 0.817801 0.226777 0.820075 0.213001 0.820078 0.20209 0.824801 0.200569 0.82448 0.213167 0.817754 0.213167 0.817754 0.213001 0.820078 0.20209 0.824801 0.200569 0.82448 0.204941 0.806561 0.217709 0.805454 0.217709 0.805454 0.213167 0.817754 0.200569 0.82448 0.213167 0.817754 0.217709 0.805454 0.230672 0.805222 0.230672 0.805222 0.227234 0.817801 0.213167 0.817754 0.217709 0.805454 0.220553 0.790491 0.234182 0.789481 0.234182 0.789481 0.230672 0.805222 0.217709 0.805454 0.204941 0.806561 0.206736 0.791604 0.220553 0.790491 0.220553 0.790491 0.217709 0.805454 0.204941 0.806561 0.220553 0.790491 0.223533 0.763101 0.237045 0.763933 0.237045 0.763933 0.234182 0.789481 0.220553 0.790491 0.206736 0.791604 0.2104 0.761483 0.223533 0.763101 0.223533 0.763101 0.220553 0.790491 0.206736 0.791604 0.223533 0.763101 0.227015 0.740613 0.242676 0.735398 0.242676 0.735398 0.237045 0.763933 0.223533 0.763101 0.2104 0.761483 0.212013 0.743933 0.227015 0.740613 0.227015 0.740613 0.223533 0.763101 0.2104 0.761483 0.227015 0.740613 0.230323 0.726972 0.246708 0.724472 0.246708 0.724472 0.242676 0.735398 0.227015 0.740613 0.212013 0.743933 0.211598 0.73461 0.230323 0.726972 0.230323 0.726972 0.227015 0.740613 0.212013 0.743933 0.230323 0.726972 0.228893 0.724417 0.2460229 0.719695 0.2460229 0.719695 0.246708 0.724472 0.230323 0.726972 0.211598 0.73461 0.208798 0.729654 0.228893 0.724417 0.228893 0.724417 0.230323 0.726972 0.211598 0.73461 0.228893 0.724417 0.223543 0.721715 0.27372 0.709856 0.27372 0.709856 0.2460229 0.719695 0.228893 0.724417 0.223543 0.721715 0.20199 0.721332 0.274189 0.703648 0.274189 0.703648 0.27372 0.709856 0.223543 0.721715 0.208798 0.729654 0.191806 0.72964 0.20199 0.721332 0.20199 0.721332 0.223543 0.721715 0.208798 0.729654 0.14473 0.715842 0.144186 0.699143 0.274635 0.680354 0.274635 0.680354 0.274334 0.696288 0.14473 0.715842 0.144186 0.699143 0.142598 0.658228 0.274501 0.656464 0.274501 0.656464 0.274635 0.680354 0.144186 0.699143 0.534078 0.925024 0.534078 0.928856 0.538987 0.928856 0.538987 0.928856 0.538987 0.925024 0.534078 0.925024 0.534078 0.928856 0.534078 0.932689 0.538987 0.932689 0.538987 0.932689 0.538987 0.928856 0.534078 0.928856 0.534078 0.932689 0.534078 0.936521 0.538987 0.936521 0.538987 0.936521 0.538987 0.932689 0.534078 0.932689 0.534078 0.940354 0.534078 0.944186 0.538987 0.944186 0.538987 0.944186 0.538987 0.940354 0.534078 0.940354 0.534078 0.944186 0.534078 0.948018 0.538987 0.948018 0.538987 0.948018 0.538987 0.944186 0.534078 0.944186 0.534078 0.948018 0.534078 0.951851 0.538987 0.951851 0.538987 0.951851 0.538987 0.948018 0.534078 0.948018 0.534078 0.951851 0.534078 0.957599 0.538987 0.957599 0.538987 0.957599 0.538987 0.951851 0.534078 0.951851 0.534078 0.957599 0.534078 0.963348 0.538987 0.963348 0.538987 0.963348 0.538987 0.957599 0.534078 0.957599 0.534078 0.963348 0.534078 0.96718 0.538987 0.96718 0.538987 0.96718 0.538987 0.963348 0.534078 0.963348 0.534078 0.96718 0.534078 0.971013 0.538987 0.971013 0.538987 0.971013 0.538987 0.96718 0.534078 0.96718 0.534078 0.971013 0.534078 0.974845 0.538987 0.974845 0.538987 0.974845 0.538987 0.971013 0.534078 0.971013 0.534078 0.974845 0.534078 0.978678 0.538987 0.978678 0.538987 0.978678 0.538987 0.974845 0.534078 0.974845 0.534078 0.986342 0.534078 0.990175 0.538987 0.990175 0.538987 0.990175 0.538987 0.986342 0.534078 0.986342 0.534078 0.990175 0.534078 0.994007 0.538987 0.994007 0.538987 0.994007 0.538987 0.990175 0.534078 0.990175 0.534078 0.994007 0.534078 0.99784 0.538987 0.99784 0.538987 0.99784 0.538987 0.994007 0.534078 0.994007 0.251596 0.912999 0.254126 0.886756 0.273738 0.887487 0.273738 0.887487 0.273741 0.913015 0.251596 0.912999 0.254126 0.886756 0.26219 0.86645 0.273739 0.867283 0.273739 0.867283 0.273738 0.887487 0.254126 0.886756 0.26219 0.86645 0.265175 0.855745 0.273739 0.857027 0.273739 0.857027 0.273739 0.867283 0.26219 0.86645 0.265175 0.855745 0.265225 0.843406 0.273734 0.844001 0.273734 0.844001 0.273739 0.857027 0.265175 0.855745 0.265765 0.830959 0.273733 0.831223 0.273734 0.844001 0.273734 0.844001 0.265225 0.843406 0.265765 0.830959 0.265765 0.830959 0.266136 0.818632 0.273715 0.819859 0.273715 0.819859 0.273733 0.831223 0.265765 0.830959 0.266136 0.818632 0.266219 0.813654 0.273714 0.813654 0.273714 0.813654 0.273715 0.819859 0.266136 0.818632 0.266219 0.813654 0.266106 0.806405 0.273713 0.8062 0.273713 0.8062 0.273714 0.813654 0.266219 0.813654 0.266106 0.806405 0.266942 0.80101 0.273713 0.800344 0.273713 0.800344 0.273713 0.8062 0.266106 0.806405 0.266942 0.80101 0.268177 0.797415 0.273714 0.796085 0.273714 0.796085 0.273713 0.800344 0.266942 0.80101 0.268177 0.797415 0.267878 0.796123 0.273714 0.795552 0.273714 0.795552 0.273714 0.796085 0.268177 0.797415 0.267878 0.796123 0.265617 0.789351 0.273748 0.789322 0.273748 0.789322 0.273714 0.795552 0.267878 0.796123 0.265617 0.789351 0.263287 0.775773 0.273714 0.777349 0.273714 0.777349 0.273748 0.789322 0.265617 0.789351 0.263287 0.775773 0.26269 0.769685 0.273714 0.770696 0.273714 0.770696 0.273714 0.777349 0.263287 0.775773 0.26269 0.769685 0.261405 0.765719 0.273116 0.766214 0.273116 0.766214 0.273714 0.770696 0.26269 0.769685 0.261405 0.765719 0.263729 0.760934 0.273418 0.761066 0.273418 0.761066 0.273116 0.766214 0.261405 0.765719 0.263729 0.760934 0.262568 0.75665 0.273594 0.75675 0.273594 0.75675 0.273418 0.761066 0.263729 0.760934 0.262568 0.75665 0.263039 0.751237 0.274585 0.750212 0.274585 0.750212 0.273594 0.75675 0.262568 0.75665 0.263039 0.751237 0.272881 0.742791 0.274585 0.750212 0.274189 0.703648 0.20199 0.721332 0.14473 0.715842 0.14473 0.715842 0.274334 0.696288 0.274189 0.703648 0.191806 0.72964 0.144811 0.738795 0.20199 0.721332 0.191806 0.72964 0.176675 0.747689 0.144823 0.750948 0.144823 0.750948 0.144811 0.738795 0.191806 0.72964 0.176675 0.747689 0.158103 0.79205 0.144823 0.750948 0.1461589 0.787913 0.144823 0.750948 0.158103 0.79205 0.158103 0.79205 0.154424 0.813333 0.14054 0.815863 0.14054 0.815863 0.1461589 0.787913 0.158103 0.79205 0.154424 0.813333 0.151049 0.83375 0.134921 0.835814 0.134921 0.835814 0.14054 0.815863 0.154424 0.813333 0.151049 0.83375 0.1494269 0.860541 0.129146 0.860821 0.129146 0.860821 0.134921 0.835814 0.151049 0.83375 0.134921 0.835814 0.129146 0.860821 0.09540498 0.858223 0.09540498 0.858223 0.10621 0.851285 0.134921 0.835814 0.1494269 0.860541 0.148447 0.881107 0.128304 0.881094 0.128304 0.881094 0.129146 0.860821 0.1494269 0.860541 0.129146 0.860821 0.128304 0.881094 0.09449797 0.881127 0.09449797 0.881127 0.09540498 0.858223 0.129146 0.860821 0.148447 0.881107 0.1479409 0.912817 0.125484 0.913419 0.125484 0.913419 0.128304 0.881094 0.148447 0.881107 0.128304 0.881094 0.125484 0.913419 0.09406298 0.912886 0.09406298 0.912886 0.09449797 0.881127 0.128304 0.881094 0.1479409 0.912817 0.148328 0.941138 0.125739 0.943564 0.125739 0.943564 0.125484 0.913419 0.1479409 0.912817 0.125484 0.913419 0.125739 0.943564 0.1007609 0.943776 0.1007609 0.943776 0.09406298 0.912886 0.125484 0.913419 0.125739 0.943564 0.120904 0.967116 0.08502697 0.96562 0.08502697 0.96562 0.1007609 0.943776 0.125739 0.943564 0.148328 0.941138 0.154605 0.963488 0.120904 0.967116 0.120904 0.967116 0.125739 0.943564 0.148328 0.941138 0.120904 0.967116 0.11417 0.975719 0.07037299 0.97384 0.07037299 0.97384 0.08502697 0.96562 0.120904 0.967116 0.154605 0.963488 0.162298 0.9731 0.11417 0.975719 0.11417 0.975719 0.120904 0.967116 0.154605 0.963488 0.11417 0.975719 0.09529596 0.98164 0.04663598 0.978586 0.04663598 0.978586 0.07037299 0.97384 0.11417 0.975719 0.162298 0.9731 0.182192 0.985115 0.09529596 0.98164 0.09529596 0.98164 0.11417 0.975719 0.162298 0.9731 0.534078 0.98251 0.538987 0.98251 0.538987 0.978678 0.538987 0.978678 0.534078 0.978678 0.534078 0.98251 0.534078 0.986342 0.538987 0.986342 0.538987 0.98251 0.538987 0.98251 0.534078 0.98251 0.534078 0.986342 0.18085 0.911618 0.1860139 0.924948 0.172012 0.934981 0.172012 0.934981 0.169571 0.912972 0.18085 0.911618 0.169571 0.912972 0.16932 0.881119 0.187231 0.881098 0.187231 0.881098 0.18085 0.911618 0.169571 0.912972 0.1860139 0.924948 0.18085 0.911618 0.192992 0.912864 0.2291319 0.912986 0.224053 0.884399 0.24185 0.885842 0.237045 0.763933 0.246748 0.748606 0.247767 0.755738 0.244774 0.763213 0.237045 0.763933 0.247767 0.755738 0.243794 0.767922 0.237045 0.763933 0.244774 0.763213 0.09140199 0.831965 0.09744095 0.841394 0.08878499 0.844726 0.211598 0.73461 0.203844 0.744932 0.193128 0.745573 0.193128 0.745573 0.208798 0.729654 0.211598 0.73461 0.203844 0.744932 0.211598 0.73461 0.212013 0.743933 0.2426699 0.805437 0.2460989 0.790507 0.249163 0.795338 0.249163 0.795338 0.2460989 0.790507 0.255034 0.789685 0.24861 0.763078 0.255518 0.75814 0.256544 0.761555 0.24861 0.763078 0.255746 0.764433 0.256397 0.768754 0.24861 0.763078 0.244774 0.763213 0.247767 0.755738 0.256544 0.761555 0.255746 0.764433 0.24861 0.763078 0.268177 0.797415 0.266942 0.80101 0.261793 0.799367 0.253783 0.809514 0.252628 0.804983 0.255433 0.805644 0.255433 0.805644 0.256205 0.811892 0.253783 0.809514 0.25622 0.799541 0.26273 0.796476 0.261793 0.799367 0.26273 0.796476 0.25622 0.799541 0.256199 0.79724 0.256199 0.79724 0.25622 0.799541 0.251901 0.802418 0.243025 0.815622 0.2426699 0.805437 0.250111 0.810443 0.256205 0.811892 0.259806 0.812368 0.256733 0.813903 0.255169 0.86513 0.24185 0.885842 0.234947 0.868665 0.234947 0.868665 0.240398 0.859519 0.255169 0.86513 0.254126 0.886756 0.255169 0.86513 0.26219 0.86645 0.24185 0.885842 0.255169 0.86513 0.254126 0.886756 0.080302 0.721121 0.08236199 0.746084 0.04862999 0.723047 0.245474 0.822521 0.245953 0.829194 0.2414489 0.827004 0.245402 0.841009 0.2414489 0.827004 0.245953 0.829194 0.245402 0.841009 0.238925 0.827866 0.2414489 0.827004 0.19142 0.835479 0.200569 0.82448 0.20209 0.824801 0.19142 0.835479 0.191241 0.825058 0.200569 0.82448 0.191509 0.86271 0.169919 0.86052 0.189589 0.842191 0.189589 0.842191 0.19142 0.835479 0.194404 0.840691 0.2431859 0.845822 0.245402 0.841009 0.2458209 0.850259 0.240398 0.859519 0.238224 0.856528 0.2458209 0.850259 0.234947 0.868665 0.2202759 0.870659 0.224649 0.862924 0.223543 0.721715 0.228893 0.724417 0.208798 0.729654 0.20199 0.721332 0.145242 0.730782 0.14473 0.715842 0.145242 0.730782 0.20199 0.721332 0.144811 0.738795 0.134921 0.835814 0.124929 0.847918 0.123715 0.845301 0.134921 0.835814 0.10621 0.851285 0.124929 0.847918 0.123715 0.845301 0.122826 0.842843 0.134921 0.835814</float_array>
          <technique_common>
            <accessor source="#aang-mesh-map-0-array" count="11142" stride="2">
              <param name="S" type="float"/>
              <param name="T" type="float"/>
            </accessor>
          </technique_common>
        </source>
        <vertices id="aang-mesh-vertices">
          <input semantic="POSITION" source="#aang-mesh-positions"/>
        </vertices>
        <triangles material="aang_png-material" count="3714">
          <input semantic="VERTEX" source="#aang-mesh-vertices" offset="0"/>
          <input semantic="NORMAL" source="#aang-mesh-normals" offset="1"/>
          <input semantic="TEXCOORD" source="#aang-mesh-map-0" offset="2" set="0"/>
          <p>0 0 0 1 1 1 2 2 2 2 2 3 1 1 4 3 3 5 3 3 6 4 4 7 2 2 8 3 3 9 5 5 10 6 6 11 7 7 12 5 5 13 3 3 14 5 5 15 8 8 16 9 9 17 10 10 18 11 11 19 12 12 20 13 13 21 14 14 22 15 15 23 15 15 24 16 16 25 13 13 26 17 17 27 18 18 28 19 19 29 19 19 30 20 20 31 17 17 32 18 18 33 21 21 34 22 22 35 22 22 36 19 19 37 18 18 38 21 21 39 23 23 40 24 24 41 24 24 42 22 22 43 21 21 44 25 25 45 24 24 46 23 23 47 26 26 48 25 27 49 27 28 50 27 28 51 28 29 52 29 30 53 29 30 54 26 26 55 27 28 56 28 29 57 30 31 58 31 32 59 31 32 60 29 30 61 28 29 62 30 31 63 32 33 64 33 34 65 33 34 66 31 32 67 30 31 68 34 35 69 33 36 70 32 37 71 32 37 72 35 38 73 36 39 74 36 39 75 34 35 76 32 37 77 35 40 78 17 17 79 20 20 80 20 20 81 37 41 82 35 42 83 38 43 84 39 44 85 25 45 86 25 45 87 26 46 88 38 43 89 38 43 90 26 46 91 29 47 92 29 47 93 40 48 94 38 43 95 40 48 96 29 47 97 31 49 98 31 49 99 41 50 100 40 48 101 41 50 102 31 49 103 33 51 104 33 51 105 42 52 106 41 50 107 33 53 108 34 54 109 43 55 110 43 56 111 42 52 112 33 51 113 43 55 114 34 54 115 36 57 116 36 58 117 44 59 118 43 56 119 44 59 120 45 60 121 46 61 122 44 59 123 35 62 124 45 60 125 44 59 126 36 58 127 35 62 128 47 63 129 48 64 130 49 65 131 49 65 132 50 66 133 47 63 134 51 67 135 52 68 136 53 69 137 53 69 138 54 70 139 51 67 140 55 71 141 56 72 142 57 73 143 57 73 144 49 65 145 55 71 146 58 74 147 51 67 148 54 70 149 54 70 150 59 75 151 58 74 152 48 64 153 55 71 154 49 65 155 52 68 156 60 76 157 61 77 158 61 77 159 53 69 160 52 68 161 62 78 162 61 77 163 60 76 164 63 79 165 47 63 166 50 66 167 50 66 168 64 80 169 63 79 170 62 81 171 63 79 172 64 80 173 56 72 174 65 82 175 66 83 176 66 83 177 57 73 178 56 72 179 67 84 180 58 74 181 59 75 182 59 75 183 66 85 184 67 84 185 64 86 186 61 77 187 62 78 188 50 87 189 53 69 190 61 77 191 61 77 192 64 86 193 50 87 194 49 88 195 54 70 196 53 69 197 53 69 198 50 87 199 49 88 200 59 75 201 54 70 202 49 88 203 49 88 204 57 89 205 59 75 206 66 90 207 59 75 208 57 89 209 68 91 210 69 92 211 70 93 212 9 9 213 71 94 214 72 95 215 73 96 216 74 97 217 75 98 218 75 98 219 8 99 220 73 96 221 76 100 222 71 101 223 8 99 224 8 99 225 75 98 226 76 100 227 76 100 228 77 102 229 78 103 230 78 103 231 71 101 232 76 100 233 77 102 234 79 104 235 80 105 236 80 105 237 78 103 238 77 102 239 80 105 240 79 104 241 81 106 242 81 106 243 82 107 244 80 105 245 82 107 246 81 106 247 83 108 248 83 108 249 84 109 250 82 107 251 84 109 252 83 108 253 85 110 254 85 110 255 70 111 256 84 109 257 68 112 258 70 111 259 85 110 260 72 95 261 86 113 262 87 114 263 87 114 264 88 115 265 72 95 266 86 113 267 72 95 268 71 94 269 71 94 270 78 116 271 86 113 272 86 113 273 89 117 274 90 118 275 90 118 276 87 114 277 86 113 278 89 117 279 86 113 280 78 116 281 78 116 282 80 119 283 89 117 284 89 117 285 91 120 286 92 121 287 92 121 288 90 118 289 89 117 290 91 120 291 89 117 292 80 119 293 80 119 294 82 122 295 91 120 296 91 120 297 93 123 298 94 124 299 94 124 300 92 121 301 91 120 302 93 123 303 91 120 304 82 122 305 82 122 306 84 125 307 93 123 308 93 123 309 69 92 310 95 126 311 95 126 312 94 124 313 93 123 314 69 92 315 93 123 316 84 125 317 84 125 318 70 93 319 69 92 320 68 91 321 95 126 322 69 92 323 68 127 324 85 110 325 96 128 326 96 128 327 97 129 328 68 130 329 83 108 330 98 131 331 96 128 332 96 128 333 85 110 334 83 108 335 81 106 336 99 132 337 98 131 338 98 131 339 83 108 340 81 106 341 79 104 342 100 133 343 99 132 344 99 132 345 81 106 346 79 104 347 79 104 348 77 102 349 101 134 350 101 134 351 100 133 352 79 104 353 77 102 354 76 100 355 102 135 356 102 135 357 101 134 358 77 102 359 75 98 360 102 135 361 76 100 362 9 9 363 72 95 364 88 115 365 71 94 366 9 9 367 8 136 368 103 137 369 104 138 370 105 139 371 106 140 372 107 141 373 108 142 374 104 143 375 109 144 376 110 145 377 111 146 378 112 147 379 0 148 380 0 149 381 113 150 382 111 146 383 114 151 384 115 152 385 116 153 386 116 154 387 117 155 388 114 156 389 114 157 390 117 158 391 118 159 392 118 159 393 119 160 394 114 151 395 108 142 396 120 161 397 121 162 398 121 162 399 113 163 400 108 142 401 120 161 402 108 142 403 107 141 404 107 141 405 122 164 406 120 161 407 114 151 408 123 165 409 121 166 410 121 166 411 115 152 412 114 151 413 114 151 414 119 160 415 124 167 416 124 167 417 123 165 418 114 151 419 120 161 420 125 168 421 115 169 422 115 169 423 121 162 424 120 161 425 125 168 426 120 161 427 122 164 428 122 164 429 126 170 430 125 168 431 125 168 432 127 171 433 116 172 434 116 172 435 115 169 436 125 168 437 127 171 438 125 168 439 126 170 440 126 170 441 128 173 442 127 171 443 129 174 444 130 175 445 109 176 446 104 177 447 129 174 448 109 176 449 105 139 450 104 138 451 110 178 452 109 144 453 131 179 454 132 180 455 132 180 456 110 145 457 109 144 458 131 181 459 109 176 460 130 175 461 130 175 462 133 182 463 131 181 464 134 183 465 105 139 466 110 178 467 110 178 468 132 184 469 134 183 470 105 139 471 134 183 472 135 185 473 135 185 474 103 137 475 105 139 476 112 147 477 111 146 478 136 186 479 127 171 480 134 183 481 132 184 482 132 184 483 116 172 484 127 171 485 134 183 486 127 171 487 128 173 488 128 173 489 135 185 490 134 183 491 131 179 492 117 155 493 116 154 494 116 154 495 132 180 496 131 179 497 117 158 498 131 181 499 133 182 500 133 182 501 118 159 502 117 158 503 111 146 504 113 150 505 121 166 506 121 166 507 123 165 508 111 146 509 111 146 510 123 165 511 124 167 512 124 167 513 136 186 514 111 146 515 113 163 516 0 0 517 106 140 518 106 140 519 108 142 520 113 163 521 137 187 522 138 188 523 139 189 524 137 187 525 140 190 526 141 191 527 142 192 528 143 193 529 144 194 530 144 194 531 139 189 532 142 192 533 145 195 534 143 193 535 142 192 536 146 196 537 147 197 538 48 198 539 48 198 540 47 199 541 146 196 542 148 200 543 147 197 544 99 132 545 99 132 546 100 133 547 148 200 548 149 201 549 150 202 550 52 68 551 52 68 552 51 67 553 149 201 554 151 203 555 150 202 556 149 201 557 88 115 558 87 114 559 152 204 560 152 204 561 153 205 562 88 115 563 148 200 564 154 206 565 56 207 566 56 207 567 55 208 568 148 200 569 148 200 570 100 133 571 101 134 572 101 134 573 154 206 574 148 200 575 152 204 576 155 209 577 153 205 578 90 118 579 152 204 580 87 114 581 156 210 582 149 201 583 51 67 584 51 67 585 58 74 586 156 210 587 147 197 588 148 200 589 55 208 590 55 208 591 48 198 592 147 197 593 147 197 594 146 196 595 98 131 596 98 131 597 99 132 598 147 197 599 157 211 600 158 212 601 159 213 602 159 213 603 160 214 604 157 211 605 161 215 606 162 216 607 158 212 608 158 212 609 157 211 610 161 215 611 163 217 612 164 218 613 160 214 614 160 214 615 159 213 616 163 217 617 165 219 618 166 220 619 167 221 620 167 221 621 168 222 622 165 219 623 168 222 624 169 223 625 170 224 626 170 224 627 171 225 628 168 226 629 171 225 630 170 224 631 172 227 632 172 227 633 173 228 634 171 225 635 167 221 636 169 223 637 168 222 638 174 229 639 175 230 640 166 220 641 166 220 642 165 219 643 174 229 644 164 218 645 163 217 646 175 230 647 175 230 648 174 229 649 164 218 650 161 215 651 176 231 652 162 216 653 177 232 654 68 91 655 178 233 656 178 234 657 179 235 658 177 236 659 180 237 660 95 126 661 68 91 662 68 91 663 177 232 664 180 237 665 181 238 666 94 124 667 95 126 668 95 126 669 180 237 670 181 238 671 182 239 672 92 121 673 94 124 674 94 124 675 181 238 676 182 239 677 152 204 678 90 118 679 183 240 680 179 241 681 178 242 682 184 243 683 183 240 684 90 118 685 92 121 686 92 121 687 182 239 688 183 240 689 185 244 690 186 245 691 159 213 692 159 213 693 158 212 694 185 244 695 157 211 696 160 214 697 187 246 698 187 246 699 188 247 700 157 211 701 185 244 702 189 248 703 190 249 704 191 250 705 187 246 706 192 251 707 187 246 708 191 250 709 188 247 710 190 249 711 186 245 712 185 244 713 191 250 714 193 252 715 188 247 716 163 217 717 159 213 718 186 245 719 186 245 720 194 253 721 163 217 722 185 244 723 158 212 724 162 216 725 162 216 726 189 248 727 185 244 728 187 246 729 160 214 730 164 218 731 164 218 732 192 251 733 187 246 734 188 247 735 193 252 736 161 215 737 161 215 738 157 211 739 188 247 740 194 253 741 186 245 742 190 249 743 195 254 744 196 255 745 197 256 746 197 256 747 198 257 748 195 254 749 199 258 750 200 259 751 195 254 752 195 254 753 198 257 754 199 258 755 201 260 756 200 259 757 199 258 758 199 258 759 202 261 760 201 260 761 203 262 762 201 260 763 202 261 764 202 261 765 204 263 766 203 262 767 167 221 768 166 220 769 203 262 770 203 262 771 204 263 772 167 221 773 197 256 774 196 255 775 205 264 776 205 264 777 168 265 778 197 256 779 168 222 780 205 264 781 165 219 782 206 266 783 207 267 784 208 268 785 209 269 786 207 267 787 206 266 788 209 269 789 210 270 790 207 267 791 211 271 792 209 269 793 206 266 794 206 266 795 212 272 796 211 271 797 212 272 798 213 273 799 211 271 800 198 257 801 214 274 802 211 271 803 211 271 804 213 273 805 198 257 806 197 256 807 215 275 808 214 276 809 214 276 810 198 257 811 197 256 812 213 273 813 212 272 814 216 277 815 216 277 816 217 278 817 213 273 818 217 278 819 216 277 820 218 279 821 218 279 822 219 280 823 217 278 824 219 280 825 218 279 826 170 224 827 170 224 828 169 223 829 219 280 830 197 256 831 168 281 832 220 282 833 220 282 834 215 275 835 197 256 836 220 282 837 168 281 838 171 225 839 221 283 840 222 284 841 223 285 842 223 285 843 224 286 844 221 283 845 222 284 846 221 283 847 225 287 848 225 287 849 226 288 850 222 284 851 227 289 852 224 286 853 208 268 854 207 267 855 228 290 856 208 268 857 228 290 858 207 267 859 210 270 860 229 291 861 230 292 862 231 293 863 232 294 864 230 295 865 229 296 866 233 297 867 230 295 868 232 294 869 231 293 870 230 292 871 233 298 872 231 293 873 234 299 874 235 300 875 235 300 876 229 301 877 231 293 878 229 302 879 236 303 880 237 304 881 237 304 882 232 305 883 229 306 884 232 305 885 237 304 886 238 307 887 238 307 888 233 308 889 232 305 890 239 309 891 234 299 892 231 293 893 235 300 894 236 303 895 229 310 896 233 311 897 238 307 898 239 309 899 239 309 900 231 293 901 233 298 902 234 299 903 240 312 904 241 313 905 241 314 906 235 300 907 234 299 908 236 303 909 242 315 910 243 316 911 243 316 912 237 304 913 236 303 914 237 304 915 243 316 916 244 317 917 244 317 918 238 307 919 237 304 920 239 309 921 245 318 922 240 312 923 240 312 924 234 299 925 239 309 926 235 300 927 241 314 928 242 315 929 242 315 930 236 303 931 235 300 932 238 307 933 244 317 934 245 318 935 245 318 936 239 309 937 238 307 938 243 316 939 228 290 940 210 270 941 210 270 942 244 317 943 243 316 944 242 315 945 246 319 946 228 290 947 228 290 948 243 316 949 242 315 950 241 320 951 246 319 952 242 315 953 245 318 954 244 317 955 210 270 956 241 321 957 227 289 958 208 268 959 208 268 960 246 319 961 241 322 962 241 323 963 247 324 964 227 325 965 210 270 966 209 269 967 248 326 968 210 270 969 248 327 970 245 318 971 248 328 972 247 329 973 240 312 974 245 318 975 248 328 976 240 312 977 246 319 978 208 268 979 228 290 980 240 312 981 247 329 982 241 330 983 249 331 984 247 332 985 248 333 986 248 334 987 214 335 988 249 336 989 224 337 990 227 325 991 247 324 992 247 338 993 249 339 994 224 340 995 214 274 996 248 326 997 209 269 998 209 269 999 211 271 1000 214 274 1001 208 268 1002 224 286 1003 223 285 1004 223 285 1005 206 266 1006 208 268 1007 212 272 1008 206 266 1009 223 285 1010 250 341 1011 251 342 1012 173 228 1013 173 228 1014 172 227 1015 250 341 1016 252 343 1017 253 344 1018 254 345 1019 254 345 1020 255 346 1021 252 343 1022 256 347 1023 257 348 1024 258 349 1025 258 349 1026 259 350 1027 256 347 1028 260 351 1029 252 352 1030 258 349 1031 258 349 1032 261 353 1033 260 351 1034 254 354 1035 253 355 1036 257 356 1037 257 357 1038 256 358 1039 254 359 1040 262 360 1041 263 361 1042 256 362 1043 256 362 1044 259 363 1045 262 360 1046 225 287 1047 221 283 1048 264 364 1049 264 364 1050 265 365 1051 225 287 1052 266 366 1053 262 367 1054 226 288 1055 226 288 1056 267 368 1057 266 366 1058 256 369 1059 263 370 1060 265 371 1061 265 372 1062 264 373 1063 256 358 1064 268 374 1065 269 375 1066 270 376 1067 270 376 1068 251 342 1069 268 374 1070 271 377 1071 272 378 1072 273 379 1073 273 380 1074 274 381 1075 271 382 1076 274 383 1077 273 384 1078 275 385 1079 275 385 1080 250 341 1081 274 386 1082 269 387 1083 272 388 1084 271 389 1085 271 390 1086 270 391 1087 269 392 1088 251 342 1089 250 341 1090 275 385 1091 275 385 1092 268 374 1093 251 342 1094 276 393 1095 277 394 1096 271 395 1097 271 395 1098 274 396 1099 276 393 1100 254 397 1101 278 398 1102 279 399 1103 279 399 1104 255 400 1105 254 397 1106 279 401 1107 276 393 1108 274 396 1109 274 396 1110 255 402 1111 279 401 1112 271 403 1113 277 404 1114 278 405 1115 278 405 1116 254 406 1117 271 403 1118 280 407 1119 281 408 1120 282 409 1121 283 410 1122 281 411 1123 284 412 1124 285 413 1125 281 414 1126 283 410 1127 282 409 1128 281 408 1129 285 413 1130 284 412 1131 281 411 1132 286 415 1133 286 415 1134 281 416 1135 280 407 1136 282 409 1137 287 417 1138 288 418 1139 288 418 1140 280 407 1141 282 409 1142 284 412 1143 289 419 1144 290 420 1145 290 420 1146 283 410 1147 284 412 1148 283 410 1149 291 421 1150 292 422 1151 292 422 1152 285 413 1153 283 410 1154 285 413 1155 292 422 1156 287 417 1157 287 417 1158 282 409 1159 285 413 1160 293 423 1161 294 424 1162 286 415 1163 286 415 1164 294 424 1165 289 419 1166 289 419 1167 284 412 1168 286 415 1169 290 420 1170 291 421 1171 283 410 1172 280 407 1173 288 418 1174 293 423 1175 293 423 1176 286 415 1177 280 407 1178 287 417 1179 295 425 1180 296 426 1181 296 426 1182 288 418 1183 287 417 1184 289 419 1185 297 427 1186 298 428 1187 298 428 1188 290 420 1189 289 419 1190 291 421 1191 299 429 1192 300 430 1193 300 430 1194 292 422 1195 291 421 1196 292 422 1197 300 430 1198 295 425 1199 295 425 1200 287 417 1201 292 422 1202 293 423 1203 301 431 1204 302 432 1205 302 432 1206 294 424 1207 293 423 1208 294 424 1209 302 432 1210 297 433 1211 297 433 1212 289 419 1213 294 424 1214 290 420 1215 298 428 1216 299 429 1217 299 429 1218 291 421 1219 290 420 1220 288 418 1221 296 426 1222 301 434 1223 301 434 1224 293 423 1225 288 418 1226 300 430 1227 260 351 1228 261 353 1229 261 353 1230 295 425 1231 300 430 1232 295 425 1233 261 353 1234 303 435 1235 303 435 1236 296 426 1237 295 425 1238 299 429 1239 304 436 1240 260 351 1241 260 351 1242 300 430 1243 299 429 1244 298 428 1245 304 436 1246 299 429 1247 301 434 1248 296 426 1249 303 435 1250 304 436 1251 298 428 1252 253 437 1253 253 344 1254 252 343 1255 304 438 1256 303 435 1257 258 349 1258 257 439 1259 257 440 1260 301 434 1261 303 435 1262 252 352 1263 255 441 1264 259 350 1265 259 350 1266 258 349 1267 252 352 1268 302 442 1269 257 356 1270 253 355 1271 253 437 1272 297 443 1273 302 444 1274 261 353 1275 258 349 1276 303 435 1277 301 445 1278 257 446 1279 302 447 1280 304 436 1281 252 448 1282 260 351 1283 297 443 1284 253 437 1285 298 428 1286 305 449 1287 306 450 1288 307 451 1289 308 452 1290 306 453 1291 309 454 1292 310 455 1293 306 456 1294 308 452 1295 307 451 1296 306 450 1297 310 455 1298 309 454 1299 306 453 1300 311 457 1301 311 457 1302 306 458 1303 305 449 1304 307 451 1305 312 459 1306 313 460 1307 313 460 1308 305 449 1309 307 451 1310 309 454 1311 314 461 1312 315 462 1313 315 462 1314 308 452 1315 309 454 1316 308 452 1317 316 463 1318 317 464 1319 317 464 1320 310 455 1321 308 452 1322 310 455 1323 317 464 1324 312 459 1325 312 459 1326 307 451 1327 310 455 1328 318 465 1329 319 466 1330 311 457 1331 311 457 1332 319 466 1333 314 461 1334 314 461 1335 309 454 1336 311 457 1337 315 462 1338 316 463 1339 308 452 1340 305 449 1341 313 460 1342 318 465 1343 318 465 1344 311 457 1345 305 449 1346 312 459 1347 320 467 1348 321 468 1349 321 468 1350 313 460 1351 312 459 1352 314 461 1353 322 469 1354 323 470 1355 323 470 1356 315 462 1357 314 461 1358 316 463 1359 324 471 1360 325 472 1361 325 472 1362 317 464 1363 316 463 1364 317 464 1365 325 472 1366 320 467 1367 320 467 1368 312 459 1369 317 464 1370 318 465 1371 326 473 1372 327 474 1373 327 474 1374 319 466 1375 318 465 1376 319 466 1377 327 474 1378 322 469 1379 322 469 1380 314 461 1381 319 466 1382 315 462 1383 323 470 1384 324 471 1385 324 471 1386 316 463 1387 315 462 1388 313 460 1389 321 468 1390 326 473 1391 326 473 1392 318 465 1393 313 460 1394 325 472 1395 266 366 1396 267 368 1397 267 368 1398 320 467 1399 325 472 1400 320 467 1401 267 368 1402 328 475 1403 328 475 1404 321 468 1405 320 467 1406 324 471 1407 329 476 1408 266 366 1409 266 366 1410 325 472 1411 324 471 1412 323 470 1413 329 476 1414 324 471 1415 326 473 1416 321 468 1417 328 475 1418 329 476 1419 323 470 1420 263 477 1421 263 361 1422 262 360 1423 329 478 1424 328 475 1425 225 287 1426 265 365 1427 265 479 1428 326 473 1429 328 475 1430 222 284 1431 226 288 1432 262 367 1433 262 367 1434 259 350 1435 222 284 1436 327 480 1437 265 371 1438 263 370 1439 263 477 1440 322 469 1441 327 474 1442 267 368 1443 226 288 1444 225 287 1445 225 287 1446 328 475 1447 267 368 1448 326 473 1449 265 479 1450 327 474 1451 329 476 1452 262 481 1453 266 366 1454 322 469 1455 263 477 1456 323 470 1457 330 482 1458 331 483 1459 332 484 1460 333 485 1461 331 486 1462 334 487 1463 335 488 1464 331 489 1465 333 490 1466 332 491 1467 331 489 1468 335 488 1469 334 487 1470 331 486 1471 336 492 1472 336 492 1473 331 493 1474 330 494 1475 332 491 1476 337 495 1477 338 496 1478 338 496 1479 330 497 1480 332 491 1481 334 487 1482 339 498 1483 340 499 1484 340 499 1485 333 500 1486 334 487 1487 333 501 1488 341 502 1489 342 503 1490 342 503 1491 335 488 1492 333 501 1493 335 488 1494 342 503 1495 337 495 1496 337 495 1497 332 491 1498 335 488 1499 343 504 1500 344 505 1501 336 492 1502 336 492 1503 344 505 1504 339 498 1505 339 498 1506 334 487 1507 336 492 1508 340 499 1509 341 502 1510 333 506 1511 330 507 1512 338 496 1513 343 504 1514 343 504 1515 336 492 1516 330 494 1517 337 495 1518 345 508 1519 346 509 1520 346 509 1521 338 496 1522 337 495 1523 339 498 1524 347 510 1525 348 511 1526 348 511 1527 340 499 1528 339 498 1529 341 502 1530 349 512 1531 350 513 1532 350 513 1533 342 503 1534 341 502 1535 342 503 1536 350 513 1537 345 508 1538 345 508 1539 337 495 1540 342 503 1541 343 504 1542 351 514 1543 352 515 1544 352 515 1545 344 505 1546 343 504 1547 344 505 1548 352 515 1549 347 510 1550 347 510 1551 339 498 1552 344 505 1553 340 499 1554 348 511 1555 349 512 1556 349 512 1557 341 502 1558 340 499 1559 338 496 1560 346 509 1561 351 514 1562 351 514 1563 343 504 1564 338 496 1565 350 513 1566 353 516 1567 354 517 1568 354 517 1569 345 508 1570 350 513 1571 345 508 1572 354 517 1573 355 518 1574 355 518 1575 346 509 1576 345 508 1577 349 512 1578 356 519 1579 353 516 1580 353 516 1581 350 513 1582 349 512 1583 348 511 1584 356 519 1585 349 512 1586 351 514 1587 346 509 1588 355 518 1589 348 511 1590 269 375 1591 268 374 1592 268 374 1593 356 519 1594 348 511 1595 355 520 1596 273 521 1597 272 522 1598 272 523 1599 351 514 1600 355 518 1601 273 524 1602 354 517 1603 353 516 1604 353 516 1605 275 385 1606 273 384 1607 347 510 1608 352 515 1609 272 525 1610 272 526 1611 269 527 1612 347 528 1613 354 517 1614 273 529 1615 355 518 1616 351 514 1617 272 530 1618 352 515 1619 356 519 1620 268 374 1621 275 385 1622 275 385 1623 353 516 1624 356 519 1625 347 510 1626 269 531 1627 348 511 1628 357 532 1629 173 228 1630 270 376 1631 270 376 1632 173 228 1633 251 342 1634 259 350 1635 223 285 1636 222 284 1637 256 358 1638 264 373 1639 249 533 1640 358 534 1641 254 359 1642 256 358 1643 256 358 1644 249 533 1645 358 534 1646 249 535 1647 264 364 1648 221 283 1649 221 536 1650 224 537 1651 249 538 1652 359 539 1653 223 285 1654 259 350 1655 259 350 1656 255 441 1657 359 539 1658 274 386 1659 250 341 1660 360 540 1661 274 386 1662 360 540 1663 359 539 1664 359 539 1665 255 541 1666 274 386 1667 172 227 1668 360 540 1669 250 341 1670 358 542 1671 357 532 1672 271 543 1673 271 403 1674 254 406 1675 358 544 1676 357 532 1677 270 376 1678 271 545 1679 215 275 1680 358 542 1681 249 546 1682 249 546 1683 214 276 1684 215 275 1685 212 272 1686 223 285 1687 359 539 1688 359 539 1689 216 277 1690 212 272 1691 216 277 1692 359 539 1693 360 540 1694 360 540 1695 218 279 1696 216 277 1697 218 279 1698 360 540 1699 172 227 1700 172 227 1701 170 224 1702 218 279 1703 357 532 1704 358 542 1705 215 275 1706 215 275 1707 220 282 1708 357 532 1709 171 225 1710 173 228 1711 357 532 1712 357 532 1713 220 282 1714 171 225 1715 361 547 1716 362 548 1717 363 549 1718 364 550 1719 362 551 1720 365 552 1721 366 553 1722 362 554 1723 364 550 1724 363 549 1725 362 548 1726 366 553 1727 365 552 1728 362 551 1729 367 555 1730 367 555 1731 362 556 1732 361 547 1733 363 549 1734 368 557 1735 369 558 1736 369 558 1737 361 547 1738 363 549 1739 365 552 1740 370 559 1741 371 560 1742 371 560 1743 364 550 1744 365 552 1745 364 550 1746 372 561 1747 373 562 1748 373 562 1749 366 553 1750 364 550 1751 366 553 1752 373 562 1753 368 557 1754 368 557 1755 363 549 1756 366 553 1757 374 563 1758 375 564 1759 367 555 1760 367 555 1761 375 564 1762 370 559 1763 370 559 1764 365 552 1765 367 555 1766 371 560 1767 372 561 1768 364 550 1769 361 547 1770 369 558 1771 374 563 1772 374 563 1773 367 555 1774 361 547 1775 368 557 1776 376 565 1777 377 566 1778 377 566 1779 369 558 1780 368 557 1781 370 559 1782 378 567 1783 379 568 1784 379 568 1785 371 560 1786 370 559 1787 372 561 1788 380 569 1789 381 570 1790 381 570 1791 373 562 1792 372 561 1793 373 562 1794 381 570 1795 376 565 1796 376 565 1797 368 557 1798 373 562 1799 374 563 1800 382 571 1801 383 572 1802 383 572 1803 375 564 1804 374 563 1805 375 564 1806 383 572 1807 378 567 1808 378 567 1809 370 559 1810 375 564 1811 371 560 1812 379 568 1813 380 569 1814 380 569 1815 372 561 1816 371 560 1817 369 558 1818 377 566 1819 382 571 1820 382 571 1821 374 563 1822 369 558 1823 381 570 1824 384 573 1825 385 574 1826 385 574 1827 376 565 1828 381 570 1829 376 565 1830 385 574 1831 386 575 1832 386 575 1833 377 566 1834 376 565 1835 380 569 1836 387 576 1837 384 573 1838 384 573 1839 381 570 1840 380 569 1841 379 568 1842 387 576 1843 380 569 1844 382 571 1845 377 566 1846 386 575 1847 387 576 1848 379 568 1849 277 577 1850 277 394 1851 276 393 1852 387 576 1853 382 571 1854 386 575 1855 279 578 1856 279 399 1857 278 398 1858 382 579 1859 385 574 1860 384 573 1861 276 393 1862 276 393 1863 279 401 1864 385 574 1865 383 580 1866 278 405 1867 277 404 1868 277 581 1869 378 567 1870 383 572 1871 385 574 1872 279 582 1873 386 575 1874 382 571 1875 278 583 1876 383 572 1877 387 576 1878 276 393 1879 384 573 1880 378 567 1881 277 577 1882 379 568 1883 199 258 1884 198 257 1885 213 273 1886 202 261 1887 199 258 1888 213 273 1889 213 273 1890 217 278 1891 202 261 1892 204 263 1893 202 261 1894 217 278 1895 217 278 1896 219 280 1897 204 263 1898 204 263 1899 219 280 1900 169 223 1901 169 223 1902 167 221 1903 204 263 1904 195 254 1905 388 584 1906 389 585 1907 389 585 1908 196 255 1909 195 254 1910 200 259 1911 390 586 1912 388 584 1913 388 584 1914 195 254 1915 200 259 1916 201 260 1917 391 587 1918 390 586 1919 390 586 1920 200 259 1921 201 260 1922 203 262 1923 392 588 1924 391 587 1925 391 587 1926 201 260 1927 203 262 1928 166 220 1929 175 230 1930 392 588 1931 392 588 1932 203 262 1933 166 220 1934 393 589 1935 205 264 1936 196 255 1937 196 255 1938 389 585 1939 393 589 1940 205 264 1941 393 589 1942 174 229 1943 174 229 1944 165 219 1945 205 264 1946 388 584 1947 394 590 1948 395 591 1949 395 591 1950 389 585 1951 388 584 1952 394 590 1953 396 592 1954 397 593 1955 397 593 1956 395 591 1957 394 590 1958 390 586 1959 398 594 1960 394 590 1961 394 590 1962 388 584 1963 390 586 1964 398 595 1965 184 596 1966 396 597 1967 396 598 1968 394 599 1969 398 600 1970 391 587 1971 399 601 1972 398 595 1973 398 602 1974 390 586 1975 391 587 1976 399 601 1977 400 603 1978 184 604 1979 184 596 1980 398 595 1981 399 601 1982 194 253 1983 391 587 1984 392 588 1985 194 253 1986 399 601 1987 391 587 1988 194 253 1989 190 249 1990 399 601 1991 400 603 1992 399 601 1993 190 249 1994 190 249 1995 189 248 1996 400 603 1997 400 605 1998 189 248 1999 401 606 2000 175 230 2001 163 217 2002 194 253 2003 194 253 2004 392 588 2005 175 230 2006 401 606 2007 189 248 2008 162 216 2009 162 607 2010 176 608 2011 401 609 2012 389 585 2013 192 251 2014 393 589 2015 389 585 2016 191 250 2017 192 251 2018 389 585 2019 395 591 2020 191 250 2021 193 252 2022 397 610 2023 402 611 2024 191 250 2025 395 591 2026 397 593 2027 397 593 2028 193 252 2029 191 250 2030 393 589 2031 192 251 2032 164 218 2033 164 218 2034 174 229 2035 393 589 2036 161 215 2037 193 252 2038 402 611 2039 402 611 2040 176 612 2041 161 215 2042 403 613 2043 404 614 2044 405 615 2045 405 615 2046 406 616 2047 403 613 2048 407 617 2049 408 618 2050 404 614 2051 404 614 2052 403 613 2053 407 617 2054 409 619 2055 410 620 2056 408 618 2057 408 618 2058 407 617 2059 409 619 2060 411 621 2061 412 622 2062 410 620 2063 410 620 2064 409 619 2065 411 621 2066 413 623 2067 414 624 2068 412 622 2069 412 622 2070 411 621 2071 413 623 2072 404 614 2073 415 625 2074 416 626 2075 416 626 2076 405 615 2077 404 614 2078 408 618 2079 417 627 2080 415 625 2081 415 625 2082 404 614 2083 408 618 2084 410 620 2085 418 628 2086 417 627 2087 417 627 2088 408 618 2089 410 620 2090 412 622 2091 419 629 2092 418 628 2093 418 628 2094 410 620 2095 412 622 2096 414 624 2097 420 630 2098 419 629 2099 419 629 2100 412 622 2101 414 624 2102 415 625 2103 421 631 2104 422 632 2105 422 632 2106 416 626 2107 415 625 2108 417 627 2109 423 633 2110 421 631 2111 421 631 2112 415 625 2113 417 627 2114 418 628 2115 424 634 2116 423 633 2117 423 633 2118 417 627 2119 418 628 2120 419 629 2121 425 635 2122 424 634 2123 424 634 2124 418 628 2125 419 629 2126 420 630 2127 426 636 2128 425 635 2129 425 635 2130 419 629 2131 420 630 2132 421 631 2133 427 637 2134 428 638 2135 428 638 2136 422 632 2137 421 631 2138 423 633 2139 429 639 2140 427 637 2141 427 637 2142 421 631 2143 423 633 2144 424 634 2145 430 640 2146 429 639 2147 429 639 2148 423 633 2149 424 634 2150 425 635 2151 431 641 2152 430 640 2153 430 640 2154 424 634 2155 425 635 2156 426 636 2157 432 642 2158 431 641 2159 431 641 2160 425 635 2161 426 636 2162 433 643 2163 434 644 2164 435 645 2165 435 645 2166 436 646 2167 433 643 2168 437 647 2169 60 76 2170 52 68 2171 52 68 2172 150 202 2173 437 647 2174 438 648 2175 62 78 2176 60 76 2177 60 76 2178 437 647 2179 438 648 2180 439 649 2181 440 650 2182 176 651 2183 176 652 2184 402 653 2185 439 654 2186 440 655 2187 439 656 2188 62 78 2189 62 78 2190 438 648 2191 440 655 2192 441 657 2193 96 128 2194 98 131 2195 98 131 2196 146 196 2197 441 657 2198 47 199 2199 63 658 2200 441 657 2201 441 657 2202 146 196 2203 47 199 2204 442 659 2205 97 129 2206 96 128 2207 96 128 2208 441 657 2209 442 659 2210 441 657 2211 63 658 2212 62 78 2213 62 78 2214 442 659 2215 441 657 2216 443 660 2217 397 661 2218 396 662 2219 396 662 2220 444 663 2221 443 660 2222 397 661 2223 443 660 2224 439 654 2225 439 654 2226 402 653 2227 397 661 2228 443 664 2229 444 665 2230 97 129 2231 97 129 2232 442 659 2233 443 664 2234 439 656 2235 443 664 2236 442 659 2237 442 659 2238 62 78 2239 439 656 2240 444 663 2241 396 662 2242 184 666 2243 184 666 2244 178 667 2245 444 663 2246 444 668 2247 178 669 2248 68 670 2249 68 130 2250 97 129 2251 444 665 2252 400 671 2253 445 672 2254 179 673 2255 179 673 2256 184 674 2257 400 671 2258 446 675 2259 177 232 2260 179 673 2261 179 673 2262 445 672 2263 446 675 2264 447 676 2265 180 237 2266 177 232 2267 177 232 2268 446 675 2269 447 676 2270 448 677 2271 181 238 2272 180 237 2273 180 237 2274 447 676 2275 448 677 2276 449 678 2277 182 239 2278 181 238 2279 181 238 2280 448 677 2281 449 678 2282 449 678 2283 450 679 2284 183 240 2285 183 240 2286 182 239 2287 449 678 2288 451 680 2289 452 681 2290 433 643 2291 433 643 2292 453 682 2293 451 680 2294 454 683 2295 451 680 2296 453 682 2297 453 682 2298 455 684 2299 454 683 2300 456 685 2301 457 686 2302 458 687 2303 458 687 2304 459 688 2305 456 685 2306 5 5 2307 9 9 2308 6 6 2309 460 689 2310 8 8 2311 5 5 2312 460 689 2313 73 96 2314 8 8 2315 461 690 2316 462 691 2317 6 6 2318 6 6 2319 9 9 2320 461 690 2321 463 692 2322 464 693 2323 462 691 2324 462 691 2325 461 690 2326 463 692 2327 458 687 2328 465 694 2329 464 693 2330 464 693 2331 463 692 2332 458 687 2333 457 686 2334 466 695 2335 465 694 2336 465 694 2337 458 687 2338 457 686 2339 467 696 2340 401 697 2341 176 698 2342 176 699 2343 440 700 2344 467 701 2345 401 702 2346 467 703 2347 445 704 2348 445 672 2349 400 671 2350 401 705 2351 440 655 2352 438 648 2353 468 706 2354 468 707 2355 467 708 2356 440 709 2357 445 710 2358 467 711 2359 468 712 2360 468 706 2361 446 675 2362 445 672 2363 437 647 2364 469 713 2365 468 706 2366 468 706 2367 438 648 2368 437 647 2369 469 713 2370 447 676 2371 446 675 2372 446 675 2373 468 706 2374 469 713 2375 150 202 2376 470 714 2377 469 713 2378 469 713 2379 437 647 2380 150 202 2381 470 714 2382 448 677 2383 447 676 2384 447 676 2385 469 713 2386 470 714 2387 470 714 2388 150 202 2389 151 203 2390 151 203 2391 471 715 2392 470 714 2393 471 715 2394 449 678 2395 448 677 2396 448 677 2397 470 714 2398 471 715 2399 472 716 2400 450 679 2401 449 678 2402 449 678 2403 471 715 2404 472 716 2405 473 717 2406 472 716 2407 471 715 2408 471 715 2409 151 203 2410 473 717 2411 454 683 2412 474 718 2413 475 719 2414 475 719 2415 451 680 2416 454 683 2417 476 720 2418 456 685 2419 459 688 2420 459 688 2421 477 721 2422 476 720 2423 474 718 2424 476 720 2425 477 721 2426 477 721 2427 475 719 2428 474 718 2429 434 644 2430 478 722 2431 479 723 2432 479 723 2433 435 645 2434 434 644 2435 151 203 2436 480 724 2437 473 717 2438 151 203 2439 149 201 2440 156 210 2441 156 210 2442 480 724 2443 151 203 2444 481 725 2445 482 726 2446 67 84 2447 67 84 2448 66 727 2449 481 725 2450 66 727 2451 483 728 2452 484 729 2453 484 729 2454 481 725 2455 66 727 2456 67 84 2457 482 726 2458 479 723 2459 479 723 2460 478 722 2461 67 84 2462 154 206 2463 485 730 2464 65 731 2465 65 731 2466 56 207 2467 154 206 2468 485 732 2469 66 733 2470 65 734 2471 485 730 2472 483 728 2473 66 735 2474 485 730 2475 486 736 2476 483 728 2477 102 135 2478 75 98 2479 74 97 2480 154 206 2481 101 134 2482 102 135 2483 102 135 2484 485 730 2485 154 206 2486 102 135 2487 74 97 2488 486 736 2489 486 736 2490 485 730 2491 102 135 2492 461 690 2493 9 9 2494 88 115 2495 88 115 2496 153 205 2497 461 690 2498 463 692 2499 155 209 2500 459 688 2501 459 688 2502 458 687 2503 463 692 2504 155 209 2505 463 692 2506 461 690 2507 461 690 2508 153 205 2509 155 209 2510 155 209 2511 183 240 2512 450 679 2513 450 679 2514 487 737 2515 155 209 2516 488 738 2517 475 719 2518 477 721 2519 477 721 2520 487 737 2521 488 738 2522 472 716 2523 488 738 2524 487 737 2525 487 737 2526 450 679 2527 472 716 2528 473 717 2529 452 681 2530 475 719 2531 475 719 2532 488 738 2533 473 717 2534 473 717 2535 488 738 2536 472 716 2537 483 728 2538 403 613 2539 406 616 2540 406 616 2541 484 729 2542 483 728 2543 486 736 2544 407 617 2545 403 613 2546 403 613 2547 483 728 2548 486 736 2549 74 97 2550 409 619 2551 407 617 2552 407 617 2553 486 736 2554 74 97 2555 73 96 2556 411 621 2557 409 619 2558 409 619 2559 74 97 2560 73 96 2561 460 689 2562 413 623 2563 411 621 2564 411 621 2565 73 96 2566 460 689 2567 489 739 2568 474 718 2569 454 683 2570 454 683 2571 490 740 2572 489 739 2573 491 741 2574 476 720 2575 474 718 2576 474 718 2577 489 739 2578 491 741 2579 492 742 2580 456 685 2581 476 720 2582 476 720 2583 491 741 2584 492 742 2585 493 743 2586 466 695 2587 457 686 2588 457 686 2589 492 742 2590 493 743 2591 453 682 2592 433 643 2593 436 646 2594 475 719 2595 452 681 2596 451 680 2597 480 724 2598 156 210 2599 478 722 2600 478 722 2601 434 644 2602 480 724 2603 156 210 2604 58 74 2605 67 84 2606 67 84 2607 478 722 2608 156 210 2609 459 688 2610 155 209 2611 477 721 2612 183 240 2613 155 209 2614 152 204 2615 487 737 2616 477 721 2617 155 209 2618 480 724 2619 434 644 2620 433 643 2621 433 643 2622 473 717 2623 480 724 2624 452 681 2625 473 717 2626 433 643 2627 490 740 2628 454 683 2629 455 684 2630 456 685 2631 492 742 2632 457 686 2633 30 744 2634 28 745 2635 21 21 2636 21 21 2637 18 18 2638 30 744 2639 118 159 2640 41 50 2641 42 52 2642 42 52 2643 119 160 2644 118 159 2645 11 11 2646 19 19 2647 22 22 2648 22 22 2649 12 12 2650 11 11 2651 494 746 2652 122 164 2653 107 141 2654 107 141 2655 495 747 2656 494 746 2657 124 167 2658 119 160 2659 42 52 2660 42 52 2661 43 56 2662 124 167 2663 494 746 2664 495 747 2665 496 748 2666 126 170 2667 122 164 2668 494 746 2669 30 744 2670 18 18 2671 17 17 2672 17 17 2673 32 749 2674 30 744 2675 133 182 2676 40 48 2677 41 50 2678 41 50 2679 118 159 2680 133 182 2681 497 750 2682 498 751 2683 499 752 2684 500 753 2685 501 754 2686 502 755 2687 502 755 2688 503 756 2689 500 753 2690 504 757 2691 505 758 2692 502 755 2693 506 759 2694 507 760 2695 508 761 2696 509 762 2697 506 759 2698 508 761 2699 510 763 2700 509 762 2701 508 761 2702 507 760 2703 510 763 2704 508 761 2705 509 762 2706 510 763 2707 511 764 2708 509 762 2709 512 765 2710 506 759 2711 511 764 2712 497 750 2713 499 752 2714 499 752 2715 513 766 2716 511 764 2717 514 767 2718 515 768 2719 516 769 2720 516 769 2721 517 770 2722 514 767 2723 518 771 2724 519 772 2725 515 768 2726 515 768 2727 514 767 2728 518 771 2729 506 759 2730 512 765 2731 519 772 2732 519 772 2733 518 771 2734 506 759 2735 516 769 2736 520 773 2737 501 754 2738 521 774 2739 522 775 2740 523 776 2741 521 777 2742 524 778 2743 525 779 2744 525 779 2745 522 780 2746 521 777 2747 526 781 2748 525 779 2749 524 778 2750 524 778 2751 527 782 2752 526 781 2753 528 783 2754 529 784 2755 530 785 2756 530 785 2757 531 786 2758 528 783 2759 529 784 2760 532 787 2761 533 788 2762 533 788 2763 530 785 2764 529 784 2765 532 787 2766 526 781 2767 527 782 2768 527 782 2769 533 788 2770 532 787 2771 534 789 2772 525 790 2773 526 791 2774 526 791 2775 535 792 2776 534 789 2777 509 762 2778 511 764 2779 513 766 2780 513 766 2781 536 793 2782 509 762 2783 536 793 2784 513 766 2785 529 794 2786 529 794 2787 528 783 2788 536 793 2789 512 765 2790 509 762 2791 536 793 2792 526 795 2793 532 796 2794 499 752 2795 499 752 2796 535 792 2797 526 795 2798 532 797 2799 529 798 2800 513 766 2801 513 766 2802 499 752 2803 532 797 2804 511 764 2805 510 763 2806 497 750 2807 522 775 2808 525 790 2809 534 789 2810 534 789 2811 523 776 2812 522 775 2813 503 756 2814 523 776 2815 534 789 2816 534 789 2817 498 751 2818 503 756 2819 498 751 2820 497 750 2821 500 753 2822 500 753 2823 503 756 2824 498 751 2825 498 751 2826 534 789 2827 535 792 2828 535 792 2829 499 752 2830 498 751 2831 527 799 2832 524 800 2833 537 801 2834 537 801 2835 505 758 2836 527 799 2837 538 802 2838 520 773 2839 516 769 2840 516 769 2841 515 768 2842 538 803 2843 530 804 2844 520 773 2845 538 802 2846 538 805 2847 531 786 2848 530 806 2849 519 772 2850 538 807 2851 515 768 2852 536 793 2853 538 808 2854 519 772 2855 519 772 2856 512 765 2857 536 793 2858 531 786 2859 538 805 2860 536 793 2861 536 793 2862 528 783 2863 531 786 2864 504 757 2865 533 809 2866 527 799 2867 527 799 2868 505 758 2869 504 757 2870 533 809 2871 504 757 2872 520 773 2873 520 773 2874 530 804 2875 533 809 2876 504 757 2877 501 754 2878 520 773 2879 517 770 2880 516 769 2881 501 754 2882 537 801 2883 524 800 2884 521 774 2885 521 774 2886 523 776 2887 537 801 2888 537 801 2889 523 776 2890 503 756 2891 503 756 2892 502 755 2893 537 801 2894 539 810 2895 540 811 2896 497 750 2897 497 750 2898 510 763 2899 539 810 2900 541 812 2901 501 754 2902 540 811 2903 540 811 2904 539 810 2905 541 812 2906 502 755 2907 505 758 2908 537 801 2909 501 754 2910 504 757 2911 502 755 2912 541 812 2913 517 770 2914 501 754 2915 501 754 2916 500 753 2917 540 811 2918 540 811 2919 500 753 2920 497 750 2921 510 763 2922 507 760 2923 542 813 2924 542 813 2925 543 814 2926 510 763 2927 539 810 2928 510 763 2929 543 814 2930 543 814 2931 544 815 2932 539 810 2933 541 812 2934 539 810 2935 544 815 2936 544 815 2937 545 816 2938 541 812 2939 517 770 2940 541 812 2941 545 816 2942 545 816 2943 546 817 2944 517 770 2945 514 767 2946 517 770 2947 546 817 2948 546 817 2949 547 818 2950 514 767 2951 518 771 2952 514 767 2953 547 818 2954 547 818 2955 548 819 2956 518 771 2957 506 759 2958 518 771 2959 548 819 2960 548 819 2961 549 820 2962 506 759 2963 506 759 2964 550 821 2965 542 813 2966 542 813 2967 507 760 2968 506 759 2969 506 759 2970 549 820 2971 550 821 2972 543 814 2973 542 813 2974 551 822 2975 551 822 2976 552 823 2977 543 814 2978 544 815 2979 543 814 2980 552 823 2981 552 823 2982 553 824 2983 544 815 2984 545 816 2985 544 815 2986 553 824 2987 553 824 2988 554 825 2989 545 816 2990 546 817 2991 545 816 2992 554 825 2993 554 825 2994 555 826 2995 546 817 2996 547 818 2997 546 817 2998 555 826 2999 555 826 3000 556 827 3001 547 818 3002 548 819 3003 547 818 3004 556 827 3005 556 827 3006 557 828 3007 548 819 3008 549 820 3009 548 819 3010 557 828 3011 557 828 3012 558 829 3013 549 820 3014 542 813 3015 550 821 3016 559 830 3017 559 830 3018 551 822 3019 542 813 3020 550 821 3021 549 820 3022 558 829 3023 558 829 3024 559 830 3025 550 821 3026 560 831 3027 561 832 3028 562 833 3029 563 834 3030 564 835 3031 565 836 3032 565 836 3033 566 837 3034 563 834 3035 567 838 3036 563 834 3037 568 839 3038 569 840 3039 570 841 3040 571 842 3041 571 842 3042 572 843 3043 569 844 3044 569 845 3045 573 846 3046 574 847 3047 574 847 3048 575 848 3049 569 849 3050 575 848 3051 574 847 3052 576 850 3053 576 850 3054 577 851 3055 575 852 3056 576 850 3057 578 853 3058 577 851 3059 579 854 3060 572 843 3061 571 842 3062 580 855 3063 573 846 3064 569 845 3065 569 856 3066 572 843 3067 580 855 3068 570 841 3069 569 840 3070 575 857 3071 575 857 3072 581 858 3073 570 841 3074 582 859 3075 581 858 3076 575 857 3077 575 852 3078 577 851 3079 582 860 3080 582 861 3081 577 851 3082 578 853 3083 579 854 3084 580 855 3085 572 843 3086 583 862 3087 584 863 3088 585 864 3089 586 865 3090 585 864 3091 584 863 3092 584 863 3093 587 866 3094 586 865 3095 588 867 3096 586 865 3097 587 866 3098 587 866 3099 578 853 3100 588 867 3101 589 868 3102 590 869 3103 591 870 3104 592 871 3105 593 872 3106 594 873 3107 595 874 3108 596 875 3109 597 876 3110 597 876 3111 598 877 3112 595 874 3113 599 878 3114 600 879 3115 598 877 3116 598 877 3117 597 876 3118 599 878 3119 601 880 3120 595 874 3121 598 877 3122 598 877 3123 602 881 3124 601 880 3125 600 879 3126 603 882 3127 602 881 3128 602 881 3129 598 877 3130 600 879 3131 603 882 3132 594 873 3133 593 872 3134 593 872 3135 602 881 3136 603 882 3137 604 883 3138 601 880 3139 602 881 3140 602 881 3141 593 872 3142 604 883 3143 605 884 3144 599 878 3145 597 876 3146 552 823 3147 551 822 3148 600 879 3149 600 879 3150 599 878 3151 552 823 3152 553 824 3153 552 823 3154 599 878 3155 599 878 3156 605 884 3157 553 824 3158 554 825 3159 553 824 3160 605 884 3161 605 884 3162 606 885 3163 554 825 3164 555 826 3165 554 825 3166 606 885 3167 606 885 3168 607 886 3169 555 826 3170 556 827 3171 555 826 3172 607 886 3173 607 886 3174 608 887 3175 556 827 3176 557 828 3177 556 827 3178 608 887 3179 608 887 3180 592 871 3181 557 828 3182 558 829 3183 557 828 3184 592 871 3185 592 871 3186 594 873 3187 558 829 3188 551 822 3189 559 830 3190 603 882 3191 603 882 3192 600 879 3193 551 822 3194 559 830 3195 558 829 3196 594 873 3197 594 873 3198 603 882 3199 559 830 3200 581 858 3201 609 888 3202 610 889 3203 610 889 3204 570 841 3205 581 858 3206 611 890 3207 612 891 3208 613 892 3209 613 892 3210 614 893 3211 611 890 3212 615 894 3213 616 895 3214 611 890 3215 611 890 3216 614 893 3217 615 894 3218 617 896 3219 618 897 3220 619 898 3221 619 898 3222 620 899 3223 617 896 3224 612 891 3225 617 896 3226 620 899 3227 620 899 3228 613 892 3229 612 891 3230 618 897 3231 621 900 3232 622 901 3233 622 901 3234 619 898 3235 618 897 3236 615 894 3237 623 902 3238 624 903 3239 624 903 3240 625 904 3241 615 894 3242 625 904 3243 626 905 3244 609 888 3245 609 888 3246 581 858 3247 625 904 3248 570 841 3249 627 906 3250 571 842 3251 621 900 3252 571 842 3253 627 906 3254 627 906 3255 622 901 3256 621 900 3257 628 907 3258 629 908 3259 630 909 3260 630 909 3261 631 910 3262 628 907 3263 632 911 3264 628 907 3265 631 910 3266 631 910 3267 633 912 3268 632 911 3269 634 913 3270 630 909 3271 629 908 3272 629 908 3273 635 914 3274 634 913 3275 636 915 3276 632 911 3277 633 912 3278 637 916 3279 638 917 3280 639 918 3281 639 918 3282 640 919 3283 637 916 3284 641 920 3285 639 918 3286 638 917 3287 638 917 3288 642 921 3289 641 920 3290 643 922 3291 637 916 3292 640 919 3293 640 919 3294 644 923 3295 643 922 3296 624 903 3297 626 905 3298 625 904 3299 645 924 3300 626 905 3301 624 903 3302 624 903 3303 646 925 3304 645 924 3305 644 923 3306 645 924 3307 646 925 3308 646 925 3309 643 922 3310 644 923 3311 647 926 3312 641 920 3313 642 921 3314 642 921 3315 648 927 3316 647 926 3317 647 926 3318 648 927 3319 649 928 3320 650 929 3321 651 930 3322 652 931 3323 653 932 3324 640 919 3325 639 918 3326 650 929 3327 654 933 3328 655 934 3329 655 934 3330 651 930 3331 650 929 3332 654 933 3333 638 917 3334 637 916 3335 637 916 3336 655 934 3337 654 933 3338 631 910 3339 652 931 3340 656 935 3341 657 936 3342 653 932 3343 658 937 3344 653 932 3345 659 938 3346 658 937 3347 652 931 3348 651 930 3349 660 939 3350 660 939 3351 656 935 3352 652 931 3353 650 929 3354 652 931 3355 661 940 3356 661 940 3357 662 941 3358 650 929 3359 654 933 3360 650 929 3361 662 941 3362 662 941 3363 663 942 3364 654 933 3365 651 930 3366 655 934 3367 664 943 3368 664 943 3369 660 939 3370 651 930 3371 655 934 3372 637 916 3373 643 922 3374 643 922 3375 664 943 3376 655 934 3377 638 917 3378 654 933 3379 663 942 3380 663 942 3381 642 921 3382 638 917 3383 653 932 3384 639 918 3385 641 920 3386 641 920 3387 659 938 3388 653 932 3389 640 919 3390 653 932 3391 657 936 3392 657 936 3393 644 923 3394 640 919 3395 630 909 3396 661 940 3397 631 910 3398 631 910 3399 661 940 3400 652 931 3401 596 875 3402 665 944 3403 605 884 3404 605 884 3405 597 876 3406 596 875 3407 665 944 3408 666 945 3409 606 885 3410 606 885 3411 605 884 3412 665 944 3413 666 945 3414 667 946 3415 607 886 3416 607 886 3417 606 885 3418 666 945 3419 667 946 3420 668 947 3421 608 887 3422 608 887 3423 607 886 3424 667 946 3425 668 947 3426 669 948 3427 592 871 3428 592 871 3429 608 887 3430 668 947 3431 592 871 3432 669 948 3433 604 883 3434 604 883 3435 593 872 3436 592 871 3437 670 949 3438 649 928 3439 596 875 3440 596 875 3441 595 874 3442 670 949 3443 649 928 3444 671 950 3445 665 944 3446 665 944 3447 596 875 3448 649 928 3449 671 950 3450 672 951 3451 666 945 3452 666 945 3453 665 944 3454 671 950 3455 672 951 3456 634 952 3457 667 946 3458 667 946 3459 666 945 3460 672 951 3461 668 947 3462 667 946 3463 634 952 3464 634 953 3465 635 914 3466 668 947 3467 669 948 3468 668 947 3469 635 914 3470 635 914 3471 673 954 3472 669 948 3473 673 954 3474 674 955 3475 604 883 3476 604 883 3477 669 948 3478 673 954 3479 675 956 3480 670 949 3481 595 874 3482 595 874 3483 601 880 3484 675 956 3485 674 955 3486 675 956 3487 601 880 3488 601 880 3489 604 883 3490 674 955 3491 584 863 3492 583 862 3493 612 891 3494 612 891 3495 611 890 3496 584 863 3497 587 866 3498 584 863 3499 611 890 3500 611 890 3501 616 895 3502 587 866 3503 617 896 3504 676 957 3505 677 958 3506 677 958 3507 618 897 3508 617 896 3509 583 862 3510 676 957 3511 617 896 3512 617 896 3513 612 891 3514 583 862 3515 618 897 3516 677 958 3517 678 959 3518 678 959 3519 621 900 3520 618 897 3521 586 865 3522 588 867 3523 679 960 3524 679 960 3525 680 961 3526 586 865 3527 621 900 3528 678 959 3529 579 854 3530 579 854 3531 571 842 3532 621 900 3533 649 928 3534 670 949 3535 681 962 3536 681 962 3537 682 963 3538 649 928 3539 682 963 3540 681 962 3541 658 937 3542 658 937 3543 659 938 3544 682 963 3545 657 936 3546 658 937 3547 683 964 3548 683 964 3549 684 965 3550 657 936 3551 684 965 3552 683 964 3553 610 889 3554 610 889 3555 609 888 3556 684 965 3557 661 940 3558 630 909 3559 685 966 3560 685 966 3561 662 941 3562 661 940 3563 662 941 3564 685 966 3565 686 967 3566 686 967 3567 663 942 3568 662 941 3569 687 968 3570 656 935 3571 660 939 3572 660 939 3573 688 969 3574 687 968 3575 688 969 3576 660 939 3577 664 943 3578 664 943 3579 689 970 3580 688 969 3581 690 971 3582 687 968 3583 688 969 3584 688 969 3585 691 972 3586 690 971 3587 691 972 3588 688 969 3589 689 970 3590 689 970 3591 623 902 3592 691 972 3593 614 893 3594 613 892 3595 690 971 3596 690 971 3597 691 972 3598 614 893 3599 623 902 3600 615 894 3601 614 893 3602 614 893 3603 691 972 3604 623 902 3605 692 973 3606 693 974 3607 583 862 3608 583 862 3609 585 864 3610 692 973 3611 680 961 3612 692 973 3613 585 864 3614 585 864 3615 586 865 3616 680 961 3617 694 975 3618 695 976 3619 629 908 3620 629 908 3621 628 907 3622 694 975 3623 696 977 3624 694 975 3625 628 907 3626 628 907 3627 632 911 3628 696 977 3629 633 912 3630 631 910 3631 656 935 3632 656 935 3633 687 968 3634 633 912 3635 632 911 3636 636 915 3637 697 978 3638 697 978 3639 696 977 3640 632 911 3641 687 968 3642 690 971 3643 636 915 3644 636 915 3645 633 912 3646 687 968 3647 620 899 3648 619 898 3649 697 978 3650 697 978 3651 636 915 3652 620 899 3653 613 892 3654 620 899 3655 636 915 3656 636 915 3657 690 971 3658 613 892 3659 676 957 3660 698 979 3661 699 980 3662 699 980 3663 677 958 3664 676 957 3665 693 974 3666 698 979 3667 676 957 3668 676 957 3669 583 862 3670 693 974 3671 700 981 3672 701 982 3673 695 976 3674 695 976 3675 694 975 3676 700 981 3677 702 983 3678 700 981 3679 694 975 3680 694 975 3681 696 977 3682 702 983 3683 703 984 3684 702 983 3685 696 977 3686 696 977 3687 697 978 3688 703 984 3689 619 898 3690 622 901 3691 703 984 3692 703 984 3693 697 978 3694 619 898 3695 677 958 3696 699 980 3697 704 985 3698 704 985 3699 678 959 3700 677 958 3701 587 866 3702 616 895 3703 582 986 3704 582 861 3705 578 853 3706 587 866 3707 616 895 3708 615 894 3709 625 904 3710 625 904 3711 582 859 3712 616 895 3713 581 858 3714 582 859 3715 625 904 3716 646 925 3717 624 903 3718 623 902 3719 623 902 3720 689 970 3721 646 925 3722 684 965 3723 609 888 3724 626 905 3725 626 905 3726 645 924 3727 684 965 3728 643 922 3729 646 925 3730 689 970 3731 689 970 3732 664 943 3733 643 922 3734 657 936 3735 684 965 3736 645 924 3737 645 924 3738 644 923 3739 657 936 3740 648 927 3741 642 921 3742 663 942 3743 663 942 3744 686 967 3745 648 927 3746 682 963 3747 659 938 3748 641 920 3749 641 920 3750 647 926 3751 682 963 3752 649 928 3753 682 963 3754 647 926 3755 648 927 3756 686 967 3757 671 950 3758 671 950 3759 649 928 3760 648 927 3761 672 951 3762 671 950 3763 686 967 3764 686 967 3765 685 966 3766 672 951 3767 634 987 3768 672 951 3769 685 966 3770 685 966 3771 630 909 3772 634 987 3773 673 954 3774 635 914 3775 629 908 3776 629 908 3777 695 976 3778 673 954 3779 674 955 3780 673 954 3781 695 976 3782 695 976 3783 701 982 3784 674 955 3785 681 962 3786 670 949 3787 675 956 3788 675 956 3789 705 988 3790 681 962 3791 705 988 3792 675 956 3793 674 955 3794 674 955 3795 701 982 3796 705 988 3797 705 988 3798 706 989 3799 658 937 3800 658 937 3801 681 962 3802 705 988 3803 706 989 3804 705 988 3805 701 982 3806 701 982 3807 700 981 3808 706 989 3809 683 964 3810 658 937 3811 706 989 3812 706 989 3813 707 990 3814 683 964 3815 707 990 3816 706 989 3817 700 981 3818 700 981 3819 702 983 3820 707 990 3821 610 889 3822 683 964 3823 707 990 3824 707 990 3825 708 991 3826 610 889 3827 708 991 3828 707 990 3829 702 983 3830 702 983 3831 703 984 3832 708 991 3833 708 991 3834 627 906 3835 570 841 3836 570 841 3837 610 889 3838 708 991 3839 622 901 3840 627 906 3841 708 991 3842 708 991 3843 703 984 3844 622 901 3845 678 959 3846 704 985 3847 709 992 3848 709 992 3849 579 854 3850 678 959 3851 710 993 3852 711 994 3853 712 995 3854 713 996 3855 711 994 3856 710 993 3857 714 997 3858 711 994 3859 713 996 3860 712 995 3861 711 994 3862 714 997 3863 713 996 3864 715 998 3865 714 997 3866 713 996 3867 710 993 3868 716 999 3869 561 832 3870 560 831 3871 715 998 3872 715 998 3873 717 1000 3874 561 832 3875 718 1001 3876 719 1002 3877 720 1003 3878 720 1003 3879 721 1004 3880 718 1001 3881 719 1002 3882 722 1005 3883 723 1006 3884 723 1006 3885 720 1003 3886 719 1002 3887 722 1005 3888 716 999 3889 710 993 3890 710 993 3891 723 1006 3892 722 1005 3893 718 1001 3894 564 835 3895 724 1007 3896 725 1008 3897 726 1009 3898 727 1010 3899 728 1011 3900 729 1012 3901 730 1013 3902 730 1013 3903 731 1014 3904 728 1011 3905 731 1014 3906 732 1015 3907 733 1016 3908 733 1016 3909 728 1011 3910 731 1014 3911 731 1014 3912 730 1013 3913 734 1017 3914 734 1017 3915 735 1018 3916 731 1014 3917 735 1018 3918 736 1019 3919 732 1015 3920 732 1015 3921 731 1014 3922 735 1018 3923 727 1010 3924 726 1009 3925 736 1019 3926 736 1019 3927 735 1018 3928 727 1010 3929 735 1018 3930 734 1017 3931 737 1020 3932 737 1020 3933 727 1010 3934 735 1018 3935 738 1021 3936 728 1011 3937 733 1016 3938 739 1022 3939 740 1023 3940 741 1024 3941 742 782 3942 743 782 3943 739 782 3944 739 782 3945 741 782 3946 742 782 3947 743 782 3948 742 782 3949 744 1025 3950 744 1025 3951 745 782 3952 743 782 3953 746 1026 3954 747 1027 3955 748 1028 3956 748 1028 3957 749 1029 3958 746 1026 3959 750 1030 3960 751 1031 3961 747 1027 3962 747 1027 3963 746 1026 3964 750 1030 3965 745 782 3966 744 1025 3967 751 1031 3968 751 1031 3969 750 1030 3970 745 782 3971 744 1032 3972 742 1033 3973 752 1034 3974 752 1034 3975 753 1035 3976 744 1032 3977 717 1000 3978 715 998 3979 713 996 3980 713 996 3981 754 1036 3982 717 1000 3983 747 1037 3984 717 1000 3985 754 1036 3986 754 1038 3987 748 1028 3988 747 1039 3989 754 1036 3990 713 996 3991 716 999 3992 561 832 3993 751 1040 3994 744 1041 3995 744 1041 3996 753 1035 3997 561 832 3998 717 1000 3999 747 1037 4000 751 1042 4001 751 1042 4002 561 832 4003 717 1000 4004 715 998 4005 560 831 4006 714 997 4007 752 1034 4008 742 1033 4009 741 1024 4010 741 1024 4011 740 1023 4012 752 1034 4013 752 1034 4014 740 1023 4015 566 837 4016 566 837 4017 562 833 4018 752 1034 4019 565 836 4020 560 831 4021 562 833 4022 562 833 4023 566 837 4024 565 836 4025 562 833 4026 753 1035 4027 752 1034 4028 753 1035 4029 562 833 4030 561 832 4031 755 1043 4032 743 1044 4033 745 1045 4034 745 1045 4035 568 839 4036 755 1043 4037 718 1001 4038 724 1007 4039 756 1046 4040 756 1047 4041 719 1002 4042 718 1001 4043 756 1046 4044 724 1007 4045 746 1048 4046 746 1049 4047 749 1029 4048 756 1050 4049 756 1051 4050 722 1005 4051 719 1002 4052 722 1005 4053 756 1052 4054 754 1036 4055 754 1036 4056 716 999 4057 722 1005 4058 754 1038 4059 756 1050 4060 749 1029 4061 749 1029 4062 748 1028 4063 754 1038 4064 745 1045 4065 750 1053 4066 567 838 4067 567 838 4068 568 839 4069 745 1045 4070 724 1007 4071 567 838 4072 750 1053 4073 750 1053 4074 746 1048 4075 724 1007 4076 567 838 4077 724 1007 4078 564 835 4079 721 1004 4080 564 835 4081 718 1001 4082 739 1022 4083 743 1044 4084 755 1043 4085 755 1043 4086 740 1023 4087 739 1022 4088 566 837 4089 740 1023 4090 755 1043 4091 755 1043 4092 563 834 4093 566 837 4094 560 831 4095 757 1054 4096 758 1055 4097 758 1055 4098 714 997 4099 560 831 4100 757 1054 4101 564 835 4102 759 1056 4103 759 1056 4104 758 1055 4105 757 1054 4106 563 834 4107 755 1043 4108 568 839 4109 564 835 4110 563 834 4111 567 838 4112 759 1056 4113 564 835 4114 721 1004 4115 564 835 4116 757 1054 4117 565 836 4118 757 1054 4119 560 831 4120 565 836 4121 760 1057 4122 712 995 4123 714 997 4124 714 997 4125 761 1058 4126 760 1057 4127 761 1058 4128 714 997 4129 758 1055 4130 758 1055 4131 762 1059 4132 761 1058 4133 762 1059 4134 758 1055 4135 759 1056 4136 759 1056 4137 763 1060 4138 762 1059 4139 763 1060 4140 759 1056 4141 721 1004 4142 721 1004 4143 764 1061 4144 763 1060 4145 764 1061 4146 721 1004 4147 720 1003 4148 720 1003 4149 765 1062 4150 764 1061 4151 765 1062 4152 720 1003 4153 723 1006 4154 723 1006 4155 766 1063 4156 765 1062 4157 766 1063 4158 723 1006 4159 710 993 4160 710 993 4161 767 1064 4162 766 1063 4163 760 1057 4164 767 1064 4165 710 993 4166 710 993 4167 712 995 4168 760 1057 4169 768 1065 4170 760 1057 4171 761 1058 4172 761 1058 4173 769 1066 4174 768 1065 4175 769 1066 4176 761 1058 4177 762 1059 4178 762 1059 4179 770 1067 4180 769 1066 4181 770 1067 4182 762 1059 4183 763 1060 4184 763 1060 4185 771 1068 4186 770 1067 4187 771 1068 4188 763 1060 4189 764 1061 4190 764 1061 4191 772 1069 4192 771 1068 4193 772 1069 4194 764 1061 4195 765 1062 4196 765 1062 4197 773 1070 4198 772 1069 4199 773 1070 4200 765 1062 4201 766 1063 4202 766 1063 4203 774 1071 4204 773 1070 4205 774 1071 4206 766 1063 4207 767 1064 4208 767 1064 4209 775 1072 4210 774 1071 4211 776 1073 4212 767 1064 4213 760 1057 4214 760 1057 4215 768 1065 4216 776 1073 4217 775 1072 4218 767 1064 4219 776 1073 4220 732 1015 4221 768 1065 4222 769 1066 4223 769 1066 4224 733 1016 4225 732 1015 4226 733 1016 4227 769 1066 4228 770 1067 4229 770 1067 4230 738 1021 4231 733 1016 4232 738 1021 4233 770 1067 4234 771 1068 4235 771 1068 4236 777 1074 4237 738 1021 4238 777 1074 4239 771 1068 4240 772 1069 4241 772 1069 4242 778 1075 4243 777 1074 4244 778 1075 4245 772 1069 4246 773 1070 4247 773 1070 4248 779 1076 4249 778 1075 4250 779 1076 4251 773 1070 4252 774 1071 4253 774 1071 4254 725 1008 4255 779 1076 4256 725 1008 4257 774 1071 4258 775 1072 4259 775 1072 4260 726 1009 4261 725 1008 4262 736 1019 4263 776 1073 4264 768 1065 4265 768 1065 4266 732 1015 4267 736 1019 4268 726 1009 4269 775 1072 4270 776 1073 4271 776 1073 4272 736 1019 4273 726 1009 4274 780 1077 4275 781 1078 4276 574 847 4277 574 847 4278 573 846 4279 780 1077 4280 782 1079 4281 783 1080 4282 784 1081 4283 784 1081 4284 785 1082 4285 782 1079 4286 784 1081 4287 786 1083 4288 787 1084 4289 787 1084 4290 785 1082 4291 784 1081 4292 788 1085 4293 789 1086 4294 790 1087 4295 790 1087 4296 791 1088 4297 788 1085 4298 791 1088 4299 790 1087 4300 783 1080 4301 783 1080 4302 782 1079 4303 791 1088 4304 792 1089 4305 793 1090 4306 789 1086 4307 789 1086 4308 788 1085 4309 792 1089 4310 794 1091 4311 795 1092 4312 787 1084 4313 787 1084 4314 796 1093 4315 794 1091 4316 781 1078 4317 797 1094 4318 796 1093 4319 796 1093 4320 574 847 4321 781 1078 4322 798 1095 4323 573 846 4324 580 855 4325 798 1095 4326 580 855 4327 793 1090 4328 793 1090 4329 792 1089 4330 798 1095 4331 799 1096 4332 800 1097 4333 801 1098 4334 801 1098 4335 802 1099 4336 799 1096 4337 802 1099 4338 801 1098 4339 803 1100 4340 803 1100 4341 804 1101 4342 802 1099 4343 800 1097 4344 799 1096 4345 805 1102 4346 805 1102 4347 806 1103 4348 800 1097 4349 807 1104 4350 804 1101 4351 803 1100 4352 808 1105 4353 809 1106 4354 810 1107 4355 810 1107 4356 811 1108 4357 808 1105 4358 809 1106 4359 808 1105 4360 812 1109 4361 812 1109 4362 813 1110 4363 809 1106 4364 811 1108 4365 810 1107 4366 814 1111 4367 814 1111 4368 815 1112 4369 811 1108 4370 794 1091 4371 796 1093 4372 797 1094 4373 794 1091 4374 797 1094 4375 816 1113 4376 816 1113 4377 817 1114 4378 794 1091 4379 817 1114 4380 816 1113 4381 815 1112 4382 815 1112 4383 814 1111 4384 817 1114 4385 813 1110 4386 812 1109 4387 818 1115 4388 818 1115 4389 819 1116 4390 813 1110 4391 818 1115 4392 820 1117 4393 819 1116 4394 821 1118 4395 822 1119 4396 823 1120 4397 824 1121 4398 808 1105 4399 811 1108 4400 825 1122 4401 826 1123 4402 821 1118 4403 821 1118 4404 823 1120 4405 825 1122 4406 810 1107 4407 809 1106 4408 826 1123 4409 826 1123 4410 825 1122 4411 810 1107 4412 802 1099 4413 827 1124 4414 822 1119 4415 828 1125 4416 829 1126 4417 824 1121 4418 824 1121 4419 829 1126 4420 830 1127 4421 831 1128 4422 823 1120 4423 822 1119 4424 822 1119 4425 827 1124 4426 831 1128 4427 832 1129 4428 822 1119 4429 821 1118 4430 821 1118 4431 833 1130 4432 832 1129 4433 833 1130 4434 821 1118 4435 826 1123 4436 826 1123 4437 834 1131 4438 833 1130 4439 835 1132 4440 825 1122 4441 823 1120 4442 823 1120 4443 831 1128 4444 835 1132 4445 814 1111 4446 810 1107 4447 825 1122 4448 825 1122 4449 835 1132 4450 814 1111 4451 834 1131 4452 826 1123 4453 809 1106 4454 809 1106 4455 813 1110 4456 834 1131 4457 812 1109 4458 808 1105 4459 824 1121 4460 824 1121 4461 830 1127 4462 812 1109 4463 828 1125 4464 824 1121 4465 811 1108 4466 811 1108 4467 815 1112 4468 828 1125 4469 799 1096 4470 802 1099 4471 832 1129 4472 802 1099 4473 822 1119 4474 832 1129 4475 738 1021 4476 836 1133 4477 729 1012 4478 729 1012 4479 728 1011 4480 738 1021 4481 777 1074 4482 837 1134 4483 836 1133 4484 836 1133 4485 738 1021 4486 777 1074 4487 778 1075 4488 838 1135 4489 837 1134 4490 837 1134 4491 777 1074 4492 778 1075 4493 779 1076 4494 839 1136 4495 838 1135 4496 838 1135 4497 778 1075 4498 779 1076 4499 725 1008 4500 840 1137 4501 839 1136 4502 839 1136 4503 779 1076 4504 725 1008 4505 737 1020 4506 840 1137 4507 725 1008 4508 725 1008 4509 727 1010 4510 737 1020 4511 729 1012 4512 820 1117 4513 841 1138 4514 841 1138 4515 730 1013 4516 729 1012 4517 836 1133 4518 842 1139 4519 820 1117 4520 820 1117 4521 729 1012 4522 836 1133 4523 837 1134 4524 843 1140 4525 842 1139 4526 842 1139 4527 836 1133 4528 837 1134 4529 838 1135 4530 805 1141 4531 843 1140 4532 843 1140 4533 837 1134 4534 838 1135 4535 805 1141 4536 838 1135 4537 839 1136 4538 839 1136 4539 806 1103 4540 805 1142 4541 806 1103 4542 839 1136 4543 840 1137 4544 840 1137 4545 844 1143 4546 806 1103 4547 737 1020 4548 845 1144 4549 844 1143 4550 844 1143 4551 840 1137 4552 737 1020 4553 730 1013 4554 841 1138 4555 846 1145 4556 846 1145 4557 734 1017 4558 730 1013 4559 734 1017 4560 846 1145 4561 845 1144 4562 845 1144 4563 737 1020 4564 734 1017 4565 783 1080 4566 589 868 4567 591 870 4568 591 870 4569 784 1081 4570 783 1080 4571 784 1081 4572 591 870 4573 847 1146 4574 847 1146 4575 786 1083 4576 784 1081 4577 848 1147 4578 849 1148 4579 790 1087 4580 790 1087 4581 789 1086 4582 848 1147 4583 790 1087 4584 849 1148 4585 589 868 4586 589 868 4587 783 1080 4588 790 1087 4589 850 1149 4590 848 1147 4591 789 1086 4592 789 1086 4593 793 1090 4594 850 1149 4595 847 1146 4596 851 1150 4597 588 867 4598 588 867 4599 578 853 4600 847 1146 4601 679 960 4602 588 867 4603 851 1150 4604 851 1150 4605 852 1151 4606 679 960 4607 793 1090 4608 580 855 4609 579 854 4610 579 854 4611 850 1149 4612 793 1090 4613 853 1152 4614 841 1138 4615 820 1117 4616 820 1117 4617 854 1153 4618 853 1152 4619 829 1126 4620 853 1152 4621 854 1153 4622 854 1153 4623 830 1127 4624 829 1126 4625 855 1154 4626 829 1126 4627 828 1125 4628 828 1125 4629 856 1155 4630 855 1154 4631 780 1077 4632 855 1154 4633 856 1155 4634 856 1155 4635 781 1078 4636 780 1077 4637 857 1156 4638 799 1096 4639 832 1129 4640 832 1129 4641 833 1130 4642 857 1156 4643 858 1157 4644 857 1156 4645 833 1130 4646 833 1130 4647 834 1131 4648 858 1157 4649 831 1128 4650 827 1124 4651 859 1158 4652 859 1158 4653 860 1159 4654 831 1128 4655 835 1132 4656 831 1128 4657 860 1159 4658 860 1159 4659 861 1160 4660 835 1132 4661 860 1159 4662 859 1158 4663 862 1161 4664 862 1161 4665 863 1162 4666 860 1159 4667 861 1160 4668 860 1159 4669 863 1162 4670 863 1162 4671 795 1092 4672 861 1160 4673 862 1161 4674 782 1079 4675 785 1082 4676 785 1082 4677 863 1162 4678 862 1161 4679 785 1082 4680 787 1084 4681 795 1092 4682 795 1092 4683 863 1162 4684 785 1082 4685 589 868 4686 864 1163 4687 865 1164 4688 865 1164 4689 590 869 4690 589 868 4691 852 1151 4692 851 1150 4693 590 869 4694 590 869 4695 865 1164 4696 852 1151 4697 591 870 4698 590 869 4699 851 1150 4700 851 1150 4701 847 1146 4702 591 870 4703 800 1097 4704 866 1165 4705 867 1166 4706 867 1166 4707 801 1098 4708 800 1097 4709 801 1098 4710 867 1166 4711 868 1167 4712 868 1167 4713 803 1100 4714 801 1098 4715 827 1124 4716 802 1099 4717 804 1101 4718 804 1101 4719 859 1158 4720 827 1124 4721 803 1100 4722 868 1167 4723 869 1168 4724 869 1168 4725 807 1104 4726 803 1100 4727 807 1104 4728 862 1161 4729 859 1158 4730 859 1158 4731 804 1101 4732 807 1104 4733 869 1168 4734 788 1085 4735 791 1088 4736 791 1088 4737 807 1104 4738 869 1168 4739 807 1104 4740 791 1088 4741 782 1079 4742 782 1079 4743 862 1161 4744 807 1104 4745 870 1169 4746 871 1170 4747 849 1148 4748 849 1148 4749 848 1147 4750 870 1169 4751 849 1148 4752 871 1170 4753 864 1163 4754 864 1163 4755 589 868 4756 849 1148 4757 866 1165 4758 872 1171 4759 873 1172 4760 873 1172 4761 867 1166 4762 866 1165 4763 867 1166 4764 873 1172 4765 874 1173 4766 874 1173 4767 868 1167 4768 867 1166 4769 868 1167 4770 874 1173 4771 875 1174 4772 875 1174 4773 869 1168 4774 868 1167 4775 875 1174 4776 792 1089 4777 788 1085 4778 788 1085 4779 869 1168 4780 875 1174 4781 876 1175 4782 870 1169 4783 848 1147 4784 848 1147 4785 850 1149 4786 876 1175 4787 578 853 4788 576 850 4789 786 1083 4790 786 1083 4791 847 1146 4792 578 853 4793 796 1093 4794 787 1084 4795 786 1083 4796 786 1083 4797 576 850 4798 796 1093 4799 576 850 4800 574 847 4801 796 1093 4802 795 1092 4803 794 1091 4804 817 1114 4805 817 1114 4806 861 1160 4807 795 1092 4808 797 1094 4809 781 1078 4810 856 1155 4811 856 1155 4812 816 1113 4813 797 1094 4814 861 1160 4815 817 1114 4816 814 1111 4817 814 1111 4818 835 1132 4819 861 1160 4820 816 1113 4821 856 1155 4822 828 1125 4823 828 1125 4824 815 1112 4825 816 1113 4826 834 1131 4827 813 1110 4828 819 1116 4829 819 1116 4830 858 1157 4831 834 1131 4832 812 1109 4833 830 1127 4834 854 1153 4835 854 1153 4836 818 1115 4837 812 1109 4838 820 1117 4839 818 1115 4840 854 1153 4841 842 1139 4842 858 1157 4843 819 1116 4844 819 1116 4845 820 1117 4846 842 1139 4847 858 1157 4848 842 1139 4849 843 1140 4850 843 1140 4851 857 1156 4852 858 1157 4853 857 1156 4854 843 1140 4855 805 1176 4856 805 1176 4857 799 1096 4858 857 1156 4859 800 1097 4860 806 1103 4861 844 1143 4862 844 1143 4863 866 1165 4864 800 1097 4865 866 1165 4866 844 1143 4867 845 1144 4868 845 1144 4869 872 1171 4870 866 1165 4871 846 1145 4872 841 1138 4873 853 1152 4874 853 1152 4875 877 1177 4876 846 1145 4877 845 1144 4878 846 1145 4879 877 1177 4880 877 1177 4881 872 1171 4882 845 1144 4883 829 1126 4884 878 1178 4885 877 1177 4886 877 1177 4887 853 1152 4888 829 1126 4889 872 1171 4890 877 1177 4891 878 1178 4892 878 1178 4893 873 1172 4894 872 1171 4895 878 1178 4896 829 1126 4897 855 1154 4898 855 1154 4899 879 1179 4900 878 1178 4901 873 1172 4902 878 1178 4903 879 1179 4904 879 1179 4905 874 1173 4906 873 1172 4907 879 1179 4908 855 1154 4909 780 1077 4910 780 1077 4911 880 1180 4912 879 1179 4913 874 1173 4914 879 1179 4915 880 1180 4916 880 1180 4917 875 1174 4918 874 1173 4919 573 846 4920 798 1095 4921 880 1180 4922 880 1180 4923 780 1077 4924 573 846 4925 880 1180 4926 798 1095 4927 792 1089 4928 792 1089 4929 875 1174 4930 880 1180 4931 709 992 4932 876 1175 4933 850 1149 4934 850 1149 4935 579 854 4936 709 992 4937 881 1181 4938 882 1182 4939 883 1183 4940 884 1184 4941 882 1182 4942 881 1181 4943 709 992 4944 704 985 4945 885 1185 4946 885 1185 4947 886 1186 4948 709 992 4949 704 985 4950 699 980 4951 887 1187 4952 887 1187 4953 885 1185 4954 704 985 4955 699 980 4956 698 979 4957 888 1188 4958 888 1188 4959 887 1187 4960 699 980 4961 698 979 4962 693 974 4963 889 1189 4964 889 1189 4965 888 1188 4966 698 979 4967 693 974 4968 692 973 4969 890 1190 4970 890 1190 4971 889 1189 4972 693 974 4973 692 973 4974 680 961 4975 891 1191 4976 891 1191 4977 890 1190 4978 692 973 4979 680 961 4980 679 960 4981 892 1192 4982 892 1192 4983 891 1191 4984 680 961 4985 893 1193 4986 894 1194 4987 895 1195 4988 895 1195 4989 896 1196 4990 893 1193 4991 894 1194 4992 897 1197 4993 898 1198 4994 898 1198 4995 895 1195 4996 894 1194 4997 896 1196 4998 899 1199 4999 900 1200 5000 900 1200 5001 893 1193 5002 896 1196 5003 901 1201 5004 902 1202 5005 903 1203 5006 903 1203 5007 904 1204 5008 901 1201 5009 905 1205 5010 906 1206 5011 904 1204 5012 904 1207 5013 907 1208 5014 905 1205 5015 908 1209 5016 905 1205 5017 907 1208 5018 907 1208 5019 909 1210 5020 908 1209 5021 901 1201 5022 904 1204 5023 906 1206 5024 902 1202 5025 910 1211 5026 911 1212 5027 911 1212 5028 903 1203 5029 902 1202 5030 910 1211 5031 900 1200 5032 899 1199 5033 899 1199 5034 911 1212 5035 910 1211 5036 898 1198 5037 897 1197 5038 912 1213 5039 913 1214 5040 104 138 5041 914 1215 5042 914 1215 5043 915 1216 5044 913 1217 5045 104 138 5046 103 137 5047 916 1218 5048 916 1218 5049 914 1215 5050 104 138 5051 103 137 5052 135 185 5053 917 1219 5054 917 1219 5055 916 1218 5056 103 137 5057 135 185 5058 128 173 5059 918 1220 5060 918 1220 5061 917 1219 5062 135 185 5063 494 746 5064 919 1221 5065 126 170 5066 915 1216 5067 920 1222 5068 913 1223 5069 128 173 5070 126 170 5071 919 1221 5072 919 1221 5073 918 1220 5074 128 173 5075 893 1193 5076 921 1224 5077 922 1225 5078 922 1225 5079 894 1194 5080 893 1193 5081 923 1226 5082 896 1196 5083 895 1195 5084 895 1195 5085 924 1227 5086 923 1226 5087 922 1225 5088 925 1228 5089 926 1229 5090 927 1230 5091 928 1231 5092 923 1226 5093 923 1226 5094 924 1227 5095 927 1230 5096 925 1228 5097 922 1225 5098 921 1224 5099 927 1230 5100 924 1227 5101 929 1232 5102 921 1224 5103 893 1193 5104 900 1200 5105 900 1200 5106 930 1233 5107 921 1224 5108 897 1197 5109 894 1194 5110 922 1225 5111 922 1225 5112 926 1229 5113 897 1197 5114 899 1199 5115 896 1196 5116 923 1226 5117 923 1226 5118 928 1231 5119 899 1199 5120 898 1198 5121 929 1232 5122 924 1227 5123 924 1227 5124 895 1195 5125 898 1198 5126 930 1233 5127 925 1228 5128 921 1224 5129 931 1234 5130 932 1235 5131 933 1236 5132 933 1236 5133 934 1237 5134 931 1234 5135 933 1236 5136 935 1238 5137 936 1239 5138 936 1239 5139 934 1237 5140 933 1236 5141 936 1239 5142 935 1238 5143 937 1240 5144 937 1240 5145 938 1241 5146 936 1239 5147 938 1241 5148 937 1240 5149 939 1242 5150 939 1242 5151 901 1201 5152 938 1241 5153 939 1242 5154 902 1202 5155 901 1201 5156 940 1243 5157 932 1235 5158 931 1234 5159 931 1234 5160 904 1244 5161 940 1243 5162 904 1204 5163 903 1203 5164 940 1243 5165 941 1245 5166 942 1246 5167 943 1247 5168 944 1248 5169 941 1245 5170 943 1247 5171 944 1248 5172 943 1247 5173 945 1249 5174 941 1245 5175 944 1248 5176 946 1250 5177 946 1250 5178 947 1251 5179 941 1245 5180 947 1251 5181 946 1250 5182 948 1252 5183 946 1250 5184 949 1253 5185 934 1237 5186 934 1237 5187 948 1252 5188 946 1250 5189 949 1254 5190 950 1255 5191 931 1234 5192 931 1234 5193 934 1237 5194 949 1254 5195 951 1256 5196 947 1251 5197 948 1252 5198 948 1252 5199 952 1257 5200 951 1256 5201 953 1258 5202 951 1256 5203 952 1257 5204 952 1257 5205 906 1206 5206 953 1258 5207 905 1205 5208 953 1258 5209 906 1206 5210 954 1259 5211 904 1260 5212 931 1234 5213 931 1234 5214 950 1255 5215 954 1259 5216 954 1259 5217 907 1208 5218 904 1260 5219 955 1261 5220 956 1262 5221 957 1263 5222 957 1263 5223 958 1264 5224 955 1261 5225 959 1265 5226 957 1263 5227 956 1262 5228 956 1262 5229 960 1266 5230 959 1265 5231 961 1267 5232 942 1246 5233 958 1264 5234 943 1247 5235 942 1246 5236 962 1268 5237 962 1268 5238 945 1249 5239 943 1247 5240 963 1269 5241 964 1270 5242 965 1271 5243 966 1272 5244 963 1273 5245 965 1274 5246 967 1275 5247 966 1276 5248 965 1277 5249 964 1278 5250 967 1275 5251 965 1279 5252 968 1280 5253 969 1281 5254 964 1278 5255 964 1278 5256 963 1282 5257 968 1280 5258 970 1283 5259 971 1284 5260 963 1285 5261 963 1286 5262 966 1287 5263 970 1288 5264 972 1289 5265 970 1283 5266 966 1290 5267 966 1276 5268 967 1275 5269 972 1289 5270 973 1291 5271 974 1292 5272 967 1275 5273 967 1275 5274 964 1278 5275 973 1291 5276 969 1281 5277 973 1291 5278 964 1278 5279 971 1284 5280 968 1280 5281 963 1293 5282 974 1292 5283 972 1289 5284 967 1275 5285 975 1294 5286 976 1295 5287 969 1281 5288 969 1281 5289 968 1280 5290 975 1294 5291 977 1296 5292 978 1297 5293 971 1284 5294 971 1284 5295 970 1283 5296 977 1296 5297 979 1298 5298 977 1296 5299 970 1283 5300 970 1283 5301 972 1289 5302 979 1298 5303 980 1299 5304 974 1292 5305 973 1291 5306 976 1295 5307 980 1299 5308 973 1291 5309 973 1291 5310 969 1281 5311 976 1295 5312 978 1297 5313 975 1294 5314 968 1280 5315 968 1280 5316 971 1284 5317 978 1297 5318 980 1299 5319 979 1298 5320 972 1289 5321 972 1289 5322 974 1292 5323 980 1299 5324 945 1249 5325 962 1268 5326 977 1296 5327 977 1296 5328 979 1298 5329 945 1249 5330 962 1268 5331 981 1300 5332 978 1297 5333 978 1297 5334 977 1296 5335 962 1268 5336 975 1294 5337 978 1297 5338 981 1300 5339 980 1299 5340 945 1249 5341 979 1298 5342 942 1246 5343 961 1267 5344 975 1294 5345 975 1294 5346 981 1300 5347 942 1246 5348 975 1294 5349 961 1267 5350 982 1301 5351 944 1248 5352 945 1249 5353 983 1302 5354 945 1249 5355 980 1299 5356 983 1303 5357 982 1301 5358 983 1304 5359 980 1299 5360 980 1299 5361 976 1295 5362 982 1301 5363 981 1300 5364 962 1268 5365 942 1246 5366 976 1295 5367 975 1294 5368 982 1301 5369 983 1305 5370 982 1306 5371 984 1307 5372 984 1308 5373 949 1309 5374 983 1310 5375 982 1301 5376 961 1267 5377 958 1311 5378 958 1312 5379 984 1313 5380 982 1314 5381 944 1248 5382 983 1302 5383 949 1253 5384 949 1253 5385 946 1250 5386 944 1248 5387 955 1261 5388 958 1264 5389 942 1246 5390 942 1246 5391 941 1245 5392 955 1261 5393 947 1251 5394 955 1261 5395 941 1245 5396 909 1210 5397 985 1315 5398 986 1316 5399 986 1316 5400 908 1209 5401 909 1210 5402 987 1317 5403 988 1318 5404 989 1319 5405 989 1319 5406 990 1320 5407 987 1317 5408 991 1321 5409 992 1322 5410 993 1323 5411 993 1323 5412 994 1324 5413 991 1321 5414 991 1321 5415 989 1325 5416 995 1326 5417 995 1326 5418 996 1327 5419 991 1321 5420 992 1328 5421 988 1329 5422 987 1330 5423 987 1331 5424 993 1332 5425 992 1333 5426 993 1334 5427 997 1335 5428 998 1336 5429 998 1337 5430 994 1338 5431 993 1339 5432 999 1340 5433 957 1263 5434 959 1265 5435 959 1265 5436 1000 1341 5437 999 1340 5438 960 1266 5439 998 1342 5440 1001 1343 5441 1001 1343 5442 1002 1344 5443 960 1266 5444 1000 1345 5445 997 1346 5446 993 1347 5447 993 1348 5448 999 1349 5449 1000 1350 5450 1003 1351 5451 1004 1352 5452 1005 1353 5453 1005 1353 5454 985 1315 5455 1003 1351 5456 1006 1354 5457 1007 1355 5458 1008 1356 5459 1008 1357 5460 1009 1358 5461 1006 1359 5462 1010 1360 5463 1006 1361 5464 1009 1362 5465 1009 1363 5466 986 1316 5467 1010 1360 5468 1008 1364 5469 1007 1365 5470 1004 1366 5471 1004 1367 5472 1003 1368 5473 1008 1369 5474 1010 1360 5475 986 1316 5476 985 1315 5477 985 1315 5478 1005 1353 5479 1010 1360 5480 1008 1370 5481 1011 1371 5482 1012 1372 5483 1012 1372 5484 1009 1373 5485 1008 1370 5486 1013 1374 5487 1014 1375 5488 987 1376 5489 987 1376 5490 990 1377 5491 1013 1374 5492 1009 1373 5493 1012 1372 5494 1013 1378 5495 1013 1378 5496 990 1379 5497 1009 1373 5498 1014 1380 5499 1011 1381 5500 1008 1382 5501 1008 1382 5502 987 1383 5503 1014 1380 5504 1015 1384 5505 1016 1385 5506 1017 1386 5507 1018 1387 5508 1019 1388 5509 1017 1389 5510 1016 1385 5511 1018 1387 5512 1017 1389 5513 1020 1390 5514 1015 1384 5515 1017 1391 5516 1021 1392 5517 1020 1390 5518 1017 1391 5519 1019 1388 5520 1021 1392 5521 1017 1393 5522 1022 1394 5523 1023 1395 5524 1016 1385 5525 1016 1385 5526 1015 1384 5527 1022 1394 5528 1024 1396 5529 1025 1397 5530 1021 1392 5531 1026 1398 5532 1027 1399 5533 1019 1388 5534 1019 1388 5535 1018 1387 5536 1026 1398 5537 1023 1395 5538 1026 1398 5539 1018 1387 5540 1018 1387 5541 1016 1385 5542 1023 1395 5543 1028 1400 5544 1029 1401 5545 1015 1384 5546 1015 1384 5547 1020 1390 5548 1028 1400 5549 1025 1397 5550 1028 1400 5551 1020 1390 5552 1020 1390 5553 1021 1392 5554 1025 1397 5555 1027 1399 5556 1024 1396 5557 1021 1392 5558 1021 1392 5559 1019 1388 5560 1027 1399 5561 1029 1401 5562 1022 1394 5563 1015 1384 5564 1030 1402 5565 1031 1403 5566 1023 1395 5567 1023 1395 5568 1022 1394 5569 1030 1402 5570 1032 1404 5571 1033 1405 5572 1025 1397 5573 1025 1397 5574 1024 1396 5575 1032 1406 5576 1034 1407 5577 1035 1408 5578 1027 1399 5579 1027 1399 5580 1026 1398 5581 1034 1407 5582 1031 1403 5583 1034 1407 5584 1026 1398 5585 1026 1398 5586 1023 1395 5587 1031 1403 5588 1036 1409 5589 1037 1410 5590 1029 1401 5591 1029 1401 5592 1028 1400 5593 1036 1411 5594 1033 1412 5595 1036 1413 5596 1028 1414 5597 1028 1400 5598 1025 1397 5599 1033 1405 5600 1035 1408 5601 1032 1415 5602 1024 1396 5603 1024 1396 5604 1027 1399 5605 1035 1408 5606 1037 1410 5607 1030 1402 5608 1022 1394 5609 1022 1394 5610 1029 1401 5611 1037 1410 5612 996 1327 5613 995 1326 5614 1034 1407 5615 1034 1407 5616 1031 1403 5617 996 1327 5618 1038 1416 5619 996 1327 5620 1031 1403 5621 1031 1403 5622 1030 1402 5623 1038 1416 5624 995 1326 5625 1039 1417 5626 1035 1408 5627 1035 1408 5628 1034 1407 5629 995 1326 5630 1032 1415 5631 1035 1408 5632 1039 1417 5633 1037 1410 5634 1038 1416 5635 1030 1402 5636 988 1418 5637 1032 1415 5638 1039 1417 5639 1039 1419 5640 989 1319 5641 988 1318 5642 992 1420 5643 991 1321 5644 1038 1416 5645 1038 1416 5646 1037 1410 5647 992 1421 5648 994 1324 5649 990 1422 5650 989 1325 5651 989 1325 5652 991 1321 5653 994 1324 5654 988 1423 5655 992 1424 5656 1036 1425 5657 1036 1426 5658 1033 1427 5659 988 1428 5660 991 1321 5661 996 1327 5662 1038 1416 5663 1037 1410 5664 1036 1429 5665 992 1421 5666 989 1430 5667 1039 1417 5668 995 1326 5669 1033 1431 5670 1032 1432 5671 988 1433 5672 1040 1434 5673 1041 1435 5674 1042 1436 5675 1043 1437 5676 1044 1438 5677 1042 1439 5678 1041 1435 5679 1043 1437 5680 1042 1439 5681 1045 1440 5682 1040 1434 5683 1042 1441 5684 1046 1442 5685 1045 1440 5686 1042 1441 5687 1044 1438 5688 1046 1442 5689 1042 1443 5690 1047 1444 5691 1048 1445 5692 1041 1435 5693 1041 1435 5694 1040 1434 5695 1047 1444 5696 1049 1446 5697 1050 1447 5698 1046 1442 5699 1051 1448 5700 1052 1449 5701 1044 1438 5702 1044 1438 5703 1043 1437 5704 1051 1448 5705 1048 1445 5706 1051 1448 5707 1043 1437 5708 1043 1437 5709 1041 1435 5710 1048 1445 5711 1053 1450 5712 1054 1451 5713 1040 1434 5714 1040 1434 5715 1045 1440 5716 1053 1450 5717 1050 1447 5718 1053 1450 5719 1045 1440 5720 1045 1440 5721 1046 1442 5722 1050 1447 5723 1052 1449 5724 1049 1446 5725 1046 1442 5726 1046 1442 5727 1044 1438 5728 1052 1449 5729 1054 1451 5730 1047 1444 5731 1040 1434 5732 1055 1452 5733 1056 1453 5734 1048 1445 5735 1048 1445 5736 1047 1444 5737 1055 1452 5738 1057 1454 5739 1058 1455 5740 1050 1447 5741 1050 1447 5742 1049 1446 5743 1057 1454 5744 1059 1456 5745 1060 1457 5746 1052 1449 5747 1052 1449 5748 1051 1448 5749 1059 1456 5750 1056 1453 5751 1059 1456 5752 1051 1448 5753 1051 1448 5754 1048 1445 5755 1056 1453 5756 1061 1458 5757 1062 1459 5758 1054 1451 5759 1054 1451 5760 1053 1450 5761 1061 1458 5762 1058 1455 5763 1061 1458 5764 1053 1450 5765 1053 1450 5766 1050 1447 5767 1058 1455 5768 1060 1457 5769 1057 1454 5770 1049 1446 5771 1049 1446 5772 1052 1449 5773 1060 1457 5774 1062 1459 5775 1055 1452 5776 1047 1444 5777 1047 1444 5778 1054 1451 5779 1062 1459 5780 1002 1344 5781 1001 1343 5782 1059 1456 5783 1059 1456 5784 1056 1453 5785 1002 1344 5786 1063 1460 5787 1002 1344 5788 1056 1453 5789 1056 1453 5790 1055 1452 5791 1063 1460 5792 1001 1343 5793 1064 1461 5794 1060 1457 5795 1060 1457 5796 1059 1456 5797 1001 1343 5798 1057 1454 5799 1060 1457 5800 1064 1461 5801 1062 1459 5802 1063 1460 5803 1055 1452 5804 997 1462 5805 1057 1454 5806 1064 1461 5807 1064 1463 5808 998 1336 5809 997 1335 5810 1000 1341 5811 959 1265 5812 1063 1460 5813 1063 1460 5814 1062 1459 5815 1000 1464 5816 998 1342 5817 960 1266 5818 956 1262 5819 956 1262 5820 994 1324 5821 998 1342 5822 997 1465 5823 1000 1466 5824 1061 1467 5825 1061 1458 5826 1058 1455 5827 997 1468 5828 959 1265 5829 960 1266 5830 1002 1344 5831 1002 1344 5832 1063 1460 5833 959 1265 5834 1062 1459 5835 1061 1458 5836 1000 1464 5837 998 1469 5838 1064 1461 5839 1001 1343 5840 1058 1455 5841 1057 1454 5842 997 1468 5843 1065 1470 5844 1066 1471 5845 1067 1472 5846 1068 1473 5847 1069 1474 5848 1067 1475 5849 1066 1471 5850 1068 1473 5851 1067 1475 5852 1070 1476 5853 1065 1470 5854 1067 1477 5855 1071 1478 5856 1070 1476 5857 1067 1477 5858 1069 1474 5859 1071 1479 5860 1067 1480 5861 1072 1481 5862 1073 1482 5863 1066 1471 5864 1066 1471 5865 1065 1470 5866 1072 1481 5867 1074 1483 5868 1075 1484 5869 1071 1479 5870 1076 1485 5871 1077 1486 5872 1069 1474 5873 1069 1474 5874 1068 1473 5875 1076 1485 5876 1073 1482 5877 1076 1485 5878 1068 1473 5879 1068 1473 5880 1066 1471 5881 1073 1482 5882 1078 1487 5883 1079 1488 5884 1065 1470 5885 1065 1470 5886 1070 1476 5887 1078 1487 5888 1075 1489 5889 1078 1487 5890 1070 1476 5891 1070 1476 5892 1071 1478 5893 1075 1489 5894 1077 1486 5895 1074 1483 5896 1071 1479 5897 1071 1479 5898 1069 1474 5899 1077 1486 5900 1079 1488 5901 1072 1481 5902 1065 1470 5903 1080 1490 5904 1081 1491 5905 1073 1482 5906 1073 1482 5907 1072 1481 5908 1080 1490 5909 1082 1492 5910 1083 1493 5911 1075 1494 5912 1075 1484 5913 1074 1483 5914 1082 1495 5915 1084 1496 5916 1085 1497 5917 1077 1486 5918 1077 1486 5919 1076 1485 5920 1084 1496 5921 1081 1491 5922 1084 1496 5923 1076 1485 5924 1076 1485 5925 1073 1482 5926 1081 1491 5927 1086 1498 5928 1087 1499 5929 1079 1488 5930 1079 1488 5931 1078 1487 5932 1086 1498 5933 1083 1500 5934 1086 1498 5935 1078 1487 5936 1078 1487 5937 1075 1501 5938 1083 1500 5939 1085 1497 5940 1082 1495 5941 1074 1483 5942 1074 1483 5943 1077 1486 5944 1085 1497 5945 1087 1499 5946 1080 1490 5947 1072 1481 5948 1072 1481 5949 1079 1488 5950 1087 1499 5951 1088 1502 5952 1089 1503 5953 1084 1496 5954 1084 1496 5955 1081 1491 5956 1088 1502 5957 1090 1504 5958 1088 1502 5959 1081 1491 5960 1081 1491 5961 1080 1490 5962 1090 1504 5963 1089 1503 5964 1091 1505 5965 1085 1497 5966 1085 1497 5967 1084 1496 5968 1089 1503 5969 1082 1495 5970 1085 1497 5971 1091 1505 5972 1087 1499 5973 1090 1504 5974 1080 1490 5975 1005 1353 5976 1004 1352 5977 1082 1495 5978 1082 1495 5979 1091 1505 5980 1005 1353 5981 1007 1506 5982 1006 1507 5983 1090 1508 5984 1090 1504 5985 1087 1499 5986 1007 1509 5987 1089 1503 5988 1088 1502 5989 1006 1361 5990 1006 1361 5991 1010 1360 5992 1089 1503 5993 1007 1510 5994 1086 1498 5995 1083 1500 5996 1083 1511 5997 1004 1512 5998 1007 1513 5999 1006 1514 6000 1088 1502 6001 1090 1504 6002 1087 1499 6003 1086 1498 6004 1007 1515 6005 1010 1360 6006 1005 1353 6007 1091 1505 6008 1091 1505 6009 1089 1503 6010 1010 1360 6011 1083 1493 6012 1082 1492 6013 1004 1516 6014 1092 1517 6015 1003 1351 6016 909 1210 6017 1003 1351 6018 985 1315 6019 909 1210 6020 994 1324 6021 956 1262 6022 955 1261 6023 993 1518 6024 984 1519 6025 999 1520 6026 993 1521 6027 987 1522 6028 1093 1523 6029 1093 1524 6030 984 1525 6031 993 1526 6032 957 1263 6033 999 1340 6034 984 1527 6035 984 1528 6036 958 1529 6037 957 1530 6038 994 1324 6039 955 1261 6040 1094 1531 6041 1094 1531 6042 990 1422 6043 994 1324 6044 1009 1363 6045 1095 1532 6046 986 1316 6047 1094 1531 6048 1095 1532 6049 1009 1363 6050 1009 1363 6051 990 1533 6052 1094 1531 6053 908 1209 6054 986 1316 6055 1095 1532 6056 1008 1534 6057 1092 1517 6058 1093 1524 6059 1093 1535 6060 987 1383 6061 1008 1382 6062 1092 1517 6063 1008 1534 6064 1003 1351 6065 984 1525 6066 1093 1524 6067 950 1255 6068 950 1255 6069 949 1254 6070 984 1536 6071 1094 1531 6072 955 1261 6073 947 1251 6074 947 1251 6075 951 1256 6076 1094 1531 6077 1095 1532 6078 1094 1531 6079 951 1256 6080 951 1256 6081 953 1258 6082 1095 1532 6083 908 1209 6084 1095 1532 6085 953 1258 6086 953 1258 6087 905 1205 6088 908 1209 6089 950 1255 6090 1093 1524 6091 1092 1517 6092 1092 1517 6093 954 1259 6094 950 1255 6095 1092 1517 6096 909 1210 6097 907 1208 6098 907 1208 6099 954 1259 6100 1092 1517 6101 1096 1537 6102 1097 1538 6103 1098 1539 6104 1099 1540 6105 1100 1541 6106 1098 1542 6107 1097 1538 6108 1099 1540 6109 1098 1542 6110 1101 1543 6111 1096 1537 6112 1098 1544 6113 1102 1545 6114 1101 1543 6115 1098 1544 6116 1100 1541 6117 1102 1545 6118 1098 1546 6119 1103 1547 6120 1104 1548 6121 1097 1538 6122 1097 1538 6123 1096 1537 6124 1103 1547 6125 1105 1549 6126 1106 1550 6127 1102 1545 6128 1107 1551 6129 1108 1552 6130 1100 1541 6131 1100 1541 6132 1099 1540 6133 1107 1551 6134 1104 1548 6135 1107 1551 6136 1099 1540 6137 1099 1540 6138 1097 1538 6139 1104 1548 6140 1109 1553 6141 1110 1554 6142 1096 1537 6143 1096 1537 6144 1101 1543 6145 1109 1553 6146 1106 1550 6147 1109 1553 6148 1101 1543 6149 1101 1543 6150 1102 1545 6151 1106 1550 6152 1108 1552 6153 1105 1549 6154 1102 1545 6155 1102 1545 6156 1100 1541 6157 1108 1552 6158 1110 1554 6159 1103 1547 6160 1096 1537 6161 1111 1555 6162 1112 1556 6163 1104 1548 6164 1104 1548 6165 1103 1547 6166 1111 1555 6167 1113 1557 6168 1114 1558 6169 1106 1550 6170 1106 1550 6171 1105 1549 6172 1113 1557 6173 1115 1559 6174 1116 1560 6175 1108 1552 6176 1108 1552 6177 1107 1551 6178 1115 1559 6179 1112 1556 6180 1115 1559 6181 1107 1551 6182 1107 1551 6183 1104 1548 6184 1112 1556 6185 1117 1561 6186 1118 1562 6187 1110 1554 6188 1110 1554 6189 1109 1553 6190 1117 1563 6191 1114 1564 6192 1117 1563 6193 1109 1553 6194 1109 1553 6195 1106 1550 6196 1114 1564 6197 1116 1560 6198 1113 1557 6199 1105 1549 6200 1105 1549 6201 1108 1552 6202 1116 1560 6203 1118 1562 6204 1111 1555 6205 1103 1547 6206 1103 1547 6207 1110 1554 6208 1118 1562 6209 1119 1565 6210 1120 1566 6211 1115 1559 6212 1115 1559 6213 1112 1556 6214 1119 1565 6215 1121 1567 6216 1119 1565 6217 1112 1556 6218 1112 1556 6219 1111 1555 6220 1121 1567 6221 1120 1566 6222 1122 1568 6223 1116 1560 6224 1116 1560 6225 1115 1559 6226 1120 1566 6227 1113 1557 6228 1116 1560 6229 1122 1568 6230 1118 1562 6231 1121 1567 6232 1111 1555 6233 1011 1569 6234 1113 1557 6235 1122 1568 6236 1122 1568 6237 1012 1372 6238 1011 1371 6239 1013 1570 6240 1121 1571 6241 1118 1572 6242 1118 1573 6243 1014 1375 6244 1013 1374 6245 1012 1372 6246 1120 1566 6247 1119 1565 6248 1119 1565 6249 1013 1378 6250 1012 1372 6251 1011 1381 6252 1014 1380 6253 1117 1574 6254 1117 1575 6255 1114 1576 6256 1011 1577 6257 1013 1578 6258 1119 1565 6259 1121 1567 6260 1118 1579 6261 1117 1580 6262 1014 1581 6263 1012 1372 6264 1122 1568 6265 1120 1566 6266 1114 1582 6267 1113 1557 6268 1011 1569 6269 936 1239 6270 948 1252 6271 934 1237 6272 948 1252 6273 936 1239 6274 938 1241 6275 938 1241 6276 952 1257 6277 948 1252 6278 952 1257 6279 938 1241 6280 901 1201 6281 901 1201 6282 906 1206 6283 952 1257 6284 1123 1583 6285 1124 1584 6286 933 1236 6287 933 1236 6288 932 1235 6289 1123 1583 6290 1124 1584 6291 1125 1585 6292 935 1238 6293 935 1238 6294 933 1236 6295 1124 1584 6296 1125 1585 6297 1126 1586 6298 937 1240 6299 937 1240 6300 935 1238 6301 1125 1585 6302 1126 1586 6303 1127 1587 6304 939 1242 6305 939 1242 6306 937 1240 6307 1126 1586 6308 1127 1587 6309 910 1211 6310 902 1202 6311 902 1202 6312 939 1242 6313 1127 1587 6314 932 1235 6315 940 1243 6316 1128 1588 6317 1128 1588 6318 1123 1583 6319 932 1235 6320 911 1212 6321 1128 1588 6322 940 1243 6323 940 1243 6324 903 1203 6325 911 1212 6326 1129 1589 6327 1130 1590 6328 1124 1584 6329 1124 1584 6330 1123 1583 6331 1129 1589 6332 1131 1591 6333 1132 1592 6334 1130 1590 6335 1130 1590 6336 1129 1589 6337 1131 1591 6338 1130 1590 6339 1133 1593 6340 1125 1585 6341 1125 1585 6342 1124 1584 6343 1130 1590 6344 1132 1594 6345 920 1595 6346 1133 1596 6347 1133 1597 6348 1130 1598 6349 1132 1599 6350 1133 1596 6351 1134 1600 6352 1126 1586 6353 1126 1586 6354 1125 1585 6355 1133 1601 6356 920 1602 6357 1135 1603 6358 1134 1600 6359 1134 1600 6360 1133 1596 6361 920 1595 6362 930 1233 6363 1134 1600 6364 925 1228 6365 930 1233 6366 1126 1586 6367 1134 1600 6368 930 1233 6369 1127 1587 6370 1126 1586 6371 925 1228 6372 1134 1600 6373 1135 1603 6374 1135 1603 6375 926 1229 6376 925 1228 6377 1135 1604 6378 1136 1605 6379 926 1229 6380 930 1233 6381 900 1200 6382 910 1211 6383 910 1211 6384 1127 1587 6385 930 1233 6386 897 1197 6387 926 1229 6388 1136 1605 6389 1136 1605 6390 912 1213 6391 897 1197 6392 1123 1583 6393 927 1230 6394 1129 1589 6395 1123 1583 6396 928 1231 6397 927 1230 6398 1123 1583 6399 1128 1588 6400 928 1231 6401 929 1232 6402 1137 1606 6403 1131 1607 6404 1131 1591 6405 1129 1589 6406 927 1230 6407 927 1230 6408 929 1232 6409 1131 1591 6410 899 1199 6411 928 1231 6412 1128 1588 6413 1128 1588 6414 911 1212 6415 899 1199 6416 1137 1606 6417 929 1232 6418 898 1198 6419 898 1198 6420 912 1213 6421 1137 1606 6422 1138 1608 6423 1139 1609 6424 1140 1610 6425 1140 1610 6426 1141 1611 6427 1138 1608 6428 1139 1609 6429 1142 1612 6430 1143 1613 6431 1143 1613 6432 1140 1610 6433 1139 1609 6434 1142 1612 6435 1144 1614 6436 1145 1615 6437 1145 1615 6438 1143 1613 6439 1142 1612 6440 1144 1614 6441 1146 1616 6442 1147 1617 6443 1147 1617 6444 1145 1615 6445 1144 1614 6446 1146 1616 6447 1148 1618 6448 1149 1619 6449 1149 1619 6450 1147 1617 6451 1146 1616 6452 1148 1618 6453 1150 1620 6454 1151 1621 6455 1151 1621 6456 1149 1619 6457 1148 1618 6458 1150 1620 6459 1152 1622 6460 1153 1623 6461 1153 1623 6462 1151 1621 6463 1150 1620 6464 1154 1624 6465 1155 1625 6466 1139 1609 6467 1139 1609 6468 1138 1608 6469 1154 1624 6470 1155 1625 6471 1156 1626 6472 1142 1612 6473 1142 1612 6474 1139 1609 6475 1155 1625 6476 1156 1626 6477 1157 1627 6478 1144 1614 6479 1144 1614 6480 1142 1612 6481 1156 1626 6482 1157 1627 6483 1158 1628 6484 1146 1616 6485 1146 1616 6486 1144 1614 6487 1157 1627 6488 1158 1628 6489 1159 1629 6490 1148 1618 6491 1148 1618 6492 1146 1616 6493 1158 1628 6494 1159 1629 6495 1160 1630 6496 1150 1620 6497 1150 1620 6498 1148 1618 6499 1159 1629 6500 1160 1630 6501 1161 1631 6502 1152 1622 6503 1152 1622 6504 1150 1620 6505 1160 1630 6506 1162 1632 6507 1163 1633 6508 1155 1625 6509 1155 1625 6510 1154 1624 6511 1162 1632 6512 1163 1633 6513 1164 1634 6514 1156 1626 6515 1156 1626 6516 1155 1625 6517 1163 1633 6518 1164 1634 6519 1165 1635 6520 1157 1627 6521 1157 1627 6522 1156 1626 6523 1164 1634 6524 1165 1635 6525 1166 1636 6526 1158 1628 6527 1158 1628 6528 1157 1627 6529 1165 1635 6530 1166 1636 6531 1167 1637 6532 1159 1629 6533 1159 1629 6534 1158 1628 6535 1166 1636 6536 1167 1637 6537 1168 1638 6538 1160 1630 6539 1160 1630 6540 1159 1629 6541 1167 1637 6542 1168 1638 6543 1169 1639 6544 1161 1631 6545 1161 1631 6546 1160 1630 6547 1168 1638 6548 886 1186 6549 885 1185 6550 1163 1633 6551 1163 1633 6552 1162 1632 6553 886 1186 6554 885 1185 6555 887 1187 6556 1164 1634 6557 1164 1634 6558 1163 1633 6559 885 1185 6560 887 1187 6561 888 1188 6562 1165 1635 6563 1165 1635 6564 1164 1634 6565 887 1187 6566 888 1188 6567 889 1189 6568 1166 1636 6569 1166 1636 6570 1165 1635 6571 888 1188 6572 889 1189 6573 890 1190 6574 1167 1637 6575 1167 1637 6576 1166 1636 6577 889 1189 6578 890 1190 6579 891 1191 6580 1168 1638 6581 1168 1638 6582 1167 1637 6583 890 1190 6584 891 1191 6585 892 1192 6586 1169 1639 6587 1169 1639 6588 1168 1638 6589 891 1191 6590 1170 1640 6591 1171 1641 6592 1172 1642 6593 1172 1642 6594 1173 1643 6595 1170 1640 6596 22 22 6597 24 24 6598 1174 1644 6599 1174 1644 6600 12 12 6601 22 22 6602 24 24 6603 25 25 6604 1175 1645 6605 1175 1645 6606 1174 1644 6607 24 24 6608 912 1646 6609 1176 1647 6610 1177 1648 6611 1177 1649 6612 1137 1606 6613 912 1213 6614 25 1650 6615 1177 1651 6616 1176 1652 6617 1176 1653 6618 1175 1645 6619 25 25 6620 133 182 6621 130 175 6622 38 43 6623 38 43 6624 40 48 6625 133 182 6626 21 21 6627 28 745 6628 27 1654 6629 27 1654 6630 23 23 6631 21 21 6632 130 175 6633 129 174 6634 39 44 6635 39 44 6636 38 43 6637 130 175 6638 25 25 6639 23 23 6640 27 1654 6641 1132 1655 6642 1131 1656 6643 1178 1657 6644 1178 1657 6645 1179 1658 6646 1132 1655 6647 1177 1659 6648 1178 1657 6649 1131 1656 6650 1131 1656 6651 1137 1660 6652 1177 1659 6653 129 174 6654 1179 1661 6655 1178 1662 6656 1178 1662 6657 39 44 6658 129 174 6659 39 44 6660 1178 1662 6661 1177 1663 6662 1177 1664 6663 25 45 6664 39 44 6665 920 1665 6666 1132 1655 6667 1179 1658 6668 1179 1666 6669 913 1667 6670 920 1668 6671 1179 1661 6672 129 174 6673 104 177 6674 104 138 6675 913 1214 6676 1179 1669 6677 915 1216 6678 1180 1670 6679 1135 1671 6680 1135 1671 6681 920 1222 6682 915 1216 6683 915 1216 6684 914 1215 6685 1181 1672 6686 1181 1672 6687 1180 1670 6688 915 1216 6689 914 1215 6690 916 1218 6691 1182 1673 6692 1182 1673 6693 1181 1672 6694 914 1215 6695 916 1218 6696 917 1219 6697 1183 1674 6698 1183 1674 6699 1182 1673 6700 916 1218 6701 917 1219 6702 918 1220 6703 1184 1675 6704 1184 1675 6705 1183 1674 6706 917 1219 6707 919 1221 6708 1185 1676 6709 1184 1675 6710 1184 1675 6711 918 1220 6712 919 1221 6713 1172 1642 6714 1186 1677 6715 1187 1678 6716 1187 1678 6717 1188 1679 6718 1172 1642 6719 1188 1679 6720 1187 1678 6721 1189 1680 6722 1189 1680 6723 1190 1681 6724 1188 1679 6725 1191 1682 6726 1192 1683 6727 1193 1684 6728 1193 1684 6729 1194 1685 6730 1191 1682 6731 0 0 6732 2 2 6733 106 140 6734 0 0 6735 1195 1686 6736 1 1 6737 0 0 6738 1196 1687 6739 1195 1686 6740 2 2 6741 1197 1688 6742 1198 1689 6743 1198 1689 6744 106 140 6745 2 2 6746 1197 1688 6747 1199 1690 6748 1200 1691 6749 1200 1691 6750 1198 1689 6751 1197 1688 6752 1199 1690 6753 1201 1692 6754 1191 1682 6755 1191 1682 6756 1200 1691 6757 1199 1690 6758 1201 1692 6759 1202 1693 6760 1192 1683 6761 1192 1683 6762 1191 1682 6763 1201 1692 6764 912 1213 6765 1136 1605 6766 1203 1694 6767 1203 1695 6768 1176 1696 6769 912 1697 6770 1180 1698 6771 1203 1699 6772 1136 1700 6773 1136 1701 6774 1135 1671 6775 1180 1670 6776 1204 1702 6777 1175 1645 6778 1176 1703 6779 1176 1703 6780 1203 1704 6781 1204 1702 6782 1204 1702 6783 1203 1704 6784 1180 1705 6785 1180 1670 6786 1181 1672 6787 1204 1702 6788 1204 1702 6789 1205 1706 6790 1174 1644 6791 1174 1644 6792 1175 1645 6793 1204 1702 6794 1181 1672 6795 1182 1673 6796 1205 1706 6797 1205 1706 6798 1204 1702 6799 1181 1672 6800 1205 1706 6801 1206 1707 6802 12 12 6803 12 12 6804 1174 1644 6805 1205 1706 6806 1182 1673 6807 1183 1674 6808 1206 1707 6809 1206 1707 6810 1205 1706 6811 1182 1673 6812 10 10 6813 12 12 6814 1206 1707 6815 1206 1707 6816 1207 1708 6817 10 10 6818 1183 1674 6819 1184 1675 6820 1207 1708 6821 1207 1708 6822 1206 1707 6823 1183 1674 6824 1184 1675 6825 1185 1676 6826 1208 1709 6827 1208 1709 6828 1207 1708 6829 1184 1675 6830 1207 1708 6831 1208 1709 6832 1209 1710 6833 1209 1710 6834 10 10 6835 1207 1708 6836 1210 1711 6837 1211 1712 6838 1189 1680 6839 1189 1680 6840 1187 1678 6841 1210 1711 6842 1194 1685 6843 1193 1684 6844 1212 1713 6845 1212 1713 6846 1213 1714 6847 1194 1685 6848 1213 1714 6849 1212 1713 6850 1211 1712 6851 1211 1712 6852 1210 1711 6853 1213 1714 6854 1214 1715 6855 1215 1716 6856 1171 1641 6857 1171 1641 6858 1170 1640 6859 1214 1715 6860 10 10 6861 1209 1710 6862 1216 1717 6863 1217 1718 6864 11 11 6865 10 10 6866 10 10 6867 1216 1717 6868 1217 1718 6869 1217 1718 6870 20 20 6871 19 19 6872 19 19 6873 11 11 6874 1217 1718 6875 15 15 6876 35 42 6877 37 41 6878 37 41 6879 16 16 6880 15 15 6881 35 42 6882 15 15 6883 1218 1719 6884 1218 1719 6885 45 60 6886 35 42 6887 1214 1715 6888 16 16 6889 37 41 6890 37 41 6891 1215 1716 6892 1214 1715 6893 35 1720 6894 32 749 6895 17 17 6896 1196 1687 6897 136 186 6898 1219 1721 6899 1196 1687 6900 112 147 6901 136 186 6902 1196 1687 6903 0 148 6904 112 147 6905 136 186 6906 124 167 6907 43 56 6908 43 56 6909 44 59 6910 136 186 6911 46 61 6912 1219 1721 6913 136 186 6914 136 186 6915 44 59 6916 46 61 6917 106 140 6918 1198 1689 6919 495 747 6920 495 747 6921 107 141 6922 106 140 6923 1194 1685 6924 496 748 6925 1200 1691 6926 1200 1691 6927 1191 1682 6928 1194 1685 6929 1198 1689 6930 1200 1691 6931 496 748 6932 496 748 6933 495 747 6934 1198 1689 6935 1185 1676 6936 919 1221 6937 496 748 6938 496 748 6939 1220 1722 6940 1185 1676 6941 1213 1714 6942 1210 1711 6943 1221 1723 6944 1221 1723 6945 1220 1722 6946 1213 1714 6947 1220 1722 6948 1221 1723 6949 1208 1709 6950 1208 1709 6951 1185 1676 6952 1220 1722 6953 1210 1711 6954 1186 1677 6955 1209 1710 6956 1209 1710 6957 1221 1723 6958 1210 1711 6959 1209 1710 6960 1208 1709 6961 1221 1723 6962 1218 1719 6963 15 15 6964 14 14 6965 14 14 6966 1222 1724 6967 1218 1719 6968 16 16 6969 1214 1715 6970 1223 1725 6971 1223 1725 6972 13 13 6973 16 16 6974 1214 1715 6975 1170 1640 6976 1224 1726 6977 1224 1726 6978 1223 1725 6979 1214 1715 6980 1170 1640 6981 1173 1643 6982 1225 1727 6983 1225 1727 6984 1224 1726 6985 1170 1640 6986 1173 1643 6987 1188 1679 6988 1226 1728 6989 1226 1728 6990 1225 1727 6991 1173 1643 6992 1188 1679 6993 1190 1681 6994 1227 1729 6995 1227 1729 6996 1226 1728 6997 1188 1679 6998 1141 1611 6999 1140 1610 7000 1218 1719 7001 1218 1719 7002 1222 1724 7003 1141 1611 7004 1140 1610 7005 1143 1613 7006 45 60 7007 45 60 7008 1218 1719 7009 1140 1610 7010 1143 1613 7011 1145 1615 7012 46 61 7013 46 61 7014 45 60 7015 1143 1613 7016 1145 1615 7017 1147 1617 7018 1219 1721 7019 1219 1721 7020 46 61 7021 1145 1615 7022 1147 1617 7023 1149 1619 7024 1196 1687 7025 1196 1687 7026 1219 1721 7027 1147 1617 7028 1149 1619 7029 1151 1621 7030 1195 1686 7031 1195 1686 7032 1196 1687 7033 1149 1619 7034 1153 1623 7035 7 7 7036 1195 1686 7037 1195 1686 7038 1151 1621 7039 1153 1623 7040 7 7 7041 3 3 7042 1 1 7043 1 1 7044 1195 1686 7045 7 7 7046 4 4 7047 1228 1730 7048 1197 1688 7049 1197 1688 7050 2 2 7051 4 4 7052 1228 1730 7053 1229 1731 7054 1199 1690 7055 1199 1690 7056 1197 1688 7057 1228 1730 7058 1229 1731 7059 1230 1732 7060 1201 1692 7061 1201 1692 7062 1199 1690 7063 1229 1731 7064 1230 1732 7065 1231 1733 7066 1202 1693 7067 1202 1693 7068 1201 1692 7069 1230 1732 7070 1227 1729 7071 1190 1681 7072 1232 1734 7073 1232 1734 7074 1233 1735 7075 1227 1729 7076 1189 1680 7077 1211 1712 7078 1234 1736 7079 1234 1736 7080 1232 1734 7081 1189 1680 7082 1211 1712 7083 1212 1713 7084 1235 1737 7085 1235 1737 7086 1234 1736 7087 1211 1712 7088 1212 1713 7089 1193 1684 7090 1236 1738 7091 1236 1738 7092 1235 1737 7093 1212 1713 7094 1192 1683 7095 1202 1693 7096 1237 1739 7097 1237 1739 7098 1236 1738 7099 1192 1683 7100 1202 1693 7101 1231 1733 7102 1238 1740 7103 1238 1740 7104 1237 1739 7105 1202 1693 7106 1233 1735 7107 1232 1734 7108 1239 1741 7109 1239 1741 7110 1240 1742 7111 1233 1735 7112 1232 1734 7113 1234 1736 7114 1241 1743 7115 1241 1743 7116 1239 1741 7117 1232 1734 7118 1234 1736 7119 1235 1737 7120 1242 1744 7121 1242 1744 7122 1241 1743 7123 1234 1736 7124 1235 1737 7125 1236 1738 7126 1243 1745 7127 1243 1745 7128 1242 1744 7129 1235 1737 7130 1236 1738 7131 1237 1739 7132 1244 1746 7133 1244 1746 7134 1243 1745 7135 1236 1738 7136 1237 1739 7137 1238 1740 7138 881 1747 7139 881 1747 7140 1244 1746 7141 1237 1739 7142 1240 1742 7143 1239 1741 7144 1245 1748 7145 1245 1749 7146 1246 1750 7147 1240 1751 7148 1239 1741 7149 1241 1743 7150 1247 1752 7151 1247 1752 7152 1245 1748 7153 1239 1741 7154 1241 1743 7155 1242 1744 7156 1248 1753 7157 1248 1753 7158 1247 1754 7159 1241 1743 7160 1242 1744 7161 1243 1745 7162 1249 1755 7163 1249 1755 7164 1248 1753 7165 1242 1744 7166 1243 1745 7167 1244 1746 7168 1250 1756 7169 1250 1756 7170 1249 1755 7171 1243 1745 7172 1244 1746 7173 881 1747 7174 883 1757 7175 883 1757 7176 1250 1756 7177 1244 1746 7178 1246 1758 7179 1245 1759 7180 1251 1760 7181 1251 1760 7182 1252 1761 7183 1246 1758 7184 1245 1762 7185 1247 1763 7186 1253 1764 7187 1253 1765 7188 1251 1766 7189 1245 1767 7190 1248 1768 7191 1253 1764 7192 1247 1763 7193 1252 1769 7194 1251 1770 7195 1254 1771 7196 1254 1771 7197 1255 1772 7198 1252 1769 7199 1251 1773 7200 1253 1774 7201 1256 1775 7202 1256 1776 7203 1254 1777 7204 1251 1778 7205 1253 1779 7206 1248 1780 7207 1257 1781 7208 1257 1781 7209 1256 1782 7210 1253 1783 7211 1248 1780 7212 1249 1784 7213 1258 1785 7214 1258 1785 7215 1257 1781 7216 1248 1780 7217 1249 1786 7218 1250 1787 7219 1259 1788 7220 1259 1789 7221 1258 1785 7222 1249 1784 7223 1250 1787 7224 883 1183 7225 882 1182 7226 882 1182 7227 1259 1788 7228 1250 1787 7229 1255 1790 7230 1254 1791 7231 1260 1792 7232 1260 1792 7233 1261 1793 7234 1255 1790 7235 1254 1794 7236 1256 1795 7237 1262 1796 7238 1262 1797 7239 1260 1792 7240 1254 1791 7241 1256 1782 7242 1257 1781 7243 1263 1798 7244 1263 1799 7245 1262 1800 7246 1256 1801 7247 1257 1781 7248 1258 1785 7249 1263 1798 7250 1258 1785 7251 1259 1802 7252 1264 1803 7253 1264 1803 7254 1263 1798 7255 1258 1785 7256 1259 1802 7257 882 1804 7258 1264 1803 7259 1261 1805 7260 1260 1806 7261 1265 1807 7262 1265 1807 7263 1266 1808 7264 1261 1805 7265 1260 1806 7266 1262 1809 7267 1267 1810 7268 1267 1810 7269 1265 1807 7270 1260 1806 7271 1262 1811 7272 1263 1812 7273 1268 1813 7274 1268 1814 7275 1267 1810 7276 1262 1815 7277 1263 1816 7278 1264 1817 7279 1269 1818 7280 1269 1818 7281 1268 1814 7282 1263 1816 7283 1188 1679 7284 1173 1643 7285 1172 1642 7286 1210 1711 7287 1187 1678 7288 1186 1677 7289 1215 1716 7290 1217 1718 7291 1216 1717 7292 1216 1717 7293 1171 1641 7294 1215 1716 7295 37 41 7296 20 20 7297 1217 1718 7298 1217 1718 7299 1215 1716 7300 37 41 7301 1194 1685 7302 1213 1714 7303 496 748 7304 919 1221 7305 494 746 7306 496 748 7307 1220 1722 7308 496 748 7309 1213 1714 7310 1172 1642 7311 1171 1641 7312 1216 1717 7313 1216 1717 7314 1209 1710 7315 1172 1642 7316 1186 1677 7317 1172 1642 7318 1209 1710 7319 1232 1734 7320 1190 1681 7321 1189 1680 7322 1193 1684 7323 1192 1683 7324 1236 1738 7325 428 638 7326 876 1175 7327 709 992 7328 709 992 7329 886 1186 7330 428 638 7331 427 637 7332 870 1169 7333 876 1175 7334 876 1175 7335 428 638 7336 427 637 7337 429 639 7338 871 1170 7339 870 1169 7340 870 1169 7341 427 637 7342 429 639 7343 430 640 7344 864 1163 7345 871 1170 7346 871 1170 7347 429 639 7348 430 640 7349 431 641 7350 865 1164 7351 864 1163 7352 864 1163 7353 430 640 7354 431 641 7355 432 642 7356 852 1151 7357 865 1164 7358 865 1164 7359 431 641 7360 432 642 7361 892 1192 7362 679 960 7363 852 1151 7364 852 1151 7365 432 642 7366 892 1192 7367 406 616 7368 405 615 7369 1138 1608 7370 1138 1608 7371 1141 1611 7372 406 616 7373 1153 1623 7374 1152 1622 7375 414 624 7376 414 624 7377 413 623 7378 1153 1623 7379 405 615 7380 416 626 7381 1154 1624 7382 1154 1624 7383 1138 1608 7384 405 615 7385 1152 1622 7386 1161 1631 7387 420 630 7388 420 630 7389 414 624 7390 1152 1622 7391 416 626 7392 422 632 7393 1162 1632 7394 1162 1632 7395 1154 1624 7396 416 626 7397 1161 1631 7398 1169 1639 7399 426 636 7400 426 636 7401 420 630 7402 1161 1631 7403 422 632 7404 428 638 7405 886 1186 7406 886 1186 7407 1162 1632 7408 422 632 7409 1169 1639 7410 892 1192 7411 432 642 7412 432 642 7413 426 636 7414 1169 1639 7415 481 725 7416 14 14 7417 13 13 7418 13 13 7419 482 726 7420 481 725 7421 14 14 7422 481 725 7423 484 729 7424 484 729 7425 1222 1724 7426 14 14 7427 1223 1725 7428 479 723 7429 482 726 7430 482 726 7431 13 13 7432 1223 1725 7433 1224 1726 7434 435 645 7435 479 723 7436 479 723 7437 1223 1725 7438 1224 1726 7439 1225 1727 7440 436 646 7441 435 645 7442 435 645 7443 1224 1726 7444 1225 1727 7445 1226 1728 7446 453 682 7447 436 646 7448 436 646 7449 1225 1727 7450 1226 1728 7451 1227 1729 7452 455 684 7453 453 682 7454 453 682 7455 1226 1728 7456 1227 1729 7457 484 729 7458 406 616 7459 1141 1611 7460 1141 1611 7461 1222 1724 7462 484 729 7463 460 689 7464 7 7 7465 1153 1623 7466 1153 1623 7467 413 623 7468 460 689 7469 6 6 7470 4 4 7471 3 3 7472 7 7 7473 460 689 7474 5 5 7475 462 691 7476 1228 1730 7477 4 4 7478 4 4 7479 6 6 7480 462 691 7481 464 693 7482 1229 1731 7483 1228 1730 7484 1228 1730 7485 462 691 7486 464 693 7487 465 694 7488 1230 1732 7489 1229 1731 7490 1229 1731 7491 464 693 7492 465 694 7493 466 695 7494 1231 1733 7495 1230 1732 7496 1230 1732 7497 465 694 7498 466 695 7499 490 740 7500 455 684 7501 1227 1729 7502 1227 1729 7503 1233 1735 7504 490 740 7505 1238 1740 7506 1231 1733 7507 466 695 7508 466 695 7509 493 743 7510 1238 1740 7511 1270 1819 7512 490 740 7513 1233 1735 7514 1233 1735 7515 1240 1742 7516 1270 1819 7517 1271 1820 7518 489 739 7519 490 740 7520 490 740 7521 1270 1819 7522 1271 1820 7523 1272 1821 7524 491 741 7525 489 739 7526 489 739 7527 1271 1820 7528 1272 1821 7529 1273 1822 7530 492 742 7531 491 741 7532 491 741 7533 1272 1821 7534 1273 1822 7535 1274 1823 7536 493 743 7537 492 742 7538 492 742 7539 1273 1822 7540 1274 1823 7541 881 1747 7542 1238 1740 7543 493 743 7544 493 743 7545 1274 1823 7546 881 1747 7547 1275 1824 7548 1270 1819 7549 1240 1742 7550 1240 1751 7551 1246 1750 7552 1275 1825 7553 1276 1826 7554 1271 1820 7555 1270 1819 7556 1270 1819 7557 1275 1824 7558 1276 1826 7559 1277 1827 7560 1272 1821 7561 1271 1820 7562 1271 1820 7563 1276 1828 7564 1277 1827 7565 1278 1829 7566 1273 1822 7567 1272 1821 7568 1272 1821 7569 1277 1827 7570 1278 1829 7571 1279 1830 7572 1274 1823 7573 1273 1822 7574 1273 1822 7575 1278 1829 7576 1279 1830 7577 884 1831 7578 881 1747 7579 1274 1823 7580 1274 1823 7581 1279 1830 7582 884 1831 7583 1280 1832 7584 1275 1833 7585 1246 1758 7586 1246 1758 7587 1252 1761 7588 1280 1832 7589 1281 1834 7590 1276 1835 7591 1275 1836 7592 1275 1837 7593 1280 1838 7594 1281 1839 7595 1276 1835 7596 1281 1834 7597 1277 1840 7598 1282 1841 7599 1280 1842 7600 1252 1769 7601 1252 1769 7602 1255 1772 7603 1282 1841 7604 1283 1843 7605 1281 1844 7606 1280 1845 7607 1280 1846 7608 1282 1847 7609 1283 1848 7610 1284 1849 7611 1277 1850 7612 1281 1851 7613 1281 1852 7614 1283 1853 7615 1284 1849 7616 1285 1854 7617 1278 1855 7618 1277 1850 7619 1277 1850 7620 1284 1849 7621 1285 1854 7622 1286 1856 7623 1279 1857 7624 1278 1858 7625 1278 1855 7626 1285 1854 7627 1286 1859 7628 882 1182 7629 884 1184 7630 1279 1857 7631 1279 1857 7632 1286 1856 7633 882 1182 7634 1287 1860 7635 1282 1861 7636 1255 1790 7637 1255 1790 7638 1261 1793 7639 1287 1860 7640 1288 1862 7641 1283 1863 7642 1282 1864 7643 1282 1861 7644 1287 1860 7645 1288 1865 7646 1289 1866 7647 1284 1849 7648 1283 1853 7649 1283 1867 7650 1288 1868 7651 1289 1869 7652 1289 1866 7653 1285 1854 7654 1284 1849 7655 1264 1803 7656 1286 1870 7657 1285 1854 7658 1285 1854 7659 1289 1866 7660 1264 1803 7661 1264 1803 7662 882 1804 7663 1286 1870 7664 1290 1871 7665 1287 1872 7666 1261 1805 7667 1261 1805 7668 1266 1808 7669 1290 1871 7670 1291 1873 7671 1288 1874 7672 1287 1872 7673 1287 1872 7674 1290 1871 7675 1291 1873 7676 1292 1875 7677 1289 1876 7678 1288 1877 7679 1288 1878 7680 1291 1873 7681 1292 1879 7682 1269 1818 7683 1264 1817 7684 1289 1880 7685 1289 1880 7686 1292 1879 7687 1269 1818 7688 1293 1881 7689 1294 1882 7690 1295 1883 7691 1295 1883 7692 1296 1884 7693 1293 1881 7694 1297 1885 7695 1298 1886 7696 1299 1887 7697 1299 1887 7698 1300 1888 7699 1297 1885 7700 1301 1889 7701 1302 1890 7702 1298 1886 7703 1298 1886 7704 1297 1885 7705 1301 1889 7706 1292 1879 7707 1291 1873 7708 1302 1890 7709 1302 1890 7710 1301 1889 7711 1292 1879 7712 1303 1891 7713 1299 1887 7714 1304 1892 7715 1304 1892 7716 1305 1893 7717 1303 1891 7718 1306 1894 7719 1300 1888 7720 1299 1887 7721 1299 1887 7722 1303 1891 7723 1306 1894 7724 1307 1895 7725 1303 1891 7726 1305 1893 7727 1305 1893 7728 1308 1896 7729 1307 1895 7730 1309 1897 7731 1306 1894 7732 1303 1891 7733 1303 1891 7734 1307 1895 7735 1309 1897 7736 1310 1898 7737 1307 1895 7738 1308 1896 7739 1311 1899 7740 1309 1897 7741 1307 1895 7742 1307 1895 7743 1310 1900 7744 1311 1899 7745 1312 1901 7746 1313 1902 7747 1314 1903 7748 1314 1903 7749 1315 1904 7750 1312 1901 7751 1316 1905 7752 1312 1901 7753 1315 1904 7754 1315 1904 7755 1317 1906 7756 1316 1905 7757 139 189 7758 144 194 7759 140 190 7760 140 190 7761 137 187 7762 139 189 7763 1318 1907 7764 138 188 7765 1319 1908 7766 1319 1908 7767 1320 1909 7768 1318 1907 7769 1320 1909 7770 1321 1910 7771 1322 1911 7772 1322 1911 7773 1318 1907 7774 1320 1909 7775 1323 1912 7776 1324 1913 7777 1325 1914 7778 1326 1915 7779 1327 1916 7780 1324 1913 7781 1324 1913 7782 1323 1912 7783 1326 1915 7784 140 190 7785 1328 1917 7786 1327 1916 7787 1327 1916 7788 1326 1915 7789 140 190 7790 144 194 7791 1329 1918 7792 1328 1917 7793 1328 1917 7794 140 190 7795 144 194 7796 143 193 7797 1330 1919 7798 1329 1918 7799 1329 1918 7800 144 194 7801 143 193 7802 1321 1910 7803 1331 1920 7804 1332 1921 7805 1332 1921 7806 1322 1911 7807 1321 1910 7808 1325 1914 7809 1324 1913 7810 1333 1922 7811 1327 1916 7812 1334 1923 7813 1333 1922 7814 1333 1922 7815 1324 1913 7816 1327 1916 7817 1328 1917 7818 1335 1924 7819 1334 1923 7820 1334 1923 7821 1327 1916 7822 1328 1917 7823 1329 1918 7824 1336 1925 7825 1335 1924 7826 1335 1924 7827 1328 1917 7828 1329 1918 7829 1330 1919 7830 1337 1926 7831 1336 1925 7832 1336 1925 7833 1329 1918 7834 1330 1919 7835 1338 1927 7836 1339 1928 7837 1337 1926 7838 1337 1926 7839 1330 1919 7840 1338 1927 7841 1340 1929 7842 1341 1930 7843 1339 1928 7844 1339 1928 7845 1338 1927 7846 1340 1929 7847 1342 1931 7848 1343 1932 7849 1344 1933 7850 1344 1933 7851 1345 1934 7852 1342 1931 7853 1332 1921 7854 1346 1935 7855 1342 1931 7856 1342 1931 7857 1345 1934 7858 1332 1921 7859 1331 1920 7860 1347 1936 7861 1346 1935 7862 1346 1935 7863 1332 1921 7864 1331 1920 7865 1348 1937 7866 1349 1938 7867 1350 1939 7868 1350 1939 7869 1351 1940 7870 1348 1937 7871 1349 1938 7872 1305 1893 7873 1304 1892 7874 1304 1892 7875 1350 1939 7876 1349 1938 7877 1352 1941 7878 1308 1896 7879 1305 1893 7880 1305 1893 7881 1349 1938 7882 1352 1941 7883 1353 1942 7884 1352 1941 7885 1349 1938 7886 1349 1938 7887 1348 1937 7888 1353 1942 7889 1354 1943 7890 1310 1898 7891 1308 1896 7892 1308 1896 7893 1352 1941 7894 1354 1943 7895 1354 1943 7896 1352 1941 7897 1353 1942 7898 1315 1904 7899 1355 1944 7900 1356 1945 7901 1356 1945 7902 1317 1906 7903 1315 1904 7904 1314 1903 7905 1355 1944 7906 1315 1904 7907 1314 1903 7908 1357 1946 7909 1358 1947 7910 1358 1947 7911 1355 1944 7912 1314 1903 7913 1312 1901 7914 1359 1948 7915 1360 1949 7916 1360 1949 7917 1313 1902 7918 1312 1901 7919 1316 1905 7920 1361 1950 7921 1359 1948 7922 1359 1948 7923 1312 1901 7924 1316 1905 7925 1340 1929 7926 1344 1933 7927 1343 1932 7928 1343 1932 7929 1341 1930 7930 1340 1929 7931 1345 1934 7932 145 195 7933 1322 1911 7934 1322 1911 7935 1332 1921 7936 1345 1934 7937 143 193 7938 145 195 7939 1338 1927 7940 1338 1927 7941 1330 1919 7942 143 193 7943 145 195 7944 1362 1951 7945 1318 1907 7946 1318 1907 7947 1322 1911 7948 145 195 7949 1350 1939 7950 1363 1952 7951 1364 1953 7952 1364 1953 7953 1351 1940 7954 1350 1939 7955 1304 1892 7956 1365 1954 7957 1363 1952 7958 1363 1952 7959 1350 1939 7960 1304 1892 7961 1365 1954 7962 1304 1892 7963 1299 1887 7964 1299 1887 7965 1366 1955 7966 1365 1954 7967 1366 1955 7968 1299 1887 7969 1367 1956 7970 1302 1890 7971 1368 1957 7972 1367 1956 7973 1367 1956 7974 1298 1886 7975 1302 1890 7976 1291 1873 7977 1290 1871 7978 1368 1957 7979 1368 1957 7980 1302 1890 7981 1291 1873 7982 138 188 7983 1369 1958 7984 1370 1959 7985 1370 1959 7986 1319 1908 7987 138 188 7988 1369 1958 7989 1359 1948 7990 1361 1950 7991 1361 1950 7992 1370 1959 7993 1369 1958 7994 1369 1958 7995 138 188 7996 137 187 7997 137 187 7998 141 191 7999 1369 1958 8000 141 191 8001 1360 1949 8002 1359 1948 8003 1359 1948 8004 1369 1958 8005 141 191 8006 1326 1915 8007 1371 1960 8008 141 191 8009 141 191 8010 140 190 8011 1326 1915 8012 1371 1960 8013 1372 1961 8014 1360 1949 8015 1360 1949 8016 141 191 8017 1371 1960 8018 1323 1912 8019 1373 1962 8020 1371 1960 8021 1371 1960 8022 1326 1915 8023 1323 1912 8024 1373 1962 8025 1357 1946 8026 1372 1961 8027 1372 1961 8028 1371 1960 8029 1373 1962 8030 1325 1914 8031 1374 1963 8032 1373 1962 8033 1373 1962 8034 1323 1912 8035 1325 1914 8036 1375 1964 8037 1376 1965 8038 1374 1963 8039 1374 1963 8040 1325 1914 8041 1375 1964 8042 1376 1965 8043 1358 1947 8044 1357 1946 8045 1357 1946 8046 1374 1963 8047 1376 1965 8048 1377 1966 8049 1301 1889 8050 1297 1885 8051 1297 1885 8052 1378 1967 8053 1377 1966 8054 1269 1818 8055 1292 1879 8056 1301 1889 8057 1301 1889 8058 1377 1966 8059 1269 1818 8060 1379 1968 8061 1368 1957 8062 1290 1871 8063 1290 1871 8064 1266 1808 8065 1379 1968 8066 1380 1969 8067 1367 1956 8068 1368 1957 8069 1368 1957 8070 1379 1968 8071 1380 1969 8072 1367 1956 8073 1380 1969 8074 1296 1884 8075 1296 1884 8076 1366 1955 8077 1367 1956 8078 1295 1883 8079 1365 1954 8080 1366 1955 8081 1366 1955 8082 1296 1884 8083 1295 1883 8084 1381 1970 8085 1363 1952 8086 1365 1954 8087 1365 1954 8088 1295 1883 8089 1381 1970 8090 1382 1971 8091 1364 1953 8092 1363 1952 8093 1363 1952 8094 1381 1970 8095 1382 1971 8096 1383 1972 8097 1346 1935 8098 1347 1936 8099 1347 1936 8100 1384 1973 8101 1383 1972 8102 1385 1974 8103 1342 1931 8104 1346 1935 8105 1346 1935 8106 1383 1972 8107 1385 1974 8108 1343 1932 8109 1342 1931 8110 1385 1974 8111 1385 1974 8112 1386 1975 8113 1343 1932 8114 1387 1976 8115 1341 1930 8116 1343 1932 8117 1343 1932 8118 1386 1975 8119 1387 1976 8120 1388 1977 8121 1339 1928 8122 1341 1930 8123 1341 1930 8124 1387 1976 8125 1388 1977 8126 1389 1978 8127 1337 1926 8128 1339 1928 8129 1339 1928 8130 1388 1977 8131 1389 1978 8132 1336 1925 8133 1337 1926 8134 1389 1978 8135 1297 1885 8136 1376 1965 8137 1375 1964 8138 1375 1964 8139 1378 1967 8140 1297 1885 8141 1306 1894 8142 1358 1947 8143 1376 1965 8144 1309 1897 8145 1355 1944 8146 1358 1947 8147 1358 1947 8148 1306 1894 8149 1309 1897 8150 1355 1944 8151 1309 1897 8152 1356 1945 8153 1311 1899 8154 1356 1945 8155 1309 1897 8156 138 188 8157 142 192 8158 139 189 8159 1362 1951 8160 142 192 8161 138 188 8162 1318 1907 8163 1362 1951 8164 138 188 8165 1372 1961 8166 1314 1903 8167 1313 1902 8168 1314 1903 8169 1372 1961 8170 1357 1946 8171 1313 1902 8172 1360 1949 8173 1372 1961 8174 145 195 8175 1340 1929 8176 1338 1927 8177 145 195 8178 1345 1934 8179 1344 1933 8180 145 195 8181 142 192 8182 1362 1951 8183 1340 1929 8184 145 195 8185 1344 1933 8186 1298 1886 8187 1367 1956 8188 1299 1887 8189 1374 1963 8190 1357 1946 8191 1373 1962 8192 1376 1965 8193 1297 1885 8194 1300 1888 8195 1300 1888 8196 1306 1894 8197 1376 1965 8198 1390 1979 8199 1391 1980 8200 1392 1981 8201 1392 1981 8202 1393 1982 8203 1390 1979 8204 1394 1983 8205 1395 1984 8206 1391 1980 8207 1391 1980 8208 1390 1979 8209 1394 1983 8210 1391 1980 8211 1396 1985 8212 1397 1986 8213 1397 1986 8214 1392 1981 8215 1391 1980 8216 1395 1984 8217 1398 1987 8218 1396 1985 8219 1396 1985 8220 1391 1980 8221 1395 1984 8222 1399 1988 8223 1400 1989 8224 1401 1990 8225 1401 1990 8226 1402 1991 8227 1399 1988 8228 1403 1992 8229 1404 1993 8230 1400 1989 8231 1400 1989 8232 1399 1988 8233 1403 1992 8234 1405 1994 8235 1406 1995 8236 1404 1993 8237 1404 1993 8238 1403 1992 8239 1405 1994 8240 1407 1996 8241 1399 1988 8242 1402 1991 8243 1402 1991 8244 1408 1997 8245 1407 1996 8246 1395 1984 8247 1407 1996 8248 1408 1997 8249 1408 1997 8250 1398 1987 8251 1395 1984 8252 1394 1983 8253 1403 1992 8254 1399 1988 8255 1399 1988 8256 1407 1996 8257 1394 1983 8258 1407 1996 8259 1395 1984 8260 1394 1983 8261 1394 1983 8262 1390 1979 8263 1409 1998 8264 1409 1998 8265 1405 1994 8266 1403 1992 8267 1403 1992 8268 1394 1983 8269 1409 1998 8270 1390 1979 8271 1393 1982 8272 1409 1998 8273 1410 1999 8274 1411 2000 8275 1412 2001 8276 1412 2001 8277 1413 2002 8278 1410 1999 8279 1414 2003 8280 1415 2004 8281 1416 2005 8282 1411 2000 8283 1410 1999 8284 1414 2003 8285 1414 2003 8286 1416 2005 8287 1411 2000 8288 1417 2006 8289 1418 2007 8290 1415 2004 8291 1415 2004 8292 1414 2003 8293 1417 2006 8294 1419 2008 8295 1417 2006 8296 1414 2003 8297 1414 2003 8298 1410 1999 8299 1419 2008 8300 1420 2009 8301 1421 2010 8302 1418 2007 8303 1418 2007 8304 1417 2006 8305 1420 2009 8306 1422 2011 8307 1420 2009 8308 1417 2006 8309 1417 2006 8310 1419 2008 8311 1422 2011 8312 1423 2012 8313 1406 1995 8314 1424 2013 8315 1424 2014 8316 1425 2015 8317 1426 2016 8318 1426 2016 8319 1423 2017 8320 1424 2014 8321 1425 2018 8322 1427 2019 8323 1428 2020 8324 1428 2021 8325 1426 2016 8326 1425 2015 8327 1429 2022 8328 1310 2023 8329 1430 2024 8330 1431 2025 8331 1311 2026 8332 1310 2027 8333 1310 2027 8334 1429 2028 8335 1431 2025 8336 1311 1899 8337 1431 2029 8338 1432 2030 8339 1429 2031 8340 1432 2030 8341 1431 2029 8342 1430 2032 8343 1432 2030 8344 1429 2031 8345 1427 2033 8346 1433 2034 8347 1434 2035 8348 1434 2036 8349 1428 2037 8350 1427 2038 8351 1348 1937 8352 1351 1940 8353 1435 2039 8354 1435 2039 8355 1436 2040 8356 1348 1937 8357 1353 1942 8358 1348 1937 8359 1436 2040 8360 1436 2040 8361 1437 2041 8362 1353 1942 8363 1438 2042 8364 1439 2043 8365 1440 2044 8366 1437 2041 8367 1441 2045 8368 1354 1943 8369 1354 1943 8370 1353 1942 8371 1437 2041 8372 1439 2043 8373 1442 2046 8374 1354 2047 8375 1354 2047 8376 1441 2048 8377 1439 2043 8378 1443 2049 8379 1442 2046 8380 1439 2043 8381 1439 2043 8382 1438 2042 8383 1443 2049 8384 1444 2050 8385 1445 2051 8386 1443 2049 8387 1443 2049 8388 1438 2042 8389 1444 2050 8390 1446 2052 8391 1447 2053 8392 1448 2054 8393 1448 2054 8394 1449 2055 8395 1446 2052 8396 1412 2001 8397 1450 2056 8398 1451 2057 8399 1451 2057 8400 1452 2058 8401 1412 2001 8402 1450 2056 8403 1412 2001 8404 1411 2000 8405 1411 2000 8406 1453 2059 8407 1450 2056 8408 1416 2005 8409 1454 2060 8410 1453 2059 8411 1453 2059 8412 1411 2000 8413 1416 2005 8414 1455 2061 8415 1456 2062 8416 1454 2060 8417 1454 2060 8418 1416 2005 8419 1455 2061 8420 1457 2063 8421 1458 2064 8422 1459 2065 8423 1460 2066 8424 1461 2067 8425 1459 2065 8426 1459 2065 8427 1458 2064 8428 1460 2066 8429 1462 2068 8430 1463 2069 8431 1457 2063 8432 1464 2070 8433 1458 2064 8434 1457 2063 8435 1457 2063 8436 1463 2069 8437 1464 2070 8438 1465 2071 8439 1460 2066 8440 1458 2064 8441 1458 2064 8442 1464 2070 8443 1465 2072 8444 1466 2073 8445 1467 2074 8446 1468 2075 8447 1468 2076 8448 1469 2077 8449 1466 2073 8450 1470 2078 8451 1471 2079 8452 1467 2074 8453 1467 2074 8454 1466 2073 8455 1470 2078 8456 1462 2068 8457 1471 2079 8458 1470 2078 8459 1462 2068 8460 1472 2080 8461 1473 2081 8462 1473 2081 8463 1472 2080 8464 1474 2082 8465 1474 2082 8466 1475 2083 8467 1473 2081 8468 1476 2084 8469 1477 2085 8470 1478 2086 8471 1478 2086 8472 1479 2087 8473 1476 2084 8474 1466 2073 8475 1480 2088 8476 1470 2078 8477 1470 2078 8478 1480 2088 8479 1476 2084 8480 1476 2084 8481 1481 2089 8482 1470 2078 8483 1462 2068 8484 1470 2078 8485 1481 2089 8486 1462 2068 8487 1473 2081 8488 1463 2069 8489 1475 2083 8490 1464 2070 8491 1463 2069 8492 1463 2069 8493 1473 2081 8494 1475 2083 8495 1464 2070 8496 1475 2083 8497 1482 2090 8498 1482 2090 8499 1465 2072 8500 1464 2070 8501 1430 2091 8502 1354 2047 8503 1442 2046 8504 1442 2046 8505 1443 2049 8506 1430 2092 8507 1430 2091 8508 1310 2093 8509 1354 2047 8510 1445 2094 8511 1432 2030 8512 1430 2032 8513 1430 2095 8514 1443 2096 8515 1445 2097 8516 1428 2098 8517 1434 2099 8518 1483 2100 8519 1483 2101 8520 1484 2102 8521 1428 2103 8522 1438 2042 8523 1484 2104 8524 1483 2105 8525 1483 2105 8526 1444 2050 8527 1438 2042 8528 1440 2044 8529 1485 2106 8530 1484 2104 8531 1484 2104 8532 1438 2042 8533 1440 2044 8534 1485 2106 8535 1426 2016 8536 1428 2021 8537 1428 2021 8538 1484 2104 8539 1485 2106 8540 1441 2107 8541 1423 2108 8542 1440 2044 8543 1440 2044 8544 1439 2043 8545 1441 2048 8546 1426 2016 8547 1485 2106 8548 1423 2017 8549 1437 2041 8550 1404 1993 8551 1423 2012 8552 1423 2109 8553 1441 2110 8554 1437 2111 8555 1404 1993 8556 1406 1995 8557 1423 2012 8558 1436 2040 8559 1400 1989 8560 1404 1993 8561 1404 1993 8562 1437 2041 8563 1436 2040 8564 1435 2039 8565 1401 1990 8566 1400 1989 8567 1400 1989 8568 1436 2040 8569 1435 2039 8570 1420 2009 8571 1486 2112 8572 1487 2113 8573 1487 2113 8574 1421 2010 8575 1420 2009 8576 1422 2011 8577 1488 2114 8578 1486 2112 8579 1486 2112 8580 1420 2009 8581 1422 2011 8582 1489 2115 8583 1490 2116 8584 1488 2114 8585 1488 2114 8586 1422 2011 8587 1489 2115 8588 1452 2058 8589 1491 2117 8590 1490 2116 8591 1490 2116 8592 1489 2115 8593 1452 2058 8594 1451 2057 8595 1492 2118 8596 1491 2117 8597 1491 2117 8598 1452 2058 8599 1451 2057 8600 1493 2119 8601 1494 2120 8602 1492 2118 8603 1492 2118 8604 1451 2057 8605 1493 2119 8606 1495 2121 8607 1493 2119 8608 1496 2122 8609 1496 2122 8610 1497 2123 8611 1495 2121 8612 1498 2124 8613 1494 2120 8614 1493 2119 8615 1493 2119 8616 1495 2121 8617 1498 2124 8618 1433 2125 8619 1499 2126 8620 1434 2127 8621 1483 2128 8622 1434 2129 8623 1499 2130 8624 1499 2130 8625 1500 2131 8626 1483 2128 8627 1500 2131 8628 1444 2132 8629 1483 2128 8630 1500 2131 8631 1445 2133 8632 1444 2132 8633 1445 2133 8634 1500 2131 8635 1432 2030 8636 1500 2131 8637 1311 1899 8638 1432 2030 8639 1495 2121 8640 1317 1906 8641 1356 1945 8642 1356 1945 8643 1498 2124 8644 1495 2121 8645 1497 2123 8646 1316 1905 8647 1317 1906 8648 1317 1906 8649 1495 2121 8650 1497 2123 8651 1501 2134 8652 1361 1950 8653 1316 1905 8654 1316 1905 8655 1497 2123 8656 1501 2134 8657 1502 2135 8658 1320 1909 8659 1319 1908 8660 1319 1908 8661 1503 2136 8662 1502 2135 8663 1504 2137 8664 1505 2138 8665 1347 1936 8666 1347 1936 8667 1331 1920 8668 1504 2137 8669 1506 2139 8670 1507 2140 8671 1505 2138 8672 1505 2138 8673 1504 2137 8674 1506 2139 8675 1508 2141 8676 1509 2142 8677 1510 2143 8678 1510 2143 8679 1506 2139 8680 1508 2141 8681 1511 2144 8682 1449 2055 8683 1448 2054 8684 1448 2054 8685 1512 2145 8686 1511 2144 8687 1511 2144 8688 1512 2145 8689 1509 2142 8690 1509 2142 8691 1508 2141 8692 1511 2144 8693 1508 2141 8694 1513 2146 8695 1514 2147 8696 1514 2147 8697 1511 2144 8698 1508 2141 8699 1506 2139 8700 1515 2148 8701 1513 2146 8702 1513 2146 8703 1508 2141 8704 1506 2139 8705 1515 2148 8706 1516 2149 8707 1517 2150 8708 1517 2150 8709 1513 2146 8710 1515 2148 8711 1518 2151 8712 1504 2137 8713 1331 1920 8714 1331 1920 8715 1321 1910 8716 1518 2151 8717 1519 2152 8718 1516 2149 8719 1518 2151 8720 1518 2151 8721 1321 1910 8722 1519 2152 8723 1517 2150 8724 1516 2149 8725 1520 2153 8726 1502 2135 8727 1521 2154 8728 1519 2152 8729 1521 2154 8730 1520 2153 8731 1516 2149 8732 1516 2149 8733 1519 2152 8734 1521 2154 8735 1522 2155 8736 1523 2156 8737 1517 2150 8738 1517 2150 8739 1520 2153 8740 1522 2155 8741 1521 2154 8742 1502 2135 8743 1524 2157 8744 1524 2157 8745 1522 2155 8746 1520 2153 8747 1520 2153 8748 1521 2154 8749 1524 2157 8750 1524 2157 8751 1525 2158 8752 1526 2159 8753 1526 2159 8754 1527 2160 8755 1524 2157 8756 1527 2160 8757 1449 2055 8758 1522 2155 8759 1522 2155 8760 1524 2157 8761 1527 2160 8762 1449 2055 8763 1514 2147 8764 1523 2156 8765 1523 2156 8766 1522 2155 8767 1449 2055 8768 1527 2160 8769 1526 2159 8770 1528 2161 8771 1528 2161 8772 1446 2052 8773 1527 2160 8774 1449 2055 8775 1527 2160 8776 1446 2052 8777 1529 2162 8778 1530 2163 8779 1447 2053 8780 1447 2053 8781 1446 2052 8782 1529 2162 8783 1529 2162 8784 1531 2164 8785 1532 2165 8786 1532 2165 8787 1530 2163 8788 1529 2162 8789 1531 2164 8790 1533 2166 8791 1534 2167 8792 1534 2167 8793 1532 2165 8794 1531 2164 8795 1415 2004 8796 1535 2168 8797 1536 2169 8798 1536 2169 8799 1455 2061 8800 1415 2004 8801 1418 2007 8802 1537 2170 8803 1535 2168 8804 1535 2168 8805 1415 2004 8806 1418 2007 8807 1421 2010 8808 1538 2171 8809 1537 2170 8810 1537 2170 8811 1418 2007 8812 1421 2010 8813 1487 2113 8814 1539 2172 8815 1538 2171 8816 1538 2171 8817 1421 2010 8818 1487 2113 8819 1396 1985 8820 1540 2173 8821 1541 2174 8822 1541 2174 8823 1397 1986 8824 1396 1985 8825 1398 1987 8826 1542 2175 8827 1540 2173 8828 1540 2173 8829 1396 1985 8830 1398 1987 8831 1408 1997 8832 1543 2176 8833 1542 2175 8834 1542 2175 8835 1398 1987 8836 1408 1997 8837 1402 1991 8838 1544 2177 8839 1543 2176 8840 1543 2176 8841 1408 1997 8842 1402 1991 8843 1401 1990 8844 1545 2178 8845 1544 2177 8846 1544 2177 8847 1402 1991 8848 1401 1990 8849 1435 2039 8850 1546 2179 8851 1545 2178 8852 1545 2178 8853 1401 1990 8854 1435 2039 8855 1351 1940 8856 1364 1953 8857 1546 2179 8858 1546 2179 8859 1435 2039 8860 1351 1940 8861 1480 2088 8862 1466 2073 8863 1469 2077 8864 1469 2077 8865 1547 2180 8866 1480 2088 8867 1529 2162 8868 1446 2052 8869 1528 2161 8870 1528 2161 8871 1547 2180 8872 1529 2162 8873 1477 2085 8874 1476 2084 8875 1480 2088 8876 1480 2088 8877 1547 2180 8878 1477 2085 8879 1503 2136 8880 1548 2181 8881 1525 2158 8882 1525 2158 8883 1502 2135 8884 1503 2136 8885 1525 2158 8886 1548 2181 8887 1549 2182 8888 1549 2182 8889 1526 2159 8890 1525 2158 8891 1548 2181 8892 1478 2086 8893 1477 2085 8894 1477 2085 8895 1549 2182 8896 1548 2181 8897 1496 2122 8898 1550 2183 8899 1501 2134 8900 1501 2134 8901 1497 2123 8902 1496 2122 8903 1551 2184 8904 1496 2122 8905 1493 2119 8906 1552 2185 8907 1551 2186 8908 1475 2187 8909 1475 2083 8910 1474 2082 8911 1552 2188 8912 1551 2184 8913 1482 2090 8914 1475 2083 8915 1493 2119 8916 1451 2057 8917 1553 2189 8918 1553 2189 8919 1551 2184 8920 1493 2119 8921 1554 2190 8922 1553 2189 8923 1450 2056 8924 1554 2190 8925 1465 2191 8926 1482 2090 8927 1482 2090 8928 1553 2189 8929 1554 2190 8930 1453 2059 8931 1555 2192 8932 1554 2190 8933 1554 2190 8934 1450 2056 8935 1453 2059 8936 1555 2192 8937 1460 2066 8938 1465 2193 8939 1465 2191 8940 1554 2190 8941 1555 2192 8942 1453 2059 8943 1454 2060 8944 1556 2194 8945 1556 2194 8946 1555 2192 8947 1453 2059 8948 1556 2194 8949 1461 2067 8950 1460 2066 8951 1460 2066 8952 1555 2192 8953 1556 2194 8954 1531 2164 8955 1557 2195 8956 1558 2196 8957 1558 2196 8958 1533 2166 8959 1531 2164 8960 1557 2195 8961 1531 2164 8962 1529 2162 8963 1529 2162 8964 1547 2180 8965 1557 2195 8966 1557 2197 8967 1469 2198 8968 1468 2199 8969 1468 2200 8970 1559 2201 8971 1557 2202 8972 1560 2203 8973 1456 2062 8974 1558 2196 8975 1558 2196 8976 1559 2201 8977 1560 2203 8978 1560 2203 8979 1556 2194 8980 1454 2060 8981 1468 2200 8982 1561 2204 8983 1560 2203 8984 1560 2203 8985 1559 2201 8986 1468 2200 8987 1561 2205 8988 1461 2067 8989 1556 2194 8990 1556 2194 8991 1560 2203 8992 1561 2206 8993 1562 2207 8994 1459 2065 8995 1461 2067 8996 1461 2067 8997 1561 2208 8998 1562 2207 8999 1467 2074 9000 1562 2207 9001 1561 2209 9002 1561 2209 9003 1468 2075 9004 1467 2074 9005 1471 2079 9006 1457 2063 9007 1459 2065 9008 1459 2065 9009 1562 2207 9010 1471 2079 9011 1562 2207 9012 1467 2074 9013 1471 2079 9014 1462 2068 9015 1457 2063 9016 1471 2079 9017 1462 2068 9018 1481 2089 9019 1472 2080 9020 1479 2087 9021 1481 2089 9022 1476 2084 9023 1479 2087 9024 1563 2210 9025 1472 2080 9026 1472 2080 9027 1481 2089 9028 1479 2087 9029 1472 2080 9030 1563 2210 9031 1474 2082 9032 1478 2086 9033 1564 2211 9034 1563 2210 9035 1563 2210 9036 1479 2087 9037 1478 2086 9038 1564 2212 9039 1552 2188 9040 1474 2082 9041 1474 2082 9042 1563 2210 9043 1564 2211 9044 1548 2181 9045 1565 2213 9046 1564 2214 9047 1564 2214 9048 1478 2086 9049 1548 2181 9050 1565 2213 9051 1550 2183 9052 1552 2215 9053 1552 2215 9054 1564 2214 9055 1565 2213 9056 1566 2216 9057 1501 2134 9058 1550 2183 9059 1550 2183 9060 1565 2213 9061 1566 2216 9062 1503 2136 9063 1566 2216 9064 1565 2213 9065 1565 2213 9066 1548 2181 9067 1503 2136 9068 1319 1908 9069 1370 1959 9070 1566 2216 9071 1566 2216 9072 1503 2136 9073 1319 1908 9074 1370 1959 9075 1361 1950 9076 1501 2134 9077 1501 2134 9078 1566 2216 9079 1370 1959 9080 1567 2217 9081 1546 2179 9082 1364 1953 9083 1364 1953 9084 1382 1971 9085 1567 2217 9086 1568 2218 9087 1545 2178 9088 1546 2179 9089 1546 2179 9090 1567 2217 9091 1568 2218 9092 1569 2219 9093 1544 2177 9094 1545 2178 9095 1545 2178 9096 1568 2218 9097 1569 2219 9098 1570 2220 9099 1543 2176 9100 1544 2177 9101 1544 2177 9102 1569 2219 9103 1570 2220 9104 1571 2221 9105 1542 2175 9106 1543 2176 9107 1543 2176 9108 1570 2220 9109 1571 2221 9110 1572 2222 9111 1540 2173 9112 1542 2175 9113 1542 2175 9114 1571 2221 9115 1572 2222 9116 1573 2223 9117 1541 2174 9118 1540 2173 9119 1540 2173 9120 1572 2222 9121 1573 2223 9122 1574 2224 9123 1538 2171 9124 1539 2172 9125 1539 2172 9126 1575 2225 9127 1574 2224 9128 1576 2226 9129 1537 2170 9130 1538 2171 9131 1538 2171 9132 1574 2224 9133 1576 2226 9134 1577 2227 9135 1535 2168 9136 1537 2170 9137 1537 2170 9138 1576 2226 9139 1577 2227 9140 1578 2228 9141 1536 2169 9142 1535 2168 9143 1535 2168 9144 1577 2227 9145 1578 2228 9146 1579 2229 9147 1534 2167 9148 1536 2169 9149 1536 2169 9150 1578 2228 9151 1579 2229 9152 1580 2230 9153 1532 2165 9154 1534 2167 9155 1534 2167 9156 1579 2229 9157 1580 2230 9158 1581 2231 9159 1530 2163 9160 1532 2165 9161 1532 2165 9162 1580 2230 9163 1581 2231 9164 1581 2231 9165 1582 2232 9166 1447 2053 9167 1447 2053 9168 1530 2163 9169 1581 2231 9170 1583 2233 9171 1448 2054 9172 1447 2053 9173 1447 2053 9174 1582 2232 9175 1583 2233 9176 1584 2234 9177 1512 2145 9178 1448 2054 9179 1448 2054 9180 1583 2233 9181 1584 2234 9182 1585 2235 9183 1509 2142 9184 1512 2145 9185 1512 2145 9186 1584 2234 9187 1585 2235 9188 1586 2236 9189 1510 2143 9190 1509 2142 9191 1509 2142 9192 1585 2235 9193 1586 2236 9194 1587 2237 9195 1507 2140 9196 1510 2143 9197 1510 2143 9198 1586 2236 9199 1587 2237 9200 1588 2238 9201 1505 2138 9202 1507 2140 9203 1507 2140 9204 1587 2237 9205 1588 2238 9206 1384 1973 9207 1347 1936 9208 1505 2138 9209 1505 2138 9210 1588 2238 9211 1384 1973 9212 1500 2131 9213 1498 2124 9214 1356 1945 9215 1356 1945 9216 1311 1899 9217 1500 2131 9218 1499 2239 9219 1494 2120 9220 1498 2124 9221 1498 2124 9222 1500 2131 9223 1499 2239 9224 1589 2240 9225 1492 2118 9226 1494 2120 9227 1494 2120 9228 1499 2239 9229 1589 2240 9230 1406 1995 9231 1589 2240 9232 1499 2239 9233 1499 2239 9234 1424 2013 9235 1406 1995 9236 1590 2241 9237 1491 2117 9238 1492 2118 9239 1492 2118 9240 1589 2240 9241 1590 2241 9242 1405 1994 9243 1590 2241 9244 1589 2240 9245 1589 2240 9246 1406 1995 9247 1405 1994 9248 1591 2242 9249 1490 2116 9250 1491 2117 9251 1491 2117 9252 1590 2241 9253 1591 2242 9254 1409 1998 9255 1591 2242 9256 1590 2241 9257 1590 2241 9258 1405 1994 9259 1409 1998 9260 1592 2243 9261 1488 2114 9262 1490 2116 9263 1490 2116 9264 1591 2242 9265 1592 2243 9266 1393 1982 9267 1592 2243 9268 1591 2242 9269 1591 2242 9270 1409 1998 9271 1393 1982 9272 1392 1981 9273 1593 2244 9274 1592 2243 9275 1592 2243 9276 1393 1982 9277 1392 1981 9278 1593 2244 9279 1486 2112 9280 1488 2114 9281 1488 2114 9282 1592 2243 9283 1593 2244 9284 1397 1986 9285 1594 2245 9286 1593 2244 9287 1593 2244 9288 1392 1981 9289 1397 1986 9290 1594 2245 9291 1487 2113 9292 1486 2112 9293 1486 2112 9294 1593 2244 9295 1594 2245 9296 1541 2174 9297 1595 2246 9298 1594 2245 9299 1594 2245 9300 1397 1986 9301 1541 2174 9302 1595 2246 9303 1539 2172 9304 1487 2113 9305 1487 2113 9306 1594 2245 9307 1595 2246 9308 1573 2223 9309 1596 2247 9310 1595 2246 9311 1595 2246 9312 1541 2174 9313 1573 2223 9314 1596 2247 9315 1575 2225 9316 1539 2172 9317 1539 2172 9318 1595 2246 9319 1596 2247 9320 1422 2011 9321 1419 2008 9322 1413 2002 9323 1413 2002 9324 1489 2115 9325 1422 2011 9326 1412 2001 9327 1452 2058 9328 1489 2115 9329 1489 2115 9330 1413 2002 9331 1412 2001 9332 1419 2008 9333 1410 1999 9334 1413 2002 9335 1415 2004 9336 1455 2061 9337 1416 2005 9338 1440 2044 9339 1423 2108 9340 1485 2106 9341 1502 2135 9342 1519 2152 9343 1320 1909 9344 1519 2152 9345 1321 1910 9346 1320 1909 9347 1507 2140 9348 1506 2139 9349 1510 2143 9350 1523 2156 9351 1513 2146 9352 1517 2150 9353 1513 2146 9354 1523 2156 9355 1514 2147 9356 1515 2148 9357 1506 2139 9358 1504 2137 9359 1504 2137 9360 1518 2151 9361 1515 2148 9362 1518 2151 9363 1516 2149 9364 1515 2148 9365 1525 2158 9366 1524 2157 9367 1502 2135 9368 1514 2147 9369 1449 2055 9370 1511 2144 9371 1533 2166 9372 1456 2062 9373 1455 2061 9374 1456 2062 9375 1533 2166 9376 1558 2196 9377 1536 2169 9378 1534 2167 9379 1533 2166 9380 1455 2061 9381 1536 2169 9382 1533 2166 9383 1526 2159 9384 1549 2182 9385 1528 2161 9386 1547 2180 9387 1528 2161 9388 1549 2182 9389 1547 2180 9390 1549 2182 9391 1477 2085 9392 1551 2248 9393 1552 2215 9394 1550 2183 9395 1551 2249 9396 1550 2183 9397 1496 2122 9398 1450 2056 9399 1553 2189 9400 1451 2057 9401 1553 2189 9402 1482 2090 9403 1551 2184 9404 1469 2250 9405 1557 2251 9406 1547 2252 9407 1558 2196 9408 1557 2195 9409 1559 2201 9410 1456 2062 9411 1560 2203 9412 1454 2060 9413 1499 2253 9414 1427 2254 9415 1425 2015 9416 1499 2253 9417 1425 2015 9418 1424 2014 9419 1427 2255 9420 1499 2256 9421 1433 2257 9422 1597 2258 9423 1598 2259 9424 1599 2260 9425 1600 2261 9426 1601 2262 9427 1602 2263 9428 1602 2263 9429 1603 2264 9430 1600 2261 9431 1601 2262 9432 1604 2265 9433 1605 2266 9434 1605 2266 9435 1602 2263 9436 1601 2262 9437 1606 2267 9438 1607 2268 9439 1601 2262 9440 1601 2262 9441 1600 2261 9442 1606 2267 9443 1607 2268 9444 1608 2269 9445 1604 2265 9446 1604 2265 9447 1601 2262 9448 1607 2268 9449 1609 2270 9450 1610 2271 9451 1611 2272 9452 1611 2272 9453 1612 2273 9454 1609 2270 9455 1610 2271 9456 1613 2274 9457 1614 2275 9458 1614 2275 9459 1611 2272 9460 1610 2271 9461 1613 2274 9462 1615 2276 9463 1616 2277 9464 1616 2277 9465 1614 2275 9466 1613 2274 9467 1612 2273 9468 1611 2272 9469 1617 2278 9470 1617 2278 9471 1618 2279 9472 1612 2273 9473 1618 2279 9474 1617 2278 9475 1604 2265 9476 1604 2265 9477 1608 2269 9478 1618 2279 9479 1611 2272 9480 1614 2275 9481 1605 2266 9482 1605 2266 9483 1617 2278 9484 1611 2272 9485 1604 2265 9486 1617 2278 9487 1605 2266 9488 1605 2266 9489 1619 2280 9490 1602 2263 9491 1614 2275 9492 1616 2277 9493 1619 2280 9494 1619 2280 9495 1605 2266 9496 1614 2275 9497 1603 2264 9498 1602 2263 9499 1619 2280 9500 1620 2281 9501 1621 2282 9502 1622 2283 9503 1622 2283 9504 1623 2284 9505 1620 2281 9506 1624 2285 9507 1625 2286 9508 1626 2287 9509 1626 2287 9510 1622 2283 9511 1621 2282 9512 1621 2282 9513 1624 2285 9514 1626 2287 9515 1625 2286 9516 1627 2288 9517 1628 2289 9518 1628 2289 9519 1626 2287 9520 1625 2286 9521 1626 2287 9522 1628 2289 9523 1629 2290 9524 1629 2290 9525 1622 2283 9526 1626 2287 9527 1627 2288 9528 1630 2291 9529 1631 2292 9530 1631 2292 9531 1628 2289 9532 1627 2288 9533 1628 2289 9534 1631 2292 9535 1632 2293 9536 1632 2293 9537 1629 2290 9538 1628 2289 9539 1633 2294 9540 1634 2295 9541 1635 2296 9542 1635 2296 9543 1636 2297 9544 1633 2294 9545 1634 2295 9546 1637 2298 9547 1638 2299 9548 1638 2299 9549 1635 2296 9550 1634 2295 9551 1637 2298 9552 1267 1810 9553 1268 1814 9554 1268 1814 9555 1638 2299 9556 1637 2298 9557 1639 2300 9558 1640 2301 9559 1641 2302 9560 1641 2302 9561 1640 2301 9562 1642 2303 9563 1642 2303 9564 1643 2304 9565 1641 2302 9566 1644 2305 9567 1645 2306 9568 1646 2307 9569 1644 2308 9570 1647 2309 9571 1648 2310 9572 1648 2311 9573 1645 2312 9574 1644 2313 9575 1647 2314 9576 1649 2315 9577 1648 2316 9578 1645 2317 9579 1648 2316 9580 1649 2315 9581 1650 2318 9582 1646 2319 9583 1645 2320 9584 1645 2317 9585 1649 2315 9586 1650 2321 9587 1597 2258 9588 1643 2322 9589 1642 2323 9590 1642 2323 9591 1598 2259 9592 1597 2258 9593 1651 2324 9594 1652 2325 9595 1653 2326 9596 1653 2326 9597 1654 2327 9598 1651 2324 9599 1655 2328 9600 1633 2294 9601 1656 2329 9602 1656 2329 9603 1657 2330 9604 1655 2328 9605 1633 2294 9606 1636 2297 9607 1658 2331 9608 1658 2331 9609 1656 2329 9610 1633 2294 9611 1654 2327 9612 1653 2326 9613 1659 2332 9614 1659 2332 9615 1660 2333 9616 1654 2327 9617 1657 2330 9618 1656 2329 9619 1661 2334 9620 1661 2334 9621 1662 2335 9622 1657 2330 9623 1656 2329 9624 1658 2331 9625 1663 2336 9626 1663 2336 9627 1661 2334 9628 1656 2329 9629 1644 2337 9630 1662 2335 9631 1661 2334 9632 1644 2337 9633 1661 2334 9634 1663 2336 9635 1663 2336 9636 1647 2314 9637 1644 2337 9638 1664 2338 9639 1665 2339 9640 1666 2340 9641 1666 2340 9642 1667 2341 9643 1664 2338 9644 1667 2341 9645 1666 2340 9646 1668 2342 9647 1668 2342 9648 1669 2343 9649 1667 2341 9650 1670 2344 9651 1671 2345 9652 1672 2346 9653 1673 2347 9654 1671 2345 9655 1674 2348 9656 1674 2348 9657 1675 2349 9658 1673 2347 9659 1676 2350 9660 1677 2351 9661 1675 2349 9662 1675 2349 9663 1674 2348 9664 1676 2350 9665 1325 1914 9666 1678 2352 9667 1679 2353 9668 1678 2352 9669 1680 2354 9670 1681 2355 9671 1681 2355 9672 1679 2353 9673 1678 2352 9674 1680 2354 9675 1682 2356 9676 1672 2346 9677 1672 2346 9678 1681 2355 9679 1680 2354 9680 1682 2356 9681 1683 2357 9682 1670 2344 9683 1670 2344 9684 1672 2346 9685 1682 2356 9686 1683 2357 9687 1684 2358 9688 1685 2359 9689 1685 2359 9690 1670 2344 9691 1683 2357 9692 1686 2360 9693 1687 2361 9694 1677 2351 9695 1677 2351 9696 1676 2350 9697 1686 2360 9698 1688 2362 9699 1689 2363 9700 1690 2364 9701 1690 2364 9702 1691 2365 9703 1688 2362 9704 1692 2366 9705 1690 2364 9706 1689 2363 9707 1690 2364 9708 1692 2366 9709 1693 2367 9710 1694 2368 9711 1695 2369 9712 1660 2333 9713 1660 2333 9714 1659 2332 9715 1694 2368 9716 1694 2370 9717 1696 2371 9718 1693 2367 9719 1693 2367 9720 1695 2372 9721 1694 2370 9722 1697 2373 9723 1693 2367 9724 1696 2371 9725 1693 2367 9726 1697 2373 9727 1690 2364 9728 1697 2373 9729 1698 2374 9730 1691 2365 9731 1691 2365 9732 1690 2364 9733 1697 2373 9734 1325 1914 9735 1333 1922 9736 1678 2352 9737 1333 1922 9738 1334 1923 9739 1680 2354 9740 1680 2354 9741 1678 2352 9742 1333 1922 9743 1334 1923 9744 1335 1924 9745 1682 2356 9746 1682 2356 9747 1680 2354 9748 1334 1923 9749 1335 1924 9750 1336 1925 9751 1683 2357 9752 1683 2357 9753 1682 2356 9754 1335 1924 9755 1336 1925 9756 1699 2375 9757 1684 2358 9758 1684 2358 9759 1683 2357 9760 1336 1925 9761 1699 2375 9762 1700 2376 9763 1701 2377 9764 1701 2377 9765 1684 2358 9766 1699 2375 9767 1700 2376 9768 1702 2378 9769 1703 2379 9770 1703 2379 9771 1701 2377 9772 1700 2376 9773 1704 2380 9774 1705 2381 9775 1706 2382 9776 1706 2382 9777 1707 2383 9778 1704 2380 9779 1705 2381 9780 1708 2384 9781 1686 2360 9782 1686 2360 9783 1706 2382 9784 1705 2381 9785 1708 2384 9786 1709 2385 9787 1687 2361 9788 1687 2361 9789 1686 2360 9790 1708 2384 9791 1710 2386 9792 1711 2387 9793 1712 2388 9794 1712 2388 9795 1713 2389 9796 1710 2386 9797 1714 2390 9798 1715 2391 9799 1620 2281 9800 1620 2281 9801 1716 2392 9802 1714 2390 9803 1621 2282 9804 1620 2281 9805 1715 2391 9806 1715 2391 9807 1717 2393 9808 1621 2282 9809 1717 2393 9810 1718 2394 9811 1624 2285 9812 1624 2285 9813 1621 2282 9814 1717 2393 9815 1718 2394 9816 1719 2395 9817 1720 2396 9818 1720 2396 9819 1624 2285 9820 1718 2394 9821 1721 2397 9822 1722 2398 9823 1723 2399 9824 1723 2399 9825 1724 2400 9826 1725 2401 9827 1725 2402 9828 1721 2397 9829 1723 2399 9830 1726 2403 9831 1727 2404 9832 1728 2405 9833 1728 2405 9834 1729 2406 9835 1726 2403 9836 1730 2407 9837 1728 2405 9838 1727 2404 9839 1730 2407 9840 1722 2398 9841 1731 2408 9842 1722 2398 9843 1721 2397 9844 1732 2409 9845 1732 2409 9846 1731 2408 9847 1722 2398 9848 1721 2397 9849 1725 2402 9850 1733 2410 9851 1733 2411 9852 1732 2409 9853 1721 2397 9854 1734 2412 9855 1735 2413 9856 1736 2414 9857 1736 2414 9858 1737 2415 9859 1734 2416 9860 1738 2417 9861 1736 2414 9862 1735 2413 9863 1739 2418 9864 1740 2419 9865 1741 2420 9866 1742 2421 9867 1743 2422 9868 1726 2403 9869 1726 2403 9870 1729 2406 9871 1742 2421 9872 1736 2414 9873 1738 2417 9874 1727 2404 9875 1727 2404 9876 1744 2423 9877 1736 2414 9878 1727 2404 9879 1726 2403 9880 1744 2423 9881 1730 2407 9882 1727 2404 9883 1738 2417 9884 1730 2407 9885 1731 2408 9886 1741 2420 9887 1739 2418 9888 1741 2420 9889 1731 2408 9890 1739 2418 9891 1731 2408 9892 1732 2409 9893 1745 2424 9894 1739 2418 9895 1732 2409 9896 1732 2409 9897 1733 2411 9898 1745 2424 9899 1746 2425 9900 1747 2426 9901 1653 2326 9902 1653 2326 9903 1652 2325 9904 1746 2425 9905 1655 2328 9906 1657 2330 9907 1747 2426 9908 1747 2426 9909 1746 2425 9910 1655 2328 9911 1657 2330 9912 1662 2335 9913 1748 2427 9914 1748 2427 9915 1747 2426 9916 1657 2330 9917 1747 2426 9918 1748 2427 9919 1659 2332 9920 1659 2332 9921 1653 2326 9922 1747 2426 9923 1662 2335 9924 1644 2337 9925 1694 2368 9926 1694 2368 9927 1748 2427 9928 1662 2335 9929 1694 2368 9930 1659 2332 9931 1748 2427 9932 1644 2428 9933 1696 2371 9934 1694 2370 9935 1696 2371 9936 1644 2429 9937 1646 2430 9938 1646 2430 9939 1697 2373 9940 1696 2371 9941 1646 2319 9942 1650 2318 9943 1698 2431 9944 1698 2432 9945 1697 2433 9946 1646 2434 9947 1642 2435 9948 1689 2436 9949 1688 2437 9950 1688 2438 9951 1598 2439 9952 1642 2440 9953 1749 2441 9954 1692 2366 9955 1689 2363 9956 1642 2303 9957 1640 2301 9958 1749 2442 9959 1749 2441 9960 1689 2363 9961 1642 2443 9962 1615 2276 9963 1750 2444 9964 1639 2445 9965 1692 2446 9966 1750 2447 9967 1695 2448 9968 1695 2372 9969 1693 2367 9970 1692 2366 9971 1640 2301 9972 1639 2300 9973 1750 2449 9974 1750 2449 9975 1749 2442 9976 1640 2301 9977 1750 2450 9978 1613 2274 9979 1660 2333 9980 1660 2333 9981 1695 2369 9982 1750 2451 9983 1750 2450 9984 1615 2276 9985 1613 2274 9986 1613 2274 9987 1610 2271 9988 1654 2327 9989 1654 2327 9990 1660 2333 9991 1613 2274 9992 1610 2271 9993 1609 2270 9994 1651 2324 9995 1651 2324 9996 1654 2327 9997 1610 2271 9998 1751 2452 9999 1752 2453 10000 1631 2292 10001 1631 2292 10002 1630 2291 10003 1751 2452 10004 1752 2453 10005 1753 2454 10006 1632 2293 10007 1632 2293 10008 1631 2292 10009 1752 2453 10010 1753 2454 10011 1754 2455 10012 1755 2456 10013 1755 2456 10014 1632 2293 10015 1753 2454 10016 1754 2455 10017 1756 2457 10018 1716 2392 10019 1716 2392 10020 1755 2456 10021 1754 2455 10022 1756 2457 10023 1757 2458 10024 1714 2390 10025 1714 2390 10026 1716 2392 10027 1756 2457 10028 1757 2458 10029 1758 2459 10030 1759 2460 10031 1759 2460 10032 1714 2390 10033 1757 2458 10034 1760 2461 10035 1761 2462 10036 1667 2341 10037 1667 2341 10038 1669 2343 10039 1760 2461 10040 1761 2462 10041 1664 2338 10042 1667 2341 10043 1762 2463 10044 1763 2464 10045 1664 2338 10046 1664 2338 10047 1761 2462 10048 1762 2463 10049 1764 2465 10050 1765 2466 10051 1666 2340 10052 1666 2340 10053 1665 2339 10054 1764 2465 10055 1765 2466 10056 1766 2467 10057 1668 2342 10058 1668 2342 10059 1666 2340 10060 1765 2466 10061 1767 2468 10062 1759 2460 10063 1768 2469 10064 1768 2469 10065 1769 2470 10066 1767 2468 10067 1759 2460 10068 1758 2459 10069 1770 2471 10070 1770 2471 10071 1768 2469 10072 1759 2460 10073 1598 2259 10074 1688 2472 10075 1599 2260 10076 1691 2473 10077 1771 2474 10078 1599 2475 10079 1599 2475 10080 1688 2476 10081 1691 2473 10082 1650 2321 10083 1771 2474 10084 1698 2477 10085 1771 2474 10086 1691 2473 10087 1698 2478 10088 1649 2315 10089 1647 2314 10090 1771 2474 10091 1771 2474 10092 1650 2321 10093 1649 2315 10094 1760 2461 10095 1669 2343 10096 1768 2469 10097 1768 2469 10098 1770 2471 10099 1760 2461 10100 1669 2343 10101 1668 2342 10102 1769 2470 10103 1769 2470 10104 1768 2469 10105 1669 2343 10106 1668 2342 10107 1766 2467 10108 1772 2479 10109 1772 2479 10110 1769 2470 10111 1668 2342 10112 1673 2347 10113 1675 2349 10114 1773 2480 10115 1773 2480 10116 1774 2481 10117 1673 2347 10118 1704 2380 10119 1707 2383 10120 1703 2379 10121 1703 2379 10122 1702 2378 10123 1704 2380 10124 1676 2350 10125 1775 2482 10126 1706 2382 10127 1706 2382 10128 1686 2360 10129 1676 2350 10130 1701 2377 10131 1775 2482 10132 1685 2359 10133 1685 2359 10134 1684 2358 10135 1701 2377 10136 1775 2482 10137 1676 2350 10138 1674 2348 10139 1674 2348 10140 1776 2483 10141 1775 2482 10142 1709 2385 10143 1777 2484 10144 1778 2485 10145 1778 2485 10146 1687 2361 10147 1709 2385 10148 1777 2484 10149 1779 2486 10150 1780 2487 10151 1780 2487 10152 1778 2485 10153 1777 2484 10154 1781 2488 10155 1782 2489 10156 1783 2490 10157 1783 2490 10158 1780 2487 10159 1781 2488 10160 1710 2386 10161 1713 2389 10162 1784 2491 10163 1784 2491 10164 1785 2492 10165 1710 2386 10166 1782 2489 10167 1785 2492 10168 1784 2491 10169 1784 2491 10170 1783 2490 10171 1782 2489 10172 1786 2493 10173 1787 2494 10174 1783 2490 10175 1783 2490 10176 1784 2491 10177 1786 2493 10178 1787 2494 10179 1788 2495 10180 1780 2487 10181 1780 2487 10182 1783 2490 10183 1787 2494 10184 1789 2496 10185 1790 2497 10186 1788 2495 10187 1788 2495 10188 1787 2494 10189 1789 2496 10190 1687 2361 10191 1778 2485 10192 1791 2498 10193 1791 2498 10194 1677 2351 10195 1687 2361 10196 1791 2498 10197 1790 2497 10198 1792 2499 10199 1792 2499 10200 1677 2351 10201 1791 2498 10202 1789 2496 10203 1793 2500 10204 1790 2497 10205 1773 2480 10206 1792 2499 10207 1794 2501 10208 1790 2497 10209 1793 2500 10210 1794 2501 10211 1794 2501 10212 1792 2499 10213 1790 2497 10214 1789 2496 10215 1795 2502 10216 1796 2503 10217 1796 2503 10218 1793 2500 10219 1789 2496 10220 1773 2480 10221 1794 2501 10222 1797 2504 10223 1793 2500 10224 1796 2503 10225 1797 2504 10226 1797 2504 10227 1794 2501 10228 1793 2500 10229 1798 2505 10230 1799 2506 10231 1797 2504 10232 1797 2504 10233 1800 2507 10234 1798 2505 10235 1796 2503 10236 1713 2389 10237 1800 2507 10238 1800 2507 10239 1797 2504 10240 1796 2503 10241 1795 2502 10242 1786 2493 10243 1713 2389 10244 1713 2389 10245 1796 2503 10246 1795 2502 10247 1801 2508 10248 1798 2505 10249 1800 2507 10250 1800 2507 10251 1712 2388 10252 1801 2508 10253 1713 2389 10254 1712 2388 10255 1800 2507 10256 1711 2387 10257 1802 2509 10258 1803 2510 10259 1803 2510 10260 1712 2388 10261 1711 2387 10262 1804 2511 10263 1805 2512 10264 1803 2510 10265 1803 2510 10266 1802 2509 10267 1804 2511 10268 1806 2513 10269 1807 2514 10270 1805 2512 10271 1805 2512 10272 1804 2511 10273 1806 2513 10274 1808 2515 10275 1809 2516 10276 1625 2286 10277 1625 2286 10278 1720 2396 10279 1808 2515 10280 1809 2516 10281 1810 2517 10282 1627 2288 10283 1627 2288 10284 1625 2286 10285 1809 2516 10286 1810 2517 10287 1811 2518 10288 1630 2291 10289 1630 2291 10290 1627 2288 10291 1810 2517 10292 1811 2518 10293 1812 2519 10294 1751 2452 10295 1751 2452 10296 1630 2291 10297 1811 2518 10298 1813 2520 10299 1814 2521 10300 1607 2268 10301 1607 2268 10302 1606 2267 10303 1813 2520 10304 1814 2521 10305 1815 2522 10306 1608 2269 10307 1608 2269 10308 1607 2268 10309 1814 2521 10310 1815 2522 10311 1816 2523 10312 1618 2279 10313 1618 2279 10314 1608 2269 10315 1815 2522 10316 1816 2523 10317 1817 2524 10318 1612 2273 10319 1612 2273 10320 1618 2279 10321 1816 2523 10322 1817 2524 10323 1818 2525 10324 1609 2270 10325 1609 2270 10326 1612 2273 10327 1817 2524 10328 1818 2525 10329 1819 2526 10330 1651 2324 10331 1651 2324 10332 1609 2270 10333 1818 2525 10334 1819 2526 10335 1820 2527 10336 1652 2325 10337 1652 2325 10338 1651 2324 10339 1819 2526 10340 1820 2527 10341 1821 2528 10342 1746 2425 10343 1746 2425 10344 1652 2325 10345 1820 2527 10346 1821 2528 10347 1294 1882 10348 1655 2328 10349 1655 2328 10350 1746 2425 10351 1821 2528 10352 1655 2328 10353 1294 1882 10354 1293 1881 10355 1293 1881 10356 1633 2294 10357 1655 2328 10358 1293 1881 10359 1822 2529 10360 1633 2294 10361 1822 2529 10362 1823 2530 10363 1637 2298 10364 1637 2298 10365 1634 2295 10366 1822 2529 10367 1823 2530 10368 1265 1807 10369 1267 1810 10370 1267 1810 10371 1637 2298 10372 1823 2530 10373 1737 2415 10374 1736 2414 10375 1744 2423 10376 1744 2423 10377 1824 2531 10378 1737 2415 10379 1801 2508 10380 1712 2388 10381 1803 2510 10382 1803 2510 10383 1824 2532 10384 1801 2508 10385 1744 2423 10386 1726 2403 10387 1743 2422 10388 1743 2422 10389 1824 2531 10390 1744 2423 10391 1799 2506 10392 1825 2533 10393 1774 2481 10394 1774 2481 10395 1773 2480 10396 1799 2506 10397 1826 2534 10398 1825 2533 10399 1799 2506 10400 1799 2506 10401 1798 2505 10402 1826 2534 10403 1743 2422 10404 1742 2421 10405 1825 2533 10406 1825 2533 10407 1826 2534 10408 1743 2422 10409 1772 2479 10410 1827 2535 10411 1767 2468 10412 1767 2468 10413 1769 2470 10414 1772 2479 10415 1767 2468 10416 1828 2536 10417 1759 2460 10418 1739 2418 10419 1828 2537 10420 1829 2538 10421 1829 2538 10422 1740 2419 10423 1739 2418 10424 1745 2424 10425 1828 2536 10426 1739 2418 10427 1830 2539 10428 1714 2390 10429 1759 2460 10430 1759 2460 10431 1828 2536 10432 1830 2539 10433 1831 2540 10434 1715 2391 10435 1830 2539 10436 1745 2424 10437 1733 2541 10438 1831 2540 10439 1831 2540 10440 1830 2539 10441 1745 2424 10442 1831 2540 10443 1832 2542 10444 1717 2393 10445 1717 2393 10446 1715 2391 10447 1831 2540 10448 1733 2543 10449 1725 2544 10450 1832 2542 10451 1832 2542 10452 1831 2540 10453 1733 2545 10454 1833 2546 10455 1718 2394 10456 1717 2393 10457 1717 2393 10458 1832 2542 10459 1833 2546 10460 1725 2544 10461 1724 2547 10462 1833 2546 10463 1833 2546 10464 1832 2542 10465 1725 2544 10466 1834 2548 10467 1835 2549 10468 1805 2512 10469 1805 2512 10470 1807 2514 10471 1834 2548 10472 1803 2510 10473 1805 2512 10474 1835 2549 10475 1835 2549 10476 1824 2532 10477 1803 2510 10478 1734 2416 10479 1737 2415 10480 1835 2550 10481 1835 2549 10482 1836 2551 10483 1734 2552 10484 1834 2548 10485 1719 2395 10486 1837 2553 10487 1837 2553 10488 1836 2551 10489 1834 2548 10490 1833 2546 10491 1837 2553 10492 1718 2394 10493 1837 2554 10494 1838 2555 10495 1734 2556 10496 1734 2552 10497 1836 2551 10498 1837 2553 10499 1833 2546 10500 1724 2547 10501 1838 2557 10502 1838 2557 10503 1837 2553 10504 1833 2546 10505 1724 2400 10506 1723 2399 10507 1839 2558 10508 1839 2558 10509 1838 2559 10510 1724 2400 10511 1838 2559 10512 1839 2558 10513 1735 2413 10514 1735 2413 10515 1734 2560 10516 1838 2559 10517 1723 2399 10518 1722 2398 10519 1738 2417 10520 1738 2417 10521 1839 2558 10522 1723 2399 10523 1738 2417 10524 1735 2413 10525 1839 2558 10526 1730 2407 10527 1738 2417 10528 1722 2398 10529 1730 2407 10530 1741 2420 10531 1728 2405 10532 1729 2406 10533 1728 2405 10534 1840 2561 10535 1741 2420 10536 1740 2419 10537 1840 2561 10538 1840 2561 10539 1728 2405 10540 1741 2420 10541 1840 2561 10542 1841 2562 10543 1742 2421 10544 1742 2421 10545 1729 2406 10546 1840 2561 10547 1740 2419 10548 1829 2538 10549 1841 2562 10550 1841 2562 10551 1840 2561 10552 1740 2419 10553 1841 2562 10554 1842 2563 10555 1825 2533 10556 1825 2533 10557 1742 2421 10558 1841 2562 10559 1829 2538 10560 1827 2535 10561 1842 2563 10562 1842 2563 10563 1841 2562 10564 1829 2538 10565 1827 2535 10566 1772 2479 10567 1843 2564 10568 1843 2564 10569 1842 2563 10570 1827 2535 10571 1842 2563 10572 1843 2564 10573 1774 2481 10574 1774 2481 10575 1825 2533 10576 1842 2563 10577 1843 2564 10578 1844 2565 10579 1673 2347 10580 1673 2347 10581 1774 2481 10582 1843 2564 10583 1772 2479 10584 1766 2467 10585 1844 2565 10586 1844 2565 10587 1843 2564 10588 1772 2479 10589 1844 2565 10590 1845 2566 10591 1671 2345 10592 1671 2345 10593 1673 2347 10594 1844 2565 10595 1766 2467 10596 1765 2466 10597 1845 2566 10598 1845 2566 10599 1844 2565 10600 1766 2467 10601 1845 2566 10602 1846 2567 10603 1672 2346 10604 1672 2346 10605 1671 2345 10606 1845 2566 10607 1765 2466 10608 1764 2465 10609 1846 2567 10610 1846 2567 10611 1845 2566 10612 1765 2466 10613 1846 2567 10614 1847 2568 10615 1681 2355 10616 1681 2355 10617 1672 2346 10618 1846 2567 10619 1764 2465 10620 1848 2569 10621 1847 2568 10622 1847 2568 10623 1846 2567 10624 1764 2465 10625 1847 2568 10626 1849 2570 10627 1679 2353 10628 1679 2353 10629 1681 2355 10630 1847 2568 10631 1848 2569 10632 1763 2464 10633 1849 2570 10634 1849 2570 10635 1847 2568 10636 1848 2569 10637 1849 2570 10638 1850 2571 10639 1325 1914 10640 1325 1914 10641 1679 2353 10642 1849 2570 10643 1850 2571 10644 1851 2572 10645 1375 1964 10646 1375 1964 10647 1325 1914 10648 1850 2571 10649 1763 2464 10650 1762 2463 10651 1851 2572 10652 1851 2572 10653 1850 2571 10654 1763 2464 10655 1635 2296 10656 1638 2299 10657 1377 1966 10658 1377 1966 10659 1378 1967 10660 1635 2296 10661 1638 2299 10662 1268 1814 10663 1269 1818 10664 1269 1818 10665 1377 1966 10666 1638 2299 10667 1265 1807 10668 1823 2530 10669 1379 1968 10670 1379 1968 10671 1266 1808 10672 1265 1807 10673 1823 2530 10674 1822 2529 10675 1380 1969 10676 1380 1969 10677 1379 1968 10678 1823 2530 10679 1822 2529 10680 1293 1881 10681 1296 1884 10682 1296 1884 10683 1380 1969 10684 1822 2529 10685 1294 1882 10686 1821 2528 10687 1381 1970 10688 1381 1970 10689 1295 1883 10690 1294 1882 10691 1821 2528 10692 1820 2527 10693 1382 1971 10694 1382 1971 10695 1381 1970 10696 1821 2528 10697 1820 2527 10698 1819 2526 10699 1567 2217 10700 1567 2217 10701 1382 1971 10702 1820 2527 10703 1819 2526 10704 1818 2525 10705 1568 2218 10706 1568 2218 10707 1567 2217 10708 1819 2526 10709 1818 2525 10710 1817 2524 10711 1569 2219 10712 1569 2219 10713 1568 2218 10714 1818 2525 10715 1817 2524 10716 1816 2523 10717 1570 2220 10718 1570 2220 10719 1569 2219 10720 1817 2524 10721 1816 2523 10722 1815 2522 10723 1571 2221 10724 1571 2221 10725 1570 2220 10726 1816 2523 10727 1815 2522 10728 1814 2521 10729 1572 2222 10730 1572 2222 10731 1571 2221 10732 1815 2522 10733 1814 2521 10734 1813 2520 10735 1573 2223 10736 1573 2223 10737 1572 2222 10738 1814 2521 10739 1812 2519 10740 1811 2518 10741 1574 2224 10742 1574 2224 10743 1575 2225 10744 1812 2519 10745 1811 2518 10746 1810 2517 10747 1576 2226 10748 1576 2226 10749 1574 2224 10750 1811 2518 10751 1810 2517 10752 1809 2516 10753 1577 2227 10754 1577 2227 10755 1576 2226 10756 1810 2517 10757 1809 2516 10758 1808 2515 10759 1578 2228 10760 1578 2228 10761 1577 2227 10762 1809 2516 10763 1808 2515 10764 1806 2513 10765 1579 2229 10766 1579 2229 10767 1578 2228 10768 1808 2515 10769 1806 2513 10770 1804 2511 10771 1580 2230 10772 1580 2230 10773 1579 2229 10774 1806 2513 10775 1804 2511 10776 1802 2509 10777 1581 2231 10778 1581 2231 10779 1580 2230 10780 1804 2511 10781 1711 2387 10782 1582 2232 10783 1581 2231 10784 1581 2231 10785 1802 2509 10786 1711 2387 10787 1711 2387 10788 1710 2386 10789 1583 2233 10790 1583 2233 10791 1582 2232 10792 1711 2387 10793 1710 2386 10794 1785 2492 10795 1584 2234 10796 1584 2234 10797 1583 2233 10798 1710 2386 10799 1785 2492 10800 1782 2489 10801 1585 2235 10802 1585 2235 10803 1584 2234 10804 1785 2492 10805 1782 2489 10806 1781 2488 10807 1586 2236 10808 1586 2236 10809 1585 2235 10810 1782 2489 10811 1781 2488 10812 1779 2486 10813 1587 2237 10814 1587 2237 10815 1586 2236 10816 1781 2488 10817 1779 2486 10818 1777 2484 10819 1588 2238 10820 1588 2238 10821 1587 2237 10822 1779 2486 10823 1777 2484 10824 1709 2385 10825 1384 1973 10826 1384 1973 10827 1588 2238 10828 1777 2484 10829 1709 2385 10830 1708 2384 10831 1383 1972 10832 1383 1972 10833 1384 1973 10834 1709 2385 10835 1708 2384 10836 1705 2381 10837 1385 1974 10838 1385 1974 10839 1383 1972 10840 1708 2384 10841 1705 2381 10842 1704 2380 10843 1386 1975 10844 1386 1975 10845 1385 1974 10846 1705 2381 10847 1704 2380 10848 1702 2378 10849 1387 1976 10850 1387 1976 10851 1386 1975 10852 1704 2380 10853 1702 2378 10854 1700 2376 10855 1388 1977 10856 1388 1977 10857 1387 1976 10858 1702 2378 10859 1700 2376 10860 1699 2375 10861 1389 1978 10862 1389 1978 10863 1388 1977 10864 1700 2376 10865 1699 2375 10866 1336 1925 10867 1389 1978 10868 1375 1964 10869 1851 2572 10870 1635 2296 10871 1635 2296 10872 1378 1967 10873 1375 1964 10874 1762 2463 10875 1658 2331 10876 1851 2572 10877 1762 2463 10878 1761 2462 10879 1663 2336 10880 1663 2336 10881 1658 2331 10882 1762 2463 10883 1761 2462 10884 1760 2461 10885 1663 2336 10886 1647 2314 10887 1663 2336 10888 1760 2461 10889 1760 2461 10890 1770 2471 10891 1771 2474 10892 1771 2474 10893 1647 2314 10894 1760 2461 10895 1770 2471 10896 1758 2459 10897 1599 2475 10898 1599 2475 10899 1771 2474 10900 1770 2471 10901 1758 2459 10902 1757 2458 10903 1852 2573 10904 1852 2573 10905 1599 2475 10906 1758 2459 10907 1599 2475 10908 1852 2573 10909 1615 2276 10910 1615 2276 10911 1639 2445 10912 1599 2475 10913 1757 2458 10914 1756 2457 10915 1853 2574 10916 1853 2574 10917 1852 2573 10918 1757 2458 10919 1852 2573 10920 1853 2574 10921 1616 2277 10922 1616 2277 10923 1615 2276 10924 1852 2573 10925 1756 2457 10926 1754 2455 10927 1854 2575 10928 1854 2575 10929 1853 2574 10930 1756 2457 10931 1853 2574 10932 1854 2575 10933 1619 2280 10934 1619 2280 10935 1616 2277 10936 1853 2574 10937 1754 2455 10938 1753 2454 10939 1855 2576 10940 1855 2576 10941 1854 2575 10942 1754 2455 10943 1854 2575 10944 1855 2576 10945 1603 2264 10946 1603 2264 10947 1619 2280 10948 1854 2575 10949 1855 2576 10950 1856 2577 10951 1600 2261 10952 1600 2261 10953 1603 2264 10954 1855 2576 10955 1753 2454 10956 1752 2453 10957 1856 2577 10958 1856 2577 10959 1855 2576 10960 1753 2454 10961 1856 2577 10962 1857 2578 10963 1606 2267 10964 1606 2267 10965 1600 2261 10966 1856 2577 10967 1752 2453 10968 1751 2452 10969 1857 2578 10970 1857 2578 10971 1856 2577 10972 1752 2453 10973 1857 2578 10974 1858 2579 10975 1813 2520 10976 1813 2520 10977 1606 2267 10978 1857 2578 10979 1751 2452 10980 1812 2519 10981 1858 2579 10982 1858 2579 10983 1857 2578 10984 1751 2452 10985 1858 2579 10986 1596 2247 10987 1573 2223 10988 1573 2223 10989 1813 2520 10990 1858 2579 10991 1812 2519 10992 1575 2225 10993 1596 2247 10994 1596 2247 10995 1858 2579 10996 1812 2519 10997 1623 2284 10998 1629 2290 10999 1632 2293 11000 1632 2293 11001 1755 2456 11002 1623 2284 11003 1755 2456 11004 1716 2392 11005 1620 2281 11006 1620 2281 11007 1623 2284 11008 1755 2456 11009 1629 2290 11010 1623 2284 11011 1622 2283 11012 1625 2286 11013 1624 2285 11014 1720 2396 11015 1671 2345 11016 1670 2344 11017 1685 2359 11018 1776 2483 11019 1671 2345 11020 1685 2359 11021 1674 2348 11022 1671 2345 11023 1776 2483 11024 1692 2366 11025 1749 2441 11026 1750 2580 11027 1848 2569 11028 1665 2339 11029 1664 2338 11030 1664 2338 11031 1763 2464 11032 1848 2569 11033 1665 2339 11034 1848 2569 11035 1764 2465 11036 1773 2480 11037 1675 2349 11038 1792 2499 11039 1792 2499 11040 1675 2349 11041 1677 2351 11042 1775 2482 11043 1701 2377 11044 1703 2379 11045 1775 2482 11046 1707 2383 11047 1706 2382 11048 1775 2482 11049 1776 2483 11050 1685 2359 11051 1703 2379 11052 1707 2383 11053 1775 2482 11054 1779 2486 11055 1781 2488 11056 1780 2487 11057 1795 2502 11058 1789 2496 11059 1787 2494 11060 1787 2494 11061 1786 2493 11062 1795 2502 11063 1788 2495 11064 1778 2485 11065 1780 2487 11066 1778 2485 11067 1788 2495 11068 1791 2498 11069 1791 2498 11070 1788 2495 11071 1790 2497 11072 1799 2506 11073 1773 2480 11074 1797 2504 11075 1786 2493 11076 1784 2491 11077 1713 2389 11078 1807 2514 11079 1720 2396 11080 1719 2395 11081 1719 2395 11082 1834 2548 11083 1807 2514 11084 1808 2515 11085 1807 2514 11086 1806 2513 11087 1720 2396 11088 1807 2514 11089 1808 2515 11090 1634 2295 11091 1633 2294 11092 1822 2529 11093 1798 2505 11094 1801 2508 11095 1826 2534 11096 1824 2532 11097 1826 2534 11098 1801 2508 11099 1824 2581 11100 1743 2422 11101 1826 2534 11102 1828 2582 11103 1827 2583 11104 1829 2584 11105 1828 2536 11106 1767 2468 11107 1827 2585 11108 1715 2391 11109 1714 2390 11110 1830 2539 11111 1830 2539 11112 1828 2536 11113 1745 2424 11114 1737 2415 11115 1824 2586 11116 1835 2550 11117 1834 2548 11118 1836 2551 11119 1835 2549 11120 1719 2395 11121 1718 2394 11122 1837 2553 11123 1850 2571 11124 1849 2570 11125 1763 2464 11126 1851 2572 11127 1636 2297 11128 1635 2296 11129 1636 2297 11130 1851 2572 11131 1658 2331 11132 1599 2587 11133 1641 2302 11134 1643 2304 11135 1599 2587 11136 1639 2300 11137 1641 2302 11138 1643 2322 11139 1597 2258 11140 1599 2260 11141</p>
        </triangles>
      </mesh>
    </geometry>
  </library_geometries>
  <library_controllers>
    <controller id="aang_skeleton_aang-skin" name="aang_skeleton">
      <skin source="#aang-mesh">
        <bind_shape_matrix>9 0 0 0 0 9 0 0 0 0 9 0 0 0 0 1</bind_shape_matrix>
        <source id="aang_skeleton_aang-skin-joints">
          <Name_array id="aang_skeleton_aang-skin-joints-array" count="24">root Pelvis Spine R_Thigh R_Calf R_Foot R_Toe L_Thigh L_Calf L_Foot L_Toe Spine1 Spine2 Spine3 Neck L_Clavicle L_UpperArm L_Forearm L_Hand R_Clavicle R_UpperArm R_Forearm R_Hand Head</Name_array>
          <technique_common>
            <accessor source="#aang_skeleton_aang-skin-joints-array" count="24" stride="1">
              <param name="JOINT" type="name"/>
            </accessor>
          </technique_common>
        </source>
        <source id="aang_skeleton_aang-skin-bind_poses">
          <float_array id="aang_skeleton_aang-skin-bind_poses-array" count="384">0 -0.1111111 0 0.01608496 0.1111111 0 0 -0.004022955 0 0 0.1111111 -0.982625 0 0 0 1 -0.002911806 0 0.1110729 -0.9821822 0 -0.1111111 0 0.01608502 0.1110729 0 0.002911806 -0.02977257 0 0 0 1 1.40643e-5 -8.93344e-5 0.1111111 -1.112659 -3.76282e-7 -0.1111111 -8.93387e-5 0.01706564 0.1111111 -3.71042e-7 -1.40647e-5 -0.00388205 0 0 0 1 -0.004908561 -0.01158398 -0.1103965 0.9802101 2.21298e-5 -0.1105045 0.01159429 -0.08625227 -0.1110026 4.90228e-4 0.004884064 0.07381963 0 0 0 1 -0.004809319 0.01129472 -0.1104308 0.5662927 -9.83706e-4 -0.1105344 -0.01126247 0.03037095 -0.1110026 4.90203e-4 0.004884362 0.1110182 0 0 0 1 4.27994e-7 -1.23403e-7 -0.1111111 0.1310501 0 -0.1111111 0 0.01613336 -0.1111111 0 -4.28822e-7 0.1544233 0 0 0 1 0 -0.1111111 -1.50903e-7 -0.1368774 -5.1831e-7 -1.41506e-7 0.1111111 -0.00100398 -0.1111111 0 -5.19138e-7 0.1544232 0 0 0 1 0.004910707 -0.01158422 -0.1103964 0.9857444 -2.23861e-5 -0.1105045 0.01159459 -0.08687269 -0.1110025 -4.90194e-4 -0.004886209 -0.06550192 0 0 0 1 0.004811108 0.01129448 -0.1104308 0.5718368 9.83761e-4 -0.1105344 -0.01126223 0.03089761 -0.1110025 -4.90075e-4 -0.00488609 -0.1027079 0 0 0 1 2.56217e-7 -3.61343e-7 -0.1111111 0.1369779 0 -0.1111111 3.51789e-7 0.01613175 -0.1111111 0 -2.56217e-7 -0.1463715 0 0 0 1 0 -0.1111111 -4.26918e-7 -0.1368796 -2.59569e-7 -4.2014e-7 0.1111111 -0.006932258 -0.1111111 0 -2.59569e-7 -0.1463716 0 0 0 1 1.4063e-5 -8.93344e-5 0.1111111 -1.220686 -3.75189e-7 -0.1111111 -8.93385e-5 0.01718842 0.1111111 -3.6995e-7 -1.40634e-5 -0.003868341 0 0 0 1 1.4063e-5 -8.90748e-5 0.1111111 -1.374213 -3.75124e-7 -0.1111111 -8.90791e-5 0.01731735 0.1111111 -3.69918e-7 -1.40634e-5 -0.00384885 0 0 0 1 1.4063e-5 -8.93344e-5 0.1111111 -1.538864 -3.75189e-7 -0.1111111 -8.93386e-5 0.01747679 0.1111111 -3.6995e-7 -1.40633e-5 -0.003827989 0 0 0 1 1.4063e-5 -8.90748e-5 0.1111111 -1.733087 -3.75156e-7 -0.1111111 -8.90791e-5 0.0388962 0.1111111 -3.6995e-7 -1.40634e-5 -0.003803372 0 0 0 1 0.09731853 0 -0.05361688 0.9105478 7.32019e-7 0.1111111 1.34297e-6 -0.06536734 0.05361688 0 0.09731853 -1.414496 0 0 0 1 0.1044604 0.01107829 -0.03620713 0.7332686 -0.009729444 0.1105349 0.005749285 -0.1685016 0.0365926 -0.002233147 0.1048888 -1.450423 0 0 0 1 0.1048997 0.002519786 -0.03654265 1.035181 -0.001643419 0.11106 0.00293976 -0.1507058 0.03659254 -0.002233386 0.1048888 -1.21877 0 0 0 1 0.1048997 0.002519071 -0.03654271 1.254158 -0.03659385 0.002320945 -0.1048865 1.044659 -0.001613855 0.1110582 0.003022193 -0.159334 0 0 0 1 -0.09731853 0 -0.05361688 0.9175956 7.20378e-7 0.1111111 -1.38581e-6 -0.06532788 0.05361694 0 -0.09731853 1.410613 0 0 0 1 -0.1044604 0.01107883 -0.03620702 0.740831 0.009730875 0.1105347 0.00574845 -0.1691974 0.03659248 0.002234995 -0.1048889 1.447774 0 0 0 1 -0.1048997 0.002519309 -0.03654271 1.042778 0.001644432 0.11106 0.002936899 -0.1507928 0.0365926 0.002233445 -0.1048889 1.216121 0 0 0 1 -0.1048997 0.00251913 -0.03654271 1.261754 0.03659391 0.002323985 -0.1048864 1.042005 -0.001614391 -0.1110582 -0.003022372 0.159458 0 0 0 1 -1.5409e-7 0 0.1111111 -1.888619 -3.75167e-7 -0.1111111 0 0.03738367 0.1111111 -3.81236e-7 1.53988e-7 -0.00402528 0 0 0 1</float_array>
          <technique_common>
            <accessor source="#aang_skeleton_aang-skin-bind_poses-array" count="24" stride="16">
              <param name="TRANSFORM" type="float4x4"/>
            </accessor>
          </technique_common>
        </source>
        <source id="aang_skeleton_aang-skin-weights">
          <float_array id="aang_skeleton_aang-skin-weights-array" count="2599">0.08999997 0.91 0.36 0.64 0.16 0.7800001 0.06 0.36 0.64 1 0.36 0.64 0.16 0.7700001 0.06999999 0.36 0.64 0.1 0.78 0.12 0.86 0.14 0.41 0.04999995 0.54 0.69 0.31 0.4 0.04999995 0.55 1 0.08999997 0.91 0.08999997 0.91 1 0.51 0.49 0.15 0.12 0.73 0.15 0.21 0.64 0.2 0.55 0.25 0.08999997 0.91 0.2 0.8 1 0.08999997 0.91 1 1 1 0.04999995 0.95 1 0.18 0.82 0.04999995 0.95 0.08999997 0.48 0.43 0.43 0.57 0.66 0.34 0.08999997 0.81 0.1 0.88 0.12 0.35 0.55 0.1 1 1 0.04999995 0.95 0.06999999 0.06999999 0.86 0.53 0.47 0.75 0.25 0.08999997 0.91 0.36 0.64 0.36 0.64 1 1 0.06999999 0.93 1 0.12 0.88 1 1 0.06999999 0.93 0.23 0.77 0.51 0.49 0.17 0.22 0.61 0.29 0.71 0.34 0.66 1 1 1 1 1 0.51 0.49 0.08999997 0.63 0.28 0.51 0.49 1 1 1 0.08999997 0.63 0.28 0.71 0.29 0.36 0.64 0.36 0.64 0.18 0.82 0.79 0.21 0.51 0.49 0.08999997 0.54 0.37 0.21 0.79 0.47 0.53 0.12 0.88 0.36 0.64 1 0.2 0.8 1 0.59 0.41 0.44 0.18 0.38 0.53 0.22 0.25 0.38 0.62 0.36 0.64 0.2 0.8 0.08999997 0.91 0.1 0.9 1 1 1 1 0.07999998 0.92 0.18 0.82 0.25 0.75 0.55 0.45 0.08999997 0.81 0.1 1 1 1 0.88 0.12 0.59 0.27 0.14 0.59 0.27 0.14 1 1 0.65 0.2700001 0.07999998 0.06999999 0.65 0.28 0.11 0.48 0.27 0.14 0.25 0.27 0.48 0.39 0.14 0.47 0.27 0.73 0.07999998 0.2 0.72 0.2 0.2700001 0.53 0.31 0.27 0.42 0.62 0.04999995 0.33 0.1299999 0.43 0.14 0.3 0.39 0.08999997 0.27 0.25 0.39 0.27 0.34 0.48 0.27 0.25 0.14 0.18 0.68 0.27 0.73 0.11 0.06999999 0.82 1 1 1 0.06 0.94 0.14 0.86 0.08999997 0.91 0.04999995 0.95 1 0.06999999 0.65 0.28 1 1 1 1 1 1 1 1 1 0.06999999 0.93 0.2 0.8 0.32 0.68 1 1 0.08999997 0.25 0.66 0.46 0.17 0.37 0.55 0.21 0.24 0.51 0.49 0.21 0.32 0.27 0.2 0.12 0.17 0.71 0.91 0.08999997 0.91 0.08999997 0.87 0.1299999 0.87 0.1299999 1 1 0.75 0.25 0.75 0.25 1 1 0.92 0.07999998 0.86 0.14 0.77 0.23 0.8 0.2 0.8 0.2 1 1 0.48 0.52 0.48 0.52 1 1 1 1 1 1 0.1 0.52 0.38 0.27 0.47 0.26 1 0.8 0.2 0.75 0.25 0.87 0.1299999 0.94 0.06 0.9 0.1 0.64 0.36 0.64 0.36 0.85 0.15 1 0.75 0.25 1 1 0.73 0.27 0.63 0.37 0.84 0.16 1 1 0.86 0.14 1 0.89 0.11 1 1 1 1 0.08999997 0.91 1 0.08999997 0.91 0.06999999 0.93 0.64 0.36 0.35 0.65 0.75 0.25 0.68 0.32 0.54 0.46 0.74 0.26 0.62 0.38 0.79 0.21 1 1 1 1 1 1 1 1 1 1 1 1 1 1 1 1 1 1 1 1 1 1 1 1 1 1 1 0.08999997 0.91 1 1 1 1 1 1 1 1 1 1 1 1 1 1 1 1 1 1 1 1 1 1 1 1 1 1 1 1 1 1 1 1 1 1 1 1 1 1 1 1 1 1 1 1 1 1 1 1 1 1 1 1 1 1 1 1 1 1 1 1 1 1 1 1 1 1 1 1 1 1 1 1 1 1 1 1 1 1 1 1 1 1 1 1 1 1 1 1 1 1 1 1 1 1 1 1 1 1 1 1 1 1 1 1 1 1 1 1 1 1 1 1 1 1 1 1 1 1 1 1 1 1 1 1 1 1 1 1 1 1 1 1 1 1 1 1 1 1 1 0.24 0.76 0.7 0.3 0.24 0.76 0.66 0.34 0.55 0.45 0.51 0.49 0.65 0.35 0.61 0.39 1 0.91 0.08999997 0.71 0.29 0.62 0.38 0.93 0.06999999 1 1 0.36 0.64 0.36 0.64 0.36 0.64 0.36 0.64 0.12 0.88 0.06999999 0.93 0.36 0.64 0.1299999 0.22 0.65 0.36 0.64 0.36 0.64 0.36 0.64 0.36 0.64 0.23 0.77 0.23 0.77 0.23 0.77 0.55 0.45 0.55 0.45 0.57 0.43 0.59 0.41 0.59 0.41 0.55 0.45 0.55 0.45 0.55 0.45 0.55 0.45 0.29 0.57 0.14 0.29 0.57 0.14 0.29 0.57 0.14 0.29 0.57 0.14 0.29 0.57 0.14 0.29 0.57 0.14 0.54 0.4 0.06 0.38 0.27 0.18 0.17 0.84 0.16 1 1 1 1 1 1 1 1 1 1 1 1 1 0.11 0.24 0.65 0.16 0.34 0.5 0.75 0.25 0.36 0.1299999 0.4 0.11 1 1 1 0.86 0.14 0.86 0.14 1 0.47 0.18 0.15 0.2 0.36 0.64 0.08999997 0.8400001 0.06999999 0.07999998 0.92 0.93 0.06999999 1 1 1 1 1 1 1 0.32 0.68 0.18 0.38 0.44 0.21 0.15 0.51 0.1299999 1 0.42 0.16 0.36 0.06 0.86 0.14 0.47 0.18 0.27 0.07999998 0.53 0.47 0.84 0.16 0.14 0.37 0.49 0.08999997 0.75 0.16 0.91 0.08999997 0.36 0.64 0.36 0.64 0.08999997 0.91 0.36 0.64 0.06999999 0.4 0.24 0.29 0.22 0.26 0.4 0.12 1 0.91 0.08999997 1 1 0.91 0.08999997 0.07999998 0.32 0.25 0.35 0.14 0.86 0.2 0.42 0.3800001 0.79 0.21 1 1 0.48 0.52 0.79 0.21 1 1 1 1 1 0.86 0.14 0.88 0.12 1 0.27 0.73 1 1 0.79 0.21 0.91 0.08999997 1 1 0.57 0.43 1 1 0.79 0.21 1 1 1 1 1 1 1 1 0.79 0.21 0.79 0.21 1 1 1 1 1 1 1 1 0.23 0.77 1 0.51 0.49 0.89 0.11 0.51 0.49 0.51 0.49 0.51 0.49 0.7 0.3 0.95 0.04999995 1 1 1 1 1 1 1 1 1 1 1 1 1 0.08999997 0.91 1 1 1 0.08999997 0.91 1 0.08999997 0.91 1 0.62 0.15 0.23 0.68 0.32 0.82 0.18 0.82 0.18 0.6 0.4 0.45 0.55 0.2099999 0.3 0.27 0.2199999 0.4 0.6 0.48 0.18 0.34 0.59 0.11 0.3 0.1 0.7 0.2 0.82 0.18 1 0.29 0.71 0.62 0.38 0.43 0.57 0.53 0.47 0.68 0.32 0.41 0.59 0.8 0.07999998 0.12 0.66 0.34 0.59 0.41 0.55 0.45 1 1 1 1 1 1 1 1 1 1 1 1 1 1 1 1 1 1 0.2 0.8 0.18 0.82 0.04999995 0.95 1 0.06999999 0.93 0.06999999 0.93 0.18 0.82 0.25 0.75 0.82 0.18 0.59 0.41 1 0.82 0.18 0.59 0.41 1 1 0.2 0.8 1 0.59 0.41 0.64 0.36 0.34 0.66 0.2 0.8 0.68 0.32 1 1 0.2 0.8 0.14 0.86 1 0.73 0.27 0.57 0.43 0.57 0.43 0.73 0.27 0.41 0.59 0.4 0.6 0.86 0.14 0.86 0.14 1 1 0.2 0.8 0.2 0.8 0.2 0.8 0.57 0.43 0.73 0.27 0.68 0.32 0.68 0.32 0.57 0.43 0.73 0.27 0.68 0.32 0.68 0.32 0.64 0.36 0.41 0.59 0.86 0.14 0.68 0.32 0.41 0.59 0.4 0.6 0.86 0.14 1 1 1 1 1 0.14 0.86 0.2 0.8 0.2 0.8 0.14 0.86 0.14 0.86 0.14 0.86 0.27 0.73 0.66 0.34 0.66 0.34 0.82 0.18 0.8 0.2 0.34 0.66 0.2 0.8 1 1 0.2 0.8 0.2 0.8 1 1 1 1 1 0.39 0.27 0.34 0.41 0.1 0.49 0.77 0.23 0.34 0.66 1 0.2 0.8 0.41 0.46 0.1299999 0.51 0.49 0.77 0.23 0.34 0.66 1 0.2 0.8 0.57 0.43 0.34 0.66 0.77 0.23 1 0.34 0.66 0.72 0.28 0.86 0.14 0.51 0.49 0.51 0.49 0.39 0.61 0.36 0.64 0.1 0.9 0.88 0.12 1 0.25 0.75 0.43 0.57 0.55 0.45 0.51 0.49 0.87 0.1299999 0.84 0.16 1 1 1 1 1 1 1 1 1 1 1 1 1 1 1 1 1 1 1 1 1 1 1 1 1 1 0.08999997 0.91 0.08999997 0.91 1 1 1 1 0.1 0.9 1 0.34 0.66 0.51 0.49 1 1 1 1 1 1 1 1 1 1 1 1 1 1 1 1 1 1 1 1 0.2 0.8 1 0.06999999 0.93 0.23 0.77 0.25 0.75 0.16 0.84 0.25 0.75 0.12 0.88 0.68 0.32 1 0.77 0.23 0.23 0.77 0.68 0.32 0.93 0.06999999 1 1 0.14 0.86 1 0.59 0.41 0.29 0.71 0.41 0.59 0.8 0.2 0.8 0.2 1 1 0.14 0.86 0.12 0.88 1 0.57 0.43 0.57 0.43 0.8 0.2 0.8 0.2 0.47 0.53 0.47 0.53 1 1 1 1 0.3 0.7 0.29 0.71 0.14 0.86 0.57 0.43 0.62 0.38 0.68 0.32 0.8 0.2 0.8 0.2 0.57 0.43 0.8 0.2 0.8 0.2 0.79 0.21 0.47 0.53 0.8 0.2 0.59 0.41 0.47 0.53 0.47 0.53 1 1 1 1 1 1 0.14 0.86 0.14 0.86 0.14 0.86 0.23 0.77 0.23 0.77 0.23 0.77 0.41 0.59 0.89 0.11 1 0.85 0.15 0.64 0.36 0.75 0.25 0.12 0.88 0.29 0.71 1 1 0.29 0.71 0.29 0.71 1 1 1 1 1 0.75 0.2 0.04999995 0.64 0.2 0.16 0.41 0.59 0.79 0.21 1 0.2 0.8 0.75 0.25 0.65 0.2700001 0.07999998 0.41 0.59 0.79 0.21 1 0.2 0.8 0.75 0.25 0.41 0.59 0.79 0.21 1 0.23 0.77 0.84 0.16 0.8 0.2 0.77 0.23 0.77 0.23 0.29 0.57 0.14 0.29 0.57 0.14 0.29 0.57 0.14 0.29 0.57 0.14 0.29 0.57 0.14 0.29 0.57 0.14 0.29 0.57 0.14 0.29 0.57 0.14 0.6 0.4 0.88 0.12 0.88 0.12 0.6 0.4 1 1 1 1 0.57 0.43 1 1 0.51 0.49 1 0.51 0.49 1 1 1 1 1 1 1 1 1 1 1 0.16 0.84 0.06999999 0.28 0.65 1 0.71 0.29 0.8 0.2 0.8 0.2 0.95 0.04999995 0.64 0.36 0.91 0.08999997 0.64 0.36 1 1 0.7 0.3 0.51 0.49 1 1 0.51 0.49 1 0.55 0.45 1 0.51 0.49 1 1 1 1 1 1 1 1 1 0.51 0.49 1 1 1 0.51 0.49 1 1 1 1 1 1 1 1 1 1 1 1 1 1 1 1 1 1 1 1 1 1 1 1 1 1 1 1 1 1 1 1 1 1 1 1 1 1 1 1 1 1 1 1 1 1 1 1 1 1 1 1 1 1 1 1 1 1 1 1 1 1 1 1 1 1 1 1 1 1 1 1 1 1 1 1 1 1 1 1 1 1 1 1 1 1 1 1 1 1 1 1 1 1 1 1 1 1 1 1 1 1 1 1 1 1 1 1 1 1 1 1 1 1 1 1 1 1 1 1 1 1 1 1 1 1 1 1 1 1 1 1 1 1 1 1 1 1 1 1 1 1 1 1 1 1 1 1 1 1 1 1 1 1 1 1 1 1 1 1 1 1 1 1 1 1 1 1 1 1 1 1 1 1 1 1 0.61 0.39 0.65 0.35 0.92 0.07999998 1 0.71 0.29 0.62 0.38 0.93 0.06999999 1 1 0.36 0.64 0.36 0.64 0.36 0.64 0.36 0.64 0.36 0.64 0.36 0.64 0.06999999 0.93 0.12 0.88 0.1299999 0.22 0.65 0.36 0.64 0.36 0.64 0.36 0.64 0.36 0.64 0.36 0.64 0.36 0.64 0.36 0.64 0.23 0.77 0.23 0.77 0.23 0.77 0.23 0.77 0.55 0.45 0.55 0.45 0.57 0.43 0.57 0.43 0.59 0.41 0.59 0.41 0.59 0.41 0.55 0.45 0.55 0.45 0.55 0.45 0.55 0.45 0.57 0.43 0.4 0.45 0.15 0.74 0.11 0.15 0.4 0.46 0.14 0.77 0.23 1 1 1 1 1 1 1 1 1 1 0.21 0.79 0.08999997 0.49 0.42 0.32 0.55 0.1299999 0.59 0.41 1 1 1 1 1 0.95 0.04999995 0.57 0.29 0.14 0.36 0.64 0.36 0.64 0.07999998 0.92 0.1 0.9 1 1 1 1 1 1 1 0.12 0.29 0.59 0.17 0.38 0.45 0.23 0.52 0.25 0.47 0.27 0.26 0.4500001 0.48 0.06999999 1 0.86 0.14 0.4500001 0.47 0.07999998 0.95 0.04999995 0.4 0.47 0.1299999 0.62 0.1 0.28 0.72 0.28 0.36 0.64 0.36 0.64 0.38 0.49 0.1299999 0.27 0.54 0.1899999 0.36 0.64 1 1 1 1 1 0.9 0.1 1 1 1 0.91 0.08999997 0.91 0.08999997 1 1 1 0.91 0.08999997 0.91 0.08999997 0.84 0.16 0.84 0.16 0.84 0.16 0.84 0.16 0.84 0.16 0.84 0.16 0.77 0.23 0.77 0.23 0.77 0.23 0.77 0.23 0.77 0.23 0.77 0.23 0.77 0.23 0.77 0.23 0.77 0.23 0.91 0.08999997 0.91 0.08999997 0.8 0.2 0.8 0.2 0.8 0.2 0.8 0.2 0.8 0.2 0.8 0.2 0.07999998 0.92 0.43 0.57 0.36 0.64 1 1 1 1 1 0.84 0.16 0.84 0.16 0.84 0.16 0.84 0.16 0.84 0.16 0.77 0.23 0.77 0.23 0.77 0.23 0.77 0.23 0.77 0.23 0.77 0.23 0.77 0.23 0.91 0.08999997 0.8 0.2 0.8 0.2 0.8 0.2 0.8 0.2 0.8 0.2 0.07999998 0.92 0.42 0.58 1 1 1 0.16 0.84 1 1 0.16 0.84 0.34 0.66 0.91 0.08999997 0.16 0.84 0.25 0.75 0.38 0.62 1 0.16 0.84 1 1 0.16 0.84 1 1 1 1 1 1 1 1 1 1 1 1 1 1 1 1 1 1 1 1 1 1 1 1 1 1 1 1 1 1 1 1 1 1 1 1 1 1 1 1 1 1 1 1 1 1 1 1 1 1 1 0.16 0.84 1 1 1 1 1 1 1 0.16 0.84 0.16 0.84 0.95 0.04999995 1 1 1 1 1 1 0.16 0.84 0.16 0.84 1 0.16 0.84 0.93 0.06999999 0.16 0.84 1 1 1 1 1 1 1 1 1 1 1 1 1 1 1 1 1 1 1 1 1 1 1 1 1 1 1 1 1 1 1 1 1 1 1 1 1 1 1 1 1 1 1 1 1 1 1 1 1 1 1 1 1 1 1 1 1 1 1 1 1 1 1 1 1 1 1 1 1 1 1 1 1 1 1 1 1 1 1 1 1 1 1 1 1 1 1 1 1 1 1 1 1 1 1 1 1 1 1 1 1 1 1 1 1 1 1 1 1 1 1 1 1 1 1 1 1 1 1 1 1 1 1 1 1 1 1 1 1 1 1 1 1 1 1 1 1 1 1 1 1 1 1 1 1 1 1 1 1 1 1 1 1 1 1 1 1 1 1 1 1 1 1 1 1 1 1 1 1 1 1 1 1 1 1 1 1 1 1 1 1 1 1 1 1 1 1 1 1 1 1 1 1 1 1 1 1 1 1 1 1 1 1 1 1 1 1 1 1 1 1 1 1 1 1 1 1 1 1 1 1 1 1 1 1 1 1 1 1 1 1 1 1 1 1 1 1 1 1 1 1 1 1 1 1 1 1 1 1 1 1 1 0.16 0.84 0.36 0.64 0.25 0.75 0.16 0.84 1 0.32 0.68 1 1 1 1 1 1 1 1 1 1 1 1 1 1 1 1 1 0.16 0.84 1 0.16 0.84 1 1 1 1 1 1 1 1 1 1 1 1 1 1 1 1 1 1 1 1 1 1 1 1 1 1 1 1 1 1 1 1 1 1 1 1 1 1 1 1 1 1 1 1 1 1 1 1 1 1 1 1 1 1 1 1 1 1 1 1 1 1 1 1 1 1 1 1 1 1 1 1 1 1 1 1 1 1 1 1 1 1 1 1 1 1 1 1 1 1 1 1 1 1 1 1 1 1 1 1 1 1 1 0.16 0.84 1 1 1 1 1 1 1 1 1 1 1 1 1 1 1 1 1 1 1 1 1 1 1 1 1 1 1 1 1 1 1 1 1 1 1 1 1 1 1 1 1 1 1 1 1 1 1 1 1 1 1 1 1 1 1 1 1 1 1 0.16 0.84 0.95 0.04999995 1 1 1 1 1 1 1 1 1 1 1 1 1 1 1 1 1 1 1 1 1 1 1 1 1 1 1 0.16 0.84 1 1 1 1 1 1 1</float_array>
          <technique_common>
            <accessor source="#aang_skeleton_aang-skin-weights-array" count="2599" stride="1">
              <param name="WEIGHT" type="float"/>
            </accessor>
          </technique_common>
        </source>
        <joints>
          <input semantic="JOINT" source="#aang_skeleton_aang-skin-joints"/>
          <input semantic="INV_BIND_MATRIX" source="#aang_skeleton_aang-skin-bind_poses"/>
        </joints>
        <vertex_weights count="1859">
          <input semantic="JOINT" source="#aang_skeleton_aang-skin-joints" offset="0"/>
          <input semantic="WEIGHT" source="#aang_skeleton_aang-skin-weights" offset="1"/>
          <vcount>2 2 3 2 1 2 3 2 3 2 3 2 3 1 2 2 1 2 3 3 3 2 2 1 2 1 1 1 2 1 2 2 3 2 2 3 2 3 1 1 2 3 2 2 2 2 2 1 1 2 1 2 1 1 2 2 2 3 2 2 1 1 1 1 1 2 3 2 1 1 1 3 2 2 2 2 2 2 3 2 2 2 2 1 2 1 2 3 3 2 2 2 2 2 1 1 1 1 2 2 2 2 3 1 1 1 2 3 3 1 1 3 3 4 3 3 2 3 3 3 3 4 4 3 3 3 2 3 1 1 1 2 2 2 2 1 3 1 1 1 1 1 1 1 1 1 2 2 2 1 1 3 3 3 2 4 3 2 2 2 2 1 1 2 2 1 1 2 2 2 2 2 1 1 2 2 1 1 1 1 1 1 3 3 1 2 2 2 2 2 2 2 2 1 2 1 1 2 2 2 1 1 2 1 2 1 1 1 1 2 1 2 2 2 2 2 2 2 2 2 2 1 1 1 1 1 1 1 1 1 1 1 1 1 1 1 1 1 1 1 1 1 1 1 1 1 1 1 2 1 1 1 1 1 1 1 1 1 1 1 1 1 1 1 1 1 1 1 1 1 1 1 1 1 1 1 1 1 1 1 1 1 1 1 1 1 1 1 1 1 1 1 1 1 1 1 1 1 1 1 1 1 1 1 1 1 1 1 1 1 1 1 1 1 1 1 1 1 1 1 1 1 1 1 1 1 1 1 1 1 1 1 1 1 1 1 1 1 1 1 1 1 1 1 1 1 1 1 1 1 1 1 1 1 1 1 1 1 1 1 1 1 1 1 1 1 1 1 1 1 1 1 1 1 1 1 1 1 1 1 1 1 1 1 1 1 1 1 2 2 2 2 2 2 2 2 1 2 2 2 2 1 1 2 2 2 2 2 2 2 3 2 2 2 2 2 2 2 2 2 2 2 2 2 2 2 2 3 3 3 3 3 3 3 4 2 1 1 1 1 1 1 1 1 1 1 1 1 1 3 3 2 4 1 1 1 2 2 1 4 2 3 2 2 1 1 1 1 1 1 1 2 3 4 1 4 2 4 2 2 3 3 2 2 2 2 2 4 4 1 2 1 1 2 4 2 3 2 1 1 2 2 1 1 1 1 1 2 2 1 2 1 1 2 2 1 1 2 1 1 2 1 1 1 1 1 1 1 1 2 2 1 1 1 1 1 1 1 1 2 1 2 2 2 2 2 2 2 1 1 1 1 1 1 1 1 1 1 1 1 1 2 1 1 1 2 1 2 1 3 2 2 2 2 2 4 2 3 3 3 2 1 2 2 2 2 2 2 3 2 2 2 1 1 1 1 1 1 1 1 1 1 1 1 1 1 1 1 1 1 2 2 2 1 2 2 2 2 2 2 1 2 2 1 1 2 1 2 2 2 2 2 1 1 2 2 1 2 2 2 2 2 2 2 2 1 1 2 2 2 2 2 2 2 2 2 2 2 2 2 2 2 2 2 2 1 1 1 1 1 2 2 2 2 2 2 2 2 2 2 2 2 2 1 1 2 2 1 1 1 1 1 3 3 2 2 1 2 3 2 2 2 1 2 2 2 2 1 2 2 2 2 2 2 2 2 2 1 2 2 2 2 2 2 1 1 1 1 1 1 1 1 1 1 1 1 1 1 1 1 1 1 1 1 1 1 1 1 1 1 2 2 1 1 1 1 2 1 2 2 1 1 1 1 1 1 1 1 1 1 1 1 1 1 1 1 1 1 1 1 2 1 2 2 2 2 2 2 2 1 2 2 2 2 1 1 2 1 2 2 2 2 2 1 1 2 2 1 2 2 2 2 2 2 1 1 1 1 2 2 2 2 2 2 2 2 2 2 2 2 2 2 2 2 2 1 1 1 1 1 1 2 2 2 2 2 2 2 2 1 2 2 2 2 2 1 1 2 2 1 1 1 1 1 3 3 2 2 1 2 2 3 2 2 1 2 2 2 2 1 2 2 2 2 2 3 3 3 3 3 3 3 3 2 2 2 2 1 1 1 1 2 1 1 2 1 2 1 1 1 1 1 1 1 1 1 1 1 2 3 1 2 2 2 2 2 2 2 1 1 2 2 1 1 2 1 2 1 2 1 1 1 1 1 1 1 1 1 2 1 1 1 2 1 1 1 1 1 1 1 1 1 1 1 1 1 1 1 1 1 1 1 1 1 1 1 1 1 1 1 1 1 1 1 1 1 1 1 1 1 1 1 1 1 1 1 1 1 1 1 1 1 1 1 1 1 1 1 1 1 1 1 1 1 1 1 1 1 1 1 1 1 1 1 1 1 1 1 1 1 1 1 1 1 1 1 1 1 1 1 1 1 1 1 1 1 1 1 1 1 1 1 1 1 1 1 1 1 1 1 1 1 1 1 1 1 1 1 1 1 1 1 1 1 1 1 1 1 1 1 1 1 1 1 1 1 1 1 1 1 1 1 1 1 1 1 1 1 1 1 1 1 1 1 1 1 1 1 1 1 1 1 1 1 1 1 1 1 1 1 1 1 1 1 1 1 1 1 1 2 2 2 1 2 2 2 1 1 2 2 2 2 2 2 2 2 3 2 2 2 2 2 2 2 2 2 2 2 2 2 2 2 2 2 2 2 2 2 2 2 3 3 3 2 1 1 1 1 1 1 1 1 1 1 2 3 3 2 1 1 1 1 1 2 3 2 2 2 2 1 1 1 1 1 1 1 3 3 3 3 3 1 2 3 2 3 3 2 2 2 3 3 2 1 1 1 1 1 2 1 1 1 2 2 1 1 1 2 2 2 2 2 2 2 2 2 2 2 2 2 2 2 2 2 2 2 2 2 2 2 2 2 2 2 2 1 1 1 1 1 2 2 2 2 2 2 2 2 2 2 2 2 2 2 2 2 2 2 2 2 1 1 1 2 1 1 2 2 2 2 2 2 1 2 1 1 2 1 1 1 1 1 1 1 1 1 1 1 1 1 1 1 1 1 1 1 1 1 1 1 1 1 1 1 1 1 1 1 1 1 1 1 1 1 1 1 1 1 1 1 1 1 1 1 1 1 1 1 2 1 1 1 1 1 1 1 2 2 2 1 1 1 1 1 1 2 2 1 2 2 2 1 1 1 1 1 1 1 1 1 1 1 1 1 1 1 1 1 1 1 1 1 1 1 1 1 1 1 1 1 1 1 1 1 1 1 1 1 1 1 1 1 1 1 1 1 1 1 1 1 1 1 1 1 1 1 1 1 1 1 1 1 1 1 1 1 1 1 1 1 1 1 1 1 1 1 1 1 1 1 1 1 1 1 1 1 1 1 1 1 1 1 1 1 1 1 1 1 1 1 1 1 1 1 1 1 1 1 1 1 1 1 1 1 1 1 1 1 1 1 1 1 1 1 1 1 1 1 1 1 1 1 1 1 1 1 1 1 1 1 1 1 1 1 1 1 1 1 1 1 1 1 1 1 1 1 1 1 1 1 1 1 1 1 1 1 1 1 1 1 1 1 1 1 1 1 1 1 1 1 1 1 1 1 1 1 1 1 1 1 1 1 1 1 1 1 1 1 1 1 1 1 1 1 1 1 1 1 1 1 1 1 1 1 1 1 1 1 1 1 1 1 1 1 1 1 1 1 1 1 1 1 1 1 1 1 1 1 1 1 1 1 1 1 1 1 1 1 1 1 1 1 1 2 2 2 2 1 2 1 1 1 1 1 1 1 1 1 1 1 1 1 1 1 1 1 2 1 2 1 1 1 1 1 1 1 1 1 1 1 1 1 1 1 1 1 1 1 1 1 1 1 1 1 1 1 1 1 1 1 1 1 1 1 1 1 1 1 1 1 1 1 1 1 1 1 1 1 1 1 1 1 1 1 1 1 1 1 1 1 1 1 1 1 1 1 1 1 1 1 1 1 1 1 1 1 1 1 1 1 1 1 1 1 1 1 1 1 1 1 1 1 1 1 1 1 1 1 1 1 1 1 2 1 1 1 1 1 1 1 1 1 1 1 1 1 1 1 1 1 1 1 1 1 1 1 1 1 1 1 1 1 1 1 1 1 1 1 1 1 1 1 1 1 1 1 1 1 1 1 1 1 1 1 1 1 1 1 1 1 1 1 2 2 1 1 1 1 1 1 1 1 1 1 1 1 1 1 1 1 1 1 1 1 1 1 1 1 1 1 1 2 1 1 1 1 1 1 1 </vcount>
          <v>11 0 12 1 11 2 12 3 11 4 12 5 20 6 11 7 12 8 12 9 11 10 12 11 11 12 12 13 16 14 11 15 12 16 11 17 12 18 16 19 12 20 16 21 13 22 19 23 20 24 13 25 20 26 13 27 19 28 20 29 12 30 11 31 12 32 11 33 12 34 12 35 12 36 20 37 12 38 13 39 20 40 12 41 13 42 20 43 12 44 13 45 20 46 13 47 20 48 13 49 20 50 20 51 13 52 20 53 20 54 20 55 20 56 13 57 20 58 20 59 12 60 20 61 12 62 20 63 11 64 12 65 20 66 12 67 20 68 12 69 20 70 11 71 12 72 20 73 12 74 20 75 12 76 13 77 20 78 20 79 20 80 12 81 20 82 12 83 13 84 20 85 12 86 20 87 12 88 20 89 11 90 12 91 11 92 12 93 11 94 12 95 16 96 16 97 12 98 16 99 16 100 12 101 16 102 16 103 16 104 12 105 16 106 12 107 16 108 12 109 16 110 11 111 12 112 16 113 12 114 16 115 12 116 16 117 16 118 16 119 16 120 16 121 16 122 12 123 16 124 11 125 12 126 16 127 12 128 16 129 16 130 16 131 16 132 11 133 12 134 16 135 12 136 16 137 11 138 12 139 11 140 12 141 11 142 12 143 12 144 16 145 12 146 16 147 11 148 12 149 16 150 12 151 16 152 12 153 16 154 12 155 16 156 12 157 16 158 16 159 12 160 16 161 16 162 12 163 16 164 12 165 13 166 16 167 12 168 13 169 16 170 12 171 16 172 12 173 16 174 12 175 16 176 12 177 16 178 12 179 16 180 16 181 16 182 16 183 16 184 12 185 16 186 12 187 16 188 12 189 16 190 12 191 16 192 11 193 12 194 16 195 20 196 20 197 20 198 12 199 20 200 12 201 19 202 20 203 12 204 19 205 20 206 20 207 20 208 12 209 19 210 20 211 11 212 12 213 19 214 11 215 12 216 19 217 20 218 12 219 19 220 20 221 12 222 19 223 20 224 12 225 20 226 12 227 19 228 20 229 12 230 19 231 20 232 12 233 19 234 20 235 12 236 19 237 20 238 11 239 12 240 19 241 20 242 12 243 13 244 19 245 20 246 12 247 19 248 20 249 12 250 19 251 20 252 12 253 19 254 20 255 19 256 20 257 12 258 19 259 20 260 20 261 20 262 20 263 12 264 20 265 2 266 20 267 13 268 20 269 12 270 20 271 20 272 11 273 12 274 19 275 23 276 23 277 23 278 23 279 23 280 23 281 23 282 23 283 23 284 12 285 16 286 12 287 16 288 12 289 16 290 16 291 16 292 13 293 15 294 16 295 12 296 13 297 16 298 12 299 13 300 16 301 12 302 16 303 12 304 13 305 15 306 16 307 12 308 13 309 16 310 16 311 17 312 16 313 17 314 16 315 17 316 16 317 17 318 16 319 16 320 16 321 17 322 16 323 17 324 17 325 17 326 17 327 18 328 17 329 18 330 17 331 18 332 17 333 18 334 17 335 18 336 18 337 18 338 16 339 17 340 16 341 17 342 16 343 16 344 16 345 16 346 16 347 16 348 13 349 15 350 16 351 13 352 15 353 16 354 16 355 16 356 17 357 16 358 17 359 16 360 17 361 16 362 17 363 16 364 17 365 16 366 17 367 16 368 17 369 16 370 17 371 16 372 16 373 17 374 17 375 17 376 17 377 18 378 17 379 18 380 17 381 18 382 17 383 17 384 17 385 18 386 17 387 17 388 18 389 17 390 18 391 18 392 18 393 17 394 18 395 18 396 17 397 18 398 17 399 18 400 17 401 18 402 17 403 18 404 17 405 18 406 17 407 18 408 17 409 18 410 17 411 18 412 17 413 18 414 17 415 18 416 18 417 18 418 18 419 18 420 18 421 18 422 18 423 18 424 18 425 18 426 18 427 18 428 18 429 18 430 18 431 18 432 18 433 18 434 18 435 18 436 18 437 18 438 18 439 18 440 18 441 18 442 18 443 17 444 18 445 18 446 18 447 18 448 18 449 18 450 18 451 18 452 18 453 18 454 18 455 18 456 18 457 18 458 18 459 18 460 18 461 18 462 18 463 18 464 18 465 18 466 18 467 18 468 18 469 18 470 18 471 18 472 18 473 18 474 18 475 18 476 18 477 18 478 18 479 18 480 18 481 18 482 18 483 18 484 18 485 18 486 18 487 18 488 18 489 18 490 18 491 18 492 18 493 18 494 18 495 18 496 18 497 18 498 18 499 18 500 18 501 18 502 18 503 18 504 18 505 18 506 18 507 18 508 18 509 18 510 18 511 18 512 18 513 18 514 18 515 18 516 18 517 18 518 18 519 18 520 18 521 18 522 18 523 18 524 18 525 18 526 18 527 18 528 18 529 18 530 18 531 18 532 18 533 18 534 18 535 18 536 18 537 18 538 18 539 18 540 18 541 18 542 18 543 18 544 18 545 18 546 18 547 18 548 18 549 18 550 18 551 18 552 18 553 18 554 18 555 18 556 18 557 18 558 18 559 18 560 18 561 18 562 18 563 18 564 18 565 18 566 18 567 18 568 18 569 18 570 18 571 18 572 18 573 18 574 18 575 18 576 18 577 18 578 18 579 18 580 18 581 18 582 18 583 18 584 16 585 17 586 16 587 17 588 16 589 17 590 16 591 17 592 16 593 17 594 16 595 17 596 16 597 17 598 16 599 17 600 16 601 16 602 17 603 16 604 17 605 16 606 17 607 16 608 17 609 16 610 16 611 11 612 12 613 11 614 12 615 11 616 12 617 11 618 12 619 11 620 12 621 11 622 12 623 11 624 12 625 2 626 11 627 12 628 11 629 12 630 11 631 12 632 11 633 12 634 11 635 12 636 2 637 11 638 2 639 11 640 2 641 11 642 2 643 11 644 2 645 11 646 2 647 11 648 2 649 11 650 2 651 11 652 2 653 11 654 2 655 11 656 2 657 11 658 2 659 11 660 1 661 2 662 11 663 1 664 2 665 11 666 1 667 2 668 11 669 1 670 2 671 11 672 1 673 2 674 11 675 1 676 2 677 11 678 13 679 15 680 16 681 12 682 13 683 15 684 16 685 12 686 15 687 13 688 16 689 16 690 16 691 16 692 16 693 16 694 16 695 16 696 16 697 16 698 16 699 16 700 13 701 15 702 16 703 13 704 15 705 16 706 13 707 15 708 12 709 13 710 15 711 16 712 13 713 13 714 13 715 13 716 15 717 13 718 15 719 13 720 12 721 13 722 15 723 16 724 11 725 12 726 12 727 13 728 16 729 12 730 13 731 13 732 16 733 13 734 13 735 13 736 16 737 16 738 16 739 16 740 15 741 16 742 13 743 15 744 16 745 12 746 13 747 15 748 16 749 13 750 12 751 13 752 15 753 16 754 13 755 15 756 12 757 13 758 15 759 16 760 12 761 16 762 12 763 15 764 12 765 13 766 16 767 11 768 12 769 16 770 12 771 16 772 11 773 12 774 11 775 12 776 11 777 12 778 11 779 12 780 12 781 13 782 15 783 16 784 12 785 13 786 15 787 16 788 13 789 13 790 14 791 13 792 13 793 13 794 14 795 12 796 13 797 19 798 20 799 12 800 13 801 13 802 19 803 20 804 5 805 6 806 6 807 6 808 5 809 6 810 5 811 6 812 6 813 6 814 6 815 6 816 4 817 4 818 5 819 4 820 5 821 5 822 4 823 5 824 5 825 5 826 5 827 6 828 4 829 5 830 5 831 5 832 4 833 5 834 4 835 5 836 5 837 6 838 6 839 6 840 6 841 6 842 6 843 6 844 6 845 5 846 5 847 6 848 5 849 6 850 5 851 6 852 6 853 6 854 6 855 5 856 6 857 5 858 4 859 5 860 5 861 4 862 5 863 4 864 5 865 4 866 5 867 4 868 5 869 4 870 5 871 4 872 5 873 4 874 5 875 4 876 4 877 4 878 4 879 4 880 4 881 4 882 4 883 4 884 4 885 4 886 4 887 9 888 9 889 10 890 10 891 10 892 9 893 9 894 10 895 10 896 9 897 10 898 10 899 0 900 1 901 7 902 1 903 3 904 1 905 2 906 1 907 2 908 1 909 7 910 1 911 7 912 0 913 1 914 3 915 7 916 1 917 7 918 1 919 3 920 7 921 1 922 3 923 7 924 0 925 1 926 2 927 1 928 2 929 3 930 1 931 3 932 1 933 3 934 1 935 3 936 1 937 3 938 1 939 3 940 1 941 3 942 1 943 3 944 7 945 1 946 7 947 1 948 7 949 1 950 7 951 4 952 4 953 4 954 4 955 4 956 4 957 4 958 4 959 4 960 4 961 4 962 4 963 4 964 4 965 4 966 4 967 4 968 3 969 1 970 3 971 1 972 3 973 1 974 3 975 3 976 1 977 3 978 1 979 3 980 1 981 3 982 1 983 3 984 1 985 2 986 1 987 3 988 3 989 1 990 2 991 1 992 3 993 3 994 3 995 1 996 3 997 3 998 1 999 3 1000 3 1001 4 1002 3 1003 4 1004 3 1005 4 1006 3 1007 4 1008 3 1009 3 1010 3 1011 4 1012 3 1013 4 1014 3 1015 3 1016 4 1017 3 1018 4 1019 3 1020 4 1021 3 1022 4 1023 3 1024 4 1025 3 1026 4 1027 3 1028 4 1029 3 1030 4 1031 3 1032 3 1033 3 1034 4 1035 3 1036 4 1037 3 1038 4 1039 3 1040 4 1041 3 1042 4 1043 3 1044 4 1045 3 1046 4 1047 3 1048 4 1049 3 1050 4 1051 3 1052 4 1053 3 1054 4 1055 3 1056 4 1057 3 1058 4 1059 3 1060 4 1061 3 1062 4 1063 3 1064 4 1065 3 1066 4 1067 3 1068 4 1069 4 1070 4 1071 4 1072 4 1073 4 1074 3 1075 4 1076 3 1077 4 1078 3 1079 4 1080 3 1081 4 1082 3 1083 4 1084 3 1085 4 1086 1 1087 3 1088 1 1089 2 1090 1 1091 2 1092 1 1093 2 1094 1 1095 2 1096 3 1097 4 1098 3 1099 4 1100 3 1101 3 1102 3 1103 4 1104 3 1105 4 1106 3 1107 3 1108 3 1109 3 1110 3 1111 1 1112 2 1113 3 1114 1 1115 2 1116 3 1117 3 1118 4 1119 3 1120 4 1121 3 1122 1 1123 3 1124 1 1125 2 1126 3 1127 1 1128 2 1129 3 1130 4 1131 3 1132 4 1133 3 1134 1 1135 3 1136 1 1137 2 1138 3 1139 4 1140 3 1141 4 1142 3 1143 1 1144 3 1145 1 1146 2 1147 8 1148 9 1149 8 1150 9 1151 8 1152 9 1153 8 1154 9 1155 8 1156 9 1157 8 1158 9 1159 8 1160 9 1161 9 1162 8 1163 9 1164 8 1165 9 1166 8 1167 9 1168 8 1169 9 1170 8 1171 9 1172 8 1173 9 1174 9 1175 8 1176 8 1177 8 1178 8 1179 8 1180 8 1181 8 1182 8 1183 8 1184 8 1185 8 1186 8 1187 8 1188 8 1189 10 1190 10 1191 10 1192 10 1193 10 1194 10 1195 10 1196 9 1197 9 1198 9 1199 9 1200 9 1201 10 1202 9 1203 10 1204 10 1205 10 1206 9 1207 10 1208 8 1209 9 1210 9 1211 8 1212 9 1213 8 1214 9 1215 8 1216 8 1217 8 1218 8 1219 8 1220 8 1221 8 1222 8 1223 8 1224 8 1225 8 1226 8 1227 8 1228 8 1229 8 1230 8 1231 8 1232 8 1233 8 1234 8 1235 1 1236 7 1237 7 1238 1 1239 7 1240 1 1241 7 1242 1 1243 7 1244 1 1245 7 1246 1 1247 7 1248 1 1249 7 1250 1 1251 7 1252 1 1253 1 1254 7 1255 1 1256 7 1257 1 1258 7 1259 1 1260 2 1261 7 1262 7 1263 0 1264 7 1265 7 1266 1 1267 7 1268 7 1269 8 1270 7 1271 8 1272 7 1273 8 1274 7 1275 8 1276 7 1277 7 1278 7 1279 8 1280 7 1281 8 1282 7 1283 7 1284 8 1285 7 1286 8 1287 7 1288 8 1289 7 1290 8 1291 7 1292 8 1293 7 1294 8 1295 7 1296 7 1297 7 1298 7 1299 7 1300 8 1301 7 1302 8 1303 7 1304 8 1305 7 1306 8 1307 7 1308 8 1309 7 1310 8 1311 7 1312 8 1313 7 1314 8 1315 7 1316 8 1317 7 1318 8 1319 7 1320 8 1321 7 1322 8 1323 7 1324 8 1325 7 1326 8 1327 7 1328 8 1329 7 1330 8 1331 7 1332 8 1333 7 1334 8 1335 8 1336 8 1337 8 1338 8 1339 7 1340 8 1341 7 1342 8 1343 7 1344 8 1345 7 1346 8 1347 7 1348 8 1349 7 1350 8 1351 1 1352 7 1353 1 1354 2 1355 1 1356 1 1357 2 1358 1 1359 7 1360 1 1361 2 1362 7 1363 8 1364 7 1365 8 1366 7 1367 7 1368 7 1369 8 1370 7 1371 8 1372 7 1373 7 1374 7 1375 7 1376 7 1377 1 1378 2 1379 7 1380 1 1381 2 1382 7 1383 7 1384 8 1385 7 1386 8 1387 7 1388 1 1389 7 1390 1 1391 2 1392 1 1393 2 1394 7 1395 7 1396 8 1397 7 1398 8 1399 7 1400 1 1401 7 1402 1 1403 2 1404 7 1405 8 1406 7 1407 8 1408 7 1409 1 1410 7 1411 13 1412 14 1413 13 1414 14 1415 13 1416 14 1417 13 1418 14 1419 1 1420 2 1421 11 1422 1 1423 2 1424 11 1425 1 1426 2 1427 11 1428 1 1429 2 1430 11 1431 1 1432 2 1433 11 1434 1 1435 2 1436 11 1437 1 1438 2 1439 11 1440 1 1441 2 1442 11 1443 20 1444 21 1445 20 1446 21 1447 20 1448 21 1449 20 1450 21 1451 20 1452 20 1453 21 1454 21 1455 21 1456 22 1457 21 1458 21 1459 21 1460 22 1461 22 1462 21 1463 22 1464 22 1465 22 1466 22 1467 21 1468 21 1469 20 1470 20 1471 20 1472 20 1473 20 1474 20 1475 19 1476 20 1477 13 1478 19 1479 20 1480 20 1481 20 1482 21 1483 20 1484 21 1485 20 1486 21 1487 20 1488 21 1489 20 1490 21 1491 20 1492 21 1493 20 1494 21 1495 21 1496 20 1497 20 1498 21 1499 21 1500 22 1501 21 1502 21 1503 21 1504 22 1505 21 1506 21 1507 22 1508 21 1509 21 1510 22 1511 21 1512 21 1513 22 1514 22 1515 22 1516 22 1517 22 1518 22 1519 22 1520 21 1521 22 1522 22 1523 22 1524 22 1525 21 1526 22 1527 22 1528 22 1529 22 1530 22 1531 22 1532 22 1533 22 1534 22 1535 22 1536 22 1537 22 1538 22 1539 22 1540 22 1541 22 1542 22 1543 22 1544 22 1545 22 1546 22 1547 22 1548 22 1549 22 1550 22 1551 22 1552 22 1553 22 1554 22 1555 22 1556 22 1557 22 1558 22 1559 22 1560 22 1561 22 1562 22 1563 22 1564 22 1565 22 1566 22 1567 22 1568 22 1569 22 1570 22 1571 22 1572 22 1573 22 1574 22 1575 22 1576 22 1577 22 1578 22 1579 22 1580 22 1581 22 1582 22 1583 22 1584 22 1585 22 1586 22 1587 22 1588 22 1589 22 1590 22 1591 22 1592 22 1593 22 1594 22 1595 22 1596 22 1597 22 1598 22 1599 22 1600 22 1601 22 1602 22 1603 22 1604 22 1605 22 1606 22 1607 22 1608 22 1609 22 1610 22 1611 22 1612 22 1613 22 1614 22 1615 22 1616 22 1617 22 1618 22 1619 22 1620 22 1621 22 1622 22 1623 22 1624 22 1625 22 1626 22 1627 22 1628 22 1629 22 1630 22 1631 22 1632 22 1633 22 1634 22 1635 22 1636 22 1637 22 1638 22 1639 22 1640 22 1641 22 1642 22 1643 22 1644 22 1645 22 1646 22 1647 22 1648 22 1649 22 1650 22 1651 22 1652 22 1653 22 1654 22 1655 22 1656 22 1657 22 1658 22 1659 22 1660 22 1661 22 1662 22 1663 22 1664 22 1665 22 1666 22 1667 22 1668 22 1669 22 1670 22 1671 22 1672 22 1673 22 1674 22 1675 22 1676 22 1677 22 1678 22 1679 22 1680 22 1681 22 1682 22 1683 22 1684 22 1685 22 1686 22 1687 22 1688 22 1689 22 1690 22 1691 22 1692 22 1693 22 1694 22 1695 22 1696 22 1697 21 1698 21 1699 21 1700 21 1701 21 1702 21 1703 20 1704 21 1705 20 1706 21 1707 20 1708 21 1709 20 1710 20 1711 21 1712 20 1713 21 1714 20 1715 21 1716 20 1717 20 1718 11 1719 12 1720 11 1721 12 1722 11 1723 12 1724 11 1725 12 1726 11 1727 12 1728 11 1729 12 1730 11 1731 12 1732 11 1733 12 1734 2 1735 11 1736 12 1737 11 1738 12 1739 11 1740 12 1741 11 1742 12 1743 11 1744 12 1745 11 1746 12 1747 11 1748 12 1749 11 1750 12 1751 2 1752 11 1753 2 1754 11 1755 2 1756 11 1757 2 1758 11 1759 2 1760 11 1761 2 1762 11 1763 2 1764 11 1765 2 1766 11 1767 2 1768 11 1769 2 1770 11 1771 2 1772 11 1773 2 1774 11 1775 2 1776 11 1777 2 1778 11 1779 2 1780 11 1781 2 1782 11 1783 12 1784 13 1785 19 1786 13 1787 19 1788 20 1789 13 1790 19 1791 20 1792 13 1793 19 1794 20 1795 20 1796 20 1797 20 1798 20 1799 20 1800 20 1801 20 1802 20 1803 20 1804 19 1805 20 1806 13 1807 19 1808 20 1809 13 1810 19 1811 20 1812 13 1813 19 1814 13 1815 13 1816 13 1817 13 1818 13 1819 13 1820 19 1821 13 1822 19 1823 20 1824 11 1825 12 1826 11 1827 12 1828 12 1829 13 1830 12 1831 13 1832 13 1833 13 1834 13 1835 13 1836 20 1837 20 1838 20 1839 13 1840 19 1841 20 1842 13 1843 19 1844 20 1845 13 1846 19 1847 20 1848 13 1849 19 1850 20 1851 13 1852 19 1853 20 1854 13 1855 13 1856 19 1857 13 1858 19 1859 20 1860 12 1861 19 1862 12 1863 13 1864 20 1865 13 1866 19 1867 20 1868 13 1869 20 1870 11 1871 12 1872 11 1873 12 1874 13 1875 19 1876 20 1877 13 1878 19 1879 20 1880 11 1881 12 1882 12 1883 12 1884 12 1885 13 1886 13 1887 12 1888 13 1889 13 1890 13 1891 13 1892 13 1893 14 1894 13 1895 14 1896 13 1897 13 1898 13 1899 13 1900 14 1901 13 1902 14 1903 13 1904 14 1905 13 1906 14 1907 13 1908 14 1909 13 1910 14 1911 13 1912 14 1913 13 1914 14 1915 13 1916 14 1917 13 1918 14 1919 13 1920 14 1921 13 1922 14 1923 13 1924 14 1925 13 1926 14 1927 13 1928 14 1929 13 1930 14 1931 13 1932 14 1933 13 1934 14 1935 13 1936 14 1937 13 1938 14 1939 13 1940 14 1941 13 1942 14 1943 13 1944 14 1945 13 1946 14 1947 13 1948 14 1949 13 1950 14 1951 13 1952 14 1953 13 1954 14 1955 14 1956 14 1957 14 1958 14 1959 14 1960 13 1961 14 1962 13 1963 14 1964 13 1965 14 1966 13 1967 14 1968 13 1969 14 1970 13 1971 14 1972 13 1973 14 1974 13 1975 14 1976 13 1977 14 1978 13 1979 14 1980 13 1981 14 1982 13 1983 14 1984 13 1985 14 1986 13 1987 14 1988 13 1989 14 1990 13 1991 14 1992 13 1993 14 1994 13 1995 14 1996 13 1997 14 1998 13 1999 14 2000 14 2001 14 2002 14 2003 14 2004 23 2005 23 2006 23 2007 14 2008 23 2009 14 2010 23 2011 14 2012 23 2013 14 2014 23 2015 14 2016 23 2017 14 2018 23 2019 14 2020 14 2021 23 2022 23 2023 23 2024 14 2025 23 2026 23 2027 23 2028 23 2029 23 2030 23 2031 23 2032 23 2033 23 2034 23 2035 23 2036 23 2037 23 2038 23 2039 23 2040 23 2041 23 2042 23 2043 23 2044 23 2045 23 2046 23 2047 23 2048 23 2049 23 2050 23 2051 23 2052 23 2053 23 2054 23 2055 23 2056 23 2057 23 2058 23 2059 23 2060 23 2061 23 2062 23 2063 23 2064 23 2065 23 2066 23 2067 23 2068 23 2069 23 2070 23 2071 23 2072 23 2073 23 2074 23 2075 23 2076 23 2077 14 2078 23 2079 23 2080 23 2081 23 2082 23 2083 23 2084 23 2085 23 2086 14 2087 23 2088 14 2089 23 2090 14 2091 23 2092 23 2093 23 2094 23 2095 23 2096 23 2097 23 2098 14 2099 23 2100 14 2101 23 2102 14 2103 14 2104 23 2105 14 2106 23 2107 14 2108 23 2109 23 2110 23 2111 23 2112 23 2113 23 2114 23 2115 23 2116 23 2117 23 2118 23 2119 23 2120 23 2121 23 2122 23 2123 23 2124 23 2125 23 2126 23 2127 23 2128 23 2129 23 2130 23 2131 23 2132 23 2133 23 2134 23 2135 23 2136 23 2137 23 2138 23 2139 23 2140 23 2141 23 2142 23 2143 23 2144 23 2145 23 2146 23 2147 23 2148 23 2149 23 2150 23 2151 23 2152 23 2153 23 2154 23 2155 23 2156 23 2157 23 2158 23 2159 23 2160 23 2161 23 2162 23 2163 23 2164 23 2165 23 2166 23 2167 23 2168 23 2169 23 2170 23 2171 23 2172 23 2173 23 2174 23 2175 23 2176 23 2177 23 2178 23 2179 23 2180 23 2181 23 2182 23 2183 23 2184 23 2185 23 2186 23 2187 23 2188 23 2189 23 2190 23 2191 23 2192 23 2193 23 2194 23 2195 23 2196 23 2197 23 2198 23 2199 23 2200 23 2201 23 2202 23 2203 23 2204 23 2205 23 2206 23 2207 23 2208 23 2209 23 2210 23 2211 23 2212 23 2213 23 2214 23 2215 23 2216 23 2217 23 2218 23 2219 23 2220 23 2221 23 2222 23 2223 23 2224 23 2225 23 2226 23 2227 23 2228 23 2229 23 2230 23 2231 23 2232 23 2233 23 2234 23 2235 23 2236 23 2237 23 2238 23 2239 23 2240 23 2241 23 2242 23 2243 23 2244 23 2245 23 2246 23 2247 23 2248 23 2249 23 2250 23 2251 23 2252 23 2253 23 2254 23 2255 23 2256 23 2257 23 2258 23 2259 23 2260 23 2261 23 2262 23 2263 23 2264 23 2265 23 2266 23 2267 23 2268 23 2269 23 2270 23 2271 23 2272 23 2273 23 2274 23 2275 23 2276 23 2277 23 2278 23 2279 23 2280 23 2281 23 2282 23 2283 23 2284 23 2285 23 2286 23 2287 23 2288 23 2289 23 2290 23 2291 23 2292 23 2293 23 2294 23 2295 23 2296 23 2297 23 2298 23 2299 23 2300 23 2301 23 2302 23 2303 23 2304 23 2305 23 2306 23 2307 23 2308 23 2309 23 2310 23 2311 23 2312 23 2313 23 2314 23 2315 23 2316 23 2317 23 2318 23 2319 23 2320 23 2321 23 2322 23 2323 23 2324 23 2325 23 2326 23 2327 23 2328 23 2329 23 2330 23 2331 23 2332 23 2333 23 2334 23 2335 23 2336 23 2337 23 2338 23 2339 23 2340 23 2341 23 2342 23 2343 23 2344 23 2345 23 2346 23 2347 23 2348 23 2349 23 2350 23 2351 23 2352 23 2353 23 2354 23 2355 23 2356 23 2357 23 2358 23 2359 23 2360 23 2361 14 2362 23 2363 14 2364 23 2365 14 2366 23 2367 14 2368 23 2369 14 2370 14 2371 23 2372 23 2373 23 2374 23 2375 23 2376 23 2377 23 2378 23 2379 23 2380 23 2381 23 2382 23 2383 23 2384 23 2385 23 2386 23 2387 23 2388 23 2389 14 2390 23 2391 23 2392 14 2393 23 2394 23 2395 23 2396 23 2397 23 2398 23 2399 23 2400 23 2401 23 2402 23 2403 23 2404 23 2405 23 2406 23 2407 23 2408 23 2409 23 2410 23 2411 23 2412 23 2413 23 2414 23 2415 23 2416 23 2417 23 2418 23 2419 23 2420 23 2421 23 2422 23 2423 23 2424 23 2425 23 2426 23 2427 23 2428 23 2429 23 2430 23 2431 23 2432 23 2433 23 2434 23 2435 23 2436 23 2437 23 2438 23 2439 23 2440 23 2441 23 2442 23 2443 23 2444 23 2445 23 2446 23 2447 23 2448 23 2449 23 2450 23 2451 23 2452 23 2453 23 2454 23 2455 23 2456 23 2457 23 2458 23 2459 23 2460 23 2461 23 2462 23 2463 23 2464 23 2465 23 2466 23 2467 23 2468 23 2469 23 2470 23 2471 23 2472 23 2473 23 2474 23 2475 23 2476 23 2477 23 2478 23 2479 23 2480 23 2481 23 2482 23 2483 23 2484 23 2485 23 2486 23 2487 23 2488 23 2489 23 2490 23 2491 23 2492 23 2493 23 2494 23 2495 23 2496 23 2497 14 2498 23 2499 23 2500 23 2501 23 2502 23 2503 23 2504 23 2505 23 2506 23 2507 23 2508 23 2509 23 2510 23 2511 23 2512 23 2513 23 2514 23 2515 23 2516 23 2517 23 2518 23 2519 23 2520 23 2521 23 2522 23 2523 23 2524 23 2525 23 2526 23 2527 23 2528 23 2529 23 2530 23 2531 23 2532 23 2533 23 2534 23 2535 23 2536 23 2537 23 2538 23 2539 23 2540 23 2541 23 2542 23 2543 23 2544 23 2545 23 2546 23 2547 23 2548 23 2549 23 2550 23 2551 23 2552 23 2553 23 2554 23 2555 23 2556 23 2557 23 2558 14 2559 23 2560 14 2561 23 2562 23 2563 23 2564 23 2565 23 2566 23 2567 23 2568 23 2569 23 2570 23 2571 23 2572 23 2573 23 2574 23 2575 23 2576 23 2577 23 2578 23 2579 23 2580 23 2581 23 2582 23 2583 23 2584 23 2585 23 2586 23 2587 23 2588 23 2589 14 2590 23 2591 23 2592 23 2593 23 2594 23 2595 23 2596 23 2597 23 2598</v>
        </vertex_weights>
      </skin>
    </controller>
  </library_controllers>
  <library_visual_scenes>
    <visual_scene id="carl" name="carl">
      <node id="aang_skeleton" name="aang_skeleton" type="NODE">
        <matrix sid="transform">9 0 0 0 0 9 0 0 0 0 9 0 0 0 0 1</matrix>
        <node id="aang_skeleton_root" name="root" sid="root" type="JOINT">
          <matrix sid="transform">2.38419e-7 1 0 0.004023 -1 2.92015e-7 0 0.016085 0 0 1 0.982625 0 0 0 1</matrix>
          <node id="aang_skeleton_Pelvis" name="Pelvis" sid="Pelvis" type="JOINT">
            <matrix sid="transform">5.02937e-8 1 -4.37872e-7 0 -0.02620631 4.38022e-7 0.9996566 0 0.9996566 0 0.02620631 0 0 0 0 1</matrix>
            <node id="aang_skeleton_Spine" name="Spine" sid="Spine" type="JOINT">
              <matrix sid="transform">0.9996529 -8.03625e-4 -0.02633285 0.130002 8.0401e-4 0.9999997 4.01582e-6 -8.60151e-5 0.02633284 -2.51863e-5 0.9996532 0.003408007 0 0 0 1</matrix>
              <node id="aang_skeleton_R_Thigh" name="R Thigh" sid="R_Thigh" type="JOINT">
                <matrix sid="transform">-0.9934903 0.1051488 0.04382709 -0.1329956 0.105055 0.994457 -0.004443956 1.91983e-4 -0.04405141 1.89226e-4 -0.9990292 0.1130619 0 0 0 1</matrix>
                <node id="aang_skeleton_R_Calf" name="R Calf" sid="R_Calf" type="JOINT">
                  <matrix sid="transform">0.9788002 0.2048168 -2.17929e-6 0.4197024 -0.2048168 0.9788002 4.56348e-7 6.81728e-6 2.224e-6 -4.65661e-10 1 -0.03719987 0 0 0 1</matrix>
                  <node id="aang_skeleton_R_Foot" name="R Foot" sid="R_Foot" type="JOINT">
                    <matrix sid="transform">0.9938776 -0.1016539 0.04328781 0.4310003 0.1013637 0.99481 0.008853783 -3.29645e-4 -0.04396318 -0.004411764 0.9990234 -0.03742173 0 0 0 1</matrix>
                    <node id="aang_skeleton_R_Toe" name="R Toe" sid="R_Toe" type="JOINT">
                      <matrix sid="transform">2.38418e-6 -1 8.12845e-7 0.1300462 1 2.33612e-6 5.36296e-7 0.1530107 -5.36298e-7 8.12845e-7 1 4.47035e-8 0 0 0 1</matrix>
                      <extra>
                        <technique profile="blender">
                          <layer sid="layer" type="string">0</layer>
                          <roll sid="roll" type="float">-1.5708</roll>
                          <tip_x sid="tip_x" type="float">0</tip_x>
                          <tip_y sid="tip_y" type="float">0</tip_y>
                          <tip_z sid="tip_z" type="float">0.006378591</tip_z>
                        </technique>
                      </extra>
                    </node>
                    <extra>
                      <technique profile="blender">
                        <layer sid="layer" type="string">0</layer>
                        <roll sid="roll" type="float">1.5708</roll>
                        <tip_x sid="tip_x" type="float">0</tip_x>
                        <tip_y sid="tip_y" type="float">-0.006378591</tip_y>
                        <tip_z sid="tip_z" type="float">0</tip_z>
                      </technique>
                    </extra>
                  </node>
                  <extra>
                    <technique profile="blender">
                      <layer sid="layer" type="string">0</layer>
                      <roll sid="roll" type="float">-1.440285</roll>
                      <tip_x sid="tip_x" type="float">-5.64754e-5</tip_x>
                      <tip_y sid="tip_y" type="float">-0.00634545</tip_y>
                      <tip_z sid="tip_z" type="float">-6.46532e-4</tip_z>
                    </technique>
                  </extra>
                </node>
                <extra>
                  <technique profile="blender">
                    <layer sid="layer" type="string">0</layer>
                    <roll sid="roll" type="float">-1.611171</roll>
                    <tip_x sid="tip_x" type="float">1.27405e-6</tip_x>
                    <tip_y sid="tip_y" type="float">-0.006343722</tip_y>
                    <tip_z sid="tip_z" type="float">6.65605e-4</tip_z>
                  </technique>
                </extra>
              </node>
              <node id="aang_skeleton_L_Thigh" name="L Thigh" sid="L_Thigh" type="JOINT">
                <matrix sid="transform">-0.9934781 0.1051511 -0.04409922 -0.1270972 0.105057 0.9944565 0.004450541 1.88939e-4 0.04432272 -2.11418e-4 -0.9990173 -0.1130289 0 0 0 1</matrix>
                <node id="aang_skeleton_L_Calf" name="L Calf" sid="L_Calf" type="JOINT">
                  <matrix sid="transform">0.9788004 0.2048171 -1.11014e-6 0.4197019 -0.2048171 0.9788002 -9.61125e-7 6.54161e-6 8.86619e-7 1.16788e-6 1 0.03720549 0 0 0 1</matrix>
                  <node id="aang_skeleton_L_Foot" name="L Foot" sid="L_Foot" type="JOINT">
                    <matrix sid="transform">0.9938772 -0.101654 -0.04329774 0.4309999 0.1013637 0.9948099 -0.00885362 -3.30962e-4 0.04397304 0.004410594 0.9990229 0.03742605 0 0 0 1</matrix>
                    <node id="aang_skeleton_L_Toe" name="L Toe" sid="L_Toe" type="JOINT">
                      <matrix sid="transform">7.03335e-6 -1 3.01627e-8 0.1300466 1 7.00836e-6 -4.42421e-7 0.1530114 4.42421e-7 3.01657e-8 1 1.3411e-7 0 0 0 1</matrix>
                      <extra>
                        <technique profile="blender">
                          <layer sid="layer" type="string">0</layer>
                          <roll sid="roll" type="float">-1.570799</roll>
                          <tip_x sid="tip_x" type="float">0</tip_x>
                          <tip_y sid="tip_y" type="float">0</tip_y>
                          <tip_z sid="tip_z" type="float">0.006378591</tip_z>
                        </technique>
                      </extra>
                    </node>
                    <extra>
                      <technique profile="blender">
                        <layer sid="layer" type="string">0</layer>
                        <roll sid="roll" type="float">1.570799</roll>
                        <tip_x sid="tip_x" type="float">0</tip_x>
                        <tip_y sid="tip_y" type="float">-0.006378591</tip_y>
                        <tip_z sid="tip_z" type="float">0</tip_z>
                      </technique>
                    </extra>
                  </node>
                  <extra>
                    <technique profile="blender">
                      <layer sid="layer" type="string">0</layer>
                      <roll sid="roll" type="float">-1.701291</roll>
                      <tip_x sid="tip_x" type="float">5.64754e-5</tip_x>
                      <tip_y sid="tip_y" type="float">-0.00634545</tip_y>
                      <tip_z sid="tip_z" type="float">-6.46532e-4</tip_z>
                    </technique>
                  </extra>
                </node>
                <extra>
                  <technique profile="blender">
                    <layer sid="layer" type="string">0</layer>
                    <roll sid="roll" type="float">-1.530448</roll>
                    <tip_x sid="tip_x" type="float">-1.28895e-6</tip_x>
                    <tip_y sid="tip_y" type="float">-0.006343722</tip_y>
                    <tip_z sid="tip_z" type="float">6.65605e-4</tip_z>
                  </technique>
                </extra>
              </node>
              <node id="aang_skeleton_Spine1" name="Spine1" sid="Spine1" type="JOINT">
                <matrix sid="transform">1 -5.82077e-11 1.21508e-8 0.1080271 -9.8953e-10 1 -9.83853e-9 -1.22799e-4 -1.19762e-8 9.83891e-9 0.9999999 -1.37025e-5 0 0 0 1</matrix>
                <node id="aang_skeleton_Spine2" name="Spine2" sid="Spine2" type="JOINT">
                  <matrix sid="transform">1 2.33611e-6 0 0.153527 -2.33517e-6 1 -2.8475e-10 -1.32136e-4 -1.01863e-10 2.85027e-10 1 -1.94716e-5 0 0 0 1</matrix>
                  <node id="aang_skeleton_Spine3" name="Spine3" sid="Spine3" type="JOINT">
                    <matrix sid="transform">1 -2.33605e-6 0 0.1646509 2.3357e-6 1 2.8534e-10 -1.55831e-4 -1.01863e-10 -2.85134e-10 1 -2.08826e-5 0 0 0 1</matrix>
                    <node id="aang_skeleton_Neck" name="Neck" sid="Neck" type="JOINT">
                      <matrix sid="transform">1 2.33616e-6 0 0.1942229 -2.33616e-6 1 2.62901e-13 -0.02142344 -1.16415e-10 -9.9476e-14 0.9999999 -2.46326e-5 0 0 0 1</matrix>
                      <node id="aang_skeleton_L_Clavicle" name="L Clavicle" sid="L_Clavicle" type="JOINT">
                        <matrix sid="transform">-0.4824414 -8.01873e-4 0.8759281 -0.0548563 3.83849e-4 -0.9999999 -6.90059e-4 -0.02779673 0.8759286 -3.50412e-6 0.4824414 -0.118967 0 0 0 1</matrix>
                        <node id="aang_skeleton_L_UpperArm" name="L UpperArm" sid="L_UpperArm" type="JOINT">
                          <matrix sid="transform">0.9806885 -0.1016645 -0.1670762 -0.06802201 0.09970476 0.994814 -0.02009858 -1.43051e-6 0.1682532 0.003052138 0.9857391 -0.107618 0 0 0 1</matrix>
                          <node id="aang_skeleton_L_Forearm" name="L Forearm" sid="L_Forearm" type="JOINT">
                            <matrix sid="transform">0.997021 0.07712935 -8.9407e-7 -0.2872059 -0.07712934 0.9970211 -2.27988e-6 0.06159538 7.15256e-7 2.33389e-6 0.9999999 -0.231653 0 0 0 1</matrix>
                            <node id="aang_skeleton_L_Hand" name="L Hand" sid="L_Hand" type="JOINT">
                              <matrix sid="transform">1 -1.19209e-7 6.52391e-6 -0.218976 -6.52857e-6 7.88266e-4 0.9999997 0.007812813 0 -0.9999996 7.88214e-4 -0.173986 0 0 0 1</matrix>
                              <extra>
                                <technique profile="blender">
                                  <layer sid="layer" type="string">0</layer>
                                  <roll sid="roll" type="float">0.3130078</roll>
                                  <tip_x sid="tip_x" type="float">-0.002100765</tip_x>
                                  <tip_y sid="tip_y" type="float">1.33328e-4</tip_y>
                                  <tip_z sid="tip_z" type="float">-0.006021261</tip_z>
                                </technique>
                              </extra>
                            </node>
                            <extra>
                              <technique profile="blender">
                                <layer sid="layer" type="string">0</layer>
                                <roll sid="roll" type="float">0.3354396</roll>
                                <tip_x sid="tip_x" type="float">-9.43542e-5</tip_x>
                                <tip_y sid="tip_y" type="float">0.00637561</tip_y>
                                <tip_z sid="tip_z" type="float">1.68681e-4</tip_z>
                              </technique>
                            </extra>
                          </node>
                          <extra>
                            <technique profile="blender">
                              <layer sid="layer" type="string">0</layer>
                              <roll sid="roll" type="float">0.3346624</roll>
                              <tip_x sid="tip_x" type="float">-5.58585e-4</tip_x>
                              <tip_y sid="tip_y" type="float">0.00634551</tip_y>
                              <tip_z sid="tip_z" type="float">3.29971e-4</tip_z>
                            </technique>
                          </extra>
                        </node>
                        <extra>
                          <technique profile="blender">
                            <layer sid="layer" type="string">0</layer>
                            <roll sid="roll" type="float">0.5035663</roll>
                            <tip_x sid="tip_x" type="float">0</tip_x>
                            <tip_y sid="tip_y" type="float">0.006378591</tip_y>
                            <tip_z sid="tip_z" type="float">0</tip_z>
                          </technique>
                        </extra>
                      </node>
                      <node id="aang_skeleton_R_Clavicle" name="R Clavicle" sid="R_Clavicle" type="JOINT">
                        <matrix sid="transform">-0.4826634 -8.01873e-4 -0.8758058 -0.05482614 3.90166e-4 -0.9999999 7.14612e-4 -0.02779774 -0.8758062 -3.50416e-6 0.4826634 0.118981 0 0 0 1</matrix>
                        <node id="aang_skeleton_R_UpperArm" name="R UpperArm" sid="R_UpperArm" type="JOINT">
                          <matrix sid="transform">0.9806871 -0.1016726 0.1670782 -0.06802189 0.09971013 0.9948134 0.02011519 1.44541e-6 -0.1682567 -0.003067326 0.9857383 0.107618 0 0 0 1</matrix>
                          <node id="aang_skeleton_R_Forearm" name="R Forearm" sid="R_Forearm" type="JOINT">
                            <matrix sid="transform">0.9970202 0.07713868 -2.29478e-6 -0.287205 -0.07713866 0.9970204 -1.38842e-5 0.06160146 1.2219e-6 1.40201e-5 1 0.2316529 0 0 0 1</matrix>
                            <node id="aang_skeleton_R_Hand" name="R Hand" sid="R_Hand" type="JOINT">
                              <matrix sid="transform">0.9999999 5.96046e-8 -1.72295e-6 -0.2189758 -1.72202e-6 8.15591e-4 -0.9999998 0.007817447 5.96046e-8 0.9999996 8.15568e-4 0.1739868 0 0 0 1</matrix>
                              <extra>
                                <technique profile="blender">
                                  <layer sid="layer" type="string">0</layer>
                                  <roll sid="roll" type="float">2.828585</roll>
                                  <tip_x sid="tip_x" type="float">0.002100765</tip_x>
                                  <tip_y sid="tip_y" type="float">1.33328e-4</tip_y>
                                  <tip_z sid="tip_z" type="float">-0.006021261</tip_z>
                                </technique>
                              </extra>
                            </node>
                            <extra>
                              <technique profile="blender">
                                <layer sid="layer" type="string">0</layer>
                                <roll sid="roll" type="float">2.806153</roll>
                                <tip_x sid="tip_x" type="float">9.43542e-5</tip_x>
                                <tip_y sid="tip_y" type="float">0.00637561</tip_y>
                                <tip_z sid="tip_z" type="float">1.68681e-4</tip_z>
                              </technique>
                            </extra>
                          </node>
                          <extra>
                            <technique profile="blender">
                              <layer sid="layer" type="string">0</layer>
                              <roll sid="roll" type="float">2.80693</roll>
                              <tip_x sid="tip_x" type="float">5.58585e-4</tip_x>
                              <tip_y sid="tip_y" type="float">0.00634551</tip_y>
                              <tip_z sid="tip_z" type="float">3.30091e-4</tip_z>
                            </technique>
                          </extra>
                        </node>
                        <extra>
                          <technique profile="blender">
                            <layer sid="layer" type="string">0</layer>
                            <roll sid="roll" type="float">2.638026</roll>
                            <tip_x sid="tip_x" type="float">0</tip_x>
                            <tip_y sid="tip_y" type="float">0.006378591</tip_y>
                            <tip_z sid="tip_z" type="float">0</tip_z>
                          </technique>
                        </extra>
                      </node>
                      <node id="aang_skeleton_Head" name="Head" sid="Head" type="JOINT">
                        <matrix sid="transform">0.9999997 8.01289e-4 1.27956e-4 0.155502 -8.01291e-4 0.9999999 -1.00905e-9 -7.89762e-7 -1.27956e-4 -1.0152e-7 1 -1.97224e-5 0 0 0 1</matrix>
                        <extra>
                          <technique profile="blender">
                            <layer sid="layer" type="string">0</layer>
                            <roll sid="roll" type="float">-1.570795</roll>
                            <tip_x sid="tip_x" type="float">0</tip_x>
                            <tip_y sid="tip_y" type="float">-0.006378591</tip_y>
                            <tip_z sid="tip_z" type="float">0</tip_z>
                          </technique>
                        </extra>
                      </node>
                      <extra>
                        <technique profile="blender">
                          <layer sid="layer" type="string">0</layer>
                          <roll sid="roll" type="float">1.562131</roll>
                          <tip_x sid="tip_x" type="float">0</tip_x>
                          <tip_y sid="tip_y" type="float">-0.006378591</tip_y>
                          <tip_z sid="tip_z" type="float">-5.126e-6</tip_z>
                        </technique>
                      </extra>
                    </node>
                    <extra>
                      <technique profile="blender">
                        <layer sid="layer" type="string">0</layer>
                        <roll sid="roll" type="float">1.562131</roll>
                        <tip_x sid="tip_x" type="float">0</tip_x>
                        <tip_y sid="tip_y" type="float">-0.006378591</tip_y>
                        <tip_z sid="tip_z" type="float">-5.126e-6</tip_z>
                      </technique>
                    </extra>
                  </node>
                  <extra>
                    <technique profile="blender">
                      <layer sid="layer" type="string">0</layer>
                      <roll sid="roll" type="float">1.562131</roll>
                      <tip_x sid="tip_x" type="float">0</tip_x>
                      <tip_y sid="tip_y" type="float">-0.006378591</tip_y>
                      <tip_z sid="tip_z" type="float">-5.126e-6</tip_z>
                    </technique>
                  </extra>
                </node>
                <extra>
                  <technique profile="blender">
                    <layer sid="layer" type="string">0</layer>
                    <roll sid="roll" type="float">1.562131</roll>
                    <tip_x sid="tip_x" type="float">0</tip_x>
                    <tip_y sid="tip_y" type="float">-0.006378591</tip_y>
                    <tip_z sid="tip_z" type="float">-5.126e-6</tip_z>
                  </technique>
                </extra>
              </node>
              <extra>
                <technique profile="blender">
                  <layer sid="layer" type="string">0</layer>
                  <roll sid="roll" type="float">1.562131</roll>
                  <tip_x sid="tip_x" type="float">0</tip_x>
                  <tip_y sid="tip_y" type="float">-0.006378591</tip_y>
                  <tip_z sid="tip_z" type="float">-5.126e-6</tip_z>
                </technique>
              </extra>
            </node>
            <extra>
              <technique profile="blender">
                <layer sid="layer" type="string">0</layer>
                <roll sid="roll" type="float">-1.544587</roll>
                <tip_x sid="tip_x" type="float">0</tip_x>
                <tip_y sid="tip_y" type="float">-0.006378591</tip_y>
                <tip_z sid="tip_z" type="float">0</tip_z>
              </technique>
            </extra>
          </node>
          <extra>
            <technique profile="blender">
              <layer sid="layer" type="string">0</layer>
              <tip_x sid="tip_x" type="float">0.006378591</tip_x>
              <tip_y sid="tip_y" type="float">0</tip_y>
              <tip_z sid="tip_z" type="float">0</tip_z>
            </technique>
          </extra>
        </node>
      </node>
      <node id="aang" name="aang" type="NODE">
        <translate sid="location">0 0 0</translate>
        <rotate sid="rotationZ">0 0 1 0</rotate>
        <rotate sid="rotationY">0 1 0 0</rotate>
        <rotate sid="rotationX">1 0 0 0</rotate>
        <scale sid="scale">1 1 1</scale>
        <instance_controller url="#aang_skeleton_aang-skin">
          <skeleton>#aang_skeleton_root</skeleton>
          <bind_material>
            <technique_common>
              <instance_material symbol="aang_png-material" target="#aang_png-material"/>
            </technique_common>
          </bind_material>
        </instance_controller>
      </node>
    </visual_scene>
  </library_visual_scenes>
  <scene>
    <instance_visual_scene url="#carl"/>
  </scene>
</COLLADA>