# Blender v2.79 (sub 0) OBJ File: ''
# www.blender.org
mtllib aang.mtl
o aang
v -1.798281 12.670910 0.743355
v -1.007172 12.594455 1.200969
v -1.109772 13.179005 1.258254
v -0.041571 12.553352 1.321605
v -0.041841 13.215050 1.461645
v 0.916335 12.550463 1.183410
v 1.026099 13.179005 1.258254
v -0.041643 12.293639 1.157310
v 1.709100 12.587048 0.736200
v 1.779561 13.242437 1.002087
v -2.861451 14.767201 -2.003823
v -2.922858 14.316355 -2.129931
v -3.426876 14.477500 -2.114163
v 0.001062 13.067136 -2.326653
v 0.001260 12.639716 -2.185119
v -1.098396 12.655889 -2.080989
v -1.079613 13.095855 -2.271924
v -2.503422 13.190463 -2.164797
v -3.032595 13.293379 -2.109231
v -3.003732 13.722436 -2.146275
v -2.449593 13.612141 -2.178090
v -3.524094 13.357982 -2.112588
v -3.473802 13.697650 -2.125242
v -4.088736 13.405149 -2.062935
v -4.129164 13.579075 -2.044449
v -4.465062 13.459231 -2.007369
v -4.031694 13.499759 -1.861569
v -4.057694 13.155706 -1.977678
v -3.579237 13.056625 -1.966959
v -3.463218 13.503808 -1.806426
v -3.115332 12.949795 -1.989135
v -3.040560 13.501414 -1.773594
v -2.553174 12.827223 -1.987164
v -2.685114 13.411655 -1.776258
v -2.395890 13.336903 -1.834146
v -1.870821 12.667778 -1.971315
v -2.050803 13.049225 -1.906740
v -1.934019 13.284018 -2.150649
v -4.034547 13.019158 -1.050246
v -4.345956 13.053025 -1.063800
v -3.464775 13.019968 -1.061091
v -3.059055 13.047832 -1.062720
v -2.655288 13.103658 -1.063512
v -2.393685 13.065615 -1.074150
v -1.842561 12.764545 -1.075491
v -1.474038 12.181931 -1.629972
v -1.603107 12.210668 -0.893880
v 3.388140 13.440430 -1.730961
v 2.950326 13.425049 -1.696581
v 3.003183 12.808970 -1.876977
v 3.462345 12.943646 -1.869939
v 2.923821 13.477464 -2.043126
v 3.447135 13.547671 -2.013417
v 3.428964 13.219497 -1.952406
v 2.962908 13.121694 -1.991331
v 2.594709 13.405807 -1.691685
v 2.312100 13.330745 -1.704843
v 2.420226 12.669121 -1.859418
v 2.381139 13.410433 -2.117781
v 2.411667 12.974157 -2.022093
v 4.065048 13.571837 -1.997388
v 4.058946 13.366170 -1.961397
v 4.429358 13.501853 -1.909386
v 4.025916 13.444307 -1.802016
v 4.069890 13.216761 -1.878102
v 1.881648 13.040648 -1.791954
v 1.725858 12.638915 -1.851885
v 1.818378 13.284017 -2.162367
v 4.592456 13.784804 0.146952
v 4.173417 13.710834 0.215172
v 4.139216 13.480695 0.263628
v 2.083689 12.741370 0.758682
v 2.046771 13.296527 0.681552
v 1.401912 12.206059 0.588789
v 1.443357 12.204098 0.058383
v 1.644597 12.755789 0.353727
v 2.025261 13.022027 0.290187
v 2.370357 13.335677 0.123255
v 2.475000 12.865796 0.646335
v 2.744199 13.588703 0.039915
v 2.905542 13.027914 0.532476
v 3.145716 13.528682 0.027558
v 3.287529 13.137102 0.446364
v 3.549186 13.577731 -0.005337
v 3.713643 13.296321 0.378810
v 4.083975 13.607584 0.023067
v 2.422908 13.372667 0.521658
v 2.369664 13.890860 0.394200
v 2.025306 13.734854 0.608913
v 2.862963 13.474484 0.442827
v 2.787867 14.123196 0.265437
v 3.306132 13.558445 0.398862
v 3.259836 14.057306 0.218574
v 3.738141 13.625899 0.322263
v 3.751839 13.977665 0.195300
v 4.202136 13.891806 0.154539
v 4.025375 13.263210 -0.414045
v 4.371426 13.142016 -0.356427
v 3.456531 13.276485 -0.411606
v 3.013974 13.354182 -0.376713
v 2.624319 13.392431 -0.357399
v 2.315736 13.361732 -0.243675
v 1.619568 12.882940 -0.090018
v -4.248395 13.911760 -0.006543
v -4.671585 13.834208 0.061704
v -4.204827 13.736655 0.086778
v -1.832787 13.242437 0.877725
v -2.215377 13.625666 0.507033
v -2.311254 13.329144 0.554472
v -4.168584 13.649194 -0.009288
v -4.135194 13.414420 0.134577
v -2.146122 13.266449 0.050094
v -1.848834 12.826601 0.187515
v -2.385018 12.771117 0.515988
v -2.846187 13.422268 -0.009702
v -3.024495 12.961008 0.342108
v -3.369312 13.070745 0.290889
v -3.205359 13.551372 -0.010917
v -3.085182 13.258512 -0.401742
v -2.707416 13.294071 -0.357399
v -2.570508 13.391560 0.392508
v -2.723679 12.870647 0.390051
v -2.469267 13.826088 0.278982
v -2.565054 13.360257 0.000522
v -2.443077 13.230946 -0.313668
v -2.933946 13.468132 0.279216
v -2.808657 14.169762 0.070632
v -3.304917 13.546279 0.208134
v -3.229398 14.103802 -0.012105
v -4.454523 13.142017 -0.356427
v -4.108473 13.053826 -0.414045
v -3.637863 13.584150 -0.019683
v -3.739464 13.222432 0.223686
v -3.539637 13.206331 -0.411606
v -3.740814 13.637503 0.144459
v -3.782439 14.010166 -0.041076
v -1.796706 12.882940 -0.089739
v 0.571383 17.592327 1.320165
v 0.616860 17.846020 1.358280
v 0.525906 17.697718 1.387665
v 0.488052 17.327215 1.275561
v 0.653076 17.402761 1.157976
v 0.491715 17.773975 1.408392
v 0.452646 17.742790 1.423998
v 0.452133 17.618509 1.406286
v 0.455859 17.856468 1.457721
v 3.381678 13.045527 -1.061091
v 2.975940 13.073391 -1.062720
v 2.572182 13.129218 -1.063512
v 2.836584 14.250814 -2.094732
v 3.554739 14.406533 -2.038257
v 2.778354 14.767199 -2.003823
v 2.309814 14.269913 0.175068
v 2.085381 14.158655 0.373968
v 2.310570 13.091173 -1.074150
v 2.183418 14.941216 -0.029853
v 2.315349 14.144156 -2.130003
v 4.980464 13.575706 -1.828638
v 5.036552 13.715558 -1.790595
v 5.277824 13.641073 -1.759014
v 5.218200 13.503887 -1.795068
v 4.818896 13.650740 -1.754370
v 4.892319 13.793129 -1.721853
v 5.453505 13.566725 -1.704555
v 5.370417 13.353876 -1.731420
v 6.417001 12.905431 -1.552779
v 6.488947 13.117984 -1.507212
v 7.317065 12.772554 -1.416195
v 7.364783 12.570641 -1.416879
v 7.507910 12.707287 -1.414665
v 7.803695 12.637123 -1.562526
v 7.757606 12.508181 -1.619730
v 8.328943 12.478040 -1.638999
v 8.269804 12.328766 -1.715283
v 5.529943 13.254695 -1.647324
v 5.592546 13.540650 -1.614393
v 4.738508 13.805017 -1.852992
v 4.734098 14.207084 -0.137214
v 4.929227 13.722875 -0.095076
v 4.975838 13.967414 -0.204327
v 4.305267 14.337916 -0.142002
v 3.779577 14.503886 -0.201267
v 3.193281 14.641541 -0.121698
v 2.699901 14.776164 -0.044064
v 4.891058 13.896818 -0.297720
v 5.099580 13.900544 -1.439901
v 5.347989 13.806189 -1.438101
v 5.098301 13.252626 -1.621359
v 4.922720 13.356450 -1.673199
v 4.975317 13.930344 -1.465650
v 5.276862 13.989285 -1.095453
v 4.918401 13.100886 -1.292427
v 5.282828 13.159243 -1.551834
v 4.754069 13.511159 -1.654524
v 5.481549 13.728716 -1.448019
v 6.353524 12.677911 -0.715077
v 6.311566 12.596515 -1.083924
v 7.311584 12.399199 -1.087173
v 7.344442 12.449725 -0.782424
v 7.379344 12.841423 -0.679437
v 6.535801 13.217623 -0.587898
v 6.582376 13.364071 -0.934029
v 7.352335 12.970023 -0.964548
v 6.538465 13.293619 -1.351287
v 7.319018 12.882283 -1.307250
v 6.351805 12.743413 -1.482894
v 7.972858 12.490919 -0.286155
v 7.875811 12.285278 -0.162747
v 8.115445 12.243707 -0.193833
v 7.734808 12.305617 -0.408915
v 7.838767 11.876597 -0.221472
v 7.684687 12.437090 -0.555093
v 7.825114 12.662783 -0.499050
v 7.523489 12.778954 -0.677358
v 7.663969 12.194540 -0.647010
v 7.657895 12.218101 -1.076157
v 7.876288 12.815593 -0.901764
v 7.599691 12.857190 -0.963333
v 7.821469 12.691375 -1.387215
v 7.564790 12.780385 -1.308069
v 7.703597 12.361318 -1.540422
v 8.691679 12.027914 -0.448848
v 8.755192 12.124375 -0.485865
v 8.333794 12.425030 -0.443592
v 8.276086 12.286007 -0.407628
v 8.796565 11.946949 -0.476271
v 8.843338 12.012974 -0.508338
v 8.219269 12.130073 -0.306999
v 7.991020 11.976128 -0.075339
v 8.283745 11.479274 -0.301356
v 8.224642 11.406023 -0.345240
v 8.196760 11.475863 -0.390159
v 8.207245 11.412071 -0.245673
v 8.109397 11.400407 -0.327627
v 8.113510 11.643371 -0.359640
v 8.248474 11.648672 -0.221859
v 8.223968 11.603492 -0.155583
v 8.129791 11.544416 -0.135477
v 7.977970 11.526308 -0.262620
v 8.018182 11.587796 -0.348192
v 7.993126 11.922659 -0.362403
v 8.157448 11.960962 -0.219258
v 8.123806 11.849039 -0.107226
v 8.021836 11.809043 -0.082467
v 7.877350 11.772116 -0.213525
v 7.920181 11.892311 -0.337383
v 8.093017 11.977099 -0.132705
v 8.171453 12.014072 -0.359478
v 7.730326 12.073040 -0.479250
v 8.234542 12.056191 -0.527247
v 8.758261 12.269033 -1.699047
v 8.776279 12.170259 -1.738801
v 8.940106 12.152258 -1.036350
v 8.737777 11.861036 -1.049859
v 8.629192 11.908690 -1.057590
v 8.850484 12.277727 -1.045395
v 8.634430 11.907611 -0.768078
v 8.733385 11.854727 -0.778941
v 8.903395 12.099409 -0.769743
v 8.808958 12.210911 -0.760005
v 9.207064 11.757887 -0.941949
v 9.198198 11.755232 -0.849474
v 8.875441 12.059171 -0.742662
v 8.726464 11.844764 -0.754218
v 8.640658 11.906315 -0.461448
v 8.719831 11.835205 -0.481014
v 9.018810 11.740732 -0.644130
v 9.009559 11.740121 -0.553311
v 8.888599 12.078629 -1.702044
v 8.810560 11.965787 -1.704375
v 8.680321 12.010283 -1.741284
v 8.663860 11.977586 -1.435635
v 8.794683 11.942945 -1.458378
v 8.920135 12.123512 -1.444113
v 8.846254 12.274506 -1.412226
v 8.920162 12.123539 -1.643805
v 8.942149 12.155201 -1.394361
v 8.784973 11.928976 -1.412928
v 8.748721 11.876795 -1.082772
v 8.944651 12.158792 -1.075455
v 8.777989 11.434851 -0.852966
v 8.719075 11.444372 -0.923211
v 8.793983 11.400759 -0.889056
v 8.764120 11.473676 -0.988470
v 8.746093 11.512214 -0.950598
v 8.795638 11.399354 -0.943596
v 8.741944 11.518262 -0.904293
v 8.975629 11.444363 -0.867078
v 8.950808 11.497247 -0.811080
v 8.901307 11.617280 -0.962568
v 8.929306 11.557493 -1.021320
v 8.957629 11.492270 -1.017423
v 8.978194 11.442176 -0.951696
v 8.912270 11.583476 -0.822249
v 8.894890 11.626667 -0.890730
v 9.194921 11.647484 -0.858312
v 9.133011 11.650724 -0.806319
v 8.990650 11.754656 -0.977418
v 9.060264 11.751082 -1.019466
v 9.154584 11.657852 -1.011573
v 9.203796 11.650148 -0.942489
v 9.015894 11.745458 -0.823014
v 8.974442 11.752613 -0.882594
v 9.136288 11.758463 -0.792351
v 9.157860 11.765600 -1.017837
v 8.586604 11.503016 -0.574344
v 8.535340 11.521637 -0.648657
v 8.597152 11.464820 -0.608256
v 8.589385 11.538034 -0.711558
v 8.577676 11.581082 -0.676143
v 8.601715 11.460760 -0.662499
v 8.572150 11.589848 -0.630414
v 8.782255 11.470355 -0.575379
v 8.765893 11.529611 -0.522756
v 8.752033 11.650733 -0.680688
v 8.770204 11.583943 -0.735642
v 8.783821 11.514473 -0.727929
v 8.789356 11.464055 -0.659529
v 8.747200 11.621438 -0.539019
v 8.743474 11.664331 -0.609750
v 8.995934 11.633147 -0.559773
v 8.934526 11.643056 -0.508023
v 8.803099 11.758184 -0.668808
v 8.872174 11.746943 -0.722772
v 8.957071 11.645189 -0.713286
v 9.005184 11.633759 -0.643950
v 8.827102 11.748384 -0.526401
v 8.786665 11.758490 -0.574488
v 8.948161 11.750039 -0.497475
v 8.970696 11.752172 -0.718947
v 8.681455 11.516255 -1.466424
v 8.620408 11.526884 -1.534662
v 8.699563 11.487176 -1.505754
v 8.661187 11.565935 -1.648197
v 8.640676 11.599082 -1.606662
v 8.700157 11.490929 -1.560204
v 8.637040 11.600477 -1.559943
v 8.877124 11.544614 -1.482318
v 8.848945 11.589722 -1.471977
v 8.785810 11.718224 -1.610928
v 8.817634 11.666798 -1.675368
v 8.851645 11.604284 -1.677951
v 8.878033 11.550419 -1.566792
v 8.802775 11.672837 -1.474533
v 8.780168 11.720385 -1.538442
v 9.070965 11.792780 -1.528227
v 9.015066 11.790818 -1.469745
v 8.844922 11.871476 -1.654578
v 8.908300 11.873690 -1.675980
v 9.013418 11.792429 -1.676241
v 9.070327 11.793177 -1.612908
v 8.886349 11.870584 -1.475721
v 8.836903 11.870099 -1.501974
v 9.061128 11.900654 -1.611810
v 9.061749 11.900257 -1.527129
v 9.005868 11.898296 -1.468656
v 9.004212 11.899917 -1.675152
v 8.217577 12.088331 -1.662624
v 8.220160 12.049631 -1.072611
v 8.416774 12.605696 -1.016685
v 8.389666 12.547402 -1.467918
v 8.769844 11.382830 -1.209060
v 8.705098 11.391073 -1.274148
v 8.788915 11.357837 -1.250676
v 8.739226 11.437298 -1.336167
v 8.717473 11.465981 -1.292022
v 8.786728 11.364560 -1.304802
v 8.715799 11.464478 -1.245195
v 8.960996 11.431087 -1.230822
v 8.931412 11.469851 -1.166247
v 8.850178 11.598857 -1.294965
v 8.883910 11.554361 -1.363464
v 8.923618 11.495726 -1.370979
v 8.957620 11.441509 -1.314792
v 8.877420 11.548053 -1.162188
v 8.847568 11.596535 -1.222308
v 9.119871 11.722292 -1.215585
v 9.068121 11.719691 -1.153440
v 8.885809 11.794139 -1.298871
v 8.945614 11.797289 -1.352862
v 9.052515 11.718656 -1.359360
v 9.113526 11.721607 -1.300032
v 8.937289 11.796173 -1.151559
v 8.884297 11.793779 -1.202733
v 9.101673 11.828834 -1.299492
v 9.108018 11.829518 -1.215045
v 9.056269 11.826918 -1.152900
v 9.040663 11.825882 -1.358820
v 5.392314 12.921847 -0.579015
v 5.335344 12.811320 -1.079901
v 5.639832 13.654762 -0.406314
v 5.703084 13.853637 -0.876348
v 5.654412 13.698845 -1.322145
v 5.415201 13.009743 -1.500849
v 4.958667 13.122468 -0.639045
v 4.899897 13.035608 -1.081674
v 4.742297 13.230145 -0.433260
v 4.564269 13.150116 -1.075590
v 5.182443 13.729067 -0.486432
v 5.274036 13.976306 -0.901800
v 4.906601 14.091685 -0.814563
v 4.877711 14.119270 -1.541178
v 4.625072 13.480380 -1.732293
v 1.129788 11.779325 -1.481976
v 1.107918 11.500299 -1.399788
v 0.728937 11.502917 -1.620081
v 0.815022 11.775284 -1.623564
v 1.366155 11.778543 -0.892953
v 1.376685 11.517767 -0.771237
v 1.365984 11.779361 0.087066
v 1.317177 11.515797 0.040356
v 1.240443 11.772899 0.593793
v 1.230435 11.502152 0.546894
v 0.732087 11.782142 0.924921
v 0.682281 11.511395 0.905418
v 1.174149 11.155374 -1.283094
v 0.747054 11.151549 -1.532304
v 1.419453 11.153268 -0.661959
v 1.409760 11.156904 0.024048
v 1.285839 11.176965 0.545823
v 0.629055 11.185398 0.827541
v 1.194678 10.801692 -1.224486
v 0.747054 10.809081 -1.473660
v 1.391283 10.802592 -0.639666
v 1.395837 10.804670 0.024048
v 1.285965 10.817730 0.589545
v 0.629118 10.839600 0.839088
v 1.277046 10.221147 -1.224549
v 0.760500 10.185686 -1.473696
v 1.479591 10.223650 -0.639729
v 1.484253 10.225764 0.023976
v 1.370898 10.237932 0.589482
v 0.638622 10.215252 0.839061
v 1.694232 14.912721 -1.962378
v 1.792395 14.434857 -2.173581
v 1.019736 14.303465 -2.303667
v 0.892269 14.962708 -2.079612
v 4.172166 14.130512 -2.060343
v 4.531427 13.971527 -2.025954
v 4.657427 13.420592 -1.869507
v 4.787838 13.801354 -1.953396
v 3.951450 13.044717 -1.050246
v 4.262859 13.053024 -1.063800
v 4.584437 13.023504 -1.071612
v 4.792400 13.109688 -0.298773
v 5.047200 14.238746 -0.757548
v 4.859495 14.635187 -0.750492
v 4.386492 14.832071 -0.751203
v 3.811221 14.968880 -0.784899
v 3.160395 15.207839 -0.767448
v 2.629953 15.404202 -0.765810
v 1.537209 15.599656 -1.552959
v 1.831320 15.359067 -1.579059
v 0.823392 15.594193 -1.803348
v 1.046817 16.005987 -1.399275
v 0.823392 16.028687 -1.576602
v 1.543770 15.623750 0.079047
v 1.408041 15.485365 0.496503
v 1.536552 14.997421 0.666423
v 1.847457 15.216120 -0.042957
v 0.863406 12.248495 1.022688
v 1.692504 14.086000 0.909909
v 0.970443 14.001238 1.254906
v 1.628595 14.490721 0.742428
v 0.940239 14.415751 1.125873
v 0.900396 14.803075 1.036278
v 0.823716 15.347863 0.889479
v 4.938767 14.152642 -1.631799
v 4.718483 14.376805 -1.704357
v 4.382351 14.573014 -1.642410
v 3.811770 14.843321 -1.531224
v 3.125538 15.082091 -1.541205
v 2.565018 15.302115 -1.440045
v 2.375541 14.962230 -1.954611
v 1.521585 15.957766 -1.022472
v 2.020464 15.607792 -1.179684
v 1.660635 15.814828 -0.425088
v 2.002653 15.606243 -0.589284
v 1.800162 13.949288 -2.199726
v 1.019799 13.723118 -2.251935
v 2.315475 14.606694 -2.101059
v 1.081080 12.595985 -2.080620
v 0.996507 13.095855 -2.280879
v 1.338660 12.181931 -1.630026
v 0.961578 12.162680 -1.760778
v 1.620954 12.711212 -1.075698
v 1.399761 12.201118 -0.893214
v 2.288232 15.497604 -0.708399
v 2.291535 15.426441 -1.388583
v 1.227681 16.210558 -0.918081
v 0.782163 16.297821 -1.332099
v 1.366740 16.067692 -0.299853
v 1.267281 15.884614 0.295371
v 0.763146 15.706863 0.764001
v -2.377062 14.269915 0.128043
v -2.124288 14.158657 0.366066
v -2.266524 14.941216 -0.029853
v -1.165716 0.728136 0.522324
v -1.047204 0.529902 1.332711
v -0.945792 0.428670 1.077948
v -1.386432 0.749493 0.813636
v -1.684449 0.664821 0.501048
v -1.809819 0.484839 1.345626
v -1.399842 0.578484 1.385316
v -1.961199 0.380115 1.063530
v -1.976895 0.402939 1.415970
v -1.180026 0.912898 -0.460602
v -0.985590 0.996895 -0.176310
v -0.982530 0.883918 -0.190953
v -1.054593 0.668790 -0.232092
v -1.136943 0.995400 0.275373
v -1.023201 0.668790 0.149652
v -1.160928 0.668790 -0.489285
v -0.873531 0.364734 0.394371
v -1.720359 0.912853 -0.284247
v -1.718055 0.668790 -0.287703
v -1.726848 0.668790 0.016821
v -1.725822 0.927991 -0.038646
v -1.511649 0.913717 -0.475506
v -1.524258 0.668790 -0.498879
v -1.859481 0.364734 0.394371
v -1.591974 0.001440 2.397744
v -1.141578 0.001440 2.379555
v -1.406205 0.444114 2.093400
v -1.974285 0.001440 2.090691
v -0.883431 0.001440 2.099070
v -0.838386 0.001440 1.681290
v -2.122605 0.001440 1.681290
v -1.045215 0.000000 -0.491472
v -0.871137 -0.000000 0.463014
v -1.897029 0.000009 0.463014
v -1.600380 0.000000 -0.491472
v -0.937026 0.001440 1.190142
v -2.097747 0.001440 1.190142
v -0.987849 0.447381 1.834209
v -0.874296 0.449424 1.384758
v -1.024839 0.366435 -0.584586
v -1.873998 0.407556 1.873980
v -1.607121 0.366435 -0.584586
v -1.383192 1.117791 0.365058
v -1.383192 0.943830 0.542808
v -1.597914 1.007416 0.166833
v -1.037907 1.377082 -0.184473
v -1.122534 1.487620 0.214029
v -1.370772 1.573660 0.261432
v -1.585521 1.469206 0.129951
v -1.725894 1.349236 -0.075303
v -1.730664 1.283158 -0.289701
v -1.500930 1.257238 -0.481257
v -1.275597 1.256527 -0.547326
v -1.151613 1.256743 -0.473841
v -0.967293 2.106829 -0.244071
v -1.044108 2.105731 0.188433
v -1.335357 2.106199 0.239922
v -1.570563 2.105371 0.079839
v -1.776564 2.105074 -0.083880
v -1.829178 2.106973 -0.322200
v -1.487142 2.107873 -0.566073
v -1.234125 2.107162 -0.637821
v -1.094922 2.107378 -0.558099
v 1.082610 0.781479 0.522324
v 0.862686 0.482004 1.077948
v 0.964089 0.583245 1.332711
v 1.726722 0.538182 1.345626
v 1.601334 0.718164 0.501048
v 1.303326 0.802827 0.813636
v 1.316745 0.631818 1.385316
v 1.878102 0.433458 1.063530
v 1.893789 0.456282 1.415970
v -0.039285 8.059203 -0.475848
v -0.112257 7.737525 -0.454959
v -0.095976 8.045415 -1.555119
v 0.015291 8.135775 -1.554957
v 0.066834 7.757514 -0.454959
v 0.098469 7.763544 0.532278
v -0.034740 7.910613 0.527958
v 0.221679 8.042553 1.336122
v -0.039348 8.069310 1.336149
v -0.035001 8.391878 1.300536
v 0.004185 8.656487 -1.676907
v 0.135981 8.051705 -1.554804
v -0.173349 7.718526 0.532278
v -0.321363 7.997463 1.336176
v -1.772271 9.094733 0.303030
v -1.398609 8.848692 0.980955
v -1.392129 9.008729 0.924120
v -0.891450 8.933012 1.127565
v -0.901647 8.492112 1.217349
v -0.041517 8.841869 1.298178
v 1.679445 9.171837 0.303030
v 1.303569 9.057328 0.924120
v 1.314594 8.910747 0.980955
v -1.518957 3.054790 -0.717246
v -1.197954 3.074401 -0.831600
v -1.240884 2.616382 -0.769761
v -0.687924 3.748456 -0.209763
v -0.854820 3.721798 0.337050
v -0.936279 3.119545 0.238869
v -0.735462 3.128140 -0.293067
v -1.027215 2.594656 0.222633
v -0.931095 2.515222 -0.296766
v -0.868950 3.718702 -0.660681
v -0.943596 3.101770 -0.735066
v -1.090620 2.516464 -0.674001
v -1.161162 3.672604 -0.867555
v -1.325565 3.092122 0.293292
v -1.631331 3.091294 0.094680
v -1.852344 3.090997 -0.108441
v -1.920762 3.092896 -0.404109
v -0.167103 7.173846 0.543762
v -0.107946 7.294572 -0.419562
v -1.488420 8.089497 1.082331
v -1.918017 8.270892 0.337653
v -2.008593 7.720758 0.368613
v -1.527588 7.719804 1.123227
v -1.036935 7.710102 1.371708
v -0.986409 8.050653 1.331874
v -1.956393 8.407098 -0.504378
v -1.560852 8.276751 -1.588590
v -1.604214 7.712423 -1.451907
v -2.112093 7.720758 -0.403128
v -0.818433 8.260451 -1.795203
v -0.839448 7.724051 -1.645587
v -1.154871 7.028316 1.447272
v -0.684801 7.039233 1.472355
v -0.391563 7.724403 1.363752
v -0.373464 7.075107 1.263834
v -0.306567 7.732152 -1.345302
v -2.494476 5.285719 -0.432810
v -2.352276 4.564000 -0.425871
v -2.231109 4.487473 0.221796
v -2.576106 5.242528 0.000477
v -2.270871 6.267168 -0.472239
v -2.396853 6.225228 0.040554
v -1.918575 4.211101 -0.005481
v -1.715994 4.264993 -0.371169
v -2.205666 7.296858 -0.341145
v -0.927729 5.392450 1.437066
v -0.930366 5.079465 1.414827
v -0.608400 5.097277 1.215090
v -0.606519 5.321961 1.230939
v -0.690210 4.724740 1.142190
v -0.969381 4.697973 1.336833
v -0.921186 5.679045 1.499004
v -0.611667 5.646141 1.283121
v -0.592641 6.111027 1.392786
v -0.912357 6.087618 1.586439
v -0.788823 4.465945 0.927279
v -0.973503 4.435948 1.110303
v -0.817830 4.207114 0.616248
v -1.839897 5.115483 1.154790
v -1.864143 5.416209 1.179594
v -2.365344 5.208382 0.305631
v -0.365904 5.153617 0.654867
v -1.369836 5.085982 1.393164
v -1.364094 5.405806 1.416330
v -2.364804 5.489208 0.337428
v -0.388341 5.578966 0.643113
v -0.228879 5.245524 -0.230229
v -0.479250 4.769568 0.665478
v -1.826640 5.622705 1.241046
v -2.365830 4.949632 0.276336
v -1.700424 4.730437 1.062306
v -1.389339 4.688209 1.314702
v -1.348461 5.695965 1.479249
v -1.294497 3.630619 0.394002
v -1.604169 3.631177 0.194544
v -1.875744 3.651553 -0.060282
v -1.944999 3.676492 -0.427401
v -1.494288 3.687778 -0.785160
v -0.637686 4.304854 -0.126045
v -1.282698 4.174102 0.676152
v -1.547343 4.191031 0.426618
v -1.500606 4.292821 -0.688032
v -1.157958 4.319551 -0.813141
v -0.831501 4.329082 -0.606456
v -1.827063 9.163025 -0.534888
v -1.499670 9.036396 -1.463373
v -0.829773 8.833095 -1.716543
v -0.051120 9.298025 1.297701
v -0.776511 9.363914 1.098252
v -0.338103 4.553271 -0.181935
v -0.597861 4.502665 0.679077
v -0.103923 6.239718 -0.315342
v -0.246519 6.178176 0.562572
v -1.676259 4.446136 0.845280
v -1.343583 4.429207 1.094823
v -2.259783 6.195132 0.437985
v -1.684431 6.094170 1.319688
v -1.305225 6.077250 1.551357
v -2.097432 7.174494 0.399276
v -1.599219 7.045245 1.197738
v -1.384578 9.480779 0.849690
v -1.661292 9.610514 0.229293
v -1.690767 5.324616 -0.906435
v -1.615203 4.613463 -0.831339
v -1.717128 6.315003 -1.004445
v -1.641906 7.393491 -1.372941
v -1.758222 9.682380 -0.638424
v -1.352709 9.553707 -1.211382
v -1.102986 5.293215 -1.117917
v -1.105254 4.582063 -1.016325
v -1.111995 6.283602 -1.200618
v -0.863136 7.433181 -1.564092
v -0.837333 9.375885 -1.601316
v -0.688905 4.591594 -0.828063
v -0.509580 5.302746 -0.929655
v -0.436914 6.293133 -1.012365
v -0.352881 7.380954 -1.254978
v -0.008775 9.358642 -1.652463
v 1.096929 0.966240 -0.460602
v 0.899415 0.937251 -0.190953
v 0.902475 1.050228 -0.176310
v 0.971478 0.722133 -0.232092
v 1.053837 1.048734 0.275373
v 0.940086 0.722133 0.149652
v 1.077822 0.722124 -0.489285
v 0.790425 0.418077 0.394371
v 1.643733 0.722124 0.016821
v 1.634958 0.722124 -0.287703
v 1.637271 0.966195 -0.284247
v 1.642725 0.981324 -0.038646
v 1.441143 0.722124 -0.498879
v 1.428534 0.967050 -0.475506
v 1.776366 0.418077 0.394371
v 1.435842 3.108132 -0.717336
v 1.157967 2.669724 -0.769752
v 1.115091 3.127743 -0.831582
v 0.853155 3.172887 0.238977
v 0.782991 3.775141 0.337212
v 0.620532 3.801798 -0.209547
v 0.652671 3.181473 -0.292887
v 0.848178 2.568564 -0.296649
v 0.944046 2.647998 0.222714
v 0.797148 3.772044 -0.660528
v 0.860841 3.155112 -0.734958
v 1.007757 2.569806 -0.673947
v 1.082052 3.725938 -0.867510
v 1.242180 3.145455 0.293265
v 1.509552 0.054783 2.401902
v 1.323036 0.497457 2.096289
v 1.057302 0.054783 2.383632
v 0.798084 0.054783 2.101986
v 1.893465 0.054783 2.093562
v 0.752841 0.054783 1.682487
v 2.042388 0.054783 1.682487
v 1.815876 0.053343 0.459162
v 0.785736 0.053343 0.459162
v 0.961029 0.053343 -0.499905
v 1.517499 0.053343 -0.499905
v 2.017422 0.054783 1.189287
v 0.851895 0.054783 1.189287
v 0.904734 0.500724 1.834200
v 0.791181 0.502767 1.384758
v 0.941733 0.419778 -0.584586
v 1.790892 0.460899 1.873980
v 1.524015 0.419778 -0.584586
v 1.300077 0.997164 0.542808
v 1.300077 1.171134 0.365058
v 1.514808 1.060758 0.166833
v 0.954792 1.430424 -0.184473
v 1.039419 1.540953 0.214029
v 1.287666 1.626993 0.261432
v 1.502406 1.522548 0.129951
v 1.642779 1.402578 -0.075303
v 1.647549 1.336500 -0.289701
v 1.417815 1.310580 -0.481257
v 1.068507 1.310076 -0.473841
v 0.884547 2.160171 -0.243936
v 0.961119 2.159073 0.188541
v 1.252107 2.159532 0.239940
v 1.487178 2.158713 0.079767
v 1.693062 2.158416 -0.084015
v 1.745730 2.160306 -0.322362
v 1.404081 2.161215 -0.566118
v 1.151298 2.160504 -0.637776
v 1.012185 2.160720 -0.558000
v 1.547838 3.144636 0.094545
v 1.768797 3.144339 -0.108648
v 1.837269 3.146238 -0.404343
v 0.049626 7.329402 -0.419562
v 0.086364 7.230186 0.543762
v 1.927746 7.776117 0.368613
v 1.839132 8.331030 0.337662
v 1.413666 8.147853 1.082331
v 1.451367 7.776135 1.123227
v 0.880623 8.105526 1.331874
v 0.931104 7.779573 1.371708
v 1.557288 7.784361 -1.451907
v 1.502271 8.348210 -1.588590
v 1.883925 8.484560 -0.504378
v 2.035791 7.780806 -0.403128
v 0.792549 7.770725 -1.645587
v 0.760167 8.296793 -1.795203
v 0.601686 7.092576 1.472355
v 1.071756 7.081659 1.447272
v 0.274950 7.769610 1.363752
v 0.290349 7.128441 1.263834
v 0.246870 7.762967 -1.345302
v 2.148021 4.540807 0.221796
v 2.269179 4.617342 -0.425871
v 2.411361 5.339061 -0.432810
v 2.493018 5.295870 0.000477
v 2.187756 6.320502 -0.472239
v 2.313738 6.278571 0.040554
v 1.835460 4.264443 -0.005481
v 1.632897 4.318336 -0.371169
v 2.122560 7.350192 -0.341145
v 0.525285 5.150619 1.215090
v 0.847251 5.132808 1.414827
v 0.844623 5.445792 1.437066
v 0.523422 5.375295 1.230939
v 0.607104 4.778082 1.142190
v 0.886266 4.751317 1.336833
v 0.838089 5.732388 1.499004
v 0.528552 5.699484 1.283121
v 0.509535 6.164370 1.392786
v 0.829251 6.140961 1.586439
v 0.705708 4.519288 0.927279
v 0.890397 4.489290 1.110303
v 0.734733 4.260457 0.616248
v 1.756782 5.168826 1.154790
v 2.282247 5.261715 0.305631
v 1.781046 5.469552 1.179594
v 0.282798 5.206959 0.654867
v 1.280979 5.459148 1.416330
v 1.286748 5.139315 1.393164
v 2.281698 5.542542 0.337428
v 0.305226 5.632308 0.643113
v 0.145764 5.298858 -0.230229
v 0.396135 4.822912 0.665478
v 1.743525 5.676048 1.241046
v 2.282733 5.002974 0.276336
v 1.617318 4.783779 1.062306
v 1.306242 4.741543 1.314702
v 1.265355 5.749308 1.479249
v 1.211535 3.683953 0.394011
v 1.513440 3.684519 0.194436
v 1.778238 3.704895 -0.060480
v 1.845891 3.729835 -0.427617
v 1.406718 3.741112 -0.785223
v 0.554580 4.358196 -0.126045
v 1.199610 4.227445 0.676152
v 1.464246 4.244365 0.426618
v 1.417491 4.346164 -0.688032
v 1.074861 4.372884 -0.813141
v 0.748395 4.382415 -0.606456
v 0.803736 8.539317 1.217349
v 1.407771 9.095021 -1.463373
v 1.732347 9.241154 -0.534888
v 0.746487 8.864189 -1.716543
v 0.732465 8.968688 1.127574
v 0.672003 9.393263 1.098252
v 0.254988 4.606615 -0.181935
v 0.514746 4.555999 0.679077
v 0.020808 6.293052 -0.315342
v 0.163413 6.231519 0.562572
v 1.593153 4.499469 0.845280
v 1.260477 4.482549 1.094823
v 2.176677 6.248475 0.437985
v 1.601325 6.147513 1.319688
v 1.222110 6.130593 1.551357
v 2.014335 7.227837 0.399276
v 1.516104 7.098579 1.197738
v 1.554039 9.673397 0.229302
v 1.283877 9.529738 0.849690
v 1.532088 4.666807 -0.831339
v 1.607670 5.377950 -0.906435
v 1.634013 6.368346 -1.004445
v 1.573686 7.453017 -1.372941
v 1.245708 9.596304 -1.211382
v 1.651086 9.735597 -0.638424
v 1.022157 4.635406 -1.016325
v 1.019871 5.346549 -1.117917
v 1.028880 6.336945 -1.200618
v 0.794538 7.484544 -1.564092
v 0.735642 9.402786 -1.601316
v 0.605790 4.644937 -0.828063
v 0.426465 5.356080 -0.929655
v 0.353808 6.346476 -1.012365
v 0.291672 7.423713 -1.254978
v -0.041553 16.176582 0.996381
v -0.041553 15.666884 0.891594
v -0.291321 16.616394 1.002465
v 0.208206 16.616394 1.002465
v -0.864693 10.172908 -1.473624
v -0.008451 10.189170 -1.569825
v -1.381743 10.200249 -1.224423
v -1.584369 10.199555 -0.639594
v -1.589112 10.201598 0.024120
v -1.476027 10.215549 0.589617
v -0.743508 10.204380 0.839124
v -0.052587 10.226269 1.037565
v -5.360930 13.641075 -1.759014
v -5.119659 13.715561 -1.790595
v -5.063580 13.575709 -1.828638
v -5.301305 13.503889 -1.795068
v -4.975433 13.793131 -1.721862
v -4.902003 13.650743 -1.754370
v -5.484941 13.405149 -1.731465
v -5.538752 13.595356 -1.704555
v -7.398269 12.817135 -1.416195
v -6.579332 13.177496 -1.507230
v -6.521030 12.901123 -1.552833
v -7.447886 12.570643 -1.416879
v -7.886789 12.637126 -1.562526
v -7.612486 12.735217 -1.414701
v -7.840709 12.508183 -1.619730
v -8.412046 12.478042 -1.638999
v -8.352908 12.328769 -1.715283
v -5.680780 13.592747 -1.614321
v -5.606576 13.270933 -1.647306
v -4.821606 13.805019 -1.978542
v -5.012334 13.722877 -0.095076
v -4.833621 14.207087 -0.042471
v -5.058936 13.967416 -0.204327
v -4.394376 14.337919 -0.206928
v -3.861018 14.503889 -0.282654
v -3.287574 14.641542 -0.284292
v -2.782656 14.776164 -0.165519
v -4.974165 13.896820 -0.297720
v -5.431094 13.806199 -1.438101
v -5.182685 13.900546 -1.439901
v -5.199317 13.272319 -1.621386
v -4.967577 13.356271 -1.673136
v -5.359976 13.989286 -1.095453
v -5.058414 13.930346 -1.465650
v -5.001497 13.100887 -1.292427
v -5.415857 13.172743 -1.551915
v -4.837167 13.511161 -1.654524
v -5.551712 13.748572 -1.447983
v -7.394678 12.399202 -1.087173
v -6.394661 12.596527 -1.083924
v -6.436628 12.677914 -0.715077
v -7.427546 12.449728 -0.782424
v -6.618896 13.217626 -0.587898
v -7.462447 12.841427 -0.679437
v -6.665480 13.364075 -0.934029
v -7.435430 12.970027 -0.964548
v -6.623270 13.319776 -1.351269
v -6.463214 12.729394 -1.483002
v -8.055971 12.490921 -0.286155
v -8.198549 12.243710 -0.193833
v -7.958915 12.285280 -0.162747
v -7.817903 12.305620 -0.408915
v -7.921862 11.869750 -0.216765
v -7.767782 12.437092 -0.555093
v -7.908209 12.662785 -0.499050
v -7.606591 12.778956 -0.677358
v -7.747073 12.194542 -0.647010
v -7.740998 12.218103 -1.076157
v -7.959392 12.815596 -0.901764
v -7.682795 12.857194 -0.963333
v -7.904564 12.691379 -1.387215
v -7.786691 12.361320 -1.540422
v -8.416889 12.425032 -0.443592
v -8.869634 12.167353 -0.485865
v -8.794862 12.079342 -0.448848
v -8.359199 12.286009 -0.407628
v -8.889119 11.986219 -0.476271
v -8.943578 12.046061 -0.508338
v -8.302373 12.130075 -0.306999
v -8.074115 11.970343 -0.071370
v -8.366849 11.471842 -0.293733
v -8.333342 11.482238 -0.353088
v -8.307746 11.398275 -0.337077
v -8.290358 11.405053 -0.237555
v -8.222291 11.432016 -0.331029
v -8.331578 11.641825 -0.215478
v -8.279585 11.657953 -0.307575
v -8.212895 11.538199 -0.128331
v -8.307062 11.597132 -0.148878
v -8.061074 11.519164 -0.255339
v -8.196605 11.635516 -0.353214
v -8.101295 11.580022 -0.341361
v -8.240552 11.954124 -0.215163
v -8.187469 11.908513 -0.306288
v -8.104939 11.803205 -0.077265
v -8.206910 11.843020 -0.102321
v -7.960445 11.765324 -0.208053
v -8.003276 11.884609 -0.332793
v -8.176112 11.970901 -0.128736
v -8.254564 12.014074 -0.359478
v -7.813421 12.073042 -0.479250
v -8.317636 12.056193 -0.527247
v -8.896139 12.210337 -1.738800
v -8.890280 12.310570 -1.699047
v -8.718344 11.968606 -1.057590
v -8.820314 11.908090 -1.049859
v -9.056581 12.172537 -1.036350
v -8.982872 12.307978 -1.045395
v -9.013707 12.124549 -0.769743
v -8.815193 11.902366 -0.778941
v -8.723392 11.966887 -0.768078
v -8.933534 12.246706 -0.760005
v -9.193922 11.764604 -0.941949
v -9.184814 11.762938 -0.849474
v -8.807111 11.893312 -0.754218
v -8.981054 12.088009 -0.742662
v -8.729414 11.964852 -0.461448
v -8.799353 11.884636 -0.481014
v -9.062523 11.784762 -0.644130
v -9.053406 11.783089 -0.553311
v -8.781443 12.063223 -1.741284
v -8.905301 12.003212 -1.704375
v -8.996489 12.105721 -1.702044
v -9.033255 12.146429 -1.444113
v -8.886761 11.982466 -1.458378
v -8.761130 12.032767 -1.435635
v -8.978291 12.305287 -1.412226
v -9.033264 12.146456 -1.643805
v -8.875439 11.969785 -1.412928
v -9.058968 12.175210 -1.394361
v -9.061875 12.178468 -1.075455
v -8.833103 11.922400 -1.082772
v -8.701982 11.529433 -0.887814
v -8.733581 11.434808 -0.912132
v -8.667151 11.486206 -0.952434
v -8.738935 11.431820 -0.966366
v -8.732753 11.464381 -1.010124
v -8.697419 11.557280 -0.933120
v -8.704079 11.549602 -0.978885
v -8.895005 11.513738 -0.824418
v -8.917145 11.456848 -0.877545
v -8.877671 11.583387 -1.036638
v -8.871371 11.634950 -0.981117
v -8.925451 11.452223 -0.961695
v -8.915849 11.502739 -1.029582
v -8.861039 11.646865 -0.910116
v -8.868131 11.603656 -0.839826
v -9.056691 11.656235 -0.806319
v -9.108711 11.622511 -0.858312
v -9.047250 11.774054 -1.019466
v -8.968202 11.803807 -0.977418
v -9.117727 11.620387 -0.942489
v -9.078938 11.651635 -1.011573
v -8.936621 11.798236 -0.826101
v -9.001764 11.793808 -0.823014
v -9.123632 11.772991 -0.792351
v -9.145863 11.777698 -1.017837
v -8.630990 11.549782 -0.584829
v -8.680175 11.462761 -0.608256
v -8.604827 11.499786 -0.648657
v -8.685710 11.460159 -0.662499
v -8.673101 11.490328 -0.706590
v -8.620865 11.575622 -0.630414
v -8.628632 11.568781 -0.676143
v -8.823716 11.572597 -0.522756
v -8.856170 11.520388 -0.575379
v -8.812510 11.625949 -0.735642
v -8.776196 11.684872 -0.680688
v -8.864774 11.516347 -0.659529
v -8.845199 11.563156 -0.727929
v -8.764153 11.695493 -0.609750
v -8.779859 11.655406 -0.539019
v -8.990108 11.677987 -0.508023
v -9.052254 11.675251 -0.559773
v -8.911214 11.757106 -0.722772
v -8.846243 11.777140 -0.668808
v -9.061371 11.676925 -0.643950
v -9.003474 11.727091 -0.713286
v -8.829890 11.775530 -0.574488
v -8.871218 11.770174 -0.526401
v -8.985590 11.772911 -0.497475
v -9.007740 11.777636 -0.718947
v -8.701307 11.711081 -1.517040
v -8.716895 11.615158 -1.550178
v -8.655245 11.678032 -1.580634
v -8.717093 11.615590 -1.604754
v -8.711882 11.651914 -1.645587
v -8.696897 11.742643 -1.559853
v -8.698427 11.737621 -1.606437
v -8.894843 11.664487 -1.473489
v -8.904005 11.609318 -1.531971
v -8.885744 11.736774 -1.680813
v -8.875367 11.799325 -1.619253
v -8.904311 11.609992 -1.616652
v -8.896229 11.666341 -1.679985
v -8.872972 11.807110 -1.546974
v -8.879831 11.758142 -1.480563
v -9.078434 11.796976 -1.469745
v -9.133937 11.790001 -1.528227
v -8.986238 11.895814 -1.675980
v -8.917955 11.894653 -1.654578
v -9.133379 11.790496 -1.612908
v -9.077067 11.798830 -1.676241
v -8.909819 11.894581 -1.501974
v -8.964080 11.896255 -1.475721
v -9.141974 11.897569 -1.527129
v -9.141417 11.898064 -1.611810
v -9.086481 11.904544 -1.468656
v -9.085103 11.906407 -1.675152
v -8.300672 12.088333 -1.662624
v -8.303255 12.049633 -1.072611
v -8.499878 12.605698 -1.016685
v -8.472761 12.547405 -1.467918
v -8.735246 11.617472 -1.227546
v -8.765576 11.525149 -1.260675
v -8.694899 11.577646 -1.291131
v -8.765719 11.525608 -1.315260
v -8.754911 11.560672 -1.356084
v -8.725966 11.647963 -1.270350
v -8.728271 11.643248 -1.316934
v -8.933669 11.601595 -1.183995
v -8.951318 11.548522 -1.242468
v -8.913428 11.671579 -1.391319
v -8.893430 11.731752 -1.329759
v -8.951525 11.549242 -1.327149
v -8.934758 11.603647 -1.390491
v -8.889839 11.739079 -1.257480
v -8.904257 11.691774 -1.191060
v -9.130195 11.752184 -1.180251
v -9.184167 11.737576 -1.238724
v -9.052604 11.862865 -1.386477
v -8.991395 11.879425 -1.336680
v -9.183688 11.738143 -1.323405
v -9.129087 11.754217 -1.386747
v -8.983313 11.880487 -1.240875
v -9.030708 11.866375 -1.186227
v -9.207062 11.842994 -1.237635
v -9.206586 11.843560 -1.322316
v -9.153081 11.857599 -1.179153
v -9.151974 11.859634 -1.385649
v -5.418449 12.811321 -1.079901
v -5.475419 12.921850 -0.579015
v -5.722928 13.654766 -0.406314
v -5.786189 13.853639 -0.876348
v -5.715782 13.735972 -1.316844
v -5.553341 13.034468 -1.500939
v -4.982994 13.035610 -1.081674
v -5.041763 13.122469 -0.639045
v -4.647375 13.150117 -1.075590
v -4.825403 13.230145 -0.433260
v -5.265540 13.729069 -0.486432
v -5.357132 13.976308 -0.901800
v -4.989708 14.091688 -0.814563
v -4.960817 14.119272 -1.541178
v -4.708169 13.480381 -1.732293
v -0.001143 11.515741 -1.720854
v -0.812808 11.502917 -1.620180
v -0.898542 11.775284 -1.623672
v -0.000963 11.782664 -1.735893
v -1.228203 11.500299 -1.399995
v -1.305765 11.779325 -1.482282
v -1.476198 11.508083 -0.771903
v -1.507653 11.794508 -0.837387
v -1.442025 11.504671 0.039510
v -1.502937 11.777796 0.085959
v -1.357740 11.502152 0.546642
v -1.388241 11.772899 0.593136
v -0.766440 11.511395 0.905328
v -0.816687 11.782142 0.924822
v -0.042138 11.518729 1.073205
v -0.042363 11.791294 1.057500
v 0.000945 11.138742 -1.626885
v -0.830169 11.151549 -1.532304
v -1.277793 11.155374 -1.283130
v -1.537164 11.158210 -0.662085
v -1.502748 11.161729 0.023940
v -1.369179 11.176965 0.545823
v -0.712296 11.185398 0.827541
v -0.041625 11.184228 1.026018
v 0.000873 10.818612 -1.569825
v -0.830169 10.809072 -1.473660
v -1.277793 10.801682 -1.224486
v -1.474389 10.802592 -0.639666
v -1.478952 10.804670 0.024048
v -1.369071 10.817730 0.589545
v -0.712215 10.839600 0.839088
v -0.041553 10.856052 1.037565
v -1.102842 14.303467 -2.303667
v -1.875510 14.434858 -2.173581
v -1.777329 14.912721 -1.962378
v -0.975384 14.962708 -2.079612
v -4.217409 14.130514 -2.091969
v -4.614533 13.971529 -2.151504
v -4.870934 13.801357 -2.078946
v -4.740534 13.420593 -1.869507
v -4.667535 13.023505 -1.071612
v -4.875497 13.109690 -0.298773
v -5.130315 14.238748 -0.757548
v -4.942602 14.635189 -0.750492
v -4.469589 14.832073 -0.751203
v -3.894309 14.968882 -0.784899
v -3.243510 15.207841 -0.767448
v -2.713050 15.404202 -0.765810
v -1.914435 15.359058 -1.579059
v -1.620315 15.599655 -1.552959
v -0.906498 15.594193 -1.803348
v -1.129923 16.005987 -1.399275
v -0.906498 16.028687 -1.576602
v -1.619667 14.997421 0.666423
v -1.491156 15.485365 0.496503
v -1.626858 15.623750 0.079047
v -1.930572 15.216110 -0.042957
v -0.946674 12.248495 1.022724
v -1.479447 12.206059 0.588852
v -1.053657 14.001238 1.254906
v -1.782423 14.086000 0.892782
v -1.023345 14.415751 1.125873
v -1.711692 14.490721 0.742428
v -0.983502 14.803075 1.036278
v -0.906831 15.347855 0.889479
v -5.021874 14.152655 -1.631799
v -4.801599 14.376808 -1.704357
v -4.465467 14.573017 -1.642410
v -3.894867 14.843322 -1.531224
v -3.208653 15.082092 -1.541205
v -2.648133 15.302115 -1.440045
v -2.458647 14.962230 -1.954611
v -2.103579 15.607792 -1.217628
v -1.604691 15.957766 -1.022472
v -1.743750 15.814828 -0.425088
v -2.085768 15.606243 -0.589284
v -1.102941 13.723118 -2.290185
v -1.941669 13.949289 -2.169045
v -2.398572 14.606695 -2.101059
v -2.398455 14.144158 -2.130003
v -0.952398 12.162680 -1.760733
v -1.602585 12.208301 0.058086
v -2.371347 15.497604 -0.708399
v -2.374632 15.426441 -1.350639
v -0.005076 12.156281 -1.823292
v 0.000972 13.667840 -2.366685
v 0.000864 14.249420 -2.401911
v 0.000864 14.989922 -2.195802
v 0.000864 15.641011 -1.921212
v 0.000873 16.038586 -1.611378
v -0.041607 13.932476 1.464147
v -0.041553 14.390496 1.334664
v -0.041553 14.794012 1.247436
v -0.041553 15.260139 1.092060
v -0.865269 16.297821 -1.332099
v 0.000864 16.338448 -1.461771
v -1.310796 16.210558 -0.918081
v -1.449846 16.067692 -0.299853
v -1.350387 15.884614 0.295371
v -0.846252 15.706863 0.764001
v -0.041553 15.610843 0.975159
v -0.801891 16.872427 -1.213767
v 0.000864 16.913197 -1.389483
v -1.310796 16.784668 -0.857673
v -1.449846 16.641172 -0.253008
v -1.350387 16.455681 0.329823
v -0.846252 16.274693 0.789165
v -0.793566 17.417267 -1.283499
v 0.000864 17.450424 -1.359315
v -1.302471 17.240723 -0.903465
v -1.441521 17.081614 -0.275094
v -1.342062 16.910694 0.313182
v -0.837936 16.736858 0.828945
v -0.710154 17.417267 -1.164672
v 0.000873 17.450424 -1.230759
v -1.172817 17.240723 -0.837603
v -0.710154 16.326712 -1.306260
v 0.000873 16.334965 -1.372338
v -1.172817 16.265547 -0.837603
v -1.299231 16.177933 -0.360369
v -1.208799 16.057800 0.048582
v -0.750483 15.762717 0.721386
v -0.418365 16.280352 -0.866106
v 0.000864 16.293447 -0.944847
v -0.665991 16.252836 -0.697752
v -0.701991 16.093664 -0.046755
v -0.041553 15.977339 0.159372
v -0.418365 16.722260 -0.872721
v 0.000891 16.722412 -0.952542
v -0.665991 16.722403 -0.702135
v -0.701991 16.722412 -0.095517
v -0.041553 16.722052 0.207909
v 0.718776 16.872427 -1.213767
v 1.227681 16.784668 -0.857673
v 1.366740 16.641172 -0.253008
v 1.267281 16.455681 0.329823
v 0.763146 16.274693 0.789165
v 0.710460 17.417267 -1.283499
v 1.219374 17.240723 -0.903465
v 1.358424 17.081614 -0.275094
v 1.258974 16.910694 0.313182
v 0.754821 16.736858 0.828945
v 0.627048 17.417267 -1.164672
v 1.089702 17.240723 -0.837603
v 0.627048 16.326712 -1.306260
v 1.089702 16.265547 -0.837603
v 1.216116 16.177933 -0.360369
v 1.125702 16.057800 0.048582
v 0.667377 15.762717 0.721386
v 0.335250 16.280352 -0.866106
v 0.582885 16.252836 -0.697752
v 0.618885 16.093672 -0.046755
v 0.335250 16.722260 -0.872721
v 0.582876 16.722403 -0.702135
v 0.618885 16.722412 -0.095517
v -0.418455 17.507179 -0.924993
v -0.418590 17.639399 -1.037205
v 0.000945 17.638472 -1.043973
v 0.000945 17.507620 -0.974061
v 0.624681 17.155214 -0.024372
v 0.516015 17.331074 -0.697392
v 0.530136 17.481791 -0.678006
v 0.686142 17.235783 0.023481
v 0.625086 17.077177 -0.083988
v 0.511110 17.124937 -0.706284
v 0.716004 17.575930 -0.622080
v 0.543987 17.685217 -0.983070
v 0.708426 17.728714 -0.926226
v 0.776556 17.332634 0.041472
v 0.918000 17.671204 -0.610281
v 0.919521 17.787331 -0.844452
v 0.985644 17.523270 -0.071910
v 1.201680 18.054739 -0.586251
v 1.262205 18.176077 -0.260433
v 1.081620 17.701813 0.816138
v 0.909576 17.465122 0.846711
v 0.954369 17.474401 0.657351
v 1.128447 17.699608 0.605934
v 1.120689 18.134693 0.799875
v 1.182915 18.139519 0.526707
v 0.510759 17.900307 1.429965
v 0.581643 18.125162 1.332288
v 0.475677 18.120159 1.417608
v 0.328950 18.114176 1.532484
v 0.424602 17.918434 1.486368
v 0.319284 17.031124 1.089630
v 0.117648 16.964300 1.198467
v -0.040599 16.956270 0.948195
v 0.365256 17.095411 1.195749
v 0.167166 17.033825 1.296513
v 0.256545 17.228521 1.411380
v 0.319392 17.515602 1.460241
v 0.328959 17.622793 1.478835
v 0.245052 18.109665 1.592622
v 0.318690 17.935543 1.553391
v -0.041022 16.944246 1.236645
v -0.036243 17.007778 1.348236
v -0.027306 17.196184 1.453437
v -0.026361 17.457733 1.495503
v 0.196938 17.566183 1.513890
v 0.330876 17.706791 1.516905
v 0.205668 17.624502 1.566117
v 0.328878 17.752474 1.549854
v 0.205668 17.702444 1.606914
v 0.223758 17.861311 1.630071
v 0.227637 17.802019 1.597725
v 0.333756 17.821810 1.535652
v 0.327105 17.869753 1.557009
v 0.212553 17.933599 1.603260
v 0.149652 18.104628 1.646172
v 0.732204 18.194681 -1.586241
v 0.713520 17.931070 -1.248417
v 0.545616 17.911280 -1.348461
v 0.545409 18.202393 -1.670400
v 0.926028 17.966818 -1.110375
v 0.956457 18.198261 -1.371690
v 1.252341 18.178679 -0.815679
v 0.991701 17.496712 0.358695
v 1.223937 18.149338 0.172674
v 0.685899 17.244137 0.734634
v 0.698787 17.243938 0.457758
v 0.918747 17.699167 1.035504
v 0.805293 17.445656 0.983682
v 0.958176 18.127342 1.029294
v 0.510462 17.858934 1.430748
v 0.226611 17.907797 -1.373013
v 0.229239 18.209946 -1.715472
v 0.226197 17.639399 -1.037205
v 0.226089 17.507179 -0.924993
v 0.226008 17.394337 -0.876393
v 0.226008 17.127665 -0.873585
v 0.759285 17.773624 1.231155
v 0.758205 18.126425 1.205433
v 0.547920 17.173189 1.074483
v 0.743220 17.315813 0.864153
v 0.484731 17.098345 0.968688
v 0.455733 17.074827 0.828018
v -0.038691 16.981606 0.492678
v 0.521964 17.171101 0.254673
v -0.045972 16.927423 0.218655
v -0.038727 16.986519 0.317295
v 0.000945 17.128889 -0.947979
v 0.000945 17.394733 -0.955917
v 0.000945 17.914061 -1.379736
v 0.000945 18.212736 -1.725057
v -0.023427 17.934032 1.652589
v -0.023427 18.105139 1.682208
v -0.023427 17.837793 1.660797
v -0.023427 17.774857 1.622412
v -0.023427 17.700409 1.627263
v -0.023427 17.600428 1.592145
v -0.023256 17.543575 1.530927
v 1.136394 20.199150 -1.174221
v 0.841851 20.486673 -1.345833
v 0.799227 20.657314 -0.878553
v 1.075653 20.341351 -0.772200
v 1.150650 19.899975 -1.504782
v 0.843381 20.123589 -1.665603
v 0.627840 20.575766 -1.408518
v 0.578826 20.776215 -0.914400
v 0.600696 20.203257 -1.726956
v 0.771264 19.440359 -1.889982
v 0.754092 18.960291 -1.877247
v 0.544167 18.960247 -1.982835
v 0.549405 19.434450 -1.991808
v 1.103598 19.434502 -1.657908
v 1.076373 18.960218 -1.660599
v 1.356957 19.434591 -0.907344
v 1.374795 19.141947 -0.864603
v 0.808605 19.805599 -1.812924
v 0.566775 19.807230 -1.913454
v 1.290465 19.899712 -1.004409
v 1.058616 19.894215 0.769797
v 0.950976 19.451693 0.979344
v 1.131093 19.434729 0.761148
v 1.163088 19.895330 0.570060
v 0.783333 19.895798 1.038546
v 0.566487 19.895987 1.158435
v 0.708624 19.475910 1.146312
v 0.814806 20.207367 0.800415
v 0.594090 20.275536 0.925236
v 1.079199 20.068005 0.629154
v 0.807228 20.472607 0.443196
v 0.590940 20.576071 0.499365
v 1.097019 20.214136 0.366660
v 1.361070 18.826597 -0.849330
v 1.374795 18.867439 -0.596943
v 1.398780 18.912071 -0.507564
v 1.460304 18.932915 -0.761679
v 1.397538 18.996571 -0.425322
v 1.515528 19.041006 -0.731889
v 1.278657 17.933401 -0.377271
v 1.387062 17.913385 -0.552384
v 1.256832 17.981569 -0.273690
v 1.486332 18.000748 -0.523359
v 1.442826 18.978821 -0.405225
v 1.620486 19.018909 -0.673416
v 0.537021 18.481356 -1.858536
v 0.737640 18.478403 -1.753479
v 0.997110 18.475687 -1.539342
v 1.701441 18.595467 -1.065663
v 1.541619 18.417494 -0.974844
v 1.522746 18.740406 -0.942399
v 1.306368 18.450144 -0.935658
v 1.448154 18.186211 -0.847188
v 1.564326 18.058584 -0.882990
v 1.928079 18.591724 -0.984897
v 1.750410 18.098993 -0.812646
v 0.213174 18.692001 1.305252
v 0.147762 18.709490 1.392561
v 0.108648 18.531181 1.567836
v 0.234432 18.464220 1.503288
v 1.066293 19.175482 0.859806
v 1.250739 19.137072 0.379800
v 1.271691 19.435034 0.357813
v 0.882738 19.249228 1.033353
v 0.676224 19.298061 1.116729
v 0.378801 19.500299 1.276065
v 0.395523 19.227898 1.221273
v 0.719001 18.953472 1.067751
v 0.794322 19.019638 1.044585
v 0.659061 19.065176 1.107729
v 0.817983 19.067202 1.071801
v 0.665775 19.115936 1.155933
v 0.650178 18.815876 1.124046
v 0.805113 18.905796 1.002852
v 0.877788 18.957411 0.951390
v 0.932670 18.979650 0.970083
v 0.332703 18.898184 1.187991
v 0.405180 19.003292 1.172502
v 0.366876 19.043615 1.244367
v 0.276156 18.930294 1.246941
v 0.422397 18.879562 1.184337
v 0.537921 18.983873 1.150011
v 0.687915 18.663691 1.019529
v 0.851967 18.753040 0.928206
v 0.842922 18.649223 0.906669
v 0.974682 18.771528 0.809694
v 0.377829 18.681166 1.146303
v 0.337113 18.664274 1.159470
v 0.487629 18.548775 1.111833
v 0.502704 18.592661 1.088577
v 0.318366 18.806458 1.181934
v 0.477702 18.697384 1.153674
v 1.020051 18.855587 0.849429
v 1.789686 18.927971 -0.865881
v 1.612854 18.989092 -0.931491
v 1.488240 18.881639 -0.863100
v 0.803223 20.626480 0.032265
v 0.585990 20.765503 0.059724
v 1.098261 20.303181 -0.013545
v 1.220013 19.900711 0.340767
v 1.273869 19.900505 -0.013950
v 1.337346 19.434853 0.009117
v 1.319121 19.137377 0.022725
v 1.226808 18.792416 0.403524
v 1.301067 18.807121 0.038673
v 1.197648 18.392616 0.493362
v 1.071585 18.621126 0.790578
v 1.105119 18.378063 0.789336
v 1.251693 18.413128 0.115749
v 1.360737 18.822979 -0.321354
v 1.297989 18.427647 -0.295308
v 0.946251 18.367363 0.993258
v 0.457218 18.372330 1.377666
v 0.552627 18.356030 1.293795
v 0.181989 18.196037 1.665423
v 0.089991 18.184141 1.697526
v 0.188334 18.252514 1.688913
v 0.087471 18.222923 1.738062
v 0.215388 18.347916 1.688175
v 0.119466 18.354322 1.776060
v 0.107424 18.276276 1.783782
v 0.215388 18.440569 1.612251
v 0.113931 18.459173 1.698174
v 0.266949 18.343315 1.674792
v 0.249921 18.430317 1.612251
v 0.251820 18.255024 1.655676
v 0.330750 18.263466 1.506618
v 0.309195 18.332886 1.607481
v 0.274203 18.221745 1.567143
v 0.382023 18.194231 1.457478
v 0.350280 18.328259 1.479753
v 0.357669 18.329916 1.450890
v 0.323550 18.396757 1.486395
v 0.289845 18.405296 1.607220
v 0.341946 18.395378 1.435725
v 0.374184 18.489304 1.321065
v 0.316260 18.583778 1.283994
v 0.252504 18.528318 1.391058
v 0.273573 18.678492 1.267101
v 0.213093 18.869169 1.284831
v 0.147762 18.882477 1.346292
v 0.220284 19.040745 1.289394
v 0.148950 19.068005 1.347012
v 0.253026 19.203751 1.298016
v 0.147843 19.222847 1.354023
v 0.282636 19.896175 1.246599
v 0.229248 19.516573 1.349442
v 0.310338 20.327930 0.984312
v 0.326196 20.657864 0.551178
v 0.332883 20.848288 0.083754
v 0.316809 20.619308 -1.449837
v 0.328194 20.844868 -0.932139
v 0.289584 20.235800 -1.761795
v 0.259848 19.807577 -1.961433
v 0.245997 19.435007 -2.039706
v 0.234432 18.960453 -2.031282
v 0.229239 18.483480 -1.898919
v 0.260478 18.859646 1.232730
v 0.461682 18.533386 1.165239
v 0.331596 18.660690 1.212876
v 0.894204 18.612612 0.903366
v 1.042911 18.772236 0.803979
v 0.867393 18.617336 0.859689
v 1.098540 18.873371 0.758169
v 0.962631 19.028244 0.885924
v 0.817119 19.131084 1.004301
v 0.653193 19.184013 1.094391
v 0.269370 19.005661 1.223496
v 0.319410 19.128494 1.224909
v 0.345465 19.086681 1.195128
v 0.507105 19.178623 1.146303
v 0.503055 19.116936 1.214883
v 0.515547 19.061670 1.155852
v 0.688824 18.601021 0.975348
v 0.693972 18.560989 0.975330
v 0.695898 18.548651 1.028736
v 0.736578 18.359776 1.147023
v 0.000945 18.484127 -1.909170
v -0.020988 18.961956 -2.050893
v -0.020988 19.434410 -2.063223
v -0.020988 19.805912 -1.985031
v -0.020988 20.265903 -1.797048
v -0.020988 20.657658 -1.493406
v -0.020988 20.898516 -0.948438
v -0.019026 20.720699 0.598977
v -0.019026 20.908136 0.123219
v -0.019026 20.364275 1.027899
v -0.019026 19.896399 1.307844
v -0.019026 19.527147 1.407951
v -0.019026 19.234901 1.401210
v -0.019026 19.086544 1.393911
v -0.024885 18.898136 1.386207
v -0.024885 18.713305 1.440117
v -0.023427 18.548922 1.594989
v -0.023427 18.459173 1.740456
v -0.023427 18.351353 1.802070
v -0.023427 18.274212 1.806291
v -0.023427 18.214796 1.761408
v -0.023427 18.174601 1.723212
v 1.378125 19.139381 -0.354267
v 1.381779 19.434664 -0.355572
v 1.287009 19.900146 -0.356724
v 1.098261 20.338289 -0.357822
v 0.799299 20.678951 -0.358857
v 0.578889 20.803394 -0.358983
v 0.328194 20.889034 -0.359667
v -0.018387 20.950434 -0.360315
v -1.588743 18.978409 -0.425691
v -1.765089 19.027647 -0.748458
v -1.531323 18.822979 -0.321354
v -0.993582 20.657314 -0.878553
v -0.993582 20.486673 -1.345833
v -1.341531 20.199150 -1.174221
v -1.281618 20.341351 -0.772200
v -1.042596 20.156746 -1.665603
v -1.359990 19.899975 -1.504782
v -0.741753 20.776215 -0.914400
v -0.741753 20.575766 -1.408518
v -0.741753 20.203257 -1.726956
v -0.742419 18.960247 -1.982835
v -1.041021 18.960291 -1.877247
v -1.057788 19.434420 -1.889973
v -0.751995 19.434450 -1.991808
v -1.308825 18.960218 -1.660599
v -1.327887 19.434502 -1.657908
v -1.540638 19.141956 -0.864603
v -1.531791 19.434601 -0.912519
v -1.057788 19.805607 -1.812924
v -0.751995 19.807230 -1.913454
v -1.489293 19.899712 -1.004409
v -1.345590 19.434729 0.761148
v -1.197855 19.451693 0.979344
v -1.274508 19.894215 0.760509
v -1.371681 19.895330 0.570060
v -0.980694 19.475910 1.117278
v -0.762066 19.895987 1.146897
v -1.001322 19.895798 1.009512
v -0.759960 20.275536 0.896202
v -1.010574 20.207367 0.800415
v -1.301616 20.069000 0.629154
v -0.756198 20.576071 0.499365
v -1.002312 20.472607 0.443196
v -1.302804 20.214136 0.366660
v -0.694476 17.481791 -0.678006
v -0.684567 17.331076 -0.697383
v -0.718506 17.155214 -0.040338
v -0.794061 17.235785 0.023481
v -0.657486 17.124937 -0.706284
v -0.719001 17.077177 -0.083988
v -1.556676 18.872297 -0.749340
v -1.644021 18.932915 -0.761679
v -1.565712 18.912071 -0.507564
v -1.707876 19.061836 -0.787401
v -1.565667 18.996571 -0.425313
v -1.359873 18.068077 -0.465219
v -1.394235 17.954138 -0.377271
v -1.490958 17.921980 -0.552384
v -1.401597 18.176077 -0.260433
v -1.388925 18.049053 -0.275148
v -1.454364 18.018810 -0.331038
v -1.579410 17.964911 -0.528525
v -0.730953 18.481356 -1.858536
v -0.726021 18.202393 -1.670400
v -1.004850 18.194681 -1.586241
v -1.021185 18.478403 -1.753479
v -0.710172 17.684542 -0.983169
v -0.971784 17.574787 -0.642519
v -0.976455 17.728714 -0.926226
v -0.964800 17.332634 0.041472
v -1.186497 18.198261 -1.371690
v -1.238004 18.475687 -1.539342
v -1.142847 17.671204 -0.610281
v -1.144566 17.787331 -0.844452
v -1.167381 17.523270 -0.090495
v -1.126953 17.474401 0.657351
v -1.078812 17.465122 0.846711
v -1.210293 17.701813 0.816138
v -1.241289 17.699608 0.605934
v -1.290708 18.126415 0.799875
v -1.365939 18.139519 0.526707
v -0.523467 17.518267 1.406286
v -0.701082 17.750763 1.358280
v -0.558261 17.327215 1.275561
v -0.769482 18.125038 1.336023
v -0.588861 17.800570 1.429965
v -0.543366 18.123240 1.419336
v -0.474723 17.838127 1.486368
v -0.386541 18.114176 1.532484
v -0.206271 16.964300 1.198467
v -0.436185 17.031124 1.089630
v -0.245205 17.033825 1.296513
v -0.480663 17.095411 1.195749
v -0.305748 17.228521 1.411380
v -0.351657 17.476696 1.460241
v -0.361845 17.581806 1.478835
v -0.508401 17.621433 1.423998
v -0.368730 17.877466 1.553391
v -0.289224 18.109665 1.592622
v -1.957032 18.860147 -0.966429
v -1.838394 18.877850 -1.004175
v -1.853541 18.595467 -1.065663
v -1.988586 18.595819 -1.028241
v -1.699434 18.740406 -0.942399
v -1.716012 18.417494 -0.974844
v -1.392120 18.178679 -0.815679
v -1.432053 18.450144 -0.935658
v -1.633140 18.186211 -0.847179
v -1.735875 18.058584 -0.882990
v -1.829331 18.058186 -0.845316
v -0.221895 17.563194 1.513890
v -0.221895 17.626375 1.566117
v -0.361872 17.655184 1.516905
v -0.222057 17.701372 1.606914
v -0.361872 17.706619 1.549935
v -0.240021 17.770771 1.597725
v -0.241992 17.827202 1.617489
v -0.369468 17.799707 1.557009
v -0.367452 17.754175 1.544463
v -0.229527 17.911234 1.603260
v -0.166266 18.104628 1.646172
v -0.165798 18.531181 1.567836
v -0.159309 18.709490 1.392561
v -0.342270 18.692001 1.305252
v -0.330840 18.464220 1.503288
v -1.428534 19.137072 0.379800
v -1.245150 19.175482 0.859806
v -1.460277 19.435034 0.357822
v -1.103238 19.249228 1.033353
v -0.918774 19.298061 1.116738
v -0.623079 19.227898 1.221273
v -0.580950 19.503342 1.293561
v -0.996813 19.038006 1.044585
v -0.893556 18.982758 1.067751
v -0.896571 19.065348 1.107729
v -0.917415 19.115936 1.155933
v -1.052721 19.067202 1.071801
v -0.602640 18.681166 1.146303
v -0.650070 18.795269 1.179027
v -0.782325 18.656111 1.098378
v -0.744606 18.592661 1.088577
v -0.838503 18.814770 1.124046
v -1.024083 18.841492 0.949986
v -1.087587 18.964226 0.951390
v -1.147356 18.979650 0.970083
v -0.596358 19.043615 1.244367
v -0.646650 19.003292 1.172502
v -0.568107 18.910162 1.187991
v -0.461817 18.930294 1.246941
v -0.716967 18.951717 1.180800
v -1.197171 18.771536 0.809694
v -1.046502 18.646820 0.865134
v -1.013598 18.714001 0.958095
v -0.723726 18.548775 1.111833
v -0.545049 18.664274 1.159470
v -0.526590 18.819975 1.181934
v -1.213587 18.855587 0.849429
v -0.726291 17.911280 -1.348461
v -0.982557 17.931070 -1.248417
v -1.152000 17.966818 -1.110375
v -1.668915 18.881639 -0.863100
v -1.490058 18.826597 -0.849330
v -0.750312 20.765503 0.059733
v -0.997956 20.626480 0.032265
v -1.304046 20.303181 -0.013545
v -1.474038 19.900505 -0.013950
v -1.424376 19.900711 0.340767
v -1.522818 19.434853 0.008145
v -1.494126 19.137377 0.022725
v -1.462707 18.807121 0.038700
v -1.405476 18.792416 0.403524
v -1.404396 18.149338 0.172674
v -1.178739 17.496712 0.358695
v -0.877293 17.243938 0.457758
v -0.856107 17.244137 0.734634
v -1.014498 17.450678 0.983682
v -1.100448 17.704523 1.035504
v -1.169883 18.124496 1.029294
v -1.249092 18.621126 0.790578
v -1.381374 18.392616 0.493362
v -1.302525 18.378063 0.789336
v -1.430253 18.413128 0.115749
v -1.471725 18.427647 -0.295308
v -1.174383 18.367472 0.993258
v -0.576684 18.363737 1.385307
v -0.777528 18.355854 1.293795
v -0.496017 17.734852 1.470474
v -0.564894 17.736212 1.426509
v -0.137151 18.184141 1.697535
v -0.262422 18.196037 1.665423
v -0.133236 18.222923 1.738071
v -0.270072 18.252514 1.688913
v -0.163935 18.276276 1.783782
v -0.182241 18.354322 1.776060
v -0.302319 18.347916 1.688175
v -0.302319 18.440569 1.612251
v -0.173835 18.459173 1.698174
v -0.340479 18.430317 1.612251
v -0.357615 18.343315 1.674792
v -0.342324 18.255024 1.655676
v -0.409941 18.332886 1.607490
v -0.440118 18.263466 1.506618
v -0.370593 18.221745 1.567143
v -0.489888 18.194231 1.457478
v -0.446616 18.328259 1.479753
v -0.470610 18.314333 1.450890
v -0.388890 18.405296 1.607220
v -0.432450 18.396757 1.486395
v -0.447516 18.395378 1.435725
v -0.450405 18.583778 1.283994
v -0.506763 18.489304 1.321065
v -0.366273 18.528318 1.391067
v -0.425718 18.678492 1.267101
v -0.165159 18.889523 1.346292
v -0.332307 18.872417 1.284939
v -0.166113 19.068005 1.347012
v -0.335259 19.040745 1.289394
v -0.220059 19.222847 1.354023
v -0.335934 19.203751 1.298016
v -0.365931 19.516573 1.349442
v -0.386892 19.896175 1.246599
v -0.398448 20.327930 0.984321
v -0.420120 20.657854 0.551178
v -0.435177 20.848288 0.083754
v -0.422838 20.844868 -0.932139
v -0.422838 20.619308 -1.449837
v -0.422838 20.235800 -1.761795
v -0.422838 19.807577 -1.961433
v -0.422838 19.434519 -2.039706
v -0.421389 18.960453 -2.031282
v -0.419715 18.483480 -1.898919
v -0.419715 18.209946 -1.715472
v -0.419076 17.907797 -1.373013
v -0.418365 17.394337 -0.876393
v -0.418365 17.127665 -0.873585
v -0.433035 18.860178 1.239606
v -0.723861 18.533386 1.165239
v -0.536706 18.660690 1.212876
v -1.111725 18.612612 0.903366
v -1.229931 18.772236 0.803979
v -1.089324 18.617336 0.859689
v -1.273428 18.873379 0.758169
v -1.170378 19.028244 0.885924
v -1.050831 19.131084 1.004301
v -0.903168 19.184013 1.094391
v -0.525159 19.128494 1.224909
v -0.449496 18.992756 1.224909
v -0.565299 19.086681 1.195128
v -0.757089 19.178623 1.146303
v -0.755802 19.116936 1.214883
v -0.771120 19.061670 1.155852
v -0.913356 18.599689 0.975348
v -0.933714 18.560989 0.975330
v -0.934677 18.548651 1.028736
v -0.978597 18.359686 1.147032
v -0.978597 18.126308 1.205433
v -0.913446 17.732458 1.231155
v -0.811962 17.402645 1.157976
v -0.698472 17.173189 1.074483
v -0.918072 17.315813 0.864153
v -0.630891 17.098345 0.968688
v -0.598383 17.074827 0.828018
v -0.631575 17.171101 0.254673
v -1.543437 19.139381 -0.354267
v -1.553121 19.434664 -0.355563
v -1.486116 19.900146 -0.356724
v -1.304046 20.338289 -0.357813
v -0.993663 20.678951 -0.358857
v -0.741834 20.803394 -0.358983
v -0.422838 20.889034 -0.359667
vt 0.213067 0.254978
vt 0.249758 0.245161
vt 0.253552 0.284922
vt 0.317264 0.240717
vt 0.317386 0.287067
vt 0.373650 0.241814
vt 0.370193 0.284922
vt 0.317216 0.222525
vt 0.415224 0.250175
vt 0.401401 0.287355
vt 0.760246 0.083105
vt 0.772847 0.090984
vt 0.761859 0.119012
vt 0.015674 0.278278
vt 0.014094 0.252672
vt 0.058531 0.252352
vt 0.057480 0.279987
vt 0.797517 0.077557
vt 0.790809 0.098975
vt 0.780309 0.094873
vt 0.790830 0.074081
vt 0.784916 0.121620
vt 0.774613 0.119373
vt 0.783166 0.147653
vt 0.776856 0.147348
vt 0.786108 0.166887
vt 0.794432 0.148983
vt 0.789274 0.148118
vt 0.793459 0.123565
vt 0.801390 0.125692
vt 0.798900 0.102114
vt 0.807542 0.105742
vt 0.805060 0.081473
vt 0.813142 0.094046
vt 0.816406 0.085295
vt 0.117704 0.292515
vt 0.097314 0.262070
vt 0.112494 0.255295
vt 0.122476 0.288284
vt 0.113095 0.302298
vt 0.111082 0.310170
vt 0.097371 0.294037
vt 0.822762 0.154207
vt 0.822752 0.169181
vt 0.822757 0.129282
vt 0.822757 0.113073
vt 0.822757 0.096551
vt 0.822759 0.087744
vt 0.141345 0.277238
vt 0.139661 0.247779
vt 0.100990 0.231639
vt 0.140028 0.228641
vt 0.804709 0.395979
vt 0.808637 0.377918
vt 0.801588 0.371059
vt 0.798759 0.394541
vt 0.786401 0.365255
vt 0.781546 0.394021
vt 0.789750 0.394312
vt 0.794135 0.367026
vt 0.812578 0.366422
vt 0.816052 0.354462
vt 0.809047 0.352413
vt 0.789974 0.347265
vt 0.798209 0.349075
vt 0.779909 0.421881
vt 0.786164 0.422520
vt 0.790449 0.440456
vt 0.795055 0.422051
vt 0.792778 0.422232
vt 0.514328 0.287627
vt 0.529922 0.263274
vt 0.543265 0.255346
vt 0.521664 0.292130
vt 0.543088 0.284659
vt 0.529821 0.302731
vt 0.526465 0.296610
vt 0.666150 0.442833
vt 0.669150 0.426807
vt 0.662640 0.425788
vt 0.433015 0.289871
vt 0.426360 0.299031
vt 0.418429 0.223803
vt 0.441712 0.226417
vt 0.435209 0.264038
vt 0.440151 0.280551
vt 0.447619 0.297263
vt 0.443736 0.304277
vt 0.648282 0.354447
vt 0.649432 0.365398
vt 0.656591 0.364931
vt 0.654630 0.353238
vt 0.652079 0.381082
vt 0.659867 0.381101
vt 0.653001 0.399991
vt 0.662263 0.400623
vt 0.655710 0.425493
vt 0.439628 0.311998
vt 0.437675 0.322362
vt 0.423644 0.309514
vt 0.659987 0.350192
vt 0.663236 0.362376
vt 0.672885 0.359252
vt 0.665389 0.345904
vt 0.667600 0.380674
vt 0.676748 0.379668
vt 0.670902 0.400617
vt 0.679110 0.400987
vt 0.675806 0.426528
vt 0.645761 0.426971
vt 0.646627 0.443914
vt 0.645533 0.399850
vt 0.645550 0.381609
vt 0.643696 0.365891
vt 0.641217 0.354827
vt 0.450019 0.272510
vt 0.453477 0.292274
vt 0.680180 0.149644
vt 0.678960 0.170594
vt 0.672419 0.151232
vt 0.221622 0.297027
vt 0.197416 0.321508
vt 0.198271 0.308655
vt 0.655207 0.155860
vt 0.664073 0.152772
vt 0.185392 0.277773
vt 0.196190 0.258269
vt 0.192981 0.289136
vt 0.645483 0.093222
vt 0.651631 0.091893
vt 0.654998 0.108010
vt 0.647901 0.108845
vt 0.638448 0.109799
vt 0.635598 0.093953
vt 0.186013 0.319554
vt 0.180392 0.305498
vt 0.188398 0.327305
vt 0.642565 0.081835
vt 0.648085 0.080110
vt 0.633180 0.082775
vt 0.654670 0.077755
vt 0.660141 0.089943
vt 0.661048 0.074328
vt 0.671607 0.085533
vt 0.664226 0.107204
vt 0.676362 0.104446
vt 0.646161 0.172794
vt 0.645728 0.155242
vt 0.650235 0.127714
vt 0.658455 0.127640
vt 0.641561 0.127746
vt 0.667685 0.126773
vt 0.678223 0.126053
vt 0.176340 0.264960
vt 0.174430 0.293872
vt 0.161910 0.283438
vt 0.305679 0.753640
vt 0.307734 0.769590
vt 0.303484 0.761339
vt 0.302509 0.735398
vt 0.313790 0.740620
vt 0.301607 0.765172
vt 0.299294 0.762927
vt 0.300087 0.756026
vt 0.298428 0.772282
vt 0.823438 0.398880
vt 0.823438 0.382650
vt 0.621834 0.367339
vt 0.621823 0.383810
vt 0.773282 0.363600
vt 0.765087 0.393833
vt 0.760955 0.363602
vt 0.439936 0.347557
vt 0.425294 0.343244
vt 0.823449 0.366179
vt 0.823365 0.354411
vt 0.621573 0.357512
vt 0.441221 0.385389
vt 0.672874 0.341008
vt 0.778027 0.343584
vt 0.621823 0.400040
vt 0.778167 0.464081
vt 0.771503 0.464772
vt 0.771399 0.476456
vt 0.778276 0.475574
vt 0.776852 0.455933
vt 0.769219 0.457362
vt 0.771925 0.485223
vt 0.779397 0.484742
vt 0.787753 0.536704
vt 0.777023 0.537104
vt 0.784816 0.577629
vt 0.801409 0.583011
vt 0.846743 0.426777
vt 0.852533 0.436502
vt 0.848149 0.454928
vt 0.842202 0.454291
vt 0.845703 0.489011
vt 0.838424 0.489748
vt 0.786490 0.588206
vt 0.782445 0.491176
vt 0.773604 0.491553
vt 0.771691 0.453653
vt 0.686931 0.447040
vt 0.674816 0.453856
vt 0.684424 0.453927
vt 0.689678 0.425830
vt 0.691652 0.400082
vt 0.690890 0.376025
vt 0.688334 0.354691
vt 0.682561 0.458896
vt 0.754020 0.465190
vt 0.754986 0.477447
vt 0.792030 0.474024
vt 0.790267 0.462642
vt 0.755351 0.459459
vt 0.729239 0.471926
vt 0.814827 0.467441
vt 0.793319 0.484375
vt 0.789112 0.455735
vt 0.759101 0.483920
vt 0.637818 0.537995
vt 0.620131 0.537179
vt 0.619466 0.584170
vt 0.636700 0.584855
vt 0.672155 0.581483
vt 0.677099 0.539141
vt 0.709436 0.538936
vt 0.701252 0.577311
vt 0.765798 0.537357
vt 0.773200 0.576961
vt 0.820578 0.582855
vt 0.821243 0.535863
vt 0.797992 0.536356
vt 0.901915 0.471122
vt 0.908864 0.469276
vt 0.908154 0.480970
vt 0.903487 0.454868
vt 0.916681 0.468679
vt 0.898580 0.449730
vt 0.888605 0.453455
vt 0.883630 0.438327
vt 0.893217 0.425310
vt 0.902632 0.443578
vt 0.964188 0.593798
vt 0.963642 0.571872
vt 0.942376 0.571487
vt 0.949087 0.591718
vt 0.874438 0.456998
vt 0.871358 0.438963
vt 0.855646 0.454866
vt 0.857500 0.437628
vt 0.980527 0.590430
vt 0.983360 0.569595
vt 0.990579 0.565558
vt 0.897349 0.522403
vt 0.894248 0.521660
vt 0.895021 0.491420
vt 0.901082 0.491187
vt 0.896717 0.532043
vt 0.894612 0.531394
vt 0.907329 0.490031
vt 0.916553 0.479136
vt 0.924190 0.510171
vt 0.926524 0.508745
vt 0.923944 0.510513
vt 0.925768 0.505039
vt 0.927741 0.502704
vt 0.915617 0.537265
vt 0.911616 0.535988
vt 0.910709 0.543285
vt 0.918854 0.507343
vt 0.920814 0.502719
vt 0.922646 0.500021
vt 0.924464 0.496105
vt 0.925179 0.487588
vt 0.915709 0.549060
vt 0.919427 0.543012
vt 0.910561 0.551606
vt 0.912788 0.499991
vt 0.913477 0.491971
vt 0.918411 0.489047
vt 0.919821 0.484306
vt 0.919673 0.474868
vt 0.921866 0.555265
vt 0.924681 0.548122
vt 0.913733 0.557977
vt 0.915414 0.485330
vt 0.916364 0.560420
vt 0.908365 0.496160
vt 0.907429 0.452092
vt 0.934062 0.567286
vt 0.931131 0.543150
vt 0.936441 0.535362
vt 0.907003 0.501302
vt 0.843375 0.515712
vt 0.839865 0.521342
vt 0.872937 0.530749
vt 0.871307 0.540369
vt 0.869466 0.538540
vt 0.870296 0.524080
vt 0.882959 0.537270
vt 0.882345 0.538630
vt 0.882023 0.532625
vt 0.883665 0.524669
vt 0.876103 0.562311
vt 0.878013 0.561636
vt 0.962722 0.507192
vt 0.962339 0.499822
vt 0.948914 0.500004
vt 0.948376 0.506854
vt 0.886950 0.533174
vt 0.884163 0.538345
vt 0.900552 0.526869
vt 0.900352 0.534278
vt 0.890613 0.549666
vt 0.893493 0.549430
vt 0.947689 0.500293
vt 0.934150 0.500570
vt 0.933181 0.506451
vt 0.839628 0.531454
vt 0.835065 0.533512
vt 0.833785 0.523312
vt 0.850840 0.535640
vt 0.849823 0.533499
vt 0.849668 0.530380
vt 0.854176 0.523600
vt 0.842985 0.530117
vt 0.994774 0.496786
vt 0.982583 0.497448
vt 0.981456 0.506010
vt 0.996603 0.505450
vt 0.855019 0.530984
vt 0.851339 0.540156
vt 0.867763 0.541992
vt 0.866725 0.532959
vt 0.980331 0.497853
vt 0.963970 0.499365
vt 0.879034 0.594357
vt 0.876979 0.599363
vt 0.877350 0.595265
vt 0.960595 0.449850
vt 0.957511 0.447863
vt 0.957873 0.450975
vt 0.875777 0.596411
vt 0.873773 0.596609
vt 0.954792 0.451439
vt 0.881289 0.593655
vt 0.878021 0.585460
vt 0.880559 0.583809
vt 0.958933 0.459505
vt 0.961684 0.455799
vt 0.872929 0.585777
vt 0.875475 0.586234
vt 0.951931 0.457520
vt 0.955414 0.460126
vt 0.871532 0.585304
vt 0.883014 0.582659
vt 0.878163 0.568894
vt 0.880692 0.568460
vt 0.958749 0.473622
vt 0.960833 0.470858
vt 0.873259 0.569485
vt 0.875733 0.569330
vt 0.951098 0.472214
vt 0.954051 0.474118
vt 0.870071 0.565127
vt 0.883533 0.561980
vt 0.880355 0.561164
vt 0.873465 0.562088
vt 0.893227 0.581083
vt 0.891858 0.585781
vt 0.891944 0.581805
vt 0.945575 0.464408
vt 0.942457 0.462473
vt 0.943820 0.466827
vt 0.890599 0.582807
vt 0.888634 0.584932
vt 0.938843 0.466858
vt 0.895653 0.584485
vt 0.892369 0.571970
vt 0.894410 0.570845
vt 0.944045 0.474090
vt 0.946768 0.470338
vt 0.887744 0.572372
vt 0.890126 0.572654
vt 0.937025 0.472222
vt 0.940530 0.474769
vt 0.886326 0.572215
vt 0.896894 0.570267
vt 0.892892 0.555668
vt 0.895245 0.555499
vt 0.943456 0.488231
vt 0.946130 0.485409
vt 0.887596 0.556498
vt 0.890403 0.556040
vt 0.936399 0.486928
vt 0.938782 0.488773
vt 0.885130 0.553343
vt 0.899107 0.550688
vt 0.895845 0.549024
vt 0.887790 0.550190
vt 0.847268 0.570744
vt 0.845464 0.575699
vt 0.845625 0.571760
vt 0.991886 0.469065
vt 0.988642 0.466898
vt 0.989446 0.470716
vt 0.844007 0.572872
vt 0.841916 0.572975
vt 0.985368 0.469829
vt 0.849167 0.569745
vt 0.845649 0.562088
vt 0.848304 0.560332
vt 0.990555 0.478635
vt 0.993606 0.475093
vt 0.840652 0.562277
vt 0.843128 0.562758
vt 0.983682 0.476256
vt 0.986025 0.478896
vt 0.839242 0.561753
vt 0.850718 0.558588
vt 0.845546 0.545858
vt 0.847830 0.545615
vt 0.992306 0.492736
vt 0.993366 0.490122
vt 0.840164 0.546001
vt 0.842981 0.545984
vt 0.983443 0.490919
vt 0.985060 0.493017
vt 0.836627 0.541229
vt 0.849424 0.539101
vt 0.843215 0.539326
vt 0.845922 0.539302
vt 0.848148 0.538922
vt 0.840244 0.538763
vt 0.992704 0.536436
vt 0.995314 0.533129
vt 0.963467 0.536272
vt 0.872158 0.493286
vt 0.854046 0.491993
vt 0.863389 0.585694
vt 0.861414 0.590920
vt 0.861702 0.586810
vt 0.975918 0.455529
vt 0.972673 0.453362
vt 0.973952 0.457812
vt 0.860016 0.588088
vt 0.857882 0.588303
vt 0.969715 0.458033
vt 0.864920 0.584835
vt 0.861878 0.577116
vt 0.864938 0.574774
vt 0.974587 0.465100
vt 0.977638 0.461558
vt 0.856634 0.577634
vt 0.859169 0.577999
vt 0.967714 0.464617
vt 0.971005 0.465518
vt 0.855239 0.577249
vt 0.867516 0.573019
vt 0.861475 0.560869
vt 0.864341 0.560216
vt 0.974930 0.479200
vt 0.977398 0.476586
vt 0.856265 0.561517
vt 0.858869 0.561180
vt 0.967474 0.477383
vt 0.970183 0.479481
vt 0.853127 0.557507
vt 0.867264 0.552244
vt 0.859192 0.554578
vt 0.861346 0.553747
vt 0.863818 0.553673
vt 0.856046 0.554614
vt 0.667908 0.593869
vt 0.699348 0.589759
vt 0.779373 0.589198
vt 0.642346 0.492128
vt 0.620587 0.491019
vt 0.683390 0.493685
vt 0.714649 0.492619
vt 0.752760 0.492029
vt 0.796891 0.491518
vt 0.821562 0.489704
vt 0.642607 0.470267
vt 0.620147 0.468774
vt 0.651010 0.459263
vt 0.620467 0.457516
vt 0.682226 0.472397
vt 0.712975 0.473282
vt 0.712287 0.462940
vt 0.754437 0.456054
vt 0.821259 0.467459
vt 0.821579 0.456620
vt 0.788369 0.452398
vt 0.544413 0.201506
vt 0.540443 0.181398
vt 0.570441 0.181131
vt 0.571773 0.199892
vt 0.473800 0.199781
vt 0.475819 0.183052
vt 0.434723 0.200859
vt 0.438532 0.178483
vt 0.404151 0.198248
vt 0.402616 0.180398
vt 0.363919 0.199662
vt 0.368860 0.181691
vt 0.531024 0.158162
vt 0.568128 0.157909
vt 0.476643 0.156852
vt 0.435141 0.158263
vt 0.403982 0.159589
vt 0.368933 0.161806
vt 0.528415 0.134786
vt 0.566846 0.135275
vt 0.476376 0.134236
vt 0.434949 0.134984
vt 0.404397 0.135847
vt 0.369034 0.137292
vt 0.527883 0.105351
vt 0.568142 0.105354
vt 0.480932 0.105807
vt 0.440236 0.105818
vt 0.410133 0.106677
vt 0.373887 0.108272
vt 0.546643 0.391225
vt 0.548733 0.360845
vt 0.573511 0.354575
vt 0.574064 0.391099
vt 0.768386 0.421005
vt 0.770596 0.440028
vt 0.787675 0.449419
vt 0.772165 0.449347
vt 0.622200 0.425274
vt 0.823313 0.423959
vt 0.621544 0.440235
vt 0.822656 0.438920
vt 0.621042 0.452430
vt 0.650506 0.455445
vt 0.821759 0.452127
vt 0.713943 0.452682
vt 0.713124 0.446367
vt 0.713344 0.422805
vt 0.714896 0.395283
vt 0.715124 0.369231
vt 0.715380 0.346880
vt 0.532609 0.429009
vt 0.526546 0.414690
vt 0.571809 0.428684
vt 0.542644 0.453194
vt 0.567606 0.454544
vt 0.435144 0.430443
vt 0.407682 0.422207
vt 0.406535 0.393166
vt 0.444469 0.405708
vt 0.375310 0.221104
vt 0.404236 0.337246
vt 0.369053 0.332358
vt 0.406343 0.363007
vt 0.370624 0.358545
vt 0.370713 0.381598
vt 0.370829 0.414023
vt 0.753215 0.452314
vt 0.751033 0.442114
vt 0.745947 0.421435
vt 0.742706 0.394096
vt 0.740114 0.365613
vt 0.738772 0.342274
vt 0.757675 0.336238
vt 0.513184 0.450324
vt 0.513111 0.429494
vt 0.477394 0.440010
vt 0.477253 0.420129
vt 0.547137 0.327906
vt 0.573064 0.321584
vt 0.768775 0.340746
vt 0.572696 0.250433
vt 0.573286 0.279987
vt 0.545344 0.225816
vt 0.572271 0.229119
vt 0.477713 0.277250
vt 0.476568 0.250086
vt 0.473851 0.226000
vt 0.686668 0.332571
vt 0.714630 0.328982
vt 0.511567 0.411017
vt 0.475623 0.405739
vt 0.736805 0.330133
vt 0.532309 0.396884
vt 0.513231 0.465369
vt 0.563082 0.470563
vt 0.477210 0.458382
vt 0.424815 0.445826
vt 0.370977 0.435390
vt 0.534800 0.360343
vt 0.535308 0.334527
vt 0.618309 0.111885
vt 0.618309 0.095363
vt 0.187150 0.349866
vt 0.195258 0.344406
vt 0.618309 0.085692
vt 0.184515 0.395245
vt 0.666103 0.069954
vt 0.618309 0.128095
vt 0.884616 0.143614
vt 0.887082 0.163825
vt 0.892492 0.154380
vt 0.875093 0.152210
vt 0.864099 0.139983
vt 0.861921 0.163608
vt 0.875152 0.169079
vt 0.856327 0.154476
vt 0.857812 0.171726
vt 0.613713 0.624845
vt 0.583831 0.631265
vt 0.584811 0.622990
vt 0.590813 0.608135
vt 0.555843 0.634930
vt 0.555843 0.608135
vt 0.613805 0.608135
vt 0.888094 0.125262
vt 0.895946 0.133106
vt 0.650952 0.625110
vt 0.650670 0.608135
vt 0.673006 0.608135
vt 0.668564 0.626218
vt 0.631883 0.625173
vt 0.632091 0.608135
vt 0.863675 0.119453
vt 0.856009 0.132563
vt 0.868500 0.224653
vt 0.886122 0.223303
vt 0.875813 0.191494
vt 0.893656 0.036067
vt 0.884924 0.051109
vt 0.885163 0.008190
vt 0.893139 0.018347
vt 0.873282 0.006418
vt 0.873282 0.056945
vt 0.808021 0.016541
vt 0.838639 0.007707
vt 0.838639 0.048070
vt 0.812634 0.044887
vt 0.859316 0.010299
vt 0.859316 0.055967
vt 0.887006 0.182293
vt 0.896798 0.212959
vt 0.901526 0.195825
vt 0.891205 0.171693
vt 0.888026 0.111178
vt 0.888847 0.097999
vt 0.902316 0.138795
vt 0.891804 0.090373
vt 0.882093 0.103019
vt 0.901540 0.171864
vt 0.746152 0.608135
vt 0.746099 0.631156
vt 0.727638 0.608155
vt 0.844949 0.195177
vt 0.852341 0.213094
vt 0.863129 0.182246
vt 0.861891 0.102108
vt 0.864224 0.111757
vt 0.850108 0.141237
vt 0.856958 0.098890
vt 0.869320 0.104020
vt 0.843021 0.173281
vt 0.700230 0.608134
vt 0.714741 0.640121
vt 0.715788 0.627379
vt 0.689529 0.632036
vt 0.716419 0.608163
vt 0.586357 0.659113
vt 0.555841 0.667209
vt 0.746115 0.667209
vt 0.714855 0.673511
vt 0.687209 0.665860
vt 0.665628 0.657073
vt 0.651031 0.652233
vt 0.631101 0.650334
vt 0.616614 0.650282
vt 0.607993 0.650298
vt 0.589605 0.712563
vt 0.555845 0.712483
vt 0.746021 0.712483
vt 0.718224 0.712517
vt 0.684304 0.712456
vt 0.665011 0.712435
vt 0.651015 0.712573
vt 0.628097 0.712640
vt 0.615853 0.712587
vt 0.608459 0.712603
vt 0.941301 0.146473
vt 0.937921 0.162304
vt 0.943504 0.173213
vt 0.969884 0.172815
vt 0.966719 0.145048
vt 0.954592 0.164975
vt 0.956044 0.178722
vt 0.975426 0.161903
vt 0.974717 0.181385
vt 0.723945 0.021562
vt 0.724069 0.015254
vt 0.755145 0.023909
vt 0.746425 0.024174
vt 0.637619 0.025294
vt 0.637487 0.017909
vt 0.678077 0.015973
vt 0.678832 0.021458
vt 0.318783 0.023733
vt 0.319205 0.017536
vt 0.343359 0.028054
vt 0.319125 0.029009
vt 0.318654 0.040319
vt 0.754681 0.041038
vt 0.605279 0.027626
vt 0.619079 0.028833
vt 0.678077 0.015973
vt 0.299687 0.026853
vt 0.319205 0.017536
vt 0.603242 0.048019
vt 0.196456 0.063105
vt 0.229629 0.054899
vt 0.229322 0.060096
vt 0.252352 0.057403
vt 0.252259 0.043182
vt 0.318801 0.054075
vt 0.448236 0.062353
vt 0.418010 0.059280
vt 0.417735 0.054529
vt 0.627157 0.781997
vt 0.615261 0.783433
vt 0.616403 0.749885
vt 0.581030 0.832805
vt 0.555845 0.830852
vt 0.555847 0.786740
vt 0.585570 0.787369
vt 0.555844 0.748294
vt 0.590942 0.742476
vt 0.602278 0.830625
vt 0.605723 0.785438
vt 0.609759 0.742567
vt 0.614566 0.827248
vt 0.720240 0.784731
vt 0.746129 0.748294
vt 0.746139 0.786740
vt 0.683608 0.784670
vt 0.663862 0.784649
vt 0.649547 0.784788
vt 0.551972 0.985696
vt 0.551908 0.968539
vt 0.578297 0.972183
vt 0.579259 0.985766
vt 0.227365 0.030280
vt 0.193507 0.036126
vt 0.192521 0.017524
vt 0.226557 0.017524
vt 0.251785 0.017517
vt 0.251946 0.028947
vt 0.153104 0.036507
vt 0.122381 0.034586
vt 0.125824 0.017489
vt 0.155921 0.017532
vt 0.062593 0.033570
vt 0.062682 0.017489
vt 0.725980 0.985429
vt 0.723206 0.963954
vt 0.732378 0.964298
vt 0.738249 0.985770
vt 0.739750 0.965428
vt 0.748065 0.968539
vt 0.748066 0.985696
vt 0.755489 0.015254
vt 0.015224 0.027015
vt 0.014937 0.016156
vt 0.658201 0.909062
vt 0.657013 0.886328
vt 0.677751 0.882045
vt 0.669731 0.907702
vt 0.654749 0.939978
vt 0.671073 0.936785
vt 0.670589 0.864635
vt 0.646367 0.870187
vt 0.657898 0.970541
vt 0.727984 0.912424
vt 0.728080 0.899660
vt 0.736228 0.900999
vt 0.736078 0.910204
vt 0.735416 0.891391
vt 0.727690 0.890548
vt 0.727772 0.921452
vt 0.735424 0.920416
vt 0.734695 0.935059
vt 0.727493 0.934322
vt 0.735938 0.883239
vt 0.729169 0.882294
vt 0.746109 0.866235
vt 0.706535 0.900783
vt 0.706127 0.913173
vt 0.679063 0.906626
vt 0.748047 0.904901
vt 0.718503 0.899862
vt 0.718682 0.912845
vt 0.679957 0.915472
vt 0.551904 0.918299
vt 0.551904 0.904901
vt 0.574146 0.907796
vt 0.551902 0.894675
vt 0.707512 0.919677
vt 0.678226 0.898475
vt 0.709013 0.891571
vt 0.718041 0.890240
vt 0.719036 0.921985
vt 0.748039 0.892803
vt 0.748047 0.918299
vt 0.746130 0.830852
vt 0.721333 0.824173
vt 0.693403 0.824214
vt 0.667248 0.825707
vt 0.649228 0.827533
vt 0.625843 0.828360
vt 0.575872 0.872909
vt 0.555840 0.865333
vt 0.720647 0.862109
vt 0.704866 0.861393
vt 0.627898 0.872087
vt 0.613364 0.873912
vt 0.598001 0.874563
vt 0.147595 0.062601
vt 0.121360 0.058938
vt 0.062397 0.051988
vt 0.317218 0.074036
vt 0.252827 0.075027
vt 0.014760 0.046664
vt 0.573258 0.885990
vt 0.551900 0.886268
vt 0.575698 0.939113
vt 0.551907 0.937175
vt 0.707474 0.878871
vt 0.719113 0.880210
vt 0.684001 0.933965
vt 0.711218 0.932657
vt 0.719919 0.933995
vt 0.685438 0.962943
vt 0.712555 0.960743
vt 0.713991 0.983894
vt 0.686141 0.983894
vt 0.228872 0.079036
vt 0.196967 0.083490
vt 0.630866 0.910287
vt 0.629270 0.887886
vt 0.630501 0.941485
vt 0.625933 0.975552
vt 0.654534 0.985766
vt 0.624932 0.985766
vt 0.152596 0.083626
vt 0.118453 0.079371
vt 0.611829 0.909298
vt 0.611217 0.886897
vt 0.612537 0.940496
vt 0.609188 0.976674
vt 0.609381 0.985766
vt 0.062071 0.073437
vt 0.290005 0.017524
vt 0.748061 0.937175
vt 0.748030 0.884396
vt 0.596802 0.885325
vt 0.594847 0.907726
vt 0.594911 0.940796
vt 0.597196 0.974863
vt 0.597636 0.985766
vt 0.014751 0.073347
vt 0.954431 0.626739
vt 0.982053 0.623521
vt 0.982162 0.633523
vt 0.981662 0.609393
vt 0.819026 0.633407
vt 0.779086 0.624422
vt 0.779084 0.609065
vt 0.779087 0.639254
vt 0.802964 0.608133
vt 0.954329 0.608133
vt 0.939785 0.134603
vt 0.934060 0.136156
vt 0.890745 0.608133
vt 0.912653 0.608133
vt 0.913704 0.627020
vt 0.894282 0.628191
vt 0.934162 0.608133
vt 0.934392 0.627086
vt 0.965531 0.132686
vt 0.975200 0.136159
vt 0.939604 0.792767
vt 0.951464 0.758842
vt 0.952722 0.794284
vt 0.806894 0.797778
vt 0.809504 0.844381
vt 0.779116 0.846444
vt 0.779091 0.798442
vt 0.779062 0.751014
vt 0.809994 0.757160
vt 0.982029 0.798442
vt 0.982376 0.846444
vt 0.967041 0.844141
vt 0.963242 0.796402
vt 0.958791 0.751110
vt 0.981618 0.751014
vt 0.953489 0.840574
vt 0.836838 0.795655
vt 0.963006 0.232758
vt 0.956134 0.202781
vt 0.945193 0.231277
vt 0.987437 0.054875
vt 0.987190 0.012035
vt 0.996202 0.027049
vt 0.995668 0.044736
vt 0.975176 0.056644
vt 0.975176 0.006210
vt 0.939422 0.015069
vt 0.939422 0.055357
vt 0.907821 0.046539
vt 0.912582 0.018245
vt 0.960761 0.007186
vt 0.960761 0.052770
vt 0.930506 0.202024
vt 0.934619 0.220074
vt 0.944038 0.193243
vt 0.939365 0.181644
vt 0.941469 0.113548
vt 0.941951 0.100541
vt 0.927281 0.143635
vt 0.940255 0.091680
vt 0.947911 0.104656
vt 0.931440 0.179421
vt 0.828680 0.612726
vt 0.969371 0.193062
vt 0.978911 0.219788
vt 0.985436 0.202766
vt 0.967812 0.101014
vt 0.966458 0.112988
vt 0.982582 0.144870
vt 0.975054 0.099719
vt 0.959360 0.104665
vt 0.986336 0.178138
vt 0.859549 0.607194
vt 0.841748 0.629416
vt 0.842902 0.642878
vt 0.869118 0.634337
vt 0.841362 0.609656
vt 0.779087 0.662943
vt 0.814180 0.671496
vt 0.842777 0.678154
vt 0.872358 0.670071
vt 0.897519 0.660788
vt 0.913617 0.655675
vt 0.935255 0.653669
vt 0.955985 0.653622
vt 0.982003 0.656646
vt 0.779069 0.719412
vt 0.809227 0.719327
vt 0.839061 0.719363
vt 0.875562 0.719299
vt 0.897518 0.719276
vt 0.913635 0.719423
vt 0.938567 0.719492
vt 0.952070 0.719437
vt 0.960225 0.719454
vt 0.981720 0.719412
vt 0.876329 0.794804
vt 0.898105 0.795568
vt 0.913891 0.795715
vt 0.779092 0.971218
vt 0.800369 0.967425
vt 0.800082 0.987261
vt 0.779087 0.987243
vt 0.453637 0.017910
vt 0.450451 0.035360
vt 0.420069 0.029825
vt 0.420903 0.017908
vt 0.385325 0.028569
vt 0.387059 0.017912
vt 0.520089 0.017910
vt 0.523504 0.040302
vt 0.488821 0.040366
vt 0.487971 0.017910
vt 0.566658 0.017910
vt 0.566731 0.035091
vt 0.824576 0.962408
vt 0.834432 0.962009
vt 0.830786 0.987306
vt 0.817593 0.987261
vt 0.816653 0.963716
vt 0.601213 0.017910
vt 0.889808 0.874504
vt 0.909436 0.876182
vt 0.904745 0.903313
vt 0.892354 0.900552
vt 0.908454 0.938285
vt 0.890167 0.937127
vt 0.891759 0.863314
vt 0.918549 0.865279
vt 0.905753 0.970986
vt 0.820439 0.893164
vt 0.829194 0.891614
vt 0.829298 0.906390
vt 0.820600 0.903820
vt 0.821310 0.882043
vt 0.829613 0.881067
vt 0.829525 0.916840
vt 0.821302 0.915641
vt 0.822085 0.932592
vt 0.829825 0.931738
vt 0.820750 0.872606
vt 0.828024 0.871512
vt 0.815341 0.863168
vt 0.852347 0.892915
vt 0.881869 0.899678
vt 0.852785 0.907256
vt 0.805769 0.897681
vt 0.839293 0.906877
vt 0.839486 0.891849
vt 0.880908 0.909918
vt 0.805866 0.913191
vt 0.779114 0.901032
vt 0.808066 0.883677
vt 0.851297 0.914786
vt 0.882768 0.890243
vt 0.849683 0.882251
vt 0.839982 0.880711
vt 0.838913 0.917457
vt 0.835633 0.837325
vt 0.864908 0.833433
vt 0.895733 0.838946
vt 0.916286 0.840875
vt 0.941054 0.841748
vt 0.779121 0.866732
vt 0.835935 0.861965
vt 0.855876 0.862582
vt 0.938640 0.866293
vt 0.954715 0.867268
vt 0.982772 0.865545
vt 0.971709 0.867615
vt 0.382433 0.042690
vt 0.524591 0.060546
vt 0.489362 0.064887
vt 0.566988 0.053572
vt 0.379607 0.056697
vt 0.377505 0.074712
vt 0.779119 0.875791
vt 0.810921 0.873945
vt 0.779106 0.937284
vt 0.801774 0.935041
vt 0.851338 0.871884
vt 0.838830 0.871267
vt 0.875653 0.935659
vt 0.847315 0.931977
vt 0.837964 0.931360
vt 0.874109 0.967340
vt 0.845878 0.962627
vt 0.873353 0.987261
vt 0.844334 0.987261
vt 0.447604 0.083304
vt 0.414555 0.078735
vt 0.935497 0.877985
vt 0.933781 0.903916
vt 0.934174 0.940030
vt 0.939083 0.975434
vt 0.940159 0.987261
vt 0.910051 0.987261
vt 0.527684 0.081036
vt 0.486830 0.085381
vt 0.954897 0.876840
vt 0.954239 0.902771
vt 0.953478 0.938885
vt 0.957078 0.976733
vt 0.956871 0.987261
vt 0.567417 0.075081
vt 0.356229 0.017908
vt 0.982738 0.875791
vt 0.970388 0.877188
vt 0.982706 0.900439
vt 0.972489 0.903119
vt 0.982556 0.937284
vt 0.972420 0.939232
vt 0.982357 0.971218
vt 0.969965 0.974637
vt 0.982290 0.987243
vt 0.969653 0.987261
vt 0.603299 0.074780
vt 0.317386 0.463347
vt 0.317300 0.589035
vt 0.288891 0.495168
vt 0.347983 0.495168
vt 0.061841 0.109209
vt 0.015610 0.109257
vt 0.116521 0.109369
vt 0.150812 0.109373
vt 0.188859 0.109384
vt 0.220599 0.108781
vt 0.253675 0.109364
vt 0.317227 0.109391
vt 0.763602 0.204376
vt 0.764560 0.192663
vt 0.771214 0.192395
vt 0.770408 0.203911
vt 0.762369 0.185146
vt 0.769727 0.186198
vt 0.770326 0.213158
vt 0.763073 0.213218
vt 0.760028 0.303199
vt 0.760394 0.265484
vt 0.771623 0.265545
vt 0.779433 0.314331
vt 0.844897 0.291260
vt 0.851970 0.269919
vt 0.849136 0.264017
vt 0.842200 0.287796
vt 0.841292 0.330757
vt 0.837695 0.326310
vt 0.760105 0.314318
vt 0.763023 0.219690
vt 0.771799 0.219750
vt 0.767372 0.181345
vt 0.678437 0.178382
vt 0.689735 0.170268
vt 0.688705 0.177737
vt 0.691652 0.149020
vt 0.692606 0.124562
vt 0.690842 0.100284
vt 0.687320 0.078720
vt 0.687087 0.184412
vt 0.747015 0.204865
vt 0.746908 0.192530
vt 0.783116 0.203067
vt 0.782584 0.191624
vt 0.726347 0.198896
vt 0.748455 0.186632
vt 0.808832 0.197095
vt 0.782603 0.213415
vt 0.777759 0.185980
vt 0.749691 0.211541
vt 0.618305 0.314279
vt 0.618307 0.264554
vt 0.647839 0.265118
vt 0.654387 0.314313
vt 0.690735 0.264659
vt 0.690413 0.302276
vt 0.716236 0.264286
vt 0.715504 0.298964
vt 0.748144 0.265450
vt 0.781858 0.265603
vt 0.822716 0.265885
vt 0.822719 0.314388
vt 0.905478 0.304889
vt 0.910097 0.310080
vt 0.910223 0.300389
vt 0.904219 0.281702
vt 0.915087 0.288405
vt 0.893951 0.274971
vt 0.892116 0.293159
vt 0.880661 0.269612
vt 0.893970 0.266993
vt 0.886179 0.259732
vt 0.944815 0.393833
vt 0.963482 0.392339
vt 0.965535 0.415869
vt 0.952404 0.418268
vt 0.871884 0.297143
vt 0.873146 0.275921
vt 0.853162 0.294858
vt 0.984118 0.390987
vt 0.981520 0.416101
vt 0.992342 0.392519
vt 0.897649 0.331121
vt 0.895656 0.362788
vt 0.897401 0.359725
vt 0.900199 0.331685
vt 0.896108 0.368758
vt 0.894596 0.371097
vt 0.906082 0.324904
vt 0.915041 0.305657
vt 0.905081 0.354660
vt 0.905449 0.357867
vt 0.903069 0.358965
vt 0.922428 0.321105
vt 0.918711 0.330895
vt 0.924281 0.328925
vt 0.924604 0.314726
vt 0.904290 0.364110
vt 0.911048 0.351158
vt 0.911705 0.358606
vt 0.919855 0.314597
vt 0.918075 0.321974
vt 0.922684 0.303168
vt 0.911322 0.365347
vt 0.909356 0.371347
vt 0.915091 0.329662
vt 0.923188 0.296320
vt 0.922434 0.355571
vt 0.922402 0.362573
vt 0.918315 0.310035
vt 0.915919 0.317555
vt 0.918418 0.293449
vt 0.921491 0.377839
vt 0.911150 0.324700
vt 0.915570 0.282970
vt 0.913295 0.316276
vt 0.907025 0.327806
vt 0.903969 0.272777
vt 0.928875 0.361535
vt 0.933577 0.388988
vt 0.938715 0.357438
vt 0.901621 0.332891
vt 0.836587 0.363575
vt 0.838461 0.360619
vt 0.868413 0.373874
vt 0.870318 0.378389
vt 0.871740 0.376260
vt 0.868892 0.365314
vt 0.881000 0.377493
vt 0.882522 0.378873
vt 0.882977 0.371308
vt 0.883016 0.363590
vt 0.874154 0.406315
vt 0.878514 0.406086
vt 0.949046 0.320065
vt 0.959341 0.320793
vt 0.961460 0.326436
vt 0.947475 0.327757
vt 0.883973 0.371918
vt 0.885071 0.371542
vt 0.899427 0.356170
vt 0.898049 0.366118
vt 0.888195 0.388953
vt 0.892476 0.388642
vt 0.934739 0.322757
vt 0.944751 0.322589
vt 0.934958 0.328826
vt 0.833952 0.360221
vt 0.834138 0.373770
vt 0.836543 0.373034
vt 0.850119 0.374124
vt 0.851525 0.375058
vt 0.852353 0.374032
vt 0.852272 0.365635
vt 0.841065 0.374902
vt 0.980014 0.325330
vt 0.984389 0.316659
vt 0.993797 0.319400
vt 0.993661 0.326508
vt 0.852816 0.378416
vt 0.854328 0.377126
vt 0.864871 0.374585
vt 0.867419 0.378931
vt 0.965234 0.317785
vt 0.978540 0.319263
vt 0.877441 0.432196
vt 0.875560 0.430452
vt 0.873467 0.434703
vt 0.873003 0.430599
vt 0.870940 0.428278
vt 0.956217 0.266575
vt 0.953798 0.266169
vt 0.956665 0.263271
vt 0.959608 0.266247
vt 0.867542 0.427358
vt 0.879695 0.422379
vt 0.876613 0.424735
vt 0.961316 0.275000
vt 0.958323 0.276470
vt 0.873319 0.424191
vt 0.870023 0.422903
vt 0.955166 0.276347
vt 0.952291 0.274386
vt 0.868246 0.420270
vt 0.881471 0.424775
vt 0.880548 0.409587
vt 0.878097 0.412510
vt 0.962424 0.293845
vt 0.958437 0.294041
vt 0.874128 0.412738
vt 0.870390 0.410102
vt 0.953618 0.293618
vt 0.950373 0.292421
vt 0.868863 0.400266
vt 0.882552 0.404242
vt 0.881207 0.403163
vt 0.870576 0.403678
vt 0.892962 0.413412
vt 0.889886 0.413062
vt 0.888437 0.417178
vt 0.887207 0.412410
vt 0.885493 0.412322
vt 0.939314 0.282682
vt 0.936332 0.282035
vt 0.940100 0.278236
vt 0.942593 0.282384
vt 0.884178 0.412536
vt 0.893917 0.404903
vt 0.891436 0.408852
vt 0.945321 0.289989
vt 0.941731 0.291427
vt 0.887469 0.409161
vt 0.885440 0.404716
vt 0.938472 0.291202
vt 0.935132 0.289351
vt 0.883880 0.400884
vt 0.895826 0.401268
vt 0.894611 0.392095
vt 0.892172 0.395069
vt 0.945380 0.308649
vt 0.941458 0.308652
vt 0.888203 0.395380
vt 0.885447 0.392926
vt 0.937193 0.308160
vt 0.934491 0.307758
vt 0.884259 0.384808
vt 0.896706 0.384258
vt 0.895109 0.385668
vt 0.885579 0.386727
vt 0.848966 0.408226
vt 0.845479 0.407964
vt 0.844428 0.413830
vt 0.842906 0.407928
vt 0.840537 0.407985
vt 0.991545 0.285587
vt 0.989085 0.285738
vt 0.992039 0.282412
vt 0.994559 0.285625
vt 0.838036 0.409528
vt 0.849095 0.400166
vt 0.846338 0.403876
vt 0.996429 0.294744
vt 0.992907 0.296421
vt 0.842345 0.403820
vt 0.839359 0.400000
vt 0.989929 0.296298
vt 0.987352 0.294242
vt 0.836433 0.401207
vt 0.851167 0.395589
vt 0.849271 0.387410
vt 0.846514 0.390149
vt 0.996443 0.313846
vt 0.993223 0.314199
vt 0.842522 0.390094
vt 0.838055 0.388126
vt 0.986637 0.313037
vt 0.984316 0.311433
vt 0.834366 0.381685
vt 0.851588 0.380872
vt 0.846566 0.383734
vt 0.842573 0.383680
vt 0.849323 0.380996
vt 0.837218 0.380970
vt 0.987398 0.355239
vt 0.997186 0.358248
vt 0.963176 0.355746
vt 0.870631 0.337362
vt 0.849357 0.335323
vt 0.863030 0.423983
vt 0.860671 0.424040
vt 0.858754 0.427209
vt 0.858098 0.424004
vt 0.855051 0.423038
vt 0.972987 0.271679
vt 0.970759 0.271546
vt 0.973315 0.267501
vt 0.976026 0.271690
vt 0.853620 0.423189
vt 0.864287 0.416241
vt 0.861530 0.419951
vt 0.977927 0.280557
vt 0.975534 0.282213
vt 0.857537 0.419896
vt 0.854551 0.416076
vt 0.972607 0.282231
vt 0.970124 0.280278
vt 0.852588 0.411889
vt 0.865878 0.413976
vt 0.864463 0.403486
vt 0.861706 0.406224
vt 0.979873 0.299328
vt 0.975990 0.299826
vt 0.857714 0.406170
vt 0.854728 0.403312
vt 0.971049 0.299407
vt 0.967706 0.297541
vt 0.852912 0.393270
vt 0.866684 0.394250
vt 0.861758 0.399809
vt 0.857765 0.399755
vt 0.864515 0.397071
vt 0.854779 0.396897
vt 0.689665 0.314494
vt 0.715676 0.314535
vt 0.618307 0.218516
vt 0.648161 0.219281
vt 0.690038 0.218659
vt 0.714882 0.219166
vt 0.742955 0.219650
vt 0.785284 0.220677
vt 0.822733 0.219847
vt 0.618307 0.195974
vt 0.648144 0.197187
vt 0.618307 0.182828
vt 0.655574 0.186046
vt 0.688797 0.197500
vt 0.715417 0.197644
vt 0.714560 0.185179
vt 0.747871 0.182385
vt 0.822734 0.197593
vt 0.780682 0.181258
vt 0.822748 0.185215
vt 0.015650 0.181979
vt 0.058908 0.181131
vt 0.056770 0.201715
vt 0.013998 0.201886
vt 0.102776 0.181398
vt 0.101194 0.202036
vt 0.142962 0.180154
vt 0.143265 0.201549
vt 0.188523 0.178991
vt 0.183339 0.203183
vt 0.221356 0.180063
vt 0.220839 0.200784
vt 0.253622 0.181691
vt 0.255530 0.200911
vt 0.316540 0.182176
vt 0.316211 0.201945
vt 0.015648 0.155342
vt 0.060795 0.157909
vt 0.112195 0.158162
vt 0.152015 0.157591
vt 0.186794 0.159418
vt 0.220168 0.159588
vt 0.253567 0.161806
vt 0.316540 0.161729
vt 0.015646 0.135905
vt 0.061841 0.135275
vt 0.114804 0.134786
vt 0.150179 0.134846
vt 0.188992 0.134984
vt 0.219816 0.135847
vt 0.253491 0.137292
vt 0.316540 0.138379
vt 0.056980 0.351863
vt 0.099671 0.359683
vt 0.104085 0.388124
vt 0.056845 0.391099
vt 0.764197 0.146169
vt 0.766468 0.167525
vt 0.767189 0.175820
vt 0.784555 0.176195
vt 0.618309 0.152876
vt 0.618308 0.167849
vt 0.618308 0.175554
vt 0.654569 0.179702
vt 0.822743 0.176885
vt 0.714430 0.177087
vt 0.714438 0.168997
vt 0.714659 0.145474
vt 0.714986 0.119385
vt 0.714613 0.090802
vt 0.714507 0.067052
vt 0.118370 0.414690
vt 0.112307 0.429009
vt 0.058685 0.428684
vt 0.102272 0.453194
vt 0.062113 0.454544
vt 0.219492 0.393166
vt 0.218518 0.422207
vt 0.190446 0.430443
vt 0.181710 0.409693
vt 0.247513 0.221629
vt 0.220228 0.220872
vt 0.254730 0.332438
vt 0.221738 0.337249
vt 0.253227 0.358545
vt 0.219656 0.363007
vt 0.253159 0.381598
vt 0.253071 0.414023
vt 0.747876 0.177469
vt 0.747020 0.168431
vt 0.743097 0.145396
vt 0.740362 0.118150
vt 0.738673 0.086755
vt 0.735880 0.063209
vt 0.758149 0.059948
vt 0.130504 0.429493
vt 0.130367 0.450324
vt 0.162984 0.441816
vt 0.162008 0.429401
vt 0.057661 0.317321
vt 0.097548 0.331195
vt 0.770896 0.065119
vt 0.780599 0.070335
vt 0.058268 0.233951
vt 0.183281 0.224038
vt 0.684791 0.056295
vt 0.714759 0.053673
vt 0.131971 0.415521
vt 0.162686 0.415881
vt 0.733951 0.054941
vt 0.114544 0.397271
vt 0.012875 0.232914
vt 0.015674 0.314031
vt 0.015674 0.348646
vt 0.015672 0.392719
vt 0.015669 0.431471
vt 0.015664 0.455134
vt 0.317605 0.328634
vt 0.317386 0.357042
vt 0.317386 0.381059
vt 0.317386 0.408802
vt 0.065804 0.470563
vt 0.015661 0.472981
vt 0.130143 0.465369
vt 0.164056 0.456866
vt 0.202233 0.445970
vt 0.252960 0.435390
vt 0.317386 0.429675
vt 0.066830 0.504762
vt 0.015659 0.507189
vt 0.130690 0.499539
vt 0.164514 0.490999
vt 0.198495 0.479959
vt 0.253031 0.469186
vt 0.064898 0.537191
vt 0.015658 0.539164
vt 0.130240 0.526683
vt 0.165113 0.512418
vt 0.195734 0.502140
vt 0.251832 0.497161
vt 0.061725 0.557468
vt 0.015674 0.560458
vt 0.127729 0.553488
vt 0.059049 0.588855
vt 0.015677 0.588852
vt 0.128713 0.588871
vt 0.161480 0.588895
vt 0.192965 0.588928
vt 0.252391 0.589009
vt 0.145940 0.399806
vt 0.160802 0.398579
vt 0.154703 0.391685
vt 0.145940 0.393632
vt 0.170473 0.389483
vt 0.159879 0.387594
vt 0.173115 0.376455
vt 0.161685 0.375397
vt 0.171225 0.358592
vt 0.161645 0.314713
vt 0.146827 0.346627
vt 0.146827 0.300463
vt 0.538987 0.921192
vt 0.534078 0.921192
vt 0.534078 0.925024
vt 0.538987 0.925024
vt 0.047883 0.607910
vt 0.080567 0.607953
vt 0.080119 0.658228
vt 0.047365 0.658057
vt 0.142095 0.607389
vt 0.142598 0.658228
vt 0.274617 0.607386
vt 0.274501 0.656464
vt 0.109749 0.336955
vt 0.109995 0.367314
vt 0.604405 0.106158
vt 0.604360 0.181979
vt 0.603503 0.201348
vt 0.604357 0.155342
vt 0.604353 0.135905
vt 0.604244 0.253725
vt 0.604598 0.278278
vt 0.603971 0.234781
vt 0.604598 0.314031
vt 0.604598 0.348646
vt 0.604594 0.392719
vt 0.604589 0.431471
vt 0.604579 0.455134
vt 0.604573 0.472981
vt 0.561825 0.504762
vt 0.604569 0.507189
vt 0.513117 0.499539
vt 0.477208 0.492085
vt 0.421904 0.479959
vt 0.370883 0.469186
vt 0.564193 0.537191
vt 0.604562 0.545886
vt 0.513211 0.526683
vt 0.476494 0.517233
vt 0.424857 0.505843
vt 0.370572 0.497161
vt 0.567030 0.557355
vt 0.604532 0.560844
vt 0.515537 0.553873
vt 0.570941 0.589625
vt 0.604539 0.589623
vt 0.515537 0.589642
vt 0.479471 0.589665
vt 0.425199 0.589695
vt 0.370430 0.589009
vt 0.138951 0.391685
vt 0.132852 0.398579
vt 0.133775 0.387594
vt 0.123181 0.389483
vt 0.131134 0.376065
vt 0.120539 0.376455
vt 0.122429 0.358592
vt 0.132009 0.314713
vt 0.543896 0.925024
vt 0.543896 0.921192
vt 0.460095 0.658398
vt 0.457239 0.607662
vt 0.493052 0.607759
vt 0.497182 0.658660
vt 0.405519 0.658377
vt 0.402888 0.607890
vt 0.534078 0.936521
vt 0.534078 0.940354
vt 0.538987 0.940354
vt 0.538987 0.936521
vt 0.410374 0.714121
vt 0.469535 0.721082
vt 0.471344 0.744320
vt 0.411172 0.727822
vt 0.408503 0.695332
vt 0.466655 0.703467
vt 0.452619 0.752505
vt 0.485519 0.760060
vt 0.472600 0.763067
vt 0.412154 0.741546
vt 0.444132 0.758676
vt 0.458426 0.766331
vt 0.411676 0.752179
vt 0.432905 0.772574
vt 0.411197 0.787817
vt 0.345410 0.761295
vt 0.337117 0.744932
vt 0.348025 0.745573
vt 0.356129 0.758340
vt 0.347329 0.791028
vt 0.363487 0.791424
vt 0.300040 0.775093
vt 0.304668 0.791106
vt 0.298404 0.790703
vt 0.290918 0.789831
vt 0.295643 0.776903
vt 0.301724 0.718384
vt 0.280901 0.715738
vt 0.273720 0.709856
vt 0.298493 0.722763
vt 0.282846 0.720325
vt 0.288293 0.728575
vt 0.292257 0.748283
vt 0.292767 0.755993
vt 0.285932 0.789070
vt 0.289716 0.777183
vt 0.273720 0.715074
vt 0.273719 0.719442
vt 0.273530 0.725414
vt 0.272881 0.742791
vt 0.284412 0.751283
vt 0.293199 0.762563
vt 0.285032 0.756600
vt 0.290873 0.764435
vt 0.284144 0.761012
vt 0.284854 0.771592
vt 0.287034 0.769469
vt 0.292233 0.769979
vt 0.289611 0.772396
vt 0.284318 0.777354
vt 0.281456 0.788912
vt 0.494839 0.795281
vt 0.486068 0.777058
vt 0.498189 0.775689
vt 0.505249 0.795815
vt 0.472437 0.781829
vt 0.479674 0.793801
vt 0.459586 0.786262
vt 0.367181 0.747859
vt 0.385965 0.790524
vt 0.334476 0.730376
vt 0.347855 0.729400
vt 0.330147 0.761112
vt 0.326859 0.743586
vt 0.331384 0.789987
vt 0.302383 0.770940
vt 0.518000 0.775449
vt 0.522037 0.796516
vt 0.511875 0.756893
vt 0.508773 0.747752
vt 0.507174 0.723009
vt 0.505871 0.707646
vt 0.317755 0.765495
vt 0.316887 0.790285
vt 0.310996 0.726194
vt 0.328376 0.734610
vt 0.312876 0.722619
vt 0.318810 0.719175
vt 0.274189 0.703648
vt 0.333620 0.715308
vt 0.274635 0.680354
vt 0.274334 0.696288
vt 0.538987 0.928856
vt 0.543896 0.928856
vt 0.538987 0.932689
vt 0.543896 0.932689
vt 0.543896 0.936521
vt 0.543896 0.940354
vt 0.538987 0.944186
vt 0.543896 0.944186
vt 0.538987 0.948018
vt 0.543896 0.948018
vt 0.273714 0.777349
vt 0.273748 0.789322
vt 0.273714 0.770696
vt 0.273116 0.766214
vt 0.273418 0.761066
vt 0.273594 0.756750
vt 0.274585 0.750212
vt 0.464937 0.933858
vt 0.483145 0.953736
vt 0.465224 0.965533
vt 0.447923 0.943689
vt 0.474893 0.911551
vt 0.491942 0.928634
vt 0.495448 0.960144
vt 0.479870 0.973274
vt 0.504588 0.934441
vt 0.499469 0.881400
vt 0.499871 0.850555
vt 0.510150 0.850562
vt 0.509962 0.881155
vt 0.481481 0.882219
vt 0.482069 0.851045
vt 0.447169 0.881226
vt 0.444281 0.862442
vt 0.496535 0.908519
vt 0.508153 0.906647
vt 0.452499 0.913845
vt 0.346630 0.912864
vt 0.333569 0.882271
vt 0.349632 0.881098
vt 0.359746 0.912405
vt 0.323881 0.912974
vt 0.309275 0.912986
vt 0.311086 0.884388
vt 0.334747 0.934514
vt 0.317769 0.939226
vt 0.354214 0.924878
vt 0.354342 0.952851
vt 0.338427 0.960003
vt 0.369698 0.934981
vt 0.456839 0.848974
vt 0.424556 0.854863
vt 0.423771 0.848778
vt 0.439349 0.847557
vt 0.422412 0.843374
vt 0.433154 0.842964
vt 0.428815 0.781173
vt 0.440150 0.781294
vt 0.419677 0.783619
vt 0.427210 0.786971
vt 0.422078 0.841145
vt 0.432757 0.841346
vt 0.508662 0.815101
vt 0.498244 0.814897
vt 0.482301 0.815889
vt 0.452517 0.815764
vt 0.460859 0.816535
vt 0.455334 0.832293
vt 0.465235 0.816691
vt 0.453925 0.787947
vt 0.448167 0.789929
vt 0.449720 0.814511
vt 0.443505 0.792738
vt 0.286717 0.829885
vt 0.281276 0.831168
vt 0.279675 0.818632
vt 0.286991 0.813681
vt 0.342961 0.863175
vt 0.372679 0.860520
vt 0.374367 0.881119
vt 0.329367 0.868273
vt 0.311314 0.869858
vt 0.296637 0.885631
vt 0.298509 0.866799
vt 0.318940 0.848395
vt 0.324485 0.852157
vt 0.317407 0.854543
vt 0.325775 0.855036
vt 0.316828 0.858218
vt 0.314706 0.840177
vt 0.323645 0.842505
vt 0.331372 0.846945
vt 0.333203 0.849193
vt 0.294971 0.843829
vt 0.299808 0.850866
vt 0.297786 0.853806
vt 0.291498 0.845484
vt 0.302007 0.842620
vt 0.308042 0.848989
vt 0.318326 0.829537
vt 0.326820 0.835954
vt 0.328302 0.827293
vt 0.336217 0.837589
vt 0.298922 0.830031
vt 0.295265 0.828274
vt 0.303891 0.820513
vt 0.306422 0.824484
vt 0.295152 0.838180
vt 0.307616 0.829582
vt 0.339282 0.840811
vt 0.443390 0.837059
vt 0.445076 0.839294
vt 0.448295 0.842466
vt 0.388245 0.963401
vt 0.379569 0.972962
vt 0.395581 0.941050
vt 0.373032 0.912436
vt 0.397886 0.912919
vt 0.395651 0.881019
vt 0.394710 0.860454
vt 0.369719 0.831447
vt 0.392476 0.832392
vt 0.365601 0.809297
vt 0.344288 0.825282
vt 0.347218 0.807329
vt 0.389061 0.810820
vt 0.414278 0.834556
vt 0.412217 0.812324
vt 0.332567 0.806083
vt 0.298693 0.805746
vt 0.305195 0.805075
vt 0.282502 0.796187
vt 0.278551 0.795687
vt 0.282834 0.799367
vt 0.278062 0.797415
vt 0.284065 0.805962
vt 0.279362 0.806405
vt 0.278796 0.801010
vt 0.284565 0.812368
vt 0.279403 0.813654
vt 0.288347 0.805644
vt 0.288203 0.812011
vt 0.287651 0.799541
vt 0.291567 0.801809
vt 0.291054 0.804923
vt 0.287713 0.797240
vt 0.294156 0.795338
vt 0.292774 0.804604
vt 0.294445 0.803641
vt 0.292293 0.809458
vt 0.290830 0.809930
vt 0.293862 0.809244
vt 0.297739 0.816457
vt 0.293873 0.822781
vt 0.291278 0.818078
vt 0.291024 0.829122
vt 0.286361 0.841887
vt 0.282115 0.843128
vt 0.287611 0.853946
vt 0.283011 0.855745
vt 0.289321 0.865130
vt 0.282900 0.866450
vt 0.291655 0.912999
vt 0.287445 0.886756
vt 0.297888 0.942849
vt 0.313727 0.965658
vt 0.355478 0.978822
vt 0.513576 0.962905
vt 0.499786 0.978499
vt 0.518957 0.936392
vt 0.522037 0.906787
vt 0.523172 0.881030
vt 0.523607 0.850586
vt 0.523533 0.815247
vt 0.290212 0.838470
vt 0.302029 0.819053
vt 0.293958 0.828140
vt 0.331066 0.823402
vt 0.342451 0.835320
vt 0.329831 0.825314
vt 0.346086 0.842169
vt 0.337015 0.852536
vt 0.327303 0.859421
vt 0.316361 0.862965
vt 0.290744 0.851025
vt 0.294083 0.859248
vt 0.295822 0.856449
vt 0.306611 0.862604
vt 0.307588 0.858433
vt 0.307175 0.854774
vt 0.319400 0.824292
vt 0.318581 0.820322
vt 0.318594 0.818878
vt 0.318281 0.805281
vt 0.538987 0.951851
vt 0.543896 0.951851
vt 0.538987 0.957599
vt 0.543896 0.957599
vt 0.538987 0.963348
vt 0.543896 0.963348
vt 0.538987 0.967180
vt 0.543896 0.967180
vt 0.538987 0.971013
vt 0.543896 0.971013
vt 0.538987 0.974845
vt 0.543896 0.974845
vt 0.538987 0.978678
vt 0.543896 0.978678
vt 0.538987 0.990175
vt 0.543896 0.990175
vt 0.543896 0.986342
vt 0.538987 0.986342
vt 0.538987 0.994007
vt 0.543896 0.994007
vt 0.538987 0.997840
vt 0.543896 0.997840
vt 0.273738 0.887487
vt 0.273741 0.913015
vt 0.273739 0.867283
vt 0.273739 0.857027
vt 0.273734 0.844001
vt 0.273733 0.831223
vt 0.273715 0.819859
vt 0.273714 0.813654
vt 0.273713 0.806200
vt 0.273713 0.800344
vt 0.273714 0.796085
vt 0.273714 0.795552
vt 0.415756 0.862211
vt 0.417294 0.881485
vt 0.420611 0.914181
vt 0.420717 0.943477
vt 0.426570 0.967029
vt 0.434087 0.975632
vt 0.451408 0.981553
vt 0.538987 0.982510
vt 0.543896 0.982510
vt 0.122826 0.842843
vt 0.112835 0.842841
vt 0.134921 0.835814
vt 0.085027 0.965620
vt 0.064973 0.953823
vt 0.084159 0.933945
vt 0.100761 0.943776
vt 0.057728 0.931014
vt 0.073272 0.910250
vt 0.070373 0.973840
vt 0.051344 0.959982
vt 0.043988 0.934229
vt 0.039653 0.850650
vt 0.053052 0.850642
vt 0.053203 0.881077
vt 0.039905 0.881079
vt 0.067677 0.849360
vt 0.070012 0.880859
vt 0.095405 0.858223
vt 0.094498 0.881127
vt 0.054604 0.907936
vt 0.041125 0.906850
vt 0.094063 0.912886
vt 0.187231 0.881098
vt 0.202503 0.882271
vt 0.192992 0.912864
vt 0.180850 0.911618
vt 0.224053 0.884399
vt 0.229132 0.912986
vt 0.213529 0.912974
vt 0.220950 0.939226
vt 0.204641 0.934514
vt 0.186014 0.924948
vt 0.200906 0.960003
vt 0.185565 0.952851
vt 0.172012 0.934981
vt 0.082362 0.746084
vt 0.080302 0.721121
vt 0.144730 0.715842
vt 0.145242 0.730782
vt 0.079825 0.704876
vt 0.144186 0.699143
vt 0.106210 0.851285
vt 0.108964 0.847655
vt 0.124929 0.847918
vt 0.110902 0.845015
vt 0.123715 0.845301
vt 0.104480 0.773856
vt 0.128111 0.777968
vt 0.112271 0.781936
vt 0.146159 0.787913
vt 0.136228 0.779869
vt 0.128935 0.785372
vt 0.115978 0.786239
vt 0.041163 0.815188
vt 0.044403 0.795902
vt 0.058292 0.795369
vt 0.054819 0.814984
vt 0.065032 0.760101
vt 0.098594 0.752513
vt 0.081760 0.763155
vt 0.144811 0.738795
vt 0.072423 0.796156
vt 0.069779 0.814953
vt 0.103474 0.760926
vt 0.090065 0.767935
vt 0.144823 0.750948
vt 0.193128 0.745573
vt 0.203844 0.744932
vt 0.197595 0.761295
vt 0.186669 0.761142
vt 0.192437 0.791411
vt 0.176406 0.791935
vt 0.246748 0.748606
vt 0.237045 0.763933
vt 0.242676 0.735398
vt 0.234182 0.789481
vt 0.243794 0.767922
vt 0.246099 0.790507
vt 0.250291 0.770719
vt 0.255034 0.789685
vt 0.263886 0.716783
vt 0.246023 0.719695
vt 0.259603 0.721166
vt 0.246708 0.724472
vt 0.258001 0.728575
vt 0.256510 0.744280
vt 0.255767 0.752999
vt 0.247767 0.755738
vt 0.256159 0.773439
vt 0.259933 0.789355
vt 0.102233 0.834752
vt 0.097817 0.833642
vt 0.092804 0.817209
vt 0.098300 0.817538
vt 0.091402 0.831965
vt 0.090268 0.816858
vt 0.089720 0.792388
vt 0.084185 0.816141
vt 0.096417 0.796403
vt 0.099393 0.798680
vt 0.104124 0.801174
vt 0.263039 0.751237
vt 0.262568 0.756650
vt 0.255518 0.758140
vt 0.263729 0.760934
vt 0.256544 0.761555
vt 0.261405 0.765719
vt 0.262690 0.769685
vt 0.256397 0.768754
vt 0.255746 0.764433
vt 0.263287 0.775773
vt 0.265617 0.789351
vt 0.266136 0.818632
vt 0.265765 0.830959
vt 0.254991 0.829378
vt 0.256733 0.813903
vt 0.169919 0.860520
vt 0.191509 0.862710
vt 0.169320 0.881119
vt 0.201145 0.867719
vt 0.220276 0.870659
vt 0.234947 0.868665
vt 0.241850 0.885842
vt 0.208998 0.852555
vt 0.215049 0.847580
vt 0.215382 0.855230
vt 0.214148 0.858486
vt 0.206947 0.854749
vt 0.235136 0.829136
vt 0.231053 0.837397
vt 0.221414 0.826748
vt 0.225497 0.823125
vt 0.218051 0.837852
vt 0.207798 0.840581
vt 0.202623 0.846470
vt 0.200229 0.848603
vt 0.233947 0.856487
vt 0.232149 0.851015
vt 0.237217 0.845322
vt 0.243186 0.845822
vt 0.225847 0.847261
vt 0.196093 0.838020
vt 0.204997 0.826803
vt 0.207257 0.831395
vt 0.226777 0.820075
vt 0.238925 0.827866
vt 0.239674 0.838669
vt 0.194404 0.840691
vt 0.052262 0.775776
vt 0.067911 0.777145
vt 0.080535 0.780670
vt 0.097441 0.841394
vt 0.088785 0.844726
vt 0.162298 0.973100
vt 0.154605 0.963488
vt 0.148328 0.941138
vt 0.147941 0.912817
vt 0.169571 0.912972
vt 0.148447 0.881107
vt 0.149427 0.860541
vt 0.151049 0.833750
vt 0.172629 0.832136
vt 0.158103 0.792050
vt 0.176675 0.747689
vt 0.191806 0.729640
vt 0.208798 0.729654
vt 0.212013 0.743933
vt 0.210400 0.761483
vt 0.206736 0.791604
vt 0.191241 0.825058
vt 0.174177 0.809297
vt 0.192340 0.807370
vt 0.154424 0.813333
vt 0.140540 0.815863
vt 0.204941 0.806561
vt 0.242670 0.805437
vt 0.230672 0.805222
vt 0.248610 0.763078
vt 0.244774 0.763213
vt 0.267878 0.796123
vt 0.262730 0.796476
vt 0.268177 0.797415
vt 0.261793 0.799367
vt 0.266942 0.801010
vt 0.266106 0.806405
vt 0.260328 0.805962
vt 0.259806 0.812368
vt 0.266219 0.813654
vt 0.256205 0.811892
vt 0.255433 0.805644
vt 0.256220 0.799541
vt 0.252628 0.804983
vt 0.251901 0.802418
vt 0.256199 0.797240
vt 0.249163 0.795338
vt 0.251141 0.804604
vt 0.249166 0.804622
vt 0.253783 0.809514
vt 0.252545 0.809440
vt 0.250111 0.810443
vt 0.245474 0.822521
vt 0.243025 0.815622
vt 0.252552 0.817092
vt 0.245953 0.829194
vt 0.265225 0.843406
vt 0.255219 0.842223
vt 0.265175 0.855745
vt 0.255105 0.853860
vt 0.262190 0.866450
vt 0.255169 0.865130
vt 0.254126 0.886756
vt 0.251596 0.912999
vt 0.246152 0.942849
vt 0.229422 0.965658
vt 0.182192 0.985115
vt 0.046636 0.978586
vt 0.032995 0.962992
vt 0.028644 0.936479
vt 0.026597 0.906874
vt 0.025907 0.881084
vt 0.026002 0.850674
vt 0.027050 0.815335
vt 0.029032 0.796424
vt 0.034143 0.775536
vt 0.042460 0.756980
vt 0.046553 0.747840
vt 0.048630 0.723047
vt 0.047298 0.705003
vt 0.245402 0.841009
vt 0.227234 0.817801
vt 0.241449 0.827004
vt 0.200569 0.824480
vt 0.191420 0.835479
vt 0.202090 0.824801
vt 0.189589 0.842191
vt 0.196586 0.852710
vt 0.204704 0.859695
vt 0.214404 0.863290
vt 0.240398 0.859519
vt 0.245821 0.850259
vt 0.238224 0.856528
vt 0.224649 0.862924
vt 0.223107 0.859660
vt 0.223696 0.854980
vt 0.214038 0.823602
vt 0.213001 0.820078
vt 0.213167 0.817754
vt 0.217709 0.805454
vt 0.220553 0.790491
vt 0.223533 0.763101
vt 0.227015 0.740613
vt 0.230323 0.726972
vt 0.211598 0.734610
vt 0.228893 0.724417
vt 0.223543 0.721715
vt 0.201990 0.721332
vt 0.534078 0.928856
vt 0.534078 0.932689
vt 0.534078 0.944186
vt 0.534078 0.948018
vt 0.534078 0.951851
vt 0.534078 0.957599
vt 0.534078 0.963348
vt 0.534078 0.967180
vt 0.534078 0.971013
vt 0.534078 0.974845
vt 0.534078 0.978678
vt 0.534078 0.986342
vt 0.534078 0.990175
vt 0.534078 0.994007
vt 0.534078 0.997840
vt 0.129146 0.860821
vt 0.128304 0.881094
vt 0.125484 0.913419
vt 0.125739 0.943564
vt 0.120904 0.967116
vt 0.114170 0.975719
vt 0.095296 0.981640
vt 0.534078 0.982510
vn -0.6430 -0.4499 0.6198
vn -0.2785 -0.3642 0.8887
vn -0.3456 -0.0962 0.9334
vn 0.0009 -0.2966 0.9550
vn 0.0000 -0.0650 0.9979
vn 0.2761 -0.3729 0.8859
vn 0.2654 -0.0556 0.9625
vn -0.0016 -0.4081 0.9130
vn 0.5829 -0.7368 0.3424
vn 0.5284 -0.0551 0.8472
vn -0.1305 0.4630 -0.8767
vn 0.0149 0.1201 -0.9926
vn -0.1361 0.4216 -0.8965
vn -0.0045 -0.2561 -0.9667
vn -0.0084 -0.5044 -0.8634
vn -0.1198 -0.4213 -0.8990
vn -0.1098 -0.1850 -0.9766
vn -0.0447 -0.2241 -0.9735
vn -0.0705 -0.1640 -0.9839
vn -0.0496 -0.0052 -0.9988
vn 0.0233 -0.0411 -0.9989
vn -0.0800 -0.2131 -0.9738
vn -0.0528 -0.0252 -0.9983
vn -0.1306 -0.1311 -0.9827
vn -0.0466 -0.0492 -0.9977
vn -0.0874 -0.5645 -0.8208
vn -0.1862 -0.3015 0.9351
vn -0.2811 -0.2877 0.9155
vn -0.1531 -0.3069 0.9393
vn -0.0666 -0.3320 0.9409
vn -0.0838 -0.3162 0.9450
vn -0.0670 -0.3556 0.9322
vn -0.0652 -0.3441 0.9367
vn -0.0183 -0.2881 0.9574
vn -0.1114 -0.6081 0.7860
vn 0.0383 -0.2981 0.9538
vn -0.0186 -0.3426 0.9393
vn -0.0183 -0.2882 0.9574
vn -0.7256 -0.5034 0.4691
vn -0.4984 -0.6029 0.6230
vn -0.0753 -0.3982 -0.9142
vn -0.1130 -0.1416 -0.9834
vn -0.3294 -0.5146 -0.7917
vn 0.0552 -0.9708 -0.2335
vn -0.0539 -0.9846 -0.1662
vn 0.1505 -0.8508 -0.5035
vn 0.0280 -0.8458 -0.5327
vn 0.0345 -0.9718 -0.2334
vn -0.0397 -0.8403 -0.5406
vn 0.0493 -0.9933 -0.1044
vn -0.1350 -0.8995 -0.4155
vn -0.0404 -0.9984 0.0390
vn -0.1610 -0.9855 0.0531
vn -0.4834 -0.8249 -0.2931
vn -0.4020 -0.9103 -0.0986
vn -0.7023 -0.7010 -0.1237
vn -0.5831 -0.6859 0.4353
vn -0.7813 -0.6241 0.0108
vn -0.6456 -0.5635 -0.5155
vn -0.9393 -0.3335 -0.0803
vn -0.4613 -0.6538 -0.5997
vn 0.0850 -0.2622 0.9613
vn 0.0568 -0.2761 0.9595
vn 0.0654 -0.2633 0.9625
vn 0.1043 -0.2675 0.9579
vn 0.1038 -0.0944 -0.9901
vn 0.0398 -0.1123 -0.9929
vn 0.0856 -0.2307 -0.9692
vn 0.1315 -0.2231 -0.9659
vn 0.0433 -0.2484 0.9677
vn -0.0339 -0.1821 0.9827
vn 0.0406 -0.2302 0.9723
vn 0.1206 -0.1104 -0.9865
vn 0.0765 -0.3537 -0.9322
vn 0.0965 -0.1725 -0.9803
vn 0.1343 -0.2925 -0.9468
vn 0.0860 -0.5466 -0.8329
vn 0.1785 -0.2663 0.9472
vn 0.2131 -0.2725 0.9382
vn 0.2825 -0.2547 0.9249
vn 0.5313 -0.3229 0.7833
vn 0.5183 -0.4203 0.7448
vn 0.1400 -0.1907 -0.9716
vn 0.3198 -0.5948 -0.7376
vn 0.2412 -0.4590 -0.8551
vn 0.1157 -0.3427 -0.9323
vn 0.1168 -0.3484 -0.9300
vn 0.0483 -0.4690 -0.8819
vn 0.4512 -0.6114 -0.6501
vn 0.1719 -0.0564 0.9835
vn 0.1597 0.2210 0.9621
vn 0.1556 0.1813 0.9710
vn 0.3781 0.0434 0.9248
vn 0.5454 0.1765 0.8194
vn 0.8708 -0.4140 0.2650
vn 0.9741 -0.2257 -0.0118
vn 0.7787 -0.5825 -0.2332
vn 0.6347 -0.7488 0.1910
vn 0.3947 -0.7956 -0.4595
vn 0.2379 -0.8199 -0.5208
vn 0.3978 -0.7848 -0.4752
vn 0.1715 -0.7590 -0.6281
vn 0.1421 -0.9869 -0.0762
vn 0.0659 -0.6891 -0.7217
vn -0.0295 -0.9892 -0.1437
vn 0.0883 -0.7354 -0.6719
vn 0.0918 -0.9953 -0.0311
vn 0.1633 -0.7972 -0.5812
vn 0.2048 -0.9743 -0.0937
vn 0.3113 -0.8092 -0.4983
vn 0.4303 -0.8199 0.3777
vn 0.2118 0.2407 0.9472
vn 0.2498 0.3460 0.9044
vn 0.6054 0.2672 0.7497
vn 0.1608 0.2373 0.9580
vn 0.1033 0.2592 0.9603
vn 0.0829 0.3636 0.9279
vn 0.1421 0.1716 0.9749
vn 0.1092 0.2400 0.9646
vn 0.1346 0.4067 0.9036
vn 0.1483 0.1224 0.9813
vn 0.1506 0.2291 0.9617
vn 0.1529 0.4514 0.8791
vn 0.1633 0.1628 0.9731
vn 0.1417 0.4323 0.8906
vn 0.2342 -0.1673 0.9577
vn -0.0784 -0.8541 0.5141
vn -0.2179 -0.8686 0.4451
vn 0.1718 -0.0564 0.9835
vn -0.0317 -0.9022 0.4301
vn -0.1075 -0.9081 0.4048
vn 0.0763 -0.9206 0.3829
vn 0.3875 -0.9059 0.1706
vn 0.7423 -0.6676 -0.0564
vn 0.3789 -0.4748 0.7944
vn 0.0110 0.4498 0.8931
vn -0.0447 0.0159 0.9989
vn -0.0234 0.3363 0.9415
vn -0.5484 0.0294 0.8357
vn -0.4923 0.3121 0.8125
vn -0.4790 0.1449 0.8658
vn -0.3062 -0.5287 -0.7917
vn -0.1524 -0.5357 -0.8305
vn -0.1873 -0.5325 -0.8255
vn -0.3944 -0.8636 -0.3140
vn -0.7914 -0.5860 -0.1741
vn -0.6316 -0.5761 0.5187
vn -0.5961 -0.7286 -0.3372
vn 0.1017 -0.7072 -0.6997
vn -0.1786 -0.9384 -0.2958
vn -0.0596 -0.5907 -0.8047
vn -0.0830 -0.5361 -0.8400
vn -0.0830 -0.5361 -0.8401
vn -0.0967 -0.5054 -0.8574
vn -0.1461 -0.8962 -0.4188
vn -0.1703 -0.9692 -0.1781
vn -0.0959 -0.7846 0.6125
vn 0.0210 -0.9152 0.4025
vn -0.1065 -0.9545 0.2784
vn -0.3509 0.2117 0.9122
vn -0.3377 0.0552 0.9396
vn -0.4370 -0.0790 0.8960
vn -0.3213 0.3345 0.8859
vn -0.1842 -0.9348 -0.3037
vn -0.0346 -0.6281 -0.7773
vn -0.3153 -0.9069 0.2796
vn -0.1839 0.2358 0.9543
vn -0.1705 0.1149 0.9786
vn -0.2068 0.3472 0.9147
vn -0.1279 0.2714 0.9539
vn -0.1167 0.1711 0.9783
vn -0.1804 0.4003 0.8984
vn 0.0039 -0.8417 0.5400
vn 0.0069 -0.8793 0.4762
vn -0.0454 -0.5539 0.8313
vn -0.0831 0.1512 0.9850
vn -0.0586 -0.5367 -0.8417
vn -0.0730 -0.5372 -0.8403
vn 0.0198 -0.6662 0.7455
vn 0.0923 -0.8944 0.4377
vn -0.0880 0.2940 0.9518
vn -0.1113 0.1852 0.9764
vn -0.0691 0.4401 0.8953
vn -0.7925 -0.6052 0.0759
vn 0.5995 -0.2773 0.7508
vn 0.5769 -0.0600 0.8146
vn 0.4831 -0.1987 0.8527
vn 0.5760 -0.4089 0.7078
vn 0.6687 -0.4226 0.6118
vn 0.4481 -0.2000 0.8713
vn 0.5457 -0.2131 0.8105
vn 0.4821 -0.1982 0.8534
vn 0.5637 -0.1690 0.8085
vn -0.0292 -0.9832 -0.1804
vn -0.0855 -0.9951 -0.0491
vn -0.0090 -0.8702 -0.4926
vn -0.0161 -0.8680 -0.4963
vn 0.0641 -0.9973 0.0360
vn 0.0603 0.0398 -0.9974
vn 0.1410 0.3696 -0.9185
vn 0.1659 0.4270 -0.8889
vn 0.2385 0.4206 0.8754
vn 0.6557 0.2864 0.6986
vn 0.4212 -0.9066 -0.0275
vn 0.3322 -0.8768 -0.3476
vn 0.0573 -0.9012 -0.4296
vn 0.4698 0.5275 0.7079
vn 0.1112 0.0256 -0.9935
vn -0.1026 -0.1498 -0.9834
vn 0.0481 0.5593 -0.8276
vn 0.3285 0.5176 -0.7901
vn 0.1479 -0.1759 -0.9732
vn -0.0121 -0.2277 -0.9737
vn 0.4644 0.4890 -0.7384
vn 0.4728 0.4069 -0.7816
vn 0.1442 -0.3758 -0.9154
vn 0.0897 -0.0887 -0.9920
vn 0.2618 0.4103 -0.8735
vn 0.2267 0.3737 -0.8994
vn -0.2543 -0.1978 -0.9467
vn 0.0281 0.5726 -0.8194
vn -0.0557 0.7248 -0.6867
vn -0.2631 0.1060 -0.9589
vn -0.2601 -0.0739 -0.9628
vn 0.1442 0.7037 -0.6957
vn -0.0539 0.1705 -0.9839
vn 0.1274 -0.2055 -0.9703
vn 0.4685 0.4067 -0.7843
vn 0.9194 -0.3508 -0.1780
vn 0.4261 0.5444 0.7225
vn 0.8987 -0.0738 0.4322
vn 0.7744 0.0262 0.6322
vn 0.9454 -0.0116 0.3258
vn 0.1551 0.6496 0.7443
vn 0.2053 0.6642 0.7188
vn 0.2397 0.6175 0.7491
vn 0.1952 0.5724 0.7964
vn 0.9847 -0.1735 -0.0174
vn 0.9478 -0.1821 0.2619
vn 0.9802 -0.1979 -0.0062
vn 0.2956 0.8375 -0.4596
vn 0.3934 0.8029 -0.4479
vn -0.1502 -0.6659 -0.7308
vn -0.4176 -0.5770 -0.7019
vn 0.5473 0.7584 -0.3539
vn 0.4037 0.8892 -0.2154
vn -0.3831 -0.7970 -0.4669
vn -0.3049 -0.7242 -0.6185
vn -0.1397 -0.7452 -0.6520
vn 0.4871 0.7936 -0.3646
vn -0.1224 -0.7631 0.6346
vn -0.2146 -0.9657 -0.1462
vn -0.3792 -0.9153 -0.1360
vn -0.4111 -0.4754 0.7778
vn 0.2455 0.3958 0.8849
vn 0.2598 0.2223 0.9397
vn 0.4663 0.8622 0.1979
vn 0.4360 0.8984 0.0533
vn 0.4028 0.7851 -0.4706
vn 0.3680 0.8004 -0.4732
vn -0.1295 -0.7035 -0.6988
vn -0.2279 -0.3022 -0.9256
vn -0.2145 0.6139 0.7597
vn -0.4471 0.3162 0.8367
vn 0.5931 0.1992 0.7801
vn -0.8862 0.1468 0.4394
vn -0.8849 -0.2793 0.3729
vn -0.6840 0.0924 0.7236
vn 0.0176 0.7795 0.6261
vn -0.0341 0.6543 0.7554
vn -0.7526 -0.5858 0.3007
vn -0.3719 -0.9198 -0.1251
vn -0.7054 -0.6874 0.1733
vn 0.2377 0.9694 0.0613
vn 0.2956 0.9530 -0.0660
vn 0.2140 0.9293 -0.3009
vn 0.2207 0.8877 -0.4041
vn -0.5076 -0.6293 -0.5885
vn 0.0995 -0.0200 0.9948
vn 0.6015 0.4149 0.6826
vn 0.4988 0.5581 0.6632
vn 0.7117 -0.2081 0.6710
vn 0.3212 0.0696 0.9444
vn 0.7536 0.4046 0.5180
vn 0.9344 -0.1548 0.3208
vn 0.0108 0.1118 0.9937
vn 0.9879 -0.1533 -0.0249
vn 0.4549 -0.7871 -0.4166
vn 0.2745 -0.0105 -0.9615
vn 0.1670 -0.8313 0.5301
vn 0.9569 -0.2581 0.1334
vn -0.4056 -0.7972 -0.4471
vn -0.3299 -0.6689 -0.6662
vn 0.3718 0.2086 -0.9046
vn 0.9369 0.3247 -0.1299
vn 0.9589 -0.1218 -0.2562
vn 0.7664 -0.3794 0.5183
vn 0.6269 -0.1007 0.7726
vn -0.0204 -0.4646 0.8853
vn 0.8724 -0.3847 0.3015
vn -0.8072 -0.5884 0.0471
vn -0.4364 -0.8996 0.0164
vn -0.4340 -0.1678 -0.8851
vn 0.9569 -0.2581 0.1333
vn 0.1670 -0.3361 -0.9269
vn 0.9991 -0.0298 -0.0307
vn 0.9964 -0.0165 0.0827
vn 0.6168 0.1767 0.7670
vn -0.2021 -0.1636 0.9656
vn -0.8732 -0.3887 0.2940
vn -0.5784 -0.4201 -0.6993
vn 0.6561 0.2058 0.7260
vn 0.9809 0.1366 0.1385
vn 0.9711 -0.0644 0.2297
vn 0.9964 -0.0165 0.0828
vn 0.6975 -0.6662 -0.2640
vn 0.9344 -0.1549 0.3208
vn -0.7794 -0.6265 -0.0104
vn -0.4618 -0.7555 -0.4646
vn -0.0842 -0.7686 -0.6341
vn 0.9970 -0.0773 -0.0092
vn -0.0942 -0.9943 0.0501
vn 0.6975 -0.6663 -0.2639
vn -0.4619 -0.7555 -0.4646
vn -0.0843 -0.7686 -0.6342
vn -0.3838 -0.9149 -0.1247
vn -0.0708 -0.9929 -0.0955
vn 0.8300 -0.1328 0.5417
vn 0.6974 -0.6663 -0.2640
vn -0.0184 -0.9614 0.2747
vn 0.4253 0.6553 -0.6242
vn 0.3112 0.2474 -0.9176
vn 0.2778 0.1090 -0.9544
vn -0.1129 -0.4965 -0.8606
vn -0.1478 -0.6120 -0.7769
vn 0.6439 0.6183 -0.4507
vn -0.3768 -0.8468 0.3755
vn -0.3005 -0.8028 0.5149
vn 0.5489 0.3653 0.7518
vn 0.6636 0.6108 0.4318
vn 0.9322 0.2860 -0.2218
vn 0.8144 0.5770 0.0614
vn 0.9056 0.1950 0.3767
vn -0.2778 -0.9160 0.2893
vn -0.3230 -0.8809 -0.3459
vn -0.3333 -0.8692 0.3652
vn -0.3005 -0.8029 0.5149
vn -0.4108 -0.8557 0.3147
vn 0.3331 0.0263 -0.9425
vn -0.2058 -0.4548 -0.8665
vn 0.1317 -0.0434 -0.9903
vn 0.1375 -0.0528 -0.9891
vn -0.2501 -0.5421 0.8022
vn -0.2978 -0.5868 0.7530
vn 0.9615 0.1519 -0.2290
vn 0.8940 0.4441 0.0601
vn 0.8650 0.1269 0.4855
vn -0.4562 -0.8899 -0.0002
vn -0.5600 -0.7436 -0.3653
vn -0.5858 -0.7827 0.2102
vn -0.4651 -0.7005 0.5412
vn 0.3496 0.0571 -0.9352
vn -0.1018 -0.6644 -0.7404
vn -0.0539 -0.4880 -0.8712
vn -0.1154 -0.8813 0.4583
vn -0.1168 -0.5040 0.8558
vn 0.5910 0.1642 0.7898
vn 0.7044 0.2009 0.6808
vn 0.0149 -0.5624 0.8267
vn 0.7325 0.6755 -0.0849
vn 0.7646 0.3005 0.5701
vn 0.7583 0.4856 -0.4349
vn 0.6985 0.6805 -0.2212
vn -0.2928 -0.6743 -0.6779
vn -0.5271 -0.6506 0.5467
vn -0.1979 -0.9421 -0.2706
vn -0.2094 -0.8949 -0.3940
vn 0.6819 0.2735 -0.6784
vn -0.2020 -0.5932 -0.7793
vn -0.2095 -0.8949 -0.3940
vn 0.6985 0.6805 -0.2213
vn -0.2373 -0.8172 0.5253
vn 0.0602 -0.4867 0.8715
vn 0.6417 0.1873 0.7437
vn 0.7002 0.5558 0.4481
vn 0.7121 0.2500 0.6561
vn 0.7476 0.6538 0.1168
vn -0.3257 -0.6394 -0.6965
vn -0.3970 -0.9156 -0.0640
vn -0.3018 -0.8455 -0.4405
vn -0.4788 -0.2463 0.8426
vn -0.9288 -0.3674 -0.0490
vn -0.1582 -0.8944 0.4184
vn -0.3761 -0.2744 -0.8850
vn -0.9288 -0.3674 -0.0489
vn -0.6981 0.5101 -0.5025
vn -0.1158 -0.9333 -0.3398
vn -0.8704 -0.4393 -0.2223
vn -0.7533 0.5810 0.3082
vn -0.9555 -0.2756 0.1057
vn 0.3985 -0.8271 0.3963
vn 0.0315 -0.3329 0.9424
vn -0.6273 0.6018 -0.4943
vn -0.2627 0.2341 -0.9361
vn 0.2348 -0.4967 -0.8356
vn 0.4217 -0.8252 -0.3758
vn -0.5121 0.3505 0.7842
vn -0.7554 0.6428 0.1272
vn 0.7872 -0.4316 0.4404
vn 0.2841 -0.2891 0.9142
vn -0.8617 -0.1605 -0.4814
vn -0.2436 -0.0978 -0.9649
vn 0.4499 -0.1647 -0.8778
vn 0.8782 -0.3934 -0.2720
vn -0.2842 -0.0338 0.9582
vn -0.8056 0.5039 0.3117
vn -0.7853 0.4696 -0.4035
vn -0.3347 -0.2259 0.9149
vn 0.3097 -0.1182 0.9435
vn 0.4023 0.0320 -0.9149
vn -0.2352 -0.7171 -0.6561
vn -0.2148 -0.6511 0.7280
vn -0.3004 -0.8029 0.5149
vn 0.6952 0.6282 0.3495
vn -0.3706 -0.9288 0.0050
vn -0.4836 -0.6791 -0.5523
vn -0.2124 -0.3630 0.9072
vn 0.6872 0.4492 -0.5709
vn -0.5696 -0.1042 0.8153
vn -0.9809 -0.1666 -0.1007
vn -0.3685 -0.8227 0.4329
vn -0.3721 -0.2273 -0.8999
vn -0.9809 -0.1667 -0.1006
vn -0.5431 0.6228 -0.5632
vn -0.2902 -0.9021 -0.3193
vn -0.9288 -0.2566 -0.2674
vn -0.6304 0.7384 0.2395
vn -0.9967 -0.0648 0.0490
vn 0.2369 -0.8659 0.4406
vn -0.1148 -0.3091 0.9441
vn -0.5451 0.6542 -0.5244
vn -0.1672 0.2484 -0.9541
vn 0.2281 -0.5333 -0.8146
vn 0.3215 -0.8872 -0.3308
vn -0.5582 0.3814 0.7369
vn -0.7626 0.6457 0.0391
vn 0.7376 -0.4961 0.4582
vn 0.2305 -0.3095 0.9225
vn -0.9003 -0.0727 -0.4291
vn -0.2705 -0.0648 -0.9605
vn 0.4665 -0.1963 -0.8625
vn 0.8483 -0.4667 -0.2503
vn -0.3993 -0.1893 0.8970
vn -0.9589 -0.2158 0.1843
vn 0.3026 -0.1185 0.9457
vn 0.4238 -0.0553 -0.9041
vn -0.4078 -0.6188 -0.6714
vn -0.4651 -0.7006 0.5412
vn 0.7651 0.3149 -0.5616
vn -0.3824 -0.1608 0.9099
vn -0.8949 -0.4461 0.0087
vn -0.0884 -0.8859 0.4553
vn -0.3860 -0.4353 -0.8134
vn -0.8950 -0.4461 0.0087
vn -0.7883 0.4445 -0.4254
vn -0.0164 -0.9555 -0.2946
vn -0.8066 -0.5723 -0.1481
vn -0.3860 -0.4352 -0.8134
vn -0.0884 -0.8859 0.4554
vn -0.7478 0.5817 0.3200
vn -0.9796 -0.1040 0.1719
vn -0.5408 0.0301 0.8406
vn 0.4706 -0.7124 0.5206
vn 0.0663 -0.1743 0.9824
vn -0.0733 -0.5809 0.8107
vn -0.7206 0.5043 -0.4759
vn -0.3381 0.2588 -0.9048
vn -0.6306 -0.1092 -0.7684
vn -0.3061 -0.6162 -0.7257
vn 0.2923 -0.4861 -0.8236
vn 0.5196 -0.7967 -0.3085
vn -0.4498 0.2747 0.8498
vn -0.8523 0.4874 0.1901
vn 0.8867 -0.2755 0.3712
vn 0.3172 -0.1055 0.9425
vn -0.8881 -0.1744 -0.4252
vn -0.1654 -0.0889 -0.9822
vn 0.3923 -0.0672 -0.9174
vn 0.9032 -0.2864 -0.3195
vn -0.1668 -0.1135 0.9794
vn -0.8729 -0.0813 0.4811
vn 0.8841 0.2993 -0.3588
vn 0.9320 0.2091 0.2961
vn 0.3881 -0.0083 0.9216
vn 0.4786 0.1446 -0.8661
vn 0.3881 -0.0082 0.9216
vn 0.2592 -0.0578 0.9641
vn -0.0551 -0.2946 0.9540
vn -0.3001 -0.5649 0.7687
vn 0.8735 0.4523 0.1798
vn -0.6259 -0.6899 0.3637
vn -0.6992 -0.7036 0.1269
vn -0.4971 -0.8050 -0.3238
vn 0.6789 0.2461 0.6917
vn -0.4527 -0.5850 0.6730
vn -0.3403 -0.7483 -0.5694
vn -0.2644 -0.9506 0.1627
vn -0.2944 -0.9545 -0.0470
vn -0.1242 -0.8995 0.4189
vn 0.0996 -0.0200 0.9948
vn 0.6006 -0.1534 0.7847
vn -0.1171 -0.9411 0.3173
vn 0.4980 0.8549 0.1456
vn 0.3533 0.8954 -0.2710
vn 0.7131 0.6891 -0.1289
vn -0.2943 -0.9545 -0.0470
vn -0.1837 -0.9733 -0.1375
vn -0.1178 -0.9728 0.1994
vn -0.3632 -0.4492 0.8163
vn -0.8496 -0.5239 -0.0611
vn 0.0353 -0.9585 0.2827
vn -0.3861 -0.2109 -0.8980
vn -0.8495 -0.5240 -0.0611
vn -0.8132 0.4367 -0.3847
vn 0.0272 -0.8803 -0.4736
vn -0.7924 -0.5582 -0.2460
vn -0.8196 0.3797 0.4291
vn -0.8805 -0.4618 0.1068
vn 0.6307 -0.7317 0.2587
vn 0.1993 -0.4169 0.8868
vn -0.8156 0.4548 -0.3577
vn -0.4020 0.2662 -0.8761
vn 0.2593 -0.2892 -0.9215
vn 0.5819 -0.6289 -0.5156
vn -0.5025 0.1027 0.8585
vn -0.8997 0.3600 0.2471
vn 0.9306 -0.2056 0.3030
vn 0.4908 -0.1800 0.8525
vn -0.9254 -0.2125 -0.3137
vn -0.3753 -0.1411 -0.9161
vn 0.3501 -0.0098 -0.9367
vn 0.8932 -0.1567 -0.4215
vn -0.1029 -0.2082 0.9726
vn -0.8810 -0.3840 0.2765
vn 0.8523 0.1761 -0.4926
vn 0.9549 0.2300 0.1880
vn 0.5192 0.0131 0.8545
vn 0.3374 -0.0445 -0.9403
vn 0.2952 -0.1196 0.9479
vn -0.4837 -0.7707 -0.4148
vn -0.2529 -0.8879 0.3844
vn -0.2278 -0.6630 0.7131
vn -0.3634 -0.9181 -0.1583
vn 0.1491 0.4195 0.8954
vn 0.3534 0.9352 0.0228
vn 0.3936 0.7742 -0.4956
vn -0.2462 -0.7122 -0.6574
vn -0.1850 -0.7064 0.6832
vn -0.4028 -0.9151 0.0177
vn 0.2615 -0.6351 0.7268
vn -0.2087 -0.9597 -0.1882
vn 0.3641 0.3244 0.8730
vn 0.9979 -0.0065 0.0643
vn 0.8986 -0.3805 0.2186
vn 0.8986 -0.3804 0.2185
vn -0.1851 -0.7064 0.6832
vn 0.3994 0.1446 0.9053
vn 0.4751 0.8538 0.2130
vn 0.2916 0.4775 0.8288
vn 0.4538 0.8900 0.0436
vn 0.9219 0.2693 0.2786
vn 0.9448 0.3182 -0.0782
vn 0.9554 -0.2233 -0.1932
vn 0.9187 -0.2681 -0.2899
vn 0.9728 -0.0388 -0.2283
vn 0.4503 -0.8746 -0.1797
vn 0.7943 -0.4997 -0.3456
vn 0.8787 -0.3649 -0.3078
vn 0.7307 -0.3011 -0.6127
vn 0.7432 -0.1659 -0.6482
vn 0.3009 -0.1934 -0.9338
vn 0.2536 -0.2611 -0.9314
vn 0.9744 -0.1046 -0.1988
vn 0.9848 -0.0201 -0.1725
vn 0.9786 -0.1789 0.1017
vn 0.9920 0.0257 0.1236
vn 0.8073 -0.2353 0.5412
vn 0.8292 0.0193 0.5587
vn 0.3920 -0.2006 0.8978
vn 0.3533 -0.1104 0.9290
vn 0.7527 -0.0740 -0.6541
vn 0.3170 -0.1870 -0.9298
vn 0.9860 0.0350 -0.1631
vn 0.9905 0.0837 0.1091
vn 0.7906 0.0144 0.6122
vn 0.3219 -0.0831 0.9431
vn 0.7563 -0.0025 -0.6543
vn 0.3140 -0.0713 -0.9467
vn 0.9860 0.0361 -0.1626
vn 0.9929 0.0665 0.0987
vn 0.7656 0.0966 0.6360
vn 0.3146 0.0264 0.9489
vn 0.7688 0.0659 -0.6361
vn 0.2794 0.0788 -0.9569
vn 0.9605 0.1704 -0.2200
vn 0.9753 0.1901 0.1127
vn 0.7239 0.1371 0.6761
vn 0.2953 0.1515 0.9433
vn 0.1246 0.4693 -0.8742
vn 0.0873 0.1727 -0.9811
vn 0.1243 0.2039 -0.9711
vn 0.1458 0.3786 -0.9140
vn 0.1414 0.2622 -0.9546
vn 0.2380 0.0534 -0.9698
vn 0.9605 -0.0265 0.2769
vn 0.9777 -0.2047 0.0462
vn 0.9547 -0.2973 -0.0107
vn 0.9194 -0.3508 -0.1779
vn 0.7943 -0.4997 -0.3455
vn 0.3503 0.0740 -0.9337
vn -0.0815 -0.7166 -0.6927
vn -0.0037 -0.9893 -0.1458
vn -0.0231 -0.8818 -0.4710
vn -0.1262 -0.9820 -0.1403
vn 0.9820 0.1368 -0.1299
vn 0.9891 -0.1111 -0.0961
vn 0.9761 -0.1369 0.1686
vn 0.9868 -0.1505 -0.0593
vn -0.0951 -0.9936 -0.0616
vn 0.0951 -0.7431 0.6624
vn 0.9979 -0.0064 0.0643
vn 0.8120 -0.5495 0.1968
vn 0.8988 -0.0738 0.4322
vn 0.2343 -0.1673 0.9577
vn 0.8944 -0.4238 -0.1428
vn 0.9856 -0.1518 -0.0744
vn 0.9811 -0.0914 0.1706
vn 0.6721 0.7314 0.1156
vn 0.3070 0.9266 0.2173
vn 0.2745 0.9281 0.2515
vn 0.3321 0.8919 0.3071
vn 0.3073 0.8910 0.3341
vn 0.3619 0.6114 -0.7038
vn 0.2509 0.6740 -0.6948
vn 0.2384 0.4957 -0.8351
vn 0.4781 0.6536 -0.5867
vn 0.3181 0.5575 -0.7668
vn 0.7938 0.4544 0.4043
vn 0.5906 0.4167 0.6911
vn 0.6551 0.3269 0.6812
vn 0.6830 0.4988 0.5336
vn 0.3600 -0.3776 0.8531
vn 0.5948 0.2268 0.7712
vn 0.3043 0.1790 0.9356
vn 0.5529 0.3631 0.7500
vn 0.3182 0.2634 0.9107
vn 0.3202 0.2786 0.9055
vn 0.2906 0.3213 0.9013
vn 0.9505 -0.3059 -0.0551
vn 0.8804 -0.4715 -0.0508
vn 0.8051 -0.4274 0.4112
vn 0.8692 -0.4660 0.1651
vn 0.9336 -0.3550 -0.0496
vn 0.6614 -0.7152 0.2260
vn 0.9389 -0.3411 -0.0453
vn 0.5647 0.5898 -0.5772
vn 0.9452 0.1971 -0.2603
vn 0.5872 0.0181 -0.8092
vn 0.9949 0.0448 -0.0904
vn 0.9947 -0.0689 -0.0762
vn 0.3190 0.7882 -0.5262
vn 0.2878 0.8401 -0.4598
vn 0.2953 0.8594 -0.4175
vn 0.2991 0.9039 -0.3059
vn 0.1179 0.6736 -0.7297
vn 0.5729 0.8087 -0.1334
vn 0.4037 0.8123 -0.4210
vn 0.7000 0.6498 0.2961
vn 0.5458 0.7937 0.2685
vn 0.1034 0.0134 -0.9945
vn 0.1104 -0.0219 -0.9936
vn 0.0776 0.2264 -0.9709
vn 0.1727 -0.4544 -0.8739
vn 0.1126 -0.1387 -0.9839
vn 0.6814 -0.5754 -0.4523
vn 0.1749 -0.5023 -0.8468
vn 0.7889 -0.6129 0.0446
vn 0.6946 -0.7084 -0.1250
vn 0.5779 -0.7892 -0.2080
vn 0.6404 -0.7350 0.2228
vn 0.5056 -0.7815 -0.3654
vn 0.9538 -0.2870 -0.0883
vn 0.3789 0.9059 0.1894
vn 0.3293 0.8964 -0.2966
vn 0.8149 0.4228 -0.3965
vn 0.4231 0.4427 -0.7906
vn 0.9140 0.3961 0.0882
vn 0.7845 0.3216 0.5302
vn 0.4080 0.1973 0.8914
vn -0.1052 -0.3642 -0.9254
vn -0.1023 -0.4176 -0.9029
vn -0.3977 0.3265 0.8575
vn -0.6796 0.2137 0.7018
vn -0.5208 0.4931 0.6969
vn -0.0853 -0.4283 -0.8996
vn 0.6767 0.6445 0.3560
vn 0.3924 0.9141 0.1025
vn 0.9046 0.4243 -0.0401
vn -0.0247 0.9418 0.3354
vn -0.7799 0.5953 0.1933
vn -0.4059 0.9084 0.1003
vn -0.0333 0.9790 0.2010
vn -0.8375 0.5417 -0.0720
vn -0.7282 0.6844 0.0365
vn 0.5385 -0.0135 -0.8425
vn 0.9848 0.0890 -0.1490
vn 0.9823 -0.1233 -0.1410
vn 0.9661 0.1704 -0.1938
vn 0.8976 0.1340 0.4199
vn 0.8924 0.4452 0.0734
vn 0.5308 0.3032 -0.7914
vn 0.9793 0.2011 -0.0231
vn -0.9620 -0.0116 -0.2727
vn -0.8873 0.0313 -0.4601
vn -0.9984 0.0493 -0.0274
vn -0.9629 0.1112 0.2461
vn -0.4726 0.0283 -0.8808
vn -0.2398 0.2291 -0.9434
vn -0.9509 0.2609 -0.1667
vn -0.3039 0.5792 0.7564
vn 0.3699 0.5925 0.7156
vn 0.0009 0.8312 0.5559
vn 0.0000 -1.0000 -0.0000
vn 0.5294 -0.8407 -0.1135
vn 0.3510 -0.8411 -0.4115
vn 0.5309 -0.8428 -0.0884
vn -0.2927 -0.9519 -0.0904
vn -0.3279 -0.5467 -0.7704
vn 0.3070 -0.9498 -0.0610
vn -0.0000 -1.0000 0.0016
vn 0.5858 0.7412 0.3279
vn 0.8363 0.4112 0.3626
vn 0.9940 0.1079 -0.0198
vn 0.8169 0.5766 -0.0132
vn 0.6231 0.1171 -0.7733
vn 0.6900 -0.7217 -0.0552
vn 0.8302 -0.5572 -0.0165
vn 0.7081 -0.7061 -0.0010
vn 0.9999 0.0131 -0.0020
vn 0.9962 -0.0331 -0.0811
vn -0.9237 0.3695 0.1008
vn -0.7294 0.4534 0.5122
vn -0.5472 0.7578 0.3554
vn -0.8001 0.0256 -0.5993
vn -0.8811 -0.0251 -0.4722
vn -0.9626 0.0031 -0.2709
vn -0.6809 -0.7070 -0.1912
vn -0.7252 0.0945 -0.6820
vn -0.9619 0.2240 -0.1565
vn 0.0711 0.4432 0.8936
vn -0.1883 0.7589 0.6234
vn -0.7461 0.3386 0.5733
vn 0.9910 -0.0227 -0.1321
vn 0.7362 0.0259 0.6763
vn -0.2195 0.1065 0.9698
vn -0.7144 0.0686 0.6963
vn -0.9403 -0.0034 0.3404
vn -0.9263 -0.0622 -0.3716
vn -0.4118 -0.1018 -0.9056
vn 0.0422 -0.1470 -0.9882
vn 0.7192 -0.1050 -0.6868
vn 0.9893 -0.1084 -0.0974
vn 0.7059 -0.0525 0.7063
vn -0.2118 0.0014 0.9773
vn -0.6327 -0.0047 0.7744
vn -0.8670 -0.0642 0.4942
vn -0.9335 -0.1085 -0.3416
vn -0.4395 -0.1146 -0.8909
vn 0.0809 -0.1701 -0.9821
vn 0.7392 -0.1631 -0.6534
vn -0.6767 0.6445 0.3559
vn -0.9038 0.4260 -0.0401
vn -0.3924 0.9141 0.1025
vn 0.4059 0.9084 0.1003
vn 0.7799 0.5953 0.1932
vn 0.0247 0.9418 0.3354
vn 0.0333 0.9791 0.2008
vn 0.8357 0.5445 -0.0719
vn 0.7261 0.6866 0.0362
vn 0.9028 -0.4284 -0.0381
vn 0.9574 -0.2726 -0.0950
vn 0.5880 -0.5440 -0.5986
vn 0.0290 -0.7091 -0.7045
vn 0.4228 -0.9010 -0.0969
vn -0.8253 -0.5593 -0.0776
vn -0.9687 -0.2139 -0.1258
vn -0.9594 -0.2583 0.1135
vn -0.3679 -0.9137 0.1728
vn -0.6540 -0.7520 -0.0827
vn -0.4048 -0.3359 0.8505
vn 0.0431 -0.5847 0.8101
vn 0.2590 -0.9461 0.1947
vn -0.0066 0.1060 0.9943
vn -0.0022 -0.0747 -0.9972
vn -0.5709 -0.5384 -0.6198
vn 0.6259 -0.7622 0.1654
vn 0.9580 -0.2279 0.1743
vn 0.3593 -0.2143 0.9083
vn 0.4214 -0.3098 0.8523
vn -0.9241 0.1916 0.3307
vn -0.6054 0.2206 0.7647
vn -0.5636 0.2015 0.8011
vn -0.2665 0.1699 0.9487
vn -0.1980 0.1827 0.9630
vn 0.0036 0.0752 0.9972
vn 0.9175 0.2180 0.3327
vn 0.5432 0.2168 0.8111
vn 0.5872 0.2478 0.7706
vn -0.4497 -0.1107 -0.8863
vn 0.1109 -0.1197 -0.9866
vn 0.1098 -0.2100 -0.9715
vn 0.9955 -0.0874 -0.0364
vn 0.6642 -0.2678 0.6979
vn 0.7152 -0.1612 0.6800
vn 0.9843 -0.1692 -0.0497
vn 0.6571 -0.1399 0.7408
vn 0.9766 -0.1894 -0.1014
vn 0.7726 0.0059 -0.6348
vn 0.7095 -0.1491 -0.6887
vn 0.7040 -0.1989 -0.6818
vn 0.0549 0.0187 -0.9983
vn -0.1604 -0.1054 0.9814
vn -0.6009 -0.0808 0.7952
vn -0.8640 -0.0745 0.4980
vn -0.9347 -0.0960 -0.3423
vn 0.9828 -0.0274 0.1826
vn 0.9946 -0.0326 -0.0982
vn -0.6131 0.1879 0.7673
vn -0.9300 0.1852 0.3173
vn -0.9222 0.1783 0.3432
vn -0.6653 0.1594 0.7294
vn -0.2311 0.1493 0.9614
vn -0.1663 0.1916 0.9673
vn -0.9725 0.1448 -0.1824
vn -0.5484 -0.0063 -0.8362
vn -0.6423 -0.1011 -0.7597
vn -0.9725 0.1558 -0.1732
vn 0.0645 -0.1906 -0.9795
vn 0.1243 -0.2702 -0.9547
vn -0.2735 0.1470 0.9506
vn 0.2699 0.0451 0.9618
vn 0.6028 0.0071 0.7979
vn 0.8373 -0.0787 0.5411
vn 0.6269 -0.4370 -0.6450
vn -0.8583 -0.0972 -0.5038
vn -0.6360 -0.5809 -0.5080
vn -0.8267 -0.5091 0.2397
vn -0.9760 -0.0537 0.2110
vn -0.8948 0.0932 -0.4367
vn -0.9764 0.1656 0.1388
vn -0.8153 -0.5597 0.1480
vn -0.7611 -0.2471 -0.5998
vn -0.9827 0.1771 -0.0549
vn 0.2454 -0.1178 0.9622
vn 0.2584 -0.1781 0.9495
vn 0.7129 -0.1480 0.6854
vn 0.7696 -0.0697 0.6347
vn 0.7320 -0.3975 0.5533
vn 0.3517 -0.4861 0.8000
vn 0.2051 -0.1964 0.9588
vn 0.7373 -0.1437 0.6601
vn 0.7663 -0.1227 0.6307
vn 0.2409 -0.0669 0.9682
vn 0.6143 -0.6081 0.5028
vn 0.2311 -0.7435 0.6275
vn 0.5750 -0.6512 0.4953
vn -0.6589 -0.1900 0.7278
vn -0.6248 -0.1190 0.7717
vn -0.8465 -0.0566 0.5293
vn 0.9458 -0.1219 0.3009
vn -0.2914 -0.1500 0.9448
vn -0.2491 -0.1404 0.9583
vn -0.8786 0.0347 0.4763
vn 0.9577 -0.0752 0.2778
vn 0.9799 -0.1915 -0.0554
vn 0.9176 -0.3295 0.2224
vn -0.7415 -0.0071 0.6709
vn -0.8100 -0.2627 0.5244
vn -0.6230 -0.4209 0.6593
vn -0.2400 -0.4327 0.8690
vn -0.3256 -0.1474 0.9340
vn -0.1905 -0.3238 0.9267
vn -0.6303 -0.1944 0.7516
vn -0.8800 -0.1080 0.4626
vn -0.8882 0.0815 -0.4521
vn -0.5304 0.0804 -0.8439
vn 0.9076 -0.4192 -0.0228
vn -0.2534 -0.6714 0.6965
vn -0.6051 -0.5435 0.5817
vn -0.8155 -0.5596 0.1478
vn -0.9251 -0.3786 0.0278
vn -0.4656 -0.2876 -0.8370
vn 0.1500 -0.3590 -0.9212
vn 0.7469 -0.4019 -0.5297
vn -0.9659 0.1916 -0.1739
vn -0.6784 0.2847 -0.6773
vn -0.1325 0.1487 -0.9800
vn 0.0014 0.1314 0.9913
vn -0.2963 0.2152 0.9306
vn 0.8141 -0.5700 -0.1111
vn 0.8330 -0.4674 0.2961
vn 0.9866 -0.1019 -0.1272
vn 0.9670 -0.1122 0.2287
vn -0.5656 -0.6520 0.5050
vn -0.3292 -0.7438 0.5816
vn -0.8978 0.1535 0.4128
vn -0.6790 0.0850 0.7292
vn -0.3007 -0.0070 0.9537
vn -0.8909 0.1610 0.4248
vn -0.6419 0.1565 0.7507
vn -0.6436 0.1983 0.7392
vn -0.9582 0.1693 0.2307
vn -0.4129 -0.1113 -0.9040
vn -0.3639 -0.3249 -0.8729
vn -0.4648 -0.1370 -0.8747
vn -0.6852 -0.0859 -0.7233
vn -0.9613 0.1892 -0.2004
vn -0.7757 0.1869 -0.6028
vn -0.0274 -0.1164 -0.9928
vn 0.0833 -0.3615 -0.9286
vn 0.0047 -0.1907 -0.9816
vn -0.0082 -0.2860 -0.9582
vn -0.3214 0.1962 -0.9264
vn 0.3373 -0.0333 0.9408
vn -0.7074 -0.6661 0.2363
vn 0.6292 -0.4781 -0.6128
vn 0.6710 -0.1798 -0.7193
vn 0.6608 -0.1271 -0.7398
vn 0.7139 -0.2308 -0.6611
vn 0.0003 0.1253 -0.9921
vn -0.5630 0.0287 -0.8259
vn -0.9823 -0.1233 -0.1411
vn -0.9848 0.0890 -0.1490
vn -0.9661 0.1704 -0.1938
vn -0.8976 0.1340 0.4199
vn -0.8925 0.4451 0.0733
vn -0.5308 0.3032 -0.7914
vn -0.9787 0.2040 -0.0232
vn 0.9984 0.0493 -0.0274
vn 0.8873 0.0313 -0.4601
vn 0.9620 -0.0117 -0.2728
vn 0.9628 0.1112 0.2461
vn 0.2398 0.2291 -0.9434
vn 0.4726 0.0283 -0.8808
vn 0.9499 0.2646 -0.1665
vn 0.4517 -0.1079 -0.8856
vn -0.1100 -0.2101 -0.9715
vn -0.1112 -0.1196 -0.9866
vn -0.7176 -0.1513 0.6798
vn -0.6662 -0.2734 0.6939
vn -0.9954 -0.0884 -0.0360
vn -0.9862 -0.1583 -0.0488
vn -0.9766 -0.1895 -0.1016
vn -0.6571 -0.1399 0.7407
vn -0.7768 0.0083 -0.6297
vn -0.7114 -0.1442 -0.6878
vn -0.7041 -0.1990 -0.6817
vn -0.0564 0.0198 -0.9982
vn 0.1602 -0.1057 0.9814
vn 0.3041 0.5823 0.7540
vn -0.0009 0.8325 0.5540
vn -0.3699 0.5955 0.7132
vn -0.5306 -0.8399 -0.1139
vn 0.2935 -0.9517 -0.0907
vn -0.3015 -0.9520 -0.0539
vn -0.3538 -0.8374 -0.4167
vn 0.3302 -0.5330 -0.7790
vn -0.3075 -0.9496 -0.0611
vn -0.9934 0.1130 -0.0201
vn -0.8342 0.4165 0.3614
vn -0.5846 0.7429 0.3263
vn -0.8154 0.5788 -0.0134
vn -0.6216 0.1262 -0.7731
vn -0.9963 -0.0264 -0.0813
vn -0.6924 -0.7194 -0.0556
vn -0.7098 -0.7044 -0.0011
vn -0.8321 -0.5544 -0.0168
vn -0.9998 0.0180 -0.0022
vn 0.5458 0.7597 0.3536
vn 0.7270 0.4595 0.5103
vn 0.9214 0.3755 0.1003
vn 0.7995 0.0319 -0.5998
vn 0.8808 -0.0181 -0.4731
vn 0.9625 0.0108 -0.2709
vn 0.6835 -0.7043 -0.1919
vn 0.7995 0.0320 -0.5999
vn 0.7995 0.0320 -0.5998
vn 0.7242 0.1017 -0.6821
vn 0.9603 0.2310 -0.1563
vn 0.1883 0.7589 0.6234
vn -0.0711 0.4432 0.8936
vn 0.7461 0.3386 0.5733
vn -0.9910 -0.0225 -0.1322
vn -0.7362 0.0260 0.6762
vn 0.2195 0.1064 0.9698
vn 0.7146 0.0688 0.6962
vn 0.9403 -0.0031 0.3403
vn 0.9263 -0.0620 -0.3717
vn 0.3155 -0.0585 -0.9471
vn -0.4303 -0.1303 -0.8932
vn -0.9893 -0.1085 -0.0977
vn -0.7060 -0.0527 0.7062
vn 0.2119 0.0014 0.9773
vn 0.6331 -0.0044 0.7741
vn 0.8671 -0.0639 0.4940
vn 0.9337 -0.1083 -0.3414
vn 0.3939 -0.1384 -0.9087
vn 0.0142 -0.2037 -0.9789
vn -0.7394 -0.1630 -0.6532
vn 0.6029 -0.0779 0.7940
vn 0.8655 -0.0656 0.4966
vn 0.9357 -0.0829 -0.3430
vn -0.9942 -0.0130 -0.1071
vn -0.9863 -0.0321 0.1620
vn 0.9234 0.1717 0.3434
vn 0.9285 0.1873 0.3205
vn 0.6051 0.1888 0.7734
vn 0.6624 0.1567 0.7326
vn 0.1398 0.1793 0.9738
vn 0.2194 0.1510 0.9639
vn 0.6512 -0.1115 -0.7507
vn 0.5501 0.0123 -0.8350
vn 0.9714 0.1620 -0.1737
vn 0.9774 0.1385 -0.1598
vn -0.1157 -0.2710 -0.9556
vn -0.0632 -0.1961 -0.9785
vn -0.2711 0.0394 0.9617
vn 0.2702 0.1475 0.9514
vn -0.6164 0.0045 0.7874
vn -0.8379 -0.0949 0.5375
vn -0.6414 -0.4089 -0.6491
vn 0.8267 -0.5091 0.2397
vn 0.6360 -0.5809 -0.5080
vn 0.8583 -0.0972 -0.5038
vn 0.9760 -0.0537 0.2110
vn 0.8958 0.0917 -0.4350
vn 0.9764 0.1656 0.1387
vn 0.8105 -0.5676 0.1445
vn 0.7608 -0.2552 -0.5967
vn 0.9839 0.1715 -0.0510
vn -0.7129 -0.1480 0.6854
vn -0.2584 -0.1781 0.9495
vn -0.2455 -0.1178 0.9622
vn -0.7696 -0.0697 0.6347
vn -0.7321 -0.3975 0.5533
vn -0.3518 -0.4861 0.8000
vn -0.2051 -0.1964 0.9588
vn -0.7373 -0.1438 0.6601
vn -0.7663 -0.1227 0.6307
vn -0.2410 -0.0669 0.9682
vn -0.6143 -0.6081 0.5028
vn -0.2311 -0.7435 0.6275
vn -0.5742 -0.6533 0.4935
vn 0.6589 -0.1900 0.7278
vn 0.8465 -0.0566 0.5293
vn 0.6248 -0.1190 0.7717
vn -0.9458 -0.1219 0.3009
vn 0.2490 -0.1405 0.9583
vn 0.2914 -0.1501 0.9447
vn 0.8786 0.0347 0.4763
vn -0.9577 -0.0752 0.2778
vn -0.9799 -0.1915 -0.0554
vn -0.9176 -0.3295 0.2225
vn 0.7415 -0.0071 0.6709
vn 0.8100 -0.2627 0.5244
vn 0.6230 -0.4209 0.6593
vn 0.2400 -0.4327 0.8690
vn 0.3256 -0.1474 0.9340
vn 0.1931 -0.3232 0.9264
vn 0.6370 -0.1902 0.7470
vn 0.8828 -0.1046 0.4579
vn 0.8891 0.0795 -0.4508
vn 0.5367 0.0777 -0.8402
vn -0.9012 -0.4327 -0.0257
vn 0.2549 -0.6723 0.6950
vn 0.6047 -0.5481 0.5778
vn 0.9195 -0.3923 0.0240
vn 0.4664 -0.2884 -0.8362
vn -0.1517 -0.3611 -0.9201
vn -0.7446 -0.4106 -0.5263
vn 0.2156 0.2027 0.9552
vn 0.6665 0.3121 -0.6770
vn 0.9591 0.2218 -0.1758
vn 0.1245 0.1552 -0.9800
vn 0.2485 0.1768 0.9524
vn 0.2854 0.2066 0.9359
vn -0.8141 -0.5700 -0.1111
vn -0.8330 -0.4674 0.2961
vn -0.9874 -0.0942 -0.1269
vn -0.9684 -0.1075 0.2252
vn 0.5656 -0.6520 0.5050
vn 0.3292 -0.7438 0.5816
vn 0.8978 0.1535 0.4128
vn 0.6790 0.0850 0.7292
vn 0.3008 -0.0071 0.9537
vn 0.8918 0.1581 0.4240
vn 0.6425 0.1536 0.7508
vn 0.9549 0.1884 0.2295
vn 0.6384 0.2136 0.7394
vn 0.3639 -0.3249 -0.8729
vn 0.4129 -0.1113 -0.9040
vn 0.4651 -0.1392 -0.8743
vn 0.6904 -0.1008 -0.7164
vn 0.7705 0.2006 -0.6051
vn 0.9574 0.2063 -0.2020
vn -0.0833 -0.3615 -0.9286
vn 0.0274 -0.1164 -0.9928
vn -0.0051 -0.1900 -0.9818
vn 0.0083 -0.2856 -0.9583
vn 0.3175 0.2030 -0.9263
vn 0.7034 -0.6713 0.2336
vn -0.6291 -0.4781 -0.6128
vn -0.6710 -0.1798 -0.7193
vn -0.6622 -0.1194 -0.7398
vn -0.7169 -0.2191 -0.6619
vn -0.0000 0.2014 -0.9795
vn -0.0000 0.1803 -0.9836
vn 0.3249 0.1936 -0.9257
vn -0.3249 0.1936 -0.9257
vn -0.2758 0.0832 -0.9576
vn 0.0061 0.0345 -0.9994
vn -0.7671 0.0793 -0.6366
vn -0.9586 0.1818 -0.2190
vn -0.9734 0.1997 0.1120
vn -0.7229 0.1419 0.6762
vn -0.2987 0.1521 0.9422
vn -0.0025 0.1949 0.9808
vn -0.3054 0.5291 -0.7917
vn -0.0481 0.5593 -0.8276
vn 0.0905 -0.1458 -0.9852
vn -0.1630 -0.1851 -0.9691
vn -0.5676 0.4619 -0.6815
vn -0.0501 -0.2934 -0.9547
vn -0.1738 -0.3593 -0.9169
vn -0.4132 0.4673 -0.7816
vn -0.3203 0.5607 -0.7635
vn -0.2747 0.4375 -0.8562
vn -0.0881 -0.0926 -0.9918
vn 0.2512 -0.1991 -0.9472
vn 0.0646 0.6936 -0.7174
vn -0.0830 0.7484 -0.6580
vn 0.2581 -0.0753 -0.9632
vn 0.2631 0.1060 -0.9589
vn -0.1207 0.7124 -0.6913
vn 0.0627 0.1703 -0.9834
vn -0.4526 0.4557 -0.7665
vn -0.1154 -0.2184 -0.9690
vn -0.9247 -0.3775 -0.0503
vn -0.7306 -0.0728 0.6790
vn -0.3773 0.4948 0.7828
vn -0.9866 -0.1199 0.1109
vn -0.8656 -0.1625 0.4737
vn 0.0105 0.5850 0.8110
vn -0.1162 0.5695 0.8138
vn -0.2061 0.5151 0.8320
vn -0.2978 0.4905 0.8190
vn -0.9802 -0.1979 -0.0062
vn -0.9925 -0.1212 -0.0184
vn -0.3432 0.8254 -0.4482
vn -0.2956 0.8375 -0.4596
vn 0.0889 -0.6760 -0.7316
vn 0.4242 -0.5699 -0.7038
vn -0.3899 0.8940 -0.2206
vn -0.5473 0.7584 -0.3539
vn 0.3757 -0.7997 -0.4683
vn 0.2477 -0.7025 -0.6672
vn 0.1871 -0.7443 -0.6411
vn -0.4228 0.8382 -0.3445
vn 0.3781 -0.9161 -0.1336
vn 0.2234 -0.9626 -0.1533
vn 0.1224 -0.7631 0.6346
vn 0.4111 -0.4754 0.7778
vn -0.2598 0.2223 0.9397
vn -0.2455 0.3958 0.8849
vn -0.4653 0.8585 0.2154
vn -0.4445 0.8947 0.0436
vn -0.4221 0.8183 -0.3902
vn 0.1406 -0.7048 -0.6953
vn 0.2244 -0.3033 -0.9261
vn 0.2145 0.6139 0.7597
vn -0.5936 0.2032 0.7787
vn 0.4468 0.3206 0.8352
vn 0.8865 0.1481 0.4384
vn 0.8871 -0.2734 0.3720
vn 0.6840 0.0924 0.7236
vn -0.0177 0.7795 0.6261
vn 0.0341 0.6543 0.7554
vn 0.7526 -0.5858 0.3007
vn 0.7054 -0.6873 0.1732
vn 0.3719 -0.9198 -0.1251
vn -0.2377 0.9694 0.0613
vn -0.2764 0.9563 -0.0952
vn -0.1904 0.9320 -0.3083
vn 0.5076 -0.6293 -0.5885
vn -0.4705 0.5782 0.6666
vn -0.6154 0.3764 0.6925
vn -0.1002 -0.0253 0.9946
vn -0.7141 -0.2072 0.6687
vn -0.3130 0.0038 0.9497
vn -0.8053 0.2911 0.5164
vn -0.9367 -0.1511 0.3159
vn -0.0106 0.1201 0.9927
vn -0.9350 -0.2854 0.2104
vn -0.5262 0.0923 -0.8453
vn -0.3794 -0.7830 -0.4928
vn -0.0492 -0.9103 0.4109
vn -0.5008 -0.8529 -0.1475
vn 0.3596 -0.5711 -0.7379
vn 0.1487 -0.9579 0.2457
vn -0.3794 -0.7831 -0.4928
vn -0.5262 0.0923 -0.8454
vn -0.1434 -0.6823 -0.7169
vn -0.9601 0.2795 0.0128
vn -0.6866 0.2934 -0.6652
vn -0.9766 -0.1998 0.0800
vn 0.0203 -0.4581 0.8887
vn -0.6269 -0.0951 0.7733
vn -0.8515 -0.4054 0.3324
vn -0.4224 -0.6634 0.6176
vn 0.7712 -0.6332 -0.0653
vn -0.0493 -0.9104 0.4109
vn -0.1093 0.0746 -0.9912
vn 0.4270 -0.2430 -0.8710
vn -0.9878 0.0408 0.1502
vn -0.5521 -0.1203 -0.8251
vn 0.2021 -0.1565 0.9668
vn -0.6168 0.1824 0.7657
vn 0.8732 -0.3866 0.2968
vn 0.3714 -0.3683 -0.8523
vn -0.6560 0.2124 0.7243
vn -0.6862 -0.6409 -0.3442
vn 0.7829 -0.6221 -0.0128
vn 0.5476 -0.7627 -0.3441
vn 0.1145 -0.8198 -0.5611
vn -0.6862 -0.6408 -0.3442
vn 0.0440 -0.9978 0.0488
vn 0.0263 -0.9950 -0.0959
vn 0.3839 -0.9149 -0.1247
vn -0.8284 -0.1309 0.5447
vn 0.0675 -0.9779 0.1978
vn -0.3218 0.2089 -0.9235
vn -0.4127 0.6598 -0.6280
vn 0.1428 -0.6171 -0.7738
vn 0.2032 -0.4801 -0.8534
vn -0.2948 0.0287 -0.9551
vn -0.6510 0.6048 -0.4587
vn -0.6147 0.2237 0.7564
vn 0.2840 -0.6331 0.7201
vn 0.3477 -0.8572 0.3798
vn -0.6677 0.5993 0.4415
vn -0.9129 0.4055 0.0475
vn -0.9689 -0.0641 -0.2392
vn -0.9056 -0.1691 0.3888
vn 0.4160 -0.7619 0.4964
vn 0.4915 -0.8039 -0.3349
vn 0.2964 -0.9094 0.2919
vn 0.4042 -0.8572 0.3191
vn 0.3674 -0.6898 0.6238
vn 0.0544 -0.7217 -0.6901
vn 0.2907 -0.3198 -0.9018
vn -0.3175 -0.0420 -0.9473
vn -0.1301 -0.0691 -0.9891
vn 0.0991 -0.8365 -0.5389
vn 0.2471 -0.5368 0.8067
vn 0.3515 -0.4723 0.8083
vn -0.9514 0.3057 0.0362
vn -0.9603 0.1023 -0.2594
vn -0.8574 0.0984 0.5051
vn 0.7319 -0.6169 0.2896
vn 0.7390 -0.5256 -0.4214
vn 0.4488 -0.8936 -0.0025
vn 0.4041 -0.8572 0.3191
vn 0.2470 -0.5369 0.8067
vn 0.5739 -0.5492 0.6075
vn 0.0551 -0.4928 -0.8684
vn 0.1683 -0.6339 -0.7549
vn -0.3557 0.0107 -0.9345
vn -0.7079 0.1481 0.6906
vn 0.1626 -0.4603 0.8728
vn 0.0922 -0.8837 0.4589
vn -0.0160 -0.7924 0.6097
vn -0.7236 0.1137 0.6808
vn -0.7079 0.1480 0.6906
vn -0.8172 0.3795 -0.4338
vn -0.8004 0.1891 0.5688
vn -0.7535 0.6528 -0.0788
vn -0.7195 0.6592 -0.2186
vn 0.2140 -0.9392 -0.2686
vn 0.6223 -0.5177 0.5872
vn 0.3734 -0.6072 -0.7013
vn 0.3735 -0.6072 -0.7013
vn 0.0552 -0.4928 -0.8684
vn 0.2229 -0.8920 -0.3933
vn 0.2228 -0.8920 -0.3933
vn 0.2282 -0.6089 -0.7597
vn -0.7054 0.2644 -0.6576
vn -0.6625 0.0787 0.7449
vn -0.0973 -0.6211 0.7777
vn 0.2687 -0.8072 0.5256
vn -0.7257 0.5152 0.4560
vn -0.7473 0.1481 0.6477
vn -0.7581 0.6410 0.1202
vn 0.3933 -0.9081 -0.1436
vn 0.3081 -0.6767 -0.6687
vn 0.3157 -0.8394 -0.4425
vn 0.6284 0.2235 0.7451
vn 0.3665 -0.7578 0.5398
vn 0.9539 -0.2921 0.0697
vn 0.2002 -0.9580 -0.2053
vn 0.2991 -0.4750 -0.8276
vn 0.9651 -0.2377 -0.1098
vn 0.7002 0.7131 0.0348
vn 0.5426 0.4147 -0.7305
vn 0.9414 -0.1749 -0.2885
vn 0.1268 -0.2471 0.9607
vn -0.2962 -0.8401 0.4543
vn 0.2125 0.2209 -0.9519
vn 0.5507 0.6685 -0.4999
vn -0.4066 -0.8712 -0.2752
vn -0.1910 -0.3768 -0.9064
vn 0.7335 0.6675 0.1279
vn 0.4583 0.2629 0.8490
vn -0.1992 -0.3074 0.9305
vn -0.6638 -0.5939 0.4547
vn 0.2547 -0.0636 -0.9649
vn 0.8713 -0.1265 -0.4741
vn 0.1723 0.1169 -0.9781
vn -0.7706 -0.5839 -0.2555
vn -0.4280 -0.2720 -0.8619
vn 0.5869 -0.3415 0.7341
vn 0.1879 -0.1958 0.9625
vn 0.8063 -0.3465 0.4794
vn 0.8733 0.1342 -0.4684
vn 0.9662 -0.2571 -0.0160
vn 0.2547 -0.0637 -0.9649
vn -0.2537 -0.2649 0.9303
vn -0.3885 -0.1180 -0.9139
vn 0.3718 -0.6635 -0.6492
vn -0.3884 -0.1180 -0.9139
vn 0.2037 -0.5192 0.8300
vn 0.3674 -0.6898 0.6239
vn -0.7022 0.6156 0.3577
vn 0.4914 -0.8039 -0.3349
vn 0.4712 -0.8204 0.3240
vn 0.8063 -0.3465 0.4793
vn 0.8941 -0.3751 0.2446
vn 0.8713 -0.1265 -0.4742
vn 0.3717 -0.6636 -0.6492
vn 0.6357 -0.5235 0.5673
vn -0.7558 0.3014 -0.5813
vn 0.7788 -0.3352 -0.5301
vn 0.1568 -0.2049 -0.9661
vn 0.3718 -0.6635 -0.6493
vn 0.6557 0.1073 0.7473
vn 0.2098 -0.8073 0.5516
vn 0.8788 -0.4703 0.0806
vn 0.0119 -0.9813 -0.1924
vn 0.2058 -0.5347 -0.8196
vn 0.9013 -0.4215 -0.0994
vn 0.8249 0.5644 0.0319
vn 0.9013 -0.4216 -0.0994
vn 0.5987 0.2781 -0.7512
vn 0.8911 -0.3578 -0.2791
vn 0.0919 -0.2706 0.9583
vn -0.3709 -0.8280 0.4204
vn 0.1857 0.1393 -0.9727
vn 0.5876 0.6186 -0.5215
vn -0.4664 -0.8401 -0.2771
vn -0.1911 -0.3536 -0.9157
vn 0.7288 0.6675 0.1526
vn 0.5576 0.3544 0.7506
vn -0.2365 -0.3070 0.9219
vn -0.7656 -0.4496 0.4601
vn 0.2545 0.0056 -0.9671
vn 0.8774 0.1803 -0.4445
vn -0.8701 -0.3632 -0.3331
vn -0.4331 -0.1301 -0.8919
vn 0.9662 0.0637 0.2500
vn 0.3896 -0.1148 0.9138
vn -0.2750 -0.1082 0.9553
vn -0.4134 -0.1004 -0.9050
vn 0.3982 -0.4451 -0.8021
vn 0.8251 -0.5282 -0.2005
vn 0.5395 -0.4408 -0.7174
vn -0.7920 0.1918 -0.5796
vn 0.5238 0.2499 0.8144
vn 0.4231 -0.7396 0.5235
vn 0.9762 -0.1639 0.1420
vn 0.3515 -0.9035 -0.2452
vn 0.4336 -0.3657 -0.8236
vn 0.9950 -0.0950 -0.0318
vn 0.5858 0.7971 0.1464
vn 0.9950 -0.0950 -0.0319
vn 0.5279 0.5216 -0.6703
vn 0.5280 0.5216 -0.6702
vn 0.9779 -0.0228 -0.2078
vn 0.0602 -0.2933 0.9541
vn -0.2642 -0.8986 0.3503
vn 0.2847 0.2313 -0.9303
vn 0.5772 0.6380 -0.5097
vn -0.2961 -0.8819 -0.3669
vn -0.0798 -0.3488 -0.9338
vn 0.7118 0.6631 0.2318
vn 0.4583 0.2983 0.8372
vn 0.5670 0.7456 -0.3501
vn -0.3560 -0.3002 0.8849
vn -0.8039 -0.4661 0.3694
vn 0.1585 -0.0651 -0.9852
vn 0.9026 -0.0488 -0.4278
vn 0.6392 0.3732 -0.6724
vn -0.8303 -0.4333 -0.3505
vn -0.3829 -0.1408 -0.9130
vn 0.8899 0.0418 0.4543
vn 0.1867 -0.0737 0.9796
vn 0.9026 -0.0488 -0.4277
vn -0.9532 0.0618 0.2959
vn -0.9199 0.1583 -0.3587
vn -0.3820 -0.0672 0.9217
vn -0.4963 0.0706 -0.8653
vn 0.0747 -0.2573 0.9634
vn -0.2504 -0.0926 0.9637
vn -0.3821 -0.0672 0.9217
vn 0.3675 -0.4780 0.7978
vn 0.7363 -0.5410 0.4063
vn 0.6058 -0.7148 -0.3493
vn 0.8230 -0.5434 0.1656
vn 0.5329 -0.4653 0.7067
vn 0.2983 -0.7627 -0.5739
vn 0.3833 -0.9236 -0.0005
vn 0.0675 -0.9779 0.1977
vn 0.2470 -0.5368 0.8067
vn 0.2076 -0.9771 -0.0464
vn 0.3981 -0.9023 0.1657
vn 0.0188 -0.8601 0.5097
vn 0.0613 -0.9472 0.3147
vn -0.6044 -0.1529 0.7818
vn -0.4502 0.8810 0.1457
vn -0.3093 0.9154 -0.2577
vn -0.7231 0.6782 -0.1315
vn 0.2022 -0.9701 -0.1345
vn 0.5563 0.1652 0.8144
vn 0.3027 -0.7964 0.5235
vn 0.9387 -0.3140 0.1421
vn 0.2064 -0.9472 -0.2452
vn 0.3713 -0.4288 -0.8236
vn 0.9680 -0.2489 -0.0318
vn 0.7029 0.6961 0.1465
vn 0.6028 0.4330 -0.6702
vn 0.9624 -0.1749 -0.2078
vn 0.0198 -0.3020 0.9531
vn -0.3404 -0.8696 0.3577
vn 0.2842 0.2066 -0.9363
vn 0.6000 0.6656 -0.4439
vn -0.3665 -0.8558 -0.3651
vn -0.0910 -0.3472 -0.9334
vn 0.6808 0.6894 0.2475
vn 0.4663 0.3554 0.8101
vn -0.3462 -0.3020 0.8882
vn -0.7778 -0.5079 0.3702
vn 0.3209 -0.0550 -0.9455
vn 0.9293 -0.0605 -0.3644
vn -0.8016 -0.4792 -0.3574
vn -0.3718 -0.1699 -0.9126
vn 0.7784 0.5053 0.3725
vn 0.0979 -0.0308 0.9947
vn 0.9199 0.2072 0.3328
vn 0.9226 0.2062 -0.3260
vn -0.9678 0.0394 0.2487
vn -0.9034 0.0220 -0.4283
vn -0.4438 -0.1450 0.8843
vn -0.3534 -0.0379 -0.9347
vn -0.2746 -0.2082 0.9388
vn -0.4437 -0.1450 0.8843
vn 0.1447 -0.2010 0.9688
vn 0.4432 -0.8930 -0.0785
vn 0.8686 -0.4928 0.0516
vn 0.4370 -0.8175 -0.3750
vn -0.0011 -0.6711 0.7414
vn 0.4432 -0.8930 -0.0784
vn 0.2384 -0.9278 0.2870
vn 0.6819 -0.5598 -0.4708
vn 0.3449 -0.9194 -0.1889
vn 0.2278 -0.6629 0.7132
vn -0.1491 0.4195 0.8954
vn -0.3383 0.9398 0.0492
vn -0.3658 0.8226 -0.4353
vn 0.2392 -0.6957 -0.6773
vn 0.4028 -0.9151 0.0177
vn 0.1850 -0.7064 0.6832
vn 0.2087 -0.9597 -0.1882
vn -0.2615 -0.6350 0.7269
vn -0.3642 0.3244 0.8730
vn -0.8986 -0.3805 0.2185
vn -0.9979 -0.0064 0.0643
vn -0.3641 0.3244 0.8730
vn -0.3994 0.1446 0.9053
vn 0.1851 -0.7064 0.6832
vn -0.8986 -0.3805 0.2186
vn -0.4739 0.8535 0.2168
vn -0.2917 0.4775 0.8288
vn -0.9219 0.2693 0.2786
vn -0.4538 0.8900 0.0436
vn -0.9448 0.3182 -0.0782
vn -0.9574 -0.2463 -0.1510
vn -0.8171 -0.5076 -0.2733
vn -0.4503 -0.8746 -0.1797
vn 0.0065 -0.1178 -0.9930
vn -0.2667 -0.2038 -0.9420
vn -0.2077 -0.2301 -0.9507
vn 0.0036 -0.2170 -0.9762
vn -0.7375 -0.2299 -0.6350
vn -0.7029 -0.3573 -0.6150
vn -0.9831 -0.0485 -0.1765
vn -0.9623 -0.2238 -0.1546
vn -0.9934 -0.0149 0.1134
vn -0.9723 -0.2030 0.1158
vn -0.8169 -0.0515 0.5745
vn -0.8067 -0.2193 0.5488
vn -0.3423 -0.1223 0.9316
vn -0.3668 -0.2054 0.9073
vn -0.0000 -0.1173 0.9931
vn -0.0001 -0.1238 0.9923
vn 0.0065 -0.2181 -0.9759
vn -0.2981 -0.1936 -0.9347
vn -0.7463 -0.0933 -0.6590
vn -0.9867 -0.0039 -0.1623
vn -0.9919 0.0117 0.1268
vn -0.7827 -0.0288 0.6217
vn -0.3219 -0.0836 0.9431
vn 0.0001 -0.0238 0.9997
vn 0.0064 -0.1151 -0.9933
vn -0.3046 -0.0725 -0.9497
vn -0.7533 -0.0233 -0.6573
vn -0.9875 0.0154 -0.1566
vn -0.9922 0.0721 0.1015
vn -0.7644 0.1097 0.6354
vn -0.3146 0.0316 0.9487
vn -0.0001 0.0149 0.9999
vn -0.1171 0.2244 -0.9674
vn -0.1066 0.1672 -0.9802
vn -0.1247 0.4693 -0.8742
vn -0.1385 0.3784 -0.9152
vn -0.1190 0.3232 -0.9388
vn -0.1413 0.1325 -0.9811
vn -0.9246 -0.3775 -0.0503
vn -0.9814 0.0748 -0.1770
vn -0.9631 0.0313 0.2674
vn -0.9522 -0.3042 -0.0264
vn -0.8011 -0.5423 -0.2532
vn -0.6311 -0.1589 -0.7593
vn -0.4665 0.0413 -0.8836
vn -0.1212 -0.3661 -0.9227
vn -0.9761 -0.1369 0.1686
vn -0.9891 -0.1112 -0.0961
vn -0.9821 0.1368 -0.1299
vn -0.9427 -0.0444 -0.3305
vn -0.9928 -0.1001 0.0657
vn -0.0157 -0.6939 0.7199
vn 0.0951 -0.9936 -0.0616
vn -0.1006 -0.8187 -0.5653
vn -0.4041 -0.8036 -0.4369
vn -0.9872 -0.1567 -0.0308
vn -0.8656 -0.1625 0.4736
vn -0.3669 -0.7163 0.5936
vn -0.9856 -0.1518 -0.0744
vn -0.8944 -0.4238 -0.1428
vn -0.6903 0.7188 0.0828
vn -0.2648 0.9381 0.2233
vn -0.2663 0.9209 0.2847
vn -0.3250 0.8713 0.3678
vn -0.3346 0.8713 0.3591
vn -0.2360 0.6624 -0.7110
vn -0.3523 0.6025 -0.7161
vn -0.2340 0.4961 -0.8361
vn -0.4735 0.6547 -0.5892
vn -0.3163 0.5578 -0.7674
vn -0.6551 0.3269 0.6812
vn -0.5906 0.4167 0.6911
vn -0.7938 0.4544 0.4043
vn -0.6830 0.4988 0.5336
vn -0.3662 -0.3506 0.8619
vn -0.8778 -0.3911 0.2766
vn -0.3101 0.1750 0.9345
vn -0.6227 0.1664 0.7645
vn -0.3182 0.2634 0.9107
vn -0.5581 0.3557 0.7497
vn -0.3202 0.2786 0.9055
vn -0.2906 0.3213 0.9013
vn -0.9474 -0.3173 -0.0418
vn -0.6281 -0.7511 0.2034
vn -0.8170 -0.5766 -0.0017
vn -0.9389 -0.3411 -0.0453
vn -0.9574 -0.2463 -0.1511
vn -0.5571 0.6463 -0.5214
vn -0.6955 0.0216 -0.7182
vn -0.9504 0.2137 -0.2260
vn -0.9949 0.0448 -0.0904
vn -0.3318 0.7939 -0.5096
vn -0.2858 0.8526 -0.4375
vn -0.2953 0.8593 -0.4175
vn -0.2850 0.9086 -0.3053
vn -0.1323 0.6761 -0.7249
vn -0.4193 0.8038 -0.4219
vn -0.5703 0.8110 -0.1302
vn -0.7000 0.6498 0.2961
vn -0.5452 0.7945 0.2674
vn -0.1202 -0.0274 -0.9924
vn -0.1163 0.0047 -0.9932
vn -0.0715 0.2189 -0.9731
vn -0.0263 0.0795 -0.9965
vn -0.1294 -0.4825 -0.8663
vn -0.3294 -0.5145 -0.7917
vn -0.9685 -0.2328 0.0886
vn -0.3759 0.9076 0.1869
vn -0.3513 0.8933 -0.2805
vn -0.0007 -0.4225 -0.9063
vn 0.0129 -0.0407 -0.9991
vn 0.0101 0.0513 -0.9986
vn 0.0048 0.3339 -0.9426
vn 0.0065 0.4757 -0.8796
vn 0.0047 0.5539 -0.8326
vn 0.0000 0.1947 0.9809
vn 0.0000 0.2429 0.9700
vn -0.0000 0.2721 0.9623
vn -0.0000 0.3162 0.9487
vn -0.4183 0.4434 -0.7928
vn 0.0091 0.2668 -0.9637
vn -0.8149 0.4228 -0.3965
vn -0.9140 0.3961 0.0882
vn -0.7845 0.3216 0.5302
vn -0.4080 0.1973 0.8914
vn 0.0000 0.2177 0.9760
vn -0.3966 0.0472 -0.9168
vn 0.0101 0.0193 -0.9998
vn -0.8465 0.0453 -0.5305
vn -0.9996 0.0147 -0.0243
vn -0.8835 -0.0096 0.4684
vn -0.4951 -0.0702 0.8660
vn 0.0000 -0.0839 0.9965
vn -0.3008 -0.0550 -0.9521
vn -0.3038 0.2777 -0.9114
vn 0.0049 0.9052 -0.4250
vn -0.7505 -0.0609 -0.6580
vn -0.9501 0.3116 -0.0139
vn -0.7278 0.5405 -0.4221
vn -0.9298 0.0314 0.3666
vn -0.5827 -0.0298 0.8122
vn -0.2911 -0.1198 0.9492
vn -0.1682 0.9703 -0.1739
vn -0.1105 0.9916 0.0666
vn 0.0033 1.0000 0.0000
vn -0.1401 0.9779 0.1555
vn -0.5333 0.8378 0.1168
vn 0.2652 0.8098 0.5234
vn -0.1636 0.9619 0.2190
vn -0.0753 0.9195 0.3859
vn -0.1401 0.9779 0.1554
vn -0.1442 0.9856 0.0886
vn -0.0064 -0.1278 0.9918
vn 0.3826 0.2459 0.8906
vn 0.3190 -0.1204 0.9401
vn -0.0063 -0.1259 0.9920
vn 0.4848 -0.0761 0.8713
vn 0.6085 0.5629 0.5594
vn 0.5219 0.6627 0.5370
vn 0.6173 0.5094 0.5996
vn 0.3190 -0.1210 0.9400
vn 0.8792 0.4590 0.1278
vn 0.7611 0.5890 0.2716
vn 0.5219 0.6628 0.5370
vn 0.8468 0.0338 0.5308
vn 0.8808 0.2070 -0.4259
vn 0.6362 0.7667 0.0857
vn 0.4525 0.1595 -0.8774
vn 0.6466 0.1918 -0.7383
vn 0.5693 0.7207 -0.3955
vn 0.0003 0.9948 0.1019
vn -0.0124 0.9931 0.1165
vn -0.0139 0.9940 0.1083
vn 0.0018 0.9953 0.0967
vn -0.0125 0.9931 0.1164
vn 0.4151 0.7972 0.4384
vn -0.0254 0.9868 0.1598
vn -0.3387 0.9316 0.1322
vn -0.1466 0.7768 0.6125
vn -0.3358 0.7446 0.5768
vn -0.5719 0.8142 0.1002
vn 0.3892 0.9108 0.1376
vn 0.0000 0.7771 0.6294
vn -0.0000 0.9207 0.3904
vn 0.0233 -0.0163 -0.9996
vn -0.4461 -0.0118 -0.8949
vn -0.3174 -0.0064 -0.9483
vn 0.0231 -0.0033 -0.9997
vn -0.9383 -0.0047 -0.3458
vn -0.7809 0.0003 -0.6246
vn -0.9090 0.3353 -0.2475
vn -0.6156 0.3405 0.7107
vn -0.9527 -0.0016 0.3038
vn -0.7902 0.5870 -0.1762
vn -0.3358 0.7446 0.5769
vn -0.0003 -0.0223 0.9998
vn 0.4066 0.0473 -0.9124
vn 0.8465 0.0453 -0.5305
vn 0.9996 0.0147 -0.0242
vn 0.8835 -0.0096 0.4684
vn 0.4951 -0.0701 0.8660
vn 0.3122 -0.0547 -0.9484
vn 0.3163 0.2776 -0.9071
vn 0.7505 -0.0610 -0.6580
vn 0.9501 0.3116 -0.0139
vn 0.7278 0.5404 -0.4221
vn 0.9299 0.0314 0.3666
vn 0.5827 -0.0298 0.8121
vn 0.2911 -0.1197 0.9492
vn 0.1141 0.9912 0.0676
vn 0.1733 0.9697 -0.1724
vn -0.2652 0.8098 0.5234
vn 0.5333 0.8378 0.1168
vn 0.1415 0.9775 0.1564
vn 0.0745 0.9193 0.3864
vn 0.1636 0.9619 0.2191
vn 0.1442 0.9856 0.0886
vn -0.3274 -0.1207 0.9372
vn -0.3864 0.2456 0.8890
vn -0.5219 0.6627 0.5370
vn -0.6085 0.5629 0.5594
vn -0.4885 -0.0759 0.8692
vn -0.3274 -0.1219 0.9370
vn -0.6173 0.5094 0.5996
vn -0.7611 0.5890 0.2716
vn -0.8792 0.4590 0.1278
vn -0.8468 0.0338 0.5308
vn -0.5219 0.6628 0.5370
vn -0.6362 0.7667 0.0857
vn -0.8808 0.2070 -0.4259
vn -0.6466 0.1918 -0.7383
vn -0.4525 0.1595 -0.8774
vn -0.5694 0.7207 -0.3955
vn 0.0150 0.9940 0.1083
vn 0.0125 0.9931 0.1165
vn 0.0254 0.9868 0.1598
vn -0.4151 0.7972 0.4384
vn 0.3387 0.9316 0.1322
vn 0.1466 0.7768 0.6125
vn 0.5719 0.8142 0.1002
vn 0.3358 0.7446 0.5769
vn -0.3892 0.9108 0.1376
vn 0.3614 0.0336 -0.9318
vn 0.4595 -0.0117 -0.8881
vn 0.7697 0.0709 -0.6344
vn 0.9383 -0.0046 -0.3458
vn 0.9560 0.0383 0.2909
vn 0.6156 0.3405 0.7107
vn 0.9090 0.3353 -0.2475
vn 0.7902 0.5870 -0.1761
vn -0.2526 -0.5630 -0.7869
vn -0.0988 -0.7256 -0.6810
vn 0.0183 -0.6391 -0.7689
vn 0.0549 -0.3463 -0.9365
vn 0.7489 -0.6467 0.1450
vn 0.8783 0.0226 -0.4775
vn 0.6547 -0.5219 -0.5468
vn 0.7695 -0.6377 -0.0353
vn 0.8952 -0.1142 0.4307
vn 0.8314 0.0452 -0.5538
vn 0.4583 -0.8038 -0.3793
vn 0.3044 -0.8041 -0.5107
vn 0.3974 -0.7978 -0.4534
vn 0.6146 -0.7738 -0.1532
vn 0.6429 -0.7166 -0.2704
vn 0.6276 -0.6919 -0.3568
vn 0.7499 -0.6470 -0.1382
vn 0.3520 -0.8862 -0.3014
vn 0.9252 -0.2950 0.2387
vn 0.5746 -0.7735 -0.2675
vn 0.8435 -0.3789 0.3808
vn 0.7260 -0.6199 0.2977
vn 0.7270 -0.6793 0.1000
vn 0.9433 -0.3155 0.1034
vn 0.8969 -0.0003 0.4423
vn 0.9804 -0.0342 0.1940
vn 0.5567 0.0550 0.8289
vn 0.6079 0.1807 0.7732
vn 0.5814 0.1759 0.7944
vn 0.6064 0.1259 0.7851
vn 0.5679 0.0411 0.8221
vn 0.4140 -0.9032 0.1131
vn 0.3074 -0.9288 0.2069
vn 0.0109 -0.9984 -0.0556
vn 0.5444 -0.6883 0.4795
vn 0.3871 -0.7215 0.5741
vn 0.3974 -0.4136 0.8191
vn 0.3322 -0.1890 0.9241
vn 0.4681 -0.4385 0.7672
vn 0.5564 -0.0579 0.8289
vn 0.5132 0.1197 0.8499
vn 0.0024 -0.9440 0.3299
vn 0.0010 -0.6651 0.7467
vn 0.0005 -0.2896 0.9572
vn 0.0239 -0.4071 0.9131
vn 0.3562 -0.6320 0.6883
vn 0.6011 -0.4036 0.6898
vn 0.3642 -0.5697 0.7368
vn 0.5623 -0.1694 0.8094
vn 0.2632 -0.2350 0.9357
vn 0.4143 -0.0486 0.9089
vn 0.2861 -0.1654 0.9438
vn 0.5435 -0.1302 0.8293
vn 0.5806 -0.0735 0.8109
vn 0.3088 0.1006 0.9458
vn 0.3223 -0.2471 0.9138
vn 0.4344 -0.6013 -0.6706
vn 0.4316 -0.7432 -0.5112
vn 0.2102 -0.7735 -0.5980
vn 0.1786 -0.6245 -0.7604
vn 0.5616 -0.6810 -0.4700
vn 0.6295 -0.5461 -0.5528
vn 0.3999 -0.6446 -0.6516
vn 0.8104 -0.5844 -0.0415
vn 0.9799 -0.1937 0.0487
vn 0.5924 -0.8049 0.0364
vn 0.5819 -0.8130 -0.0194
vn 0.7641 -0.2324 0.6018
vn 0.7190 -0.5239 0.4567
vn 0.7467 0.0403 0.6639
vn 0.4938 -0.1560 0.8555
vn 0.0564 -0.7783 -0.6254
vn 0.0544 -0.6570 -0.7519
vn 0.1635 -0.7401 -0.6523
vn 0.3062 -0.4927 -0.8145
vn 0.4404 -0.1167 -0.8902
vn 0.4257 0.0447 -0.9037
vn 0.6766 -0.1381 0.7233
vn 0.6197 0.1510 0.7702
vn 0.6463 -0.6798 0.3466
vn 0.6799 -0.7080 0.1911
vn 0.5093 -0.8571 0.0770
vn 0.3900 -0.9204 -0.0274
vn 0.0105 -0.9999 -0.0119
vn 0.5025 -0.8616 0.0717
vn -0.0043 -0.5255 0.8508
vn -0.0024 -0.9702 0.2423
vn 0.0554 0.0076 -0.9984
vn 0.0745 -0.0663 -0.9950
vn 0.0014 -0.7702 -0.6378
vn 0.0034 -0.6943 -0.7197
vn -0.0156 -0.0824 0.9965
vn -0.0123 -0.3854 0.9227
vn -0.0009 -0.1212 0.9926
vn -0.0267 -0.2582 0.9657
vn -0.0082 -0.0603 0.9981
vn -0.0117 -0.5217 0.8530
vn -0.0064 -0.6002 0.7998
vn 0.8276 0.5240 -0.2012
vn 0.6070 0.6788 -0.4131
vn 0.6751 0.7298 -0.1084
vn 0.8549 0.5171 -0.0425
vn 0.7665 0.2867 -0.5748
vn 0.4721 0.4588 -0.7528
vn 0.3273 0.7695 -0.5485
vn 0.4124 0.8944 -0.1731
vn 0.2429 0.5314 -0.8116
vn 0.5159 0.0578 -0.8547
vn 0.5045 -0.1349 -0.8528
vn 0.2988 -0.0993 -0.9491
vn 0.2814 0.1138 -0.9528
vn 0.8042 0.0255 -0.5938
vn 0.8162 -0.1321 -0.5625
vn 0.9824 0.0340 -0.1835
vn 0.9931 -0.0058 -0.1169
vn 0.4869 0.2141 -0.8468
vn 0.2558 0.3249 -0.9105
vn 0.9633 0.2339 -0.1318
vn 0.7777 0.2262 0.5866
vn 0.6812 0.0715 0.7286
vn 0.9003 0.0438 0.4331
vn 0.9156 0.2257 0.3327
vn 0.5829 0.3080 0.7520
vn 0.4093 0.2829 0.8674
vn 0.4506 -0.0096 0.8927
vn 0.5734 0.5673 0.5910
vn 0.3952 0.6175 0.6801
vn 0.7492 0.4419 0.4935
vn 0.5623 0.7272 0.3937
vn 0.3827 0.7927 0.4745
vn 0.7987 0.5379 0.2695
vn 0.9480 -0.0926 -0.3046
vn 1.0000 0.0066 0.0067
vn -0.7908 0.6091 -0.0608
vn -0.9014 0.4071 -0.1477
vn -0.7097 0.6485 -0.2751
vn -0.4786 0.5975 -0.6434
vn -0.6972 0.6878 0.2021
vn -0.5780 0.7626 -0.2905
vn -0.4506 0.8503 -0.2719
vn -0.1261 -0.9654 0.2284
vn -0.3741 -0.8863 -0.2731
vn -0.0698 -0.9542 -0.2908
vn -0.9634 -0.2431 0.1131
vn -0.9841 0.0151 0.1772
vn -0.8133 -0.5620 -0.1507
vn -0.7420 -0.6613 -0.1106
vn 0.6852 -0.4158 0.5979
vn 0.7069 -0.4214 0.5681
vn 0.2177 -0.9424 0.2539
vn 0.0641 -0.9760 -0.2080
vn 0.0641 0.8795 0.4715
vn 0.3955 0.5688 0.7211
vn 0.5800 0.7228 0.3756
vn 0.5799 0.7229 0.3756
vn -0.4506 0.8503 -0.2720
vn -0.2441 0.9104 0.3339
vn 0.2920 -0.3695 -0.8821
vn 0.5385 -0.3555 -0.7640
vn 0.7880 -0.3058 -0.5344
vn -0.0341 0.0817 -0.9961
vn -0.3083 -0.1999 -0.9301
vn -0.4107 0.2180 -0.8853
vn 0.4291 -0.2063 -0.8794
vn -0.3734 -0.4944 -0.7849
vn 0.2575 -0.1033 -0.9607
vn -0.0889 -0.5315 -0.8424
vn 0.3681 -0.1362 -0.9197
vn 0.4947 -0.8151 -0.3015
vn 0.7122 0.3360 0.6163
vn 0.4960 0.3749 0.7832
vn 0.4534 0.7223 0.5223
vn 0.5959 0.7320 0.3301
vn 0.7661 -0.1051 0.6340
vn 0.9582 -0.0516 0.2812
vn 0.9701 0.0553 0.2362
vn 0.4686 -0.2285 0.8534
vn 0.3501 -0.2405 0.9053
vn 0.4123 -0.0806 0.9075
vn 0.4419 -0.2646 0.8571
vn 0.5041 -0.0790 0.8600
vn 0.3117 -0.5015 0.8071
vn 0.3001 -0.3780 0.8758
vn 0.5261 -0.0208 0.8502
vn 0.3855 -0.2035 0.9000
vn 0.4779 -0.1241 0.8696
vn 0.6475 -0.1006 0.7554
vn 0.3884 -0.4635 0.7964
vn 0.6056 -0.2008 0.7700
vn 0.5110 -0.3555 0.7826
vn 0.4328 -0.2010 0.8788
vn 0.3701 -0.2673 0.8897
vn 0.4149 -0.3478 0.8408
vn 0.1174 0.1694 0.9785
vn 0.3908 -0.1632 0.9059
vn 0.1228 -0.0445 0.9914
vn 0.2945 0.0292 0.9552
vn 0.5008 -0.4027 0.7662
vn 0.6460 -0.2116 0.7334
vn 0.5937 -0.2890 0.7509
vn 0.4919 -0.2441 0.8357
vn 0.2280 -0.1357 0.9641
vn 0.6954 0.2909 0.6571
vn 0.4927 0.3885 0.7787
vn 0.4318 -0.1997 0.8796
vn 0.3967 -0.1474 0.9060
vn 0.2271 -0.3371 0.9136
vn 0.5247 -0.2861 0.8018
vn -0.0698 -0.9543 -0.2907
vn -0.3299 -0.8019 -0.4981
vn -0.1386 -0.9630 -0.2312
vn 0.7767 -0.6101 0.1566
vn 0.7766 -0.6102 0.1566
vn 0.4145 0.8685 0.2717
vn 0.8007 0.5991 -0.0012
vn 0.8007 0.5991 -0.0013
vn -0.2560 0.5882 -0.7671
vn -0.3252 0.9129 -0.2466
vn 0.3891 0.7484 -0.5372
vn -0.5729 0.5174 -0.6357
vn 0.0497 -0.0116 -0.9987
vn -0.2338 0.5921 -0.7712
vn 0.7198 0.0731 -0.6903
vn 0.7880 -0.3058 -0.5343
vn 0.6306 0.7591 0.1614
vn 0.4151 0.8799 0.2312
vn 0.8430 0.5292 0.0963
vn 0.9529 0.2290 0.1987
vn 0.9587 0.2670 0.0984
vn 0.9888 0.0529 0.1397
vn 0.9849 -0.0440 0.1672
vn 0.9570 -0.0531 0.2851
vn 0.9829 -0.0608 0.1736
vn 0.9732 -0.0047 0.2299
vn 0.7988 0.1401 0.5850
vn 0.9052 0.0746 0.4185
vn 0.9862 -0.0870 0.1410
vn 0.9192 0.0157 0.3935
vn 0.6179 0.5904 0.5192
vn 0.7537 0.5003 0.4261
vn 0.8813 -0.0609 0.4685
vn 0.7366 0.0131 0.6762
vn 0.7296 -0.5382 0.4220
vn 0.6714 0.2155 0.7090
vn 0.5614 0.3329 0.7576
vn 0.5622 0.4988 0.6597
vn 0.5153 -0.3707 0.7727
vn 0.3072 -0.5010 0.8091
vn 0.4711 -0.3850 0.7937
vn 0.3174 -0.6753 0.6657
vn 0.4922 0.2638 0.8295
vn 0.4260 0.3039 0.8522
vn 0.4353 -0.3844 0.8141
vn 0.4744 0.7174 0.5101
vn 0.3429 0.6723 0.6561
vn 0.5709 0.1543 0.8064
vn 0.3587 0.7497 0.5562
vn 0.6842 -0.4218 0.5949
vn 0.8725 -0.1722 0.4573
vn 0.9169 0.0068 0.3990
vn 0.7395 -0.1745 0.6502
vn 0.6510 0.1675 0.7404
vn 0.9508 0.1191 0.2860
vn 0.7959 0.1517 0.5862
vn 0.8114 0.5069 0.2911
vn 0.7298 0.5748 0.3702
vn 0.6893 0.4926 0.5313
vn 0.5462 0.5972 0.5874
vn 0.5826 0.5087 0.6338
vn 0.6734 0.5324 0.5129
vn 0.6598 0.3003 0.6888
vn 0.7095 0.0531 0.7027
vn 0.4802 0.1107 0.8702
vn 0.6415 -0.1215 0.7575
vn 0.4573 -0.0307 0.8888
vn 0.4936 -0.1711 0.8527
vn 0.3911 -0.0720 0.9175
vn 0.2375 0.3668 0.8995
vn 0.3393 0.0265 0.9403
vn 0.2336 0.6484 0.7246
vn 0.2708 0.8289 0.4894
vn 0.2360 0.9447 0.2278
vn 0.1712 0.7832 -0.5978
vn 0.2287 0.9472 -0.2248
vn 0.1501 0.5154 -0.8437
vn 0.1248 0.3008 -0.9455
vn 0.1204 0.0909 -0.9886
vn 0.1122 -0.1432 -0.9833
vn 0.0816 -0.4189 -0.9044
vn 0.7496 0.0650 0.6587
vn 0.4824 0.7601 0.4354
vn 0.7376 0.4698 0.4849
vn 0.2319 0.6134 0.7549
vn 0.6133 -0.0917 0.7845
vn 0.1430 0.5641 0.8133
vn 0.5108 0.0499 0.8583
vn 0.5251 -0.2072 0.8254
vn 0.8251 -0.1066 0.5549
vn 0.6927 -0.0305 0.7206
vn 0.6055 -0.2008 0.7701
vn 0.6373 0.1706 0.7515
vn 0.7611 0.1595 0.6287
vn 0.4134 0.2910 0.8628
vn 0.4289 0.0603 0.9013
vn 0.5438 -0.2791 0.7914
vn 0.2432 0.0746 0.9671
vn 0.1410 -0.1301 0.9814
vn -0.1408 0.4494 0.8821
vn 0.1309 0.2370 0.9627
vn 0.2431 0.0746 0.9671
vn 0.2428 0.1602 0.9568
vn 0.0722 0.7270 0.6828
vn 0.3237 0.0456 0.9451
vn 0.3118 0.2450 0.9180
vn 0.3001 -0.4265 0.8533
vn 0.4301 -0.3860 0.8161
vn 0.4317 -0.1438 0.8905
vn 0.5037 -0.1308 0.8539
vn 0.3704 0.5695 0.7338
vn 0.5338 -0.1302 0.8355
vn 0.1659 0.8466 0.5057
vn 0.2530 0.7339 0.6304
vn -0.2232 0.8292 0.5125
vn 0.5259 0.3678 0.7669
vn 0.0081 -0.4723 -0.8814
vn 0.0123 -0.1941 -0.9809
vn 0.0143 0.0539 -0.9984
vn 0.0126 0.2637 -0.9645
vn 0.0147 0.4729 -0.8810
vn 0.0144 0.7374 -0.6753
vn 0.0114 0.9692 -0.2460
vn 0.0151 0.8841 0.4670
vn 0.0143 0.9733 0.2290
vn 0.0125 0.7013 0.7128
vn 0.0147 0.4334 0.9011
vn 0.0275 0.1615 0.9865
vn 0.0259 -0.0507 0.9984
vn -0.0023 -0.0617 0.9981
vn -0.0252 0.1220 0.9922
vn -0.0330 0.4980 0.8666
vn -0.0041 0.7479 0.6638
vn 0.0086 0.7666 0.6421
vn 0.0091 0.3967 0.9179
vn 0.0068 -0.1704 0.9854
vn 0.0015 -0.6662 0.7458
vn -0.0002 -0.6415 0.7671
vn 0.9550 -0.0533 0.2918
vn 0.9975 -0.0173 0.0691
vn 0.9958 0.0758 0.0520
vn 0.9548 0.2961 0.0257
vn 0.8460 0.5332 0.0053
vn 0.6271 0.7785 0.0260
vn 0.4095 0.9122 0.0161
vn 0.2454 0.9694 0.0024
vn 0.0127 0.9995 0.0293
vn 0.0345 0.4218 0.9060
vn 0.5107 0.0499 0.8583
vn -0.6137 0.1836 0.7679
vn -0.5488 0.3397 0.7638
vn -0.8510 0.0846 0.5183
vn -0.8430 0.4501 0.2947
vn -0.8960 0.4115 0.1670
vn -0.4991 0.8297 0.2498
vn 0.1318 0.3570 0.9248
vn 0.3954 0.5688 0.7211
vn -0.5986 0.5758 0.5569
vn -0.7502 0.5588 0.3535
vn -0.9262 0.0398 0.3749
vn -0.6463 0.7516 -0.1319
vn -0.5620 0.7115 -0.4218
vn -0.8104 0.5416 -0.2232
vn -0.8550 0.5168 -0.0433
vn -0.4292 0.5145 -0.7424
vn -0.7806 0.3179 -0.5382
vn -0.3616 0.9117 -0.1952
vn -0.2745 0.7877 -0.5516
vn -0.1943 0.5518 -0.8110
vn -0.2373 -0.1007 -0.9662
vn -0.4895 -0.1385 -0.8610
vn -0.5015 0.0748 -0.8619
vn -0.2287 0.1262 -0.9653
vn -0.8621 -0.1395 -0.4872
vn -0.8440 0.0264 -0.5357
vn -0.9856 -0.0449 -0.1631
vn -0.9888 0.0105 -0.1488
vn -0.4538 0.2549 -0.8539
vn -0.2109 0.3433 -0.9153
vn -0.9702 0.2123 -0.1168
vn -0.9199 -0.0016 0.3921
vn -0.7017 0.0449 0.7111
vn -0.7841 0.2274 0.5775
vn -0.9282 0.2085 0.3081
vn -0.4631 0.0386 0.8854
vn -0.3613 0.3422 0.8674
vn -0.5631 0.3302 0.7575
vn -0.3400 0.6398 0.6892
vn -0.5257 0.5962 0.6068
vn -0.7524 0.4340 0.4955
vn -0.3355 0.8019 0.4944
vn -0.5191 0.7489 0.4118
vn -0.7965 0.5474 0.2568
vn -0.6399 -0.5779 -0.5064
vn -0.9095 -0.0265 -0.4149
vn -0.7322 -0.6566 0.1813
vn -0.6286 -0.7730 -0.0858
vn -0.8623 -0.0351 -0.5052
vn -0.8680 -0.1382 0.4769
vn 0.7296 0.6825 -0.0439
vn 0.6813 0.6837 -0.2617
vn 0.8987 0.4057 -0.1668
vn 0.6861 0.5275 -0.5010
vn 0.9538 0.2092 -0.2155
vn 0.8567 -0.4572 -0.2388
vn 0.6711 -0.7389 0.0608
vn 0.3033 -0.8890 -0.3430
vn 0.9511 -0.2485 -0.1834
vn 0.9841 0.0798 0.1584
vn 0.9877 -0.0574 0.1452
vn 0.9239 -0.3657 -0.1128
vn 0.8567 -0.4571 -0.2388
vn -0.9105 -0.2643 0.3180
vn -0.6073 -0.3867 0.6940
vn -0.4483 -0.4535 0.7703
vn -0.3441 -0.7907 0.5064
vn -0.6373 -0.6178 0.4606
vn -0.0249 -0.9970 -0.0730
vn -0.0734 -0.9242 0.3747
vn -0.4890 0.6081 0.6253
vn -0.4759 0.8795 0.0092
vn -0.2234 -0.3793 -0.8979
vn -0.1408 -0.6308 -0.7631
vn -0.3917 -0.6207 -0.6792
vn -0.5517 -0.3622 -0.7513
vn -0.2485 -0.7974 -0.5499
vn -0.4194 -0.8273 -0.3737
vn -0.4145 -0.7892 -0.4531
vn -0.4982 -0.8512 -0.1648
vn -0.7037 -0.5182 -0.4862
vn -0.8553 -0.2875 -0.4311
vn -0.6803 -0.6709 -0.2951
vn -0.7277 -0.6146 -0.3047
vn -0.7956 -0.5956 -0.1111
vn -0.7887 -0.5908 -0.1697
vn -0.7733 -0.6232 0.1165
vn -0.7779 -0.5824 0.2359
vn -0.8962 -0.3383 0.2870
vn -0.9429 -0.3067 0.1302
vn -0.9232 -0.0998 0.3710
vn -0.9735 -0.1176 0.1962
vn -0.4578 -0.2470 0.8541
vn -0.5017 -0.1707 0.8480
vn -0.5202 -0.4009 0.7541
vn -0.4694 0.0802 0.8793
vn -0.4625 -0.0636 0.8844
vn -0.4919 0.0576 0.8687
vn -0.5226 0.0268 0.8522
vn -0.5716 -0.0351 0.8198
vn -0.2832 -0.9307 0.2317
vn -0.3732 -0.9174 0.1382
vn -0.3624 -0.6909 0.6255
vn -0.4772 -0.6686 0.5704
vn -0.3542 -0.4165 0.8373
vn -0.2450 -0.1873 0.9513
vn -0.2992 -0.3820 0.8744
vn -0.4248 -0.2364 0.8739
vn -0.4617 0.0537 0.8854
vn -0.4825 -0.1980 0.8532
vn -0.4043 0.5875 -0.7010
vn 0.2553 0.4373 -0.8623
vn 0.1066 0.0109 -0.9942
vn -0.2972 -0.1759 -0.9385
vn 0.4060 0.2207 -0.8868
vn 0.3211 -0.2046 -0.9247
vn -0.6058 -0.5967 -0.5262
vn -0.5179 -0.2080 -0.8298
vn -0.6059 -0.5967 -0.5262
vn 0.4648 -0.5112 -0.7230
vn -0.3443 -0.1013 -0.9334
vn 0.1573 -0.4928 -0.8558
vn -0.3334 -0.8477 -0.4125
vn -0.2345 -0.5401 0.8083
vn -0.2677 -0.5674 0.7787
vn -0.4075 -0.4550 0.7918
vn -0.2293 -0.2327 0.9451
vn -0.4372 -0.2226 0.8714
vn -0.2605 -0.0972 0.9606
vn -0.2809 -0.1265 0.9514
vn -0.4551 -0.1290 0.8810
vn -0.4287 -0.1063 0.8972
vn -0.2965 0.0371 0.9543
vn -0.2877 -0.3143 0.9047
vn -0.3328 0.7691 0.5456
vn -0.3350 0.4217 0.8426
vn -0.5172 0.3995 0.7569
vn -0.5331 0.7502 0.3911
vn -0.9587 -0.0858 0.2711
vn -0.8037 -0.1600 0.5731
vn -0.9779 0.0205 0.2079
vn -0.5151 -0.2277 0.8263
vn -0.3675 -0.2014 0.9080
vn -0.3313 -0.2503 0.9097
vn -0.3274 -0.0557 0.9432
vn -0.2124 -0.6614 0.7193
vn -0.5247 -0.2369 0.8177
vn -0.3331 -0.5316 0.7788
vn -0.4083 -0.2220 0.8855
vn -0.5509 -0.1431 0.8222
vn -0.1199 -0.7537 0.6461
vn -0.2314 -0.1390 0.9629
vn -0.1387 -0.1870 0.9725
vn -0.3932 -0.3356 0.8560
vn -0.4624 -0.0783 0.8832
vn -0.5189 -0.1002 0.8490
vn -0.6096 -0.1080 0.7853
vn -0.2961 -0.5163 0.8036
vn -0.4712 -0.4486 0.7594
vn -0.2891 -0.6308 0.7201
vn -0.1592 0.0243 0.9870
vn -0.3293 -0.2960 0.8966
vn -0.2656 -0.1848 0.9462
vn -0.0953 -0.1159 0.9887
vn -0.0975 0.1599 0.9823
vn -0.2707 -0.0056 0.9627
vn -0.4045 -0.2056 0.8911
vn -0.5563 -0.0197 0.8308
vn -0.6326 -0.2886 0.7187
vn -0.4716 0.4533 0.7564
vn -0.6233 0.3739 0.6868
vn -0.2721 -0.1764 0.9460
vn -0.5880 -0.2905 0.7549
vn -0.1539 -0.7824 -0.6035
vn -0.4124 -0.7539 -0.5115
vn -0.6513 -0.6309 -0.4215
vn -0.2562 -0.8858 -0.3868
vn 0.5908 -0.5972 -0.5425
vn -0.7203 -0.6934 0.0205
vn -0.5717 -0.8029 -0.1692
vn 0.1573 -0.4927 -0.8558
vn 0.3034 -0.8890 -0.3430
vn 0.2837 0.9078 -0.3088
vn -0.5974 0.6128 -0.5173
vn -0.7558 0.5581 -0.3424
vn -0.7502 0.5588 0.3534
vn -0.3023 0.9378 -0.1711
vn 0.5410 0.4948 -0.6801
vn 0.5272 0.6835 -0.5048
vn -0.7206 0.0227 -0.6930
vn -0.9737 -0.0381 -0.2246
vn 0.1440 0.6133 -0.7766
vn 0.2073 -0.0096 -0.9782
vn 0.3860 0.6627 -0.6418
vn -0.9336 -0.1515 -0.3246
vn -0.8505 -0.0379 -0.5246
vn -0.3586 0.9028 0.2373
vn -0.6009 0.7819 0.1659
vn -0.8406 0.5332 0.0955
vn -0.9649 0.2457 0.0924
vn -0.9596 0.2162 0.1802
vn -0.9924 0.0151 0.1225
vn -0.9872 -0.0728 0.1421
vn -0.9853 -0.0579 0.1610
vn -0.9617 -0.0458 0.2704
vn -0.9751 -0.2173 0.0448
vn -0.8408 -0.5410 0.0203
vn -0.5534 -0.8328 -0.0109
vn -0.5550 -0.8312 0.0325
vn -0.7368 -0.5239 0.4275
vn -0.7827 -0.2497 0.5701
vn -0.7775 -0.0327 0.6281
vn -0.8317 0.1586 0.5320
vn -0.9771 0.0107 0.2123
vn -0.9250 0.0627 0.3747
vn -0.9890 -0.0694 0.1303
vn -0.8012 0.5801 0.1468
vn -0.8270 -0.0554 0.5595
vn -0.9026 -0.1199 0.4134
vn -0.9262 0.0398 0.3750
vn -0.8460 0.3822 0.3718
vn -0.6974 -0.6513 0.2991
vn -0.7814 -0.4097 0.4707
vn -0.7277 0.1939 0.6579
vn -0.4454 0.2694 0.8539
vn -0.4490 0.4503 0.7718
vn -0.5047 -0.1959 0.8408
vn -0.4900 -0.2434 0.8371
vn -0.2629 -0.5343 0.8034
vn -0.4327 -0.4856 0.7596
vn -0.2726 -0.6911 0.6693
vn -0.3967 -0.4018 0.8253
vn -0.3751 -0.4019 0.8353
vn -0.3685 0.3102 0.8764
vn -0.4315 0.2618 0.8633
vn -0.4014 0.7434 0.5351
vn -0.2937 0.6864 0.6653
vn -0.3145 0.7555 0.5748
vn -0.5179 0.1534 0.8416
vn -0.6272 -0.4422 0.6411
vn -0.8965 0.0082 0.4430
vn -0.8299 -0.1113 0.5467
vn -0.6601 -0.3419 0.6688
vn -0.6404 0.0222 0.7678
vn -0.9054 0.1712 0.3886
vn -0.6765 0.2162 0.7040
vn -0.6759 0.5993 0.4289
vn -0.8287 0.4654 0.3110
vn -0.6587 0.4564 0.5982
vn -0.4812 0.4354 0.7608
vn -0.3940 0.5401 0.7436
vn -0.6458 0.4974 0.5792
vn -0.4835 0.2360 0.8429
vn -0.3155 0.1113 0.9424
vn -0.4020 0.0718 0.9128
vn -0.3036 -0.0601 0.9509
vn -0.3807 -0.0896 0.9204
vn -0.3116 -0.1117 0.9436
vn -0.3264 -0.1514 0.9330
vn -0.2484 0.0346 0.9680
vn -0.2037 0.3867 0.8994
vn -0.2096 0.6500 0.7305
vn -0.2249 0.8385 0.4963
vn -0.1980 0.9529 0.2298
vn -0.1916 0.9544 -0.2291
vn -0.1569 0.7886 -0.5946
vn -0.1313 0.5246 -0.8412
vn -0.1063 0.3067 -0.9458
vn -0.1021 0.0936 -0.9904
vn -0.0958 -0.1423 -0.9852
vn -0.0712 -0.4199 -0.9047
vn -0.0494 -0.6572 -0.7521
vn -0.0588 -0.7782 -0.6253
vn -0.4144 -0.1262 -0.9013
vn -0.3836 -0.0084 -0.9234
vn -0.4198 0.0929 0.9029
vn -0.3984 0.7911 0.4641
vn -0.5735 0.4640 0.6752
vn -0.2638 0.6243 0.7353
vn -0.6736 -0.0919 0.7334
vn -0.5704 0.0378 0.8205
vn 0.0368 0.6952 0.7179
vn -0.8624 -0.0868 0.4987
vn -0.7712 -0.0307 0.6359
vn -0.5987 -0.2870 0.7478
vn -0.6937 0.1556 0.7032
vn -0.8538 0.3353 0.3981
vn -0.6636 0.2971 0.6865
vn -0.8091 0.0823 0.5819
vn -0.4386 0.2977 0.8479
vn -0.4082 -0.2220 0.8855
vn -0.3617 -0.2265 0.9044
vn -0.0975 0.1020 0.9900
vn -0.0975 0.1021 0.9900
vn -0.0948 0.2386 0.9665
vn -0.0207 0.3117 0.9500
vn -0.2210 0.1745 0.9595
vn -0.2211 0.1745 0.9595
vn -0.0846 0.7270 0.6814
vn 0.1213 0.4388 0.8904
vn -0.3059 0.0462 0.9509
vn -0.2869 -0.3945 0.8730
vn -0.4043 -0.1427 0.9034
vn -0.3393 -0.3410 0.8767
vn -0.5914 -0.0961 0.8006
vn -0.2872 0.7493 0.5967
vn -0.1684 0.8435 0.5101
vn -0.5241 0.3455 0.7784
vn -0.5910 0.0605 0.8044
vn -0.5919 -0.2026 0.7801
vn -0.5785 -0.4192 0.6997
vn -0.5874 -0.7142 0.3806
vn -0.6602 -0.7331 0.1634
vn -0.4698 -0.8782 0.0894
vn -0.3547 -0.9342 -0.0395
vn -0.4167 -0.9089 0.0171
vn -0.9973 -0.0301 0.0662
vn -0.9987 0.0355 0.0373
vn -0.9639 0.2655 0.0184
vn -0.8441 0.5362 0.0050
vn -0.5982 0.8009 0.0266
vn -0.3546 0.9349 0.0167
vn -0.2027 0.9792 0.0018
vn -0.1158 0.5620 -0.8190
vn -0.5575 0.0708 0.8271
vn 0.2647 0.5301 0.8056
vn -0.1553 0.7247 0.6713
vn -0.4316 0.5342 0.7269
vn -0.2962 0.0215 0.9549
vn 0.9717 0.2250 -0.0718
usemtl aang.png
s 1
f 1/1/1 2/2/2 3/3/3
f 3/3/3 2/2/2 4/4/4
f 4/4/4 5/5/5 3/3/3
f 4/4/4 6/6/6 7/7/7
f 8/8/8 6/6/6 4/4/4
f 6/6/6 9/9/9 10/10/10
f 11/11/11 12/12/12 13/13/13
f 14/14/14 15/15/15 16/16/16
f 16/16/16 17/17/17 14/14/14
f 18/18/18 19/19/19 20/20/20
f 20/20/20 21/21/21 18/18/18
f 19/19/19 22/22/22 23/23/23
f 23/23/23 20/20/20 19/19/19
f 22/22/22 24/24/24 25/25/25
f 25/25/25 23/23/23 22/22/22
f 26/26/26 25/25/25 24/24/24
f 27/27/27 26/26/28 28/28/29
f 28/28/29 29/29/30 30/30/31
f 30/30/31 27/27/27 28/28/29
f 29/29/30 31/31/32 32/32/33
f 32/32/33 30/30/31 29/29/30
f 31/31/32 33/33/34 34/34/35
f 34/34/35 32/32/33 31/31/32
f 35/35/36 34/34/37 33/33/38
f 33/36/38 36/37/39 37/38/40
f 37/38/40 35/39/36 33/36/38
f 36/37/41 18/40/18 21/41/21
f 21/41/21 38/42/42 36/37/43
f 39/43/44 40/44/45 26/26/26
f 26/26/26 27/27/46 39/43/44
f 39/43/44 27/27/46 30/30/47
f 30/30/47 41/45/48 39/43/44
f 41/45/48 30/30/47 32/32/49
f 32/32/49 42/46/50 41/45/48
f 42/46/50 32/32/49 34/34/51
f 34/34/51 43/47/52 42/46/50
f 34/34/53 35/35/54 44/48/55
f 44/48/55 43/47/52 34/34/51
f 44/49/55 35/39/54 37/38/56
f 37/38/57 45/50/58 44/49/55
f 45/50/58 46/51/59 47/52/60
f 45/50/58 36/37/61 46/51/59
f 45/50/58 37/38/57 36/37/61
f 48/53/62 49/54/63 50/55/64
f 50/55/64 51/56/65 48/53/62
f 52/57/66 53/58/67 54/59/68
f 54/59/68 55/60/69 52/57/66
f 56/61/70 57/62/71 58/63/72
f 58/63/72 50/55/64 56/61/70
f 59/64/73 52/57/66 55/60/69
f 55/60/69 60/65/74 59/64/73
f 49/54/63 56/61/70 50/55/64
f 53/58/67 61/66/75 62/67/76
f 62/67/76 54/59/68 53/58/67
f 63/68/77 62/67/76 61/66/75
f 64/69/78 48/53/62 51/56/65
f 51/56/65 65/70/79 64/69/78
f 63/68/80 64/69/78 65/70/79
f 57/71/71 66/72/81 67/73/82
f 67/73/82 58/74/72 57/71/71
f 68/75/83 59/76/73 60/77/74
f 60/77/74 67/73/84 68/75/83
f 65/70/85 62/67/76 63/68/77
f 51/56/86 54/59/68 62/67/76
f 62/67/76 65/70/85 51/56/86
f 50/55/87 55/60/69 54/59/68
f 54/59/68 51/56/86 50/55/87
f 60/65/74 55/60/69 50/55/87
f 50/55/87 58/63/88 60/65/74
f 67/73/89 60/77/74 58/74/88
f 69/78/90 70/79/91 71/80/92
f 10/10/10 72/81/93 73/82/94
f 74/83/95 75/84/96 76/85/97
f 76/85/97 9/9/98 74/83/95
f 77/86/99 72/81/100 9/9/98
f 9/9/98 76/85/97 77/86/99
f 77/86/99 78/87/101 79/88/102
f 79/88/102 72/81/100 77/86/99
f 78/89/101 80/90/103 81/91/104
f 81/91/104 79/92/102 78/89/101
f 81/91/104 80/90/103 82/93/105
f 82/93/105 83/94/106 81/91/104
f 83/94/106 82/93/105 84/95/107
f 84/95/107 85/96/108 83/94/106
f 85/96/108 84/95/107 86/97/109
f 86/97/109 71/80/110 85/96/108
f 69/78/111 71/80/110 86/97/109
f 73/82/94 87/98/112 88/99/113
f 88/99/113 89/100/114 73/82/94
f 87/98/112 73/82/94 72/81/93
f 72/81/93 79/88/115 87/98/112
f 87/101/112 90/102/116 91/103/117
f 91/103/117 88/104/113 87/101/112
f 90/102/116 87/101/112 79/92/115
f 79/92/115 81/91/118 90/102/116
f 90/102/116 92/105/119 93/106/120
f 93/106/120 91/103/117 90/102/116
f 92/105/119 90/102/116 81/91/118
f 81/91/118 83/94/121 92/105/119
f 92/105/119 94/107/122 95/108/123
f 95/108/123 93/106/120 92/105/119
f 94/107/122 92/105/119 83/94/121
f 83/94/121 85/96/124 94/107/122
f 94/107/122 70/79/91 96/109/125
f 96/109/125 95/108/123 94/107/122
f 70/79/91 94/107/122 85/96/124
f 85/96/124 71/80/92 70/79/91
f 69/78/90 96/109/125 70/79/91
f 69/78/126 86/97/109 97/110/127
f 97/110/127 98/111/128 69/78/129
f 84/95/107 99/112/130 97/110/127
f 97/110/127 86/97/109 84/95/107
f 82/93/105 100/113/131 99/112/130
f 99/112/130 84/95/107 82/93/105
f 80/90/103 101/114/132 100/113/131
f 100/113/131 82/93/105 80/90/103
f 80/90/103 78/89/101 102/115/133
f 102/115/133 101/114/132 80/90/103
f 78/87/101 77/86/99 103/116/134
f 103/116/134 102/117/133 78/87/101
f 76/85/97 103/116/134 77/86/99
f 10/10/10 73/82/94 89/100/114
f 72/81/93 10/10/10 9/9/135
f 104/118/136 105/119/137 106/120/138
f 107/121/139 108/122/140 109/123/141
f 105/119/142 110/124/143 111/125/144
f 112/126/145 113/127/146 1/1/147
f 1/1/148 114/128/149 112/126/145
f 115/129/150 116/130/151 117/131/152
f 117/131/153 118/132/154 115/129/155
f 115/129/156 118/132/157 119/133/158
f 119/133/158 120/134/159 115/129/150
f 109/123/141 121/135/160 122/136/161
f 122/136/161 114/128/162 109/123/141
f 121/135/160 109/123/141 108/122/140
f 108/122/140 123/137/163 121/135/160
f 115/129/150 124/138/164 122/139/165
f 122/139/165 116/130/151 115/129/150
f 115/129/150 120/134/159 125/140/166
f 125/140/166 124/138/164 115/129/150
f 121/141/160 126/142/167 116/130/168
f 116/130/168 122/139/161 121/141/160
f 126/142/167 121/141/160 123/143/163
f 123/143/163 127/144/169 126/142/167
f 126/142/167 128/145/170 117/131/171
f 117/131/171 116/130/168 126/142/167
f 128/145/170 126/142/167 127/144/169
f 127/144/169 129/146/172 128/145/170
f 130/147/173 131/148/174 110/124/175
f 105/119/137 130/147/173 110/124/175
f 106/120/138 105/119/137 111/125/176
f 110/124/143 132/149/177 133/150/178
f 133/150/178 111/125/144 110/124/143
f 132/149/179 110/124/175 131/148/174
f 131/148/174 134/151/180 132/149/179
f 135/152/181 106/120/138 111/125/176
f 111/125/176 133/150/182 135/152/181
f 106/120/138 135/152/181 136/153/183
f 136/153/183 104/118/136 106/120/138
f 113/127/146 112/126/145 137/154/184
f 128/145/170 135/152/181 133/150/182
f 133/150/182 117/131/171 128/145/170
f 135/152/181 128/145/170 129/146/172
f 129/146/172 136/153/183 135/152/181
f 132/149/177 118/132/154 117/131/153
f 117/131/153 133/150/178 132/149/177
f 118/132/157 132/149/179 134/151/180
f 134/151/180 119/133/158 118/132/157
f 112/126/145 114/128/149 122/136/165
f 122/136/165 124/155/164 112/126/145
f 112/126/145 124/155/164 125/156/166
f 125/156/166 137/154/184 112/126/145
f 114/128/162 1/1/1 107/121/139
f 107/121/139 109/123/141 114/128/162
f 138/157/185 139/158/186 140/159/187
f 138/157/185 141/160/188 142/161/189
f 143/162/190 144/163/191 145/164/192
f 145/164/192 140/159/187 143/162/190
f 146/165/193 144/163/191 143/162/190
f 147/166/194 148/167/195 49/54/196
f 49/54/196 48/53/197 147/166/194
f 149/168/198 148/169/195 100/113/131
f 100/113/131 101/114/132 149/168/198
f 150/170/199 151/171/200 53/58/67
f 53/58/67 52/57/66 150/170/199
f 152/172/201 151/171/200 150/170/199
f 89/100/114 88/99/113 153/173/202
f 153/173/202 154/174/203 89/100/114
f 149/175/198 155/176/204 57/62/205
f 57/62/205 56/61/206 149/175/198
f 149/168/198 101/114/132 102/115/133
f 102/115/133 155/177/204 149/168/198
f 153/173/202 156/178/207 154/174/203
f 91/103/117 153/179/202 88/104/113
f 157/180/208 150/170/199 52/57/66
f 52/57/66 59/64/73 157/180/208
f 148/167/195 149/175/198 56/61/206
f 56/61/206 49/54/196 148/167/195
f 148/169/195 147/181/194 99/112/130
f 99/112/130 100/113/131 148/169/195
f 158/182/209 159/183/210 160/184/211
f 160/184/211 161/185/212 158/182/209
f 162/186/213 163/187/214 159/183/210
f 159/183/210 158/182/209 162/186/213
f 164/188/215 165/189/216 161/185/212
f 161/185/212 160/184/211 164/188/215
f 166/190/217 167/191/218 168/192/219
f 168/192/219 169/193/220 166/190/217
f 169/194/220 170/195/221 171/196/222
f 171/196/222 172/197/223 169/194/224
f 172/197/223 171/196/222 173/198/225
f 173/198/225 174/199/226 172/197/223
f 168/192/219 170/200/221 169/193/220
f 175/201/227 176/202/228 167/191/218
f 167/191/218 166/190/217 175/201/227
f 165/189/216 164/188/215 176/202/228
f 176/202/228 175/201/227 165/189/216
f 162/186/213 177/203/229 163/187/214
f 178/204/230 69/78/90 179/205/231
f 179/205/232 180/206/233 178/204/230
f 181/207/234 96/109/125 69/78/90
f 69/78/90 178/204/230 181/207/234
f 182/208/235 95/108/123 96/109/125
f 96/109/125 181/207/234 182/208/235
f 183/209/236 93/106/120 95/108/123
f 95/108/123 182/208/235 183/209/236
f 153/179/202 91/103/117 184/210/237
f 180/206/238 179/205/239 185/211/240
f 184/210/237 91/103/117 93/106/120
f 93/106/120 183/209/236 184/210/237
f 186/212/241 187/213/242 160/184/211
f 160/184/211 159/183/210 186/212/241
f 158/182/209 161/185/212 188/214/243
f 188/214/243 189/215/244 158/182/209
f 186/212/241 190/216/245 191/217/246
f 192/218/247 188/214/243 193/219/248
f 188/214/243 192/218/247 189/215/244
f 191/217/246 187/213/242 186/212/241
f 192/218/247 194/220/249 189/215/244
f 164/188/215 160/184/211 187/213/242
f 187/213/242 195/221/250 164/188/215
f 186/212/241 159/183/210 163/187/214
f 163/187/214 190/216/245 186/212/241
f 188/214/243 161/185/212 165/189/216
f 165/189/216 193/219/248 188/214/243
f 189/215/244 194/220/249 162/186/213
f 162/186/213 158/182/209 189/215/244
f 195/221/250 187/213/242 191/217/246
f 196/222/251 197/223/252 198/224/253
f 198/224/253 199/225/254 196/222/251
f 200/226/255 201/227/256 196/222/251
f 196/222/251 199/225/254 200/226/255
f 202/228/257 201/227/256 200/226/255
f 200/226/255 203/229/258 202/228/257
f 204/230/259 202/228/257 203/229/258
f 203/229/258 205/231/260 204/230/259
f 168/192/219 167/191/218 204/230/259
f 204/230/259 205/231/260 168/192/219
f 198/232/253 197/233/252 206/234/261
f 206/234/261 169/193/262 198/232/253
f 169/193/220 206/234/261 166/190/217
f 207/235/263 208/236/264 209/237/265
f 210/238/266 208/236/264 207/235/263
f 210/238/266 211/239/267 208/236/264
f 212/240/268 210/238/266 207/235/263
f 207/235/263 213/241/269 212/240/268
f 213/241/269 214/242/270 212/240/268
f 199/243/254 215/244/271 212/240/268
f 212/240/268 214/242/270 199/243/254
f 198/245/253 216/246/272 215/247/273
f 215/247/273 199/248/254 198/245/253
f 214/242/270 213/241/269 217/249/274
f 217/249/274 218/250/275 214/242/270
f 218/250/275 217/249/274 219/251/276
f 219/251/276 220/252/277 218/250/275
f 220/252/277 219/251/276 171/196/222
f 171/196/222 170/195/221 220/252/277
f 198/245/253 169/253/220 221/254/278
f 221/254/278 216/246/272 198/245/253
f 221/254/278 169/253/220 172/255/223
f 222/256/279 223/257/280 224/258/281
f 224/258/281 225/259/282 222/256/279
f 223/257/280 222/256/279 226/260/283
f 226/260/283 227/261/284 223/257/280
f 228/262/285 225/259/282 209/237/265
f 208/236/264 229/263/286 209/237/265
f 229/263/286 208/236/264 211/239/267
f 230/264/287 231/265/288 232/266/289
f 233/267/290 231/265/288 230/264/291
f 234/268/292 231/265/288 233/267/290
f 232/269/289 231/270/288 234/271/293
f 232/266/289 235/272/294 236/273/295
f 236/273/295 230/264/296 232/266/289
f 230/264/297 237/274/298 238/275/299
f 238/275/299 233/267/290 230/264/300
f 233/267/290 238/275/299 239/276/301
f 239/276/301 234/268/302 233/267/290
f 240/277/303 235/278/294 232/269/289
f 236/273/295 237/274/298 230/264/304
f 234/271/292 239/279/301 240/277/303
f 240/277/303 232/269/289 234/271/293
f 235/272/294 241/280/305 242/281/306
f 242/281/307 236/273/295 235/272/294
f 237/274/298 243/282/308 244/283/309
f 244/283/309 238/275/299 237/274/298
f 238/275/299 244/283/309 245/284/310
f 245/284/310 239/276/301 238/275/299
f 240/277/303 246/285/311 241/286/305
f 241/286/305 235/278/294 240/277/303
f 236/273/295 242/281/307 243/282/308
f 243/282/308 237/274/298 236/273/295
f 239/279/301 245/287/310 246/285/311
f 246/285/311 240/277/303 239/279/301
f 244/283/309 229/263/286 211/239/267
f 211/239/267 245/284/310 244/283/309
f 243/282/308 247/288/312 229/263/286
f 229/263/286 244/283/309 243/282/308
f 242/281/313 247/288/312 243/282/308
f 246/285/311 245/287/310 211/289/267
f 242/281/314 228/262/285 209/237/265
f 209/237/265 247/288/312 242/281/315
f 242/281/307 248/290/316 228/262/317
f 211/239/267 210/238/266 249/291/318
f 211/289/267 249/292/319 246/285/311
f 249/292/320 248/293/316 241/286/305
f 246/285/311 249/292/320 241/286/305
f 247/288/312 209/237/265 229/263/286
f 241/280/305 248/290/316 242/281/321
f 250/294/322 248/293/323 249/292/324
f 249/292/325 215/247/326 250/294/327
f 225/259/328 228/262/317 248/290/316
f 248/290/329 250/295/330 225/259/282
f 215/244/271 249/291/318 210/238/266
f 210/238/266 212/240/268 215/244/271
f 209/237/265 225/259/282 224/258/281
f 224/258/281 207/235/263 209/237/265
f 213/241/269 207/235/263 224/258/281
f 251/296/331 252/297/332 174/199/226
f 174/199/226 173/198/225 251/296/331
f 253/298/333 254/299/334 255/300/335
f 255/300/335 256/301/336 253/298/333
f 257/302/337 258/303/338 259/304/339
f 259/304/339 260/305/340 257/302/337
f 261/306/341 253/298/342 259/304/339
f 259/304/339 262/307/343 261/306/341
f 255/308/344 254/309/345 258/310/346
f 258/310/347 257/311/348 255/308/344
f 263/312/349 264/313/350 257/302/351
f 257/302/351 260/305/352 263/312/349
f 226/260/283 222/256/279 265/314/353
f 265/314/353 266/315/354 226/260/283
f 267/316/355 263/312/356 227/261/284
f 227/261/284 268/317/357 267/316/355
f 257/311/358 264/318/359 266/319/360
f 266/319/361 265/320/353 257/311/348
f 269/321/362 270/322/363 271/323/364
f 271/323/364 252/297/332 269/321/362
f 272/324/365 273/325/366 274/326/367
f 274/326/367 275/327/368 272/324/369
f 275/327/370 274/326/371 276/328/372
f 276/328/372 251/296/331 275/327/373
f 270/329/374 273/330/375 272/331/376
f 272/331/377 271/332/364 270/329/374
f 252/297/332 251/296/331 276/328/372
f 276/328/372 269/321/362 252/297/332
f 277/333/378 278/334/379 272/324/380
f 272/324/380 275/327/381 277/333/378
f 255/300/382 279/335/383 280/336/384
f 280/336/384 256/301/385 255/300/382
f 280/336/386 277/333/378 275/327/381
f 275/327/381 256/301/387 280/336/386
f 272/331/380 278/337/388 279/338/389
f 279/338/389 255/308/390 272/331/380
f 281/339/391 282/340/392 283/341/393
f 284/342/394 282/343/395 285/344/396
f 286/345/397 282/340/398 284/346/394
f 283/341/393 282/340/392 286/345/397
f 285/344/396 282/343/395 287/347/399
f 287/348/399 282/340/400 281/339/391
f 283/341/393 288/349/401 289/350/402
f 289/350/402 281/339/391 283/341/393
f 285/344/396 290/351/403 291/352/404
f 291/352/404 284/342/394 285/344/396
f 284/346/394 292/353/405 293/354/406
f 293/354/406 286/345/397 284/346/394
f 286/345/397 293/354/406 288/349/401
f 288/349/401 283/341/393 286/345/397
f 294/355/407 295/356/408 287/347/399
f 287/347/399 295/356/408 290/351/403
f 290/351/403 285/344/396 287/347/399
f 291/357/404 292/353/405 284/346/394
f 281/339/391 289/350/402 294/358/407
f 294/358/407 287/348/399 281/339/391
f 288/349/401 296/359/409 297/360/410
f 297/360/410 289/350/402 288/349/401
f 290/351/403 298/361/411 299/362/412
f 299/362/412 291/352/404 290/351/403
f 292/353/405 300/363/413 301/364/414
f 301/364/414 293/354/406 292/353/405
f 293/354/406 301/364/414 296/359/409
f 296/359/409 288/349/401 293/354/406
f 294/355/407 302/365/415 303/366/416
f 303/366/416 295/356/408 294/355/407
f 295/356/408 303/366/416 298/361/417
f 298/361/417 290/351/403 295/356/408
f 291/357/404 299/367/412 300/363/413
f 300/363/413 292/353/405 291/357/404
f 289/350/402 297/360/410 302/368/418
f 302/368/418 294/358/407 289/350/402
f 301/364/414 261/306/341 262/307/343
f 262/307/343 296/359/409 301/364/414
f 296/359/409 262/307/343 304/369/419
f 304/369/419 297/360/410 296/359/409
f 300/363/413 305/370/420 261/306/341
f 261/306/341 301/364/414 300/363/413
f 299/367/412 305/370/420 300/363/413
f 302/368/418 297/360/410 304/369/419
f 305/370/420 299/367/412 254/299/421
f 254/299/334 253/298/333 305/370/420
f 304/369/419 259/304/339 258/303/422
f 258/303/423 302/368/418 304/369/419
f 253/298/342 256/301/424 260/305/340
f 260/305/340 259/304/339 253/298/342
f 303/366/425 258/310/346 254/309/345
f 254/309/421 298/361/426 303/366/425
f 262/307/343 259/304/339 304/369/419
f 302/365/427 258/310/347 303/366/425
f 305/370/420 253/298/428 261/306/341
f 298/361/426 254/309/421 299/362/412
f 306/371/429 307/372/430 308/373/431
f 309/374/432 307/375/433 310/376/434
f 311/377/435 307/372/436 309/378/432
f 308/373/431 307/372/430 311/377/435
f 310/376/434 307/375/433 312/379/437
f 312/380/437 307/372/438 306/371/429
f 308/373/431 313/381/439 314/382/440
f 314/382/440 306/371/429 308/373/431
f 310/376/434 315/383/441 316/384/442
f 316/384/442 309/374/432 310/376/434
f 309/378/432 317/385/443 318/386/444
f 318/386/444 311/377/435 309/378/432
f 311/377/435 318/386/444 313/381/439
f 313/381/439 308/373/431 311/377/435
f 319/387/445 320/388/446 312/379/437
f 312/379/437 320/388/446 315/383/441
f 315/383/441 310/376/434 312/379/437
f 316/389/442 317/385/443 309/378/432
f 306/371/429 314/382/440 319/390/445
f 319/390/445 312/380/437 306/371/429
f 313/381/439 321/391/447 322/392/448
f 322/392/448 314/382/440 313/381/439
f 315/383/441 323/393/449 324/394/450
f 324/394/450 316/384/442 315/383/441
f 317/385/443 325/395/451 326/396/452
f 326/396/452 318/386/444 317/385/443
f 318/386/444 326/396/452 321/391/447
f 321/391/447 313/381/439 318/386/444
f 319/387/445 327/397/453 328/398/454
f 328/398/454 320/388/446 319/387/445
f 320/388/446 328/398/454 323/393/449
f 323/393/449 315/383/441 320/388/446
f 316/389/442 324/399/450 325/395/451
f 325/395/451 317/385/443 316/389/442
f 314/382/440 322/392/448 327/400/453
f 327/400/453 319/390/445 314/382/440
f 326/396/452 267/316/355 268/317/357
f 268/317/357 321/391/447 326/396/452
f 321/391/447 268/317/357 329/401/455
f 329/401/455 322/392/448 321/391/447
f 325/395/451 330/402/456 267/316/355
f 267/316/355 326/396/452 325/395/451
f 324/399/450 330/402/456 325/395/451
f 327/400/453 322/392/448 329/401/455
f 330/402/456 324/399/450 264/313/457
f 264/313/350 263/312/349 330/402/456
f 329/401/455 226/260/283 266/315/354
f 266/315/458 327/400/453 329/401/455
f 223/257/280 227/261/284 263/312/356
f 263/312/356 260/305/340 223/257/280
f 328/398/454 266/319/360 264/318/359
f 264/318/457 323/393/449 328/398/454
f 268/317/357 227/261/284 226/260/283
f 226/260/283 329/401/455 268/317/357
f 327/397/453 266/319/458 328/398/454
f 330/402/456 263/312/459 267/316/355
f 323/393/449 264/318/457 324/394/450
f 331/403/460 332/404/461 333/405/462
f 334/406/463 332/407/464 335/408/465
f 336/409/466 332/404/467 334/410/468
f 333/405/469 332/404/467 336/409/466
f 335/408/465 332/407/464 337/411/470
f 337/412/470 332/404/471 331/403/472
f 333/405/469 338/413/473 339/414/474
f 339/414/474 331/403/475 333/405/469
f 335/408/465 340/415/476 341/416/477
f 341/416/477 334/406/478 335/408/465
f 334/410/479 342/417/480 343/418/481
f 343/418/481 336/409/466 334/410/479
f 336/409/466 343/418/481 338/413/473
f 338/413/473 333/405/469 336/409/466
f 344/419/482 345/420/483 337/411/470
f 337/411/470 345/420/483 340/415/476
f 340/415/476 335/408/465 337/411/470
f 341/421/477 342/417/480 334/410/468
f 331/403/460 339/414/474 344/422/482
f 344/422/482 337/412/470 331/403/472
f 338/413/473 346/423/484 347/424/485
f 347/424/485 339/414/474 338/413/473
f 340/415/476 348/425/486 349/426/487
f 349/426/487 341/416/477 340/415/476
f 342/417/480 350/427/488 351/428/489
f 351/428/489 343/418/481 342/417/480
f 343/418/481 351/428/489 346/423/484
f 346/423/484 338/413/473 343/418/481
f 344/419/482 352/429/490 353/430/491
f 353/430/491 345/420/483 344/419/482
f 345/420/483 353/430/491 348/425/486
f 348/425/486 340/415/476 345/420/483
f 341/421/477 349/431/487 350/427/488
f 350/427/488 342/417/480 341/421/477
f 339/414/474 347/424/485 352/432/490
f 352/432/490 344/422/482 339/414/474
f 351/428/489 354/433/492 355/434/493
f 355/434/493 346/423/484 351/428/489
f 346/423/484 355/434/493 356/435/494
f 356/435/494 347/424/485 346/423/484
f 350/427/488 357/436/495 354/433/492
f 354/433/492 351/428/489 350/427/488
f 349/431/487 357/436/495 350/427/488
f 352/432/490 347/424/485 356/435/494
f 349/431/487 270/322/363 269/321/362
f 269/321/362 357/436/495 349/431/487
f 356/435/496 274/326/497 273/325/498
f 273/325/499 352/432/490 356/435/494
f 274/326/500 355/434/493 354/433/492
f 354/433/492 276/328/372 274/326/371
f 348/425/486 353/430/491 273/330/501
f 273/330/502 270/329/503 348/425/486
f 355/434/493 274/326/504 356/435/494
f 352/429/490 273/330/505 353/430/491
f 357/436/495 269/321/362 276/328/372
f 276/328/372 354/433/492 357/436/495
f 348/425/486 270/329/374 349/426/487
f 358/437/506 174/438/226 271/332/364
f 271/323/364 174/199/226 252/297/332
f 260/305/340 224/258/281 223/257/280
f 257/311/348 265/320/353 250/294/507
f 359/439/508 255/308/344 257/311/348
f 257/311/348 250/294/507 359/439/508
f 250/295/509 265/314/353 222/256/279
f 222/256/510 225/259/511 250/295/512
f 360/440/513 224/258/281 260/305/340
f 260/305/340 256/301/424 360/440/513
f 275/327/373 251/296/331 361/441/514
f 275/327/373 361/441/514 360/440/513
f 360/440/513 256/301/515 275/327/373
f 173/198/225 361/441/514 251/296/331
f 359/439/516 358/437/506 272/331/517
f 272/331/380 255/308/390 359/439/508
f 358/437/506 271/332/364 272/331/376
f 216/246/272 359/439/516 250/294/518
f 250/294/518 215/247/273 216/246/272
f 213/241/269 224/258/281 360/440/513
f 360/440/513 217/249/274 213/241/269
f 217/249/274 360/440/513 361/441/514
f 361/441/514 219/251/276 217/249/274
f 219/251/276 361/441/514 173/198/225
f 173/198/225 171/196/222 219/251/276
f 358/437/506 359/439/516 216/246/272
f 216/246/272 221/254/278 358/437/506
f 172/255/223 174/438/226 358/437/506
f 358/437/506 221/254/278 172/255/223
f 362/442/519 363/443/520 364/444/521
f 365/445/522 363/446/523 366/447/524
f 367/448/525 363/443/526 365/449/522
f 364/444/521 363/443/520 367/448/525
f 366/447/524 363/446/523 368/450/527
f 368/451/527 363/443/528 362/442/519
f 364/444/521 369/452/529 370/453/530
f 370/453/530 362/442/519 364/444/521
f 366/447/524 371/454/531 372/455/532
f 372/455/532 365/445/522 366/447/524
f 365/449/522 373/456/533 374/457/534
f 374/457/534 367/448/525 365/449/522
f 367/448/525 374/457/534 369/452/529
f 369/452/529 364/444/521 367/448/525
f 375/458/535 376/459/536 368/450/527
f 368/450/527 376/459/536 371/454/531
f 371/454/531 366/447/524 368/450/527
f 372/460/532 373/456/533 365/449/522
f 362/442/519 370/453/530 375/461/535
f 375/461/535 368/451/527 362/442/519
f 369/452/529 377/462/537 378/463/538
f 378/463/538 370/453/530 369/452/529
f 371/454/531 379/464/539 380/465/540
f 380/465/540 372/455/532 371/454/531
f 373/456/533 381/466/541 382/467/542
f 382/467/542 374/457/534 373/456/533
f 374/457/534 382/467/542 377/462/537
f 377/462/537 369/452/529 374/457/534
f 375/458/535 383/468/543 384/469/544
f 384/469/544 376/459/536 375/458/535
f 376/459/536 384/469/544 379/464/539
f 379/464/539 371/454/531 376/459/536
f 372/460/532 380/470/540 381/466/541
f 381/466/541 373/456/533 372/460/532
f 370/453/530 378/463/538 383/471/543
f 383/471/543 375/461/535 370/453/530
f 382/467/542 385/472/545 386/473/546
f 386/473/546 377/462/537 382/467/542
f 377/462/537 386/473/546 387/474/547
f 387/474/547 378/463/538 377/462/537
f 381/466/541 388/475/548 385/472/545
f 385/472/545 382/467/542 381/466/541
f 380/470/540 388/475/548 381/466/541
f 383/471/543 378/463/538 387/474/547
f 388/475/548 380/470/540 278/334/388
f 278/334/379 277/333/378 388/475/548
f 383/471/543 387/474/547 280/336/549
f 280/336/384 279/335/383 383/471/543
f 386/473/546 385/472/545 277/333/378
f 277/333/378 280/336/386 386/473/546
f 384/469/544 279/338/389 278/337/388
f 278/337/550 379/464/539 384/469/544
f 386/473/546 280/336/384 387/474/547
f 383/468/543 279/338/551 384/469/544
f 388/475/548 277/333/378 385/472/545
f 379/464/539 278/337/388 380/465/540
f 200/226/255 199/225/254 214/476/270
f 203/229/258 200/226/255 214/476/270
f 214/476/270 218/477/275 203/229/258
f 205/231/260 203/229/258 218/477/275
f 218/477/275 220/478/277 205/231/260
f 205/231/260 220/478/277 170/200/221
f 170/200/221 168/192/219 205/231/260
f 196/222/251 389/479/552 390/480/553
f 390/480/553 197/223/252 196/222/251
f 201/227/256 391/481/554 389/479/552
f 389/479/552 196/222/251 201/227/256
f 202/228/257 392/482/555 391/481/554
f 391/481/554 201/227/256 202/228/257
f 204/230/259 393/483/556 392/482/555
f 392/482/555 202/228/257 204/230/259
f 167/191/218 176/202/228 393/483/556
f 393/483/556 204/230/259 167/191/218
f 394/484/557 206/234/261 197/233/252
f 197/233/252 390/485/553 394/484/557
f 206/234/261 394/484/557 175/201/227
f 175/201/227 166/190/217 206/234/261
f 389/479/552 395/486/558 396/487/559
f 396/487/559 390/480/553 389/479/552
f 395/486/558 397/488/560 398/489/561
f 398/489/561 396/487/559 395/486/558
f 391/481/554 399/490/562 395/486/558
f 395/486/558 389/479/552 391/481/554
f 399/490/562 185/211/563 397/488/564
f 397/488/565 395/486/566 399/490/567
f 392/482/555 400/491/568 399/490/562
f 399/490/569 391/481/554 392/482/555
f 400/491/568 401/492/570 185/211/571
f 185/211/563 399/490/562 400/491/568
f 195/221/250 392/482/555 393/483/556
f 195/221/250 400/491/568 392/482/555
f 195/221/250 191/217/246 400/491/568
f 401/492/570 400/491/568 191/217/246
f 191/217/246 190/216/245 401/492/570
f 401/492/572 190/216/245 402/493/573
f 176/202/228 164/188/215 195/221/250
f 195/221/250 393/483/556 176/202/228
f 402/493/573 190/216/245 163/187/214
f 163/187/214 177/203/574 402/493/575
f 390/485/553 193/219/248 394/484/557
f 390/485/553 192/218/247 193/219/248
f 390/485/553 396/494/559 192/218/247
f 194/220/249 398/495/576 403/496/577
f 192/218/247 396/494/559 398/495/561
f 398/495/561 194/220/249 192/218/247
f 394/484/557 193/219/248 165/189/216
f 165/189/216 175/201/227 394/484/557
f 162/186/213 194/220/249 403/496/577
f 403/496/577 177/203/578 162/186/213
f 404/497/579 405/498/580 406/499/581
f 406/499/581 407/500/582 404/497/579
f 408/501/583 409/502/584 405/498/580
f 405/498/580 404/497/579 408/501/583
f 410/503/585 411/504/586 409/502/584
f 409/502/584 408/501/583 410/503/585
f 412/505/587 413/506/588 411/504/586
f 411/504/586 410/503/585 412/505/587
f 414/507/589 415/508/590 413/506/588
f 413/506/588 412/505/587 414/507/589
f 405/498/580 416/509/591 417/510/592
f 417/510/592 406/499/581 405/498/580
f 409/502/584 418/511/593 416/509/591
f 416/509/591 405/498/580 409/502/584
f 411/504/586 419/512/594 418/511/593
f 418/511/593 409/502/584 411/504/586
f 413/506/588 420/513/595 419/512/594
f 419/512/594 411/504/586 413/506/588
f 415/508/590 421/514/596 420/513/595
f 420/513/595 413/506/588 415/508/590
f 416/509/591 422/515/597 423/516/598
f 423/516/598 417/510/592 416/509/591
f 418/511/593 424/517/599 422/515/597
f 422/515/597 416/509/591 418/511/593
f 419/512/594 425/518/600 424/517/599
f 424/517/599 418/511/593 419/512/594
f 420/513/595 426/519/601 425/518/600
f 425/518/600 419/512/594 420/513/595
f 421/514/596 427/520/602 426/519/601
f 426/519/601 420/513/595 421/514/596
f 422/515/597 428/521/603 429/522/604
f 429/522/604 423/516/598 422/515/597
f 424/517/599 430/523/605 428/521/603
f 428/521/603 422/515/597 424/517/599
f 425/518/600 431/524/606 430/523/605
f 430/523/605 424/517/599 425/518/600
f 426/519/601 432/525/607 431/524/606
f 431/524/606 425/518/600 426/519/601
f 427/520/602 433/526/608 432/525/607
f 432/525/607 426/519/601 427/520/602
f 434/527/609 435/528/610 436/529/611
f 436/529/611 437/530/612 434/527/609
f 438/531/613 61/66/75 53/58/67
f 53/58/67 151/171/200 438/531/613
f 439/532/614 63/68/77 61/66/75
f 61/66/75 438/531/613 439/532/614
f 440/533/615 441/534/616 177/203/617
f 177/203/618 403/496/619 440/533/615
f 441/534/620 440/533/621 63/68/77
f 63/68/77 439/532/614 441/534/620
f 442/535/622 97/110/127 99/112/130
f 99/112/130 147/181/194 442/535/622
f 48/53/197 64/69/623 442/536/622
f 442/536/622 147/166/194 48/53/197
f 443/537/624 98/111/128 97/110/127
f 97/110/127 442/535/622 443/537/624
f 442/536/622 64/69/623 63/68/77
f 63/68/77 443/538/624 442/536/622
f 444/539/625 398/489/626 397/488/627
f 397/488/627 445/540/628 444/539/625
f 398/495/626 444/541/625 440/533/615
f 440/533/615 403/496/619 398/495/626
f 444/539/629 445/540/630 98/111/128
f 98/111/128 443/537/624 444/539/629
f 440/533/621 444/541/629 443/538/624
f 443/538/624 63/68/77 440/533/621
f 445/540/628 397/488/627 185/211/631
f 185/211/631 179/205/231 445/540/628
f 445/540/632 179/205/633 69/78/634
f 69/78/129 98/111/128 445/540/630
f 401/492/635 446/542/636 180/206/637
f 180/206/637 185/211/240 401/492/635
f 447/543/638 178/204/230 180/206/637
f 180/206/637 446/542/636 447/543/638
f 448/544/639 181/207/234 178/204/230
f 178/204/230 447/543/638 448/544/639
f 449/545/640 182/208/235 181/207/234
f 181/207/234 448/544/639 449/545/640
f 450/546/641 183/209/236 182/208/235
f 182/208/235 449/545/640 450/546/641
f 450/546/641 451/547/642 184/210/237
f 184/210/237 183/209/236 450/546/641
f 452/548/643 453/549/644 434/527/609
f 434/527/609 454/550/645 452/548/643
f 455/551/646 452/548/643 454/550/645
f 454/550/645 456/552/647 455/551/646
f 457/553/648 458/554/649 459/555/650
f 459/555/650 460/556/651 457/553/648
f 6/6/6 10/10/10 7/7/7
f 461/557/652 9/9/9 6/6/6
f 461/557/652 74/83/95 9/9/9
f 462/558/653 463/559/654 7/7/7
f 7/7/7 10/10/10 462/558/653
f 464/560/655 465/561/656 463/559/654
f 463/559/654 462/558/653 464/560/655
f 459/555/650 466/562/657 465/561/656
f 465/561/656 464/560/655 459/555/650
f 458/554/649 467/563/658 466/562/657
f 466/562/657 459/555/650 458/554/649
f 468/564/659 402/493/573 177/203/618
f 177/203/660 441/534/661 468/564/662
f 402/493/663 468/564/664 446/542/665
f 446/542/636 401/492/635 402/493/573
f 441/534/620 439/532/614 469/565/666
f 469/565/666 468/564/667 441/534/668
f 446/542/669 468/564/670 469/565/666
f 469/565/666 447/543/638 446/542/636
f 438/531/613 470/566/671 469/565/666
f 469/565/666 439/532/614 438/531/613
f 470/566/671 448/544/639 447/543/638
f 447/543/638 469/565/666 470/566/671
f 151/171/200 471/567/672 470/566/671
f 470/566/671 438/531/613 151/171/200
f 471/567/672 449/545/640 448/544/639
f 448/544/639 470/566/671 471/567/672
f 471/567/672 151/171/200 152/172/201
f 152/172/201 472/568/673 471/567/672
f 472/568/673 450/546/641 449/545/640
f 449/545/640 471/567/672 472/568/673
f 473/569/674 451/547/642 450/546/641
f 450/546/641 472/568/673 473/569/674
f 474/570/675 473/569/674 472/568/673
f 472/568/673 152/172/201 474/570/675
f 455/551/646 475/571/676 476/572/677
f 476/572/677 452/548/643 455/551/646
f 477/573/678 457/553/648 460/556/651
f 460/556/651 478/574/679 477/573/678
f 475/571/676 477/573/678 478/574/679
f 478/574/679 476/572/677 475/571/676
f 435/528/610 479/575/680 480/576/681
f 480/576/681 436/529/611 435/528/610
f 152/172/201 481/577/682 474/570/675
f 152/172/201 150/170/199 157/180/208
f 157/180/208 481/577/682 152/172/201
f 482/578/683 483/579/684 68/75/83
f 68/75/83 67/73/89 482/578/683
f 67/73/89 484/580/685 485/581/686
f 485/581/686 482/578/683 67/73/89
f 68/75/83 483/579/684 480/576/681
f 480/576/681 479/575/680 68/75/83
f 155/582/204 486/583/687 66/72/688
f 66/72/688 57/71/205 155/582/204
f 486/583/687 67/73/689 66/72/690
f 486/583/687 484/580/685 67/73/691
f 486/583/687 487/584/692 484/580/685
f 103/116/134 76/85/97 75/84/96
f 155/582/204 102/117/133 103/116/134
f 103/116/134 486/583/687 155/582/204
f 103/116/134 75/84/96 487/584/692
f 487/584/692 486/583/687 103/116/134
f 462/558/653 10/10/10 89/100/114
f 89/100/114 154/174/203 462/558/653
f 464/560/655 156/178/207 460/556/651
f 460/556/651 459/555/650 464/560/655
f 156/178/207 464/560/655 462/558/653
f 462/558/653 154/174/203 156/178/207
f 156/585/207 184/210/237 451/547/642
f 451/547/642 488/586/693 156/585/207
f 489/587/694 476/572/677 478/574/679
f 478/574/679 488/588/693 489/587/694
f 473/569/674 489/589/694 488/586/693
f 488/586/693 451/547/642 473/569/674
f 474/590/675 453/549/644 476/572/677
f 476/572/677 489/587/694 474/590/675
f 474/570/675 489/589/694 473/569/674
f 484/580/685 404/497/579 407/500/582
f 407/500/582 485/581/686 484/580/685
f 487/584/692 408/501/583 404/497/579
f 404/497/579 484/580/685 487/584/692
f 75/84/96 410/503/585 408/501/583
f 408/501/583 487/584/692 75/84/96
f 74/83/95 412/505/587 410/503/585
f 410/503/585 75/84/96 74/83/95
f 461/557/652 414/507/589 412/505/587
f 412/505/587 74/83/95 461/557/652
f 490/591/695 475/571/676 455/551/646
f 455/551/646 491/592/696 490/591/695
f 492/593/697 477/573/678 475/571/676
f 475/571/676 490/591/695 492/593/697
f 493/594/698 457/553/648 477/573/678
f 477/573/678 492/593/697 493/594/698
f 494/595/699 467/563/658 458/554/649
f 458/554/649 493/594/698 494/595/699
f 454/550/645 434/527/609 437/530/612
f 476/572/677 453/549/644 452/548/643
f 481/596/682 157/597/208 479/575/680
f 479/575/680 435/528/610 481/596/682
f 157/597/208 59/76/73 68/75/83
f 68/75/83 479/575/680 157/597/208
f 460/556/651 156/178/207 478/574/679
f 184/210/237 156/585/207 153/179/202
f 488/588/693 478/574/679 156/178/207
f 481/596/682 435/528/610 434/527/609
f 434/527/609 474/590/675 481/596/682
f 453/549/644 474/590/675 434/527/609
f 491/592/696 455/551/646 456/552/647
f 457/553/648 493/594/698 458/554/649
f 31/31/700 29/29/701 22/22/22
f 22/22/22 19/19/19 31/31/700
f 119/133/158 42/598/50 43/599/52
f 43/599/52 120/134/159 119/133/158
f 12/12/12 20/20/20 23/23/23
f 23/23/23 13/13/13 12/12/12
f 495/600/702 123/137/163 108/122/140
f 108/122/140 496/601/703 495/600/702
f 125/140/166 120/134/159 43/599/52
f 43/599/52 44/602/55 125/140/166
f 495/600/702 496/601/703 497/603/704
f 127/144/169 123/143/163 495/604/702
f 31/31/700 19/19/19 18/18/18
f 18/18/18 33/33/705 31/31/700
f 134/151/180 41/605/48 42/598/50
f 42/598/50 119/133/158 134/151/180
f 498/606/706 499/607/707 500/608/708
f 501/609/709 502/610/710 503/611/711
f 503/611/711 504/612/712 501/609/709
f 505/613/713 506/614/714 503/611/711
f 507/615/715 508/616/716 509/617/717
f 510/618/718 507/615/715 509/617/717
f 511/619/719 510/618/718 509/617/717
f 508/616/716 511/619/719 509/617/717
f 510/618/718 511/619/719 512/620/720
f 510/618/718 513/621/721 507/615/715
f 512/622/720 498/606/706 500/608/708
f 500/608/708 514/623/722 512/622/720
f 515/624/723 516/625/724 517/626/725
f 517/626/725 518/627/726 515/624/723
f 519/628/727 520/629/728 516/625/724
f 516/625/724 515/624/723 519/628/727
f 507/615/715 513/621/721 520/629/728
f 520/629/728 519/628/727 507/615/715
f 517/630/725 521/631/729 502/610/710
f 522/632/730 523/633/731 524/634/732
f 522/635/733 525/636/733 526/637/733
f 526/637/733 523/638/733 522/635/733
f 527/639/734 526/637/733 525/636/733
f 525/636/733 528/640/733 527/639/734
f 529/641/735 530/642/736 531/643/737
f 531/643/737 532/644/738 529/641/735
f 530/642/736 533/645/739 534/646/740
f 534/646/740 531/643/737 530/642/736
f 533/645/739 527/639/734 528/640/733
f 528/640/733 534/646/740 533/645/739
f 535/647/741 526/648/742 527/649/743
f 527/649/743 536/650/744 535/647/741
f 510/651/718 512/622/720 514/623/722
f 514/623/722 537/652/745 510/651/718
f 537/652/745 514/623/722 530/653/746
f 530/653/746 529/654/735 537/652/745
f 513/655/721 510/651/718 537/652/745
f 527/649/747 533/656/748 500/608/708
f 500/608/708 536/650/744 527/649/747
f 533/656/749 530/653/750 514/623/722
f 514/623/722 500/608/708 533/656/749
f 512/657/720 511/658/719 498/659/706
f 523/633/731 526/648/742 535/647/741
f 535/647/741 524/634/732 523/633/731
f 504/612/712 524/634/732 535/647/741
f 535/647/741 499/607/707 504/612/712
f 499/607/707 498/606/706 501/609/709
f 501/609/709 504/612/712 499/607/707
f 499/607/707 535/647/741 536/650/744
f 536/650/744 500/608/708 499/607/707
f 528/660/751 525/661/752 538/662/753
f 538/662/753 506/614/714 528/660/751
f 539/663/754 521/631/729 517/630/725
f 517/630/725 516/664/724 539/663/755
f 531/665/756 521/631/729 539/663/754
f 539/663/754 532/666/738 531/665/757
f 520/667/728 539/663/754 516/664/724
f 537/652/745 539/663/758 520/667/728
f 520/667/728 513/655/721 537/652/745
f 532/666/738 539/663/754 537/652/745
f 537/652/745 529/654/735 532/666/738
f 505/613/713 534/668/759 528/660/751
f 528/660/751 506/614/714 505/613/713
f 534/668/759 505/613/713 521/631/729
f 521/631/729 531/665/756 534/668/759
f 505/613/713 502/610/710 521/631/729
f 518/627/726 517/626/725 502/669/710
f 538/662/753 525/661/752 522/632/730
f 522/632/730 524/634/732 538/662/753
f 538/662/753 524/634/732 504/612/712
f 504/612/712 503/611/711 538/662/753
f 540/670/760 541/671/761 498/659/706
f 498/659/706 511/658/719 540/670/760
f 542/672/762 502/669/710 541/671/761
f 541/671/761 540/670/760 542/672/762
f 503/611/711 506/614/714 538/662/753
f 502/610/710 505/613/713 503/611/711
f 542/672/762 518/627/726 502/669/710
f 502/669/710 501/673/709 541/671/761
f 541/671/761 501/673/709 498/659/706
f 511/619/719 508/616/716 543/674/763
f 543/674/763 544/675/764 511/619/719
f 540/670/760 511/658/719 544/676/764
f 544/676/764 545/677/765 540/670/760
f 542/672/762 540/670/760 545/677/765
f 545/677/765 546/678/766 542/672/762
f 518/627/726 542/672/762 546/678/766
f 546/678/766 547/679/767 518/627/726
f 515/624/723 518/627/726 547/679/767
f 547/679/767 548/680/768 515/624/723
f 519/628/727 515/624/723 548/680/768
f 548/680/768 549/681/769 519/628/727
f 507/615/715 519/628/727 549/681/769
f 549/681/769 550/682/770 507/615/715
f 507/615/715 551/683/771 543/674/763
f 543/674/763 508/616/716 507/615/715
f 507/615/715 550/682/770 551/683/771
f 544/675/764 543/674/763 552/684/772
f 552/684/772 553/685/773 544/675/764
f 545/677/765 544/676/764 553/686/773
f 553/686/773 554/687/774 545/677/765
f 546/678/766 545/677/765 554/687/774
f 554/687/774 555/688/775 546/678/766
f 547/679/767 546/678/766 555/688/775
f 555/688/775 556/689/776 547/679/767
f 548/680/768 547/679/767 556/689/776
f 556/689/776 557/690/777 548/680/768
f 549/681/769 548/680/768 557/690/777
f 557/690/777 558/691/778 549/681/769
f 550/682/770 549/681/769 558/691/778
f 558/691/778 559/692/779 550/682/770
f 543/674/763 551/683/771 560/693/780
f 560/693/780 552/684/772 543/674/763
f 551/683/771 550/682/770 559/692/779
f 559/692/779 560/693/780 551/683/771
f 561/694/781 562/695/782 563/696/783
f 564/697/784 565/698/785 566/699/786
f 566/699/786 567/700/787 564/697/784
f 568/701/788 564/697/784 569/702/789
f 570/703/790 571/704/791 572/705/792
f 572/705/792 573/706/793 570/703/794
f 570/707/795 574/708/796 575/709/797
f 575/709/797 576/710/798 570/707/799
f 576/711/798 575/712/797 577/713/800
f 577/713/800 578/714/801 576/711/802
f 577/713/800 579/715/803 578/714/801
f 580/716/804 573/706/793 572/705/792
f 581/717/805 574/708/796 570/707/795
f 570/707/799 573/718/793 581/717/805
f 571/704/791 570/703/790 576/710/806
f 576/710/806 582/719/807 571/704/791
f 583/720/808 582/721/807 576/711/806
f 576/711/802 578/714/801 583/720/809
f 583/720/808 578/714/801 579/715/803
f 580/722/804 581/717/805 573/718/793
f 584/723/810 585/724/811 586/725/812
f 587/726/813 586/725/812 585/724/811
f 585/724/811 588/727/814 587/726/813
f 589/728/815 587/726/813 588/727/814
f 588/727/814 579/715/803 589/728/815
f 590/729/816 591/730/817 592/731/818
f 593/732/819 594/733/820 595/734/821
f 596/735/822 597/736/823 598/737/824
f 598/737/824 599/738/825 596/735/822
f 600/739/826 601/740/827 599/738/825
f 599/738/825 598/737/824 600/739/826
f 602/741/828 596/735/822 599/738/825
f 599/738/825 603/742/829 602/741/828
f 601/740/827 604/743/830 603/742/829
f 603/742/829 599/738/825 601/740/827
f 604/743/830 595/734/821 594/733/820
f 594/733/820 603/742/829 604/743/830
f 605/744/831 602/741/828 603/742/829
f 603/742/829 594/733/820 605/744/831
f 606/745/832 600/746/826 598/747/824
f 553/685/773 552/684/772 601/740/827
f 601/740/827 600/739/826 553/685/773
f 554/687/774 553/686/773 600/746/826
f 600/746/826 606/745/832 554/687/774
f 555/688/775 554/687/774 606/745/832
f 606/745/832 607/748/833 555/688/775
f 556/689/776 555/688/775 607/748/833
f 607/748/833 608/749/834 556/689/776
f 557/690/777 556/689/776 608/749/834
f 608/749/834 609/750/835 557/690/777
f 558/691/778 557/690/777 609/750/835
f 609/750/835 593/732/819 558/691/778
f 559/692/779 558/691/778 593/732/819
f 593/732/819 595/734/821 559/692/779
f 552/684/772 560/693/780 604/743/830
f 604/743/830 601/740/827 552/684/772
f 560/693/780 559/692/779 595/734/821
f 595/734/821 604/743/830 560/693/780
f 582/751/807 610/752/836 611/753/837
f 611/753/837 571/754/791 582/751/807
f 612/755/838 613/756/839 614/757/840
f 614/757/840 615/758/841 612/755/838
f 616/759/842 617/760/843 612/755/838
f 612/755/838 615/758/841 616/759/842
f 618/761/844 619/762/845 620/763/846
f 620/763/846 621/764/847 618/761/844
f 613/756/839 618/761/844 621/764/847
f 621/764/847 614/757/840 613/756/839
f 619/762/845 622/765/848 623/766/849
f 623/766/849 620/763/846 619/762/845
f 616/767/842 624/768/850 625/769/851
f 625/769/851 626/770/852 616/767/842
f 626/770/852 627/771/853 610/772/836
f 610/772/836 582/773/807 626/770/852
f 571/704/791 628/774/854 572/705/792
f 622/765/848 572/775/792 628/776/854
f 628/776/854 623/766/849 622/765/848
f 629/777/855 630/778/856 631/779/857
f 631/779/857 632/780/858 629/777/855
f 633/781/859 629/777/855 632/780/858
f 632/780/858 634/782/860 633/781/859
f 635/783/861 631/779/857 630/778/856
f 630/778/856 636/784/862 635/783/861
f 637/785/863 633/781/859 634/782/860
f 638/786/864 639/787/865 640/788/866
f 640/788/866 641/789/867 638/786/864
f 642/790/868 640/788/866 639/787/865
f 639/787/865 643/791/869 642/790/868
f 644/792/870 638/786/864 641/789/867
f 641/789/867 645/793/871 644/792/870
f 625/769/851 627/771/853 626/770/852
f 646/794/872 627/771/853 625/769/851
f 625/769/851 647/795/873 646/794/872
f 645/793/871 646/794/872 647/795/873
f 647/795/873 644/792/870 645/793/871
f 648/796/874 642/790/868 643/791/869
f 643/791/869 649/797/875 648/796/874
f 648/796/874 649/797/875 650/798/876
f 651/799/877 652/800/878 653/801/879
f 654/802/880 641/789/867 640/788/866
f 651/799/877 655/803/881 656/804/882
f 656/804/882 652/800/878 651/799/877
f 655/803/881 639/787/865 638/786/864
f 638/786/864 656/804/882 655/803/881
f 632/780/858 653/801/879 657/805/883
f 658/806/884 654/807/880 659/808/885
f 654/807/880 660/809/886 659/808/885
f 653/801/879 652/800/878 661/810/887
f 661/810/887 657/805/883 653/801/879
f 651/799/877 653/801/879 662/811/888
f 662/811/888 663/812/889 651/799/877
f 655/803/881 651/799/877 663/812/889
f 663/812/889 664/813/890 655/803/881
f 652/800/878 656/804/882 665/814/891
f 665/814/891 661/810/887 652/800/878
f 656/804/882 638/786/864 644/792/870
f 644/792/870 665/814/891 656/804/882
f 639/787/865 655/803/881 664/813/890
f 664/813/890 643/791/869 639/787/865
f 654/802/880 640/788/866 642/790/868
f 642/790/868 660/815/886 654/802/880
f 641/789/867 654/802/880 658/816/884
f 658/816/884 645/793/871 641/789/867
f 631/779/857 662/811/888 632/780/858
f 632/780/858 662/811/888 653/801/879
f 597/817/823 666/818/892 606/745/832
f 606/745/832 598/747/824 597/817/823
f 666/818/892 667/819/893 607/748/833
f 607/748/833 606/745/832 666/818/892
f 667/819/893 668/820/894 608/749/834
f 608/749/834 607/748/833 667/819/893
f 668/820/894 669/821/895 609/750/835
f 609/750/835 608/749/834 668/820/894
f 669/821/895 670/822/896 593/732/819
f 593/732/819 609/750/835 669/821/895
f 593/732/819 670/822/896 605/744/831
f 605/744/831 594/733/820 593/732/819
f 671/823/897 650/824/876 597/736/823
f 597/736/823 596/735/822 671/823/897
f 650/798/876 672/825/898 666/818/892
f 666/818/892 597/817/823 650/798/876
f 672/825/898 673/826/899 667/819/893
f 667/819/893 666/818/892 672/825/898
f 673/826/899 635/783/900 668/820/894
f 668/820/894 667/819/893 673/826/899
f 669/821/895 668/820/894 635/783/900
f 635/783/901 636/784/862 669/821/895
f 670/822/896 669/821/895 636/784/862
f 636/784/862 674/827/902 670/822/896
f 674/827/902 675/828/903 605/744/831
f 605/744/831 670/822/896 674/827/902
f 676/829/904 671/823/897 596/735/822
f 596/735/822 602/741/828 676/829/904
f 675/828/903 676/829/904 602/741/828
f 602/741/828 605/744/831 675/828/903
f 585/724/811 584/723/810 613/756/839
f 613/756/839 612/755/838 585/724/811
f 588/727/814 585/724/811 612/755/838
f 612/755/838 617/760/843 588/727/814
f 618/761/844 677/830/905 678/831/906
f 678/831/906 619/762/845 618/761/844
f 584/723/810 677/830/905 618/761/844
f 618/761/844 613/756/839 584/723/810
f 619/762/845 678/831/906 679/832/907
f 679/832/907 622/765/848 619/762/845
f 587/726/813 589/728/815 680/833/908
f 680/833/908 681/834/909 587/726/813
f 622/765/848 679/832/907 580/835/804
f 580/835/804 572/775/792 622/765/848
f 650/824/876 671/823/897 682/836/910
f 682/836/910 683/837/911 650/824/876
f 683/837/911 682/836/910 659/808/885
f 659/808/885 660/809/886 683/837/911
f 658/806/884 659/808/885 684/838/912
f 684/838/912 685/839/913 658/806/884
f 685/839/913 684/838/912 611/753/837
f 611/753/837 610/752/836 685/839/913
f 662/811/888 631/779/857 686/840/914
f 686/840/914 663/812/889 662/811/888
f 663/812/889 686/840/914 687/841/915
f 687/841/915 664/813/890 663/812/889
f 688/842/916 657/805/883 661/810/887
f 661/810/887 689/843/917 688/842/916
f 689/843/917 661/810/887 665/814/891
f 665/814/891 690/844/918 689/843/917
f 691/845/919 688/842/916 689/843/917
f 689/843/917 692/846/920 691/845/919
f 692/846/920 689/843/917 690/844/918
f 690/844/918 624/768/850 692/846/920
f 615/847/841 614/848/840 691/845/919
f 691/845/919 692/846/920 615/847/841
f 624/768/850 616/767/842 615/847/841
f 615/847/841 692/846/920 624/768/850
f 693/849/921 694/850/922 584/723/810
f 584/723/810 586/725/812 693/849/921
f 681/834/909 693/849/921 586/725/812
f 586/725/812 587/726/813 681/834/909
f 695/851/923 696/852/924 630/778/856
f 630/778/856 629/777/855 695/851/923
f 697/853/925 695/851/923 629/777/855
f 629/777/855 633/781/859 697/853/925
f 634/782/860 632/780/858 657/805/883
f 657/805/883 688/842/916 634/782/860
f 633/781/859 637/785/863 698/854/926
f 698/854/926 697/853/925 633/781/859
f 688/842/916 691/845/919 637/785/863
f 637/785/863 634/782/860 688/842/916
f 621/855/847 620/856/846 698/854/926
f 698/854/926 637/785/863 621/855/847
f 614/848/840 621/855/847 637/785/863
f 637/785/863 691/845/919 614/848/840
f 677/830/905 699/857/927 700/858/928
f 700/858/928 678/831/906 677/830/905
f 694/850/922 699/857/927 677/830/905
f 677/830/905 584/723/810 694/850/922
f 701/859/929 702/860/930 696/852/924
f 696/852/924 695/851/923 701/859/929
f 703/861/931 701/859/929 695/851/923
f 695/851/923 697/853/925 703/861/931
f 704/862/932 703/861/931 697/853/925
f 697/853/925 698/854/926 704/862/932
f 620/856/846 623/863/849 704/862/932
f 704/862/932 698/854/926 620/856/846
f 678/831/906 700/858/928 705/864/933
f 705/864/933 679/832/907 678/831/906
f 588/727/814 617/760/843 583/720/934
f 583/720/808 579/715/803 588/727/814
f 617/760/843 616/759/842 626/865/852
f 626/865/852 583/720/808 617/760/843
f 582/721/807 583/720/808 626/865/852
f 647/795/873 625/769/851 624/768/850
f 624/768/850 690/844/918 647/795/873
f 685/866/913 610/772/836 627/771/853
f 627/771/853 646/794/872 685/866/913
f 644/792/870 647/795/873 690/844/918
f 690/844/918 665/814/891 644/792/870
f 658/816/884 685/866/913 646/794/872
f 646/794/872 645/793/871 658/816/884
f 649/797/875 643/791/869 664/813/890
f 664/813/890 687/841/915 649/797/875
f 683/867/911 660/815/886 642/790/868
f 642/790/868 648/796/874 683/867/911
f 650/798/876 683/867/911 648/796/874
f 649/797/875 687/841/915 672/825/898
f 672/825/898 650/798/876 649/797/875
f 673/826/899 672/825/898 687/841/915
f 687/841/915 686/840/914 673/826/899
f 635/783/935 673/826/899 686/840/914
f 686/840/914 631/779/857 635/783/935
f 674/827/902 636/784/862 630/778/856
f 630/778/856 696/852/924 674/827/902
f 675/828/903 674/827/902 696/852/924
f 696/852/924 702/860/930 675/828/903
f 682/836/910 671/823/897 676/829/904
f 676/829/904 706/868/936 682/836/910
f 706/868/936 676/829/904 675/828/903
f 675/828/903 702/860/930 706/868/936
f 706/868/936 707/869/937 659/808/885
f 659/808/885 682/836/910 706/868/936
f 707/869/937 706/868/936 702/860/930
f 702/860/930 701/859/929 707/869/937
f 684/838/912 659/808/885 707/869/937
f 707/869/937 708/870/938 684/838/912
f 708/870/938 707/869/937 701/859/929
f 701/859/929 703/861/931 708/870/938
f 611/753/837 684/838/912 708/870/938
f 708/870/938 709/871/939 611/753/837
f 709/871/939 708/870/938 703/861/931
f 703/861/931 704/862/932 709/871/939
f 709/871/939 628/872/854 571/754/791
f 571/754/791 611/753/837 709/871/939
f 623/863/849 628/872/854 709/871/939
f 709/871/939 704/862/932 623/863/849
f 679/832/907 705/864/933 710/873/940
f 710/873/940 580/835/804 679/832/907
f 711/874/941 712/875/942 713/876/943
f 714/877/944 712/875/942 711/874/941
f 715/878/945 712/879/942 714/880/944
f 713/881/943 712/879/942 715/878/945
f 714/880/944 716/882/946 715/878/945
f 714/877/944 711/874/941 717/883/947
f 562/695/782 561/694/781 716/884/946
f 716/884/946 718/885/948 562/695/782
f 719/886/949 720/887/950 721/888/951
f 721/888/951 722/889/952 719/886/949
f 720/887/950 723/890/953 724/891/954
f 724/891/954 721/888/951 720/887/950
f 723/890/953 717/883/947 711/874/941
f 711/874/941 724/891/954 723/890/953
f 719/892/949 565/698/785 725/893/955
f 726/894/956 727/895/957 728/896/958
f 729/897/959 730/898/960 731/899/961
f 731/899/961 732/900/962 729/897/959
f 732/900/962 733/901/963 734/902/964
f 734/902/964 729/897/959 732/900/962
f 732/903/962 731/904/961 735/905/965
f 735/905/965 736/906/966 732/903/962
f 736/906/966 737/907/967 733/908/963
f 733/908/963 732/903/962 736/906/966
f 728/896/958 727/895/957 737/907/967
f 737/907/967 736/906/966 728/896/958
f 736/906/966 735/905/965 738/909/968
f 738/909/968 728/896/958 736/906/966
f 739/910/969 729/897/959 734/902/964
f 740/911/970 741/912/971 742/913/972
f 743/914/733 744/915/733 740/916/733
f 740/916/733 742/917/733 743/914/733
f 744/915/733 743/914/733 745/918/973
f 745/918/973 746/919/733 744/915/733
f 747/920/974 748/921/975 749/922/976
f 749/922/976 750/923/977 747/920/974
f 751/924/740 752/925/978 748/921/975
f 748/921/975 747/920/974 751/924/740
f 746/919/733 745/918/973 752/925/978
f 752/925/978 751/924/740 746/919/733
f 745/926/979 743/927/980 753/928/981
f 753/928/981 754/929/982 745/926/979
f 718/885/948 716/884/946 714/930/944
f 714/930/944 755/931/983 718/885/948
f 748/932/984 718/885/948 755/931/983
f 755/931/983 749/933/976 748/932/985
f 755/931/983 714/930/944 717/934/947
f 562/695/782 752/935/986 745/926/987
f 745/926/987 754/929/982 562/695/782
f 718/885/948 748/932/984 752/935/988
f 752/935/988 562/695/782 718/885/948
f 716/882/946 561/936/781 715/878/945
f 753/928/981 743/927/980 742/913/972
f 742/913/972 741/912/971 753/928/981
f 753/928/981 741/912/971 567/700/787
f 567/700/787 563/696/783 753/928/981
f 566/699/786 561/694/781 563/696/783
f 563/696/783 567/700/787 566/699/786
f 563/696/783 754/929/982 753/928/981
f 754/929/982 563/696/783 562/695/782
f 756/937/989 744/938/990 746/939/991
f 746/939/991 569/702/789 756/937/989
f 719/892/949 725/893/955 757/940/992
f 757/940/993 720/941/950 719/892/949
f 757/940/992 725/893/955 747/942/994
f 747/942/995 750/943/977 757/940/996
f 757/940/997 723/944/953 720/941/950
f 723/944/953 757/940/998 755/931/983
f 755/931/983 717/934/947 723/944/953
f 755/931/983 757/940/996 750/943/977
f 750/943/977 749/933/976 755/931/983
f 746/939/991 751/945/999 568/701/788
f 568/701/788 569/702/789 746/939/991
f 725/893/955 568/701/788 751/945/999
f 751/945/999 747/942/994 725/893/955
f 568/701/788 725/893/955 565/698/785
f 722/889/952 565/946/785 719/886/949
f 740/911/970 744/938/990 756/937/989
f 756/937/989 741/912/971 740/911/970
f 567/700/787 741/912/971 756/937/989
f 756/937/989 564/697/784 567/700/787
f 561/936/781 758/947/1000 759/948/1001
f 759/948/1001 715/878/945 561/936/781
f 758/947/1000 565/946/785 760/949/1002
f 760/949/1002 759/948/1001 758/947/1000
f 564/697/784 756/937/989 569/702/789
f 565/698/785 564/697/784 568/701/788
f 760/949/1002 565/946/785 722/889/952
f 565/946/785 758/947/1000 566/950/786
f 758/947/1000 561/936/781 566/950/786
f 761/951/1003 713/881/943 715/878/945
f 715/878/945 762/952/1004 761/951/1003
f 762/952/1004 715/878/945 759/948/1001
f 759/948/1001 763/953/1005 762/952/1004
f 763/953/1005 759/948/1001 760/949/1002
f 760/949/1002 764/954/1006 763/953/1005
f 764/954/1006 760/949/1002 722/889/952
f 722/889/952 765/955/1007 764/954/1006
f 765/955/1007 722/889/952 721/888/951
f 721/888/951 766/956/1008 765/955/1007
f 766/956/1008 721/888/951 724/891/954
f 724/891/954 767/957/1009 766/956/1008
f 767/957/1009 724/891/954 711/874/941
f 711/874/941 768/958/1010 767/957/1009
f 761/959/1003 768/958/1010 711/874/941
f 711/874/941 713/876/943 761/959/1003
f 769/960/1011 761/951/1003 762/952/1004
f 762/952/1004 770/961/1012 769/960/1011
f 770/961/1012 762/952/1004 763/953/1005
f 763/953/1005 771/962/1013 770/961/1012
f 771/962/1013 763/953/1005 764/954/1006
f 764/954/1006 772/963/1014 771/962/1013
f 772/963/1014 764/954/1006 765/955/1007
f 765/955/1007 773/964/1015 772/963/1014
f 773/964/1015 765/955/1007 766/956/1008
f 766/956/1008 774/965/1016 773/964/1015
f 774/965/1016 766/956/1008 767/957/1009
f 767/957/1009 775/966/1017 774/965/1016
f 775/966/1017 767/957/1009 768/958/1010
f 768/958/1010 776/967/1018 775/966/1017
f 777/968/1019 768/958/1010 761/959/1003
f 761/959/1003 769/969/1011 777/968/1019
f 776/967/1018 768/958/1010 777/968/1019
f 733/901/963 769/960/1011 770/961/1012
f 770/961/1012 734/902/964 733/901/963
f 734/902/964 770/961/1012 771/962/1013
f 771/962/1013 739/910/969 734/902/964
f 739/910/969 771/962/1013 772/963/1014
f 772/963/1014 778/970/1020 739/910/969
f 778/970/1020 772/963/1014 773/964/1015
f 773/964/1015 779/971/1021 778/970/1020
f 779/971/1021 773/964/1015 774/965/1016
f 774/965/1016 780/972/1022 779/971/1021
f 780/972/1022 774/965/1016 775/966/1017
f 775/966/1017 726/894/956 780/972/1022
f 726/894/956 775/966/1017 776/967/1018
f 776/967/1018 727/895/957 726/894/956
f 737/907/967 777/968/1019 769/969/1011
f 769/969/1011 733/908/963 737/907/967
f 727/895/957 776/967/1018 777/968/1019
f 777/968/1019 737/907/967 727/895/957
f 781/973/1023 782/974/1024 575/975/797
f 575/975/797 574/976/796 781/973/1023
f 783/977/1025 784/978/1026 785/979/1027
f 785/979/1027 786/980/1028 783/977/1025
f 785/979/1027 787/981/1029 788/982/1030
f 788/982/1030 786/980/1028 785/979/1027
f 789/983/1031 790/984/1032 791/985/1033
f 791/985/1033 792/986/1034 789/983/1031
f 792/986/1034 791/985/1033 784/978/1026
f 784/978/1026 783/977/1025 792/986/1034
f 793/987/1035 794/988/1036 790/984/1032
f 790/984/1032 789/983/1031 793/987/1035
f 795/989/1037 796/990/1038 788/991/1030
f 788/991/1030 797/992/1039 795/989/1037
f 782/974/1024 798/993/1040 797/992/1039
f 797/992/1039 575/975/797 782/974/1024
f 799/994/1041 574/708/796 581/717/805
f 799/994/1041 581/717/805 794/988/1036
f 794/988/1036 793/987/1035 799/994/1041
f 800/995/1042 801/996/1043 802/997/1044
f 802/997/1044 803/998/1045 800/995/1042
f 803/998/1045 802/997/1044 804/999/1046
f 804/999/1046 805/1000/1047 803/998/1045
f 801/996/1043 800/995/1042 806/1001/1048
f 806/1001/1048 807/1002/1049 801/996/1043
f 808/1003/1050 805/1000/1047 804/999/1046
f 809/1004/1051 810/1005/1052 811/1006/1053
f 811/1006/1053 812/1007/1054 809/1004/1051
f 810/1005/1052 809/1004/1051 813/1008/1055
f 813/1008/1055 814/1009/1056 810/1005/1052
f 812/1007/1054 811/1006/1053 815/1010/1057
f 815/1010/1057 816/1011/1058 812/1007/1054
f 795/989/1037 797/992/1039 798/993/1040
f 795/989/1037 798/993/1040 817/1012/1059
f 817/1012/1059 818/1013/1060 795/989/1037
f 818/1013/1060 817/1012/1059 816/1011/1058
f 816/1011/1058 815/1010/1057 818/1013/1060
f 814/1009/1056 813/1008/1055 819/1014/1061
f 819/1014/1061 820/1015/1062 814/1009/1056
f 819/1014/1061 821/1016/1063 820/1015/1062
f 822/1017/1064 823/1018/1065 824/1019/1066
f 825/1020/1067 809/1004/1051 812/1007/1054
f 826/1021/1068 827/1022/1069 822/1017/1064
f 822/1017/1064 824/1019/1066 826/1021/1068
f 811/1006/1053 810/1005/1052 827/1022/1069
f 827/1022/1069 826/1021/1068 811/1006/1053
f 803/998/1045 828/1023/1070 823/1018/1065
f 829/1024/1071 830/1025/1072 825/1020/1067
f 825/1020/1067 830/1025/1072 831/1026/1073
f 832/1027/1074 824/1019/1066 823/1018/1065
f 823/1018/1065 828/1023/1070 832/1027/1074
f 833/1028/1075 823/1018/1065 822/1017/1064
f 822/1017/1064 834/1029/1076 833/1028/1075
f 834/1029/1076 822/1017/1064 827/1022/1069
f 827/1022/1069 835/1030/1077 834/1029/1076
f 836/1031/1078 826/1021/1068 824/1019/1066
f 824/1019/1066 832/1027/1074 836/1031/1078
f 815/1010/1057 811/1006/1053 826/1021/1068
f 826/1021/1068 836/1031/1078 815/1010/1057
f 835/1030/1077 827/1022/1069 810/1005/1052
f 810/1005/1052 814/1009/1056 835/1030/1077
f 813/1008/1055 809/1004/1051 825/1020/1067
f 825/1020/1067 831/1026/1073 813/1008/1055
f 829/1024/1071 825/1020/1067 812/1007/1054
f 812/1007/1054 816/1011/1058 829/1024/1071
f 800/995/1042 803/998/1045 833/1028/1075
f 803/998/1045 823/1018/1065 833/1028/1075
f 739/910/969 837/1032/1079 730/898/960
f 730/898/960 729/897/959 739/910/969
f 778/970/1020 838/1033/1080 837/1032/1079
f 837/1032/1079 739/910/969 778/970/1020
f 779/971/1021 839/1034/1081 838/1033/1080
f 838/1033/1080 778/970/1020 779/971/1021
f 780/972/1022 840/1035/1082 839/1034/1081
f 839/1034/1081 779/971/1021 780/972/1022
f 726/894/956 841/1036/1083 840/1035/1082
f 840/1035/1082 780/972/1022 726/894/956
f 738/909/968 841/1036/1083 726/894/956
f 726/894/956 728/896/958 738/909/968
f 730/898/960 821/1016/1063 842/1037/1084
f 842/1037/1084 731/899/961 730/898/960
f 837/1032/1079 843/1038/1085 821/1016/1063
f 821/1016/1063 730/898/960 837/1032/1079
f 838/1033/1080 844/1039/1086 843/1038/1085
f 843/1038/1085 837/1032/1079 838/1033/1080
f 839/1034/1081 806/1001/1048 844/1039/1086
f 844/1039/1086 838/1033/1080 839/1034/1081
f 806/1001/1048 839/1034/1081 840/1035/1082
f 840/1035/1082 807/1002/1049 806/1001/1087
f 807/1002/1049 840/1035/1082 841/1036/1083
f 841/1036/1083 845/1040/1088 807/1002/1049
f 738/909/968 846/1041/1089 845/1040/1088
f 845/1040/1088 841/1036/1083 738/909/968
f 731/904/961 842/1042/1084 847/1043/1090
f 847/1043/1090 735/905/965 731/904/961
f 735/905/965 847/1043/1090 846/1041/1089
f 846/1041/1089 738/909/968 735/905/965
f 784/978/1026 590/729/816 592/731/818
f 592/731/818 785/979/1027 784/978/1026
f 785/979/1027 592/731/818 848/1044/1091
f 848/1044/1091 787/981/1029 785/979/1027
f 849/1045/1092 850/1046/1093 791/985/1033
f 791/985/1033 790/984/1032 849/1045/1092
f 791/985/1033 850/1046/1093 590/729/816
f 590/729/816 784/978/1026 791/985/1033
f 851/1047/1094 849/1045/1092 790/984/1032
f 790/984/1032 794/988/1036 851/1047/1094
f 848/1044/1091 852/1048/1095 589/728/815
f 589/728/815 579/715/803 848/1044/1091
f 680/833/908 589/728/815 852/1048/1095
f 852/1048/1095 853/1049/1096 680/833/908
f 794/988/1036 581/717/805 580/722/804
f 580/722/804 851/1047/1094 794/988/1036
f 854/1050/1097 842/1037/1084 821/1016/1063
f 821/1016/1063 855/1051/1098 854/1050/1097
f 830/1025/1072 854/1050/1097 855/1051/1098
f 855/1051/1098 831/1026/1073 830/1025/1072
f 856/1052/1099 830/1025/1072 829/1024/1071
f 829/1024/1071 857/1053/1100 856/1052/1099
f 781/973/1023 856/1052/1099 857/1053/1100
f 857/1053/1100 782/974/1024 781/973/1023
f 858/1054/1101 800/995/1042 833/1028/1075
f 833/1028/1075 834/1029/1076 858/1054/1101
f 859/1055/1102 858/1054/1101 834/1029/1076
f 834/1029/1076 835/1030/1077 859/1055/1102
f 832/1027/1074 828/1023/1070 860/1056/1103
f 860/1056/1103 861/1057/1104 832/1027/1074
f 836/1031/1078 832/1027/1074 861/1057/1104
f 861/1057/1104 862/1058/1105 836/1031/1078
f 861/1057/1104 860/1056/1103 863/1059/1106
f 863/1059/1106 864/1060/1107 861/1057/1104
f 862/1058/1105 861/1057/1104 864/1060/1107
f 864/1060/1107 796/990/1038 862/1058/1105
f 863/1059/1106 783/1061/1025 786/1062/1028
f 786/1062/1028 864/1060/1107 863/1059/1106
f 786/1062/1028 788/991/1030 796/990/1038
f 796/990/1038 864/1060/1107 786/1062/1028
f 590/729/816 865/1063/1108 866/1064/1109
f 866/1064/1109 591/730/817 590/729/816
f 853/1049/1096 852/1048/1095 591/730/817
f 591/730/817 866/1064/1109 853/1049/1096
f 592/731/818 591/730/817 852/1048/1095
f 852/1048/1095 848/1044/1091 592/731/818
f 801/996/1043 867/1065/1110 868/1066/1111
f 868/1066/1111 802/997/1044 801/996/1043
f 802/997/1044 868/1066/1111 869/1067/1112
f 869/1067/1112 804/999/1046 802/997/1044
f 828/1023/1070 803/998/1045 805/1000/1047
f 805/1000/1047 860/1056/1103 828/1023/1070
f 804/999/1046 869/1067/1112 870/1068/1113
f 870/1068/1113 808/1003/1050 804/999/1046
f 808/1003/1050 863/1059/1106 860/1056/1103
f 860/1056/1103 805/1000/1047 808/1003/1050
f 870/1068/1113 789/1069/1031 792/1070/1034
f 792/1070/1034 808/1003/1050 870/1068/1113
f 808/1003/1050 792/1070/1034 783/1061/1025
f 783/1061/1025 863/1059/1106 808/1003/1050
f 871/1071/1114 872/1072/1115 850/1046/1093
f 850/1046/1093 849/1045/1092 871/1071/1114
f 850/1046/1093 872/1072/1115 865/1063/1108
f 865/1063/1108 590/729/816 850/1046/1093
f 867/1065/1110 873/1073/1116 874/1074/1117
f 874/1074/1117 868/1066/1111 867/1065/1110
f 868/1066/1111 874/1074/1117 875/1075/1118
f 875/1075/1118 869/1067/1112 868/1066/1111
f 869/1067/1112 875/1075/1118 876/1076/1119
f 876/1076/1119 870/1068/1113 869/1067/1112
f 876/1076/1119 793/1077/1035 789/1069/1031
f 789/1069/1031 870/1068/1113 876/1076/1119
f 877/1078/1120 871/1071/1114 849/1045/1092
f 849/1045/1092 851/1047/1094 877/1078/1120
f 579/715/803 577/713/800 787/981/1029
f 787/981/1029 848/1044/1091 579/715/803
f 797/1079/1039 788/982/1030 787/981/1029
f 787/981/1029 577/713/800 797/1079/1039
f 577/713/800 575/712/797 797/1079/1039
f 796/990/1038 795/989/1037 818/1013/1060
f 818/1013/1060 862/1058/1105 796/990/1038
f 798/993/1040 782/974/1024 857/1053/1100
f 857/1053/1100 817/1012/1059 798/993/1040
f 862/1058/1105 818/1013/1060 815/1010/1057
f 815/1010/1057 836/1031/1078 862/1058/1105
f 817/1012/1059 857/1053/1100 829/1024/1071
f 829/1024/1071 816/1011/1058 817/1012/1059
f 835/1030/1077 814/1009/1056 820/1015/1062
f 820/1015/1062 859/1055/1102 835/1030/1077
f 813/1008/1055 831/1026/1073 855/1051/1098
f 855/1051/1098 819/1014/1061 813/1008/1055
f 821/1016/1063 819/1014/1061 855/1051/1098
f 843/1038/1085 859/1055/1102 820/1015/1062
f 820/1015/1062 821/1016/1063 843/1038/1085
f 859/1055/1102 843/1038/1085 844/1039/1086
f 844/1039/1086 858/1054/1101 859/1055/1102
f 858/1054/1101 844/1039/1086 806/1001/1121
f 806/1001/1121 800/995/1042 858/1054/1101
f 801/996/1043 807/1002/1049 845/1040/1088
f 845/1040/1088 867/1065/1110 801/996/1043
f 867/1065/1110 845/1040/1088 846/1041/1089
f 846/1041/1089 873/1073/1116 867/1065/1110
f 847/1043/1090 842/1042/1084 854/1080/1097
f 854/1080/1097 878/1081/1122 847/1043/1090
f 846/1041/1089 847/1043/1090 878/1081/1122
f 878/1081/1122 873/1073/1116 846/1041/1089
f 830/1082/1072 879/1083/1123 878/1081/1122
f 878/1081/1122 854/1080/1097 830/1082/1072
f 873/1073/1116 878/1081/1122 879/1083/1123
f 879/1083/1123 874/1074/1117 873/1073/1116
f 879/1083/1123 830/1082/1072 856/1084/1099
f 856/1084/1099 880/1085/1124 879/1083/1123
f 874/1074/1117 879/1083/1123 880/1085/1124
f 880/1085/1124 875/1075/1118 874/1074/1117
f 880/1085/1124 856/1084/1099 781/1086/1023
f 781/1086/1023 881/1087/1125 880/1085/1124
f 875/1075/1118 880/1085/1124 881/1087/1125
f 881/1087/1125 876/1076/1119 875/1075/1118
f 574/1088/796 799/1089/1041 881/1087/1125
f 881/1087/1125 781/1086/1023 574/1088/796
f 881/1087/1125 799/1089/1041 793/1077/1035
f 793/1077/1035 876/1076/1119 881/1087/1125
f 710/1090/940 877/1078/1120 851/1047/1094
f 851/1047/1094 580/722/804 710/1090/940
f 882/1091/1126 883/1092/1127 884/1093/1128
f 885/1094/1129 883/1092/1127 882/1091/1126
f 710/873/940 705/864/933 886/1095/1130
f 886/1095/1130 887/1096/1131 710/873/940
f 705/864/933 700/858/928 888/1097/1132
f 888/1097/1132 886/1095/1130 705/864/933
f 700/858/928 699/857/927 889/1098/1133
f 889/1098/1133 888/1097/1132 700/858/928
f 699/857/927 694/850/922 890/1099/1134
f 890/1099/1134 889/1098/1133 699/857/927
f 694/850/922 693/849/921 891/1100/1135
f 891/1100/1135 890/1099/1134 694/850/922
f 693/849/921 681/834/909 892/1101/1136
f 892/1101/1136 891/1100/1135 693/849/921
f 681/834/909 680/833/908 893/1102/1137
f 893/1102/1137 892/1101/1136 681/834/909
f 894/1103/1138 895/1104/1139 896/1105/1140
f 896/1105/1140 897/1106/1141 894/1103/1138
f 895/1104/1139 898/1107/1142 899/1108/1143
f 899/1108/1143 896/1105/1140 895/1104/1139
f 897/1106/1141 900/1109/1144 901/1110/1145
f 901/1110/1145 894/1103/1138 897/1106/1141
f 902/1111/1146 903/1112/1147 904/1113/1148
f 904/1113/1148 905/1114/1149 902/1111/1146
f 906/1115/1150 907/1116/1151 905/1117/1149
f 905/1117/1152 908/1118/1153 906/1115/1150
f 909/1119/1154 906/1115/1150 908/1118/1153
f 908/1118/1153 910/1120/1155 909/1119/1154
f 902/1111/1146 905/1114/1149 907/1121/1151
f 903/1112/1147 911/1122/1156 912/1123/1157
f 912/1123/1157 904/1113/1148 903/1112/1147
f 911/1122/1156 901/1110/1145 900/1109/1144
f 900/1109/1144 912/1123/1157 911/1122/1156
f 899/1108/1143 898/1107/1142 913/1124/1158
f 914/1125/1159 105/119/137 915/1126/1160
f 915/1126/1160 916/1127/1161 914/1125/1162
f 105/119/137 104/118/136 917/1128/1163
f 917/1128/1163 915/1126/1160 105/119/137
f 104/118/136 136/153/183 918/1129/1164
f 918/1129/1164 917/1128/1163 104/118/136
f 136/153/183 129/146/172 919/1130/1165
f 919/1130/1165 918/1129/1164 136/153/183
f 495/604/702 920/1131/1166 127/144/169
f 916/1127/1161 921/1132/1167 914/1125/1168
f 129/146/172 127/144/169 920/1131/1166
f 920/1131/1166 919/1130/1165 129/146/172
f 894/1103/1138 922/1133/1169 923/1134/1170
f 923/1134/1170 895/1104/1139 894/1103/1138
f 924/1135/1171 897/1106/1141 896/1105/1140
f 896/1105/1140 925/1136/1172 924/1135/1171
f 923/1134/1170 926/1137/1173 927/1138/1174
f 928/1139/1175 929/1140/1176 924/1135/1171
f 924/1135/1171 925/1136/1172 928/1139/1175
f 926/1137/1173 923/1134/1170 922/1133/1169
f 928/1139/1175 925/1136/1172 930/1141/1177
f 922/1133/1169 894/1103/1138 901/1110/1145
f 901/1110/1145 931/1142/1178 922/1133/1169
f 898/1107/1142 895/1104/1139 923/1134/1170
f 923/1134/1170 927/1138/1174 898/1107/1142
f 900/1109/1144 897/1106/1141 924/1135/1171
f 924/1135/1171 929/1140/1176 900/1109/1144
f 899/1108/1143 930/1141/1177 925/1136/1172
f 925/1136/1172 896/1105/1140 899/1108/1143
f 931/1142/1178 926/1137/1173 922/1133/1169
f 932/1143/1179 933/1144/1180 934/1145/1181
f 934/1145/1181 935/1146/1182 932/1143/1179
f 934/1145/1181 936/1147/1183 937/1148/1184
f 937/1148/1184 935/1146/1182 934/1145/1181
f 937/1148/1184 936/1147/1183 938/1149/1185
f 938/1149/1185 939/1150/1186 937/1148/1184
f 939/1150/1186 938/1149/1185 940/1151/1187
f 940/1151/1187 902/1111/1146 939/1150/1186
f 940/1151/1187 903/1112/1147 902/1111/1146
f 941/1152/1188 933/1153/1180 932/1154/1179
f 932/1154/1179 905/1114/1189 941/1152/1188
f 905/1114/1149 904/1113/1148 941/1152/1188
f 942/1155/1190 943/1156/1191 944/1157/1192
f 945/1158/1193 942/1155/1190 944/1157/1192
f 945/1158/1193 944/1157/1192 946/1159/1194
f 942/1155/1190 945/1158/1193 947/1160/1195
f 947/1160/1195 948/1161/1196 942/1155/1190
f 948/1161/1196 947/1160/1195 949/1162/1197
f 947/1160/1195 950/1163/1198 935/1164/1182
f 935/1164/1182 949/1162/1197 947/1160/1195
f 950/1165/1199 951/1166/1200 932/1167/1179
f 932/1167/1179 935/1168/1182 950/1165/1199
f 952/1169/1201 948/1161/1196 949/1162/1197
f 949/1162/1197 953/1170/1202 952/1169/1201
f 954/1171/1203 952/1169/1201 953/1170/1202
f 953/1170/1202 907/1116/1151 954/1171/1203
f 906/1115/1150 954/1171/1203 907/1116/1151
f 955/1172/1204 905/1173/1149 932/1167/1179
f 932/1167/1179 951/1166/1200 955/1172/1204
f 955/1172/1204 908/1174/1153 905/1173/1149
f 956/1175/1205 957/1176/1206 958/1177/1207
f 958/1177/1207 959/1178/1208 956/1175/1205
f 960/1179/1209 958/1177/1207 957/1176/1206
f 957/1176/1206 961/1180/1210 960/1179/1209
f 962/1181/1211 943/1156/1191 959/1178/1208
f 944/1157/1192 943/1156/1191 963/1182/1212
f 963/1182/1212 946/1159/1194 944/1157/1192
f 964/1183/1213 965/1184/1214 966/1185/1215
f 967/1186/1216 964/1187/1213 966/1188/1217
f 968/1189/1218 967/1186/1219 966/1188/1220
f 965/1184/1221 968/1190/1218 966/1185/1222
f 969/1191/1223 970/1192/1224 965/1184/1221
f 965/1184/1221 964/1183/1225 969/1191/1223
f 971/1193/1226 972/1194/1227 964/1187/1228
f 964/1187/1213 967/1186/1229 971/1193/1226
f 973/1195/1230 971/1193/1226 967/1186/1231
f 967/1186/1219 968/1189/1218 973/1195/1230
f 974/1196/1232 975/1197/1233 968/1190/1218
f 968/1190/1218 965/1184/1221 974/1196/1232
f 970/1192/1224 974/1196/1232 965/1184/1221
f 972/1194/1227 969/1198/1223 964/1187/1213
f 975/1199/1233 973/1195/1230 968/1189/1218
f 976/1200/1234 977/1201/1235 970/1192/1224
f 970/1192/1224 969/1191/1223 976/1200/1234
f 978/1202/1236 979/1203/1237 972/1194/1227
f 972/1194/1227 971/1193/1226 978/1202/1236
f 980/1204/1238 978/1202/1236 971/1193/1226
f 971/1193/1226 973/1195/1230 980/1204/1238
f 981/1205/1239 975/1197/1233 974/1196/1232
f 977/1201/1235 981/1205/1239 974/1196/1232
f 974/1196/1232 970/1192/1224 977/1201/1235
f 979/1203/1237 976/1206/1234 969/1198/1223
f 969/1198/1223 972/1194/1227 979/1203/1237
f 981/1207/1239 980/1204/1238 973/1195/1230
f 973/1195/1230 975/1199/1233 981/1207/1239
f 946/1159/1194 963/1182/1212 978/1202/1236
f 978/1202/1236 980/1204/1238 946/1159/1194
f 963/1182/1212 982/1208/1240 979/1203/1237
f 979/1203/1237 978/1202/1236 963/1182/1212
f 976/1206/1234 979/1203/1237 982/1208/1240
f 981/1207/1239 946/1159/1194 980/1204/1238
f 943/1156/1191 962/1181/1211 976/1206/1234
f 976/1206/1234 982/1208/1240 943/1156/1191
f 976/1206/1234 962/1181/1211 983/1209/1241
f 945/1158/1193 946/1159/1194 984/1210/1242
f 946/1159/1194 981/1207/1239 984/1210/1243
f 983/1211/1241 984/1212/1244 981/1205/1239
f 981/1205/1239 977/1201/1235 983/1211/1241
f 982/1208/1240 963/1182/1212 943/1156/1191
f 977/1201/1235 976/1200/1234 983/1211/1241
f 984/1212/1243 983/1211/1245 985/1213/1246
f 985/1213/1247 950/1165/1248 984/1212/1244
f 983/1209/1241 962/1181/1211 959/1178/1249
f 959/1178/1208 985/1214/1250 983/1209/1241
f 945/1158/1193 984/1210/1242 950/1163/1198
f 950/1163/1198 947/1160/1195 945/1158/1193
f 956/1175/1205 959/1178/1208 943/1156/1191
f 943/1156/1191 942/1155/1190 956/1175/1205
f 948/1161/1196 956/1175/1205 942/1155/1190
f 910/1120/1155 986/1215/1251 987/1216/1252
f 987/1216/1252 909/1119/1154 910/1120/1155
f 988/1217/1253 989/1218/1254 990/1219/1255
f 990/1219/1255 991/1220/1256 988/1217/1253
f 992/1221/1257 993/1222/1258 994/1223/1259
f 994/1223/1259 995/1224/1260 992/1221/1257
f 992/1221/1257 990/1219/1261 996/1225/1262
f 996/1225/1262 997/1226/1263 992/1221/1257
f 993/1227/1264 989/1228/1265 988/1229/1266
f 988/1229/1266 994/1230/1267 993/1227/1268
f 994/1223/1269 998/1231/1270 999/1232/1271
f 999/1232/1271 995/1224/1272 994/1223/1273
f 1000/1233/1274 958/1177/1207 960/1179/1209
f 960/1179/1209 1001/1234/1275 1000/1233/1274
f 961/1180/1210 999/1232/1276 1002/1235/1277
f 1002/1235/1277 1003/1236/1278 961/1180/1210
f 1001/1237/1279 998/1238/1280 994/1230/1281
f 994/1230/1282 1000/1239/1283 1001/1237/1284
f 1004/1240/1285 1005/1241/1286 1006/1242/1287
f 1006/1242/1287 986/1215/1251 1004/1240/1285
f 1007/1243/1288 1008/1244/1289 1009/1245/1290
f 1009/1245/1291 1010/1246/1292 1007/1243/1293
f 1011/1247/1294 1007/1243/1295 1010/1246/1296
f 1010/1246/1297 987/1216/1252 1011/1247/1294
f 1009/1248/1298 1008/1249/1299 1005/1250/1300
f 1005/1250/1301 1004/1251/1302 1009/1248/1303
f 1011/1247/1294 987/1216/1252 986/1215/1251
f 986/1215/1251 1006/1242/1287 1011/1247/1294
f 1009/1245/1304 1012/1252/1305 1013/1253/1306
f 1013/1253/1306 1010/1246/1297 1009/1245/1304
f 1014/1254/1307 1015/1255/1308 988/1217/1309
f 988/1217/1309 991/1220/1310 1014/1254/1307
f 1010/1246/1297 1013/1253/1306 1014/1254/1311
f 1014/1254/1311 991/1220/1312 1010/1246/1297
f 1015/1256/1313 1012/1257/1314 1009/1248/1304
f 1009/1248/1304 988/1229/1315 1015/1256/1313
f 1016/1258/1316 1017/1259/1317 1018/1260/1318
f 1019/1261/1319 1020/1262/1320 1018/1260/1321
f 1017/1259/1317 1019/1261/1319 1018/1260/1321
f 1021/1263/1322 1016/1264/1316 1018/1265/1321
f 1022/1266/1323 1021/1263/1322 1018/1265/1321
f 1020/1262/1320 1022/1267/1323 1018/1260/1324
f 1023/1268/1325 1024/1269/1326 1017/1259/1317
f 1017/1259/1317 1016/1258/1316 1023/1268/1325
f 1025/1270/1327 1026/1271/1328 1022/1266/1323
f 1027/1272/1329 1028/1273/1330 1020/1262/1320
f 1020/1262/1320 1019/1261/1319 1027/1272/1329
f 1024/1269/1326 1027/1272/1329 1019/1261/1319
f 1019/1261/1319 1017/1259/1317 1024/1269/1326
f 1029/1274/1331 1030/1275/1332 1016/1264/1316
f 1016/1264/1316 1021/1263/1322 1029/1274/1331
f 1026/1271/1328 1029/1274/1331 1021/1263/1322
f 1021/1263/1322 1022/1266/1323 1026/1271/1328
f 1028/1273/1330 1025/1276/1327 1022/1267/1323
f 1022/1267/1323 1020/1262/1320 1028/1273/1330
f 1030/1277/1332 1023/1268/1325 1016/1258/1316
f 1031/1278/1333 1032/1279/1334 1024/1269/1326
f 1024/1269/1326 1023/1268/1325 1031/1278/1333
f 1033/1280/1335 1034/1281/1336 1026/1271/1328
f 1026/1271/1328 1025/1270/1327 1033/1280/1337
f 1035/1282/1338 1036/1283/1339 1028/1273/1330
f 1028/1273/1330 1027/1272/1329 1035/1282/1338
f 1032/1279/1334 1035/1282/1338 1027/1272/1329
f 1027/1272/1329 1024/1269/1326 1032/1279/1334
f 1037/1284/1340 1038/1285/1341 1030/1275/1332
f 1030/1275/1332 1029/1274/1331 1037/1284/1342
f 1034/1281/1343 1037/1284/1344 1029/1274/1331
f 1029/1274/1331 1026/1271/1328 1034/1281/1336
f 1036/1283/1339 1033/1286/1345 1025/1276/1327
f 1025/1276/1327 1028/1273/1330 1036/1283/1339
f 1038/1287/1341 1031/1278/1333 1023/1268/1325
f 1023/1268/1325 1030/1277/1332 1038/1287/1341
f 997/1226/1263 996/1225/1262 1035/1282/1338
f 1035/1282/1338 1032/1279/1334 997/1226/1263
f 1039/1288/1346 997/1226/1263 1032/1279/1334
f 1032/1279/1334 1031/1278/1333 1039/1288/1346
f 996/1225/1262 1040/1289/1347 1036/1283/1339
f 1036/1283/1339 1035/1282/1338 996/1225/1262
f 1033/1286/1345 1036/1283/1339 1040/1289/1347
f 1038/1287/1341 1039/1288/1346 1031/1278/1333
f 989/1218/1348 1033/1286/1345 1040/1289/1347
f 1040/1289/1349 990/1219/1255 989/1218/1254
f 993/1222/1350 992/1221/1257 1039/1288/1346
f 1039/1288/1346 1038/1287/1341 993/1222/1351
f 995/1224/1260 991/1220/1352 990/1219/1261
f 990/1219/1261 992/1221/1257 995/1224/1260
f 989/1228/1353 993/1227/1354 1037/1284/1355
f 1037/1284/1356 1034/1281/1357 989/1228/1358
f 992/1221/1257 997/1226/1263 1039/1288/1346
f 1038/1285/1341 1037/1284/1359 993/1227/1351
f 990/1219/1360 1040/1289/1347 996/1225/1262
f 1034/1281/1361 1033/1280/1362 989/1228/1363
f 1041/1290/1364 1042/1291/1365 1043/1292/1366
f 1044/1293/1367 1045/1294/1368 1043/1292/1369
f 1042/1291/1365 1044/1293/1367 1043/1292/1369
f 1046/1295/1370 1041/1296/1364 1043/1297/1371
f 1047/1298/1372 1046/1295/1370 1043/1297/1371
f 1045/1294/1368 1047/1299/1372 1043/1292/1373
f 1048/1300/1374 1049/1301/1375 1042/1291/1365
f 1042/1291/1365 1041/1290/1364 1048/1300/1374
f 1050/1302/1376 1051/1303/1377 1047/1298/1372
f 1052/1304/1378 1053/1305/1379 1045/1294/1368
f 1045/1294/1368 1044/1293/1367 1052/1304/1378
f 1049/1301/1375 1052/1304/1378 1044/1293/1367
f 1044/1293/1367 1042/1291/1365 1049/1301/1375
f 1054/1306/1380 1055/1307/1381 1041/1296/1364
f 1041/1296/1364 1046/1295/1370 1054/1306/1380
f 1051/1303/1377 1054/1306/1380 1046/1295/1370
f 1046/1295/1370 1047/1298/1372 1051/1303/1377
f 1053/1305/1379 1050/1308/1376 1047/1299/1372
f 1047/1299/1372 1045/1294/1368 1053/1305/1379
f 1055/1309/1381 1048/1300/1374 1041/1290/1364
f 1056/1310/1382 1057/1311/1383 1049/1301/1375
f 1049/1301/1375 1048/1300/1374 1056/1310/1382
f 1058/1312/1384 1059/1313/1385 1051/1303/1377
f 1051/1303/1377 1050/1302/1376 1058/1312/1384
f 1060/1314/1386 1061/1315/1387 1053/1305/1379
f 1053/1305/1379 1052/1304/1378 1060/1314/1386
f 1057/1311/1383 1060/1314/1386 1052/1304/1378
f 1052/1304/1378 1049/1301/1375 1057/1311/1383
f 1062/1316/1388 1063/1317/1389 1055/1307/1381
f 1055/1307/1381 1054/1306/1380 1062/1316/1388
f 1059/1313/1385 1062/1316/1388 1054/1306/1380
f 1054/1306/1380 1051/1303/1377 1059/1313/1385
f 1061/1315/1387 1058/1318/1384 1050/1308/1376
f 1050/1308/1376 1053/1305/1379 1061/1315/1387
f 1063/1319/1389 1056/1310/1382 1048/1300/1374
f 1048/1300/1374 1055/1309/1381 1063/1319/1389
f 1003/1236/1278 1002/1235/1277 1060/1314/1386
f 1060/1314/1386 1057/1311/1383 1003/1236/1278
f 1064/1320/1390 1003/1236/1278 1057/1311/1383
f 1057/1311/1383 1056/1310/1382 1064/1320/1390
f 1002/1235/1277 1065/1321/1391 1061/1315/1387
f 1061/1315/1387 1060/1314/1386 1002/1235/1277
f 1058/1318/1384 1061/1315/1387 1065/1321/1391
f 1063/1319/1389 1064/1320/1390 1056/1310/1382
f 998/1231/1392 1058/1318/1384 1065/1321/1391
f 1065/1321/1391 999/1232/1271 998/1231/1270
f 1001/1234/1275 960/1179/1209 1064/1320/1390
f 1064/1320/1390 1063/1319/1389 1001/1234/1284
f 999/1232/1276 961/1180/1210 957/1176/1206
f 957/1176/1206 995/1224/1260 999/1232/1276
f 998/1238/1393 1001/1237/1279 1062/1316/1388
f 1062/1316/1388 1059/1313/1385 998/1238/1394
f 960/1179/1209 961/1180/1210 1003/1236/1278
f 1003/1236/1278 1064/1320/1390 960/1179/1209
f 1063/1317/1389 1062/1316/1388 1001/1237/1284
f 999/1232/1395 1065/1321/1391 1002/1235/1277
f 1059/1313/1385 1058/1312/1384 998/1238/1394
f 1066/1322/1396 1067/1323/1397 1068/1324/1398
f 1069/1325/1399 1070/1326/1400 1068/1324/1401
f 1067/1323/1397 1069/1325/1399 1068/1324/1401
f 1071/1327/1402 1066/1328/1396 1068/1329/1403
f 1072/1330/1404 1071/1327/1402 1068/1329/1403
f 1070/1326/1400 1072/1331/1405 1068/1324/1406
f 1073/1332/1407 1074/1333/1408 1067/1323/1397
f 1067/1323/1397 1066/1322/1396 1073/1332/1407
f 1075/1334/1409 1076/1335/1410 1072/1330/1405
f 1077/1336/1411 1078/1337/1412 1070/1326/1400
f 1070/1326/1400 1069/1325/1399 1077/1336/1411
f 1074/1333/1408 1077/1336/1411 1069/1325/1399
f 1069/1325/1399 1067/1323/1397 1074/1333/1408
f 1079/1338/1413 1080/1339/1414 1066/1328/1396
f 1066/1328/1396 1071/1327/1402 1079/1338/1413
f 1076/1335/1415 1079/1338/1413 1071/1327/1402
f 1071/1327/1402 1072/1330/1404 1076/1335/1415
f 1078/1337/1412 1075/1340/1409 1072/1331/1405
f 1072/1331/1405 1070/1326/1400 1078/1337/1412
f 1080/1341/1414 1073/1332/1407 1066/1322/1396
f 1081/1342/1416 1082/1343/1417 1074/1333/1408
f 1074/1333/1408 1073/1332/1407 1081/1342/1416
f 1083/1344/1418 1084/1345/1419 1076/1335/1420
f 1076/1335/1410 1075/1334/1409 1083/1344/1418
f 1085/1346/1421 1086/1347/1422 1078/1337/1412
f 1078/1337/1412 1077/1336/1411 1085/1346/1421
f 1082/1343/1417 1085/1346/1421 1077/1336/1411
f 1077/1336/1411 1074/1333/1408 1082/1343/1417
f 1087/1348/1423 1088/1349/1424 1080/1339/1414
f 1080/1339/1414 1079/1338/1413 1087/1348/1423
f 1084/1345/1425 1087/1348/1423 1079/1338/1413
f 1079/1338/1413 1076/1335/1410 1084/1345/1425
f 1086/1347/1422 1083/1350/1418 1075/1340/1409
f 1075/1340/1409 1078/1337/1412 1086/1347/1422
f 1088/1351/1424 1081/1342/1416 1073/1332/1407
f 1073/1332/1407 1080/1341/1414 1088/1351/1424
f 1089/1352/1426 1090/1353/1427 1085/1346/1421
f 1085/1346/1421 1082/1343/1417 1089/1352/1426
f 1091/1354/1428 1089/1352/1426 1082/1343/1417
f 1082/1343/1417 1081/1342/1416 1091/1354/1428
f 1090/1353/1427 1092/1355/1429 1086/1347/1422
f 1086/1347/1422 1085/1346/1421 1090/1353/1427
f 1083/1350/1418 1086/1347/1422 1092/1355/1429
f 1088/1351/1424 1091/1354/1428 1081/1342/1416
f 1006/1242/1287 1005/1241/1286 1083/1350/1418
f 1083/1350/1418 1092/1355/1429 1006/1242/1287
f 1008/1244/1430 1007/1243/1431 1091/1354/1432
f 1091/1354/1428 1088/1351/1424 1008/1244/1433
f 1090/1353/1427 1089/1352/1426 1007/1243/1295
f 1007/1243/1295 1011/1247/1294 1090/1353/1427
f 1008/1249/1434 1087/1348/1423 1084/1345/1425
f 1084/1345/1419 1005/1250/1435 1008/1249/1436
f 1007/1243/1288 1089/1352/1426 1091/1354/1428
f 1088/1349/1424 1087/1348/1423 1008/1249/1437
f 1011/1247/1294 1006/1242/1287 1092/1355/1429
f 1092/1355/1429 1090/1353/1427 1011/1247/1294
f 1084/1345/1419 1083/1344/1418 1005/1250/1300
f 1093/1356/1438 1004/1251/1285 910/1357/1155
f 1004/1240/1285 986/1215/1251 910/1120/1155
f 995/1224/1260 957/1176/1206 956/1175/1205
f 994/1230/1439 985/1213/1440 1000/1239/1441
f 994/1230/1439 988/1229/1266 1094/1358/1442
f 1094/1358/1442 985/1213/1440 994/1230/1443
f 958/1177/1207 1000/1233/1274 985/1214/1444
f 985/1214/1445 959/1178/1446 958/1177/1207
f 995/1224/1260 956/1175/1205 1095/1359/1447
f 1095/1359/1447 991/1220/1352 995/1224/1260
f 1010/1246/1297 1096/1360/1448 987/1216/1252
f 1095/1359/1447 1096/1360/1448 1010/1246/1297
f 1010/1246/1297 991/1220/1449 1095/1359/1447
f 909/1119/1154 987/1216/1252 1096/1360/1448
f 1009/1248/1450 1093/1356/1438 1094/1358/1442
f 1094/1358/1442 988/1229/1315 1009/1248/1304
f 1093/1356/1438 1009/1248/1450 1004/1251/1285
f 985/1213/1440 1094/1358/1442 951/1166/1200
f 951/1166/1200 950/1165/1199 985/1213/1246
f 1095/1359/1447 956/1175/1205 948/1161/1196
f 948/1161/1196 952/1169/1201 1095/1359/1447
f 1096/1360/1448 1095/1359/1447 952/1169/1201
f 952/1169/1201 954/1171/1203 1096/1360/1448
f 909/1119/1154 1096/1360/1448 954/1171/1203
f 954/1171/1203 906/1115/1150 909/1119/1154
f 951/1166/1200 1094/1358/1442 1093/1356/1438
f 1093/1356/1438 955/1172/1204 951/1166/1200
f 1093/1356/1438 910/1357/1155 908/1174/1153
f 908/1174/1153 955/1172/1204 1093/1356/1438
f 1097/1361/1451 1098/1362/1452 1099/1363/1453
f 1100/1364/1454 1101/1365/1455 1099/1363/1456
f 1098/1362/1452 1100/1364/1454 1099/1363/1456
f 1102/1366/1457 1097/1367/1451 1099/1368/1456
f 1103/1369/1458 1102/1366/1457 1099/1368/1456
f 1101/1365/1455 1103/1370/1458 1099/1363/1459
f 1104/1371/1460 1105/1372/1461 1098/1362/1452
f 1098/1362/1452 1097/1361/1451 1104/1371/1460
f 1106/1373/1462 1107/1374/1463 1103/1369/1458
f 1108/1375/1464 1109/1376/1465 1101/1365/1455
f 1101/1365/1455 1100/1364/1454 1108/1375/1464
f 1105/1372/1461 1108/1375/1464 1100/1364/1454
f 1100/1364/1454 1098/1362/1452 1105/1372/1461
f 1110/1377/1466 1111/1378/1467 1097/1367/1451
f 1097/1367/1451 1102/1366/1457 1110/1377/1466
f 1107/1374/1463 1110/1377/1466 1102/1366/1457
f 1102/1366/1457 1103/1369/1458 1107/1374/1463
f 1109/1376/1465 1106/1379/1462 1103/1370/1458
f 1103/1370/1458 1101/1365/1455 1109/1376/1465
f 1111/1380/1467 1104/1371/1460 1097/1361/1451
f 1112/1381/1468 1113/1382/1469 1105/1372/1461
f 1105/1372/1461 1104/1371/1460 1112/1381/1468
f 1114/1383/1470 1115/1384/1471 1107/1374/1463
f 1107/1374/1463 1106/1373/1462 1114/1383/1470
f 1116/1385/1472 1117/1386/1473 1109/1376/1465
f 1109/1376/1465 1108/1375/1464 1116/1385/1472
f 1113/1382/1469 1116/1385/1472 1108/1375/1464
f 1108/1375/1464 1105/1372/1461 1113/1382/1469
f 1118/1387/1474 1119/1388/1475 1111/1378/1467
f 1111/1378/1467 1110/1377/1466 1118/1387/1476
f 1115/1384/1477 1118/1387/1476 1110/1377/1466
f 1110/1377/1466 1107/1374/1463 1115/1384/1477
f 1117/1386/1473 1114/1389/1470 1106/1379/1462
f 1106/1379/1462 1109/1376/1465 1117/1386/1473
f 1119/1390/1475 1112/1381/1468 1104/1371/1460
f 1104/1371/1460 1111/1380/1467 1119/1390/1475
f 1120/1391/1478 1121/1392/1479 1116/1385/1472
f 1116/1385/1472 1113/1382/1469 1120/1391/1478
f 1122/1393/1480 1120/1391/1478 1113/1382/1469
f 1113/1382/1469 1112/1381/1468 1122/1393/1480
f 1121/1392/1479 1123/1394/1481 1117/1386/1473
f 1117/1386/1473 1116/1385/1472 1121/1392/1479
f 1114/1389/1470 1117/1386/1473 1123/1394/1481
f 1119/1390/1475 1122/1393/1480 1112/1381/1468
f 1012/1252/1314 1114/1389/1470 1123/1394/1481
f 1123/1394/1481 1013/1253/1306 1012/1252/1305
f 1014/1254/1482 1122/1393/1483 1119/1390/1484
f 1119/1390/1484 1015/1255/1308 1014/1254/1307
f 1013/1253/1306 1121/1392/1479 1120/1391/1478
f 1120/1391/1478 1014/1254/1311 1013/1253/1306
f 1012/1257/1314 1015/1256/1313 1118/1387/1485
f 1118/1387/1486 1115/1384/1471 1012/1257/1487
f 1014/1254/1307 1120/1391/1478 1122/1393/1480
f 1119/1388/1488 1118/1387/1489 1015/1256/1490
f 1013/1253/1306 1123/1394/1481 1121/1392/1479
f 1115/1384/1491 1114/1383/1470 1012/1257/1314
f 937/1148/1184 949/1395/1197 935/1146/1182
f 949/1395/1197 937/1148/1184 939/1150/1186
f 939/1150/1186 953/1396/1202 949/1395/1197
f 953/1396/1202 939/1150/1186 902/1111/1146
f 902/1111/1146 907/1121/1151 953/1396/1202
f 1124/1397/1492 1125/1398/1493 934/1145/1181
f 934/1145/1181 933/1144/1180 1124/1397/1492
f 1125/1398/1493 1126/1399/1494 936/1147/1183
f 936/1147/1183 934/1145/1181 1125/1398/1493
f 1126/1399/1494 1127/1400/1495 938/1149/1185
f 938/1149/1185 936/1147/1183 1126/1399/1494
f 1127/1400/1495 1128/1401/1496 940/1151/1187
f 940/1151/1187 938/1149/1185 1127/1400/1495
f 1128/1401/1496 911/1122/1156 903/1112/1147
f 903/1112/1147 940/1151/1187 1128/1401/1496
f 933/1153/1180 941/1152/1188 1129/1402/1497
f 1129/1402/1497 1124/1403/1492 933/1153/1180
f 912/1123/1157 1129/1402/1497 941/1152/1188
f 941/1152/1188 904/1113/1148 912/1123/1157
f 1130/1404/1498 1131/1405/1499 1125/1398/1493
f 1125/1398/1493 1124/1397/1492 1130/1404/1498
f 1132/1406/1500 1133/1407/1501 1131/1405/1499
f 1131/1405/1499 1130/1404/1498 1132/1406/1500
f 1131/1405/1499 1134/1408/1502 1126/1399/1494
f 1126/1399/1494 1125/1398/1493 1131/1405/1499
f 1133/1407/1503 921/1132/1504 1134/1408/1505
f 1134/1408/1506 1131/1405/1507 1133/1407/1508
f 1134/1408/1505 1135/1409/1509 1127/1400/1495
f 1127/1400/1495 1126/1399/1494 1134/1408/1510
f 921/1132/1511 1136/1410/1512 1135/1409/1509
f 1135/1409/1509 1134/1408/1505 921/1132/1504
f 931/1142/1178 1135/1409/1509 926/1137/1173
f 931/1142/1178 1127/1400/1495 1135/1409/1509
f 931/1142/1178 1128/1401/1496 1127/1400/1495
f 926/1137/1173 1135/1409/1509 1136/1410/1512
f 1136/1410/1512 927/1138/1174 926/1137/1173
f 1136/1410/1513 1137/1411/1514 927/1138/1174
f 931/1142/1178 901/1110/1145 911/1122/1156
f 911/1122/1156 1128/1401/1496 931/1142/1178
f 898/1107/1142 927/1138/1174 1137/1411/1514
f 1137/1411/1514 913/1124/1158 898/1107/1142
f 1124/1403/1492 928/1139/1175 1130/1412/1498
f 1124/1403/1492 929/1140/1176 928/1139/1175
f 1124/1403/1492 1129/1402/1497 929/1140/1176
f 930/1141/1177 1138/1413/1515 1132/1414/1516
f 1132/1414/1500 1130/1412/1498 928/1139/1175
f 928/1139/1175 930/1141/1177 1132/1414/1500
f 900/1109/1144 929/1140/1176 1129/1402/1497
f 1129/1402/1497 912/1123/1157 900/1109/1144
f 1138/1413/1515 930/1141/1177 899/1108/1143
f 899/1108/1143 913/1124/1158 1138/1413/1515
f 1139/1415/1517 1140/1416/1518 1141/1417/1519
f 1141/1417/1519 1142/1418/1520 1139/1415/1517
f 1140/1416/1518 1143/1419/1521 1144/1420/1522
f 1144/1420/1522 1141/1417/1519 1140/1416/1518
f 1143/1419/1521 1145/1421/1523 1146/1422/1524
f 1146/1422/1524 1144/1420/1522 1143/1419/1521
f 1145/1421/1523 1147/1423/1525 1148/1424/1526
f 1148/1424/1526 1146/1422/1524 1145/1421/1523
f 1147/1423/1525 1149/1425/1527 1150/1426/1528
f 1150/1426/1528 1148/1424/1526 1147/1423/1525
f 1149/1425/1527 1151/1427/1529 1152/1428/1530
f 1152/1428/1530 1150/1426/1528 1149/1425/1527
f 1151/1427/1529 1153/1429/1531 1154/1430/1532
f 1154/1430/1532 1152/1428/1530 1151/1427/1529
f 1155/1431/1533 1156/1432/1534 1140/1416/1518
f 1140/1416/1518 1139/1415/1517 1155/1431/1533
f 1156/1432/1534 1157/1433/1535 1143/1419/1521
f 1143/1419/1521 1140/1416/1518 1156/1432/1534
f 1157/1433/1535 1158/1434/1536 1145/1421/1523
f 1145/1421/1523 1143/1419/1521 1157/1433/1535
f 1158/1434/1536 1159/1435/1537 1147/1423/1525
f 1147/1423/1525 1145/1421/1523 1158/1434/1536
f 1159/1435/1537 1160/1436/1538 1149/1425/1527
f 1149/1425/1527 1147/1423/1525 1159/1435/1537
f 1160/1436/1538 1161/1437/1539 1151/1427/1529
f 1151/1427/1529 1149/1425/1527 1160/1436/1538
f 1161/1437/1539 1162/1438/1540 1153/1429/1531
f 1153/1429/1531 1151/1427/1529 1161/1437/1539
f 1163/1439/1541 1164/1440/1542 1156/1432/1534
f 1156/1432/1534 1155/1431/1533 1163/1439/1541
f 1164/1440/1542 1165/1441/1543 1157/1433/1535
f 1157/1433/1535 1156/1432/1534 1164/1440/1542
f 1165/1441/1543 1166/1442/1544 1158/1434/1536
f 1158/1434/1536 1157/1433/1535 1165/1441/1543
f 1166/1442/1544 1167/1443/1545 1159/1435/1537
f 1159/1435/1537 1158/1434/1536 1166/1442/1544
f 1167/1443/1545 1168/1444/1546 1160/1436/1538
f 1160/1436/1538 1159/1435/1537 1167/1443/1545
f 1168/1444/1546 1169/1445/1547 1161/1437/1539
f 1161/1437/1539 1160/1436/1538 1168/1444/1546
f 1169/1445/1547 1170/1446/1548 1162/1438/1540
f 1162/1438/1540 1161/1437/1539 1169/1445/1547
f 887/1096/1131 886/1095/1130 1164/1440/1542
f 1164/1440/1542 1163/1439/1541 887/1096/1131
f 886/1095/1130 888/1097/1132 1165/1441/1543
f 1165/1441/1543 1164/1440/1542 886/1095/1130
f 888/1097/1132 889/1098/1133 1166/1442/1544
f 1166/1442/1544 1165/1441/1543 888/1097/1132
f 889/1098/1133 890/1099/1134 1167/1443/1545
f 1167/1443/1545 1166/1442/1544 889/1098/1133
f 890/1099/1134 891/1100/1135 1168/1444/1546
f 1168/1444/1546 1167/1443/1545 890/1099/1134
f 891/1100/1135 892/1101/1136 1169/1445/1547
f 1169/1445/1547 1168/1444/1546 891/1100/1135
f 892/1101/1136 893/1102/1137 1170/1446/1548
f 1170/1446/1548 1169/1445/1547 892/1101/1136
f 1171/1447/1549 1172/1448/1550 1173/1449/1551
f 1173/1449/1551 1174/1450/1552 1171/1447/1549
f 23/23/23 25/25/25 1175/1451/1553
f 1175/1451/1553 13/13/13 23/23/23
f 25/25/25 26/26/26 1176/1452/1554
f 1176/1452/1554 1175/1451/1553 25/25/25
f 913/1124/1555 1177/1453/1556 1178/1454/1557
f 1178/1454/1558 1138/1413/1515 913/1124/1158
f 26/26/26 1178/1454/1559 1177/1453/1560
f 1177/1453/1561 1176/1452/1554 26/26/26
f 134/151/180 131/148/174 39/1455/44
f 39/1455/44 41/605/48 134/151/180
f 22/22/22 29/29/701 28/28/1562
f 28/28/1562 24/24/24 22/22/22
f 131/148/174 130/147/173 40/1456/45
f 40/1456/45 39/1455/44 131/148/174
f 26/26/26 24/24/24 28/28/1562
f 1133/1407/1563 1132/1406/1564 1179/1457/1565
f 1179/1457/1565 1180/1458/1566 1133/1407/1563
f 1178/1454/1567 1179/1459/1565 1132/1414/1564
f 1132/1414/1564 1138/1413/1515 1178/1454/1567
f 130/147/173 1180/1458/1568 1179/1457/1569
f 1179/1457/1569 40/1456/45 130/147/173
f 40/44/45 1179/1459/1569 1178/1454/1570
f 1178/1454/1571 26/26/26 40/44/45
f 921/1132/1504 1133/1407/1563 1180/1458/1566
f 1180/1458/1572 914/1125/1573 921/1132/1504
f 1180/1458/1568 130/147/173 105/119/137
f 105/119/137 914/1125/1159 1180/1458/1574
f 916/1127/1161 1181/1460/1575 1136/1410/1576
f 1136/1410/1576 921/1132/1167 916/1127/1161
f 916/1127/1161 915/1126/1160 1182/1461/1577
f 1182/1461/1577 1181/1460/1575 916/1127/1161
f 915/1126/1160 917/1128/1163 1183/1462/1578
f 1183/1462/1578 1182/1461/1577 915/1126/1160
f 917/1128/1163 918/1129/1164 1184/1463/1579
f 1184/1463/1579 1183/1462/1578 917/1128/1163
f 918/1129/1164 919/1130/1165 1185/1464/1580
f 1185/1464/1580 1184/1463/1579 918/1129/1164
f 920/1131/1166 1186/1465/1581 1185/1464/1580
f 1185/1464/1580 919/1130/1165 920/1131/1166
f 1173/1449/1551 1187/1466/1582 1188/1467/1583
f 1188/1467/1583 1189/1468/1584 1173/1449/1551
f 1189/1468/1584 1188/1467/1583 1190/1469/1585
f 1190/1469/1585 1191/1470/1586 1189/1468/1584
f 1192/1471/1587 1193/1472/1588 1194/1473/1589
f 1194/1473/1589 1195/1474/1590 1192/1471/1587
f 1/1/1 3/3/3 107/121/139
f 1/1/1 1196/1475/1591 2/2/2
f 1/1/1 1197/1476/1592 1196/1475/1591
f 3/3/3 1198/1477/1593 1199/1478/1594
f 1199/1478/1594 107/121/139 3/3/3
f 1198/1477/1593 1200/1479/1595 1201/1480/1596
f 1201/1480/1596 1199/1478/1594 1198/1477/1593
f 1200/1479/1595 1202/1481/1597 1192/1471/1587
f 1192/1471/1587 1201/1480/1596 1200/1479/1595
f 1202/1481/1597 1203/1482/1598 1193/1472/1588
f 1193/1472/1588 1192/1471/1587 1202/1481/1597
f 913/1124/1158 1137/1411/1514 1204/1483/1599
f 1204/1483/1600 1177/1453/1601 913/1124/1555
f 1181/1460/1602 1204/1483/1600 1137/1411/1514
f 1137/1411/1603 1136/1410/1576 1181/1460/1575
f 1205/1484/1604 1176/1452/1554 1177/1453/1605
f 1177/1453/1605 1204/1483/1606 1205/1484/1604
f 1205/1484/1604 1204/1483/1606 1181/1460/1607
f 1181/1460/1575 1182/1461/1577 1205/1484/1604
f 1205/1484/1604 1206/1485/1608 1175/1451/1553
f 1175/1451/1553 1176/1452/1554 1205/1484/1604
f 1182/1461/1577 1183/1462/1578 1206/1485/1608
f 1206/1485/1608 1205/1484/1604 1182/1461/1577
f 1206/1485/1608 1207/1486/1609 13/13/13
f 13/13/13 1175/1451/1553 1206/1485/1608
f 1183/1462/1578 1184/1463/1579 1207/1486/1609
f 1207/1486/1609 1206/1485/1608 1183/1462/1578
f 11/11/11 13/13/13 1207/1486/1609
f 1207/1486/1609 1208/1487/1610 11/11/11
f 1184/1463/1579 1185/1464/1580 1208/1487/1610
f 1208/1487/1610 1207/1486/1609 1184/1463/1579
f 1185/1464/1580 1186/1465/1581 1209/1488/1611
f 1209/1488/1611 1208/1487/1610 1185/1464/1580
f 1208/1487/1610 1209/1488/1611 1210/1489/1612
f 1210/1489/1612 11/11/11 1208/1487/1610
f 1211/1490/1613 1212/1491/1614 1190/1469/1585
f 1190/1469/1585 1188/1467/1583 1211/1490/1613
f 1195/1474/1590 1194/1473/1589 1213/1492/1615
f 1213/1492/1615 1214/1493/1616 1195/1474/1590
f 1214/1493/1616 1213/1492/1615 1212/1491/1614
f 1212/1491/1614 1211/1490/1613 1214/1493/1616
f 1215/1494/1617 1216/1495/1618 1172/1448/1550
f 1172/1448/1550 1171/1447/1549 1215/1494/1617
f 11/11/11 1210/1489/1612 1217/1496/1619
f 1218/1497/1620 12/12/12 11/11/11
f 11/11/11 1217/1496/1619 1218/1497/1620
f 1218/1497/1620 21/21/21 20/20/20
f 20/20/20 12/12/12 1218/1497/1620
f 16/16/16 36/37/43 38/42/42
f 38/42/42 17/17/17 16/16/16
f 36/37/43 16/16/16 1219/1498/1621
f 1219/1498/1621 46/51/59 36/37/43
f 1215/1494/1617 17/17/17 38/42/42
f 38/42/42 1216/1495/1618 1215/1494/1617
f 36/37/1622 33/36/705 18/40/18
f 1197/1476/1592 137/154/184 1220/1499/1623
f 1197/1476/1592 113/127/146 137/154/184
f 1197/1476/1592 1/1/147 113/127/146
f 137/154/184 125/156/166 44/49/55
f 44/49/55 45/50/58 137/154/184
f 47/52/60 1220/1499/1623 137/154/184
f 137/154/184 45/50/58 47/52/60
f 107/121/139 1199/1478/1594 496/601/703
f 496/601/703 108/122/140 107/121/139
f 1195/1474/1590 497/603/704 1201/1480/1596
f 1201/1480/1596 1192/1471/1587 1195/1474/1590
f 1199/1478/1594 1201/1480/1596 497/603/704
f 497/603/704 496/601/703 1199/1478/1594
f 1186/1465/1581 920/1131/1166 497/1500/704
f 497/1500/704 1221/1501/1624 1186/1465/1581
f 1214/1493/1616 1211/1490/1613 1222/1502/1625
f 1222/1502/1625 1221/1503/1624 1214/1493/1616
f 1221/1501/1624 1222/1504/1625 1209/1488/1611
f 1209/1488/1611 1186/1465/1581 1221/1501/1624
f 1211/1490/1613 1187/1466/1582 1210/1505/1612
f 1210/1505/1612 1222/1502/1625 1211/1490/1613
f 1210/1489/1612 1209/1488/1611 1222/1504/1625
f 1219/1498/1621 16/16/16 15/15/15
f 15/15/15 1223/1506/1626 1219/1498/1621
f 17/17/17 1215/1494/1617 1224/1507/1627
f 1224/1507/1627 14/14/14 17/17/17
f 1215/1494/1617 1171/1447/1549 1225/1508/1628
f 1225/1508/1628 1224/1507/1627 1215/1494/1617
f 1171/1447/1549 1174/1450/1552 1226/1509/1629
f 1226/1509/1629 1225/1508/1628 1171/1447/1549
f 1174/1450/1552 1189/1468/1584 1227/1510/1630
f 1227/1510/1630 1226/1509/1629 1174/1450/1552
f 1189/1468/1584 1191/1470/1586 1228/1511/1631
f 1228/1511/1631 1227/1510/1630 1189/1468/1584
f 1142/1418/1520 1141/1417/1519 1219/1498/1621
f 1219/1498/1621 1223/1506/1626 1142/1418/1520
f 1141/1417/1519 1144/1420/1522 46/51/59
f 46/51/59 1219/1498/1621 1141/1417/1519
f 1144/1420/1522 1146/1422/1524 47/52/60
f 47/52/60 46/51/59 1144/1420/1522
f 1146/1422/1524 1148/1424/1526 1220/1499/1623
f 1220/1499/1623 47/52/60 1146/1422/1524
f 1148/1424/1526 1150/1426/1528 1197/1476/1592
f 1197/1476/1592 1220/1499/1623 1148/1424/1526
f 1150/1426/1528 1152/1428/1530 1196/1475/1591
f 1196/1475/1591 1197/1476/1592 1150/1426/1528
f 1154/1430/1532 8/8/8 1196/1475/1591
f 1196/1475/1591 1152/1428/1530 1154/1430/1532
f 8/8/8 4/4/4 2/2/2
f 2/2/2 1196/1475/1591 8/8/8
f 5/5/5 1229/1512/1632 1198/1477/1593
f 1198/1477/1593 3/3/3 5/5/5
f 1229/1512/1632 1230/1513/1633 1200/1479/1595
f 1200/1479/1595 1198/1477/1593 1229/1512/1632
f 1230/1513/1633 1231/1514/1634 1202/1481/1597
f 1202/1481/1597 1200/1479/1595 1230/1513/1633
f 1231/1514/1634 1232/1515/1635 1203/1482/1598
f 1203/1482/1598 1202/1481/1597 1231/1514/1634
f 1228/1511/1631 1191/1470/1586 1233/1516/1636
f 1233/1516/1636 1234/1517/1637 1228/1511/1631
f 1190/1469/1585 1212/1491/1614 1235/1518/1638
f 1235/1518/1638 1233/1516/1636 1190/1469/1585
f 1212/1491/1614 1213/1492/1615 1236/1519/1639
f 1236/1519/1639 1235/1518/1638 1212/1491/1614
f 1213/1492/1615 1194/1473/1589 1237/1520/1640
f 1237/1520/1640 1236/1519/1639 1213/1492/1615
f 1193/1472/1588 1203/1482/1598 1238/1521/1641
f 1238/1521/1641 1237/1520/1640 1193/1472/1588
f 1203/1482/1598 1232/1515/1635 1239/1522/1642
f 1239/1522/1642 1238/1521/1641 1203/1482/1598
f 1234/1517/1637 1233/1516/1636 1240/1523/1643
f 1240/1523/1643 1241/1524/1644 1234/1517/1637
f 1233/1516/1636 1235/1518/1638 1242/1525/1645
f 1242/1525/1645 1240/1523/1643 1233/1516/1636
f 1235/1518/1638 1236/1519/1639 1243/1526/1646
f 1243/1526/1646 1242/1525/1645 1235/1518/1638
f 1236/1519/1639 1237/1520/1640 1244/1527/1647
f 1244/1527/1647 1243/1526/1646 1236/1519/1639
f 1237/1520/1640 1238/1521/1641 1245/1528/1648
f 1245/1528/1648 1244/1527/1647 1237/1520/1640
f 1238/1521/1641 1239/1522/1642 882/1091/1649
f 882/1091/1649 1245/1528/1648 1238/1521/1641
f 1241/1524/1644 1240/1523/1643 1246/1529/1650
f 1246/1529/1651 1247/1530/1652 1241/1524/1644
f 1240/1523/1643 1242/1525/1645 1248/1531/1653
f 1248/1531/1653 1246/1529/1650 1240/1523/1643
f 1242/1525/1645 1243/1526/1646 1249/1532/1654
f 1249/1532/1654 1248/1531/1655 1242/1525/1645
f 1243/1526/1646 1244/1527/1647 1250/1533/1656
f 1250/1533/1656 1249/1532/1654 1243/1526/1646
f 1244/1527/1647 1245/1528/1648 1251/1534/1657
f 1251/1534/1657 1250/1533/1656 1244/1527/1647
f 1245/1528/1648 882/1091/1649 884/1093/1658
f 884/1093/1658 1251/1534/1657 1245/1528/1648
f 1247/1530/1652 1246/1529/1659 1252/1535/1660
f 1252/1535/1660 1253/1536/1661 1247/1530/1652
f 1246/1529/1662 1248/1531/1663 1254/1537/1664
f 1254/1537/1665 1252/1535/1666 1246/1529/1667
f 1249/1532/1668 1254/1537/1664 1248/1531/1663
f 1253/1536/1669 1252/1535/1670 1255/1538/1671
f 1255/1538/1671 1256/1539/1672 1253/1536/1669
f 1252/1535/1673 1254/1537/1674 1257/1540/1675
f 1257/1540/1676 1255/1538/1677 1252/1535/1673
f 1254/1537/1674 1249/1532/1678 1258/1541/1679
f 1258/1541/1679 1257/1540/1680 1254/1537/1681
f 1249/1532/1678 1250/1533/1682 1259/1542/1683
f 1259/1542/1683 1258/1541/1679 1249/1532/1678
f 1250/1533/1682 1251/1534/1684 1260/1543/1685
f 1260/1543/1686 1259/1542/1683 1250/1533/1682
f 1251/1534/1684 884/1093/1128 883/1092/1127
f 883/1092/1127 1260/1543/1685 1251/1534/1684
f 1256/1544/1687 1255/1545/1688 1261/1546/1689
f 1261/1546/1689 1262/1547/1690 1256/1544/1687
f 1255/1545/1691 1257/1548/1692 1263/1549/1693
f 1263/1549/1694 1261/1546/1689 1255/1545/1688
f 1257/1548/1680 1258/1550/1679 1264/1551/1695
f 1264/1551/1696 1263/1549/1697 1257/1548/1680
f 1258/1550/1679 1259/1552/1683 1264/1551/1695
f 1259/1552/1683 1260/1553/1698 1265/1554/1699
f 1265/1554/1699 1264/1551/1695 1259/1552/1683
f 1260/1553/1698 883/1555/1700 1265/1554/1699
f 1262/1556/1701 1261/1557/1702 1266/1558/1703
f 1266/1558/1703 1267/1559/1704 1262/1556/1701
f 1261/1560/1702 1263/1561/1705 1268/1562/1706
f 1268/1562/1706 1266/1563/1703 1261/1560/1702
f 1263/1561/1707 1264/1564/1708 1269/1565/1709
f 1269/1565/1709 1268/1562/1706 1263/1561/1710
f 1264/1564/1711 1265/1566/1699 1270/1567/1712
f 1270/1567/1712 1269/1565/1709 1264/1564/1711
f 1189/1468/1584 1174/1450/1552 1173/1449/1551
f 1211/1490/1613 1188/1467/1583 1187/1466/1582
f 1216/1495/1618 1218/1568/1620 1217/1569/1619
f 1217/1569/1619 1172/1448/1550 1216/1495/1618
f 38/42/42 21/41/21 1218/1568/1620
f 1218/1568/1620 1216/1495/1618 38/42/42
f 1195/1474/1590 1214/1493/1616 497/603/704
f 920/1131/1166 495/604/702 497/1500/704
f 1221/1503/1624 497/603/704 1214/1493/1616
f 1173/1449/1551 1172/1448/1550 1217/1569/1619
f 1217/1569/1619 1210/1505/1612 1173/1449/1551
f 1187/1466/1582 1173/1449/1551 1210/1505/1612
f 1233/1516/1636 1191/1470/1586 1190/1469/1585
f 1194/1473/1589 1193/1472/1588 1237/1520/1640
f 429/522/604 877/1078/1120 710/1090/940
f 710/1090/940 887/1570/1131 429/522/604
f 428/521/603 871/1071/1114 877/1078/1120
f 877/1078/1120 429/522/604 428/521/603
f 430/523/605 872/1072/1115 871/1071/1114
f 871/1071/1114 428/521/603 430/523/605
f 431/524/606 865/1063/1108 872/1072/1115
f 872/1072/1115 430/523/605 431/524/606
f 432/525/607 866/1064/1109 865/1063/1108
f 865/1063/1108 431/524/606 432/525/607
f 433/526/608 853/1049/1096 866/1064/1109
f 866/1064/1109 432/525/607 433/526/608
f 893/1102/1137 680/833/908 853/1049/1096
f 853/1049/1096 433/526/608 893/1102/1137
f 407/500/582 406/499/581 1139/1571/1517
f 1139/1571/1517 1142/1572/1520 407/500/582
f 1154/1430/1532 1153/1429/1531 415/508/590
f 415/508/590 414/507/589 1154/1430/1532
f 406/499/581 417/510/592 1155/1573/1533
f 1155/1573/1533 1139/1571/1517 406/499/581
f 1153/1429/1531 1162/1438/1540 421/514/596
f 421/514/596 415/508/590 1153/1429/1531
f 417/510/592 423/516/598 1163/1574/1541
f 1163/1574/1541 1155/1573/1533 417/510/592
f 1162/1438/1540 1170/1446/1548 427/520/602
f 427/520/602 421/514/596 1162/1438/1540
f 423/516/598 429/522/604 887/1570/1131
f 887/1570/1131 1163/1574/1541 423/516/598
f 1170/1446/1548 893/1102/1137 433/526/608
f 433/526/608 427/520/602 1170/1446/1548
f 482/578/683 15/1575/15 14/1576/14
f 14/1576/14 483/579/684 482/578/683
f 15/1575/15 482/578/683 485/581/686
f 485/581/686 1223/1577/1626 15/1575/15
f 1224/1578/1627 480/576/681 483/579/684
f 483/579/684 14/1576/14 1224/1578/1627
f 1225/1579/1628 436/529/611 480/576/681
f 480/576/681 1224/1578/1627 1225/1579/1628
f 1226/1580/1629 437/530/612 436/529/611
f 436/529/611 1225/1579/1628 1226/1580/1629
f 1227/1581/1630 454/550/645 437/530/612
f 437/530/612 1226/1580/1629 1227/1581/1630
f 1228/1582/1631 456/552/647 454/550/645
f 454/550/645 1227/1581/1630 1228/1582/1631
f 485/581/686 407/500/582 1142/1572/1520
f 1142/1572/1520 1223/1577/1626 485/581/686
f 461/557/652 8/8/8 1154/1430/1532
f 1154/1430/1532 414/507/589 461/557/652
f 7/7/7 5/5/5 4/4/4
f 8/8/8 461/557/652 6/6/6
f 463/559/654 1229/1512/1632 5/5/5
f 5/5/5 7/7/7 463/559/654
f 465/561/656 1230/1513/1633 1229/1512/1632
f 1229/1512/1632 463/559/654 465/561/656
f 466/562/657 1231/1514/1634 1230/1513/1633
f 1230/1513/1633 465/561/656 466/562/657
f 467/563/658 1232/1515/1635 1231/1514/1634
f 1231/1514/1634 466/562/657 467/563/658
f 491/592/696 456/552/647 1228/1582/1631
f 1228/1582/1631 1234/1583/1637 491/592/696
f 1239/1522/1642 1232/1515/1635 467/563/658
f 467/563/658 494/595/699 1239/1522/1642
f 1271/1584/1713 491/592/696 1234/1583/1637
f 1234/1583/1637 1241/1585/1644 1271/1584/1713
f 1272/1586/1714 490/591/695 491/592/696
f 491/592/696 1271/1584/1713 1272/1586/1714
f 1273/1587/1715 492/593/697 490/591/695
f 490/591/695 1272/1586/1714 1273/1587/1715
f 1274/1588/1716 493/594/698 492/593/697
f 492/593/697 1273/1587/1715 1274/1588/1716
f 1275/1589/1717 494/595/699 493/594/698
f 493/594/698 1274/1588/1716 1275/1589/1717
f 882/1091/1649 1239/1522/1642 494/595/699
f 494/595/699 1275/1589/1717 882/1091/1649
f 1276/1590/1718 1271/1584/1713 1241/1585/1644
f 1241/1585/1644 1247/1591/1652 1276/1590/1719
f 1277/1592/1720 1272/1586/1714 1271/1584/1713
f 1271/1584/1713 1276/1590/1718 1277/1592/1720
f 1278/1593/1721 1273/1587/1715 1272/1586/1714
f 1272/1586/1714 1277/1592/1722 1278/1593/1721
f 1279/1594/1723 1274/1588/1716 1273/1587/1715
f 1273/1587/1715 1278/1593/1721 1279/1594/1723
f 1280/1595/1724 1275/1589/1717 1274/1588/1716
f 1274/1588/1716 1279/1594/1723 1280/1595/1724
f 885/1094/1725 882/1091/1649 1275/1589/1717
f 1275/1589/1717 1280/1595/1724 885/1094/1725
f 1281/1596/1726 1276/1590/1727 1247/1591/1652
f 1247/1591/1652 1253/1597/1661 1281/1596/1726
f 1282/1598/1728 1277/1592/1729 1276/1590/1730
f 1276/1590/1730 1281/1596/1731 1282/1598/1732
f 1277/1592/1729 1282/1598/1728 1278/1593/1733
f 1283/1599/1734 1281/1596/1735 1253/1597/1669
f 1253/1597/1669 1256/1600/1672 1283/1599/1734
f 1284/1601/1736 1282/1598/1737 1281/1596/1738
f 1281/1596/1738 1283/1599/1739 1284/1601/1740
f 1285/1602/1741 1278/1593/1742 1282/1598/1737
f 1282/1598/1743 1284/1601/1744 1285/1602/1741
f 1286/1603/1745 1279/1594/1746 1278/1593/1742
f 1278/1593/1742 1285/1602/1741 1286/1603/1745
f 1287/1604/1747 1280/1595/1748 1279/1594/1746
f 1279/1594/1746 1286/1603/1745 1287/1604/1749
f 883/1092/1127 885/1094/1129 1280/1595/1748
f 1280/1595/1748 1287/1604/1747 883/1092/1127
f 1288/1605/1750 1283/1606/1751 1256/1544/1687
f 1256/1544/1687 1262/1547/1690 1288/1605/1750
f 1289/1607/1752 1284/1608/1753 1283/1606/1751
f 1283/1606/1751 1288/1605/1750 1289/1607/1754
f 1290/1609/1755 1285/1610/1741 1284/1608/1744
f 1284/1608/1744 1289/1607/1756 1290/1609/1757
f 1290/1609/1755 1286/1611/1745 1285/1610/1741
f 1265/1554/1699 1287/1612/1758 1286/1611/1745
f 1286/1611/1745 1290/1609/1755 1265/1554/1699
f 1265/1554/1699 883/1555/1700 1287/1612/1758
f 1291/1613/1759 1288/1614/1760 1262/1556/1701
f 1262/1556/1701 1267/1559/1704 1291/1613/1759
f 1292/1615/1761 1289/1616/1762 1288/1617/1760
f 1288/1617/1760 1291/1618/1759 1292/1615/1761
f 1293/1619/1763 1290/1620/1764 1289/1616/1765
f 1289/1616/1766 1292/1615/1761 1293/1619/1763
f 1270/1567/1712 1265/1566/1699 1290/1620/1757
f 1290/1620/1757 1293/1619/1763 1270/1567/1712
f 1294/1621/1767 1295/1622/1768 1296/1623/1769
f 1296/1623/1769 1297/1624/1770 1294/1621/1767
f 1298/1625/1771 1299/1626/1772 1300/1627/1773
f 1300/1627/1773 1301/1628/1774 1298/1625/1771
f 1302/1629/1775 1303/1630/1776 1299/1626/1772
f 1299/1626/1772 1298/1625/1771 1302/1629/1775
f 1293/1619/1763 1292/1615/1761 1303/1630/1776
f 1303/1630/1776 1302/1629/1775 1293/1619/1763
f 1304/1631/1777 1300/1627/1773 1305/1632/1778
f 1305/1632/1778 1306/1633/1779 1304/1631/1777
f 1307/1634/1780 1301/1628/1774 1300/1627/1773
f 1300/1627/1773 1304/1631/1777 1307/1634/1780
f 1308/1635/1781 1304/1631/1777 1306/1633/1779
f 1306/1633/1779 1309/1636/1782 1308/1635/1781
f 1310/1637/1783 1307/1634/1780 1304/1631/1777
f 1304/1631/1777 1308/1635/1781 1310/1637/1783
f 1311/1638/1784 1308/1635/1781 1309/1636/1782
f 1312/1639/1785 1310/1637/1783 1308/1635/1781
f 1308/1635/1781 1311/1638/1786 1312/1639/1785
f 1313/1640/1787 1314/1641/1788 1315/1642/1789
f 1315/1642/1789 1316/1643/1790 1313/1640/1787
f 1317/1644/1791 1313/1640/1787 1316/1643/1790
f 1316/1643/1790 1318/1645/1792 1317/1644/1791
f 140/159/187 145/164/192 141/160/188
f 141/160/188 138/157/185 140/159/187
f 1319/1646/1793 139/158/186 1320/1647/1794
f 1320/1647/1794 1321/1648/1795 1319/1646/1793
f 1321/1648/1795 1322/1649/1796 1323/1650/1797
f 1323/1650/1797 1319/1646/1793 1321/1648/1795
f 1324/1651/1798 1325/1652/1799 1326/1653/1800
f 1327/1654/1801 1328/1655/1802 1325/1652/1799
f 1325/1652/1799 1324/1651/1798 1327/1654/1801
f 141/160/188 1329/1656/1803 1328/1655/1802
f 1328/1655/1802 1327/1654/1801 141/160/188
f 145/164/192 1330/1657/1804 1329/1656/1803
f 1329/1656/1803 141/160/188 145/164/192
f 144/163/191 1331/1658/1805 1330/1657/1804
f 1330/1657/1804 145/164/192 144/163/191
f 1322/1649/1796 1332/1659/1806 1333/1660/1807
f 1333/1660/1807 1323/1650/1797 1322/1649/1796
f 1326/1653/1800 1325/1652/1799 1334/1661/1808
f 1328/1655/1802 1335/1662/1809 1334/1661/1808
f 1334/1661/1808 1325/1652/1799 1328/1655/1802
f 1329/1656/1803 1336/1663/1810 1335/1662/1809
f 1335/1662/1809 1328/1655/1802 1329/1656/1803
f 1330/1657/1804 1337/1664/1811 1336/1663/1810
f 1336/1663/1810 1329/1656/1803 1330/1657/1804
f 1331/1658/1805 1338/1665/1812 1337/1664/1811
f 1337/1664/1811 1330/1657/1804 1331/1658/1805
f 1339/1666/1813 1340/1667/1814 1338/1665/1812
f 1338/1665/1812 1331/1658/1805 1339/1666/1813
f 1341/1668/1815 1342/1669/1816 1340/1667/1814
f 1340/1667/1814 1339/1666/1813 1341/1668/1815
f 1343/1670/1817 1344/1671/1818 1345/1672/1819
f 1345/1672/1819 1346/1673/1820 1343/1670/1817
f 1333/1660/1807 1347/1674/1821 1343/1670/1817
f 1343/1670/1817 1346/1673/1820 1333/1660/1807
f 1332/1659/1806 1348/1675/1822 1347/1674/1821
f 1347/1674/1821 1333/1660/1807 1332/1659/1806
f 1349/1676/1823 1350/1677/1824 1351/1678/1825
f 1351/1678/1825 1352/1679/1826 1349/1676/1823
f 1350/1677/1824 1306/1633/1779 1305/1632/1778
f 1305/1632/1778 1351/1678/1825 1350/1677/1824
f 1353/1680/1827 1309/1636/1782 1306/1633/1779
f 1306/1633/1779 1350/1677/1824 1353/1680/1827
f 1354/1681/1828 1353/1680/1827 1350/1677/1824
f 1350/1677/1824 1349/1676/1823 1354/1681/1828
f 1355/1682/1829 1311/1638/1784 1309/1636/1782
f 1309/1636/1782 1353/1680/1827 1355/1682/1829
f 1355/1682/1829 1353/1680/1827 1354/1681/1828
f 1316/1643/1790 1356/1683/1830 1357/1684/1831
f 1357/1684/1831 1318/1645/1792 1316/1643/1790
f 1315/1642/1789 1356/1683/1830 1316/1643/1790
f 1315/1642/1789 1358/1685/1832 1359/1686/1833
f 1359/1686/1833 1356/1683/1830 1315/1642/1789
f 1313/1640/1787 1360/1687/1834 1361/1688/1835
f 1361/1688/1835 1314/1641/1788 1313/1640/1787
f 1317/1644/1791 1362/1689/1836 1360/1687/1834
f 1360/1687/1834 1313/1640/1787 1317/1644/1791
f 1341/1668/1815 1345/1672/1819 1344/1671/1818
f 1344/1671/1818 1342/1669/1816 1341/1668/1815
f 1346/1673/1820 146/165/193 1323/1650/1797
f 1323/1650/1797 1333/1660/1807 1346/1673/1820
f 144/163/191 146/165/193 1339/1666/1813
f 1339/1666/1813 1331/1658/1805 144/163/191
f 146/165/193 1363/1690/1837 1319/1646/1793
f 1319/1646/1793 1323/1650/1797 146/165/193
f 1351/1678/1825 1364/1691/1838 1365/1692/1839
f 1365/1692/1839 1352/1679/1826 1351/1678/1825
f 1305/1632/1778 1366/1693/1840 1364/1691/1838
f 1364/1691/1838 1351/1678/1825 1305/1632/1778
f 1366/1693/1840 1305/1632/1778 1300/1627/1773
f 1300/1627/1773 1367/1694/1841 1366/1693/1840
f 1367/1694/1841 1300/1627/1773 1368/1695/1842
f 1303/1630/1776 1369/1696/1843 1368/1695/1842
f 1368/1695/1842 1299/1626/1772 1303/1630/1776
f 1292/1615/1761 1291/1618/1759 1369/1696/1843
f 1369/1696/1843 1303/1630/1776 1292/1615/1761
f 139/158/186 1370/1697/1844 1371/1698/1845
f 1371/1698/1845 1320/1647/1794 139/158/186
f 1370/1697/1844 1360/1687/1834 1362/1689/1836
f 1362/1689/1836 1371/1698/1845 1370/1697/1844
f 1370/1697/1844 139/158/186 138/157/185
f 138/157/185 142/161/189 1370/1697/1844
f 142/161/189 1361/1688/1835 1360/1687/1834
f 1360/1687/1834 1370/1697/1844 142/161/189
f 1327/1654/1801 1372/1699/1846 142/161/189
f 142/161/189 141/160/188 1327/1654/1801
f 1372/1699/1846 1373/1700/1847 1361/1688/1835
f 1361/1688/1835 142/161/189 1372/1699/1846
f 1324/1651/1798 1374/1701/1848 1372/1699/1846
f 1372/1699/1846 1327/1654/1801 1324/1651/1798
f 1374/1701/1848 1358/1685/1832 1373/1700/1847
f 1373/1700/1847 1372/1699/1846 1374/1701/1848
f 1326/1653/1800 1375/1702/1849 1374/1701/1848
f 1374/1701/1848 1324/1651/1798 1326/1653/1800
f 1376/1703/1850 1377/1704/1851 1375/1702/1849
f 1375/1702/1849 1326/1653/1800 1376/1703/1850
f 1377/1704/1851 1359/1686/1833 1358/1685/1832
f 1358/1685/1832 1375/1702/1849 1377/1704/1851
f 1378/1705/1852 1302/1629/1775 1298/1625/1771
f 1298/1625/1771 1379/1706/1853 1378/1705/1852
f 1270/1567/1712 1293/1619/1763 1302/1629/1775
f 1302/1629/1775 1378/1705/1852 1270/1567/1712
f 1380/1707/1854 1369/1708/1843 1291/1613/1759
f 1291/1613/1759 1267/1559/1704 1380/1707/1854
f 1381/1709/1855 1368/1710/1842 1369/1708/1843
f 1369/1708/1843 1380/1707/1854 1381/1709/1855
f 1368/1710/1842 1381/1709/1855 1297/1624/1770
f 1297/1624/1770 1367/1711/1841 1368/1710/1842
f 1296/1623/1769 1366/1712/1840 1367/1711/1841
f 1367/1711/1841 1297/1624/1770 1296/1623/1769
f 1382/1713/1856 1364/1714/1838 1366/1712/1840
f 1366/1712/1840 1296/1623/1769 1382/1713/1856
f 1383/1715/1857 1365/1716/1839 1364/1714/1838
f 1364/1714/1838 1382/1713/1856 1383/1715/1857
f 1384/1717/1858 1347/1674/1821 1348/1675/1822
f 1348/1675/1822 1385/1718/1859 1384/1717/1858
f 1386/1719/1860 1343/1670/1817 1347/1674/1821
f 1347/1674/1821 1384/1717/1858 1386/1719/1860
f 1344/1671/1818 1343/1670/1817 1386/1719/1860
f 1386/1719/1860 1387/1720/1861 1344/1671/1818
f 1388/1721/1862 1342/1669/1816 1344/1671/1818
f 1344/1671/1818 1387/1720/1861 1388/1721/1862
f 1389/1722/1863 1340/1667/1814 1342/1669/1816
f 1342/1669/1816 1388/1721/1862 1389/1722/1863
f 1390/1723/1864 1338/1665/1812 1340/1667/1814
f 1340/1667/1814 1389/1722/1863 1390/1723/1864
f 1337/1664/1811 1338/1665/1812 1390/1723/1864
f 1298/1625/1771 1377/1704/1851 1376/1703/1850
f 1376/1703/1850 1379/1706/1853 1298/1625/1771
f 1307/1634/1780 1359/1686/1833 1377/1704/1851
f 1310/1637/1783 1356/1683/1830 1359/1686/1833
f 1359/1686/1833 1307/1634/1780 1310/1637/1783
f 1356/1683/1830 1310/1637/1783 1357/1684/1831
f 1312/1639/1785 1357/1684/1831 1310/1637/1783
f 139/158/186 143/162/190 140/159/187
f 1363/1690/1837 143/162/190 139/158/186
f 1319/1646/1793 1363/1690/1837 139/158/186
f 1373/1700/1847 1315/1642/1789 1314/1641/1788
f 1315/1642/1789 1373/1700/1847 1358/1685/1832
f 1314/1641/1788 1361/1688/1835 1373/1700/1847
f 146/165/193 1341/1668/1815 1339/1666/1813
f 146/165/193 1346/1673/1820 1345/1672/1819
f 146/165/193 143/162/190 1363/1690/1837
f 1341/1668/1815 146/165/193 1345/1672/1819
f 1299/1626/1772 1368/1695/1842 1300/1627/1773
f 1375/1702/1849 1358/1685/1832 1374/1701/1848
f 1377/1704/1851 1298/1625/1771 1301/1628/1774
f 1301/1628/1774 1307/1634/1780 1377/1704/1851
f 1391/1724/1865 1392/1725/1866 1393/1726/1867
f 1393/1726/1867 1394/1727/1868 1391/1724/1865
f 1395/1728/1869 1396/1729/1870 1392/1725/1866
f 1392/1725/1866 1391/1724/1865 1395/1728/1869
f 1392/1725/1866 1397/1730/1871 1398/1731/1872
f 1398/1731/1872 1393/1726/1867 1392/1725/1866
f 1396/1729/1870 1399/1732/1873 1397/1730/1871
f 1397/1730/1871 1392/1725/1866 1396/1729/1870
f 1400/1733/1874 1401/1734/1875 1402/1735/1876
f 1402/1735/1876 1403/1736/1877 1400/1733/1874
f 1404/1737/1878 1405/1738/1879 1401/1734/1875
f 1401/1734/1875 1400/1733/1874 1404/1737/1878
f 1406/1739/1880 1407/1740/1881 1405/1738/1879
f 1405/1738/1879 1404/1737/1878 1406/1739/1880
f 1408/1741/1882 1400/1733/1874 1403/1736/1877
f 1403/1736/1877 1409/1742/1883 1408/1741/1882
f 1396/1729/1870 1408/1741/1882 1409/1742/1883
f 1409/1742/1883 1399/1732/1873 1396/1729/1870
f 1395/1728/1869 1404/1737/1878 1400/1733/1874
f 1400/1733/1874 1408/1741/1882 1395/1728/1869
f 1408/1741/1882 1396/1729/1870 1395/1728/1869
f 1395/1728/1869 1391/1724/1865 1410/1743/1884
f 1410/1743/1884 1406/1739/1880 1404/1737/1878
f 1404/1737/1878 1395/1728/1869 1410/1743/1884
f 1391/1724/1865 1394/1727/1868 1410/1743/1884
f 1411/1744/1885 1412/1745/1886 1413/1746/1887
f 1413/1746/1887 1414/1747/1888 1411/1744/1885
f 1415/1748/1889 1416/1749/1890 1417/1750/1891
f 1412/1745/1886 1411/1744/1885 1415/1748/1889
f 1415/1748/1889 1417/1750/1891 1412/1745/1886
f 1418/1751/1892 1419/1752/1893 1416/1749/1890
f 1416/1749/1890 1415/1748/1889 1418/1751/1892
f 1420/1753/1894 1418/1751/1892 1415/1748/1889
f 1415/1748/1889 1411/1744/1885 1420/1753/1894
f 1421/1754/1895 1422/1755/1896 1419/1752/1893
f 1419/1752/1893 1418/1751/1892 1421/1754/1895
f 1423/1756/1897 1421/1754/1895 1418/1751/1892
f 1418/1751/1892 1420/1753/1894 1423/1756/1897
f 1424/1757/1898 1407/1740/1881 1425/1758/1899
f 1425/1758/1900 1426/1759/1901 1427/1760/1902
f 1427/1760/1902 1424/1757/1903 1425/1758/1900
f 1426/1759/1901 1428/1761/1904 1429/1762/1905
f 1429/1762/1906 1427/1760/1902 1426/1759/1901
f 1430/1763/1907 1311/1638/1908 1431/1764/1909
f 1432/1765/1910 1312/1639/1911 1311/1638/1912
f 1311/1638/1912 1430/1763/1913 1432/1765/1910
f 1312/1639/1785 1432/1765/1914 1433/1766/1915
f 1430/1763/1916 1433/1766/1915 1432/1765/1914
f 1431/1764/1917 1433/1766/1915 1430/1763/1916
f 1428/1761/1918 1434/1767/1919 1435/1768/1920
f 1435/1768/1921 1429/1762/1922 1428/1761/1923
f 1349/1676/1823 1352/1679/1826 1436/1769/1924
f 1436/1769/1924 1437/1770/1925 1349/1676/1823
f 1354/1681/1828 1349/1676/1823 1437/1770/1925
f 1437/1770/1925 1438/1771/1926 1354/1681/1828
f 1439/1772/1927 1440/1773/1928 1441/1774/1929
f 1438/1771/1926 1442/1775/1930 1355/1682/1829
f 1355/1682/1829 1354/1681/1828 1438/1771/1926
f 1440/1773/1928 1443/1776/1931 1355/1682/1829
f 1355/1682/1829 1442/1775/1932 1440/1773/1928
f 1444/1777/1933 1443/1776/1931 1440/1773/1928
f 1440/1773/1928 1439/1772/1927 1444/1777/1933
f 1445/1778/1934 1446/1779/1935 1444/1777/1933
f 1444/1777/1933 1439/1772/1927 1445/1778/1934
f 1447/1780/1936 1448/1781/1937 1449/1782/1938
f 1449/1782/1938 1450/1783/1939 1447/1780/1936
f 1413/1746/1887 1451/1784/1940 1452/1785/1941
f 1452/1785/1941 1453/1786/1942 1413/1746/1887
f 1451/1784/1940 1413/1746/1887 1412/1745/1886
f 1412/1745/1886 1454/1787/1943 1451/1784/1940
f 1417/1750/1891 1455/1788/1944 1454/1787/1943
f 1454/1787/1943 1412/1745/1886 1417/1750/1891
f 1456/1789/1945 1457/1790/1946 1455/1788/1944
f 1455/1788/1944 1417/1750/1891 1456/1789/1945
f 1458/1791/1947 1459/1792/1948 1460/1793/1949
f 1461/1794/1950 1462/1795/1951 1460/1793/1949
f 1460/1793/1949 1459/1792/1948 1461/1794/1950
f 1463/1796/1952 1464/1797/1953 1458/1791/1947
f 1465/1798/1954 1459/1792/1948 1458/1791/1947
f 1458/1791/1947 1464/1797/1953 1465/1798/1954
f 1466/1799/1955 1461/1794/1950 1459/1792/1948
f 1459/1792/1948 1465/1798/1954 1466/1799/1956
f 1467/1800/1957 1468/1801/1958 1469/1802/1959
f 1469/1802/1960 1470/1803/1961 1467/1800/1957
f 1471/1804/1962 1472/1805/1963 1468/1801/1958
f 1468/1801/1958 1467/1800/1957 1471/1804/1962
f 1463/1796/1952 1472/1805/1963 1471/1804/1962
f 1463/1796/1952 1473/1806/1964 1474/1807/1965
f 1474/1807/1965 1473/1806/1964 1475/1808/1966
f 1475/1808/1966 1476/1809/1967 1474/1807/1965
f 1477/1810/1968 1478/1811/1969 1479/1812/1970
f 1479/1812/1970 1480/1813/1971 1477/1810/1968
f 1467/1800/1957 1481/1814/1972 1471/1804/1962
f 1471/1804/1962 1481/1814/1972 1477/1810/1968
f 1477/1810/1968 1482/1815/1973 1471/1804/1962
f 1463/1796/1952 1471/1804/1962 1482/1815/1973
f 1463/1796/1952 1474/1807/1965 1464/1797/1953
f 1476/1809/1967 1465/1798/1954 1464/1797/1953
f 1464/1797/1953 1474/1807/1965 1476/1809/1967
f 1465/1798/1954 1476/1809/1967 1483/1816/1974
f 1483/1816/1974 1466/1799/1956 1465/1798/1954
f 1431/1764/1975 1355/1682/1829 1443/1776/1931
f 1443/1776/1931 1444/1777/1933 1431/1764/1976
f 1431/1764/1975 1311/1638/1977 1355/1682/1829
f 1446/1779/1978 1433/1766/1915 1431/1764/1917
f 1431/1764/1975 1444/1777/1933 1446/1779/1979
f 1429/1762/1906 1435/1768/1980 1484/1817/1981
f 1484/1817/1982 1485/1818/1983 1429/1762/1984
f 1439/1772/1927 1485/1818/1983 1484/1817/1985
f 1484/1817/1985 1445/1778/1934 1439/1772/1927
f 1441/1774/1929 1486/1819/1986 1485/1818/1983
f 1485/1818/1983 1439/1772/1927 1441/1774/1929
f 1486/1819/1986 1427/1760/1902 1429/1762/1906
f 1429/1762/1906 1485/1818/1983 1486/1819/1986
f 1442/1775/1987 1424/1757/1988 1441/1774/1929
f 1441/1774/1929 1440/1773/1928 1442/1775/1932
f 1427/1760/1902 1486/1819/1986 1424/1757/1903
f 1438/1771/1926 1405/1738/1879 1424/1757/1898
f 1424/1757/1989 1442/1775/1932 1438/1771/1990
f 1405/1738/1879 1407/1740/1881 1424/1757/1898
f 1437/1770/1925 1401/1734/1875 1405/1738/1879
f 1405/1738/1879 1438/1771/1926 1437/1770/1925
f 1436/1769/1924 1402/1735/1876 1401/1734/1875
f 1401/1734/1875 1437/1770/1925 1436/1769/1924
f 1421/1754/1895 1487/1820/1991 1488/1821/1992
f 1488/1821/1992 1422/1755/1896 1421/1754/1895
f 1423/1756/1897 1489/1822/1993 1487/1820/1991
f 1487/1820/1991 1421/1754/1895 1423/1756/1897
f 1490/1823/1994 1491/1824/1995 1489/1822/1993
f 1489/1822/1993 1423/1756/1897 1490/1823/1994
f 1453/1786/1942 1492/1825/1996 1491/1824/1995
f 1491/1824/1995 1490/1823/1994 1453/1786/1942
f 1452/1785/1941 1493/1826/1997 1492/1825/1996
f 1492/1825/1996 1453/1786/1942 1452/1785/1941
f 1494/1827/1998 1495/1828/1999 1493/1826/1997
f 1493/1826/1997 1452/1785/1941 1494/1827/1998
f 1496/1829/2000 1494/1827/1998 1497/1830/2001
f 1497/1830/2001 1498/1831/2002 1496/1829/2000
f 1499/1832/2003 1495/1828/1999 1494/1827/1998
f 1494/1827/1998 1496/1829/2000 1499/1832/2003
f 1434/1767/1919 1500/1833/2004 1435/1768/2005
f 1484/1817/2006 1435/1768/1921 1500/1833/2004
f 1500/1833/2004 1501/1834/2007 1484/1817/2006
f 1501/1834/2007 1445/1778/2008 1484/1817/2006
f 1501/1834/2007 1446/1779/2009 1445/1778/2008
f 1446/1779/2009 1501/1834/2007 1433/1766/1915
f 1501/1834/2007 1312/1639/1785 1433/1766/1915
f 1496/1829/2000 1318/1645/1792 1357/1684/1831
f 1357/1684/1831 1499/1832/2003 1496/1829/2000
f 1498/1831/2002 1317/1644/1791 1318/1645/1792
f 1318/1645/1792 1496/1829/2000 1498/1831/2002
f 1502/1835/2010 1362/1689/1836 1317/1644/1791
f 1317/1644/1791 1498/1831/2002 1502/1835/2010
f 1503/1836/2011 1321/1648/1795 1320/1647/1794
f 1320/1647/1794 1504/1837/2012 1503/1836/2011
f 1505/1838/2013 1506/1839/2014 1348/1675/1822
f 1348/1675/1822 1332/1659/1806 1505/1838/2013
f 1507/1840/2015 1508/1841/2016 1506/1839/2014
f 1506/1839/2014 1505/1838/2013 1507/1840/2015
f 1509/1842/2017 1510/1843/2018 1511/1844/2019
f 1511/1844/2019 1507/1840/2015 1509/1842/2017
f 1512/1845/2020 1450/1783/1939 1449/1782/1938
f 1449/1782/1938 1513/1846/2021 1512/1845/2020
f 1512/1845/2020 1513/1846/2021 1510/1843/2018
f 1510/1843/2018 1509/1842/2017 1512/1845/2020
f 1509/1842/2017 1514/1847/2022 1515/1848/2023
f 1515/1848/2023 1512/1845/2020 1509/1842/2017
f 1507/1840/2015 1516/1849/2024 1514/1847/2022
f 1514/1847/2022 1509/1842/2017 1507/1840/2015
f 1516/1849/2024 1517/1850/2025 1518/1851/2026
f 1518/1851/2026 1514/1847/2022 1516/1849/2024
f 1519/1852/2027 1505/1838/2013 1332/1659/1806
f 1332/1659/1806 1322/1649/1796 1519/1852/2027
f 1520/1853/2028 1517/1850/2025 1519/1852/2027
f 1519/1852/2027 1322/1649/1796 1520/1853/2028
f 1518/1851/2026 1517/1850/2025 1521/1854/2029
f 1503/1836/2011 1522/1855/2030 1520/1853/2028
f 1522/1855/2030 1521/1854/2029 1517/1850/2025
f 1517/1850/2025 1520/1853/2028 1522/1855/2030
f 1523/1856/2031 1524/1857/2032 1518/1851/2026
f 1518/1851/2026 1521/1854/2029 1523/1856/2031
f 1522/1855/2030 1503/1836/2011 1525/1858/2033
f 1525/1858/2033 1523/1856/2031 1521/1854/2029
f 1521/1854/2029 1522/1855/2030 1525/1858/2033
f 1525/1858/2033 1526/1859/2034 1527/1860/2035
f 1527/1860/2035 1528/1861/2036 1525/1858/2033
f 1528/1861/2036 1450/1783/1939 1523/1856/2031
f 1523/1856/2031 1525/1858/2033 1528/1861/2036
f 1450/1783/1939 1515/1848/2023 1524/1857/2032
f 1524/1857/2032 1523/1856/2031 1450/1783/1939
f 1528/1861/2036 1527/1860/2035 1529/1862/2037
f 1529/1862/2037 1447/1780/1936 1528/1861/2036
f 1450/1783/1939 1528/1861/2036 1447/1780/1936
f 1530/1863/2038 1531/1864/2039 1448/1781/1937
f 1448/1781/1937 1447/1780/1936 1530/1863/2038
f 1530/1863/2038 1532/1865/2040 1533/1866/2041
f 1533/1866/2041 1531/1864/2039 1530/1863/2038
f 1532/1865/2040 1534/1867/2042 1535/1868/2043
f 1535/1868/2043 1533/1866/2041 1532/1865/2040
f 1416/1749/1890 1536/1869/2044 1537/1870/2045
f 1537/1870/2045 1456/1789/1945 1416/1749/1890
f 1419/1752/1893 1538/1871/2046 1536/1869/2044
f 1536/1869/2044 1416/1749/1890 1419/1752/1893
f 1422/1755/1896 1539/1872/2047 1538/1871/2046
f 1538/1871/2046 1419/1752/1893 1422/1755/1896
f 1488/1821/1992 1540/1873/2048 1539/1872/2047
f 1539/1872/2047 1422/1755/1896 1488/1821/1992
f 1397/1730/1871 1541/1874/2049 1542/1875/2050
f 1542/1875/2050 1398/1731/1872 1397/1730/1871
f 1399/1732/1873 1543/1876/2051 1541/1874/2049
f 1541/1874/2049 1397/1730/1871 1399/1732/1873
f 1409/1742/1883 1544/1877/2052 1543/1876/2051
f 1543/1876/2051 1399/1732/1873 1409/1742/1883
f 1403/1736/1877 1545/1878/2053 1544/1877/2052
f 1544/1877/2052 1409/1742/1883 1403/1736/1877
f 1402/1735/1876 1546/1879/2054 1545/1878/2053
f 1545/1878/2053 1403/1736/1877 1402/1735/1876
f 1436/1769/1924 1547/1880/2055 1546/1879/2054
f 1546/1879/2054 1402/1735/1876 1436/1769/1924
f 1352/1679/1826 1365/1692/1839 1547/1880/2055
f 1547/1880/2055 1436/1769/1924 1352/1679/1826
f 1481/1814/1972 1467/1800/1957 1470/1803/1961
f 1470/1803/1961 1548/1881/2056 1481/1814/1972
f 1530/1863/2038 1447/1780/1936 1529/1862/2037
f 1529/1862/2037 1548/1881/2056 1530/1863/2038
f 1478/1811/1969 1477/1810/1968 1481/1814/1972
f 1481/1814/1972 1548/1881/2056 1478/1811/1969
f 1504/1837/2012 1549/1882/2057 1526/1859/2034
f 1526/1859/2034 1503/1836/2011 1504/1837/2012
f 1526/1859/2034 1549/1882/2057 1550/1883/2058
f 1550/1883/2058 1527/1860/2035 1526/1859/2034
f 1549/1882/2057 1479/1812/1970 1478/1811/1969
f 1478/1811/1969 1550/1883/2058 1549/1882/2057
f 1497/1830/2001 1551/1884/2059 1502/1835/2010
f 1502/1835/2010 1498/1831/2002 1497/1830/2001
f 1552/1885/2060 1497/1830/2001 1494/1827/1998
f 1553/1886/2061 1552/1885/2062 1476/1809/1967
f 1476/1809/1967 1475/1808/1966 1553/1886/2063
f 1552/1885/2060 1483/1816/1974 1476/1809/1967
f 1494/1827/1998 1452/1785/1941 1554/1887/2064
f 1554/1887/2064 1552/1885/2060 1494/1827/1998
f 1555/1888/2065 1554/1887/2064 1451/1784/1940
f 1555/1888/2065 1466/1799/2066 1483/1816/1974
f 1483/1816/1974 1554/1887/2064 1555/1888/2065
f 1454/1787/1943 1556/1889/2067 1555/1888/2065
f 1555/1888/2065 1451/1784/1940 1454/1787/1943
f 1556/1889/2067 1461/1794/1950 1466/1799/2068
f 1466/1799/2066 1555/1888/2065 1556/1889/2067
f 1454/1787/1943 1455/1788/1944 1557/1890/2069
f 1557/1890/2069 1556/1889/2067 1454/1787/1943
f 1557/1890/2069 1462/1795/1951 1461/1794/1950
f 1461/1794/1950 1556/1889/2067 1557/1890/2069
f 1532/1865/2040 1558/1891/2070 1559/1892/2071
f 1559/1892/2071 1534/1867/2042 1532/1865/2040
f 1558/1891/2070 1532/1865/2040 1530/1863/2038
f 1530/1863/2038 1548/1881/2056 1558/1891/2070
f 1558/1891/2072 1470/1803/2073 1469/1802/1960
f 1469/1802/2074 1560/1893/2075 1558/1891/2076
f 1561/1894/2077 1457/1790/1946 1559/1892/2071
f 1559/1892/2071 1560/1893/2075 1561/1894/2077
f 1561/1894/2077 1557/1890/2069 1455/1788/1944
f 1469/1802/2074 1562/1895/2078 1561/1894/2077
f 1561/1894/2077 1560/1893/2075 1469/1802/2074
f 1562/1895/2079 1462/1795/1951 1557/1890/2069
f 1557/1890/2069 1561/1894/2077 1562/1895/2080
f 1563/1896/2081 1460/1793/1949 1462/1795/1951
f 1462/1795/1951 1562/1895/2082 1563/1896/2081
f 1468/1801/1958 1563/1896/2081 1562/1895/2083
f 1562/1895/2083 1469/1802/1959 1468/1801/1958
f 1472/1805/1963 1458/1791/1947 1460/1793/1949
f 1460/1793/1949 1563/1896/2081 1472/1805/1963
f 1563/1896/2081 1468/1801/1958 1472/1805/1963
f 1463/1796/1952 1458/1791/1947 1472/1805/1963
f 1463/1796/1952 1482/1815/1973 1473/1806/1964
f 1480/1813/1971 1482/1815/1973 1477/1810/1968
f 1480/1813/1971 1564/1897/2084 1473/1806/1964
f 1473/1806/1964 1482/1815/1973 1480/1813/1971
f 1473/1806/1964 1564/1897/2084 1475/1808/1966
f 1479/1812/1970 1565/1898/2085 1564/1897/2084
f 1564/1897/2084 1480/1813/1971 1479/1812/1970
f 1565/1898/2086 1553/1886/2063 1475/1808/1966
f 1475/1808/1966 1564/1897/2084 1565/1898/2085
f 1549/1882/2057 1566/1899/2087 1565/1898/2088
f 1565/1898/2088 1479/1812/1970 1549/1882/2057
f 1566/1899/2087 1551/1884/2059 1553/1886/2089
f 1553/1886/2089 1565/1898/2088 1566/1899/2087
f 1567/1900/2090 1502/1835/2010 1551/1884/2059
f 1551/1884/2059 1566/1899/2087 1567/1900/2090
f 1504/1837/2012 1567/1900/2090 1566/1899/2087
f 1566/1899/2087 1549/1882/2057 1504/1837/2012
f 1320/1647/1794 1371/1698/1845 1567/1900/2090
f 1567/1900/2090 1504/1837/2012 1320/1647/1794
f 1371/1698/1845 1362/1689/1836 1502/1835/2010
f 1502/1835/2010 1567/1900/2090 1371/1698/1845
f 1568/1901/2091 1547/1902/2055 1365/1716/1839
f 1365/1716/1839 1383/1715/1857 1568/1901/2091
f 1569/1903/2092 1546/1904/2054 1547/1902/2055
f 1547/1902/2055 1568/1901/2091 1569/1903/2092
f 1570/1905/2093 1545/1906/2053 1546/1904/2054
f 1546/1904/2054 1569/1903/2092 1570/1905/2093
f 1571/1907/2094 1544/1908/2052 1545/1906/2053
f 1545/1906/2053 1570/1905/2093 1571/1907/2094
f 1572/1909/2095 1543/1910/2051 1544/1908/2052
f 1544/1908/2052 1571/1907/2094 1572/1909/2095
f 1573/1911/2096 1541/1912/2049 1543/1910/2051
f 1543/1910/2051 1572/1909/2095 1573/1911/2096
f 1574/1913/2097 1542/1914/2050 1541/1912/2049
f 1541/1912/2049 1573/1911/2096 1574/1913/2097
f 1575/1915/2098 1539/1916/2047 1540/1917/2048
f 1540/1917/2048 1576/1918/2099 1575/1915/2098
f 1577/1919/2100 1538/1920/2046 1539/1916/2047
f 1539/1916/2047 1575/1915/2098 1577/1919/2100
f 1578/1921/2101 1536/1922/2044 1538/1920/2046
f 1538/1920/2046 1577/1919/2100 1578/1921/2101
f 1579/1923/2102 1537/1870/2045 1536/1869/2044
f 1536/1869/2044 1578/1924/2101 1579/1923/2102
f 1580/1925/2103 1535/1868/2043 1537/1870/2045
f 1537/1870/2045 1579/1923/2102 1580/1925/2103
f 1581/1926/2104 1533/1866/2041 1535/1868/2043
f 1535/1868/2043 1580/1925/2103 1581/1926/2104
f 1582/1927/2105 1531/1864/2039 1533/1866/2041
f 1533/1866/2041 1581/1926/2104 1582/1927/2105
f 1582/1927/2105 1583/1928/2106 1448/1781/1937
f 1448/1781/1937 1531/1864/2039 1582/1927/2105
f 1584/1929/2107 1449/1782/1938 1448/1781/1937
f 1448/1781/1937 1583/1928/2106 1584/1929/2107
f 1585/1930/2108 1513/1846/2021 1449/1782/1938
f 1449/1782/1938 1584/1929/2107 1585/1930/2108
f 1586/1931/2109 1510/1843/2018 1513/1846/2021
f 1513/1846/2021 1585/1930/2108 1586/1931/2109
f 1587/1932/2110 1511/1844/2019 1510/1843/2018
f 1510/1843/2018 1586/1931/2109 1587/1932/2110
f 1588/1933/2111 1508/1841/2016 1511/1844/2019
f 1511/1844/2019 1587/1932/2110 1588/1933/2111
f 1589/1934/2112 1506/1839/2014 1508/1841/2016
f 1508/1841/2016 1588/1933/2111 1589/1934/2112
f 1385/1718/1859 1348/1675/1822 1506/1839/2014
f 1506/1839/2014 1589/1934/2112 1385/1718/1859
f 1501/1834/2007 1499/1832/2003 1357/1684/1831
f 1357/1684/1831 1312/1639/1785 1501/1834/2007
f 1500/1833/2113 1495/1828/1999 1499/1832/2003
f 1499/1832/2003 1501/1834/2007 1500/1833/2113
f 1590/1935/2114 1493/1826/1997 1495/1828/1999
f 1495/1828/1999 1500/1833/2113 1590/1935/2114
f 1407/1740/1881 1590/1935/2114 1500/1833/2113
f 1500/1833/2113 1425/1758/1899 1407/1740/1881
f 1591/1936/2115 1492/1825/1996 1493/1826/1997
f 1493/1826/1997 1590/1935/2114 1591/1936/2115
f 1406/1739/1880 1591/1936/2115 1590/1935/2114
f 1590/1935/2114 1407/1740/1881 1406/1739/1880
f 1592/1937/2116 1491/1824/1995 1492/1825/1996
f 1492/1825/1996 1591/1936/2115 1592/1937/2116
f 1410/1743/1884 1592/1937/2116 1591/1936/2115
f 1591/1936/2115 1406/1739/1880 1410/1743/1884
f 1593/1938/2117 1489/1822/1993 1491/1824/1995
f 1491/1824/1995 1592/1937/2116 1593/1938/2117
f 1394/1727/1868 1593/1938/2117 1592/1937/2116
f 1592/1937/2116 1410/1743/1884 1394/1727/1868
f 1393/1726/1867 1594/1939/2118 1593/1938/2117
f 1593/1938/2117 1394/1727/1868 1393/1726/1867
f 1594/1939/2118 1487/1820/1991 1489/1822/1993
f 1489/1822/1993 1593/1938/2117 1594/1939/2118
f 1398/1731/1872 1595/1940/2119 1594/1939/2118
f 1594/1939/2118 1393/1726/1867 1398/1731/1872
f 1595/1940/2119 1488/1821/1992 1487/1820/1991
f 1487/1820/1991 1594/1939/2118 1595/1940/2119
f 1542/1875/2050 1596/1941/2120 1595/1940/2119
f 1595/1940/2119 1398/1731/1872 1542/1875/2050
f 1596/1941/2120 1540/1873/2048 1488/1821/1992
f 1488/1821/1992 1595/1940/2119 1596/1941/2120
f 1574/1913/2097 1597/1942/2121 1596/1943/2120
f 1596/1943/2120 1542/1914/2050 1574/1913/2097
f 1597/1942/2121 1576/1918/2099 1540/1917/2048
f 1540/1917/2048 1596/1943/2120 1597/1942/2121
f 1423/1756/1897 1420/1753/1894 1414/1747/1888
f 1414/1747/1888 1490/1823/1994 1423/1756/1897
f 1413/1746/1887 1453/1786/1942 1490/1823/1994
f 1490/1823/1994 1414/1747/1888 1413/1746/1887
f 1420/1753/1894 1411/1744/1885 1414/1747/1888
f 1416/1749/1890 1456/1789/1945 1417/1750/1891
f 1441/1774/1929 1424/1757/1988 1486/1819/1986
f 1503/1836/2011 1520/1853/2028 1321/1648/1795
f 1520/1853/2028 1322/1649/1796 1321/1648/1795
f 1508/1841/2016 1507/1840/2015 1511/1844/2019
f 1524/1857/2032 1514/1847/2022 1518/1851/2026
f 1514/1847/2022 1524/1857/2032 1515/1848/2023
f 1516/1849/2024 1507/1840/2015 1505/1838/2013
f 1505/1838/2013 1519/1852/2027 1516/1849/2024
f 1519/1852/2027 1517/1850/2025 1516/1849/2024
f 1526/1859/2034 1525/1858/2033 1503/1836/2011
f 1515/1848/2023 1450/1783/1939 1512/1845/2020
f 1534/1867/2042 1457/1790/1946 1456/1789/1945
f 1457/1790/1946 1534/1867/2042 1559/1892/2071
f 1537/1870/2045 1535/1868/2043 1534/1867/2042
f 1456/1789/1945 1537/1870/2045 1534/1867/2042
f 1527/1860/2035 1550/1883/2058 1529/1862/2037
f 1548/1881/2056 1529/1862/2037 1550/1883/2058
f 1548/1881/2056 1550/1883/2058 1478/1811/1969
f 1552/1885/2122 1553/1886/2089 1551/1884/2059
f 1552/1885/2123 1551/1884/2059 1497/1830/2001
f 1451/1784/1940 1554/1887/2064 1452/1785/1941
f 1554/1887/2064 1483/1816/1974 1552/1885/2060
f 1470/1803/2124 1558/1891/2125 1548/1881/2126
f 1559/1892/2071 1558/1891/2070 1560/1893/2075
f 1457/1790/1946 1561/1894/2077 1455/1788/1944
f 1500/1833/2127 1428/1761/2128 1426/1759/1901
f 1500/1833/2127 1426/1759/1901 1425/1758/1900
f 1428/1761/2129 1500/1833/2130 1434/1767/2131
f 1598/1944/2132 1599/1945/2133 1600/1946/2134
f 1601/1947/2135 1602/1948/2136 1603/1949/2137
f 1603/1949/2137 1604/1950/2138 1601/1947/2135
f 1602/1948/2136 1605/1951/2139 1606/1952/2140
f 1606/1952/2140 1603/1949/2137 1602/1948/2136
f 1607/1953/2141 1608/1954/2142 1602/1948/2136
f 1602/1948/2136 1601/1947/2135 1607/1953/2141
f 1608/1954/2142 1609/1955/2143 1605/1951/2139
f 1605/1951/2139 1602/1948/2136 1608/1954/2142
f 1610/1956/2144 1611/1957/2145 1612/1958/2146
f 1612/1958/2146 1613/1959/2147 1610/1956/2144
f 1611/1957/2145 1614/1960/2148 1615/1961/2149
f 1615/1961/2149 1612/1958/2146 1611/1957/2145
f 1614/1960/2148 1616/1962/2150 1617/1963/2151
f 1617/1963/2151 1615/1961/2149 1614/1960/2148
f 1613/1959/2147 1612/1958/2146 1618/1964/2152
f 1618/1964/2152 1619/1965/2153 1613/1959/2147
f 1619/1965/2153 1618/1964/2152 1605/1951/2139
f 1605/1951/2139 1609/1955/2143 1619/1965/2153
f 1612/1958/2146 1615/1961/2149 1606/1952/2140
f 1606/1952/2140 1618/1964/2152 1612/1958/2146
f 1605/1951/2139 1618/1964/2152 1606/1952/2140
f 1606/1952/2140 1620/1966/2154 1603/1949/2137
f 1615/1961/2149 1617/1963/2151 1620/1966/2154
f 1620/1966/2154 1606/1952/2140 1615/1961/2149
f 1604/1950/2138 1603/1949/2137 1620/1966/2154
f 1621/1967/2155 1622/1968/2156 1623/1969/2157
f 1623/1969/2157 1624/1970/2158 1621/1967/2155
f 1625/1971/2159 1626/1972/2160 1627/1973/2161
f 1627/1973/2161 1623/1969/2157 1622/1968/2156
f 1622/1968/2156 1625/1971/2159 1627/1973/2161
f 1626/1972/2160 1628/1974/2162 1629/1975/2163
f 1629/1975/2163 1627/1973/2161 1626/1972/2160
f 1627/1973/2161 1629/1975/2163 1630/1976/2164
f 1630/1976/2164 1623/1969/2157 1627/1973/2161
f 1628/1974/2162 1631/1977/2165 1632/1978/2166
f 1632/1978/2166 1629/1975/2163 1628/1974/2162
f 1629/1975/2163 1632/1978/2166 1633/1979/2167
f 1633/1979/2167 1630/1976/2164 1629/1975/2163
f 1634/1980/2168 1635/1981/2169 1636/1982/2170
f 1636/1982/2170 1637/1983/2171 1634/1980/2168
f 1635/1981/2169 1638/1984/2172 1639/1985/2173
f 1639/1985/2173 1636/1982/2170 1635/1981/2169
f 1638/1984/2172 1268/1562/1706 1269/1565/1709
f 1269/1565/1709 1639/1985/2173 1638/1984/2172
f 1640/1986/2174 1641/1987/2175 1642/1988/2176
f 1642/1988/2176 1641/1987/2175 1643/1989/2177
f 1643/1989/2177 1644/1990/2178 1642/1988/2176
f 1645/1991/2179 1646/1992/2180 1647/1993/2181
f 1645/1991/2182 1648/1994/2183 1649/1995/2184
f 1649/1995/2184 1646/1992/2185 1645/1991/2186
f 1648/1994/2187 1650/1996/2188 1649/1995/2189
f 1646/1992/2190 1649/1995/2189 1650/1996/2188
f 1651/1997/2191 1647/1993/2192 1646/1992/2193
f 1646/1992/2190 1650/1996/2188 1651/1997/2191
f 1598/1944/2132 1644/1990/2194 1643/1989/2195
f 1643/1989/2195 1599/1945/2133 1598/1944/2132
f 1652/1998/2196 1653/1999/2197 1654/2000/2198
f 1654/2000/2198 1655/2001/2199 1652/1998/2196
f 1656/2002/2200 1634/1980/2168 1657/2003/2201
f 1657/2003/2201 1658/2004/2202 1656/2002/2200
f 1634/1980/2168 1637/1983/2171 1659/2005/2203
f 1659/2005/2203 1657/2003/2201 1634/1980/2168
f 1655/2001/2199 1654/2000/2198 1660/2006/2204
f 1660/2006/2204 1661/2007/2205 1655/2001/2199
f 1658/2004/2202 1657/2003/2201 1662/2008/2206
f 1662/2008/2206 1663/2009/2207 1658/2004/2202
f 1657/2003/2201 1659/2005/2203 1664/2010/2208
f 1664/2010/2208 1662/2008/2206 1657/2003/2201
f 1645/1991/2209 1663/2009/2207 1662/2008/2206
f 1645/1991/2209 1662/2008/2206 1664/2010/2208
f 1664/2010/2208 1648/1994/2187 1645/1991/2209
f 1665/2011/2210 1666/2012/2211 1667/2013/2212
f 1667/2013/2212 1668/2014/2213 1665/2011/2210
f 1668/2014/2213 1667/2013/2212 1669/2015/2214
f 1669/2015/2214 1670/2016/2215 1668/2014/2213
f 1671/2017/2216 1672/2018/2217 1673/2019/2218
f 1674/2020/2219 1672/2018/2217 1675/2021/2220
f 1675/2021/2220 1676/2022/2221 1674/2020/2219
f 1677/2023/2222 1678/2024/2223 1676/2022/2221
f 1676/2022/2221 1675/2021/2220 1677/2023/2222
f 1326/1653/1800 1679/2025/2224 1680/2026/2225
f 1679/2025/2224 1681/2027/2226 1682/2028/2227
f 1682/2028/2227 1680/2026/2225 1679/2025/2224
f 1681/2027/2226 1683/2029/2228 1673/2019/2218
f 1673/2019/2218 1682/2028/2227 1681/2027/2226
f 1683/2029/2228 1684/2030/2229 1671/2017/2216
f 1671/2017/2216 1673/2019/2218 1683/2029/2228
f 1684/2030/2229 1685/2031/2230 1686/2032/2231
f 1686/2032/2231 1671/2017/2216 1684/2030/2229
f 1687/2033/2232 1688/2034/2233 1678/2024/2223
f 1678/2024/2223 1677/2023/2222 1687/2033/2232
f 1689/2035/2234 1690/2036/2235 1691/2037/2236
f 1691/2037/2236 1692/2038/2237 1689/2035/2234
f 1693/2039/2238 1691/2037/2236 1690/2036/2235
f 1691/2037/2236 1693/2039/2238 1694/2040/2239
f 1695/2041/2240 1696/2042/2241 1661/2007/2205
f 1661/2007/2205 1660/2006/2204 1695/2041/2240
f 1695/2041/2242 1697/2043/2243 1694/2040/2239
f 1694/2040/2239 1696/2042/2244 1695/2041/2242
f 1698/2044/2245 1694/2040/2239 1697/2043/2243
f 1694/2040/2239 1698/2044/2245 1691/2037/2236
f 1698/2044/2245 1699/2045/2246 1692/2038/2237
f 1692/2038/2237 1691/2037/2236 1698/2044/2245
f 1326/1653/1800 1334/1661/1808 1679/2025/2224
f 1334/1661/1808 1335/1662/1809 1681/2027/2226
f 1681/2027/2226 1679/2025/2224 1334/1661/1808
f 1335/1662/1809 1336/1663/1810 1683/2029/2228
f 1683/2029/2228 1681/2027/2226 1335/1662/1809
f 1336/1663/1810 1337/1664/1811 1684/2030/2229
f 1684/2030/2229 1683/2029/2228 1336/1663/1810
f 1337/1664/1811 1700/2046/2247 1685/2031/2230
f 1685/2031/2230 1684/2030/2229 1337/1664/1811
f 1700/2046/2247 1701/2047/2248 1702/2048/2249
f 1702/2048/2249 1685/2031/2230 1700/2046/2247
f 1701/2047/2248 1703/2049/2250 1704/2050/2251
f 1704/2050/2251 1702/2048/2249 1701/2047/2248
f 1705/2051/2252 1706/2052/2253 1707/2053/2254
f 1707/2053/2254 1708/2054/2255 1705/2051/2252
f 1706/2052/2253 1709/2055/2256 1687/2033/2232
f 1687/2033/2232 1707/2053/2254 1706/2052/2253
f 1709/2055/2256 1710/2056/2257 1688/2034/2233
f 1688/2034/2233 1687/2033/2232 1709/2055/2256
f 1711/2057/2258 1712/2058/2259 1713/2059/2260
f 1713/2059/2260 1714/2060/2261 1711/2057/2258
f 1715/2061/2262 1716/2062/2263 1621/1967/2155
f 1621/1967/2155 1717/2063/2264 1715/2061/2262
f 1622/1968/2156 1621/1967/2155 1716/2062/2263
f 1716/2062/2263 1718/2064/2265 1622/1968/2156
f 1718/2064/2265 1719/2065/2266 1625/1971/2159
f 1625/1971/2159 1622/1968/2156 1718/2064/2265
f 1719/2065/2266 1720/2066/2267 1721/2067/2268
f 1721/2067/2268 1625/1971/2159 1719/2065/2266
f 1722/2068/2269 1723/2069/2270 1724/2070/2271
f 1724/2070/2271 1725/2071/2272 1726/2072/2273
f 1726/2072/2274 1722/2068/2269 1724/2070/2271
f 1727/2073/2275 1728/2074/2276 1729/2075/2277
f 1729/2075/2277 1730/2076/2278 1727/2073/2275
f 1731/2077/2279 1729/2075/2277 1728/2074/2276
f 1731/2077/2279 1723/2069/2270 1732/2078/2280
f 1723/2069/2270 1722/2068/2269 1733/2079/2281
f 1733/2079/2281 1732/2078/2280 1723/2069/2270
f 1722/2068/2269 1726/2072/2274 1734/2080/2282
f 1734/2080/2283 1733/2079/2281 1722/2068/2269
f 1735/2081/2284 1736/2082/2285 1737/2083/2286
f 1737/2083/2286 1738/2084/2287 1735/2081/2288
f 1739/2085/2289 1737/2083/2286 1736/2082/2285
f 1740/2086/2290 1741/2087/2291 1742/2088/2292
f 1743/2089/2293 1744/2090/2294 1727/2073/2275
f 1727/2073/2275 1730/2076/2278 1743/2089/2293
f 1737/2083/2286 1739/2085/2289 1728/2074/2276
f 1728/2074/2276 1745/2091/2295 1737/2083/2286
f 1728/2074/2276 1727/2073/2275 1745/2091/2295
f 1731/2077/2279 1728/2074/2276 1739/2085/2289
f 1731/2077/2279 1732/2078/2280 1742/2088/2292
f 1740/2086/2290 1742/2088/2292 1732/2078/2280
f 1740/2086/2290 1732/2078/2280 1733/2079/2281
f 1746/2092/2296 1740/2086/2290 1733/2079/2281
f 1733/2079/2281 1734/2080/2283 1746/2092/2296
f 1747/2093/2297 1748/2094/2298 1654/2000/2198
f 1654/2000/2198 1653/1999/2197 1747/2093/2297
f 1656/2002/2200 1658/2004/2202 1748/2094/2298
f 1748/2094/2298 1747/2093/2297 1656/2002/2200
f 1658/2004/2202 1663/2009/2207 1749/2095/2299
f 1749/2095/2299 1748/2094/2298 1658/2004/2202
f 1748/2094/2298 1749/2095/2299 1660/2006/2204
f 1660/2006/2204 1654/2000/2198 1748/2094/2298
f 1663/2009/2207 1645/1991/2209 1695/2041/2240
f 1695/2041/2240 1749/2095/2299 1663/2009/2207
f 1695/2041/2240 1660/2006/2204 1749/2095/2299
f 1645/1991/2300 1697/2043/2243 1695/2041/2242
f 1697/2043/2243 1645/1991/2179 1647/1993/2301
f 1647/1993/2301 1698/2044/2245 1697/2043/2243
f 1647/1993/2192 1651/1997/2191 1699/2045/2302
f 1699/2045/2303 1698/2044/2304 1647/1993/2305
f 1643/1989/2306 1690/2036/2235 1689/2035/2307
f 1689/2035/2308 1599/1945/2309 1643/1989/2310
f 1750/2096/2311 1693/2039/2238 1690/2036/2235
f 1643/1989/2177 1641/1987/2175 1750/2096/2311
f 1750/2096/2311 1690/2036/2235 1643/1989/2312
f 1616/1962/2150 1751/2097/2313 1640/1986/2314
f 1693/2039/2238 1751/2097/2315 1696/2042/2316
f 1696/2042/2244 1694/2040/2239 1693/2039/2238
f 1641/1987/2175 1640/1986/2174 1751/2097/2317
f 1751/2097/2317 1750/2096/2311 1641/1987/2175
f 1751/2097/2318 1614/1960/2148 1661/2007/2205
f 1661/2007/2205 1696/2042/2241 1751/2097/2319
f 1751/2097/2318 1616/1962/2150 1614/1960/2148
f 1614/1960/2148 1611/1957/2145 1655/2001/2199
f 1655/2001/2199 1661/2007/2205 1614/1960/2148
f 1611/1957/2145 1610/1956/2144 1652/1998/2196
f 1652/1998/2196 1655/2001/2199 1611/1957/2145
f 1752/2098/2320 1753/2099/2321 1632/1978/2166
f 1632/1978/2166 1631/1977/2165 1752/2098/2320
f 1753/2099/2321 1754/2100/2322 1633/1979/2167
f 1633/1979/2167 1632/1978/2166 1753/2099/2321
f 1754/2100/2322 1755/2101/2323 1756/2102/2324
f 1756/2102/2324 1633/1979/2167 1754/2100/2322
f 1755/2101/2323 1757/2103/2325 1717/2063/2264
f 1717/2063/2264 1756/2102/2324 1755/2101/2323
f 1757/2103/2325 1758/2104/2326 1715/2061/2262
f 1715/2061/2262 1717/2063/2264 1757/2103/2325
f 1758/2104/2326 1759/2105/2327 1760/2106/2328
f 1760/2106/2328 1715/2061/2262 1758/2104/2326
f 1761/2107/2329 1762/2108/2330 1668/2014/2213
f 1668/2014/2213 1670/2016/2215 1761/2107/2329
f 1762/2108/2330 1665/2011/2210 1668/2014/2213
f 1763/2109/2331 1764/2110/2332 1665/2011/2210
f 1665/2011/2210 1762/2108/2330 1763/2109/2331
f 1765/2111/2333 1766/2112/2334 1667/2013/2212
f 1667/2013/2212 1666/2012/2211 1765/2111/2333
f 1766/2112/2334 1767/2113/2335 1669/2015/2214
f 1669/2015/2214 1667/2013/2212 1766/2112/2334
f 1768/2114/2336 1760/2106/2328 1769/2115/2337
f 1769/2115/2337 1770/2116/2338 1768/2114/2336
f 1760/2106/2328 1759/2105/2327 1771/2117/2339
f 1771/2117/2339 1769/2115/2337 1760/2106/2328
f 1599/1945/2133 1689/2035/2340 1600/1946/2134
f 1692/2038/2341 1772/2118/2342 1600/1946/2343
f 1600/1946/2343 1689/2035/2344 1692/2038/2341
f 1651/1997/2191 1772/2118/2342 1699/2045/2345
f 1772/2118/2342 1692/2038/2341 1699/2045/2346
f 1650/1996/2188 1648/1994/2187 1772/2118/2342
f 1772/2118/2342 1651/1997/2191 1650/1996/2188
f 1761/2107/2329 1670/2016/2215 1769/2115/2337
f 1769/2115/2337 1771/2117/2339 1761/2107/2329
f 1670/2016/2215 1669/2015/2214 1770/2116/2338
f 1770/2116/2338 1769/2115/2337 1670/2016/2215
f 1669/2015/2214 1767/2113/2335 1773/2119/2347
f 1773/2119/2347 1770/2116/2338 1669/2015/2214
f 1674/2020/2219 1676/2022/2221 1774/2120/2348
f 1774/2120/2348 1775/2121/2349 1674/2020/2219
f 1705/2051/2252 1708/2054/2255 1704/2050/2251
f 1704/2050/2251 1703/2049/2250 1705/2051/2252
f 1677/2023/2222 1776/2122/2350 1707/2053/2254
f 1707/2053/2254 1687/2033/2232 1677/2023/2222
f 1702/2048/2249 1776/2122/2350 1686/2032/2231
f 1686/2032/2231 1685/2031/2230 1702/2048/2249
f 1776/2122/2350 1677/2023/2222 1675/2021/2220
f 1675/2021/2220 1777/2123/2351 1776/2122/2350
f 1710/2056/2257 1778/2124/2352 1779/2125/2353
f 1779/2125/2353 1688/2034/2233 1710/2056/2257
f 1778/2124/2352 1780/2126/2354 1781/2127/2355
f 1781/2127/2355 1779/2125/2353 1778/2124/2352
f 1782/2128/2356 1783/2129/2357 1784/2130/2358
f 1784/2130/2358 1781/2127/2355 1782/2128/2356
f 1711/2057/2258 1714/2060/2261 1785/2131/2359
f 1785/2131/2359 1786/2132/2360 1711/2057/2258
f 1783/2129/2357 1786/2132/2360 1785/2131/2359
f 1785/2131/2359 1784/2130/2358 1783/2129/2357
f 1787/2133/2361 1788/2134/2362 1784/2130/2358
f 1784/2130/2358 1785/2131/2359 1787/2133/2361
f 1788/2134/2362 1789/2135/2363 1781/2127/2355
f 1781/2127/2355 1784/2130/2358 1788/2134/2362
f 1790/2136/2364 1791/2137/2365 1789/2135/2363
f 1789/2135/2363 1788/2134/2362 1790/2136/2364
f 1688/2034/2233 1779/2125/2353 1792/2138/2366
f 1792/2138/2366 1678/2024/2223 1688/2034/2233
f 1792/2138/2366 1791/2137/2365 1793/2139/2367
f 1793/2139/2367 1678/2024/2223 1792/2138/2366
f 1790/2136/2364 1794/2140/2368 1791/2137/2365
f 1774/2120/2348 1793/2139/2367 1795/2141/2369
f 1791/2137/2365 1794/2140/2368 1795/2141/2369
f 1795/2141/2369 1793/2139/2367 1791/2137/2365
f 1790/2136/2364 1796/2142/2370 1797/2143/2371
f 1797/2143/2371 1794/2140/2368 1790/2136/2364
f 1774/2120/2348 1795/2141/2369 1798/2144/2372
f 1794/2140/2368 1797/2143/2371 1798/2144/2372
f 1798/2144/2372 1795/2141/2369 1794/2140/2368
f 1799/2145/2373 1800/2146/2374 1798/2144/2372
f 1798/2144/2372 1801/2147/2375 1799/2145/2373
f 1797/2143/2371 1714/2060/2261 1801/2147/2375
f 1801/2147/2375 1798/2144/2372 1797/2143/2371
f 1796/2142/2370 1787/2133/2361 1714/2060/2261
f 1714/2060/2261 1797/2143/2371 1796/2142/2370
f 1802/2148/2376 1799/2145/2373 1801/2147/2375
f 1801/2147/2375 1713/2059/2260 1802/2148/2376
f 1714/2060/2261 1713/2059/2260 1801/2147/2375
f 1712/2058/2259 1803/2149/2377 1804/2150/2378
f 1804/2150/2378 1713/2059/2260 1712/2058/2259
f 1805/2151/2379 1806/2152/2380 1804/2150/2378
f 1804/2150/2378 1803/2149/2377 1805/2151/2379
f 1807/2153/2381 1808/2154/2382 1806/2152/2380
f 1806/2152/2380 1805/2151/2379 1807/2153/2381
f 1809/2155/2383 1810/2156/2384 1626/1972/2160
f 1626/1972/2160 1721/2067/2268 1809/2155/2383
f 1810/2156/2384 1811/2157/2385 1628/1974/2162
f 1628/1974/2162 1626/1972/2160 1810/2156/2384
f 1811/2157/2385 1812/2158/2386 1631/1977/2165
f 1631/1977/2165 1628/1974/2162 1811/2157/2385
f 1812/2158/2386 1813/2159/2387 1752/2098/2320
f 1752/2098/2320 1631/1977/2165 1812/2158/2386
f 1814/2160/2388 1815/2161/2389 1608/1954/2142
f 1608/1954/2142 1607/1953/2141 1814/2160/2388
f 1815/2161/2389 1816/2162/2390 1609/1955/2143
f 1609/1955/2143 1608/1954/2142 1815/2161/2389
f 1816/2162/2390 1817/2163/2391 1619/1965/2153
f 1619/1965/2153 1609/1955/2143 1816/2162/2390
f 1817/2163/2391 1818/2164/2392 1613/1959/2147
f 1613/1959/2147 1619/1965/2153 1817/2163/2391
f 1818/2164/2392 1819/2165/2393 1610/1956/2144
f 1610/1956/2144 1613/1959/2147 1818/2164/2392
f 1819/2165/2393 1820/2166/2394 1652/1998/2196
f 1652/1998/2196 1610/1956/2144 1819/2165/2393
f 1820/2166/2394 1821/2167/2395 1653/1999/2197
f 1653/1999/2197 1652/1998/2196 1820/2166/2394
f 1821/2167/2395 1822/2168/2396 1747/2093/2297
f 1747/2093/2297 1653/1999/2197 1821/2167/2395
f 1822/2168/2396 1295/2169/1768 1656/2002/2200
f 1656/2002/2200 1747/2093/2297 1822/2168/2396
f 1656/2002/2200 1295/2169/1768 1294/2170/1767
f 1294/2170/1767 1634/1980/2168 1656/2002/2200
f 1294/2170/1767 1823/2171/2397 1634/1980/2168
f 1823/2171/2397 1824/2172/2398 1638/1984/2172
f 1638/1984/2172 1635/1981/2169 1823/2171/2397
f 1824/2172/2398 1266/1563/1703 1268/1562/1706
f 1268/1562/1706 1638/1984/2172 1824/2172/2398
f 1738/2084/2287 1737/2083/2286 1745/2091/2295
f 1745/2091/2295 1825/2173/2399 1738/2084/2287
f 1802/2148/2376 1713/2059/2260 1804/2150/2378
f 1804/2150/2378 1825/2173/2399 1802/2148/2376
f 1745/2091/2295 1727/2073/2275 1744/2090/2294
f 1744/2090/2294 1825/2173/2399 1745/2091/2295
f 1800/2146/2374 1826/2174/2400 1775/2121/2349
f 1775/2121/2349 1774/2120/2348 1800/2146/2374
f 1827/2175/2401 1826/2174/2400 1800/2146/2374
f 1800/2146/2374 1799/2145/2373 1827/2175/2401
f 1744/2090/2294 1743/2089/2293 1826/2174/2400
f 1826/2174/2400 1827/2175/2401 1744/2090/2294
f 1773/2119/2347 1828/2176/2402 1768/2114/2336
f 1768/2114/2336 1770/2116/2338 1773/2119/2347
f 1768/2114/2336 1829/2177/2403 1760/2106/2328
f 1740/2086/2290 1829/2177/2404 1830/2178/2405
f 1830/2178/2405 1741/2087/2291 1740/2086/2290
f 1746/2092/2296 1829/2177/2403 1740/2086/2290
f 1831/2179/2406 1715/2061/2262 1760/2106/2328
f 1760/2106/2328 1829/2177/2403 1831/2179/2406
f 1832/2180/2407 1716/2062/2263 1831/2179/2406
f 1746/2092/2296 1734/2080/2408 1832/2180/2407
f 1832/2180/2407 1831/2179/2406 1746/2092/2296
f 1832/2180/2407 1833/2181/2409 1718/2064/2265
f 1718/2064/2265 1716/2062/2263 1832/2180/2407
f 1734/2080/2410 1726/2072/2411 1833/2181/2409
f 1833/2181/2409 1832/2180/2407 1734/2080/2412
f 1834/2182/2413 1719/2065/2266 1718/2064/2265
f 1718/2064/2265 1833/2181/2409 1834/2182/2413
f 1726/2072/2411 1725/2071/2414 1834/2182/2413
f 1834/2182/2413 1833/2181/2409 1726/2072/2411
f 1835/2183/2415 1836/2184/2416 1806/2152/2380
f 1806/2152/2380 1808/2154/2382 1835/2183/2415
f 1804/2150/2378 1806/2152/2380 1836/2184/2416
f 1836/2184/2416 1825/2173/2399 1804/2150/2378
f 1735/2081/2288 1738/2084/2287 1836/2184/2417
f 1836/2184/2416 1837/2185/2418 1735/2081/2419
f 1835/2183/2415 1720/2066/2267 1838/2186/2420
f 1838/2186/2420 1837/2185/2418 1835/2183/2415
f 1834/2182/2413 1838/2186/2420 1719/2065/2266
f 1838/2186/2421 1839/2187/2422 1735/2081/2423
f 1735/2081/2419 1837/2185/2418 1838/2186/2420
f 1834/2182/2413 1725/2071/2414 1839/2187/2424
f 1839/2187/2424 1838/2186/2420 1834/2182/2413
f 1725/2071/2272 1724/2070/2271 1840/2188/2425
f 1840/2188/2425 1839/2187/2426 1725/2071/2272
f 1839/2187/2426 1840/2188/2425 1736/2082/2285
f 1736/2082/2285 1735/2081/2427 1839/2187/2426
f 1724/2070/2271 1723/2069/2270 1739/2085/2289
f 1739/2085/2289 1840/2188/2425 1724/2070/2271
f 1739/2085/2289 1736/2082/2285 1840/2188/2425
f 1731/2077/2279 1739/2085/2289 1723/2069/2270
f 1731/2077/2279 1742/2088/2292 1729/2075/2277
f 1730/2076/2278 1729/2075/2277 1841/2189/2428
f 1742/2088/2292 1741/2087/2291 1841/2189/2428
f 1841/2189/2428 1729/2075/2277 1742/2088/2292
f 1841/2189/2428 1842/2190/2429 1743/2089/2293
f 1743/2089/2293 1730/2076/2278 1841/2189/2428
f 1741/2087/2291 1830/2178/2405 1842/2190/2429
f 1842/2190/2429 1841/2189/2428 1741/2087/2291
f 1842/2190/2429 1843/2191/2430 1826/2174/2400
f 1826/2174/2400 1743/2089/2293 1842/2190/2429
f 1830/2178/2405 1828/2176/2402 1843/2191/2430
f 1843/2191/2430 1842/2190/2429 1830/2178/2405
f 1828/2176/2402 1773/2119/2347 1844/2192/2431
f 1844/2192/2431 1843/2191/2430 1828/2176/2402
f 1843/2191/2430 1844/2192/2431 1775/2121/2349
f 1775/2121/2349 1826/2174/2400 1843/2191/2430
f 1844/2192/2431 1845/2193/2432 1674/2020/2219
f 1674/2020/2219 1775/2121/2349 1844/2192/2431
f 1773/2119/2347 1767/2113/2335 1845/2193/2432
f 1845/2193/2432 1844/2192/2431 1773/2119/2347
f 1845/2193/2432 1846/2194/2433 1672/2018/2217
f 1672/2018/2217 1674/2020/2219 1845/2193/2432
f 1767/2113/2335 1766/2112/2334 1846/2194/2433
f 1846/2194/2433 1845/2193/2432 1767/2113/2335
f 1846/2194/2433 1847/2195/2434 1673/2019/2218
f 1673/2019/2218 1672/2018/2217 1846/2194/2433
f 1766/2112/2334 1765/2111/2333 1847/2195/2434
f 1847/2195/2434 1846/2194/2433 1766/2112/2334
f 1847/2195/2434 1848/2196/2435 1682/2028/2227
f 1682/2028/2227 1673/2019/2218 1847/2195/2434
f 1765/2111/2333 1849/2197/2436 1848/2196/2435
f 1848/2196/2435 1847/2195/2434 1765/2111/2333
f 1848/2196/2435 1850/2198/2437 1680/2026/2225
f 1680/2026/2225 1682/2028/2227 1848/2196/2435
f 1849/2197/2436 1764/2110/2332 1850/2198/2437
f 1850/2198/2437 1848/2196/2435 1849/2197/2436
f 1850/2198/2437 1851/2199/2438 1326/1653/1800
f 1326/1653/1800 1680/2026/2225 1850/2198/2437
f 1851/2199/2438 1852/2200/2439 1376/1703/1850
f 1376/1703/1850 1326/1653/1800 1851/2199/2438
f 1764/2110/2332 1763/2109/2331 1852/2200/2439
f 1852/2200/2439 1851/2199/2438 1764/2110/2332
f 1636/1982/2170 1639/1985/2173 1378/1705/1852
f 1378/1705/1852 1379/1706/1853 1636/1982/2170
f 1639/1985/2173 1269/1565/1709 1270/1567/1712
f 1270/1567/1712 1378/1705/1852 1639/1985/2173
f 1266/1558/1703 1824/2201/2398 1380/1707/1854
f 1380/1707/1854 1267/1559/1704 1266/1558/1703
f 1824/2201/2398 1823/2202/2397 1381/1709/1855
f 1381/1709/1855 1380/1707/1854 1824/2201/2398
f 1823/2202/2397 1294/1621/1767 1297/1624/1770
f 1297/1624/1770 1381/1709/1855 1823/2202/2397
f 1295/1622/1768 1822/2203/2396 1382/1713/1856
f 1382/1713/1856 1296/1623/1769 1295/1622/1768
f 1822/2203/2396 1821/2204/2395 1383/1715/1857
f 1383/1715/1857 1382/1713/1856 1822/2203/2396
f 1821/2204/2395 1820/2205/2394 1568/1901/2091
f 1568/1901/2091 1383/1715/1857 1821/2204/2395
f 1820/2205/2394 1819/2206/2393 1569/1903/2092
f 1569/1903/2092 1568/1901/2091 1820/2205/2394
f 1819/2206/2393 1818/2207/2392 1570/1905/2093
f 1570/1905/2093 1569/1903/2092 1819/2206/2393
f 1818/2207/2392 1817/2208/2391 1571/1907/2094
f 1571/1907/2094 1570/1905/2093 1818/2207/2392
f 1817/2208/2391 1816/2209/2390 1572/1909/2095
f 1572/1909/2095 1571/1907/2094 1817/2208/2391
f 1816/2209/2390 1815/2210/2389 1573/1911/2096
f 1573/1911/2096 1572/1909/2095 1816/2209/2390
f 1815/2210/2389 1814/2211/2388 1574/1913/2097
f 1574/1913/2097 1573/1911/2096 1815/2210/2389
f 1813/2212/2387 1812/2213/2386 1575/1915/2098
f 1575/1915/2098 1576/1918/2099 1813/2212/2387
f 1812/2213/2386 1811/2214/2385 1577/1919/2100
f 1577/1919/2100 1575/1915/2098 1812/2213/2386
f 1811/2214/2385 1810/2215/2384 1578/1921/2101
f 1578/1921/2101 1577/1919/2100 1811/2214/2385
f 1810/2156/2384 1809/2155/2383 1579/1923/2102
f 1579/1923/2102 1578/1924/2101 1810/2156/2384
f 1809/2155/2383 1807/2153/2381 1580/1925/2103
f 1580/1925/2103 1579/1923/2102 1809/2155/2383
f 1807/2153/2381 1805/2151/2379 1581/1926/2104
f 1581/1926/2104 1580/1925/2103 1807/2153/2381
f 1805/2151/2379 1803/2149/2377 1582/1927/2105
f 1582/1927/2105 1581/1926/2104 1805/2151/2379
f 1712/2058/2259 1583/1928/2106 1582/1927/2105
f 1582/1927/2105 1803/2149/2377 1712/2058/2259
f 1712/2058/2259 1711/2057/2258 1584/1929/2107
f 1584/1929/2107 1583/1928/2106 1712/2058/2259
f 1711/2057/2258 1786/2132/2360 1585/1930/2108
f 1585/1930/2108 1584/1929/2107 1711/2057/2258
f 1786/2132/2360 1783/2129/2357 1586/1931/2109
f 1586/1931/2109 1585/1930/2108 1786/2132/2360
f 1783/2129/2357 1782/2128/2356 1587/1932/2110
f 1587/1932/2110 1586/1931/2109 1783/2129/2357
f 1782/2128/2356 1780/2126/2354 1588/1933/2111
f 1588/1933/2111 1587/1932/2110 1782/2128/2356
f 1780/2126/2354 1778/2124/2352 1589/1934/2112
f 1589/1934/2112 1588/1933/2111 1780/2126/2354
f 1778/2124/2352 1710/2056/2257 1385/1718/1859
f 1385/1718/1859 1589/1934/2112 1778/2124/2352
f 1710/2056/2257 1709/2055/2256 1384/1717/1858
f 1384/1717/1858 1385/1718/1859 1710/2056/2257
f 1709/2055/2256 1706/2052/2253 1386/1719/1860
f 1386/1719/1860 1384/1717/1858 1709/2055/2256
f 1706/2052/2253 1705/2051/2252 1387/1720/1861
f 1387/1720/1861 1386/1719/1860 1706/2052/2253
f 1705/2051/2252 1703/2049/2250 1388/1721/1862
f 1388/1721/1862 1387/1720/1861 1705/2051/2252
f 1703/2049/2250 1701/2047/2248 1389/1722/1863
f 1389/1722/1863 1388/1721/1862 1703/2049/2250
f 1701/2047/2248 1700/2046/2247 1390/1723/1864
f 1390/1723/1864 1389/1722/1863 1701/2047/2248
f 1700/2046/2247 1337/1664/1811 1390/1723/1864
f 1376/1703/1850 1852/2200/2439 1636/1982/2170
f 1636/1982/2170 1379/1706/1853 1376/1703/1850
f 1763/2109/2331 1659/2005/2203 1852/2200/2439
f 1763/2109/2331 1762/2108/2330 1664/2010/2208
f 1664/2010/2208 1659/2005/2203 1763/2109/2331
f 1762/2108/2330 1761/2107/2329 1664/2010/2208
f 1648/1994/2187 1664/2010/2208 1761/2107/2329
f 1761/2107/2329 1771/2117/2339 1772/2118/2342
f 1772/2118/2342 1648/1994/2187 1761/2107/2329
f 1771/2117/2339 1759/2105/2327 1600/1946/2343
f 1600/1946/2343 1772/2118/2342 1771/2117/2339
f 1759/2105/2327 1758/2104/2326 1853/2216/2440
f 1853/2216/2440 1600/1946/2343 1759/2105/2327
f 1600/1946/2343 1853/2216/2440 1616/1962/2150
f 1616/1962/2150 1640/1986/2314 1600/1946/2343
f 1758/2104/2326 1757/2103/2325 1854/2217/2441
f 1854/2217/2441 1853/2216/2440 1758/2104/2326
f 1853/2216/2440 1854/2217/2441 1617/1963/2151
f 1617/1963/2151 1616/1962/2150 1853/2216/2440
f 1757/2103/2325 1755/2101/2323 1855/2218/2442
f 1855/2218/2442 1854/2217/2441 1757/2103/2325
f 1854/2217/2441 1855/2218/2442 1620/1966/2154
f 1620/1966/2154 1617/1963/2151 1854/2217/2441
f 1755/2101/2323 1754/2100/2322 1856/2219/2443
f 1856/2219/2443 1855/2218/2442 1755/2101/2323
f 1855/2218/2442 1856/2219/2443 1604/1950/2138
f 1604/1950/2138 1620/1966/2154 1855/2218/2442
f 1856/2219/2443 1857/2220/2444 1601/1947/2135
f 1601/1947/2135 1604/1950/2138 1856/2219/2443
f 1754/2100/2322 1753/2099/2321 1857/2220/2444
f 1857/2220/2444 1856/2219/2443 1754/2100/2322
f 1857/2220/2444 1858/2221/2445 1607/1953/2141
f 1607/1953/2141 1601/1947/2135 1857/2220/2444
f 1753/2099/2321 1752/2098/2320 1858/2221/2445
f 1858/2221/2445 1857/2220/2444 1753/2099/2321
f 1858/2221/2445 1859/2222/2446 1814/2160/2388
f 1814/2160/2388 1607/1953/2141 1858/2221/2445
f 1752/2098/2320 1813/2159/2387 1859/2222/2446
f 1859/2222/2446 1858/2221/2445 1752/2098/2320
f 1859/2223/2446 1597/1942/2121 1574/1913/2097
f 1574/1913/2097 1814/2211/2388 1859/2223/2446
f 1813/2212/2387 1576/1918/2099 1597/1942/2121
f 1597/1942/2121 1859/2223/2446 1813/2212/2387
f 1624/1970/2158 1630/1976/2164 1633/1979/2167
f 1633/1979/2167 1756/2102/2324 1624/1970/2158
f 1756/2102/2324 1717/2063/2264 1621/1967/2155
f 1621/1967/2155 1624/1970/2158 1756/2102/2324
f 1630/1976/2164 1624/1970/2158 1623/1969/2157
f 1626/1972/2160 1625/1971/2159 1721/2067/2268
f 1672/2018/2217 1671/2017/2216 1686/2032/2231
f 1777/2123/2351 1672/2018/2217 1686/2032/2231
f 1675/2021/2220 1672/2018/2217 1777/2123/2351
f 1693/2039/2238 1750/2096/2311 1751/2097/2447
f 1849/2197/2436 1666/2012/2211 1665/2011/2210
f 1665/2011/2210 1764/2110/2332 1849/2197/2436
f 1666/2012/2211 1849/2197/2436 1765/2111/2333
f 1774/2120/2348 1676/2022/2221 1793/2139/2367
f 1793/2139/2367 1676/2022/2221 1678/2024/2223
f 1776/2122/2350 1702/2048/2249 1704/2050/2251
f 1776/2122/2350 1708/2054/2255 1707/2053/2254
f 1776/2122/2350 1777/2123/2351 1686/2032/2231
f 1704/2050/2251 1708/2054/2255 1776/2122/2350
f 1780/2126/2354 1782/2128/2356 1781/2127/2355
f 1796/2142/2370 1790/2136/2364 1788/2134/2362
f 1788/2134/2362 1787/2133/2361 1796/2142/2370
f 1789/2135/2363 1779/2125/2353 1781/2127/2355
f 1779/2125/2353 1789/2135/2363 1792/2138/2366
f 1792/2138/2366 1789/2135/2363 1791/2137/2365
f 1800/2146/2374 1774/2120/2348 1798/2144/2372
f 1787/2133/2361 1785/2131/2359 1714/2060/2261
f 1808/2154/2382 1721/2067/2268 1720/2066/2267
f 1720/2066/2267 1835/2183/2415 1808/2154/2382
f 1809/2155/2383 1808/2154/2382 1807/2153/2381
f 1721/2067/2268 1808/2154/2382 1809/2155/2383
f 1635/1981/2169 1634/1980/2168 1823/2171/2397
f 1799/2145/2373 1802/2148/2376 1827/2175/2401
f 1825/2173/2399 1827/2175/2401 1802/2148/2376
f 1825/2173/2448 1744/2090/2294 1827/2175/2401
f 1829/2177/2449 1828/2176/2450 1830/2178/2405
f 1829/2177/2403 1768/2114/2336 1828/2176/2451
f 1716/2062/2263 1715/2061/2262 1831/2179/2406
f 1831/2179/2406 1829/2177/2403 1746/2092/2296
f 1738/2084/2287 1825/2173/2452 1836/2184/2417
f 1835/2183/2415 1837/2185/2418 1836/2184/2416
f 1720/2066/2267 1719/2065/2266 1838/2186/2420
f 1851/2199/2438 1850/2198/2437 1764/2110/2332
f 1852/2200/2439 1637/1983/2171 1636/1982/2170
f 1637/1983/2171 1852/2200/2439 1659/2005/2203
f 1600/1946/2453 1642/1988/2176 1644/1990/2178
f 1600/1946/2453 1640/1986/2174 1642/1988/2176
f 1644/1990/2194 1598/1944/2132 1600/1946/2134
