version 1
nodes
0 "Bip01" -1
1 "Bip01 Pelvis" 0
2 "Bip01 L Leg" 1
3 "Bip01 L Leg1" 2
4 "Bip01 L Foot" 3
5 "Bip01 L Toe1" 4
6 "Bip01 R Leg" 1
7 "Bip01 R Leg1" 6
8 "Bip01 R Foot" 7
9 "Bip01 R Toe1" 8
10 "Bip01 Spine" 1
11 "Bip01 Spine1" 10
12 "Bip01 Spine2" 11
13 "Bip01 Spine3" 12
14 "Bip01 Neck" 13
15 "Bip01 Head" 14
16 "Bip01 L Arm" 14
17 "Bip01 L Arm1" 16
18 "Bip01 L Arm2" 17
19 "Bip01 L Hand" 18
20 "- L Hand Base" 19
21 "L thumb" 20
22 "L thumb2" 21
23 "L pointer" 20
24 "L pointer2" 23
25 "L pointer3" 24
26 "L middle" 20
27 "L middle2" 26
28 "L middle3" 27
29 "L ring" 20
30 "L ring2" 29
31 "L ring3" 30
32 "L pinky" 20
33 "L pinky2" 32
34 "L pinky3" 33
35 "Bip01 R Arm" 14
36 "Bip01 R Arm1" 35
37 "Bip01 R Arm2" 36
38 "Bip01 R Hand" 37
39 "- R Hand Base" 38
40 "R thumb" 39
41 "R thumb2" 40
42 "R pointer" 39
43 "R pointer2" 42
44 "R pointer3" 43
45 "R middle" 39
46 "R middle2" 45
47 "R middle3" 46
48 "R ring" 39
49 "R ring2" 48
50 "R ring3" 49
51 "R pinky" 39
52 "R pinky2" 51
53 "R pinky3" 52
54 "FrontHair" 15
55 "BackHair" 15
56 "BottomHair" 15
57 "- Headband" 15
58 "Headband1" 57
59 "Headband2" 57
60 "R Sleeve" 37
61 "L Sleeve" 18
62 "Collar" 13
63 "R Pants" 7
64 "Pouch" 1
65 "FrontShirt" 10
66 "BackShirt" 10
67 "ShoulderThingy1" 17
68 "ShoulderThingy2" 17
69 "ShoulderThingy3" 68
70 "-Facial" 15
71 "R Pupil Base" 70
72 "R Pupil1" 71
73 "R Pupil2" 71
74 "R Pupil3" 71
75 "R Pupil4" 71
76 "L Pupil Base" 70
77 "L Pupil1" 76
78 "L Pupil2" 76
79 "L Pupil3" 76
80 "L Pupil4" 76
81 "R Eye Base" 70
82 "R Eye1" 81
83 "R Eye2" 81
84 "R Eye3" 81
85 "R Eye4" 81
86 "R Eye5" 81
87 "R Eye6" 81
88 "R Eye7" 81
89 "R Eye8" 81
90 "R Eye9" 81
91 "R Eye10" 81
92 "L Eye Base" 70
93 "L Eye1" 92
94 "L Eye2" 92
95 "L Eye3" 92
96 "L Eye4" 92
97 "L Eye5" 92
98 "L Eye6" 92
99 "L Eye7" 92
100 "L Eye8" 92
101 "L Eye9" 92
102 "L Eye10" 92
103 "-Eyebrows" 70
104 "-Mouth_Base" 70
105 "Lower_Lip" 104
106 "Upper_Lip" 104
107 "Inner_Mouth" 104
108 "Lower_Lip1" 105
109 "Lower_Lip2" 105
110 "Lower_Lip3" 105
111 "Lower_Lip4" 105
112 "Upper_Lip1" 106
113 "Upper_Lip2" 106
114 "Inner_Mouth1" 107
115 "Inner_Mouth2" 107
116 "Inner_Mouth3" 107
117 "Upper_Teeth" 104
118 "Upper_Teeth1" 117
119 "Lower_Teeth" 104
120 "Chin" 70
121 "Lower_Lip5" 105
122 "Lower_Lip6" 105
123 "Lower_Lip7" 105
end
skeleton
time 0
0 0.000000 0.109105 64.090111 1.570796 -0.000000 0.000000
1 0.000000 0.000000 0.000000 0.000000 -0.000000 0.000000
2 7.791830 -2.349070 0.000000 -1.700878 1.271408 3.141592
3 0.000000 0.000000 23.666615 0.000000 -0.000000 0.000000
4 2.397900 0.272755 33.204102 0.029888 1.321897 3.141592
5 0.000000 0.000000 4.735880 0.000000 -0.000000 0.000000
6 -8.066665 -2.420685 0.036590 1.687147 1.232267 0.000000
7 0.000000 0.000000 23.441833 0.000000 -0.000000 0.000000
8 2.165775 -0.985095 33.338112 -0.093796 1.352298 3.141592
9 0.000000 0.000000 4.678130 0.000000 -0.000000 0.000000
10 0.000000 6.523365 0.324685 0.000000 -0.000000 0.000000
11 0.001315 6.089285 0.392850 1.735946 0.004086 3.141592
12 0.000000 0.000000 8.363795 -0.047780 0.000191 0.000000
13 0.000000 0.000000 9.889475 0.000000 -0.000000 0.000000
14 -0.006470 1.505180 7.734095 0.000000 -0.000000 0.000000
15 -0.010050 1.664035 2.663060 0.000000 -0.000000 0.000000
16 -7.964790 -4.340325 -6.340240 2.989963 1.309666 0.000000
17 0.000000 0.000000 6.041080 0.000000 -0.000000 0.000000
18 1.708360 -0.341095 11.641596 0.000000 -0.000000 0.000000
19 -1.890970 -3.732910 13.090645 -0.403218 0.243242 3.141592
20 0.000000 0.000000 4.651535 0.000000 -0.000000 0.000000
21 -2.445745 2.818475 0.662480 0.033503 0.605475 3.141592
22 0.000000 0.000000 2.756715 0.000000 -0.000000 0.000000
23 0.497110 1.497075 5.826880 -0.128565 0.001329 3.141592
24 0.000000 0.000000 2.585805 0.048145 0.415906 0.000000
25 0.000000 0.000000 1.999255 0.000000 -0.000000 0.000000
26 0.789040 -0.630800 4.926365 -0.097381 0.334303 3.141592
27 0.000000 0.000000 2.676625 0.001708 0.255628 0.000000
28 0.000000 0.000000 2.464855 0.000000 -0.000000 0.000000
29 1.147400 -2.233625 4.301040 -0.204094 0.413588 3.141592
30 0.000000 0.000000 2.512115 -0.055850 0.318269 0.000000
31 0.000000 0.000000 2.420025 0.000000 -0.000000 0.000000
32 1.079785 -3.965515 3.791605 -0.331580 0.506113 3.141592
33 0.000000 0.000000 2.006670 0.170203 0.268910 0.000000
34 0.000000 0.000000 1.886095 0.000000 -0.000000 0.000000
35 7.962210 -4.149515 -6.346615 -2.993629 1.282221 3.141592
36 0.000000 0.000000 5.625350 -0.038506 0.075242 0.000000
37 0.000000 0.000000 12.508455 0.000000 -0.000000 0.000000
38 -3.015625 3.044220 12.607585 0.251661 0.351939 3.141592
39 0.000000 0.000000 4.066315 0.000000 -0.000000 0.000000
40 -3.131075 -3.675890 0.937460 -0.292733 0.548689 3.141592
41 0.000000 0.000000 2.956395 0.000000 -0.000000 0.000000
42 0.804400 -2.644420 6.019035 -0.058111 0.248712 3.141592
43 0.000000 0.000000 2.853175 0.071062 0.286974 0.000000
44 0.000000 0.000000 1.485350 0.000000 -0.000000 0.000000
45 0.698600 -0.760065 5.528450 0.011859 0.304527 3.141592
46 0.000000 0.000000 2.632780 0.040756 0.241501 0.000000
47 0.000000 0.000000 2.276760 0.000000 -0.000000 0.000000
48 0.936030 1.198220 5.196405 0.118081 0.451576 3.141592
49 0.000000 0.000000 2.646990 -0.045536 0.304800 0.000000
50 0.000000 0.000000 2.215010 0.000000 -0.000000 0.000000
51 0.783405 3.197480 4.817660 0.130136 0.613182 3.141592
52 0.000000 0.000000 2.166925 0.037632 0.097321 0.000000
53 0.000000 0.000000 1.588490 0.000000 -0.000000 0.000000
54 -0.021555 6.045000 18.904884 0.000000 -0.000000 0.000000
55 0.020385 -3.750455 18.023815 0.000000 -0.000000 0.000000
56 0.021205 -4.636725 8.436640 0.000000 -0.000000 0.000000
57 0.034935 -7.816750 11.399670 0.000000 -0.000000 0.000000
58 -1.463035 -1.667040 0.916900 0.000000 -0.000000 0.000000
59 2.376925 -1.520955 -1.067090 0.000000 -0.000000 0.000000
60 -0.674680 2.258365 3.738605 0.000000 -0.000000 0.000000
61 -0.354370 -2.456970 3.174565 0.000000 -0.000000 0.000000
62 -0.001365 0.471315 1.873720 0.000000 -0.000000 0.000000
63 0.935100 0.158590 4.192920 0.000000 -0.000000 0.000000
64 5.717105 6.824985 -8.854140 0.000000 -0.000000 0.000000
65 0.000000 5.713755 6.526225 0.000000 -0.000000 0.000000
66 0.000000 6.679975 -7.075130 0.000000 -0.000000 0.000000
67 -4.145995 -0.889625 3.554795 0.000000 -0.000000 0.000000
68 -3.824105 -1.777200 4.008120 0.092392 0.201722 0.000000
69 0.000000 0.000000 4.344185 0.000000 -0.000000 0.000000
70 -0.009765 2.745110 4.683275 0.000000 -0.000000 0.000000
71 3.481010 2.515985 2.855020 0.000000 -0.000000 0.000000
72 1.303295 1.792350 2.185145 0.000000 -0.000000 0.000000
73 -0.754145 2.666660 1.888875 0.000000 -0.000000 0.000000
74 0.659570 1.381955 -2.638720 0.000000 -0.000000 0.000000
75 -1.292805 2.110135 -2.812570 0.000000 -0.000000 0.000000
76 -3.490340 2.510135 2.846515 0.000000 -0.000000 0.000000
77 -1.315360 1.761890 2.178585 0.000000 -0.000000 0.000000
78 0.752145 2.658190 1.880515 0.000000 -0.000000 0.000000
79 -0.636335 1.365590 -2.629155 0.000000 -0.000000 0.000000
80 1.292585 2.110100 -2.786685 0.000000 -0.000000 0.000000
81 3.512345 0.393370 3.214495 0.000000 -0.000000 0.000000
82 1.707210 0.899190 0.321905 0.000000 -0.000000 0.000000
83 1.093795 0.963890 0.891875 0.000000 -0.000000 0.000000
84 0.193605 0.972990 1.000200 0.000000 -0.000000 0.000000
85 -0.835105 0.929445 0.666480 0.000000 -0.000000 0.000000
86 -1.369160 0.855465 0.057540 0.000000 -0.000000 0.000000
87 -1.547110 0.770180 -0.659560 0.000000 -0.000000 0.000000
88 -1.319420 0.684225 -1.396425 0.000000 -0.000000 0.000000
89 -0.270855 0.681525 -1.455675 0.000000 -0.000000 0.000000
90 0.837075 0.668630 -1.603355 0.000000 -0.000000 0.000000
91 1.568925 0.773535 -0.739050 0.000000 -0.000000 0.000000
92 -3.482185 0.365220 3.217935 0.000000 -0.000000 0.000000
93 -1.746310 0.898540 0.327400 0.000000 -0.000000 0.000000
94 -1.126890 0.967225 0.888545 0.000000 -0.000000 0.000000
95 -0.224745 0.983610 0.996240 0.000000 -0.000000 0.000000
96 0.807915 0.949610 0.672105 0.000000 -0.000000 0.000000
97 1.362375 0.880575 0.067435 0.000000 -0.000000 0.000000
98 1.525555 0.795955 -0.655865 0.000000 -0.000000 0.000000
99 1.286570 0.705890 -1.411435 0.000000 -0.000000 0.000000
100 0.243105 0.696580 -1.454320 0.000000 -0.000000 0.000000
101 -1.159030 0.675625 -1.583445 0.000000 -0.000000 0.000000
102 -1.593940 0.771875 -0.752120 0.000000 -0.000000 0.000000
103 -0.008025 2.283575 4.237110 0.000000 -0.000000 0.000000
104 -0.003570 0.745575 -1.923925 0.000000 -0.000000 0.000000
105 -0.007220 1.690240 -1.321830 0.000000 -0.000000 0.000000
106 -0.009390 2.294440 -0.359060 0.000000 -0.000000 0.000000
107 -0.003920 0.939075 -0.409560 0.000000 -0.000000 0.000000
108 3.435720 2.080095 0.178595 0.000000 -0.000000 0.000000
109 -3.421480 2.054435 0.198310 0.000000 -0.000000 0.000000
110 1.439855 2.858945 0.055185 0.000000 -0.000000 0.000000
111 -1.434245 2.840020 0.059650 0.000000 -0.000000 0.000000
112 1.484350 2.342665 -0.654315 0.000000 -0.000000 0.000000
113 -1.450775 2.338890 -0.654430 0.000000 -0.000000 0.000000
114 3.539100 0.913775 -0.666170 0.000000 -0.000000 0.000000
115 -3.512430 0.887290 -0.646965 0.000000 -0.000000 0.000000
116 -0.006095 1.394870 -1.559510 0.000000 -0.000000 0.000000
117 -0.019105 4.658160 -0.850295 -2.508010 0.002407 3.141592
118 0.000000 0.000000 0.693265 0.000000 -0.000000 0.000000
119 -0.014800 3.555455 -1.413570 0.000000 -0.000000 0.000000
120 -0.016005 3.574530 -5.330310 0.000000 -0.000000 0.000000
121 -0.004350 1.043085 -0.430030 0.000000 -0.000000 0.000000
122 1.201720 2.508455 -0.771775 0.000000 -0.000000 0.000000
123 -1.226440 2.496910 -0.785610 0.000000 -0.000000 0.000000
end
triangles
body.png
61 31.645966 4.284180 83.007416 -0.663576 -0.491716 -0.563811 0.380859 0.439453
61 31.245115 0.041165 87.154541 -0.537388 -0.791394 -0.291391 0.375000 0.472656
18 24.843040 5.480960 82.871613 -0.044750 -0.665981 -0.744625 0.345703 0.425781
body.png
18 24.843040 5.480960 82.871613 -0.044750 -0.665981 -0.744625 0.345703 0.425781
61 31.245115 0.041165 87.154541 -0.537388 -0.791394 -0.291391 0.375000 0.472656
18 26.540501 0.248325 87.350807 -0.095272 -0.950964 -0.294264 0.345703 0.466797
body.png
61 31.245115 0.041165 87.154541 -0.537388 -0.791394 -0.291391 0.375000 0.472656
61 31.559906 0.880295 92.130661 -0.525303 -0.609726 0.593541 0.369141 0.501953
18 26.540501 0.248325 87.350807 -0.095272 -0.950964 -0.294264 0.345703 0.466797
body.png
18 26.540501 0.248325 87.350807 -0.095272 -0.950964 -0.294264 0.345703 0.466797
61 31.559906 0.880295 92.130661 -0.525303 -0.609726 0.593541 0.369141 0.501953
18 26.925751 1.559985 92.409073 -0.033202 -0.699933 0.713436 0.337891 0.496094
body.png
61 31.559906 0.880295 92.130661 -0.525303 -0.609726 0.593541 0.369141 0.501953
61 32.018784 7.063975 93.264908 -0.316289 0.307161 0.897560 0.361328 0.541016
18 26.925751 1.559985 92.409073 -0.033202 -0.699933 0.713436 0.337891 0.496094
body.png
18 26.925751 1.559985 92.409073 -0.033202 -0.699933 0.713436 0.337891 0.496094
61 32.018784 7.063975 93.264908 -0.316289 0.307161 0.897560 0.361328 0.541016
18 26.329205 8.505070 94.207657 0.205549 0.394055 0.895807 0.324219 0.539063
body.png
61 32.018784 7.063975 93.264908 -0.316289 0.307161 0.897560 0.361328 0.541016
61 32.566166 10.029705 90.009171 -0.258712 0.954028 0.151323 0.365234 0.568359
18 26.329205 8.505070 94.207657 0.205549 0.394055 0.895807 0.324219 0.539063
body.png
18 26.329205 8.505070 94.207657 0.205549 0.394055 0.895807 0.324219 0.539063
61 32.566166 10.029705 90.009171 -0.258712 0.954028 0.151323 0.365234 0.568359
18 26.263676 11.361770 90.035431 0.292867 0.954471 0.056701 0.326172 0.574219
body.png
61 32.566166 10.029705 90.009171 -0.258712 0.954028 0.151323 0.365234 0.568359
18 26.130322 10.024695 85.485497 0.193285 0.760310 -0.620137 0.332031 0.603516
18 26.263676 11.361770 90.035431 0.292867 0.954471 0.056701 0.326172 0.574219
body.png
18 26.263676 11.361770 90.035431 0.292867 0.954471 0.056701 0.326172 0.574219
18 26.130322 10.024695 85.485497 0.193285 0.760310 -0.620137 0.332031 0.603516
17 24.680746 10.573020 85.560059 0.058049 0.856141 -0.513471 0.322266 0.603516
body.png
18 26.130322 10.024695 85.485497 0.193285 0.760310 -0.620137 0.332031 0.603516
18 24.843040 5.480960 82.871613 0.050686 0.479214 -0.876233 0.333984 0.638672
17 24.680746 10.573020 85.560059 0.058049 0.856141 -0.513471 0.322266 0.603516
body.png
17 24.680746 10.573020 85.560059 0.058049 0.856141 -0.513471 0.322266 0.603516
18 24.843040 5.480960 82.871613 0.050686 0.479214 -0.876233 0.333984 0.638672
17 22.622950 10.119630 85.489868 -0.021452 0.798152 -0.602074 0.310547 0.607422
body.png
18 24.843040 5.480960 82.871613 0.050686 0.479214 -0.876233 0.333984 0.638672
17 22.889095 5.487835 82.780502 -0.011789 0.413948 -0.910224 0.322266 0.640625
17 22.622950 10.119630 85.489868 -0.021452 0.798152 -0.602074 0.310547 0.607422
body.png
17 22.622950 10.119630 85.489868 -0.021452 0.798152 -0.602074 0.310547 0.607422
17 22.889095 5.487835 82.780502 -0.011789 0.413948 -0.910224 0.322266 0.640625
17 17.772020 10.233801 84.855080 -0.035521 0.674955 -0.737003 0.283203 0.619141
body.png
17 22.889095 5.487835 82.780502 -0.011789 0.413948 -0.910224 0.322266 0.640625
17 18.051346 5.427360 83.777992 -0.079905 0.241151 -0.967193 0.292969 0.648438
17 17.772020 10.233801 84.855080 -0.035521 0.674955 -0.737003 0.283203 0.619141
body.png
17 17.772020 10.233801 84.855080 -0.035521 0.674955 -0.737003 0.283203 0.619141
17 18.051346 5.427360 83.777992 -0.079905 0.241151 -0.967193 0.292969 0.648438
11 11.994210 9.864205 85.087082 0.151875 0.805109 -0.573353 0.246094 0.632813
body.png
17 18.051346 5.427360 83.777992 -0.079905 0.241151 -0.967193 0.292969 0.648438
11 12.876500 5.528645 83.730804 0.570499 0.500353 -0.651290 0.263672 0.658203
11 11.994210 9.864205 85.087082 0.151875 0.805109 -0.573353 0.246094 0.632813
body.png
11 11.994210 9.864205 85.087082 0.151875 0.805109 -0.573353 0.246094 0.632813
11 12.876500 5.528645 83.730804 0.570499 0.500353 -0.651290 0.263672 0.658203
11 8.795580 10.206070 81.889526 0.542434 0.834547 -0.096416 0.222656 0.656250
body.png
11 12.876500 5.528645 83.730804 0.570499 0.500353 -0.651290 0.263672 0.658203
10 12.400000 5.634425 79.463470 0.830882 0.541090 0.129832 0.253906 0.681641
11 8.795580 10.206070 81.889526 0.542434 0.834547 -0.096416 0.222656 0.656250
body.png
11 8.795580 10.206070 81.889526 0.542434 0.834547 -0.096416 0.222656 0.656250
10 12.400000 5.634425 79.463470 0.830882 0.541090 0.129832 0.253906 0.681641
66 9.650000 10.659555 79.093445 0.510500 0.852339 0.113612 0.220703 0.675781
body.png
10 12.400000 5.634425 79.463470 0.830882 0.541090 0.129832 0.253906 0.681641
66 13.049999 5.709550 74.693443 0.766756 0.607331 -0.207927 0.250000 0.710938
66 9.650000 10.659555 79.093445 0.510500 0.852339 0.113612 0.220703 0.675781
body.png
66 9.650000 10.659555 79.093445 0.510500 0.852339 0.113612 0.220703 0.675781
66 13.049999 5.709550 74.693443 0.766756 0.607331 -0.207927 0.250000 0.710938
66 9.250000 10.109550 74.293442 0.437742 0.831839 -0.341212 0.216797 0.707031
body.png
66 13.049999 5.709550 74.693443 0.766756 0.607331 -0.207927 0.250000 0.710938
66 7.900000 9.509550 71.843445 0.528708 0.753997 -0.389816 0.207031 0.724609
66 9.250000 10.109550 74.293442 0.437742 0.831839 -0.341212 0.216797 0.707031
body.png
66 9.250000 10.109550 74.293442 0.437742 0.831839 -0.341212 0.216797 0.707031
66 7.900000 9.509550 71.843445 0.528708 0.753997 -0.389816 0.207031 0.724609
66 0.000000 10.859550 71.593445 -0.000243 0.904189 -0.427132 0.160156 0.724609
body.png
15 -7.328230 1.762095 115.082199 -0.954135 0.003889 0.299352 0.986328 0.554688
56 -8.490355 3.830880 111.351250 -0.971181 0.238259 -0.006357 0.964844 0.541016
15 -7.975245 2.389200 112.692505 -0.751660 -0.233624 -0.616788 0.974609 0.533203
body.png
15 -7.975245 2.389200 112.692505 -0.751660 -0.233624 -0.616788 0.974609 0.533203
56 -8.490355 3.830880 111.351250 -0.971181 0.238259 -0.006357 0.964844 0.541016
15 -6.915375 4.800500 112.256844 -0.230746 0.003137 -0.973009 0.957031 0.548828
body.png
56 -8.490355 3.830880 111.351250 -0.971181 0.238259 -0.006357 0.964844 0.541016
15 -6.966855 4.558955 114.903351 -0.822979 0.527125 0.211766 0.968750 0.568359
15 -6.915375 4.800500 112.256844 -0.230746 0.003137 -0.973009 0.957031 0.548828
body.png
15 -6.915375 4.800500 112.256844 -0.230746 0.003137 -0.973009 0.957031 0.548828
15 -6.966855 4.558955 114.903351 -0.822979 0.527125 0.211766 0.968750 0.568359
56 -6.378155 6.830975 111.248627 -0.608447 0.471362 -0.638444 0.943359 0.554688
body.png
15 -6.966855 4.558955 114.903351 -0.822979 0.527125 0.211766 0.968750 0.568359
15 -3.554330 7.623815 114.540977 -0.553897 0.812721 0.180785 0.929688 0.583984
56 -6.378155 6.830975 111.248627 -0.608447 0.471362 -0.638444 0.943359 0.554688
body.png
56 -6.378155 6.830975 111.248627 -0.608447 0.471362 -0.638444 0.943359 0.554688
15 -3.554330 7.623815 114.540977 -0.553897 0.812721 0.180785 0.929688 0.583984
15 -3.403895 7.604970 111.824455 -0.283668 0.156392 -0.946083 0.925781 0.558594
body.png
15 -3.554330 7.623815 114.540977 -0.553897 0.812721 0.180785 0.929688 0.583984
56 -2.567950 9.345185 111.353836 -0.280979 0.678032 -0.679208 0.912109 0.564453
15 -3.403895 7.604970 111.824455 -0.283668 0.156392 -0.946083 0.925781 0.558594
body.png
15 -3.403895 7.604970 111.824455 -0.283668 0.156392 -0.946083 0.925781 0.558594
56 -2.567950 9.345185 111.353836 -0.280979 0.678032 -0.679208 0.912109 0.564453
15 -2.555505 7.210130 111.921112 -0.322969 0.615606 -0.718833 0.917969 0.546875
body.png
56 -2.567950 9.345185 111.353836 -0.280979 0.678032 -0.679208 0.912109 0.564453
15 0.049375 8.408890 111.930046 -0.005867 0.835135 -0.550014 0.894531 0.558594
15 -2.555505 7.210130 111.921112 -0.322969 0.615606 -0.718833 0.917969 0.546875
body.png
15 -2.555505 7.210130 111.921112 -0.322969 0.615606 -0.718833 0.917969 0.546875
15 0.049375 8.408890 111.930046 -0.005867 0.835135 -0.550014 0.894531 0.558594
56 0.029690 8.612335 108.217323 -0.004635 0.865772 -0.500417 0.894531 0.529297
body.png
15 0.049375 8.408890 111.930046 -0.005867 0.835135 -0.550014 0.894531 0.558594
15 2.594650 7.238905 111.916214 0.326244 0.603649 -0.727442 0.869141 0.546875
56 0.029690 8.612335 108.217323 -0.004635 0.865772 -0.500417 0.894531 0.529297
body.png
56 0.029690 8.612335 108.217323 -0.004635 0.865772 -0.500417 0.894531 0.529297
15 2.594650 7.238905 111.916214 0.326244 0.603649 -0.727442 0.869141 0.546875
15 1.893635 6.858350 109.091560 -0.168932 -0.061213 -0.983725 0.876953 0.517578
body.png
15 2.594650 7.238905 111.916214 0.326244 0.603649 -0.727442 0.869141 0.546875
56 3.472040 6.708395 107.987709 0.436018 0.755195 -0.489457 0.861328 0.519531
15 1.893635 6.858350 109.091560 -0.168932 -0.061213 -0.983725 0.876953 0.517578
body.png
15 1.893635 6.858350 109.091560 -0.168932 -0.061213 -0.983725 0.876953 0.517578
56 3.472040 6.708395 107.987709 0.436018 0.755195 -0.489457 0.861328 0.519531
15 4.786325 5.058995 109.302887 0.016875 -0.078178 -0.996797 0.851563 0.515625
body.png
56 3.472040 6.708395 107.987709 0.436018 0.755195 -0.489457 0.861328 0.519531
15 5.638165 5.643415 112.153816 0.374830 0.300073 -0.877188 0.843750 0.541016
15 4.786325 5.058995 109.302887 0.016875 -0.078178 -0.996797 0.851563 0.515625
body.png
15 4.786325 5.058995 109.302887 0.016875 -0.078178 -0.996797 0.851563 0.515625
15 5.638165 5.643415 112.153816 0.374830 0.300073 -0.877188 0.843750 0.541016
56 6.961080 4.012800 108.304535 0.681169 0.225950 -0.696388 0.835938 0.515625
body.png
15 5.638165 5.643415 112.153816 0.374830 0.300073 -0.877188 0.843750 0.541016
15 7.975030 2.423840 112.683800 0.751578 -0.235861 -0.616036 0.814453 0.533203
56 6.961080 4.012800 108.304535 0.681169 0.225950 -0.696388 0.835938 0.515625
body.png
56 6.961080 4.012800 108.304535 0.681169 0.225950 -0.696388 0.835938 0.515625
15 7.975030 2.423840 112.683800 0.751578 -0.235861 -0.616036 0.814453 0.533203
15 6.526405 2.624630 109.639755 0.271000 -0.347138 -0.897805 0.832031 0.511719
body.png
15 7.975030 2.423840 112.683800 0.751578 -0.235861 -0.616036 0.814453 0.533203
15 6.369870 1.012840 109.628479 0.553147 -0.047902 -0.831705 0.820313 0.503906
15 6.526405 2.624630 109.639755 0.271000 -0.347138 -0.897805 0.832031 0.511719
body.png
15 6.526405 2.624630 109.639755 0.271000 -0.347138 -0.897805 0.832031 0.511719
15 6.369870 1.012840 109.628479 0.553147 -0.047902 -0.831705 0.820313 0.503906
15 4.481900 3.979495 109.530945 -0.038778 -0.152287 -0.987575 0.849609 0.500000
body.png
1 0.000000 10.059110 69.190109 0.187388 0.968661 0.163041 0.826172 0.494141
1 7.150000 8.659110 69.290100 0.333383 0.913208 0.234321 0.791016 0.478516
1 0.000000 10.909105 64.140106 0.036809 0.998519 0.040071 0.837891 0.470703
body.png
1 0.000000 10.909105 64.140106 0.036809 0.998519 0.040071 0.837891 0.470703
1 7.150000 8.659110 69.290100 0.333383 0.913208 0.234321 0.791016 0.478516
1 8.349999 9.609105 64.390106 0.479135 0.869955 0.116656 0.796875 0.453125
body.png
1 7.150000 8.659110 69.290100 0.333383 0.913208 0.234321 0.791016 0.478516
1 11.350000 4.859110 69.440109 0.778878 0.548576 0.303996 0.761719 0.466797
1 8.349999 9.609105 64.390106 0.479135 0.869955 0.116656 0.796875 0.453125
body.png
1 8.349999 9.609105 64.390106 0.479135 0.869955 0.116656 0.796875 0.453125
1 11.350000 4.859110 69.440109 0.778878 0.548576 0.303996 0.761719 0.466797
1 13.049999 4.959105 64.590103 0.901326 0.390338 0.187746 0.767578 0.441406
body.png
1 11.350000 4.859110 69.440109 0.778878 0.548576 0.303996 0.761719 0.466797
1 12.750000 -2.690890 69.390114 0.930865 -0.167955 0.324470 0.722656 0.453125
1 13.049999 4.959105 64.590103 0.901326 0.390338 0.187746 0.767578 0.441406
body.png
1 13.049999 4.959105 64.590103 0.901326 0.390338 0.187746 0.767578 0.441406
1 12.750000 -2.690890 69.390114 0.930865 -0.167955 0.324470 0.722656 0.453125
1 14.250000 -3.390895 64.240112 0.881494 -0.435759 0.181885 0.728516 0.425781
body.png
1 12.750000 -2.690890 69.390114 0.930865 -0.167955 0.324470 0.722656 0.453125
1 5.850000 -8.790890 68.040115 0.513059 -0.830739 0.215971 0.675781 0.437500
1 14.250000 -3.390895 64.240112 0.881494 -0.435759 0.181885 0.728516 0.425781
body.png
1 14.250000 -3.390895 64.240112 0.881494 -0.435759 0.181885 0.728516 0.425781
1 5.850000 -8.790890 68.040115 0.513059 -0.830739 0.215971 0.675781 0.437500
1 7.050000 -9.290895 62.640114 0.398731 -0.913639 0.079229 0.683594 0.410156
body.png
1 5.850000 -8.790890 68.040115 0.513059 -0.830739 0.215971 0.675781 0.437500
1 0.000000 -10.890890 67.490112 0.000000 -0.990782 0.135469 0.646484 0.433594
1 7.050000 -9.290895 62.640114 0.398731 -0.913639 0.079229 0.683594 0.410156
body.png
1 7.050000 -9.290895 62.640114 0.398731 -0.913639 0.079229 0.683594 0.410156
1 0.000000 -10.890890 67.490112 0.000000 -0.990782 0.135469 0.646484 0.433594
1 0.000000 -11.490894 61.790115 0.000000 -0.999988 0.004857 0.648438 0.402344
body.png
1 0.000000 -10.890890 67.490112 0.000000 -0.990782 0.135469 0.646484 0.433594
1 -7.050000 -9.290895 62.640114 -0.399825 -0.913190 0.078888 0.611328 0.410156
1 0.000000 -11.490894 61.790115 0.000000 -0.999988 0.004857 0.648438 0.402344
body.png
1 0.000000 -11.490894 61.790115 0.000000 -0.999988 0.004857 0.648438 0.402344
1 -7.050000 -9.290895 62.640114 -0.399825 -0.913190 0.078888 0.611328 0.410156
1 0.000000 -10.990895 56.590115 0.001081 -0.969475 -0.245188 0.648438 0.375000
body.png
1 -7.050000 -9.290895 62.640114 -0.399825 -0.913190 0.078888 0.611328 0.410156
6 -7.673840 -9.289280 56.983810 -0.404114 -0.914702 -0.003521 0.607422 0.380859
1 0.000000 -10.990895 56.590115 0.001081 -0.969475 -0.245188 0.648438 0.375000
body.png
1 0.000000 -10.990895 56.590115 0.001081 -0.969475 -0.245188 0.648438 0.375000
6 -7.673840 -9.289280 56.983810 -0.404114 -0.914702 -0.003521 0.607422 0.380859
6 -3.022485 -9.707750 54.793549 -0.008022 -0.962125 -0.272491 0.630859 0.365234
body.png
6 -7.673840 -9.289280 56.983810 -0.404114 -0.914702 -0.003521 0.607422 0.380859
6 -9.521485 -8.850795 47.287476 -0.248046 -0.918034 -0.309333 0.587891 0.333984
6 -3.022485 -9.707750 54.793549 -0.008022 -0.962125 -0.272491 0.630859 0.365234
body.png
6 -3.022485 -9.707750 54.793549 -0.008022 -0.962125 -0.272491 0.630859 0.365234
6 -9.521485 -8.850795 47.287476 -0.248046 -0.918034 -0.309333 0.587891 0.333984
6 -4.219395 -8.120150 47.083687 0.316072 -0.867958 -0.383077 0.615234 0.328125
body.png
6 -9.521485 -8.850795 47.287476 -0.248046 -0.918034 -0.309333 0.587891 0.333984
6 -4.810960 -7.805855 46.154297 0.262900 -0.676941 -0.687485 0.611328 0.324219
6 -4.219395 -8.120150 47.083687 0.316072 -0.867958 -0.383077 0.615234 0.328125
body.png
6 -4.219395 -8.120150 47.083687 0.316072 -0.867958 -0.383077 0.615234 0.328125
6 -4.810960 -7.805855 46.154297 0.262900 -0.676941 -0.687485 0.611328 0.324219
6 -1.420320 -5.501080 46.725746 0.517219 -0.587946 -0.621936 0.630859 0.318359
body.png
6 -4.810960 -7.805855 46.154297 0.262900 -0.676941 -0.687485 0.611328 0.324219
6 -2.292660 -4.822885 45.942112 0.414207 -0.407573 -0.813828 0.626953 0.312500
6 -1.420320 -5.501080 46.725746 0.517219 -0.587946 -0.621936 0.630859 0.318359
body.png
15 7.392560 7.298700 124.544724 0.946606 -0.199838 0.252985 0.994141 0.904297
55 7.784500 10.382315 125.513992 0.619794 0.761348 0.190275 0.976563 0.908203
15 4.993935 7.729545 126.407776 0.521246 0.180619 0.834074 0.962891 0.884766
body.png
15 4.993935 7.729545 126.407776 0.521246 0.180619 0.834074 0.962891 0.884766
55 7.784500 10.382315 125.513992 0.619794 0.761348 0.190275 0.976563 0.908203
15 4.702000 9.505530 121.818314 0.403517 0.895087 0.189717 0.953125 0.933594
body.png
55 7.784500 10.382315 125.513992 0.619794 0.761348 0.190275 0.976563 0.908203
15 6.050005 8.988750 121.325058 0.936442 0.328451 -0.123271 0.974609 0.943359
15 4.702000 9.505530 121.818314 0.403517 0.895087 0.189717 0.953125 0.933594
body.png
15 4.702000 9.505530 121.818314 0.403517 0.895087 0.189717 0.953125 0.933594
15 6.050005 8.988750 121.325058 0.936442 0.328451 -0.123271 0.974609 0.943359
55 6.687770 10.928600 119.861450 0.622109 0.705328 0.339844 0.966797 0.947266
body.png
15 6.050005 8.988750 121.325058 0.936442 0.328451 -0.123271 0.974609 0.943359
15 3.595580 7.712375 117.247162 0.807389 0.009185 -0.589948 0.943359 0.980469
55 6.687770 10.928600 119.861450 0.622109 0.705328 0.339844 0.966797 0.947266
body.png
55 6.687770 10.928600 119.861450 0.622109 0.705328 0.339844 0.966797 0.947266
15 3.595580 7.712375 117.247162 0.807389 0.009185 -0.589948 0.943359 0.980469
15 4.702000 9.505530 121.818314 0.403517 0.895087 0.189717 0.953125 0.933594
body.png
15 3.595580 7.712375 117.247162 0.807389 0.009185 -0.589948 0.943359 0.980469
55 4.792135 12.052370 120.786774 0.438421 0.835527 -0.331183 0.939453 0.943359
15 4.702000 9.505530 121.818314 0.403517 0.895087 0.189717 0.953125 0.933594
body.png
15 4.702000 9.505530 121.818314 0.403517 0.895087 0.189717 0.953125 0.933594
55 4.792135 12.052370 120.786774 0.438421 0.835527 -0.331183 0.939453 0.943359
15 2.104605 10.176345 122.293785 0.206557 0.951059 0.229827 0.919922 0.927734
body.png
55 4.792135 12.052370 120.786774 0.438421 0.835527 -0.331183 0.939453 0.943359
15 2.097385 8.153645 117.094879 0.071607 0.702966 -0.707610 0.921875 0.982422
15 2.104605 10.176345 122.293785 0.206557 0.951059 0.229827 0.919922 0.927734
body.png
15 2.104605 10.176345 122.293785 0.206557 0.951059 0.229827 0.919922 0.927734
15 2.097385 8.153645 117.094879 0.071607 0.702966 -0.707610 0.921875 0.982422
55 0.994930 12.765995 121.156845 0.041159 0.999011 0.016830 0.894531 0.949219
body.png
15 2.097385 8.153645 117.094879 0.071607 0.702966 -0.707610 0.921875 0.982422
15 0.053980 9.824235 117.955765 -0.036298 0.961310 -0.273067 0.894531 0.972656
55 0.994930 12.765995 121.156845 0.041159 0.999011 0.016830 0.894531 0.949219
body.png
55 0.994930 12.765995 121.156845 0.041159 0.999011 0.016830 0.894531 0.949219
15 0.053980 9.824235 117.955765 -0.036298 0.961310 -0.273067 0.894531 0.972656
15 -2.052785 8.120815 117.099953 -0.024848 0.772044 -0.635083 0.867188 0.982422
body.png
15 0.053980 9.824235 117.955765 -0.036298 0.961310 -0.273067 0.894531 0.972656
55 -1.464400 10.247999 116.369476 0.074940 0.604999 -0.792692 0.884766 0.982422
15 -2.052785 8.120815 117.099953 -0.024848 0.772044 -0.635083 0.867188 0.982422
body.png
15 -2.052785 8.120815 117.099953 -0.024848 0.772044 -0.635083 0.867188 0.982422
55 -1.464400 10.247999 116.369476 0.074940 0.604999 -0.792692 0.884766 0.982422
15 0.049785 8.740260 116.875267 -0.008191 0.124794 -0.992149 0.894531 0.992188
body.png
55 -1.464400 10.247999 116.369476 0.074940 0.604999 -0.792692 0.884766 0.982422
15 0.053980 9.824235 117.955765 -0.036298 0.961310 -0.273067 0.894531 0.972656
15 0.049785 8.740260 116.875267 -0.008191 0.124794 -0.992149 0.894531 0.992188
body.png
15 0.049785 8.740260 116.875267 -0.008191 0.124794 -0.992149 0.894531 0.992188
15 0.053980 9.824235 117.955765 -0.036298 0.961310 -0.273067 0.894531 0.972656
55 1.485775 10.285694 116.364174 -0.088166 0.601559 -0.793948 0.906250 0.982422
body.png
15 0.053980 9.824235 117.955765 -0.036298 0.961310 -0.273067 0.894531 0.972656
15 2.097385 8.153645 117.094879 0.071607 0.702966 -0.707610 0.921875 0.982422
55 1.485775 10.285694 116.364174 -0.088166 0.601559 -0.793948 0.906250 0.982422
body.png
55 1.485775 10.285694 116.364174 -0.088166 0.601559 -0.793948 0.906250 0.982422
15 2.097385 8.153645 117.094879 0.071607 0.702966 -0.707610 0.921875 0.982422
15 0.049785 8.740260 116.875267 -0.008191 0.124794 -0.992149 0.894531 0.992188
body.png
11 -12.873686 5.535225 83.747246 -0.012717 0.301453 -0.953396 0.263672 0.658203
36 -18.015375 5.409210 83.775986 0.078103 0.240444 -0.967516 0.292969 0.648438
11 -11.955990 9.863425 85.103531 0.042279 0.727419 -0.684890 0.246094 0.632813
body.png
11 -11.955990 9.863425 85.103531 0.042279 0.727419 -0.684890 0.246094 0.632813
36 -18.015375 5.409210 83.775986 0.078103 0.240444 -0.967516 0.292969 0.648438
36 -17.747944 10.273665 84.856750 0.031399 0.674772 -0.737358 0.283203 0.619141
body.png
36 -18.015375 5.409210 83.775986 0.078103 0.240444 -0.967516 0.292969 0.648438
36 -22.864046 5.458130 82.831009 0.019835 0.408448 -0.912566 0.322266 0.640625
36 -17.747944 10.273665 84.856750 0.031399 0.674772 -0.737358 0.283203 0.619141
body.png
36 -17.747944 10.273665 84.856750 0.031399 0.674772 -0.737358 0.283203 0.619141
36 -22.864046 5.458130 82.831009 0.019835 0.408448 -0.912566 0.322266 0.640625
36 -22.592270 10.110609 85.505524 0.026209 0.795699 -0.605125 0.310547 0.607422
body.png
36 -22.864046 5.458130 82.831009 0.019835 0.408448 -0.912566 0.322266 0.640625
37 -24.813465 5.472725 82.838219 -0.042549 0.481933 -0.875175 0.333984 0.638672
36 -22.592270 10.110609 85.505524 0.026209 0.795699 -0.605125 0.310547 0.607422
body.png
36 -22.592270 10.110609 85.505524 0.026209 0.795699 -0.605125 0.310547 0.607422
37 -24.813465 5.472725 82.838219 -0.042549 0.481933 -0.875175 0.333984 0.638672
36 -24.682455 10.549475 85.564880 -0.059667 0.854427 -0.516135 0.322266 0.603516
body.png
37 -24.813465 5.472725 82.838219 -0.042549 0.481933 -0.875175 0.333984 0.638672
37 -26.162464 10.000805 85.502174 -0.193004 0.760513 -0.619975 0.332031 0.603516
36 -24.682455 10.549475 85.564880 -0.059667 0.854427 -0.516135 0.322266 0.603516
body.png
36 -24.682455 10.549475 85.564880 -0.059667 0.854427 -0.516135 0.322266 0.603516
37 -26.162464 10.000805 85.502174 -0.193004 0.760513 -0.619975 0.332031 0.603516
37 -26.272785 11.375705 90.025719 -0.285171 0.956881 0.055282 0.326172 0.574219
body.png
37 -26.162464 10.000805 85.502174 -0.193004 0.760513 -0.619975 0.332031 0.603516
60 -32.557384 10.044109 90.033936 0.246947 0.956617 0.154597 0.365234 0.568359
37 -26.272785 11.375705 90.025719 -0.285171 0.956881 0.055282 0.326172 0.574219
body.png
37 -26.272785 11.375705 90.025719 -0.285171 0.956881 0.055282 0.326172 0.574219
60 -32.557384 10.044109 90.033936 0.246947 0.956617 0.154597 0.365234 0.568359
37 -26.356535 8.474720 94.204803 -0.204416 0.392546 0.896728 0.324219 0.539063
body.png
60 -32.557384 10.044109 90.033936 0.246947 0.956617 0.154597 0.365234 0.568359
60 -31.990089 7.084340 93.229309 0.306119 0.309542 0.900264 0.361328 0.541016
37 -26.356535 8.474720 94.204803 -0.204416 0.392546 0.896728 0.324219 0.539063
body.png
37 -26.356535 8.474720 94.204803 -0.204416 0.392546 0.896728 0.324219 0.539063
60 -31.990089 7.084340 93.229309 0.306119 0.309542 0.900264 0.361328 0.541016
37 -26.930941 1.560800 92.413094 0.026622 -0.701940 0.711739 0.337891 0.496094
body.png
60 -31.990089 7.084340 93.229309 0.306119 0.309542 0.900264 0.361328 0.541016
60 -31.538605 0.874690 92.115128 0.530027 -0.606636 0.592506 0.369141 0.501953
37 -26.930941 1.560800 92.413094 0.026622 -0.701940 0.711739 0.337891 0.496094
body.png
37 -26.930941 1.560800 92.413094 0.026622 -0.701940 0.711739 0.337891 0.496094
60 -31.538605 0.874690 92.115128 0.530027 -0.606636 0.592506 0.369141 0.501953
37 -26.544899 0.257745 87.338341 0.101041 -0.950792 -0.292891 0.345703 0.466797
body.png
60 -31.538605 0.874690 92.115128 0.530027 -0.606636 0.592506 0.369141 0.501953
60 -31.220579 0.045060 87.167854 0.534262 -0.793471 -0.291493 0.375000 0.472656
37 -26.544899 0.257745 87.338341 0.101041 -0.950792 -0.292891 0.345703 0.466797
body.png
37 -26.544899 0.257745 87.338341 0.101041 -0.950792 -0.292891 0.345703 0.466797
60 -31.220579 0.045060 87.167854 0.534262 -0.793471 -0.291493 0.375000 0.472656
37 -24.813465 5.472725 82.838219 0.051837 -0.670355 -0.740227 0.345703 0.425781
body.png
60 -31.220579 0.045060 87.167854 0.534262 -0.793471 -0.291493 0.375000 0.472656
60 -31.634563 4.264970 83.002403 0.663041 -0.494209 -0.562259 0.380859 0.439453
37 -24.813465 5.472725 82.838219 0.051837 -0.670355 -0.740227 0.345703 0.425781
body.png
67 19.236870 6.419305 97.408440 0.938613 0.110381 0.326835 0.859375 0.089844
67 19.100855 3.558910 97.362328 0.836771 -0.505507 -0.210420 0.820313 0.105469
67 18.566124 3.626140 96.612625 0.744101 -0.256517 -0.616857 0.822266 0.103516
body.png
67 18.566124 3.626140 96.612625 0.744101 -0.256517 -0.616857 0.822266 0.103516
67 19.100855 3.558910 97.362328 0.836771 -0.505507 -0.210420 0.820313 0.105469
67 16.829849 1.589500 97.735100 0.381833 -0.871098 -0.308856 0.804688 0.142578
body.png
67 19.100855 3.558910 97.362328 0.836771 -0.505507 -0.210420 0.820313 0.105469
67 17.357481 1.571615 98.480949 0.533728 -0.691922 0.486188 0.802734 0.142578
67 16.829849 1.589500 97.735100 0.381833 -0.871098 -0.308856 0.804688 0.142578
body.png
67 16.829849 1.589500 97.735100 0.381833 -0.871098 -0.308856 0.804688 0.142578
67 17.357481 1.571615 98.480949 0.533728 -0.691922 0.486188 0.802734 0.142578
67 14.405055 1.672350 99.368660 -0.251744 -0.960582 0.117930 0.820313 0.181641
body.png
67 17.357481 1.571615 98.480949 0.533728 -0.691922 0.486188 0.802734 0.142578
67 14.952705 1.610725 100.166328 -0.243993 -0.820782 0.516512 0.816406 0.181641
67 14.405055 1.672350 99.368660 -0.251744 -0.960582 0.117930 0.820313 0.181641
body.png
67 14.405055 1.672350 99.368660 -0.251744 -0.960582 0.117930 0.820313 0.181641
67 14.952705 1.610725 100.166328 -0.243993 -0.820782 0.516512 0.816406 0.181641
67 12.822426 3.769560 100.592178 -0.739536 -0.481317 0.470553 0.857422 0.199219
body.png
67 14.952705 1.610725 100.166328 -0.243993 -0.820782 0.516512 0.816406 0.181641
67 13.370075 3.707935 101.389847 0.004678 -0.164616 0.986347 0.855469 0.201172
67 12.822426 3.769560 100.592178 -0.739536 -0.481317 0.470553 0.857422 0.199219
body.png
67 12.822426 3.769560 100.592178 -0.739536 -0.481317 0.470553 0.857422 0.199219
67 13.370075 3.707935 101.389847 0.004678 -0.164616 0.986347 0.855469 0.201172
67 12.958440 6.629955 100.638283 -0.780895 0.281088 0.557846 0.896484 0.185547
body.png
67 13.370075 3.707935 101.389847 0.004678 -0.164616 0.986347 0.855469 0.201172
67 13.506089 6.568330 101.435959 -0.458781 0.483395 0.745554 0.894531 0.185547
67 12.958440 6.629955 100.638283 -0.780895 0.281088 0.557846 0.896484 0.185547
body.png
67 12.958440 6.629955 100.638283 -0.780895 0.281088 0.557846 0.896484 0.185547
67 13.506089 6.568330 101.435959 -0.458781 0.483395 0.745554 0.894531 0.185547
67 14.749590 8.623060 99.506119 -0.388414 0.872956 0.295098 0.914063 0.146484
body.png
67 13.506089 6.568330 101.435959 -0.458781 0.483395 0.745554 0.894531 0.185547
67 15.290145 8.610781 100.299942 0.302846 0.636049 0.709737 0.912109 0.148438
67 14.749590 8.623060 99.506119 -0.388414 0.872956 0.295098 0.914063 0.146484
body.png
67 14.749590 8.623060 99.506119 -0.388414 0.872956 0.295098 0.914063 0.146484
67 15.290145 8.610781 100.299942 0.302846 0.636049 0.709737 0.912109 0.148438
67 17.106590 8.578140 97.834282 0.262769 0.956229 -0.128758 0.900391 0.107422
body.png
67 15.290145 8.610781 100.299942 0.302846 0.636049 0.709737 0.912109 0.148438
67 17.654240 8.516515 98.631958 0.622777 0.782380 -0.005556 0.896484 0.107422
67 17.106590 8.578140 97.834282 0.262769 0.956229 -0.128758 0.900391 0.107422
body.png
67 17.106590 8.578140 97.834282 0.262769 0.956229 -0.128758 0.900391 0.107422
67 17.654240 8.516515 98.631958 0.622777 0.782380 -0.005556 0.896484 0.107422
67 18.558809 6.469095 96.699379 0.678724 0.484716 -0.551710 0.861328 0.091797
body.png
67 17.654240 8.516515 98.631958 0.622777 0.782380 -0.005556 0.896484 0.107422
67 19.236870 6.419305 97.408440 0.938613 0.110381 0.326835 0.859375 0.089844
67 18.558809 6.469095 96.699379 0.678724 0.484716 -0.551710 0.861328 0.091797
body.png
67 18.558809 6.469095 96.699379 0.678724 0.484716 -0.551710 0.861328 0.091797
67 19.236870 6.419305 97.408440 0.938613 0.110381 0.326835 0.859375 0.089844
67 18.566124 3.626140 96.612625 0.744101 -0.256517 -0.616857 0.822266 0.103516
body.png
65 0.000000 -12.141800 72.627235 0.295398 -0.946662 -0.128727 0.158203 0.306641
65 7.000000 -10.241800 73.427231 0.577268 -0.814653 -0.055697 0.203125 0.312500
65 0.000000 -11.841801 76.827232 0.241523 -0.943527 0.226766 0.160156 0.333984
body.png
65 0.000000 -11.841801 76.827232 0.241523 -0.943527 0.226766 0.160156 0.333984
65 7.000000 -10.241800 73.427231 0.577268 -0.814653 -0.055697 0.203125 0.312500
65 6.750000 -9.941800 77.427231 0.436475 -0.828469 0.350897 0.205078 0.337891
body.png
65 7.000000 -10.241800 73.427231 0.577268 -0.814653 -0.055697 0.203125 0.312500
10 13.250000 -1.765575 79.163475 0.910026 -0.360248 0.205119 0.267578 0.349609
65 6.750000 -9.941800 77.427231 0.436475 -0.828469 0.350897 0.205078 0.337891
body.png
65 6.750000 -9.941800 77.427231 0.436475 -0.828469 0.350897 0.205078 0.337891
10 13.250000 -1.765575 79.163475 0.910026 -0.360248 0.205119 0.267578 0.349609
11 5.971075 -8.022610 81.026459 0.528632 -0.823869 0.204421 0.207031 0.361328
body.png
10 13.250000 -1.765575 79.163475 0.910026 -0.360248 0.205119 0.267578 0.349609
11 12.250950 -0.724230 84.519920 0.691432 -0.657799 -0.298702 0.269531 0.396484
11 5.971075 -8.022610 81.026459 0.528632 -0.823869 0.204421 0.207031 0.361328
body.png
11 5.971075 -8.022610 81.026459 0.528632 -0.823869 0.204421 0.207031 0.361328
11 12.250950 -0.724230 84.519920 0.691432 -0.657799 -0.298702 0.269531 0.396484
13 11.644731 -1.985145 91.053078 0.544491 -0.835169 0.077599 0.246094 0.429688
body.png
11 12.250950 -0.724230 84.519920 0.691432 -0.657799 -0.298702 0.269531 0.396484
17 14.682375 -1.178790 89.730209 0.211413 -0.971644 0.105884 0.267578 0.433594
13 11.644731 -1.985145 91.053078 0.544491 -0.835169 0.077599 0.246094 0.429688
body.png
13 11.644731 -1.985145 91.053078 0.544491 -0.835169 0.077599 0.246094 0.429688
17 14.682375 -1.178790 89.730209 0.211413 -0.971644 0.105884 0.267578 0.433594
17 17.796076 1.821175 96.461853 0.476288 -0.599541 0.643196 0.265625 0.488281
body.png
17 14.682375 -1.178790 89.730209 0.211413 -0.971644 0.105884 0.267578 0.433594
17 20.194380 1.584480 94.853401 0.361531 -0.656770 0.661777 0.283203 0.488281
17 17.796076 1.821175 96.461853 0.476288 -0.599541 0.643196 0.265625 0.488281
body.png
17 17.796076 1.821175 96.461853 0.476288 -0.599541 0.643196 0.265625 0.488281
17 20.194380 1.584480 94.853401 0.361531 -0.656770 0.661777 0.283203 0.488281
17 20.537815 8.519315 96.087334 0.354696 0.510217 0.783498 0.281250 0.535156
body.png
17 20.194380 1.584480 94.853401 0.361531 -0.656770 0.661777 0.283203 0.488281
17 24.792416 8.498569 94.474747 0.236777 0.351558 0.905728 0.312500 0.537109
17 20.537815 8.519315 96.087334 0.354696 0.510217 0.783498 0.281250 0.535156
body.png
17 20.537815 8.519315 96.087334 0.354696 0.510217 0.783498 0.281250 0.535156
17 24.792416 8.498569 94.474747 0.236777 0.351558 0.905728 0.312500 0.537109
17 22.888716 11.446800 90.317963 -0.037044 0.987171 0.155312 0.304688 0.574219
body.png
17 24.792416 8.498569 94.474747 0.236777 0.351558 0.905728 0.312500 0.537109
17 25.052340 11.796520 90.163315 0.108605 0.954502 0.277726 0.318359 0.574219
17 22.888716 11.446800 90.317963 -0.037044 0.987171 0.155312 0.304688 0.574219
body.png
17 22.888716 11.446800 90.317963 -0.037044 0.987171 0.155312 0.304688 0.574219
17 25.052340 11.796520 90.163315 0.108605 0.954502 0.277726 0.318359 0.574219
17 24.680746 10.573020 85.560059 0.058049 0.856141 -0.513471 0.322266 0.603516
body.png
17 25.052340 11.796520 90.163315 0.108605 0.954502 0.277726 0.318359 0.574219
18 26.263676 11.361770 90.035431 0.292867 0.954471 0.056701 0.326172 0.574219
17 24.680746 10.573020 85.560059 0.058049 0.856141 -0.513471 0.322266 0.603516
body.png
13 5.689900 -2.867780 97.452171 0.205193 -0.715643 0.667646 0.257813 0.740234
13 -0.010140 -2.782850 99.256279 -0.005030 -0.886909 0.461916 0.230469 0.791016
13 -0.019060 -5.102815 96.660088 -0.002974 -0.745653 0.666328 0.203125 0.769531
body.png
13 -0.019060 -5.102815 96.660088 -0.002974 -0.745653 0.666328 0.203125 0.769531
13 -0.010140 -2.782850 99.256279 -0.005030 -0.886909 0.461916 0.230469 0.791016
13 -5.660225 -2.877270 97.406235 -0.208023 -0.715350 0.667083 0.257813 0.740234
body.png
13 -0.010140 -2.782850 99.256279 -0.005030 -0.886909 0.461916 0.230469 0.791016
13 -2.655510 -1.615280 99.673187 -0.484042 -0.814838 0.318972 0.263672 0.781250
13 -5.660225 -2.877270 97.406235 -0.208023 -0.715350 0.667083 0.257813 0.740234
body.png
13 -5.660225 -2.877270 97.406235 -0.208023 -0.715350 0.667083 0.257813 0.740234
13 -2.655510 -1.615280 99.673187 -0.484042 -0.814838 0.318972 0.263672 0.781250
13 -9.046590 0.610265 99.966431 -0.171185 -0.475137 0.863100 0.298828 0.726563
body.png
13 -2.655510 -1.615280 99.673187 -0.484042 -0.814838 0.318972 0.263672 0.781250
13 -4.546210 0.729500 100.706261 -0.722159 -0.219066 0.656122 0.302734 0.775391
13 -9.046590 0.610265 99.966431 -0.171185 -0.475137 0.863100 0.298828 0.726563
body.png
13 -9.046590 0.610265 99.966431 -0.171185 -0.475137 0.863100 0.298828 0.726563
13 -4.546210 0.729500 100.706261 -0.722159 -0.219066 0.656122 0.302734 0.775391
13 -7.226640 5.586540 101.241959 -0.120788 -0.129990 0.984130 0.341797 0.730469
body.png
13 -4.546210 0.729500 100.706261 -0.722159 -0.219066 0.656122 0.302734 0.775391
13 -3.431285 4.446620 101.526306 -0.506859 0.442092 0.740032 0.353516 0.769531
13 -7.226640 5.586540 101.241959 -0.120788 -0.129990 0.984130 0.341797 0.730469
body.png
13 -7.226640 5.586540 101.241959 -0.120788 -0.129990 0.984130 0.341797 0.730469
13 -3.431285 4.446620 101.526306 -0.506859 0.442092 0.740032 0.353516 0.769531
13 0.037165 9.007020 101.893806 0.001103 0.030489 0.999534 0.416016 0.750000
body.png
13 -3.431285 4.446620 101.526306 -0.506859 0.442092 0.740032 0.353516 0.769531
13 0.025600 6.164945 102.128235 0.002109 0.644486 0.764613 0.396484 0.769531
13 0.037165 9.007020 101.893806 0.001103 0.030489 0.999534 0.416016 0.750000
body.png
13 0.037165 9.007020 101.893806 0.001103 0.030489 0.999534 0.416016 0.750000
13 0.025600 6.164945 102.128235 0.002109 0.644486 0.764613 0.396484 0.769531
13 3.418860 4.468500 101.521744 0.507974 0.443634 0.738343 0.353516 0.769531
body.png
13 0.025600 6.164945 102.128235 0.002109 0.644486 0.764613 0.396484 0.769531
14 0.027090 5.189565 107.563942 0.082332 0.994381 0.066537 0.404297 0.818359
13 3.418860 4.468500 101.521744 0.507974 0.443634 0.738343 0.353516 0.769531
body.png
13 3.418860 4.468500 101.521744 0.507974 0.443634 0.738343 0.353516 0.769531
14 0.027090 5.189565 107.563942 0.082332 0.994381 0.066537 0.404297 0.818359
14 3.421310 3.750290 107.430588 0.703274 0.668765 -0.241161 0.363281 0.828125
body.png
14 0.027090 5.189565 107.563942 0.082332 0.994381 0.066537 0.404297 0.818359
15 0.038880 5.709250 109.529663 0.360088 0.896885 -0.256775 0.414063 0.835938
14 3.421310 3.750290 107.430588 0.703274 0.668765 -0.241161 0.363281 0.828125
body.png
14 3.421310 3.750290 107.430588 0.703274 0.668765 -0.241161 0.363281 0.828125
15 0.038880 5.709250 109.529663 0.360088 0.896885 -0.256775 0.414063 0.835938
15 4.481900 3.979495 109.530945 0.657211 0.673237 -0.338859 0.371094 0.853516
body.png
2 2.345115 -4.816430 45.944046 -0.702458 -0.605414 -0.374200 0.673828 0.312500
2 4.828050 -7.817625 46.138618 -0.412191 -0.851333 -0.324546 0.687500 0.322266
1 0.000000 -8.840896 53.440113 -0.008971 -0.882997 -0.469293 0.648438 0.355469
body.png
1 0.000000 -8.840896 53.440113 -0.008971 -0.882997 -0.469293 0.648438 0.355469
2 4.828050 -7.817625 46.138618 -0.412191 -0.851333 -0.324546 0.687500 0.322266
2 3.004055 -9.688820 54.814259 0.023780 -0.957514 -0.287406 0.666016 0.365234
body.png
2 4.828050 -7.817625 46.138618 -0.412191 -0.851333 -0.324546 0.687500 0.322266
2 9.961665 -8.326159 46.407722 0.231395 -0.961491 -0.148297 0.712891 0.332031
2 3.004055 -9.688820 54.814259 0.023780 -0.957514 -0.287406 0.666016 0.365234
body.png
2 3.004055 -9.688820 54.814259 0.023780 -0.957514 -0.287406 0.666016 0.365234
2 9.961665 -8.326159 46.407722 0.231395 -0.961491 -0.148297 0.712891 0.332031
2 7.701980 -9.285285 56.980278 0.433194 -0.901285 -0.005347 0.689453 0.380859
body.png
2 9.961665 -8.326159 46.407722 0.231395 -0.961491 -0.148297 0.712891 0.332031
2 15.834709 -4.053950 47.457970 0.929769 -0.364070 0.054605 0.750000 0.345703
2 7.701980 -9.285285 56.980278 0.433194 -0.901285 -0.005347 0.689453 0.380859
body.png
2 7.701980 -9.285285 56.980278 0.433194 -0.901285 -0.005347 0.689453 0.380859
2 15.834709 -4.053950 47.457970 0.929769 -0.364070 0.054605 0.750000 0.345703
2 15.156175 -3.740110 57.873878 0.966427 -0.234114 0.105874 0.736328 0.394531
body.png
2 15.834709 -4.053950 47.457970 0.929769 -0.364070 0.054605 0.750000 0.345703
2 14.208455 4.130475 47.822605 0.876767 0.477043 0.060910 0.791016 0.359375
2 15.156175 -3.740110 57.873878 0.966427 -0.234114 0.105874 0.736328 0.394531
body.png
2 15.156175 -3.740110 57.873878 0.966427 -0.234114 0.105874 0.736328 0.394531
2 14.208455 4.130475 47.822605 0.876767 0.477043 0.060910 0.791016 0.359375
2 13.258930 4.883945 58.070316 0.841180 0.540745 0.003335 0.779297 0.410156
body.png
2 14.208455 4.130475 47.822605 0.876767 0.477043 0.060910 0.791016 0.359375
2 9.927415 8.512780 48.011242 0.211025 0.977476 -0.002864 0.822266 0.371094
2 13.258930 4.883945 58.070316 0.841180 0.540745 0.003335 0.779297 0.410156
body.png
2 13.258930 4.883945 58.070316 0.841180 0.540745 0.003335 0.779297 0.410156
2 9.927415 8.512780 48.011242 0.211025 0.977476 -0.002864 0.822266 0.371094
2 8.570120 8.617110 55.762486 0.236364 0.931938 -0.275000 0.812500 0.410156
body.png
2 9.927415 8.512780 48.011242 0.211025 0.977476 -0.002864 0.822266 0.371094
2 2.941265 6.304065 47.355301 -0.720876 0.657271 -0.219846 0.861328 0.380859
2 8.570120 8.617110 55.762486 0.236364 0.931938 -0.275000 0.812500 0.410156
body.png
2 8.570120 8.617110 55.762486 0.236364 0.931938 -0.275000 0.812500 0.410156
2 2.941265 6.304065 47.355301 -0.720876 0.657271 -0.219846 0.861328 0.380859
2 1.794075 9.089630 55.236263 -0.288629 0.769544 -0.569645 0.845703 0.419922
body.png
2 2.941265 6.304065 47.355301 -0.720876 0.657271 -0.219846 0.861328 0.380859
1 0.000000 -8.840896 53.440113 -0.803122 0.123342 -0.582909 0.939453 0.417969
2 1.794075 9.089630 55.236263 -0.288629 0.769544 -0.569645 0.845703 0.419922
body.png
2 1.794075 9.089630 55.236263 -0.288629 0.769544 -0.569645 0.845703 0.419922
1 0.000000 -8.840896 53.440113 -0.803122 0.123342 -0.582909 0.939453 0.417969
1 0.000000 8.509100 55.240105 -0.183230 0.560912 -0.807344 0.853516 0.425781
body.png
3 4.692865 0.303755 27.659836 -0.733685 -0.662344 0.151679 0.716797 0.216797
3 6.426190 -4.707955 35.549595 -0.456810 -0.848497 -0.267166 0.714844 0.269531
3 3.630320 -2.169645 35.600605 -0.635202 -0.712730 -0.297549 0.699219 0.259766
body.png
3 3.630320 -2.169645 35.600605 -0.635202 -0.712730 -0.297549 0.699219 0.259766
3 6.426190 -4.707955 35.549595 -0.456810 -0.848497 -0.267166 0.714844 0.269531
2 6.052165 -5.451335 38.415627 -0.400185 -0.866060 -0.299655 0.708984 0.285156
body.png
3 6.426190 -4.707955 35.549595 -0.456810 -0.848497 -0.267166 0.714844 0.269531
2 11.213565 -6.422245 38.367805 0.209629 -0.953143 -0.218113 0.734375 0.294922
2 6.052165 -5.451335 38.415627 -0.400185 -0.866060 -0.299655 0.708984 0.285156
body.png
2 6.052165 -5.451335 38.415627 -0.400185 -0.866060 -0.299655 0.708984 0.285156
2 11.213565 -6.422245 38.367805 0.209629 -0.953143 -0.218113 0.734375 0.294922
2 9.961665 -8.326159 46.407722 0.231395 -0.961491 -0.148297 0.712891 0.332031
body.png
2 11.213565 -6.422245 38.367805 0.209629 -0.953143 -0.218113 0.734375 0.294922
2 16.344906 -3.006900 39.443554 0.929784 -0.367468 -0.021656 0.763672 0.308594
2 9.961665 -8.326159 46.407722 0.231395 -0.961491 -0.148297 0.712891 0.332031
body.png
2 9.961665 -8.326159 46.407722 0.231395 -0.961491 -0.148297 0.712891 0.332031
2 16.344906 -3.006900 39.443554 0.929784 -0.367468 -0.021656 0.763672 0.308594
2 15.834709 -4.053950 47.457970 0.929769 -0.364070 0.054605 0.750000 0.345703
body.png
2 16.344906 -3.006900 39.443554 0.929784 -0.367468 -0.021656 0.763672 0.308594
2 14.830365 4.479420 39.795216 0.866056 0.495228 0.068528 0.804688 0.320313
2 15.834709 -4.053950 47.457970 0.929769 -0.364070 0.054605 0.750000 0.345703
body.png
2 15.834709 -4.053950 47.457970 0.929769 -0.364070 0.054605 0.750000 0.345703
2 14.830365 4.479420 39.795216 0.866056 0.495228 0.068528 0.804688 0.320313
2 14.208455 4.130475 47.822605 0.876767 0.477043 0.060910 0.791016 0.359375
body.png
2 14.830365 4.479420 39.795216 0.866056 0.495228 0.068528 0.804688 0.320313
2 10.380715 8.443385 39.845787 0.195202 0.980423 -0.025808 0.833984 0.330078
2 14.208455 4.130475 47.822605 0.876767 0.477043 0.060910 0.791016 0.359375
body.png
2 14.208455 4.130475 47.822605 0.876767 0.477043 0.060910 0.791016 0.359375
2 10.380715 8.443385 39.845787 0.195202 0.980423 -0.025808 0.833984 0.330078
2 9.927415 8.512780 48.011242 0.211025 0.977476 -0.002864 0.822266 0.371094
body.png
2 10.380715 8.443385 39.845787 0.195202 0.980423 -0.025808 0.833984 0.330078
2 4.150245 6.153955 39.634174 -0.776955 0.617348 -0.123380 0.867188 0.339844
2 9.927415 8.512780 48.011242 0.211025 0.977476 -0.002864 0.822266 0.371094
body.png
2 9.927415 8.512780 48.011242 0.211025 0.977476 -0.002864 0.822266 0.371094
2 4.150245 6.153955 39.634174 -0.776955 0.617348 -0.123380 0.867188 0.339844
2 2.941265 6.304065 47.355301 -0.720876 0.657271 -0.219846 0.861328 0.380859
body.png
2 4.150245 6.153955 39.634174 -0.776955 0.617348 -0.123380 0.867188 0.339844
2 2.345115 -4.816430 45.944046 -0.981963 0.090480 -0.166016 0.919922 0.378906
2 2.941265 6.304065 47.355301 -0.720876 0.657271 -0.219846 0.861328 0.380859
body.png
2 2.941265 6.304065 47.355301 -0.720876 0.657271 -0.219846 0.861328 0.380859
2 2.345115 -4.816430 45.944046 -0.981963 0.090480 -0.166016 0.919922 0.378906
1 0.000000 -8.840896 53.440113 -0.803122 0.123342 -0.582909 0.939453 0.417969
body.png
66 7.500000 9.059550 71.843445 -0.369238 -0.895007 0.250253 0.328125 0.642578
66 0.000000 12.009550 76.493439 0.000212 -0.999116 -0.042035 0.326172 0.642578
66 0.000000 10.359550 71.593445 0.000569 -0.947712 0.319128 0.328125 0.642578
body.png
66 0.000000 10.359550 71.593445 0.000569 -0.947712 0.319128 0.328125 0.642578
66 0.000000 12.009550 76.493439 0.000212 -0.999116 -0.042035 0.326172 0.642578
66 -7.450000 9.059550 71.843445 0.368215 -0.895381 0.250422 0.328125 0.642578
body.png
66 0.000000 12.009550 76.493439 0.000212 -0.999116 -0.042035 0.326172 0.642578
66 -7.150000 10.409550 76.643440 0.551560 -0.830161 -0.081328 0.326172 0.642578
66 -7.450000 9.059550 71.843445 0.368215 -0.895381 0.250422 0.328125 0.642578
body.png
66 -7.450000 9.059550 71.843445 0.368215 -0.895381 0.250422 0.328125 0.642578
66 -7.150000 10.409550 76.643440 0.551560 -0.830161 -0.081328 0.326172 0.642578
66 -11.549999 5.259550 72.143448 0.825255 -0.556718 0.094970 0.328125 0.642578
body.png
66 -7.150000 10.409550 76.643440 0.551560 -0.830161 -0.081328 0.326172 0.642578
10 -11.400000 6.134425 76.713470 0.924730 -0.351861 -0.145148 0.326172 0.642578
66 -11.549999 5.259550 72.143448 0.825255 -0.556718 0.094970 0.328125 0.642578
body.png
66 -11.549999 5.259550 72.143448 0.825255 -0.556718 0.094970 0.328125 0.642578
10 -11.400000 6.134425 76.713470 0.924730 -0.351861 -0.145148 0.326172 0.642578
10 -12.900000 -2.165575 72.513474 0.986780 0.148681 -0.064491 0.328125 0.642578
body.png
10 -11.400000 6.134425 76.713470 0.924730 -0.351861 -0.145148 0.326172 0.642578
10 -12.500000 -2.065575 76.663475 0.870764 0.449448 -0.199416 0.326172 0.642578
10 -12.900000 -2.165575 72.513474 0.986780 0.148681 -0.064491 0.328125 0.642578
body.png
10 -12.900000 -2.165575 72.513474 0.986780 0.148681 -0.064491 0.328125 0.642578
10 -12.500000 -2.065575 76.663475 0.870764 0.449448 -0.199416 0.326172 0.642578
65 -5.850000 -9.191800 71.377235 0.621478 0.780813 0.063994 0.328125 0.642578
body.png
10 -12.500000 -2.065575 76.663475 0.870764 0.449448 -0.199416 0.326172 0.642578
65 -5.900000 -9.841800 75.327232 0.444528 0.873636 -0.197874 0.326172 0.642578
65 -5.850000 -9.191800 71.377235 0.621478 0.780813 0.063994 0.328125 0.642578
body.png
65 -5.850000 -9.191800 71.377235 0.621478 0.780813 0.063994 0.328125 0.642578
65 -5.900000 -9.841800 75.327232 0.444528 0.873636 -0.197874 0.326172 0.642578
65 0.000000 -11.241799 70.677246 0.000738 0.992274 0.124065 0.328125 0.642578
body.png
65 -5.900000 -9.841800 75.327232 0.444528 0.873636 -0.197874 0.326172 0.642578
65 0.000000 -11.591801 74.827240 0.000114 0.973626 -0.228148 0.326172 0.642578
65 0.000000 -11.241799 70.677246 0.000738 0.992274 0.124065 0.328125 0.642578
body.png
65 0.000000 -11.241799 70.677246 0.000738 0.992274 0.124065 0.328125 0.642578
65 0.000000 -11.591801 74.827240 0.000114 0.973626 -0.228148 0.326172 0.642578
65 5.900000 -9.841800 75.327232 -0.442183 0.874593 -0.198899 0.326172 0.642578
body.png
65 0.000000 -11.591801 74.827240 0.000114 0.973626 -0.228148 0.326172 0.642578
11 -0.030185 -8.318670 80.319550 0.001303 0.861203 -0.508260 0.328125 0.642578
65 5.900000 -9.841800 75.327232 -0.442183 0.874593 -0.198899 0.326172 0.642578
body.png
65 5.900000 -9.841800 75.327232 -0.442183 0.874593 -0.198899 0.326172 0.642578
11 -0.030185 -8.318670 80.319550 0.001303 0.861203 -0.508260 0.328125 0.642578
11 5.026220 -6.761085 80.968918 -0.503581 0.748580 -0.431317 0.328125 0.642578
body.png
7 -5.370300 1.720570 19.309484 0.851287 -0.478771 -0.214684 0.669922 0.113281
63 -6.930845 -3.947780 25.762539 0.569101 -0.781610 0.255364 0.636719 0.164063
7 -7.376445 -2.184845 18.523275 0.453270 -0.861254 -0.229756 0.638672 0.111328
body.png
7 -7.376445 -2.184845 18.523275 0.453270 -0.861254 -0.229756 0.638672 0.111328
63 -6.930845 -3.947780 25.762539 0.569101 -0.781610 0.255364 0.636719 0.164063
63 -13.046450 -4.975095 25.843134 -0.221084 -0.972661 0.071087 0.597656 0.164063
body.png
63 -6.930845 -3.947780 25.762539 0.569101 -0.781610 0.255364 0.636719 0.164063
63 -12.946745 -3.950025 27.180779 -0.191600 -0.900195 0.391073 0.595703 0.175781
63 -13.046450 -4.975095 25.843134 -0.221084 -0.972661 0.071087 0.597656 0.164063
body.png
63 -13.046450 -4.975095 25.843134 -0.221084 -0.972661 0.071087 0.597656 0.164063
63 -12.946745 -3.950025 27.180779 -0.191600 -0.900195 0.391073 0.595703 0.175781
63 -17.797329 -1.394080 26.858274 -0.840801 -0.415702 0.346765 0.560547 0.166016
body.png
63 -12.946745 -3.950025 27.180779 -0.191600 -0.900195 0.391073 0.595703 0.175781
63 -16.560040 -1.140600 27.939880 -0.781203 -0.459268 0.422841 0.560547 0.177734
63 -17.797329 -1.394080 26.858274 -0.840801 -0.415702 0.346765 0.560547 0.166016
body.png
63 -17.797329 -1.394080 26.858274 -0.840801 -0.415702 0.346765 0.560547 0.166016
63 -16.560040 -1.140600 27.939880 -0.781203 -0.459268 0.422841 0.560547 0.177734
63 -17.107101 5.837105 27.817965 -0.771010 0.408210 0.488782 0.513672 0.167969
body.png
63 -16.560040 -1.140600 27.939880 -0.781203 -0.459268 0.422841 0.560547 0.177734
63 -15.810380 5.115510 28.704145 -0.768033 0.363207 0.527453 0.513672 0.177734
63 -17.107101 5.837105 27.817965 -0.771010 0.408210 0.488782 0.513672 0.167969
body.png
63 -17.107101 5.837105 27.817965 -0.771010 0.408210 0.488782 0.513672 0.167969
63 -15.810380 5.115510 28.704145 -0.768033 0.363207 0.527453 0.513672 0.177734
63 -11.649170 9.958435 28.282349 -0.067020 0.851880 0.519431 0.472656 0.171875
body.png
63 -15.810380 5.115510 28.704145 -0.768033 0.363207 0.527453 0.513672 0.177734
63 -11.508445 8.530665 29.167885 -0.156641 0.791017 0.591402 0.472656 0.181641
63 -11.649170 9.958435 28.282349 -0.067020 0.851880 0.519431 0.472656 0.171875
body.png
63 -11.649170 9.958435 28.282349 -0.067020 0.851880 0.519431 0.472656 0.171875
63 -11.508445 8.530665 29.167885 -0.156641 0.791017 0.591402 0.472656 0.181641
63 -4.400700 6.664250 27.657425 0.793471 0.424409 0.436211 0.421875 0.171875
body.png
63 -11.508445 8.530665 29.167885 -0.156641 0.791017 0.591402 0.472656 0.181641
63 -4.890475 5.564490 28.121796 0.830136 0.407488 0.380563 0.417969 0.179688
63 -4.400700 6.664250 27.657425 0.793471 0.424409 0.436211 0.421875 0.171875
body.png
63 -4.400700 6.664250 27.657425 0.793471 0.424409 0.436211 0.421875 0.171875
63 -4.890475 5.564490 28.121796 0.830136 0.407488 0.380563 0.417969 0.179688
63 -3.810545 0.360485 26.642914 0.906916 0.019385 0.420865 0.378906 0.169922
body.png
63 -4.890475 5.564490 28.121796 0.830136 0.407488 0.380563 0.417969 0.179688
63 -4.671410 0.292520 27.641312 0.956202 0.013082 0.292415 0.380859 0.179688
63 -3.810545 0.360485 26.642914 0.906916 0.019385 0.420865 0.378906 0.169922
body.png
2 2.345115 -4.816430 45.944046 -0.981963 0.090480 -0.166016 0.919922 0.378906
2 4.150245 6.153955 39.634174 -0.776955 0.617348 -0.123380 0.867188 0.339844
2 3.197240 -3.035910 38.404087 -0.986802 0.119099 -0.109718 0.916016 0.341797
body.png
2 3.197240 -3.035910 38.404087 -0.986802 0.119099 -0.109718 0.916016 0.341797
2 4.150245 6.153955 39.634174 -0.776955 0.617348 -0.123380 0.867188 0.339844
3 4.546445 5.700640 36.220486 -0.784204 0.610090 -0.113199 0.873047 0.320313
body.png
2 4.150245 6.153955 39.634174 -0.776955 0.617348 -0.123380 0.867188 0.339844
2 10.380715 8.443385 39.845787 0.195202 0.980423 -0.025808 0.833984 0.330078
3 4.546445 5.700640 36.220486 -0.784204 0.610090 -0.113199 0.873047 0.320313
body.png
3 4.546445 5.700640 36.220486 -0.784204 0.610090 -0.113199 0.873047 0.320313
2 10.380715 8.443385 39.845787 0.195202 0.980423 -0.025808 0.833984 0.330078
3 10.916380 8.190105 35.347870 0.162428 0.986649 0.011900 0.837891 0.306641
body.png
2 10.380715 8.443385 39.845787 0.195202 0.980423 -0.025808 0.833984 0.330078
2 14.830365 4.479420 39.795216 0.866056 0.495228 0.068528 0.804688 0.320313
3 10.916380 8.190105 35.347870 0.162428 0.986649 0.011900 0.837891 0.306641
body.png
3 10.916380 8.190105 35.347870 0.162428 0.986649 0.011900 0.837891 0.306641
2 14.830365 4.479420 39.795216 0.866056 0.495228 0.068528 0.804688 0.320313
3 15.025525 4.487330 36.424622 0.858757 0.504572 0.089129 0.808594 0.302734
body.png
2 14.830365 4.479420 39.795216 0.866056 0.495228 0.068528 0.804688 0.320313
2 16.344906 -3.006900 39.443554 0.929784 -0.367468 -0.021656 0.763672 0.308594
3 15.025525 4.487330 36.424622 0.858757 0.504572 0.089129 0.808594 0.302734
body.png
3 15.025525 4.487330 36.424622 0.858757 0.504572 0.089129 0.808594 0.302734
2 16.344906 -3.006900 39.443554 0.929784 -0.367468 -0.021656 0.763672 0.308594
3 16.410625 -2.463340 36.581703 0.921715 -0.385728 -0.040681 0.769531 0.294922
body.png
2 16.344906 -3.006900 39.443554 0.929784 -0.367468 -0.021656 0.763672 0.308594
2 11.213565 -6.422245 38.367805 0.209629 -0.953143 -0.218113 0.734375 0.294922
3 16.410625 -2.463340 36.581703 0.921715 -0.385728 -0.040681 0.769531 0.294922
body.png
3 16.410625 -2.463340 36.581703 0.921715 -0.385728 -0.040681 0.769531 0.294922
2 11.213565 -6.422245 38.367805 0.209629 -0.953143 -0.218113 0.734375 0.294922
3 11.519275 -5.647620 35.544868 0.224369 -0.956355 -0.187202 0.740234 0.281250
body.png
2 11.213565 -6.422245 38.367805 0.209629 -0.953143 -0.218113 0.734375 0.294922
3 6.426190 -4.707955 35.549595 -0.456810 -0.848497 -0.267166 0.714844 0.269531
3 11.519275 -5.647620 35.544868 0.224369 -0.956355 -0.187202 0.740234 0.281250
body.png
3 11.519275 -5.647620 35.544868 0.224369 -0.956355 -0.187202 0.740234 0.281250
3 6.426190 -4.707955 35.549595 -0.456810 -0.848497 -0.267166 0.714844 0.269531
3 7.333165 -3.067490 27.153839 -0.428808 -0.896895 0.108177 0.736328 0.228516
body.png
3 6.426190 -4.707955 35.549595 -0.456810 -0.848497 -0.267166 0.714844 0.269531
3 4.692865 0.303755 27.659836 -0.733685 -0.662344 0.151679 0.716797 0.216797
3 7.333165 -3.067490 27.153839 -0.428808 -0.896895 0.108177 0.736328 0.228516
body.png
3 4.692865 0.303755 27.659836 -0.956064 0.012211 0.292905 0.914063 0.283203
3 4.907350 5.550400 28.141211 -0.831046 0.405203 0.381016 0.886719 0.281250
3 3.815865 0.347020 26.644211 -0.906980 0.018468 0.420769 0.916016 0.275391
body.png
3 3.815865 0.347020 26.644211 -0.906980 0.018468 0.420769 0.916016 0.275391
3 4.907350 5.550400 28.141211 -0.831046 0.405203 0.381016 0.886719 0.281250
3 4.404965 6.703525 27.669069 -0.793111 0.426042 0.435274 0.884766 0.275391
body.png
3 4.907350 5.550400 28.141211 -0.831046 0.405203 0.381016 0.886719 0.281250
3 11.498480 8.526760 29.180796 0.154955 0.789179 0.594294 0.845703 0.275391
3 4.404965 6.703525 27.669069 -0.793111 0.426042 0.435274 0.884766 0.275391
body.png
3 4.404965 6.703525 27.669069 -0.793111 0.426042 0.435274 0.884766 0.275391
3 11.498480 8.526760 29.180796 0.154955 0.789179 0.594294 0.845703 0.275391
3 11.706534 9.951495 28.303680 0.067432 0.850270 0.522009 0.849609 0.267578
body.png
3 11.498480 8.526760 29.180796 0.154955 0.789179 0.594294 0.845703 0.275391
3 15.841695 5.105540 28.684029 0.767828 0.358824 0.530740 0.818359 0.265625
3 11.706534 9.951495 28.303680 0.067432 0.850270 0.522009 0.849609 0.267578
body.png
3 11.706534 9.951495 28.303680 0.067432 0.850270 0.522009 0.849609 0.267578
3 15.841695 5.105540 28.684029 0.767828 0.358824 0.530740 0.818359 0.265625
3 17.100285 5.860320 27.811529 0.773592 0.405686 0.486800 0.820313 0.257813
body.png
3 15.841695 5.105540 28.684029 0.767828 0.358824 0.530740 0.818359 0.265625
3 16.560356 -1.161265 27.926960 0.780880 -0.460706 0.421873 0.785156 0.255859
3 17.100285 5.860320 27.811529 0.773592 0.405686 0.486800 0.820313 0.257813
body.png
3 17.100285 5.860320 27.811529 0.773592 0.405686 0.486800 0.820313 0.257813
3 16.560356 -1.161265 27.926960 0.780880 -0.460706 0.421873 0.785156 0.255859
3 17.786125 -1.410845 26.860331 0.840476 -0.416957 0.346044 0.789063 0.250000
body.png
3 16.560356 -1.161265 27.926960 0.780880 -0.460706 0.421873 0.785156 0.255859
3 12.983030 -3.939950 27.170876 0.192800 -0.899583 0.391892 0.761719 0.244141
3 17.786125 -1.410845 26.860331 0.840476 -0.416957 0.346044 0.789063 0.250000
body.png
3 17.786125 -1.410845 26.860331 0.840476 -0.416957 0.346044 0.789063 0.250000
3 12.983030 -3.939950 27.170876 0.192800 -0.899583 0.391892 0.761719 0.244141
3 13.060121 -4.962710 25.829975 0.222015 -0.972463 0.070885 0.763672 0.238281
body.png
3 12.983030 -3.939950 27.170876 0.192800 -0.899583 0.391892 0.761719 0.244141
3 6.957540 -3.968345 25.761051 -0.566286 -0.782637 0.258455 0.740234 0.220703
3 13.060121 -4.962710 25.829975 0.222015 -0.972463 0.070885 0.763672 0.238281
body.png
3 13.060121 -4.962710 25.829975 0.222015 -0.972463 0.070885 0.763672 0.238281
3 6.957540 -3.968345 25.761051 -0.566286 -0.782637 0.258455 0.740234 0.220703
3 7.390435 -2.160240 18.522724 -0.299769 -0.513269 -0.804173 0.763672 0.193359
body.png
3 6.957540 -3.968345 25.761051 -0.566286 -0.782637 0.258455 0.740234 0.220703
3 5.394825 1.723960 19.330805 -0.468454 -0.113361 -0.876185 0.757813 0.175781
3 7.390435 -2.160240 18.522724 -0.299769 -0.513269 -0.804173 0.763672 0.193359
body.png
18 36.664501 6.338770 86.361557 -0.178852 0.695768 -0.695643 0.113281 0.312500
19 39.433720 6.421440 85.732269 -0.016988 0.541748 -0.840369 0.117188 0.333984
18 35.999500 3.660630 85.081779 0.118249 -0.146316 -0.982145 0.085938 0.308594
body.png
18 35.999500 3.660630 85.081779 0.118249 -0.146316 -0.982145 0.085938 0.308594
19 39.433720 6.421440 85.732269 -0.016988 0.541748 -0.840369 0.117188 0.333984
19 38.691422 1.333480 87.063301 -0.332316 -0.307075 -0.891780 0.050781 0.333984
body.png
19 39.433720 6.421440 85.732269 -0.016988 0.541748 -0.840369 0.117188 0.333984
19 39.668098 2.851205 86.016838 -0.136656 0.151157 -0.979018 0.080078 0.343750
19 38.691422 1.333480 87.063301 -0.332316 -0.307075 -0.891780 0.050781 0.333984
body.png
19 38.691422 1.333480 87.063301 -0.332316 -0.307075 -0.891780 0.050781 0.333984
19 39.668098 2.851205 86.016838 -0.136656 0.151157 -0.979018 0.080078 0.343750
21 42.300270 0.518355 83.980476 -0.094386 0.260612 -0.960819 0.058594 0.363281
body.png
19 39.668098 2.851205 86.016838 -0.136656 0.151157 -0.979018 0.080078 0.343750
19 44.231281 2.111220 86.784851 0.401453 0.161037 -0.901611 0.076172 0.378906
21 42.300270 0.518355 83.980476 -0.094386 0.260612 -0.960819 0.058594 0.363281
body.png
21 42.300270 0.518355 83.980476 -0.094386 0.260612 -0.960819 0.058594 0.363281
19 44.231281 2.111220 86.784851 0.401453 0.161037 -0.901611 0.076172 0.378906
19 44.271885 0.329345 86.727753 0.561909 0.049153 -0.825738 0.058594 0.380859
body.png
19 44.231281 2.111220 86.784851 0.401453 0.161037 -0.901611 0.076172 0.378906
20 46.305725 1.736690 87.675262 0.280934 -0.017407 -0.959569 0.074219 0.396484
19 44.271885 0.329345 86.727753 0.561909 0.049153 -0.825738 0.058594 0.380859
body.png
19 44.271885 0.329345 86.727753 0.561909 0.049153 -0.825738 0.058594 0.380859
20 46.305725 1.736690 87.675262 0.280934 -0.017407 -0.959569 0.074219 0.396484
20 46.444839 -0.256305 87.884125 0.184571 -0.381526 -0.905744 0.054688 0.400391
body.png
20 46.305725 1.736690 87.675262 0.280934 -0.017407 -0.959569 0.074219 0.396484
23 49.250568 0.871995 88.281670 0.144653 0.810353 -0.567806 0.068359 0.421875
20 46.444839 -0.256305 87.884125 0.184571 -0.381526 -0.905744 0.054688 0.400391
body.png
20 46.444839 -0.256305 87.884125 0.184571 -0.381526 -0.905744 0.054688 0.400391
23 49.250568 0.871995 88.281670 0.144653 0.810353 -0.567806 0.068359 0.421875
23 48.669605 -0.407170 87.795647 -0.182230 -0.720803 -0.668756 0.054688 0.417969
body.png
23 49.250568 0.871995 88.281670 0.144653 0.810353 -0.567806 0.068359 0.421875
24 50.800205 -0.641005 87.219002 -0.374903 -0.310851 -0.873395 0.054688 0.435547
23 48.669605 -0.407170 87.795647 -0.182230 -0.720803 -0.668756 0.054688 0.417969
body.png
23 48.669605 -0.407170 87.795647 -0.182230 -0.720803 -0.668756 0.054688 0.417969
24 50.800205 -0.641005 87.219002 -0.374903 -0.310851 -0.873395 0.054688 0.435547
24 51.438072 -0.817545 88.084717 -0.157274 -0.985164 -0.068675 0.052734 0.441406
body.png
24 50.800205 -0.641005 87.219002 -0.374903 -0.310851 -0.873395 0.054688 0.435547
25 53.097023 -1.080795 86.935539 0.107862 -0.884523 -0.453856 0.052734 0.455078
24 51.438072 -0.817545 88.084717 -0.157274 -0.985164 -0.068675 0.052734 0.441406
body.png
19 38.691422 1.333480 87.063301 -0.332316 -0.307075 -0.891780 0.050781 0.333984
21 42.300270 0.518355 83.980476 -0.094386 0.260612 -0.960819 0.058594 0.363281
21 42.049427 -1.189685 84.961380 -0.578412 -0.340708 -0.741187 0.031250 0.363281
body.png
21 42.049427 -1.189685 84.961380 -0.578412 -0.340708 -0.741187 0.031250 0.363281
21 42.300270 0.518355 83.980476 -0.094386 0.260612 -0.960819 0.058594 0.363281
21 44.382263 -2.199240 83.980980 -0.576842 -0.397600 -0.713560 0.023438 0.382813
body.png
21 42.300270 0.518355 83.980476 -0.094386 0.260612 -0.960819 0.058594 0.363281
21 44.378944 -1.064875 83.302231 -0.160288 0.529340 -0.833131 0.039063 0.378906
21 44.382263 -2.199240 83.980980 -0.576842 -0.397600 -0.713560 0.023438 0.382813
body.png
21 44.382263 -2.199240 83.980980 -0.576842 -0.397600 -0.713560 0.023438 0.382813
21 44.378944 -1.064875 83.302231 -0.160288 0.529340 -0.833131 0.039063 0.378906
22 45.543602 -2.894200 83.170631 -0.580159 -0.377846 -0.721559 0.017578 0.392578
body.png
21 44.378944 -1.064875 83.302231 -0.160288 0.529340 -0.833131 0.039063 0.378906
22 45.857372 -1.759790 82.394638 -0.138760 0.351763 -0.925748 0.033203 0.392578
22 45.543602 -2.894200 83.170631 -0.580159 -0.377846 -0.721559 0.017578 0.392578
body.png
22 45.543602 -2.894200 83.170631 -0.580159 -0.377846 -0.721559 0.017578 0.392578
22 45.857372 -1.759790 82.394638 -0.138760 0.351763 -0.925748 0.033203 0.392578
22 46.955048 -3.126665 82.476883 0.089110 -0.481574 -0.871863 0.015625 0.406250
body.png
22 45.857372 -1.759790 82.394638 -0.138760 0.351763 -0.925748 0.033203 0.392578
22 47.170593 -2.439075 82.151672 0.262126 -0.004235 -0.965024 0.027344 0.404297
22 46.955048 -3.126665 82.476883 0.089110 -0.481574 -0.871863 0.015625 0.406250
body.png
22 46.955048 -3.126665 82.476883 0.089110 -0.481574 -0.871863 0.015625 0.406250
22 47.170593 -2.439075 82.151672 0.262126 -0.004235 -0.965024 0.027344 0.404297
22 47.503033 -2.405115 82.413063 0.577546 0.218103 -0.786684 0.031250 0.414063
body.png
22 47.170593 -2.439075 82.151672 0.262126 -0.004235 -0.965024 0.027344 0.404297
22 45.857372 -1.759790 82.394638 -0.138760 0.351763 -0.925748 0.033203 0.392578
22 47.503033 -2.405115 82.413063 0.577546 0.218103 -0.786684 0.031250 0.414063
body.png
22 47.503033 -2.405115 82.413063 0.577546 0.218103 -0.786684 0.031250 0.414063
22 45.857372 -1.759790 82.394638 -0.138760 0.351763 -0.925748 0.033203 0.392578
22 46.573746 -1.446285 83.393898 0.225334 0.885970 -0.405318 0.041016 0.404297
body.png
22 45.857372 -1.759790 82.394638 -0.138760 0.351763 -0.925748 0.033203 0.392578
21 44.378944 -1.064875 83.302231 -0.160288 0.529340 -0.833131 0.039063 0.378906
22 46.573746 -1.446285 83.393898 0.225334 0.885970 -0.405318 0.041016 0.404297
body.png
22 46.573746 -1.446285 83.393898 0.225334 0.885970 -0.405318 0.041016 0.404297
21 44.378944 -1.064875 83.302231 -0.160288 0.529340 -0.833131 0.039063 0.378906
21 45.122395 -0.940410 84.081192 0.248029 0.891469 -0.379164 0.044922 0.392578
body.png
21 44.378944 -1.064875 83.302231 -0.160288 0.529340 -0.833131 0.039063 0.378906
21 44.404415 -0.147175 85.082588 0.396460 0.844210 -0.360733 0.048828 0.378906
21 45.122395 -0.940410 84.081192 0.248029 0.891469 -0.379164 0.044922 0.392578
body.png
44 -53.069340 -1.103435 86.887909 -0.056683 -0.844131 -0.533133 0.052734 0.455078
43 -50.802170 -0.611755 87.260696 0.374927 -0.280561 -0.883581 0.054688 0.435547
43 -51.441154 -0.843865 88.099030 0.170505 -0.980189 -0.100785 0.052734 0.441406
body.png
43 -51.441154 -0.843865 88.099030 0.170505 -0.980189 -0.100785 0.052734 0.441406
43 -50.802170 -0.611755 87.260696 0.374927 -0.280561 -0.883581 0.054688 0.435547
42 -48.690002 -0.414200 87.798073 0.183458 -0.709422 -0.680488 0.054688 0.417969
body.png
43 -50.802170 -0.611755 87.260696 0.374927 -0.280561 -0.883581 0.054688 0.435547
42 -49.266834 0.857320 88.301071 -0.143982 0.814920 -0.561404 0.068359 0.421875
42 -48.690002 -0.414200 87.798073 0.183458 -0.709422 -0.680488 0.054688 0.417969
body.png
42 -48.690002 -0.414200 87.798073 0.183458 -0.709422 -0.680488 0.054688 0.417969
42 -49.266834 0.857320 88.301071 -0.143982 0.814920 -0.561404 0.068359 0.421875
39 -46.463528 -0.254835 87.898514 -0.184028 -0.383396 -0.905064 0.054688 0.400391
body.png
42 -49.266834 0.857320 88.301071 -0.143982 0.814920 -0.561404 0.068359 0.421875
39 -46.292896 1.726745 87.671082 -0.282190 -0.014927 -0.959242 0.074219 0.396484
39 -46.463528 -0.254835 87.898514 -0.184028 -0.383396 -0.905064 0.054688 0.400391
body.png
39 -46.463528 -0.254835 87.898514 -0.184028 -0.383396 -0.905064 0.054688 0.400391
39 -46.292896 1.726745 87.671082 -0.282190 -0.014927 -0.959242 0.074219 0.396484
38 -44.261776 0.357255 86.716850 -0.559364 0.048224 -0.827518 0.058594 0.380859
body.png
39 -46.292896 1.726745 87.671082 -0.282190 -0.014927 -0.959242 0.074219 0.396484
38 -44.257683 2.091075 86.810944 -0.403742 0.163344 -0.900173 0.076172 0.378906
38 -44.261776 0.357255 86.716850 -0.559364 0.048224 -0.827518 0.058594 0.380859
body.png
38 -44.261776 0.357255 86.716850 -0.559364 0.048224 -0.827518 0.058594 0.380859
38 -44.257683 2.091075 86.810944 -0.403742 0.163344 -0.900173 0.076172 0.378906
40 -42.306858 0.490060 83.986298 0.094247 0.246359 -0.964585 0.058594 0.363281
body.png
38 -44.257683 2.091075 86.810944 -0.403742 0.163344 -0.900173 0.076172 0.378906
38 -39.616066 2.833510 86.000603 0.140777 0.156504 -0.977593 0.080078 0.343750
40 -42.306858 0.490060 83.986298 0.094247 0.246359 -0.964585 0.058594 0.363281
body.png
40 -42.306858 0.490060 83.986298 0.094247 0.246359 -0.964585 0.058594 0.363281
38 -39.616066 2.833510 86.000603 0.140777 0.156504 -0.977593 0.080078 0.343750
38 -38.645130 1.345245 87.051727 0.336714 -0.305836 -0.890555 0.050781 0.333984
body.png
38 -39.616066 2.833510 86.000603 0.140777 0.156504 -0.977593 0.080078 0.343750
38 -39.425919 6.441315 85.776787 0.024803 0.552586 -0.833086 0.117188 0.333984
38 -38.645130 1.345245 87.051727 0.336714 -0.305836 -0.890555 0.050781 0.333984
body.png
38 -38.645130 1.345245 87.051727 0.336714 -0.305836 -0.890555 0.050781 0.333984
38 -39.425919 6.441315 85.776787 0.024803 0.552586 -0.833086 0.117188 0.333984
37 -36.014080 3.682790 85.098129 -0.117345 -0.142892 -0.982757 0.085938 0.308594
body.png
38 -39.425919 6.441315 85.776787 0.024803 0.552586 -0.833086 0.117188 0.333984
37 -36.644711 6.342850 86.394814 0.177908 0.702966 -0.688612 0.113281 0.312500
37 -36.014080 3.682790 85.098129 -0.117345 -0.142892 -0.982757 0.085938 0.308594
body.png
40 -44.396950 -0.149915 85.104095 -0.404577 0.833927 -0.375343 0.048828 0.378906
40 -44.361732 -1.114115 83.305046 0.169633 0.522990 -0.835288 0.039063 0.378906
40 -45.105038 -0.998755 84.079117 -0.260056 0.886866 -0.381890 0.044922 0.392578
body.png
40 -45.105038 -0.998755 84.079117 -0.260056 0.886866 -0.381890 0.044922 0.392578
40 -44.361732 -1.114115 83.305046 0.169633 0.522990 -0.835288 0.039063 0.378906
41 -46.501560 -1.489930 83.390648 -0.222171 0.890506 -0.397039 0.041016 0.404297
body.png
40 -44.361732 -1.114115 83.305046 0.169633 0.522990 -0.835288 0.039063 0.378906
41 -45.793739 -1.784345 82.418633 0.144800 0.340881 -0.928888 0.033203 0.392578
41 -46.501560 -1.489930 83.390648 -0.222171 0.890506 -0.397039 0.041016 0.404297
body.png
41 -46.501560 -1.489930 83.390648 -0.222171 0.890506 -0.397039 0.041016 0.404297
41 -45.793739 -1.784345 82.418633 0.144800 0.340881 -0.928888 0.033203 0.392578
41 -47.479103 -2.449675 82.375366 -0.525578 0.201770 -0.826472 0.031250 0.414063
body.png
41 -45.793739 -1.784345 82.418633 0.144800 0.340881 -0.928888 0.033203 0.392578
41 -47.142624 -2.473435 82.172348 -0.196705 -0.015770 -0.980336 0.027344 0.404297
41 -47.479103 -2.449675 82.375366 -0.525578 0.201770 -0.826472 0.031250 0.414063
body.png
41 -47.479103 -2.449675 82.375366 -0.525578 0.201770 -0.826472 0.031250 0.414063
41 -47.142624 -2.473435 82.172348 -0.196705 -0.015770 -0.980336 0.027344 0.404297
41 -46.957802 -3.099725 82.465775 -0.058313 -0.483573 -0.873359 0.015625 0.406250
body.png
41 -47.142624 -2.473435 82.172348 -0.196705 -0.015770 -0.980336 0.027344 0.404297
41 -45.793739 -1.784345 82.418633 0.144800 0.340881 -0.928888 0.033203 0.392578
41 -46.957802 -3.099725 82.465775 -0.058313 -0.483573 -0.873359 0.015625 0.406250
body.png
41 -46.957802 -3.099725 82.465775 -0.058313 -0.483573 -0.873359 0.015625 0.406250
41 -45.793739 -1.784345 82.418633 0.144800 0.340881 -0.928888 0.033203 0.392578
41 -45.529190 -2.924540 83.175262 0.586976 -0.392243 -0.708241 0.017578 0.392578
body.png
41 -45.793739 -1.784345 82.418633 0.144800 0.340881 -0.928888 0.033203 0.392578
40 -44.361732 -1.114115 83.305046 0.169633 0.522990 -0.835288 0.039063 0.378906
41 -45.529190 -2.924540 83.175262 0.586976 -0.392243 -0.708241 0.017578 0.392578
body.png
41 -45.529190 -2.924540 83.175262 0.586976 -0.392243 -0.708241 0.017578 0.392578
40 -44.361732 -1.114115 83.305046 0.169633 0.522990 -0.835288 0.039063 0.378906
40 -44.377609 -2.164020 84.005005 0.591353 -0.418953 -0.689043 0.023438 0.382813
body.png
40 -44.361732 -1.114115 83.305046 0.169633 0.522990 -0.835288 0.039063 0.378906
40 -42.306858 0.490060 83.986298 0.094247 0.246359 -0.964585 0.058594 0.363281
40 -44.377609 -2.164020 84.005005 0.591353 -0.418953 -0.689043 0.023438 0.382813
body.png
40 -44.377609 -2.164020 84.005005 0.591353 -0.418953 -0.689043 0.023438 0.382813
40 -42.306858 0.490060 83.986298 0.094247 0.246359 -0.964585 0.058594 0.363281
40 -42.054619 -1.208785 84.972610 0.571682 -0.346819 -0.743570 0.031250 0.363281
body.png
40 -42.306858 0.490060 83.986298 0.094247 0.246359 -0.964585 0.058594 0.363281
38 -38.645130 1.345245 87.051727 0.336714 -0.305836 -0.890555 0.050781 0.333984
40 -42.054619 -1.208785 84.972610 0.571682 -0.346819 -0.743570 0.031250 0.363281
body.png
8 -16.861441 4.376090 -0.004495 -0.938066 0.346164 0.014254 0.593750 0.996094
8 -15.853905 8.183690 3.539805 -0.677913 0.734153 0.038129 0.535156 0.953125
8 -15.736409 8.144215 0.019205 -0.498057 0.866959 -0.017897 0.533203 0.996094
body.png
8 -15.736409 8.144215 0.019205 -0.498057 0.866959 -0.017897 0.533203 0.996094
8 -15.853905 8.183690 3.539805 -0.677913 0.734153 0.038129 0.535156 0.953125
8 -11.432534 8.906315 3.767315 0.319121 0.947507 0.019789 0.484375 0.951172
body.png
8 -15.853905 8.183690 3.539805 -0.677913 0.734153 0.038129 0.535156 0.953125
7 -11.346760 8.489531 9.558940 0.318525 0.946067 0.059157 0.484375 0.910156
8 -11.432534 8.906315 3.767315 0.319121 0.947507 0.019789 0.484375 0.951172
body.png
8 -11.432534 8.906315 3.767315 0.319121 0.947507 0.019789 0.484375 0.951172
7 -11.346760 8.489531 9.558940 0.318525 0.946067 0.059157 0.484375 0.910156
8 -8.403205 5.671730 3.881965 0.981944 0.188943 0.009307 0.535156 0.953125
body.png
7 -11.346760 8.489531 9.558940 0.318525 0.946067 0.059157 0.484375 0.910156
7 -8.415225 5.443060 9.570565 0.998612 -0.049708 0.017402 0.537109 0.900391
8 -8.403205 5.671730 3.881965 0.981944 0.188943 0.009307 0.535156 0.953125
body.png
8 -8.403205 5.671730 3.881965 0.981944 0.188943 0.009307 0.535156 0.953125
7 -8.415225 5.443060 9.570565 0.998612 -0.049708 0.017402 0.537109 0.900391
8 -9.770425 2.320810 3.558620 0.932706 -0.354968 0.063699 0.589844 0.953125
body.png
7 -8.415225 5.443060 9.570565 0.998612 -0.049708 0.017402 0.537109 0.900391
7 -10.447035 1.334650 9.584755 0.582712 -0.706331 0.401924 0.601563 0.894531
8 -9.770425 2.320810 3.558620 0.932706 -0.354968 0.063699 0.589844 0.953125
body.png
8 -9.770425 2.320810 3.558620 0.932706 -0.354968 0.063699 0.589844 0.953125
7 -10.447035 1.334650 9.584755 0.582712 -0.706331 0.401924 0.601563 0.894531
9 -12.042835 -2.442095 5.957735 0.639439 -0.471588 0.607226 0.667969 0.923828
body.png
7 -10.447035 1.334650 9.584755 0.582712 -0.706331 0.401924 0.601563 0.894531
9 -15.218380 -1.696200 6.567700 -0.180005 -0.575749 0.797566 0.691406 0.878906
9 -12.042835 -2.442095 5.957735 0.639439 -0.471588 0.607226 0.667969 0.923828
body.png
9 -12.042835 -2.442095 5.957735 0.639439 -0.471588 0.607226 0.667969 0.923828
9 -15.218380 -1.696200 6.567700 -0.180005 -0.575749 0.797566 0.691406 0.878906
9 -16.524275 -5.376550 5.077000 -0.235348 -0.631169 0.739078 0.744141 0.902344
body.png
9 -15.218380 -1.696200 6.567700 -0.180005 -0.575749 0.797566 0.691406 0.878906
9 -18.192404 -0.598820 5.969005 -0.794405 0.059084 0.604508 0.667969 0.923828
9 -16.524275 -5.376550 5.077000 -0.235348 -0.631169 0.739078 0.744141 0.902344
body.png
9 -16.524275 -5.376550 5.077000 -0.235348 -0.631169 0.739078 0.744141 0.902344
9 -18.192404 -0.598820 5.969005 -0.794405 0.059084 0.604508 0.667969 0.923828
9 -19.917336 -3.996090 4.151545 -0.689400 -0.677287 0.256925 0.718750 0.941406
body.png
9 -18.192404 -0.598820 5.969005 -0.794405 0.059084 0.604508 0.667969 0.923828
9 -20.661663 -3.108705 1.666885 -0.958862 0.138140 0.247992 0.708984 0.972656
9 -19.917336 -3.996090 4.151545 -0.689400 -0.677287 0.256925 0.718750 0.941406
body.png
5 20.688560 -3.124910 1.618225 0.963681 0.130802 0.232831 0.708984 0.972656
5 18.179859 -0.597985 5.956835 0.792176 0.059285 0.607406 0.667969 0.923828
5 19.933744 -4.022980 4.135905 0.670650 -0.705791 0.228226 0.718750 0.941406
body.png
5 19.933744 -4.022980 4.135905 0.670650 -0.705791 0.228226 0.718750 0.941406
5 18.179859 -0.597985 5.956835 0.792176 0.059285 0.607406 0.667969 0.923828
5 16.531746 -5.400895 5.086045 0.232464 -0.629592 0.741333 0.744141 0.902344
body.png
5 18.179859 -0.597985 5.956835 0.792176 0.059285 0.607406 0.667969 0.923828
5 15.221129 -1.709425 6.536155 0.182278 -0.573013 0.799019 0.691406 0.878906
5 16.531746 -5.400895 5.086045 0.232464 -0.629592 0.741333 0.744141 0.902344
body.png
5 16.531746 -5.400895 5.086045 0.232464 -0.629592 0.741333 0.744141 0.902344
5 15.221129 -1.709425 6.536155 0.182278 -0.573013 0.799019 0.691406 0.878906
5 12.033290 -2.437715 5.964085 -0.639709 -0.471838 0.606747 0.667969 0.923828
body.png
5 15.221129 -1.709425 6.536155 0.182278 -0.573013 0.799019 0.691406 0.878906
3 10.438395 1.344610 9.558860 -0.587221 -0.704751 0.398118 0.601563 0.894531
5 12.033290 -2.437715 5.964085 -0.639709 -0.471838 0.606747 0.667969 0.923828
body.png
5 12.033290 -2.437715 5.964085 -0.639709 -0.471838 0.606747 0.667969 0.923828
3 10.438395 1.344610 9.558860 -0.587221 -0.704751 0.398118 0.601563 0.894531
4 9.810015 2.299085 3.555160 -0.933058 -0.353751 0.065287 0.589844 0.953125
body.png
3 10.438395 1.344610 9.558860 -0.587221 -0.704751 0.398118 0.601563 0.894531
3 8.435580 5.435900 9.567215 -0.998437 -0.052168 0.020053 0.537109 0.900391
4 9.810015 2.299085 3.555160 -0.933058 -0.353751 0.065287 0.589844 0.953125
body.png
4 9.810015 2.299085 3.555160 -0.933058 -0.353751 0.065287 0.589844 0.953125
3 8.435580 5.435900 9.567215 -0.998437 -0.052168 0.020053 0.537109 0.900391
4 8.391000 5.697365 3.876210 -0.982393 0.186451 0.011864 0.535156 0.953125
body.png
3 8.435580 5.435900 9.567215 -0.998437 -0.052168 0.020053 0.537109 0.900391
3 11.351105 8.481260 9.544895 -0.320133 0.945519 0.059233 0.484375 0.910156
4 8.391000 5.697365 3.876210 -0.982393 0.186451 0.011864 0.535156 0.953125
body.png
4 8.391000 5.697365 3.876210 -0.982393 0.186451 0.011864 0.535156 0.953125
3 11.351105 8.481260 9.544895 -0.320133 0.945519 0.059233 0.484375 0.910156
4 11.415430 8.906811 3.790895 -0.317709 0.947905 0.023159 0.484375 0.951172
body.png
3 11.351105 8.481260 9.544895 -0.320133 0.945519 0.059233 0.484375 0.910156
4 15.812170 8.163925 3.537320 0.672674 0.738911 0.039000 0.535156 0.953125
4 11.415430 8.906811 3.790895 -0.317709 0.947905 0.023159 0.484375 0.951172
body.png
4 11.415430 8.906811 3.790895 -0.317709 0.947905 0.023159 0.484375 0.951172
4 15.812170 8.163925 3.537320 0.672674 0.738911 0.039000 0.535156 0.953125
4 15.733549 8.188445 0.002390 0.497135 0.867663 -0.004191 0.533203 0.996094
body.png
4 15.812170 8.163925 3.537320 0.672674 0.738911 0.039000 0.535156 0.953125
4 16.871965 4.374160 0.017800 0.937671 0.347450 0.007128 0.593750 0.996094
4 15.733549 8.188445 0.002390 0.497135 0.867663 -0.004191 0.533203 0.996094
body.png
67 13.122125 0.686945 100.141998 -0.988264 -0.008158 0.152538 0.701172 0.003906
67 13.129990 1.499275 100.149216 -0.683747 0.629891 -0.368412 0.695313 0.011719
67 17.951200 1.530950 96.866684 0.299738 0.290566 -0.908696 0.601563 0.005859
body.png
67 17.951200 1.530950 96.866684 0.299738 0.290566 -0.908696 0.601563 0.005859
67 13.129990 1.499275 100.149216 -0.683747 0.629891 -0.368412 0.695313 0.011719
67 18.243149 1.807615 97.276833 0.575636 0.649670 -0.496561 0.601563 0.015625
body.png
67 13.129990 1.499275 100.149216 -0.683747 0.629891 -0.368412 0.695313 0.011719
67 13.434866 1.781550 100.607330 -0.516299 0.625365 0.585111 0.693359 0.017578
67 18.243149 1.807615 97.276833 0.575636 0.649670 -0.496561 0.601563 0.015625
body.png
67 18.243149 1.807615 97.276833 0.575636 0.649670 -0.496561 0.601563 0.015625
67 13.434866 1.781550 100.607330 -0.516299 0.625365 0.585111 0.693359 0.017578
67 18.511770 1.474930 97.712326 0.915463 0.400451 0.039573 0.601563 0.023438
body.png
67 13.434866 1.781550 100.607330 -0.516299 0.625365 0.585111 0.693359 0.017578
67 13.738345 1.449070 100.981300 -0.050501 0.210897 0.976203 0.695313 0.023438
67 18.511770 1.474930 97.712326 0.915463 0.400451 0.039573 0.601563 0.023438
body.png
67 18.511770 1.474930 97.712326 0.915463 0.400451 0.039573 0.601563 0.023438
67 13.738345 1.449070 100.981300 -0.050501 0.210897 0.976203 0.695313 0.023438
67 18.490980 0.656990 97.657150 0.959967 -0.264766 0.091444 0.603516 0.035156
body.png
67 13.738345 1.449070 100.981300 -0.050501 0.210897 0.976203 0.695313 0.023438
67 13.730474 0.636735 100.974106 0.099205 -0.635280 0.765884 0.701172 0.031250
67 18.490980 0.656990 97.657150 0.959967 -0.264766 0.091444 0.603516 0.035156
body.png
67 18.490980 0.656990 97.657150 0.959967 -0.264766 0.091444 0.603516 0.035156
67 13.730474 0.636735 100.974106 0.099205 -0.635280 0.765884 0.701172 0.031250
67 18.199030 0.380325 97.247002 0.680001 -0.654760 -0.329982 0.605469 0.042969
body.png
67 13.730474 0.636735 100.974106 0.099205 -0.635280 0.765884 0.701172 0.031250
67 13.425600 0.354465 100.515976 -0.138628 -0.968245 -0.208047 0.701172 0.041016
67 18.199030 0.380325 97.247002 0.680001 -0.654760 -0.329982 0.605469 0.042969
body.png
67 18.199030 0.380325 97.247002 0.680001 -0.654760 -0.329982 0.605469 0.042969
67 13.425600 0.354465 100.515976 -0.138628 -0.968245 -0.208047 0.701172 0.041016
67 17.930410 0.713010 96.811493 0.345762 -0.395553 -0.850874 0.605469 0.050781
body.png
67 13.425600 0.354465 100.515976 -0.138628 -0.968245 -0.208047 0.701172 0.041016
67 13.122125 0.686945 100.141998 -0.511729 -0.432793 -0.742175 0.699219 0.050781
67 17.930410 0.713010 96.811493 0.345762 -0.395553 -0.850874 0.605469 0.050781
body.png
67 17.930410 0.713010 96.811493 0.345762 -0.395553 -0.850874 0.605469 0.050781
67 13.122125 0.686945 100.141998 -0.511729 -0.432793 -0.742175 0.699219 0.050781
67 17.951200 1.530950 96.866684 0.215150 0.060301 -0.974718 0.605469 0.062500
body.png
1 0.000000 10.059110 69.190109 -0.187388 0.968661 0.163041 0.468750 0.492188
1 0.000000 10.909105 64.140106 -0.034965 0.998546 0.041017 0.457031 0.468750
1 -7.150000 8.659110 69.290100 -0.330424 0.911710 0.244139 0.503906 0.476563
body.png
1 -7.150000 8.659110 69.290100 -0.330424 0.911710 0.244139 0.503906 0.476563
1 0.000000 10.909105 64.140106 -0.034965 0.998546 0.041017 0.457031 0.468750
1 -8.550000 9.609105 64.390106 -0.484220 0.867070 0.117134 0.496094 0.451172
body.png
1 0.000000 10.909105 64.140106 -0.034965 0.998546 0.041017 0.457031 0.468750
1 -1.950000 10.309105 57.590107 0.024358 0.964522 -0.262875 0.453125 0.433594
1 -8.550000 9.609105 64.390106 -0.484220 0.867070 0.117134 0.496094 0.451172
body.png
1 -8.550000 9.609105 64.390106 -0.484220 0.867070 0.117134 0.496094 0.451172
1 -1.950000 10.309105 57.590107 0.024358 0.964522 -0.262875 0.453125 0.433594
1 -8.950000 9.409105 57.840103 -0.448330 0.869867 -0.205747 0.486328 0.419922
body.png
1 -1.950000 10.309105 57.590107 0.024358 0.964522 -0.262875 0.453125 0.433594
6 -8.516456 8.606225 55.757706 -0.311427 0.923928 -0.222195 0.480469 0.410156
1 -8.950000 9.409105 57.840103 -0.448330 0.869867 -0.205747 0.486328 0.419922
body.png
1 -8.950000 9.409105 57.840103 -0.448330 0.869867 -0.205747 0.486328 0.419922
6 -8.516456 8.606225 55.757706 -0.311427 0.923928 -0.222195 0.480469 0.410156
6 -13.275675 4.874995 58.100830 -0.860028 0.510246 0.000426 0.515625 0.408203
body.png
6 -8.516456 8.606225 55.757706 -0.311427 0.923928 -0.222195 0.480469 0.410156
6 -14.473995 4.607785 48.758583 -0.824226 0.540286 -0.169536 0.503906 0.361328
6 -13.275675 4.874995 58.100830 -0.860028 0.510246 0.000426 0.515625 0.408203
body.png
6 -13.275675 4.874995 58.100830 -0.860028 0.510246 0.000426 0.515625 0.408203
6 -14.473995 4.607785 48.758583 -0.824226 0.540286 -0.169536 0.503906 0.361328
6 -15.115105 -3.753870 57.868008 -0.918808 -0.372762 0.129770 0.558594 0.392578
body.png
6 -14.473995 4.607785 48.758583 -0.824226 0.540286 -0.169536 0.503906 0.361328
6 -16.021809 -4.600825 48.219410 -0.883497 -0.316578 -0.345271 0.548828 0.343750
6 -15.115105 -3.753870 57.868008 -0.918808 -0.372762 0.129770 0.558594 0.392578
body.png
6 -15.115105 -3.753870 57.868008 -0.918808 -0.372762 0.129770 0.558594 0.392578
6 -16.021809 -4.600825 48.219410 -0.883497 -0.316578 -0.345271 0.548828 0.343750
6 -9.521485 -8.850795 47.287476 -0.248046 -0.918034 -0.309333 0.587891 0.333984
body.png
6 -16.021809 -4.600825 48.219410 -0.883497 -0.316578 -0.345271 0.548828 0.343750
6 -9.916005 -7.545705 46.425163 -0.353048 -0.615779 -0.704396 0.582031 0.328125
6 -9.521485 -8.850795 47.287476 -0.248046 -0.918034 -0.309333 0.587891 0.333984
body.png
6 -9.521485 -8.850795 47.287476 -0.248046 -0.918034 -0.309333 0.587891 0.333984
6 -9.916005 -7.545705 46.425163 -0.353048 -0.615779 -0.704396 0.582031 0.328125
6 -4.810960 -7.805855 46.154297 0.262900 -0.676941 -0.687485 0.611328 0.324219
body.png
63 -4.671410 0.292520 27.641312 0.733774 -0.663179 0.147544 0.669922 0.173828
7 -6.419025 -4.695280 35.536682 0.453953 -0.849317 -0.269418 0.640625 0.207031
63 -7.305520 -3.073745 27.146622 0.430989 -0.896167 0.105515 0.638672 0.173828
body.png
63 -7.305520 -3.073745 27.146622 0.430989 -0.896167 0.105515 0.638672 0.173828
7 -6.419025 -4.695280 35.536682 0.453953 -0.849317 -0.269418 0.640625 0.207031
7 -11.511765 -5.658655 35.506989 -0.223802 -0.957188 -0.183586 0.603516 0.207031
body.png
7 -6.419025 -4.695280 35.536682 0.453953 -0.849317 -0.269418 0.640625 0.207031
6 -11.207000 -6.402060 38.356060 -0.213946 -0.951371 -0.221634 0.605469 0.226563
7 -11.511765 -5.658655 35.506989 -0.223802 -0.957188 -0.183586 0.603516 0.207031
body.png
7 -11.511765 -5.658655 35.506989 -0.223802 -0.957188 -0.183586 0.603516 0.207031
6 -11.207000 -6.402060 38.356060 -0.213946 -0.951371 -0.221634 0.605469 0.226563
7 -16.390011 -2.456865 36.571796 -0.922589 -0.385019 -0.024272 0.562500 0.210938
body.png
6 -11.207000 -6.402060 38.356060 -0.213946 -0.951371 -0.221634 0.605469 0.226563
6 -16.186905 -3.005450 39.338951 -0.984972 -0.171476 0.020624 0.564453 0.228516
7 -16.390011 -2.456865 36.571796 -0.922589 -0.385019 -0.024272 0.562500 0.210938
body.png
7 -16.390011 -2.456865 36.571796 -0.922589 -0.385019 -0.024272 0.562500 0.210938
6 -16.186905 -3.005450 39.338951 -0.984972 -0.171476 0.020624 0.564453 0.228516
7 -15.035025 4.487260 36.389912 -0.860425 0.500202 0.097296 0.511719 0.205078
body.png
6 -16.186905 -3.005450 39.338951 -0.984972 -0.171476 0.020624 0.564453 0.228516
6 -14.817785 4.516790 39.782032 -0.784563 0.612822 0.094392 0.509766 0.228516
7 -15.035025 4.487260 36.389912 -0.860425 0.500202 0.097296 0.511719 0.205078
body.png
7 -15.035025 4.487260 36.389912 -0.860425 0.500202 0.097296 0.511719 0.205078
6 -14.817785 4.516790 39.782032 -0.784563 0.612822 0.094392 0.509766 0.228516
7 -10.924605 8.181880 35.375397 -0.146806 0.986813 0.068182 0.472656 0.197266
body.png
6 -14.817785 4.516790 39.782032 -0.784563 0.612822 0.094392 0.509766 0.228516
6 -10.345005 7.659765 39.813644 0.003899 0.999558 0.029481 0.472656 0.228516
7 -10.924605 8.181880 35.375397 -0.146806 0.986813 0.068182 0.472656 0.197266
body.png
7 -10.924605 8.181880 35.375397 -0.146806 0.986813 0.068182 0.472656 0.197266
6 -10.345005 7.659765 39.813644 0.003899 0.999558 0.029481 0.472656 0.228516
7 -4.533345 5.719590 36.236450 0.771563 0.631121 -0.079850 0.425781 0.208984
body.png
6 -10.345005 7.659765 39.813644 0.003899 0.999558 0.029481 0.472656 0.228516
6 -4.166655 6.173585 39.628571 0.734868 0.657225 -0.167401 0.427734 0.232422
7 -4.533345 5.719590 36.236450 0.771563 0.631121 -0.079850 0.425781 0.208984
body.png
7 -4.533345 5.719590 36.236450 0.771563 0.631121 -0.079850 0.425781 0.208984
6 -4.166655 6.173585 39.628571 0.734868 0.657225 -0.167401 0.427734 0.232422
6 -3.180665 -3.025995 38.407684 0.985393 0.123231 -0.117534 0.371094 0.226563
body.png
61 32.317833 4.030210 81.761780 -0.384015 -0.599749 -0.702021 0.382813 0.435547
61 31.891830 -0.920585 86.623695 -0.567829 -0.797979 -0.201989 0.382813 0.470703
61 31.645966 4.284180 83.007416 -0.663576 -0.491716 -0.563811 0.380859 0.439453
body.png
61 31.645966 4.284180 83.007416 -0.663576 -0.491716 -0.563811 0.380859 0.439453
61 31.891830 -0.920585 86.623695 -0.567829 -0.797979 -0.201989 0.382813 0.470703
61 31.245115 0.041165 87.154541 -0.537388 -0.791394 -0.291391 0.375000 0.472656
body.png
61 31.891830 -0.920585 86.623695 -0.567829 -0.797979 -0.201989 0.382813 0.470703
61 32.237835 0.111460 92.715302 -0.430694 -0.624150 0.651874 0.378906 0.503906
61 31.245115 0.041165 87.154541 -0.537388 -0.791394 -0.291391 0.375000 0.472656
body.png
61 31.245115 0.041165 87.154541 -0.537388 -0.791394 -0.291391 0.375000 0.472656
61 32.237835 0.111460 92.715302 -0.430694 -0.624150 0.651874 0.378906 0.503906
61 31.559906 0.880295 92.130661 -0.525303 -0.609726 0.593541 0.369141 0.501953
body.png
61 32.237835 0.111460 92.715302 -0.430694 -0.624150 0.651874 0.378906 0.503906
61 32.871803 6.318650 94.477074 -0.281558 0.310950 0.907764 0.373047 0.537109
61 31.559906 0.880295 92.130661 -0.525303 -0.609726 0.593541 0.369141 0.501953
body.png
61 31.559906 0.880295 92.130661 -0.525303 -0.609726 0.593541 0.369141 0.501953
61 32.871803 6.318650 94.477074 -0.281558 0.310950 0.907764 0.373047 0.537109
61 32.018784 7.063975 93.264908 -0.316289 0.307161 0.897560 0.361328 0.541016
body.png
61 32.871803 6.318650 94.477074 -0.281558 0.310950 0.907764 0.373047 0.537109
61 33.279121 10.759245 90.253006 -0.265058 0.925572 0.270297 0.373047 0.568359
61 32.018784 7.063975 93.264908 -0.316289 0.307161 0.897560 0.361328 0.541016
body.png
61 32.018784 7.063975 93.264908 -0.316289 0.307161 0.897560 0.361328 0.541016
61 33.279121 10.759245 90.253006 -0.265058 0.925572 0.270297 0.373047 0.568359
61 32.566166 10.029705 90.009171 -0.258712 0.954028 0.151323 0.365234 0.568359
body.png
61 33.279121 10.759245 90.253006 -0.265058 0.925572 0.270297 0.373047 0.568359
61 33.015182 9.530505 84.735489 -0.452662 0.705027 -0.545926 0.380859 0.597656
61 32.566166 10.029705 90.009171 -0.258712 0.954028 0.151323 0.365234 0.568359
body.png
61 32.566166 10.029705 90.009171 -0.258712 0.954028 0.151323 0.365234 0.568359
61 33.015182 9.530505 84.735489 -0.452662 0.705027 -0.545926 0.380859 0.597656
61 32.435452 8.813525 85.704948 -0.543127 0.663081 -0.515108 0.373047 0.597656
body.png
61 33.015182 9.530505 84.735489 -0.452662 0.705027 -0.545926 0.380859 0.597656
61 32.317833 4.030210 81.761780 -0.588073 0.459283 -0.665755 0.390625 0.634766
61 32.435452 8.813525 85.704948 -0.543127 0.663081 -0.515108 0.373047 0.597656
body.png
61 32.435452 8.813525 85.704948 -0.543127 0.663081 -0.515108 0.373047 0.597656
61 32.317833 4.030210 81.761780 -0.588073 0.459283 -0.665755 0.390625 0.634766
61 31.645966 4.284180 83.007416 -0.197997 0.519022 -0.831513 0.378906 0.630859
body.png
61 37.536018 3.199550 82.277130 0.999256 0.021603 -0.031949 0.416016 0.439453
61 37.457211 -1.584785 86.035980 0.815257 -0.402714 -0.416145 0.412109 0.474609
61 32.317833 4.030210 81.761780 -0.384015 -0.599749 -0.702021 0.382813 0.435547
body.png
61 32.317833 4.030210 81.761780 -0.384015 -0.599749 -0.702021 0.382813 0.435547
61 37.457211 -1.584785 86.035980 0.815257 -0.402714 -0.416145 0.412109 0.474609
61 31.891830 -0.920585 86.623695 -0.567829 -0.797979 -0.201989 0.382813 0.470703
body.png
61 37.457211 -1.584785 86.035980 0.815257 -0.402714 -0.416145 0.412109 0.474609
61 37.899330 -0.338395 91.451332 0.835770 -0.548863 0.015418 0.410156 0.503906
61 31.891830 -0.920585 86.623695 -0.567829 -0.797979 -0.201989 0.382813 0.470703
body.png
61 31.891830 -0.920585 86.623695 -0.567829 -0.797979 -0.201989 0.382813 0.470703
61 37.899330 -0.338395 91.451332 0.835770 -0.548863 0.015418 0.410156 0.503906
61 32.237835 0.111460 92.715302 -0.430694 -0.624150 0.651874 0.378906 0.503906
body.png
61 37.899330 -0.338395 91.451332 0.835770 -0.548863 0.015418 0.410156 0.503906
61 38.643665 5.534805 93.274498 0.911232 -0.239177 0.335336 0.410156 0.537109
61 32.237835 0.111460 92.715302 -0.430694 -0.624150 0.651874 0.378906 0.503906
body.png
61 32.237835 0.111460 92.715302 -0.430694 -0.624150 0.651874 0.378906 0.503906
61 38.643665 5.534805 93.274498 0.911232 -0.239177 0.335336 0.410156 0.537109
61 32.871803 6.318650 94.477074 -0.281558 0.310950 0.907764 0.373047 0.537109
body.png
61 38.643665 5.534805 93.274498 0.911232 -0.239177 0.335336 0.410156 0.537109
61 38.876770 9.524710 90.087997 0.908496 0.165513 0.383719 0.412109 0.562500
61 32.871803 6.318650 94.477074 -0.281558 0.310950 0.907764 0.373047 0.537109
body.png
61 32.871803 6.318650 94.477074 -0.281558 0.310950 0.907764 0.373047 0.537109
61 38.876770 9.524710 90.087997 0.908496 0.165513 0.383719 0.412109 0.562500
61 33.279121 10.759245 90.253006 -0.265058 0.925572 0.270297 0.373047 0.568359
body.png
61 38.876770 9.524710 90.087997 0.908496 0.165513 0.383719 0.412109 0.562500
61 38.222382 9.122145 84.839691 0.915073 0.365701 -0.170013 0.412109 0.587891
61 33.279121 10.759245 90.253006 -0.265058 0.925572 0.270297 0.373047 0.568359
body.png
61 33.279121 10.759245 90.253006 -0.265058 0.925572 0.270297 0.373047 0.568359
61 38.222382 9.122145 84.839691 0.915073 0.365701 -0.170013 0.412109 0.587891
61 33.015182 9.530505 84.735489 -0.452662 0.705027 -0.545926 0.380859 0.597656
body.png
61 38.222382 9.122145 84.839691 0.915073 0.365701 -0.170013 0.412109 0.587891
61 37.536018 3.199550 82.277130 0.587014 0.309192 -0.748208 0.427734 0.621094
61 33.015182 9.530505 84.735489 -0.452662 0.705027 -0.545926 0.380859 0.597656
body.png
61 33.015182 9.530505 84.735489 -0.452662 0.705027 -0.545926 0.380859 0.597656
61 37.536018 3.199550 82.277130 0.587014 0.309192 -0.748208 0.427734 0.621094
61 32.317833 4.030210 81.761780 -0.588073 0.459283 -0.665755 0.390625 0.634766
body.png
18 35.999500 3.660630 85.081779 0.829862 0.400154 0.388853 0.431641 0.453125
18 36.381027 1.167040 86.833611 0.910040 0.362598 0.200872 0.425781 0.476563
61 37.536018 3.199550 82.277130 0.999256 0.021603 -0.031949 0.416016 0.439453
body.png
61 37.536018 3.199550 82.277130 0.999256 0.021603 -0.031949 0.416016 0.439453
18 36.381027 1.167040 86.833611 0.910040 0.362598 0.200872 0.425781 0.476563
61 37.457211 -1.584785 86.035980 0.815257 -0.402714 -0.416145 0.412109 0.474609
body.png
18 36.381027 1.167040 86.833611 0.910040 0.362598 0.200872 0.425781 0.476563
18 36.643120 1.691885 89.828331 0.904092 0.304956 -0.299365 0.425781 0.501953
61 37.457211 -1.584785 86.035980 0.815257 -0.402714 -0.416145 0.412109 0.474609
body.png
61 37.457211 -1.584785 86.035980 0.815257 -0.402714 -0.416145 0.412109 0.474609
18 36.643120 1.691885 89.828331 0.904092 0.304956 -0.299365 0.425781 0.501953
61 37.899330 -0.338395 91.451332 0.835770 -0.548863 0.015418 0.410156 0.503906
body.png
18 36.643120 1.691885 89.828331 0.904092 0.304956 -0.299365 0.425781 0.501953
18 37.018963 5.322855 90.866249 0.831704 -0.081973 -0.549135 0.427734 0.531250
61 37.899330 -0.338395 91.451332 0.835770 -0.548863 0.015418 0.410156 0.503906
body.png
61 37.899330 -0.338395 91.451332 0.835770 -0.548863 0.015418 0.410156 0.503906
18 37.018963 5.322855 90.866249 0.831704 -0.081973 -0.549135 0.427734 0.531250
61 38.643665 5.534805 93.274498 0.911232 -0.239177 0.335336 0.410156 0.537109
body.png
18 37.018963 5.322855 90.866249 0.831704 -0.081973 -0.549135 0.427734 0.531250
18 37.141056 7.885780 89.074890 0.760477 -0.600987 -0.245944 0.429688 0.558594
61 38.643665 5.534805 93.274498 0.911232 -0.239177 0.335336 0.410156 0.537109
body.png
61 38.643665 5.534805 93.274498 0.911232 -0.239177 0.335336 0.410156 0.537109
18 37.141056 7.885780 89.074890 0.760477 -0.600987 -0.245944 0.429688 0.558594
61 38.876770 9.524710 90.087997 0.908496 0.165513 0.383719 0.412109 0.562500
body.png
18 37.141056 7.885780 89.074890 0.760477 -0.600987 -0.245944 0.429688 0.558594
18 36.664501 6.338770 86.361557 0.795863 -0.573699 0.193574 0.435547 0.582031
61 38.876770 9.524710 90.087997 0.908496 0.165513 0.383719 0.412109 0.562500
body.png
61 38.876770 9.524710 90.087997 0.908496 0.165513 0.383719 0.412109 0.562500
18 36.664501 6.338770 86.361557 0.795863 -0.573699 0.193574 0.435547 0.582031
61 38.222382 9.122145 84.839691 0.915073 0.365701 -0.170013 0.412109 0.587891
body.png
18 36.664501 6.338770 86.361557 0.795863 -0.573699 0.193574 0.435547 0.582031
18 35.999500 3.660630 85.081779 0.860029 -0.332898 0.386690 0.443359 0.601563
61 38.222382 9.122145 84.839691 0.915073 0.365701 -0.170013 0.412109 0.587891
body.png
61 38.222382 9.122145 84.839691 0.915073 0.365701 -0.170013 0.412109 0.587891
18 35.999500 3.660630 85.081779 0.860029 -0.332898 0.386690 0.443359 0.601563
61 37.536018 3.199550 82.277130 0.587014 0.309192 -0.748208 0.427734 0.621094
body.png
67 17.618484 8.553920 97.230232 0.152569 -0.048921 -0.987081 0.605469 0.062500
67 17.613430 9.360650 97.189468 0.353290 0.420913 -0.835475 0.605469 0.050781
67 17.818066 8.753015 97.465881 0.846893 0.044148 -0.529927 0.599609 0.058594
body.png
67 17.818066 8.753015 97.465881 0.846893 0.044148 -0.529927 0.599609 0.058594
67 17.613430 9.360650 97.189468 0.353290 0.420913 -0.835475 0.605469 0.050781
67 17.767126 9.202710 97.479179 0.851195 0.006671 -0.524807 0.601563 0.050781
body.png
67 17.613430 9.360650 97.189468 0.353290 0.420913 -0.835475 0.605469 0.050781
67 17.911209 9.692265 97.643738 0.708518 0.638685 -0.300141 0.605469 0.042969
67 17.767126 9.202710 97.479179 0.851195 0.006671 -0.524807 0.601563 0.050781
body.png
67 17.767126 9.202710 97.479179 0.851195 0.006671 -0.524807 0.601563 0.050781
67 17.911209 9.692265 97.643738 0.708518 0.638685 -0.300141 0.605469 0.042969
67 17.900179 9.335440 97.636276 0.854001 0.042857 -0.518504 0.601563 0.042969
body.png
67 17.911209 9.692265 97.643738 0.708518 0.638685 -0.300141 0.605469 0.042969
67 18.124960 9.403111 98.088928 0.949146 0.250630 0.190543 0.603516 0.035156
67 17.900179 9.335440 97.636276 0.854001 0.042857 -0.518504 0.601563 0.042969
body.png
67 17.900179 9.335440 97.636276 0.854001 0.042857 -0.518504 0.601563 0.042969
67 18.124960 9.403111 98.088928 0.949146 0.250630 0.190543 0.603516 0.035156
67 18.020935 9.215640 97.826187 0.887702 0.072719 -0.454639 0.599609 0.035156
body.png
67 18.124960 9.403111 98.088928 0.949146 0.250630 0.190543 0.603516 0.035156
67 18.164865 8.596584 98.068169 0.919622 -0.383581 0.084622 0.601563 0.023438
67 18.020935 9.215640 97.826187 0.887702 0.072719 -0.454639 0.599609 0.035156
body.png
67 18.020935 9.215640 97.826187 0.887702 0.072719 -0.454639 0.599609 0.035156
67 18.164865 8.596584 98.068169 0.919622 -0.383581 0.084622 0.601563 0.023438
67 18.024096 8.760130 97.826431 0.886154 -0.007870 -0.463324 0.595703 0.023438
body.png
67 18.164865 8.596584 98.068169 0.919622 -0.383581 0.084622 0.601563 0.023438
67 17.927790 8.276390 97.648331 0.583236 -0.658005 -0.476304 0.601563 0.015625
67 18.024096 8.760130 97.826431 0.886154 -0.007870 -0.463324 0.595703 0.023438
body.png
67 18.024096 8.760130 97.826431 0.886154 -0.007870 -0.463324 0.595703 0.023438
67 17.927790 8.276390 97.648331 0.583236 -0.658005 -0.476304 0.601563 0.015625
67 17.925896 8.627610 97.607811 0.833403 -0.049339 -0.550459 0.595703 0.015625
body.png
67 17.927790 8.276390 97.648331 0.583236 -0.658005 -0.476304 0.601563 0.015625
67 17.618484 8.553920 97.230232 0.275297 -0.353694 -0.893931 0.601563 0.005859
67 17.925896 8.627610 97.607811 0.833403 -0.049339 -0.550459 0.595703 0.015625
body.png
67 17.925896 8.627610 97.607811 0.833403 -0.049339 -0.550459 0.595703 0.015625
67 17.618484 8.553920 97.230232 0.275297 -0.353694 -0.893931 0.601563 0.005859
67 17.818066 8.753015 97.465881 0.778623 -0.039281 -0.626261 0.595703 0.009766
body.png
67 17.818066 8.753015 97.465881 -0.500175 -0.031068 -0.865367 0.929688 0.371094
67 17.767126 9.202710 97.479179 -0.440068 0.295665 -0.847893 0.939453 0.375000
68 20.692015 8.427785 95.816437 -0.427623 0.001273 -0.903956 0.917969 0.328125
body.png
68 20.692015 8.427785 95.816437 -0.427623 0.001273 -0.903956 0.917969 0.328125
67 17.767126 9.202710 97.479179 -0.440068 0.295665 -0.847893 0.939453 0.375000
68 20.648666 8.781325 95.841530 -0.215154 0.539073 -0.814315 0.931641 0.333984
body.png
67 17.767126 9.202710 97.479179 -0.440068 0.295665 -0.847893 0.939453 0.375000
67 17.900179 9.335440 97.636276 0.034863 0.975773 -0.215990 0.947266 0.376953
68 20.648666 8.781325 95.841530 -0.215154 0.539073 -0.814315 0.931641 0.333984
body.png
68 20.648666 8.781325 95.841530 -0.215154 0.539073 -0.814315 0.931641 0.333984
67 17.900179 9.335440 97.636276 0.034863 0.975773 -0.215990 0.947266 0.376953
68 20.734612 8.857500 96.012733 0.246218 0.967796 -0.052417 0.943359 0.337891
body.png
67 17.900179 9.335440 97.636276 0.034863 0.975773 -0.215990 0.947266 0.376953
67 18.020935 9.215640 97.826187 0.458955 0.665755 0.588329 0.957031 0.376953
68 20.734612 8.857500 96.012733 0.246218 0.967796 -0.052417 0.943359 0.337891
body.png
68 20.734612 8.857500 96.012733 0.246218 0.967796 -0.052417 0.943359 0.337891
67 18.020935 9.215640 97.826187 0.458955 0.665755 0.588329 0.957031 0.376953
68 20.762596 8.778355 96.179924 0.472778 0.443726 0.761307 0.955078 0.337891
body.png
67 18.020935 9.215640 97.826187 0.458955 0.665755 0.588329 0.957031 0.376953
67 18.024096 8.760130 97.826431 0.456417 -0.330686 0.826033 0.966797 0.376953
68 20.762596 8.778355 96.179924 0.472778 0.443726 0.761307 0.955078 0.337891
body.png
68 20.762596 8.778355 96.179924 0.472778 0.443726 0.761307 0.955078 0.337891
67 18.024096 8.760130 97.826431 0.456417 -0.330686 0.826033 0.966797 0.376953
68 20.805950 8.424815 96.154831 0.256803 -0.492537 0.831540 0.968750 0.335938
body.png
67 18.024096 8.760130 97.826431 0.456417 -0.330686 0.826033 0.966797 0.376953
67 17.925896 8.627610 97.607811 0.006708 -0.978683 0.205265 0.974609 0.373047
68 20.805950 8.424815 96.154831 0.256803 -0.492537 0.831540 0.968750 0.335938
body.png
68 20.805950 8.424815 96.154831 0.256803 -0.492537 0.831540 0.968750 0.335938
67 17.925896 8.627610 97.607811 0.006708 -0.978683 0.205265 0.974609 0.373047
68 20.722990 8.299085 95.989578 -0.243601 -0.969222 0.035609 0.980469 0.332031
body.png
67 17.925896 8.627610 97.607811 0.006708 -0.978683 0.205265 0.974609 0.373047
67 17.818066 8.753015 97.465881 -0.368242 -0.796414 -0.479711 0.982422 0.369141
68 20.722990 8.299085 95.989578 -0.243601 -0.969222 0.035609 0.980469 0.332031
body.png
68 20.722990 8.299085 95.989578 -0.243601 -0.969222 0.035609 0.980469 0.332031
67 17.818066 8.753015 97.465881 -0.368242 -0.796414 -0.479711 0.982422 0.369141
68 20.692015 8.427785 95.816437 -0.410751 -0.723781 -0.554459 0.992188 0.326172
body.png
68 20.692015 8.427785 95.816437 -0.427623 0.001273 -0.903956 0.917969 0.328125
68 20.648666 8.781325 95.841530 -0.215154 0.539073 -0.814315 0.931641 0.333984
69 23.015871 7.625275 95.109138 -0.262314 0.090770 -0.960704 0.923828 0.294922
body.png
69 23.015871 7.625275 95.109138 -0.262314 0.090770 -0.960704 0.923828 0.294922
68 20.648666 8.781325 95.841530 -0.215154 0.539073 -0.814315 0.931641 0.333984
69 23.131794 7.935915 95.117157 0.041166 0.550910 -0.833549 0.935547 0.304688
body.png
68 20.648666 8.781325 95.841530 -0.215154 0.539073 -0.814315 0.931641 0.333984
68 20.734612 8.857500 96.012733 0.246218 0.967796 -0.052417 0.943359 0.337891
69 23.131794 7.935915 95.117157 0.041166 0.550910 -0.833549 0.935547 0.304688
body.png
69 23.131794 7.935915 95.117157 0.041166 0.550910 -0.833549 0.935547 0.304688
68 20.734612 8.857500 96.012733 0.246218 0.967796 -0.052417 0.943359 0.337891
69 23.217739 8.012090 95.288361 0.546215 0.836930 -0.034604 0.945313 0.308594
body.png
68 20.734612 8.857500 96.012733 0.246218 0.967796 -0.052417 0.943359 0.337891
68 20.762596 8.778355 96.179924 0.472778 0.443726 0.761307 0.955078 0.337891
69 23.217739 8.012090 95.288361 0.546215 0.836930 -0.034604 0.945313 0.308594
body.png
69 23.217739 8.012090 95.288361 0.546215 0.836930 -0.034604 0.945313 0.308594
68 20.762596 8.778355 96.179924 0.472778 0.443726 0.761307 0.955078 0.337891
69 23.226480 7.876735 95.417213 0.522309 0.278612 0.805958 0.955078 0.310547
body.png
68 20.762596 8.778355 96.179924 0.472778 0.443726 0.761307 0.955078 0.337891
68 20.805950 8.424815 96.154831 0.256803 -0.492537 0.831540 0.968750 0.335938
69 23.226480 7.876735 95.417213 0.522309 0.278612 0.805958 0.955078 0.310547
body.png
69 23.226480 7.876735 95.417213 0.522309 0.278612 0.805958 0.955078 0.310547
68 20.805950 8.424815 96.154831 0.256803 -0.492537 0.831540 0.968750 0.335938
69 23.065870 7.566095 95.431625 -0.012825 -0.524338 0.851414 0.966797 0.308594
body.png
68 20.805950 8.424815 96.154831 0.256803 -0.492537 0.831540 0.968750 0.335938
68 20.722990 8.299085 95.989578 -0.243601 -0.969222 0.035609 0.980469 0.332031
69 23.065870 7.566095 95.431625 -0.012825 -0.524338 0.851414 0.966797 0.308594
body.png
69 23.065870 7.566095 95.431625 -0.012825 -0.524338 0.851414 0.966797 0.308594
68 20.722990 8.299085 95.989578 -0.243601 -0.969222 0.035609 0.980469 0.332031
69 22.979925 7.489920 95.260422 -0.548459 -0.835613 -0.030727 0.974609 0.302734
body.png
68 20.722990 8.299085 95.989578 -0.243601 -0.969222 0.035609 0.980469 0.332031
68 20.692015 8.427785 95.816437 -0.410751 -0.723781 -0.554459 0.992188 0.326172
69 22.979925 7.489920 95.260422 -0.548459 -0.835613 -0.030727 0.974609 0.302734
body.png
69 22.979925 7.489920 95.260422 -0.548459 -0.835613 -0.030727 0.974609 0.302734
68 20.692015 8.427785 95.816437 -0.410751 -0.723781 -0.554459 0.992188 0.326172
69 23.015871 7.625275 95.109138 -0.621697 -0.531821 -0.575030 0.984375 0.292969
body.png
69 23.015871 7.625275 95.109138 -0.262314 0.090770 -0.960704 0.923828 0.294922
69 23.131794 7.935915 95.117157 0.041166 0.550910 -0.833549 0.935547 0.304688
69 25.472755 5.028435 94.096634 -0.416344 -0.048218 -0.907928 0.955078 0.269531
body.png
69 25.472755 5.028435 94.096634 -0.416344 -0.048218 -0.907928 0.955078 0.269531
69 23.131794 7.935915 95.117157 0.041166 0.550910 -0.833549 0.935547 0.304688
69 25.645306 5.140855 94.106018 0.318046 0.563347 -0.762553 0.953125 0.275391
body.png
69 23.131794 7.935915 95.117157 0.041166 0.550910 -0.833549 0.935547 0.304688
69 23.217739 8.012090 95.288361 0.546215 0.836930 -0.034604 0.945313 0.308594
69 25.645306 5.140855 94.106018 0.318046 0.563347 -0.762553 0.953125 0.275391
body.png
69 25.645306 5.140855 94.106018 0.318046 0.563347 -0.762553 0.953125 0.275391
69 23.217739 8.012090 95.288361 0.546215 0.836930 -0.034604 0.945313 0.308594
69 25.709021 5.210375 94.232933 0.754972 0.652907 0.061079 0.953125 0.279297
body.png
69 23.217739 8.012090 95.288361 0.546215 0.836930 -0.034604 0.945313 0.308594
69 23.226480 7.876735 95.417213 0.522309 0.278612 0.805958 0.955078 0.310547
69 25.709021 5.210375 94.232933 0.754972 0.652907 0.061079 0.953125 0.279297
body.png
69 25.709021 5.210375 94.232933 0.754972 0.652907 0.061079 0.953125 0.279297
69 23.226480 7.876735 95.417213 0.522309 0.278612 0.805958 0.955078 0.310547
69 25.739990 5.081675 94.406067 0.462776 0.086002 0.882294 0.955078 0.279297
body.png
69 23.226480 7.876735 95.417213 0.522309 0.278612 0.805958 0.955078 0.310547
69 23.065870 7.566095 95.431625 -0.012825 -0.524338 0.851414 0.966797 0.308594
69 25.739990 5.081675 94.406067 0.462776 0.086002 0.882294 0.955078 0.279297
body.png
69 25.739990 5.081675 94.406067 0.462776 0.086002 0.882294 0.955078 0.279297
69 23.065870 7.566095 95.431625 -0.012825 -0.524338 0.851414 0.966797 0.308594
69 25.567440 4.969255 94.396683 -0.307255 -0.592700 0.744514 0.957031 0.279297
body.png
69 23.065870 7.566095 95.431625 -0.012825 -0.524338 0.851414 0.966797 0.308594
69 22.979925 7.489920 95.260422 -0.548459 -0.835613 -0.030727 0.974609 0.302734
69 25.567440 4.969255 94.396683 -0.307255 -0.592700 0.744514 0.957031 0.279297
body.png
69 25.567440 4.969255 94.396683 -0.307255 -0.592700 0.744514 0.957031 0.279297
69 22.979925 7.489920 95.260422 -0.548459 -0.835613 -0.030727 0.974609 0.302734
69 25.481495 4.893080 94.225479 -0.745494 -0.637966 -0.192973 0.957031 0.275391
body.png
69 22.979925 7.489920 95.260422 -0.548459 -0.835613 -0.030727 0.974609 0.302734
69 23.015871 7.625275 95.109138 -0.621697 -0.531821 -0.575030 0.984375 0.292969
69 25.481495 4.893080 94.225479 -0.745494 -0.637966 -0.192973 0.957031 0.275391
body.png
69 25.481495 4.893080 94.225479 -0.745494 -0.637966 -0.192973 0.957031 0.275391
69 23.015871 7.625275 95.109138 -0.621697 -0.531821 -0.575030 0.984375 0.292969
69 25.472755 5.028435 94.096634 -0.416344 -0.048218 -0.907928 0.955078 0.269531
body.png
64 1.967105 11.363245 59.465088 -0.766469 0.328336 -0.552015 0.271484 0.861328
64 2.717105 13.513246 59.765087 -0.352541 0.671411 -0.651860 0.255859 0.871094
64 6.417105 10.313245 57.465092 0.132041 0.370157 -0.919537 0.224609 0.853516
body.png
64 6.417105 10.313245 57.465092 0.132041 0.370157 -0.919537 0.224609 0.853516
64 2.717105 13.513246 59.765087 -0.352541 0.671411 -0.651860 0.255859 0.871094
64 7.467105 13.463244 60.015087 0.301630 0.881799 -0.362561 0.224609 0.869141
body.png
64 2.717105 13.513246 59.765087 -0.352541 0.671411 -0.651860 0.255859 0.871094
64 1.667105 13.963245 63.065086 -0.650379 0.757005 -0.062852 0.269531 0.910156
64 7.467105 13.463244 60.015087 0.301630 0.881799 -0.362561 0.224609 0.869141
body.png
64 7.467105 13.463244 60.015087 0.301630 0.881799 -0.362561 0.224609 0.869141
64 1.667105 13.963245 63.065086 -0.650379 0.757005 -0.062852 0.269531 0.910156
64 7.467105 13.963245 63.465084 0.334063 0.930368 0.151053 0.224609 0.910156
body.png
64 1.667105 13.963245 63.065086 -0.650379 0.757005 -0.062852 0.269531 0.910156
64 2.217105 12.463245 68.965088 -0.290022 0.756904 0.585648 0.255859 0.951172
64 7.467105 13.963245 63.465084 0.334063 0.930368 0.151053 0.224609 0.910156
body.png
64 7.467105 13.963245 63.465084 0.334063 0.930368 0.151053 0.224609 0.910156
64 2.217105 12.463245 68.965088 -0.290022 0.756904 0.585648 0.255859 0.951172
64 6.967105 12.163244 69.215088 0.266994 0.742601 0.614213 0.224609 0.951172
body.png
64 2.217105 12.463245 68.965088 -0.290022 0.756904 0.585648 0.255859 0.951172
64 5.717105 8.963250 71.415092 0.116235 0.383114 0.916359 0.226563 0.968750
64 6.967105 12.163244 69.215088 0.266994 0.742601 0.614213 0.224609 0.951172
body.png
64 6.967105 12.163244 69.215088 0.266994 0.742601 0.614213 0.224609 0.951172
64 5.717105 8.963250 71.415092 0.116235 0.383114 0.916359 0.226563 0.968750
64 10.767105 9.263245 69.115089 0.687130 0.424655 0.589509 0.193359 0.951172
body.png
64 5.717105 8.963250 71.415092 0.116235 0.383114 0.916359 0.226563 0.968750
64 10.117105 7.413245 69.665085 0.856712 -0.170932 0.486648 0.177734 0.960938
64 10.767105 9.263245 69.115089 0.687130 0.424655 0.589509 0.193359 0.951172
body.png
64 10.767105 9.263245 69.115089 0.687130 0.424655 0.589509 0.193359 0.951172
64 10.117105 7.413245 69.665085 0.856712 -0.170932 0.486648 0.177734 0.960938
64 12.267105 10.063246 63.265091 0.976215 0.216636 -0.008573 0.179688 0.910156
body.png
64 10.117105 7.413245 69.665085 0.856712 -0.170932 0.486648 0.177734 0.960938
64 11.467105 7.463245 62.915092 0.956176 -0.285419 -0.065294 0.158203 0.910156
64 12.267105 10.063246 63.265091 0.976215 0.216636 -0.008573 0.179688 0.910156
body.png
64 12.267105 10.063246 63.265091 0.976215 0.216636 -0.008573 0.179688 0.910156
64 11.467105 7.463245 62.915092 0.956176 -0.285419 -0.065294 0.158203 0.910156
64 10.667105 8.663245 59.615093 0.818158 -0.202647 -0.538099 0.177734 0.861328
body.png
51 -47.705631 7.105005 87.446640 0.158671 0.622688 -0.766214 0.130859 0.404297
52 -48.897434 5.810645 86.800728 0.418747 -0.640823 -0.643426 0.117188 0.414063
52 -49.052147 6.959991 86.750015 0.360151 0.740639 -0.567226 0.130859 0.414063
body.png
52 -49.052147 6.959991 86.750015 0.360151 0.740639 -0.567226 0.130859 0.414063
52 -48.897434 5.810645 86.800728 0.418747 -0.640823 -0.643426 0.117188 0.414063
53 -50.233131 5.813560 85.306564 0.505083 -0.275837 -0.817805 0.119141 0.425781
body.png
52 -48.897434 5.810645 86.800728 0.418747 -0.640823 -0.643426 0.117188 0.414063
53 -51.290848 5.754870 85.379341 0.038607 -0.681567 -0.730736 0.119141 0.435547
53 -50.233131 5.813560 85.306564 0.505083 -0.275837 -0.817805 0.119141 0.425781
body.png
53 -50.233131 5.813560 85.306564 0.505083 -0.275837 -0.817805 0.119141 0.425781
53 -51.290848 5.754870 85.379341 0.038607 -0.681567 -0.730736 0.119141 0.435547
53 -50.272041 6.612925 85.351273 0.189820 0.340430 -0.920911 0.126953 0.425781
body.png
53 -51.290848 5.754870 85.379341 0.038607 -0.681567 -0.730736 0.119141 0.435547
53 -51.371593 6.454825 85.319817 -0.115119 0.837080 -0.534831 0.126953 0.435547
53 -50.272041 6.612925 85.351273 0.189820 0.340430 -0.920911 0.126953 0.425781
body.png
53 -50.272041 6.612925 85.351273 0.189820 0.340430 -0.920911 0.126953 0.425781
53 -51.371593 6.454825 85.319817 -0.115119 0.837080 -0.534831 0.126953 0.435547
52 -49.052147 6.959991 86.750015 0.360151 0.740639 -0.567226 0.130859 0.414063
body.png
53 -51.371593 6.454825 85.319817 -0.115119 0.837080 -0.534831 0.126953 0.435547
52 -50.230637 6.797830 87.113838 -0.136364 0.990553 -0.014450 0.128906 0.425781
52 -49.052147 6.959991 86.750015 0.360151 0.740639 -0.567226 0.130859 0.414063
body.png
52 -49.052147 6.959991 86.750015 0.360151 0.740639 -0.567226 0.130859 0.414063
52 -50.230637 6.797830 87.113838 -0.136364 0.990553 -0.014450 0.128906 0.425781
51 -47.705631 7.105005 87.446640 0.158671 0.622688 -0.766214 0.130859 0.404297
body.png
52 -50.230637 6.797830 87.113838 -0.136364 0.990553 -0.014450 0.128906 0.425781
51 -48.508339 6.998255 88.838318 -0.079675 0.996652 0.018333 0.130859 0.410156
51 -47.705631 7.105005 87.446640 0.158671 0.622688 -0.766214 0.130859 0.404297
body.png
51 -47.705631 7.105005 87.446640 0.158671 0.622688 -0.766214 0.130859 0.404297
51 -48.508339 6.998255 88.838318 -0.079675 0.996652 0.018333 0.130859 0.410156
39 -46.063293 7.174035 87.532242 -0.020976 0.898408 -0.438660 0.128906 0.390625
body.png
51 -48.508339 6.998255 88.838318 -0.079675 0.996652 0.018333 0.130859 0.410156
39 -46.213890 7.167520 89.890686 0.002414 0.999993 0.002916 0.128906 0.390625
39 -46.063293 7.174035 87.532242 -0.020976 0.898408 -0.438660 0.128906 0.390625
body.png
39 -46.063293 7.174035 87.532242 -0.020976 0.898408 -0.438660 0.128906 0.390625
39 -46.213890 7.167520 89.890686 0.002414 0.999993 0.002916 0.128906 0.390625
38 -43.438393 6.948160 90.348244 0.037076 0.999052 0.022833 0.125000 0.367188
body.png
15 4.182685 -7.606930 121.419601 0.245642 -0.743771 -0.621663 0.955078 0.595703
54 5.243030 -10.210350 124.953369 0.374834 -0.919568 -0.117876 0.953125 0.623047
15 2.231270 -7.952465 121.410568 0.224480 -0.844555 -0.486144 0.927734 0.597656
body.png
15 2.231270 -7.952465 121.410568 0.224480 -0.844555 -0.486144 0.927734 0.597656
54 5.243030 -10.210350 124.953369 0.374834 -0.919568 -0.117876 0.953125 0.623047
15 2.130355 -7.997780 125.292618 0.391910 -0.829787 0.397317 0.925781 0.638672
body.png
54 5.243030 -10.210350 124.953369 0.374834 -0.919568 -0.117876 0.953125 0.623047
15 6.240355 -5.566755 124.702690 0.944951 -0.272072 0.181778 0.976563 0.646484
15 2.130355 -7.997780 125.292618 0.391910 -0.829787 0.397317 0.925781 0.638672
body.png
15 2.130355 -7.997780 125.292618 0.391910 -0.829787 0.397317 0.925781 0.638672
15 6.240355 -5.566755 124.702690 0.944951 -0.272072 0.181778 0.976563 0.646484
54 6.600030 -8.313265 128.706650 0.604362 -0.446227 0.660021 0.955078 0.664063
body.png
15 6.240355 -5.566755 124.702690 0.944951 -0.272072 0.181778 0.976563 0.646484
15 5.449180 -3.252220 127.652176 0.964780 -0.047883 0.258664 0.972656 0.693359
54 6.600030 -8.313265 128.706650 0.604362 -0.446227 0.660021 0.955078 0.664063
body.png
54 6.600030 -8.313265 128.706650 0.604362 -0.446227 0.660021 0.955078 0.664063
15 5.449180 -3.252220 127.652176 0.964780 -0.047883 0.258664 0.972656 0.693359
15 3.292750 -4.788455 128.639496 0.457524 -0.612362 0.644736 0.939453 0.687500
body.png
15 5.449180 -3.252220 127.652176 0.964780 -0.047883 0.258664 0.972656 0.693359
54 5.714030 -4.710095 131.906982 0.595544 -0.584019 0.551588 0.949219 0.710938
15 3.292750 -4.788455 128.639496 0.457524 -0.612362 0.644736 0.939453 0.687500
body.png
15 3.292750 -4.788455 128.639496 0.457524 -0.612362 0.644736 0.939453 0.687500
54 5.714030 -4.710095 131.906982 0.595544 -0.584019 0.551588 0.949219 0.710938
15 1.841675 -5.027815 129.121246 0.258554 -0.435981 0.862015 0.919922 0.699219
body.png
54 5.714030 -4.710095 131.906982 0.595544 -0.584019 0.551588 0.949219 0.710938
15 1.908780 -0.751335 130.379105 0.176803 0.262955 0.948470 0.929688 0.746094
15 1.841675 -5.027815 129.121246 0.258554 -0.435981 0.862015 0.919922 0.699219
body.png
15 1.841675 -5.027815 129.121246 0.258554 -0.435981 0.862015 0.919922 0.699219
15 1.908780 -0.751335 130.379105 0.176803 0.262955 0.948470 0.929688 0.746094
54 0.812260 -5.098960 132.709442 0.013810 -0.382600 0.923811 0.896484 0.718750
body.png
15 1.908780 -0.751335 130.379105 0.176803 0.262955 0.948470 0.929688 0.746094
15 0.009270 -0.647360 129.914276 -0.064573 0.522275 0.850329 0.896484 0.755859
54 0.812260 -5.098960 132.709442 0.013810 -0.382600 0.923811 0.896484 0.718750
body.png
54 0.812260 -5.098960 132.709442 0.013810 -0.382600 0.923811 0.896484 0.718750
15 0.009270 -0.647360 129.914276 -0.064573 0.522275 0.850329 0.896484 0.755859
15 -2.291260 -0.763580 130.130035 -0.151375 0.297093 0.942773 0.863281 0.746094
body.png
15 0.045695 8.220160 127.408638 0.004418 0.999985 0.003181 0.896484 0.859375
55 0.024480 8.207040 131.562576 0.002599 0.470882 0.882192 0.896484 0.837891
15 2.095450 8.150485 127.315567 0.092721 0.953932 0.285335 0.917969 0.851563
body.png
15 2.095450 8.150485 127.315567 0.092721 0.953932 0.285335 0.917969 0.851563
55 0.024480 8.207040 131.562576 0.002599 0.470882 0.882192 0.896484 0.837891
15 2.077385 3.778200 129.089783 0.099788 0.369642 0.923800 0.917969 0.810547
body.png
55 0.024480 8.207040 131.562576 0.002599 0.470882 0.882192 0.896484 0.837891
15 0.026795 3.637545 129.106949 0.000667 0.338719 0.940887 0.896484 0.810547
15 2.077385 3.778200 129.089783 0.099788 0.369642 0.923800 0.917969 0.810547
body.png
15 2.077385 3.778200 129.089783 0.099788 0.369642 0.923800 0.917969 0.810547
15 0.026795 3.637545 129.106949 0.000667 0.338719 0.940887 0.896484 0.810547
54 -0.960080 1.772970 133.712143 -0.083153 0.154046 0.984559 0.896484 0.787109
body.png
15 0.026795 3.637545 129.106949 0.000667 0.338719 0.940887 0.896484 0.810547
15 -2.072580 3.795025 129.088989 -0.137851 0.334502 0.932258 0.873047 0.810547
54 -0.960080 1.772970 133.712143 -0.083153 0.154046 0.984559 0.896484 0.787109
body.png
54 -0.960080 1.772970 133.712143 -0.083153 0.154046 0.984559 0.896484 0.787109
15 -2.072580 3.795025 129.088989 -0.137851 0.334502 0.932258 0.873047 0.810547
15 -2.291260 -0.763580 130.130035 -0.182493 -0.486951 0.854152 0.869141 0.767578
body.png
15 -2.072580 3.795025 129.088989 -0.137851 0.334502 0.932258 0.873047 0.810547
54 -4.858095 2.191435 132.002502 -0.375902 0.229820 0.897708 0.851563 0.791016
15 -2.291260 -0.763580 130.130035 -0.182493 -0.486951 0.854152 0.869141 0.767578
body.png
15 -2.291260 -0.763580 130.130035 -0.182493 -0.486951 0.854152 0.869141 0.767578
54 -4.858095 2.191435 132.002502 -0.375902 0.229820 0.897708 0.851563 0.791016
15 -5.340785 -0.698970 128.864639 -0.333918 -0.189638 0.923329 0.833984 0.773438
body.png
54 -4.858095 2.191435 132.002502 -0.375902 0.229820 0.897708 0.851563 0.791016
15 -4.973190 3.613795 128.305664 -0.455463 0.338428 0.823420 0.839844 0.812500
15 -5.340785 -0.698970 128.864639 -0.333918 -0.189638 0.923329 0.833984 0.773438
body.png
15 -5.340785 -0.698970 128.864639 -0.333918 -0.189638 0.923329 0.833984 0.773438
15 -4.973190 3.613795 128.305664 -0.455463 0.338428 0.823420 0.839844 0.812500
54 -8.252190 3.580600 130.429993 -0.556337 0.384800 0.736491 0.820313 0.792969
body.png
15 -4.973190 3.613795 128.305664 -0.455463 0.338428 0.823420 0.839844 0.812500
15 -7.423165 3.494470 125.501053 -0.982222 0.187450 0.010091 0.804688 0.818359
54 -8.252190 3.580600 130.429993 -0.556337 0.384800 0.736491 0.820313 0.792969
body.png
54 -8.252190 3.580600 130.429993 -0.556337 0.384800 0.736491 0.820313 0.792969
15 -7.423165 3.494470 125.501053 -0.982222 0.187450 0.010091 0.804688 0.818359
15 -8.391130 -0.903460 126.170944 -0.978698 -0.153622 0.136203 0.798828 0.779297
body.png
15 -5.862070 -6.316120 120.917892 -0.118163 -0.947600 -0.296801 0.794922 0.683594
54 -10.991055 -6.341810 123.041878 -0.771953 -0.601602 -0.205337 0.773438 0.658203
15 -6.958675 -5.490935 120.619522 -0.367685 -0.496347 -0.786414 0.800781 0.660156
body.png
15 -6.958675 -5.490935 120.619522 -0.367685 -0.496347 -0.786414 0.800781 0.660156
54 -10.991055 -6.341810 123.041878 -0.771953 -0.601602 -0.205337 0.773438 0.658203
15 -8.044610 -2.057425 119.812225 -0.723011 -0.413722 -0.553253 0.791016 0.617188
body.png
54 -10.991055 -6.341810 123.041878 -0.771953 -0.601602 -0.205337 0.773438 0.658203
15 -8.143400 -1.565195 123.983307 -0.977973 -0.201370 0.054948 0.748047 0.626953
15 -8.044610 -2.057425 119.812225 -0.723011 -0.413722 -0.553253 0.791016 0.617188
body.png
15 -8.044610 -2.057425 119.812225 -0.723011 -0.413722 -0.553253 0.791016 0.617188
15 -8.143400 -1.565195 123.983307 -0.977973 -0.201370 0.054948 0.748047 0.626953
54 -11.463551 0.369350 121.445152 -0.954163 -0.064301 -0.292298 0.765625 0.595703
body.png
15 -8.143400 -1.565195 123.983307 -0.977973 -0.201370 0.054948 0.748047 0.626953
15 -8.572949 3.387210 121.989784 -0.983302 0.177235 0.041286 0.748047 0.568359
54 -11.463551 0.369350 121.445152 -0.954163 -0.064301 -0.292298 0.765625 0.595703
body.png
54 -11.463551 0.369350 121.445152 -0.954163 -0.064301 -0.292298 0.765625 0.595703
15 -8.572949 3.387210 121.989784 -0.983302 0.177235 0.041286 0.748047 0.568359
15 -7.724180 2.918405 118.470222 -0.713475 0.130684 -0.688386 0.794922 0.560547
body.png
15 -8.572949 3.387210 121.989784 -0.983302 0.177235 0.041286 0.748047 0.568359
55 -9.930875 6.363185 119.850777 -0.685027 0.278994 -0.672979 0.763672 0.542969
15 -7.724180 2.918405 118.470222 -0.713475 0.130684 -0.688386 0.794922 0.560547
body.png
15 -7.724180 2.918405 118.470222 -0.713475 0.130684 -0.688386 0.794922 0.560547
55 -9.930875 6.363185 119.850777 -0.685027 0.278994 -0.672979 0.763672 0.542969
15 -7.419830 4.000940 118.694916 -0.871058 0.376485 -0.315463 0.792969 0.544922
body.png
55 -9.930875 6.363185 119.850777 -0.685027 0.278994 -0.672979 0.763672 0.542969
15 -7.017550 4.536635 118.128166 -0.544766 -0.040237 -0.837622 0.798828 0.533203
15 -7.419830 4.000940 118.694916 -0.871058 0.376485 -0.315463 0.792969 0.544922
body.png
15 -7.419830 4.000940 118.694916 -0.871058 0.376485 -0.315463 0.792969 0.544922
15 -7.017550 4.536635 118.128166 -0.544766 -0.040237 -0.837622 0.798828 0.533203
55 -8.037570 4.587590 117.240204 -0.754177 0.609032 0.245556 0.800781 0.541016
body.png
15 -7.017550 4.536635 118.128166 -0.544766 -0.040237 -0.837622 0.798828 0.533203
15 -7.724180 2.918405 118.470222 -0.713475 0.130684 -0.688386 0.794922 0.560547
55 -8.037570 4.587590 117.240204 -0.754177 0.609032 0.245556 0.800781 0.541016
body.png
55 -8.037570 4.587590 117.240204 -0.754177 0.609032 0.245556 0.800781 0.541016
15 -7.724180 2.918405 118.470222 -0.713475 0.130684 -0.688386 0.794922 0.560547
15 -7.419830 4.000940 118.694916 -0.871058 0.376485 -0.315463 0.792969 0.544922
body.png
15 -0.951145 8.428365 115.049515 -0.711592 -0.078101 -0.698238 0.761719 0.083984
15 -1.046255 9.632215 115.008286 -0.870373 0.339331 -0.356798 0.750000 0.097656
15 0.054400 9.767830 114.488518 0.022218 0.267185 -0.963389 0.730469 0.089844
body.png
15 0.054400 9.767830 114.488518 0.022218 0.267185 -0.963389 0.730469 0.089844
15 -1.046255 9.632215 115.008286 -0.870373 0.339331 -0.356798 0.750000 0.097656
15 0.057160 10.498361 115.560341 0.025381 0.999420 0.022696 0.732422 0.113281
body.png
15 -1.046255 9.632215 115.008286 -0.870373 0.339331 -0.356798 0.750000 0.097656
15 -1.046750 9.562405 116.124130 -0.711856 0.347530 0.610314 0.753906 0.123047
15 0.057160 10.498361 115.560341 0.025381 0.999420 0.022696 0.732422 0.113281
body.png
15 0.057160 10.498361 115.560341 0.025381 0.999420 0.022696 0.732422 0.113281
15 -1.046750 9.562405 116.124130 -0.711856 0.347530 0.610314 0.753906 0.123047
15 0.053995 9.765460 116.603333 0.021520 0.449084 0.893230 0.736328 0.136719
body.png
15 -1.046750 9.562405 116.124130 -0.711856 0.347530 0.610314 0.753906 0.123047
15 0.049905 8.754786 116.571472 0.018394 -0.046106 0.998767 0.738281 0.154297
15 0.053995 9.765460 116.603333 0.021520 0.449084 0.893230 0.736328 0.136719
body.png
15 0.053995 9.765460 116.603333 0.021520 0.449084 0.893230 0.736328 0.136719
15 0.049905 8.754786 116.571472 0.018394 -0.046106 0.998767 0.738281 0.154297
15 1.053235 9.553890 116.124535 0.737790 0.325581 0.591323 0.716797 0.132813
body.png
15 0.049905 8.754786 116.571472 0.018394 -0.046106 0.998767 0.738281 0.154297
15 0.948740 8.444305 116.104355 0.935275 -0.091584 0.341866 0.705078 0.144531
15 1.053235 9.553890 116.124535 0.737790 0.325581 0.591323 0.716797 0.132813
body.png
15 1.053235 9.553890 116.124535 0.737790 0.325581 0.591323 0.716797 0.132813
15 0.948740 8.444305 116.104355 0.935275 -0.091584 0.341866 0.705078 0.144531
15 1.053730 9.623700 115.008682 0.883730 0.315921 -0.345277 0.714844 0.105469
body.png
15 0.948740 8.444305 116.104355 0.935275 -0.091584 0.341866 0.705078 0.144531
15 0.948840 8.420666 115.049866 0.730854 -0.083472 -0.677410 0.699219 0.097656
15 1.053730 9.623700 115.008682 0.883730 0.315921 -0.345277 0.714844 0.105469
body.png
15 1.053730 9.623700 115.008682 0.883730 0.315921 -0.345277 0.714844 0.105469
15 0.948840 8.420666 115.049866 0.730854 -0.083472 -0.677410 0.699219 0.097656
15 0.054400 9.767830 114.488518 0.022218 0.267185 -0.963389 0.730469 0.089844
body.png
15 0.948840 8.420666 115.049866 0.730854 -0.083472 -0.677410 0.699219 0.097656
15 0.050340 8.768860 114.555962 0.020849 -0.067430 -0.997506 0.728516 0.072266
15 0.054400 9.767830 114.488518 0.022218 0.267185 -0.963389 0.730469 0.089844
body.png
15 0.054400 9.767830 114.488518 0.022218 0.267185 -0.963389 0.730469 0.089844
15 0.050340 8.768860 114.555962 0.020849 -0.067430 -0.997506 0.728516 0.072266
15 -0.951145 8.428365 115.049515 -0.711592 -0.078101 -0.698238 0.761719 0.083984
body.png
15 -3.554330 7.623815 114.540977 -0.553897 0.812721 0.180785 0.929688 0.583984
15 0.050325 8.763005 114.506302 -0.004490 0.989358 0.145429 0.894531 0.587891
56 -2.567950 9.345185 111.353836 -0.280979 0.678032 -0.679208 0.912109 0.564453
body.png
56 -2.567950 9.345185 111.353836 -0.280979 0.678032 -0.679208 0.912109 0.564453
15 0.050325 8.763005 114.506302 -0.004490 0.989358 0.145429 0.894531 0.587891
15 0.049375 8.408890 111.930046 -0.005867 0.835135 -0.550014 0.894531 0.558594
body.png
15 0.050325 8.763005 114.506302 -0.004490 0.989358 0.145429 0.894531 0.587891
56 2.582210 9.373960 111.348946 0.272544 0.684732 -0.675916 0.875000 0.564453
15 0.049375 8.408890 111.930046 -0.005867 0.835135 -0.550014 0.894531 0.558594
body.png
15 0.049375 8.408890 111.930046 -0.005867 0.835135 -0.550014 0.894531 0.558594
56 2.582210 9.373960 111.348946 0.272544 0.684732 -0.675916 0.875000 0.564453
15 2.594650 7.238905 111.916214 0.326244 0.603649 -0.727442 0.869141 0.546875
body.png
56 2.582210 9.373960 111.348946 0.272544 0.684732 -0.675916 0.875000 0.564453
15 3.446250 7.626850 111.819885 0.284064 0.163257 -0.944804 0.863281 0.556641
15 2.594650 7.238905 111.916214 0.326244 0.603649 -0.727442 0.869141 0.546875
body.png
15 2.594650 7.238905 111.916214 0.326244 0.603649 -0.727442 0.869141 0.546875
15 3.446250 7.626850 111.819885 0.284064 0.163257 -0.944804 0.863281 0.556641
15 5.638165 5.643415 112.153816 0.374830 0.300073 -0.877188 0.843750 0.541016
body.png
15 3.446250 7.626850 111.819885 0.284064 0.163257 -0.944804 0.863281 0.556641
56 6.371940 6.828935 111.245163 0.613116 0.462245 -0.640639 0.845703 0.554688
15 5.638165 5.643415 112.153816 0.374830 0.300073 -0.877188 0.843750 0.541016
body.png
15 5.638165 5.643415 112.153816 0.374830 0.300073 -0.877188 0.843750 0.541016
56 6.371940 6.828935 111.245163 0.613116 0.462245 -0.640639 0.845703 0.554688
15 6.884915 4.843860 112.247726 0.240854 -0.008207 -0.970527 0.830078 0.548828
body.png
56 6.371940 6.828935 111.245163 0.613116 0.462245 -0.640639 0.845703 0.554688
15 6.983230 4.552050 114.900124 0.828189 0.519951 0.209177 0.820313 0.568359
15 6.884915 4.843860 112.247726 0.240854 -0.008207 -0.970527 0.830078 0.548828
body.png
15 6.884915 4.843860 112.247726 0.240854 -0.008207 -0.970527 0.830078 0.548828
15 6.983230 4.552050 114.900124 0.828189 0.519951 0.209177 0.820313 0.568359
56 8.509705 3.811605 111.348587 0.977253 0.211939 -0.007637 0.824219 0.541016
body.png
15 6.983230 4.552050 114.900124 0.828189 0.519951 0.209177 0.820313 0.568359
15 7.321850 1.752350 115.079102 0.954949 -0.013809 0.296448 0.800781 0.552734
56 8.509705 3.811605 111.348587 0.977253 0.211939 -0.007637 0.824219 0.541016
body.png
56 8.509705 3.811605 111.348587 0.977253 0.211939 -0.007637 0.824219 0.541016
15 7.321850 1.752350 115.079102 0.954949 -0.013809 0.296448 0.800781 0.552734
15 7.975030 2.423840 112.683800 0.751578 -0.235861 -0.616036 0.814453 0.533203
body.png
7 -15.590090 7.810185 9.547316 -0.356330 0.584040 -0.729333 0.937500 0.201172
7 -16.558315 3.380310 9.582790 -0.749928 -0.071682 -0.657624 0.937500 0.152344
7 -16.063965 8.348085 10.224520 -0.708489 0.567483 -0.419531 0.943359 0.205078
body.png
7 -16.063965 8.348085 10.224520 -0.708489 0.567483 -0.419531 0.943359 0.205078
7 -16.558315 3.380310 9.582790 -0.749928 -0.071682 -0.657624 0.937500 0.152344
7 -17.107525 3.255625 10.242585 -0.932781 -0.234098 -0.274076 0.943359 0.148438
body.png
7 -16.558315 3.380310 9.582790 -0.749928 -0.071682 -0.657624 0.937500 0.152344
7 -14.136405 0.566280 9.558940 -0.374875 -0.646821 -0.664147 0.937500 0.099609
7 -17.107525 3.255625 10.242585 -0.932781 -0.234098 -0.274076 0.943359 0.148438
body.png
7 -17.107525 3.255625 10.242585 -0.932781 -0.234098 -0.274076 0.943359 0.148438
7 -14.136405 0.566280 9.558940 -0.374875 -0.646821 -0.664147 0.937500 0.099609
7 -14.369306 -0.040830 10.265820 -0.225076 -0.940575 -0.254281 0.943359 0.099609
body.png
7 -14.136405 0.566280 9.558940 -0.374875 -0.646821 -0.664147 0.937500 0.099609
7 -10.447035 1.334650 9.584755 0.368064 -0.669632 -0.645075 0.937500 0.152344
7 -14.369306 -0.040830 10.265820 -0.225076 -0.940575 -0.254281 0.943359 0.099609
body.png
7 -14.369306 -0.040830 10.265820 -0.225076 -0.940575 -0.254281 0.943359 0.099609
7 -10.447035 1.334650 9.584755 0.368064 -0.669632 -0.645075 0.937500 0.152344
7 -10.106400 0.843655 10.283250 0.621509 -0.672385 -0.402027 0.943359 0.148438
body.png
7 -10.447035 1.334650 9.584755 0.368064 -0.669632 -0.645075 0.937500 0.152344
7 -8.415225 5.443060 9.570565 0.727015 -0.066515 -0.683393 0.937500 0.201172
7 -10.106400 0.843655 10.283250 0.621509 -0.672385 -0.402027 0.943359 0.148438
body.png
7 -10.106400 0.843655 10.283250 0.621509 -0.672385 -0.402027 0.943359 0.148438
7 -8.415225 5.443060 9.570565 0.727015 -0.066515 -0.683393 0.937500 0.201172
7 -7.748435 5.579355 10.257455 0.917883 0.114395 -0.380005 0.943359 0.205078
body.png
7 -8.415225 5.443060 9.570565 0.727015 -0.066515 -0.683393 0.937500 0.201172
7 -11.346760 8.489531 9.558940 0.344464 0.614914 -0.709384 0.937500 0.253906
7 -7.748435 5.579355 10.257455 0.917883 0.114395 -0.380005 0.943359 0.205078
body.png
7 -7.748435 5.579355 10.257455 0.917883 0.114395 -0.380005 0.943359 0.205078
7 -11.346760 8.489531 9.558940 0.344464 0.614914 -0.709384 0.937500 0.253906
7 -11.136805 9.157725 10.216155 0.235999 0.931412 -0.277085 0.943359 0.253906
body.png
7 -11.346760 8.489531 9.558940 0.344464 0.614914 -0.709384 0.937500 0.253906
7 -15.590090 7.810185 9.547316 -0.356330 0.584040 -0.729333 0.937500 0.201172
7 -11.136805 9.157725 10.216155 0.235999 0.931412 -0.277085 0.943359 0.253906
body.png
7 -11.136805 9.157725 10.216155 0.235999 0.931412 -0.277085 0.943359 0.253906
7 -15.590090 7.810185 9.547316 -0.356330 0.584040 -0.729333 0.937500 0.201172
7 -16.063965 8.348085 10.224520 -0.708489 0.567483 -0.419531 0.943359 0.205078
body.png
7 -16.114334 8.047771 14.547686 -0.704153 0.601057 0.378020 0.986328 0.205078
7 -16.813391 2.887025 14.525120 -0.892878 -0.206748 0.400031 0.986328 0.148438
7 -15.534010 7.472390 15.266820 -0.611408 0.333457 0.717626 0.992188 0.201172
body.png
7 -15.534010 7.472390 15.266820 -0.611408 0.333457 0.717626 0.992188 0.201172
7 -16.813391 2.887025 14.525120 -0.892878 -0.206748 0.400031 0.986328 0.148438
7 -16.165880 3.083120 15.317130 -0.667374 -0.332499 0.666376 0.992188 0.152344
body.png
7 -16.813391 2.887025 14.525120 -0.892878 -0.206748 0.400031 0.986328 0.148438
7 -13.846140 -0.225025 14.580605 -0.319952 -0.908039 0.270362 0.986328 0.099609
7 -16.165880 3.083120 15.317130 -0.667374 -0.332499 0.666376 0.992188 0.152344
body.png
7 -16.165880 3.083120 15.317130 -0.667374 -0.332499 0.666376 0.992188 0.152344
7 -13.846140 -0.225025 14.580605 -0.319952 -0.908039 0.270362 0.986328 0.099609
7 -13.660945 0.504900 15.293280 -0.040932 -0.696105 0.716772 0.992188 0.099609
body.png
7 -13.846140 -0.225025 14.580605 -0.319952 -0.908039 0.270362 0.986328 0.099609
7 -9.629604 0.993840 14.565784 0.652233 -0.691889 0.309648 0.986328 0.148438
7 -13.660945 0.504900 15.293280 -0.040932 -0.696105 0.716772 0.992188 0.099609
body.png
7 -13.660945 0.504900 15.293280 -0.040932 -0.696105 0.716772 0.992188 0.099609
7 -9.629604 0.993840 14.565784 0.652233 -0.691889 0.309648 0.986328 0.148438
7 -10.098005 1.529815 15.292650 0.569039 -0.453429 0.686001 0.992188 0.152344
body.png
7 -9.629604 0.993840 14.565784 0.652233 -0.691889 0.309648 0.986328 0.148438
7 -7.651865 5.863405 14.536760 0.899992 0.083589 0.427817 0.986328 0.205078
7 -10.098005 1.529815 15.292650 0.569039 -0.453429 0.686001 0.992188 0.152344
body.png
7 -10.098005 1.529815 15.292650 0.569039 -0.453429 0.686001 0.992188 0.152344
7 -7.651865 5.863405 14.536760 0.899992 0.083589 0.427817 0.986328 0.205078
7 -8.385941 5.644785 15.263630 0.629605 0.290845 0.720421 0.992188 0.201172
body.png
7 -7.651865 5.863405 14.536760 0.899992 0.083589 0.427817 0.986328 0.205078
7 -11.186705 9.175300 14.501266 0.314717 0.912991 0.259616 0.984375 0.253906
7 -8.385941 5.644785 15.263630 0.629605 0.290845 0.720421 0.992188 0.201172
body.png
7 -8.385941 5.644785 15.263630 0.629605 0.290845 0.720421 0.992188 0.201172
7 -11.186705 9.175300 14.501266 0.314717 0.912991 0.259616 0.984375 0.253906
7 -11.400500 8.455445 15.252000 0.063512 0.698984 0.712312 0.992188 0.253906
body.png
7 -11.186705 9.175300 14.501266 0.314717 0.912991 0.259616 0.984375 0.253906
7 -16.114334 8.047771 14.547686 -0.704153 0.601057 0.378020 0.986328 0.205078
7 -11.400500 8.455445 15.252000 0.063512 0.698984 0.712312 0.992188 0.253906
body.png
7 -11.400500 8.455445 15.252000 0.063512 0.698984 0.712312 0.992188 0.253906
7 -16.114334 8.047771 14.547686 -0.704153 0.601057 0.378020 0.986328 0.205078
7 -15.534010 7.472390 15.266820 -0.611408 0.333457 0.717626 0.992188 0.201172
body.png
5 17.830225 -9.083611 0.047785 0.007574 -0.032480 -0.999444 0.623047 0.824219
5 14.498055 -9.630505 0.040305 -0.002361 -0.010013 -0.999947 0.619141 0.855469
5 20.472181 -6.798960 -0.006440 -0.001459 -0.013429 -0.999909 0.615234 0.792969
body.png
5 20.472181 -6.798960 -0.006440 -0.001459 -0.013429 -0.999909 0.615234 0.792969
5 14.498055 -9.630505 0.040305 -0.002361 -0.010013 -0.999947 0.619141 0.855469
5 20.714344 -5.166075 0.000210 -0.007146 0.001626 -0.999973 0.599609 0.785156
body.png
5 14.498055 -9.630505 0.040305 -0.002361 -0.010013 -0.999947 0.619141 0.855469
5 12.932180 -8.793535 0.044160 -0.003879 -0.002228 -0.999990 0.605469 0.863281
5 20.714344 -5.166075 0.000210 -0.007146 0.001626 -0.999973 0.599609 0.785156
body.png
5 20.714344 -5.166075 0.000210 -0.007146 0.001626 -0.999973 0.599609 0.785156
5 12.932180 -8.793535 0.044160 -0.003879 -0.002228 -0.999990 0.605469 0.863281
5 20.712450 -3.129545 0.005180 -0.003884 0.000370 -0.999992 0.576172 0.785156
body.png
5 12.932180 -8.793535 0.044160 -0.003879 -0.002228 -0.999990 0.605469 0.863281
5 11.795925 -6.080385 0.028845 -0.000620 -0.001203 -0.999999 0.578125 0.863281
5 20.712450 -3.129545 0.005180 -0.003884 0.000370 -0.999992 0.576172 0.785156
body.png
5 20.712450 -3.129545 0.005180 -0.003884 0.000370 -0.999992 0.576172 0.785156
5 11.795925 -6.080385 0.028845 -0.000620 -0.001203 -0.999999 0.578125 0.863281
5 18.444592 0.850535 0.033010 0.000678 -0.000187 -1.000000 0.535156 0.791016
body.png
5 11.795925 -6.080385 0.028845 -0.000620 -0.001203 -0.999999 0.578125 0.863281
5 10.568880 -1.694140 0.015125 0.001865 -0.001364 -0.999997 0.533203 0.861328
5 18.444592 0.850535 0.033010 0.000678 -0.000187 -1.000000 0.535156 0.791016
body.png
5 18.444592 0.850535 0.033010 0.000678 -0.000187 -1.000000 0.535156 0.791016
5 10.568880 -1.694140 0.015125 0.001865 -0.001364 -0.999997 0.533203 0.861328
4 16.871965 4.374160 0.017800 0.001079 -0.001884 -0.999998 0.494141 0.792969
body.png
5 10.568880 -1.694140 0.015125 0.001865 -0.001364 -0.999997 0.533203 0.861328
4 9.664860 2.518725 0.020240 -0.002316 0.000521 -0.999997 0.490234 0.857422
4 16.871965 4.374160 0.017800 0.001079 -0.001884 -0.999998 0.494141 0.792969
body.png
4 16.871965 4.374160 0.017800 0.001079 -0.001884 -0.999998 0.494141 0.792969
4 9.664860 2.518725 0.020240 -0.002316 0.000521 -0.999997 0.490234 0.857422
4 15.733549 8.188445 0.002390 -0.002536 -0.004066 -0.999988 0.451172 0.791016
body.png
4 9.664860 2.518725 0.020240 -0.002316 0.000521 -0.999997 0.490234 0.857422
4 8.454835 5.744840 0.042650 -0.004129 -0.004176 -0.999983 0.451172 0.857422
4 15.733549 8.188445 0.002390 -0.002536 -0.004066 -0.999988 0.451172 0.791016
body.png
4 15.733549 8.188445 0.002390 -0.002536 -0.004066 -0.999988 0.451172 0.791016
4 8.454835 5.744840 0.042650 -0.004129 -0.004176 -0.999983 0.451172 0.857422
4 11.430010 8.924680 -0.001460 -0.001274 -0.012678 -0.999919 0.431641 0.824219
body.png
3 16.563150 3.392100 9.546215 0.758593 -0.065362 -0.648279 0.937500 0.152344
3 15.606370 7.858590 9.548525 0.364890 0.612007 -0.701643 0.937500 0.201172
3 16.044609 8.360160 10.227770 0.710389 0.578448 -0.400930 0.943359 0.205078
body.png
3 16.044609 8.360160 10.227770 0.710389 0.578448 -0.400930 0.943359 0.205078
3 15.606370 7.858590 9.548525 0.364890 0.612007 -0.701643 0.937500 0.201172
3 11.105260 9.137965 10.245465 -0.235729 0.935646 -0.262674 0.943359 0.253906
body.png
3 15.606370 7.858590 9.548525 0.364890 0.612007 -0.701643 0.937500 0.201172
3 11.351105 8.481260 9.544895 -0.344602 0.624709 -0.700706 0.937500 0.253906
3 11.105260 9.137965 10.245465 -0.235729 0.935646 -0.262674 0.943359 0.253906
body.png
3 11.105260 9.137965 10.245465 -0.235729 0.935646 -0.262674 0.943359 0.253906
3 11.351105 8.481260 9.544895 -0.344602 0.624709 -0.700706 0.937500 0.253906
3 7.765670 5.595415 10.246020 -0.917257 0.117254 -0.380646 0.943359 0.205078
body.png
3 11.351105 8.481260 9.544895 -0.344602 0.624709 -0.700706 0.937500 0.253906
3 8.435580 5.435900 9.567215 -0.716173 -0.062204 -0.695146 0.937500 0.201172
3 7.765670 5.595415 10.246020 -0.917257 0.117254 -0.380646 0.943359 0.205078
body.png
3 7.765670 5.595415 10.246020 -0.917257 0.117254 -0.380646 0.943359 0.205078
3 8.435580 5.435900 9.567215 -0.716173 -0.062204 -0.695146 0.937500 0.201172
3 10.084435 0.816735 10.250640 -0.621419 -0.665431 -0.413570 0.943359 0.148438
body.png
3 8.435580 5.435900 9.567215 -0.716173 -0.062204 -0.695146 0.937500 0.201172
3 10.438395 1.344610 9.558860 -0.354993 -0.654574 -0.667468 0.937500 0.152344
3 10.084435 0.816735 10.250640 -0.621419 -0.665431 -0.413570 0.943359 0.148438
body.png
3 10.084435 0.816735 10.250640 -0.621419 -0.665431 -0.413570 0.943359 0.148438
3 10.438395 1.344610 9.558860 -0.354993 -0.654574 -0.667468 0.937500 0.152344
3 14.359860 -0.061350 10.297355 0.225681 -0.940868 -0.252658 0.943359 0.099609
body.png
3 10.438395 1.344610 9.558860 -0.354993 -0.654574 -0.667468 0.937500 0.152344
3 14.160171 0.557275 9.590300 0.371424 -0.644249 -0.668571 0.937500 0.099609
3 14.359860 -0.061350 10.297355 0.225681 -0.940868 -0.252658 0.943359 0.099609
body.png
3 14.359860 -0.061350 10.297355 0.225681 -0.940868 -0.252658 0.943359 0.099609
3 14.160171 0.557275 9.590300 0.371424 -0.644249 -0.668571 0.937500 0.099609
3 17.154280 3.208270 10.268555 0.934258 -0.235659 -0.267633 0.943359 0.148438
body.png
3 14.160171 0.557275 9.590300 0.371424 -0.644249 -0.668571 0.937500 0.099609
3 16.563150 3.392100 9.546215 0.758593 -0.065362 -0.648279 0.937500 0.152344
3 17.154280 3.208270 10.268555 0.934258 -0.235659 -0.267633 0.943359 0.148438
body.png
3 17.154280 3.208270 10.268555 0.934258 -0.235659 -0.267633 0.943359 0.148438
3 16.563150 3.392100 9.546215 0.758593 -0.065362 -0.648279 0.937500 0.152344
3 16.044609 8.360160 10.227770 0.710389 0.578448 -0.400930 0.943359 0.205078
body.png
3 16.822426 2.896525 14.551680 0.892763 -0.202447 0.402480 0.986328 0.148438
3 16.080051 8.057130 14.506721 0.705833 0.609740 0.360577 0.986328 0.205078
3 15.509460 7.514715 15.271710 0.617886 0.354705 0.701713 0.992188 0.201172
body.png
3 15.509460 7.514715 15.271710 0.617886 0.354705 0.701713 0.992188 0.201172
3 16.080051 8.057130 14.506721 0.705833 0.609740 0.360577 0.986328 0.205078
3 11.470890 8.465910 15.257421 -0.053768 0.716702 0.695304 0.992188 0.253906
body.png
3 16.080051 8.057130 14.506721 0.705833 0.609740 0.360577 0.986328 0.205078
3 11.247906 9.181994 14.500785 -0.307560 0.916868 0.254482 0.984375 0.253906
3 11.470890 8.465910 15.257421 -0.053768 0.716702 0.695304 0.992188 0.253906
body.png
3 11.470890 8.465910 15.257421 -0.053768 0.716702 0.695304 0.992188 0.253906
3 11.247906 9.181994 14.500785 -0.307560 0.916868 0.254482 0.984375 0.253906
3 8.372140 5.677960 15.266766 -0.625695 0.303499 0.718606 0.992188 0.201172
body.png
3 11.247906 9.181994 14.500785 -0.307560 0.916868 0.254482 0.984375 0.253906
3 7.624150 5.865700 14.524970 -0.909484 0.084389 0.407083 0.986328 0.205078
3 8.372140 5.677960 15.266766 -0.625695 0.303499 0.718606 0.992188 0.201172
body.png
3 8.372140 5.677960 15.266766 -0.625695 0.303499 0.718606 0.992188 0.201172
3 7.624150 5.865700 14.524970 -0.909484 0.084389 0.407083 0.986328 0.205078
3 10.078330 1.495110 15.318650 -0.586824 -0.477987 0.653580 0.992188 0.152344
body.png
3 7.624150 5.865700 14.524970 -0.909484 0.084389 0.407083 0.986328 0.205078
3 9.652480 0.997375 14.540251 -0.654395 -0.702301 0.280252 0.986328 0.148438
3 10.078330 1.495110 15.318650 -0.586824 -0.477987 0.653580 0.992188 0.152344
body.png
3 10.078330 1.495110 15.318650 -0.586824 -0.477987 0.653580 0.992188 0.152344
3 9.652480 0.997375 14.540251 -0.654395 -0.702301 0.280252 0.986328 0.148438
3 13.654856 0.505960 15.324150 0.043740 -0.730518 0.681492 0.992188 0.099609
body.png
3 9.652480 0.997375 14.540251 -0.654395 -0.702301 0.280252 0.986328 0.148438
3 13.826900 -0.225855 14.561025 0.316769 -0.910783 0.264824 0.986328 0.099609
3 13.654856 0.505960 15.324150 0.043740 -0.730518 0.681492 0.992188 0.099609
body.png
3 13.654856 0.505960 15.324150 0.043740 -0.730518 0.681492 0.992188 0.099609
3 13.826900 -0.225855 14.561025 0.316769 -0.910783 0.264824 0.986328 0.099609
3 16.193691 3.068750 15.286551 0.666294 -0.339015 0.664170 0.992188 0.152344
body.png
3 13.826900 -0.225855 14.561025 0.316769 -0.910783 0.264824 0.986328 0.099609
3 16.822426 2.896525 14.551680 0.892763 -0.202447 0.402480 0.986328 0.148438
3 16.193691 3.068750 15.286551 0.666294 -0.339015 0.664170 0.992188 0.152344
body.png
3 16.193691 3.068750 15.286551 0.666294 -0.339015 0.664170 0.992188 0.152344
3 16.822426 2.896525 14.551680 0.892763 -0.202447 0.402480 0.986328 0.148438
3 15.509460 7.514715 15.271710 0.617886 0.354705 0.701713 0.992188 0.201172
body.png
67 18.099064 1.318065 97.112274 0.849039 0.025668 -0.527706 0.599609 0.058594
67 18.089306 0.856950 97.064545 0.841728 0.005752 -0.539871 0.601563 0.050781
67 17.930410 0.713010 96.811493 0.345762 -0.395553 -0.850874 0.605469 0.050781
body.png
67 17.930410 0.713010 96.811493 0.345762 -0.395553 -0.850874 0.605469 0.050781
67 18.089306 0.856950 97.064545 0.841728 0.005752 -0.539871 0.601563 0.050781
67 18.199030 0.380325 97.247002 0.680001 -0.654760 -0.329982 0.605469 0.042969
body.png
67 18.089306 0.856950 97.064545 0.841728 0.005752 -0.539871 0.601563 0.050781
67 18.210060 0.737145 97.254456 0.821891 -0.047695 -0.567644 0.601563 0.042969
67 18.199030 0.380325 97.247002 0.680001 -0.654760 -0.329982 0.605469 0.042969
body.png
67 18.199030 0.380325 97.247002 0.680001 -0.654760 -0.329982 0.605469 0.042969
67 18.210060 0.737145 97.254456 0.821891 -0.047695 -0.567644 0.601563 0.042969
67 18.490980 0.656990 97.657150 0.959967 -0.264766 0.091444 0.603516 0.035156
body.png
67 18.210060 0.737145 97.254456 0.821891 -0.047695 -0.567644 0.601563 0.042969
67 18.343109 0.869875 97.411560 0.836283 -0.021285 -0.547885 0.599609 0.035156
67 18.490980 0.656990 97.657150 0.959967 -0.264766 0.091444 0.603516 0.035156
body.png
67 18.490980 0.656990 97.657150 0.959967 -0.264766 0.091444 0.603516 0.035156
67 18.343109 0.869875 97.411560 0.836283 -0.021285 -0.547885 0.599609 0.035156
67 18.511770 1.474930 97.712326 0.915463 0.400451 0.039573 0.601563 0.023438
body.png
67 18.343109 0.869875 97.411560 0.836283 -0.021285 -0.547885 0.599609 0.035156
67 18.352869 1.330990 97.459274 0.841726 0.005751 -0.539874 0.595703 0.023438
67 18.511770 1.474930 97.712326 0.915463 0.400451 0.039573 0.601563 0.023438
body.png
67 18.511770 1.474930 97.712326 0.915463 0.400451 0.039573 0.601563 0.023438
67 18.352869 1.330990 97.459274 0.841726 0.005751 -0.539874 0.595703 0.023438
67 18.243149 1.807615 97.276833 0.575636 0.649670 -0.496561 0.601563 0.015625
body.png
67 18.352869 1.330990 97.459274 0.841726 0.005751 -0.539874 0.595703 0.023438
67 18.232121 1.450795 97.269371 0.821889 -0.047701 -0.567648 0.595703 0.015625
67 18.243149 1.807615 97.276833 0.575636 0.649670 -0.496561 0.601563 0.015625
body.png
67 18.243149 1.807615 97.276833 0.575636 0.649670 -0.496561 0.601563 0.015625
67 18.232121 1.450795 97.269371 0.821889 -0.047701 -0.567648 0.595703 0.015625
67 17.951200 1.530950 96.866684 0.299738 0.290566 -0.908696 0.601563 0.005859
body.png
67 18.232121 1.450795 97.269371 0.821889 -0.047701 -0.567648 0.595703 0.015625
67 18.099064 1.318065 97.112274 0.803821 -0.115004 -0.583648 0.595703 0.009766
67 17.951200 1.530950 96.866684 0.299738 0.290566 -0.908696 0.601563 0.005859
body.png
68 20.902824 1.768970 94.453278 -0.549763 0.024470 -0.834962 0.917969 0.328125
68 20.904480 1.365875 94.456573 -0.271628 -0.543817 -0.794028 0.931641 0.333984
67 18.089306 0.856950 97.064545 -0.618119 -0.310781 -0.722042 0.939453 0.375000
body.png
67 18.089306 0.856950 97.064545 -0.618119 -0.310781 -0.722042 0.939453 0.375000
68 20.904480 1.365875 94.456573 -0.271628 -0.543817 -0.794028 0.931641 0.333984
67 18.210060 0.737145 97.254456 0.016239 -0.982119 -0.187561 0.947266 0.376953
body.png
68 20.904480 1.365875 94.456573 -0.271628 -0.543817 -0.794028 0.931641 0.333984
68 20.932461 1.286730 94.623764 0.252937 -0.962712 -0.095964 0.943359 0.337891
67 18.210060 0.737145 97.254456 0.016239 -0.982119 -0.187561 0.947266 0.376953
body.png
67 18.210060 0.737145 97.254456 0.016239 -0.982119 -0.187561 0.947266 0.376953
68 20.932461 1.286730 94.623764 0.252937 -0.962712 -0.095964 0.943359 0.337891
67 18.343109 0.869875 97.411560 0.575637 -0.678390 0.456541 0.957031 0.376953
body.png
68 20.932461 1.286730 94.623764 0.252937 -0.962712 -0.095964 0.943359 0.337891
68 21.018410 1.362905 94.794968 0.542212 -0.512743 0.665658 0.955078 0.337891
67 18.343109 0.869875 97.411560 0.575637 -0.678390 0.456541 0.957031 0.376953
body.png
67 18.343109 0.869875 97.411560 0.575637 -0.678390 0.456541 0.957031 0.376953
68 21.018410 1.362905 94.794968 0.542212 -0.512743 0.665658 0.955078 0.337891
67 18.352869 1.330990 97.459274 0.643785 0.310864 0.699217 0.966797 0.376953
body.png
68 21.018410 1.362905 94.794968 0.542212 -0.512743 0.665658 0.955078 0.337891
68 21.016754 1.766000 94.791679 0.290771 0.544841 0.786512 0.968750 0.335938
67 18.352869 1.330990 97.459274 0.643785 0.310864 0.699217 0.966797 0.376953
body.png
67 18.352869 1.330990 97.459274 0.643785 0.310864 0.699217 0.966797 0.376953
68 21.016754 1.766000 94.791679 0.290771 0.544841 0.786512 0.968750 0.335938
67 18.232121 1.450795 97.269371 0.019965 0.985543 0.168246 0.974609 0.373047
body.png
68 21.016754 1.766000 94.791679 0.290771 0.544841 0.786512 0.968750 0.335938
68 20.988770 1.845145 94.624481 -0.248963 0.964092 0.092431 0.980469 0.332031
67 18.232121 1.450795 97.269371 0.019965 0.985543 0.168246 0.974609 0.373047
body.png
67 18.232121 1.450795 97.269371 0.019965 0.985543 0.168246 0.974609 0.373047
68 20.988770 1.845145 94.624481 -0.248963 0.964092 0.092431 0.980469 0.332031
67 18.099064 1.318065 97.112274 -0.399664 0.873091 -0.279252 0.982422 0.369141
body.png
68 20.988770 1.845145 94.624481 -0.248963 0.964092 0.092431 0.980469 0.332031
68 20.902824 1.768970 94.453278 -0.380978 0.860688 -0.337745 0.992188 0.326172
67 18.099064 1.318065 97.112274 -0.399664 0.873091 -0.279252 0.982422 0.369141
body.png
69 23.200386 2.549250 93.916473 -0.161905 0.007168 -0.986780 0.923828 0.294922
69 23.355341 2.202365 93.890808 0.138959 -0.455526 -0.879310 0.935547 0.304688
68 20.904480 1.365875 94.456573 -0.271628 -0.543817 -0.794028 0.931641 0.333984
body.png
68 20.904480 1.365875 94.456573 -0.271628 -0.543817 -0.794028 0.931641 0.333984
69 23.355341 2.202365 93.890808 0.138959 -0.455526 -0.879310 0.935547 0.304688
68 20.932461 1.286730 94.623764 0.252937 -0.962712 -0.095964 0.943359 0.337891
body.png
69 23.355341 2.202365 93.890808 0.138959 -0.455526 -0.879310 0.935547 0.304688
69 23.450241 2.129875 94.079857 0.532981 -0.843820 -0.062440 0.945313 0.308594
68 20.932461 1.286730 94.623764 0.252937 -0.962712 -0.095964 0.943359 0.337891
body.png
68 20.932461 1.286730 94.623764 0.252937 -0.962712 -0.095964 0.943359 0.337891
69 23.450241 2.129875 94.079857 0.532981 -0.843820 -0.062440 0.945313 0.308594
68 21.018410 1.362905 94.794968 0.542212 -0.512743 0.665658 0.955078 0.337891
body.png
69 23.450241 2.129875 94.079857 0.532981 -0.843820 -0.062440 0.945313 0.308594
69 23.466284 2.248950 94.223251 0.404442 -0.378406 0.832608 0.955078 0.310547
68 21.018410 1.362905 94.794968 0.542212 -0.512743 0.665658 0.955078 0.337891
body.png
68 21.018410 1.362905 94.794968 0.542212 -0.512743 0.665658 0.955078 0.337891
69 23.466284 2.248950 94.223251 0.404442 -0.378406 0.832608 0.955078 0.310547
68 21.016754 1.766000 94.791679 0.290771 0.544841 0.786512 0.968750 0.335938
body.png
69 23.466284 2.248950 94.223251 0.404442 -0.378406 0.832608 0.955078 0.310547
69 23.311325 2.595840 94.248917 -0.136865 0.466891 0.873660 0.966797 0.308594
68 21.016754 1.766000 94.791679 0.290771 0.544841 0.786512 0.968750 0.335938
body.png
68 21.016754 1.766000 94.791679 0.290771 0.544841 0.786512 0.968750 0.335938
69 23.311325 2.595840 94.248917 -0.136865 0.466891 0.873660 0.966797 0.308594
68 20.988770 1.845145 94.624481 -0.248963 0.964092 0.092431 0.980469 0.332031
body.png
69 23.311325 2.595840 94.248917 -0.136865 0.466891 0.873660 0.966797 0.308594
69 23.216423 2.668330 94.059868 -0.519125 0.854410 0.022206 0.974609 0.302734
68 20.988770 1.845145 94.624481 -0.248963 0.964092 0.092431 0.980469 0.332031
body.png
68 20.988770 1.845145 94.624481 -0.248963 0.964092 0.092431 0.980469 0.332031
69 23.216423 2.668330 94.059868 -0.519125 0.854410 0.022206 0.974609 0.302734
68 20.902824 1.768970 94.453278 -0.380978 0.860688 -0.337745 0.992188 0.326172
body.png
69 23.216423 2.668330 94.059868 -0.519125 0.854410 0.022206 0.974609 0.302734
69 23.200386 2.549250 93.916473 -0.508799 0.680558 -0.527223 0.984375 0.292969
68 20.902824 1.768970 94.453278 -0.380978 0.860688 -0.337745 0.992188 0.326172
body.png
69 25.669630 4.717795 93.931587 -0.054044 0.499487 -0.864634 0.955078 0.269531
69 25.831890 4.625340 93.920471 0.691537 0.153183 -0.705912 0.953125 0.275391
69 23.355341 2.202365 93.890808 0.138959 -0.455526 -0.879310 0.935547 0.304688
body.png
69 23.355341 2.202365 93.890808 0.138959 -0.455526 -0.879310 0.935547 0.304688
69 25.831890 4.625340 93.920471 0.691537 0.153183 -0.705912 0.953125 0.275391
69 23.450241 2.129875 94.079857 0.532981 -0.843820 -0.062440 0.945313 0.308594
body.png
69 25.831890 4.625340 93.920471 0.691537 0.153183 -0.705912 0.953125 0.275391
69 25.904560 4.546195 94.065231 0.977660 0.050726 -0.203980 0.953125 0.279297
69 23.450241 2.129875 94.079857 0.532981 -0.843820 -0.062440 0.945313 0.308594
body.png
69 23.450241 2.129875 94.079857 0.532981 -0.843820 -0.062440 0.945313 0.308594
69 25.904560 4.546195 94.065231 0.977660 0.050726 -0.203980 0.953125 0.279297
69 23.466284 2.248950 94.223251 0.404442 -0.378406 0.832608 0.955078 0.310547
body.png
69 25.904560 4.546195 94.065231 0.977660 0.050726 -0.203980 0.953125 0.279297
69 25.920605 4.665270 94.208633 0.546841 -0.028936 0.836736 0.955078 0.279297
69 23.466284 2.248950 94.223251 0.404442 -0.378406 0.832608 0.955078 0.310547
body.png
69 23.466284 2.248950 94.223251 0.404442 -0.378406 0.832608 0.955078 0.310547
69 25.920605 4.665270 94.208633 0.546841 -0.028936 0.836736 0.955078 0.279297
69 23.311325 2.595840 94.248917 -0.136865 0.466891 0.873660 0.966797 0.308594
body.png
69 25.920605 4.665270 94.208633 0.546841 -0.028936 0.836736 0.955078 0.279297
69 25.755360 4.807280 94.213799 -0.034724 0.955908 0.291606 0.957031 0.279297
69 23.311325 2.595840 94.248917 -0.136865 0.466891 0.873660 0.966797 0.308594
body.png
69 23.311325 2.595840 94.248917 -0.136865 0.466891 0.873660 0.966797 0.308594
69 25.755360 4.807280 94.213799 -0.034724 0.955908 0.291606 0.957031 0.279297
69 23.216423 2.668330 94.059868 -0.519125 0.854410 0.022206 0.974609 0.302734
body.png
69 25.755360 4.807280 94.213799 -0.034724 0.955908 0.291606 0.957031 0.279297
69 25.621740 4.780660 94.059074 -0.024290 0.954658 -0.296713 0.957031 0.275391
69 23.216423 2.668330 94.059868 -0.519125 0.854410 0.022206 0.974609 0.302734
body.png
69 23.216423 2.668330 94.059868 -0.519125 0.854410 0.022206 0.974609 0.302734
69 25.621740 4.780660 94.059074 -0.024290 0.954658 -0.296713 0.957031 0.275391
69 23.200386 2.549250 93.916473 -0.508799 0.680558 -0.527223 0.984375 0.292969
body.png
69 25.621740 4.780660 94.059074 -0.024290 0.954658 -0.296713 0.957031 0.275391
69 25.669630 4.717795 93.931587 -0.054044 0.499487 -0.864634 0.955078 0.269531
69 23.200386 2.549250 93.916473 -0.508799 0.680558 -0.527223 0.984375 0.292969
body.png
63 -7.305520 -3.073745 27.146622 0.430989 -0.896167 0.105515 0.638672 0.173828
7 -11.511765 -5.658655 35.506989 -0.223802 -0.957188 -0.183586 0.603516 0.207031
63 -12.946745 -3.950025 27.180779 -0.191600 -0.900195 0.391073 0.595703 0.175781
body.png
63 -12.946745 -3.950025 27.180779 -0.191600 -0.900195 0.391073 0.595703 0.175781
7 -11.511765 -5.658655 35.506989 -0.223802 -0.957188 -0.183586 0.603516 0.207031
63 -16.560040 -1.140600 27.939880 -0.781203 -0.459268 0.422841 0.560547 0.177734
body.png
7 -11.511765 -5.658655 35.506989 -0.223802 -0.957188 -0.183586 0.603516 0.207031
7 -16.390011 -2.456865 36.571796 -0.922589 -0.385019 -0.024272 0.562500 0.210938
63 -16.560040 -1.140600 27.939880 -0.781203 -0.459268 0.422841 0.560547 0.177734
body.png
63 -16.560040 -1.140600 27.939880 -0.781203 -0.459268 0.422841 0.560547 0.177734
7 -16.390011 -2.456865 36.571796 -0.922589 -0.385019 -0.024272 0.562500 0.210938
63 -15.810380 5.115510 28.704145 -0.768033 0.363207 0.527453 0.513672 0.177734
body.png
7 -16.390011 -2.456865 36.571796 -0.922589 -0.385019 -0.024272 0.562500 0.210938
7 -15.035025 4.487260 36.389912 -0.860425 0.500202 0.097296 0.511719 0.205078
63 -15.810380 5.115510 28.704145 -0.768033 0.363207 0.527453 0.513672 0.177734
body.png
63 -15.810380 5.115510 28.704145 -0.768033 0.363207 0.527453 0.513672 0.177734
7 -15.035025 4.487260 36.389912 -0.860425 0.500202 0.097296 0.511719 0.205078
63 -11.508445 8.530665 29.167885 -0.156641 0.791017 0.591402 0.472656 0.181641
body.png
7 -15.035025 4.487260 36.389912 -0.860425 0.500202 0.097296 0.511719 0.205078
7 -10.924605 8.181880 35.375397 -0.146806 0.986813 0.068182 0.472656 0.197266
63 -11.508445 8.530665 29.167885 -0.156641 0.791017 0.591402 0.472656 0.181641
body.png
63 -11.508445 8.530665 29.167885 -0.156641 0.791017 0.591402 0.472656 0.181641
7 -10.924605 8.181880 35.375397 -0.146806 0.986813 0.068182 0.472656 0.197266
63 -4.890475 5.564490 28.121796 0.830136 0.407488 0.380563 0.417969 0.179688
body.png
7 -10.924605 8.181880 35.375397 -0.146806 0.986813 0.068182 0.472656 0.197266
7 -4.533345 5.719590 36.236450 0.771563 0.631121 -0.079850 0.425781 0.208984
63 -4.890475 5.564490 28.121796 0.830136 0.407488 0.380563 0.417969 0.179688
body.png
63 -4.890475 5.564490 28.121796 0.830136 0.407488 0.380563 0.417969 0.179688
7 -4.533345 5.719590 36.236450 0.771563 0.631121 -0.079850 0.425781 0.208984
7 -3.609360 -2.185950 35.576027 0.990870 0.098837 -0.091693 0.376953 0.207031
body.png
7 -4.533345 5.719590 36.236450 0.771563 0.631121 -0.079850 0.425781 0.208984
6 -3.180665 -3.025995 38.407684 0.985393 0.123231 -0.117534 0.371094 0.226563
7 -3.609360 -2.185950 35.576027 0.990870 0.098837 -0.091693 0.376953 0.207031
body.png
7 -7.376445 -2.184845 18.523275 0.453270 -0.861254 -0.229756 0.638672 0.111328
63 -13.046450 -4.975095 25.843134 -0.221084 -0.972661 0.071087 0.597656 0.164063
7 -13.042726 -3.264335 18.501970 -0.218869 -0.950268 -0.221558 0.597656 0.111328
body.png
7 -13.042726 -3.264335 18.501970 -0.218869 -0.950268 -0.221558 0.597656 0.111328
63 -13.046450 -4.975095 25.843134 -0.221084 -0.972661 0.071087 0.597656 0.164063
7 -17.179199 -0.270705 18.822491 -0.820434 -0.551446 -0.150984 0.560547 0.111328
body.png
63 -13.046450 -4.975095 25.843134 -0.221084 -0.972661 0.071087 0.597656 0.164063
63 -17.797329 -1.394080 26.858274 -0.840801 -0.415702 0.346765 0.560547 0.166016
7 -17.179199 -0.270705 18.822491 -0.820434 -0.551446 -0.150984 0.560547 0.111328
body.png
7 -17.179199 -0.270705 18.822491 -0.820434 -0.551446 -0.150984 0.560547 0.111328
63 -17.797329 -1.394080 26.858274 -0.840801 -0.415702 0.346765 0.560547 0.166016
7 -16.663471 6.332805 19.726715 -0.934686 0.353743 -0.035041 0.513672 0.111328
body.png
63 -17.797329 -1.394080 26.858274 -0.840801 -0.415702 0.346765 0.560547 0.166016
63 -17.107101 5.837105 27.817965 -0.771010 0.408210 0.488782 0.513672 0.167969
7 -16.663471 6.332805 19.726715 -0.934686 0.353743 -0.035041 0.513672 0.111328
body.png
7 -16.663471 6.332805 19.726715 -0.934686 0.353743 -0.035041 0.513672 0.111328
63 -17.107101 5.837105 27.817965 -0.771010 0.408210 0.488782 0.513672 0.167969
7 -11.995020 9.883960 20.608385 -0.316819 0.948480 0.003464 0.470703 0.119141
body.png
63 -17.107101 5.837105 27.817965 -0.771010 0.408210 0.488782 0.513672 0.167969
63 -11.649170 9.958435 28.282349 -0.067020 0.851880 0.519431 0.472656 0.171875
7 -11.995020 9.883960 20.608385 -0.316819 0.948480 0.003464 0.470703 0.119141
body.png
7 -11.995020 9.883960 20.608385 -0.316819 0.948480 0.003464 0.470703 0.119141
63 -11.649170 9.958435 28.282349 -0.067020 0.851880 0.519431 0.472656 0.171875
7 -6.156925 7.563425 20.478781 0.652960 0.752623 -0.084858 0.427734 0.121094
body.png
63 -11.649170 9.958435 28.282349 -0.067020 0.851880 0.519431 0.472656 0.171875
63 -4.400700 6.664250 27.657425 0.793471 0.424409 0.436211 0.421875 0.171875
7 -6.156925 7.563425 20.478781 0.652960 0.752623 -0.084858 0.427734 0.121094
body.png
7 -6.156925 7.563425 20.478781 0.652960 0.752623 -0.084858 0.427734 0.121094
63 -4.400700 6.664250 27.657425 0.793471 0.424409 0.436211 0.421875 0.171875
7 -5.370300 1.720570 19.309484 0.968869 0.146714 -0.199417 0.384766 0.117188
body.png
63 -4.400700 6.664250 27.657425 0.793471 0.424409 0.436211 0.421875 0.171875
63 -3.810545 0.360485 26.642914 0.906916 0.019385 0.420865 0.378906 0.169922
7 -5.370300 1.720570 19.309484 0.968869 0.146714 -0.199417 0.384766 0.117188
body.png
2 3.197240 -3.035910 38.404087 -0.986802 0.119099 -0.109718 0.916016 0.341797
3 4.546445 5.700640 36.220486 -0.784204 0.610090 -0.113199 0.873047 0.320313
3 3.630320 -2.169645 35.600605 -0.990861 0.098138 -0.092538 0.914063 0.328125
body.png
3 3.630320 -2.169645 35.600605 -0.990861 0.098138 -0.092538 0.914063 0.328125
3 4.546445 5.700640 36.220486 -0.784204 0.610090 -0.113199 0.873047 0.320313
3 4.907350 5.550400 28.141211 -0.831046 0.405203 0.381016 0.886719 0.281250
body.png
3 4.546445 5.700640 36.220486 -0.784204 0.610090 -0.113199 0.873047 0.320313
3 10.916380 8.190105 35.347870 0.162428 0.986649 0.011900 0.837891 0.306641
3 4.907350 5.550400 28.141211 -0.831046 0.405203 0.381016 0.886719 0.281250
body.png
3 4.907350 5.550400 28.141211 -0.831046 0.405203 0.381016 0.886719 0.281250
3 10.916380 8.190105 35.347870 0.162428 0.986649 0.011900 0.837891 0.306641
3 11.498480 8.526760 29.180796 0.154955 0.789179 0.594294 0.845703 0.275391
body.png
3 10.916380 8.190105 35.347870 0.162428 0.986649 0.011900 0.837891 0.306641
3 15.025525 4.487330 36.424622 0.858757 0.504572 0.089129 0.808594 0.302734
3 11.498480 8.526760 29.180796 0.154955 0.789179 0.594294 0.845703 0.275391
body.png
3 11.498480 8.526760 29.180796 0.154955 0.789179 0.594294 0.845703 0.275391
3 15.025525 4.487330 36.424622 0.858757 0.504572 0.089129 0.808594 0.302734
3 15.841695 5.105540 28.684029 0.767828 0.358824 0.530740 0.818359 0.265625
body.png
3 15.025525 4.487330 36.424622 0.858757 0.504572 0.089129 0.808594 0.302734
3 16.410625 -2.463340 36.581703 0.921715 -0.385728 -0.040681 0.769531 0.294922
3 15.841695 5.105540 28.684029 0.767828 0.358824 0.530740 0.818359 0.265625
body.png
3 15.841695 5.105540 28.684029 0.767828 0.358824 0.530740 0.818359 0.265625
3 16.410625 -2.463340 36.581703 0.921715 -0.385728 -0.040681 0.769531 0.294922
3 16.560356 -1.161265 27.926960 0.780880 -0.460706 0.421873 0.785156 0.255859
body.png
3 16.410625 -2.463340 36.581703 0.921715 -0.385728 -0.040681 0.769531 0.294922
3 11.519275 -5.647620 35.544868 0.224369 -0.956355 -0.187202 0.740234 0.281250
3 16.560356 -1.161265 27.926960 0.780880 -0.460706 0.421873 0.785156 0.255859
body.png
3 16.560356 -1.161265 27.926960 0.780880 -0.460706 0.421873 0.785156 0.255859
3 11.519275 -5.647620 35.544868 0.224369 -0.956355 -0.187202 0.740234 0.281250
3 12.983030 -3.939950 27.170876 0.192800 -0.899583 0.391892 0.761719 0.244141
body.png
3 11.519275 -5.647620 35.544868 0.224369 -0.956355 -0.187202 0.740234 0.281250
3 7.333165 -3.067490 27.153839 -0.428808 -0.896895 0.108177 0.736328 0.228516
3 12.983030 -3.939950 27.170876 0.192800 -0.899583 0.391892 0.761719 0.244141
body.png
3 3.815865 0.347020 26.644211 -0.906980 0.018468 0.420769 0.916016 0.275391
3 4.404965 6.703525 27.669069 -0.793111 0.426042 0.435274 0.884766 0.275391
3 5.394825 1.723960 19.330805 -0.745479 0.200663 -0.635606 0.914063 0.234375
body.png
3 5.394825 1.723960 19.330805 -0.745479 0.200663 -0.635606 0.914063 0.234375
3 4.404965 6.703525 27.669069 -0.793111 0.426042 0.435274 0.884766 0.275391
3 6.181120 7.565725 20.461304 -0.246362 0.472317 -0.846299 0.882813 0.236328
body.png
3 4.404965 6.703525 27.669069 -0.793111 0.426042 0.435274 0.884766 0.275391
3 11.706534 9.951495 28.303680 0.067432 0.850270 0.522009 0.849609 0.267578
3 6.181120 7.565725 20.461304 -0.246362 0.472317 -0.846299 0.882813 0.236328
body.png
3 6.181120 7.565725 20.461304 -0.246362 0.472317 -0.846299 0.882813 0.236328
3 11.706534 9.951495 28.303680 0.067432 0.850270 0.522009 0.849609 0.267578
3 11.988371 9.881500 20.621031 0.168320 0.408739 -0.896995 0.857422 0.228516
body.png
3 11.706534 9.951495 28.303680 0.067432 0.850270 0.522009 0.849609 0.267578
3 17.100285 5.860320 27.811529 0.773592 0.405686 0.486800 0.820313 0.257813
3 11.988371 9.881500 20.621031 0.168320 0.408739 -0.896995 0.857422 0.228516
body.png
3 11.988371 9.881500 20.621031 0.168320 0.408739 -0.896995 0.857422 0.228516
3 17.100285 5.860320 27.811529 0.773592 0.405686 0.486800 0.820313 0.257813
3 16.650579 6.297110 19.704010 0.307951 0.142362 -0.940691 0.832031 0.218750
body.png
3 17.100285 5.860320 27.811529 0.773592 0.405686 0.486800 0.820313 0.257813
3 17.786125 -1.410845 26.860331 0.840476 -0.416957 0.346044 0.789063 0.250000
3 16.650579 6.297110 19.704010 0.307951 0.142362 -0.940691 0.832031 0.218750
body.png
3 16.650579 6.297110 19.704010 0.307951 0.142362 -0.940691 0.832031 0.218750
3 17.786125 -1.410845 26.860331 0.840476 -0.416957 0.346044 0.789063 0.250000
3 17.171135 -0.292480 18.808865 0.320183 -0.208102 -0.924217 0.800781 0.212891
body.png
3 17.786125 -1.410845 26.860331 0.840476 -0.416957 0.346044 0.789063 0.250000
3 13.060121 -4.962710 25.829975 0.222015 -0.972463 0.070885 0.763672 0.238281
3 17.171135 -0.292480 18.808865 0.320183 -0.208102 -0.924217 0.800781 0.212891
body.png
3 17.171135 -0.292480 18.808865 0.320183 -0.208102 -0.924217 0.800781 0.212891
3 13.060121 -4.962710 25.829975 0.222015 -0.972463 0.070885 0.763672 0.238281
3 13.072865 -3.284290 18.483700 0.108045 -0.364313 -0.924988 0.783203 0.207031
body.png
3 13.060121 -4.962710 25.829975 0.222015 -0.972463 0.070885 0.763672 0.238281
3 7.390435 -2.160240 18.522724 -0.299769 -0.513269 -0.804173 0.763672 0.193359
3 13.072865 -3.284290 18.483700 0.108045 -0.364313 -0.924988 0.783203 0.207031
body.png
6 -9.916005 -7.545705 46.425163 -0.353048 -0.615779 -0.704396 0.582031 0.328125
6 -16.021809 -4.600825 48.219410 -0.883497 -0.316578 -0.345271 0.548828 0.343750
6 -15.681405 -4.084570 47.346130 -0.832158 -0.270331 -0.484185 0.546875 0.339844
body.png
6 -15.681405 -4.084570 47.346130 -0.832158 -0.270331 -0.484185 0.546875 0.339844
6 -16.021809 -4.600825 48.219410 -0.883497 -0.316578 -0.345271 0.548828 0.343750
6 -14.168025 4.129000 47.850479 -0.838444 0.355592 -0.412996 0.503906 0.357422
body.png
6 -16.021809 -4.600825 48.219410 -0.883497 -0.316578 -0.345271 0.548828 0.343750
6 -14.473995 4.607785 48.758583 -0.824226 0.540286 -0.169536 0.503906 0.361328
6 -14.168025 4.129000 47.850479 -0.838444 0.355592 -0.412996 0.503906 0.357422
body.png
6 -14.168025 4.129000 47.850479 -0.838444 0.355592 -0.412996 0.503906 0.357422
6 -14.473995 4.607785 48.758583 -0.824226 0.540286 -0.169536 0.503906 0.361328
6 -9.912390 7.719485 47.873070 -0.224620 0.788019 -0.573213 0.474609 0.367188
body.png
6 -14.473995 4.607785 48.758583 -0.824226 0.540286 -0.169536 0.503906 0.361328
6 -9.743695 8.614245 48.845665 -0.238857 0.912772 -0.331353 0.474609 0.375000
6 -9.912390 7.719485 47.873070 -0.224620 0.788019 -0.573213 0.474609 0.367188
body.png
6 -9.912390 7.719485 47.873070 -0.224620 0.788019 -0.573213 0.474609 0.367188
6 -9.743695 8.614245 48.845665 -0.238857 0.912772 -0.331353 0.474609 0.375000
6 -2.504300 6.595460 47.969200 0.613874 0.629165 -0.476771 0.437500 0.380859
body.png
6 -9.743695 8.614245 48.845665 -0.238857 0.912772 -0.331353 0.474609 0.375000
6 -8.516456 8.606225 55.757706 -0.311427 0.923928 -0.222195 0.480469 0.410156
6 -2.504300 6.595460 47.969200 0.613874 0.629165 -0.476771 0.437500 0.380859
body.png
6 -2.504300 6.595460 47.969200 0.613874 0.629165 -0.476771 0.437500 0.380859
6 -8.516456 8.606225 55.757706 -0.311427 0.923928 -0.222195 0.480469 0.410156
6 -1.789310 9.100170 55.236607 0.292329 0.774256 -0.561312 0.447266 0.419922
body.png
6 -8.516456 8.606225 55.757706 -0.311427 0.923928 -0.222195 0.480469 0.410156
1 -1.950000 10.309105 57.590107 0.024358 0.964522 -0.262875 0.453125 0.433594
6 -1.789310 9.100170 55.236607 0.292329 0.774256 -0.561312 0.447266 0.419922
body.png
6 -1.789310 9.100170 55.236607 0.292329 0.774256 -0.561312 0.447266 0.419922
1 -1.950000 10.309105 57.590107 0.024358 0.964522 -0.262875 0.453125 0.433594
1 0.000000 9.559105 57.490105 0.315037 0.886552 -0.338788 0.443359 0.435547
body.png
1 -1.950000 10.309105 57.590107 0.024358 0.964522 -0.262875 0.453125 0.433594
1 0.000000 10.909105 64.140106 -0.034965 0.998546 0.041017 0.457031 0.468750
1 0.000000 9.559105 57.490105 0.315037 0.886552 -0.338788 0.443359 0.435547
body.png
67 17.618484 8.553920 97.230232 0.275297 -0.353694 -0.893931 0.601563 0.005859
67 17.927790 8.276390 97.648331 0.583236 -0.658005 -0.476304 0.601563 0.015625
67 12.758514 8.505435 100.368835 -0.671200 -0.611543 -0.418935 0.695313 0.011719
body.png
67 12.758514 8.505435 100.368835 -0.671200 -0.611543 -0.418935 0.695313 0.011719
67 17.927790 8.276390 97.648331 0.583236 -0.658005 -0.476304 0.601563 0.015625
67 13.027135 8.172745 100.804329 -0.545168 -0.650245 0.529126 0.693359 0.017578
body.png
67 17.927790 8.276390 97.648331 0.583236 -0.658005 -0.476304 0.601563 0.015625
67 18.164865 8.596584 98.068169 0.919622 -0.383581 0.084622 0.601563 0.023438
67 13.027135 8.172745 100.804329 -0.545168 -0.650245 0.529126 0.693359 0.017578
body.png
67 13.027135 8.172745 100.804329 -0.545168 -0.650245 0.529126 0.693359 0.017578
67 18.164865 8.596584 98.068169 0.919622 -0.383581 0.084622 0.601563 0.023438
67 13.311991 8.498760 101.210625 -0.086514 -0.266494 0.959946 0.695313 0.023438
body.png
67 18.164865 8.596584 98.068169 0.919622 -0.383581 0.084622 0.601563 0.023438
67 18.124960 9.403111 98.088928 0.949146 0.250630 0.190543 0.603516 0.035156
67 13.311991 8.498760 101.210625 -0.086514 -0.266494 0.959946 0.695313 0.023438
body.png
67 13.311991 8.498760 101.210625 -0.086514 -0.266494 0.959946 0.695313 0.023438
67 18.124960 9.403111 98.088928 0.949146 0.250630 0.190543 0.603516 0.035156
67 13.272080 9.305280 101.231384 0.068361 0.609256 0.790022 0.701172 0.031250
body.png
67 18.124960 9.403111 98.088928 0.949146 0.250630 0.190543 0.603516 0.035156
67 17.911209 9.692265 97.643738 0.708518 0.638685 -0.300141 0.605469 0.042969
67 13.272080 9.305280 101.231384 0.068361 0.609256 0.790022 0.701172 0.031250
body.png
67 13.272080 9.305280 101.231384 0.068361 0.609256 0.790022 0.701172 0.031250
67 17.911209 9.692265 97.643738 0.708518 0.638685 -0.300141 0.605469 0.042969
67 13.010555 9.588625 100.799728 -0.135382 0.975097 -0.175665 0.701172 0.041016
body.png
67 17.911209 9.692265 97.643738 0.708518 0.638685 -0.300141 0.605469 0.042969
67 17.613430 9.360650 97.189468 0.353290 0.420913 -0.835475 0.605469 0.050781
67 13.010555 9.588625 100.799728 -0.135382 0.975097 -0.175665 0.701172 0.041016
body.png
67 13.010555 9.588625 100.799728 -0.135382 0.975097 -0.175665 0.701172 0.041016
67 17.613430 9.360650 97.189468 0.353290 0.420913 -0.835475 0.605469 0.050781
67 12.725700 9.262610 100.393440 -0.494659 0.454613 -0.740702 0.699219 0.050781
body.png
67 17.613430 9.360650 97.189468 0.353290 0.420913 -0.835475 0.605469 0.050781
67 17.618484 8.553920 97.230232 0.152569 -0.048921 -0.987081 0.605469 0.062500
67 12.725700 9.262610 100.393440 -0.494659 0.454613 -0.740702 0.699219 0.050781
body.png
60 -31.634563 4.264970 83.002403 0.663041 -0.494209 -0.562259 0.380859 0.439453
60 -31.220579 0.045060 87.167854 0.534262 -0.793471 -0.291493 0.375000 0.472656
60 -31.879265 -0.891465 86.607437 0.564013 -0.800373 -0.203205 0.382813 0.470703
body.png
60 -31.879265 -0.891465 86.607437 0.564013 -0.800373 -0.203205 0.382813 0.470703
60 -31.220579 0.045060 87.167854 0.534262 -0.793471 -0.291493 0.375000 0.472656
60 -32.210609 0.093620 92.715820 0.433257 -0.624529 0.649809 0.378906 0.503906
body.png
60 -31.220579 0.045060 87.167854 0.534262 -0.793471 -0.291493 0.375000 0.472656
60 -31.538605 0.874690 92.115128 0.530027 -0.606636 0.592506 0.369141 0.501953
60 -32.210609 0.093620 92.715820 0.433257 -0.624529 0.649809 0.378906 0.503906
body.png
60 -32.210609 0.093620 92.715820 0.433257 -0.624529 0.649809 0.378906 0.503906
60 -31.538605 0.874690 92.115128 0.530027 -0.606636 0.592506 0.369141 0.501953
60 -32.851734 6.329490 94.455185 0.284320 0.312665 0.906313 0.373047 0.537109
body.png
60 -31.538605 0.874690 92.115128 0.530027 -0.606636 0.592506 0.369141 0.501953
60 -31.990089 7.084340 93.229309 0.306119 0.309542 0.900264 0.361328 0.541016
60 -32.851734 6.329490 94.455185 0.284320 0.312665 0.906313 0.373047 0.537109
body.png
60 -32.851734 6.329490 94.455185 0.284320 0.312665 0.906313 0.373047 0.537109
60 -31.990089 7.084340 93.229309 0.306119 0.309542 0.900264 0.361328 0.541016
60 -33.290215 10.750925 90.253860 0.254850 0.928165 0.271221 0.373047 0.568359
body.png
60 -31.990089 7.084340 93.229309 0.306119 0.309542 0.900264 0.361328 0.541016
60 -32.557384 10.044109 90.033936 0.246947 0.956617 0.154597 0.365234 0.568359
60 -33.290215 10.750925 90.253860 0.254850 0.928165 0.271221 0.373047 0.568359
body.png
60 -33.290215 10.750925 90.253860 0.254850 0.928165 0.271221 0.373047 0.568359
60 -32.557384 10.044109 90.033936 0.246947 0.956617 0.154597 0.365234 0.568359
60 -33.001175 9.521805 84.754707 0.441489 0.712314 -0.545616 0.380859 0.597656
body.png
60 -32.557384 10.044109 90.033936 0.246947 0.956617 0.154597 0.365234 0.568359
60 -32.408710 8.835065 85.719002 0.539620 0.666686 -0.514140 0.373047 0.597656
60 -33.001175 9.521805 84.754707 0.441489 0.712314 -0.545616 0.380859 0.597656
body.png
60 -33.001175 9.521805 84.754707 0.441489 0.712314 -0.545616 0.380859 0.597656
60 -32.408710 8.835065 85.719002 0.539620 0.666686 -0.514140 0.373047 0.597656
60 -32.294434 4.025040 81.756607 0.588511 0.459922 -0.664926 0.390625 0.634766
body.png
60 -32.408710 8.835065 85.719002 0.539620 0.666686 -0.514140 0.373047 0.597656
60 -31.634563 4.264970 83.002403 0.201428 0.520333 -0.829867 0.378906 0.630859
60 -32.294434 4.025040 81.756607 0.588511 0.459922 -0.664926 0.390625 0.634766
body.png
60 -32.294434 4.025040 81.756607 0.386028 -0.603811 -0.697420 0.382813 0.435547
60 -31.879265 -0.891465 86.607437 0.564013 -0.800373 -0.203205 0.382813 0.470703
60 -37.434101 -1.585365 86.083237 -0.813085 -0.413042 -0.410230 0.412109 0.474609
body.png
60 -37.434101 -1.585365 86.083237 -0.813085 -0.413042 -0.410230 0.412109 0.474609
60 -31.879265 -0.891465 86.607437 0.564013 -0.800373 -0.203205 0.382813 0.470703
60 -37.891106 -0.348260 91.463127 -0.834263 -0.551240 0.011814 0.410156 0.503906
body.png
60 -31.879265 -0.891465 86.607437 0.564013 -0.800373 -0.203205 0.382813 0.470703
60 -32.210609 0.093620 92.715820 0.433257 -0.624529 0.649809 0.378906 0.503906
60 -37.891106 -0.348260 91.463127 -0.834263 -0.551240 0.011814 0.410156 0.503906
body.png
60 -37.891106 -0.348260 91.463127 -0.834263 -0.551240 0.011814 0.410156 0.503906
60 -32.210609 0.093620 92.715820 0.433257 -0.624529 0.649809 0.378906 0.503906
60 -38.634781 5.550710 93.261490 -0.911819 -0.234042 0.337357 0.410156 0.537109
body.png
60 -32.210609 0.093620 92.715820 0.433257 -0.624529 0.649809 0.378906 0.503906
60 -32.851734 6.329490 94.455185 0.284320 0.312665 0.906313 0.373047 0.537109
60 -38.634781 5.550710 93.261490 -0.911819 -0.234042 0.337357 0.410156 0.537109
body.png
60 -38.634781 5.550710 93.261490 -0.911819 -0.234042 0.337357 0.410156 0.537109
60 -32.851734 6.329490 94.455185 0.284320 0.312665 0.906313 0.373047 0.537109
60 -38.872520 9.538520 90.110962 -0.912252 0.165749 0.374598 0.412109 0.562500
body.png
60 -32.851734 6.329490 94.455185 0.284320 0.312665 0.906313 0.373047 0.537109
60 -33.290215 10.750925 90.253860 0.254850 0.928165 0.271221 0.373047 0.568359
60 -38.872520 9.538520 90.110962 -0.912252 0.165749 0.374598 0.412109 0.562500
body.png
60 -38.872520 9.538520 90.110962 -0.912252 0.165749 0.374598 0.412109 0.562500
60 -33.290215 10.750925 90.253860 0.254850 0.928165 0.271221 0.373047 0.568359
60 -38.177544 9.091570 84.826111 -0.913488 0.369109 -0.171166 0.412109 0.587891
body.png
60 -33.290215 10.750925 90.253860 0.254850 0.928165 0.271221 0.373047 0.568359
60 -33.001175 9.521805 84.754707 0.441489 0.712314 -0.545616 0.380859 0.597656
60 -38.177544 9.091570 84.826111 -0.913488 0.369109 -0.171166 0.412109 0.587891
body.png
60 -38.177544 9.091570 84.826111 -0.913488 0.369109 -0.171166 0.412109 0.587891
60 -33.001175 9.521805 84.754707 0.441489 0.712314 -0.545616 0.380859 0.597656
60 -37.505043 3.181400 82.246841 -0.584518 0.313323 -0.748443 0.427734 0.621094
body.png
60 -33.001175 9.521805 84.754707 0.441489 0.712314 -0.545616 0.380859 0.597656
60 -32.294434 4.025040 81.756607 0.588511 0.459922 -0.664926 0.390625 0.634766
60 -37.505043 3.181400 82.246841 -0.584518 0.313323 -0.748443 0.427734 0.621094
body.png
60 -37.505043 3.181400 82.246841 -0.998849 0.008625 -0.047177 0.416016 0.439453
60 -37.434101 -1.585365 86.083237 -0.813085 -0.413042 -0.410230 0.412109 0.474609
37 -36.401279 1.204275 86.840126 -0.916702 0.348706 0.195095 0.425781 0.476563
body.png
37 -36.401279 1.204275 86.840126 -0.916702 0.348706 0.195095 0.425781 0.476563
60 -37.434101 -1.585365 86.083237 -0.813085 -0.413042 -0.410230 0.412109 0.474609
37 -36.618855 1.696000 89.820625 -0.908380 0.296120 -0.295227 0.425781 0.501953
body.png
60 -37.434101 -1.585365 86.083237 -0.813085 -0.413042 -0.410230 0.412109 0.474609
60 -37.891106 -0.348260 91.463127 -0.834263 -0.551240 0.011814 0.410156 0.503906
37 -36.618855 1.696000 89.820625 -0.908380 0.296120 -0.295227 0.425781 0.501953
body.png
37 -36.618855 1.696000 89.820625 -0.908380 0.296120 -0.295227 0.425781 0.501953
60 -37.891106 -0.348260 91.463127 -0.834263 -0.551240 0.011814 0.410156 0.503906
37 -37.022434 5.318200 90.861908 -0.831870 -0.080391 -0.549117 0.427734 0.531250
body.png
60 -37.891106 -0.348260 91.463127 -0.834263 -0.551240 0.011814 0.410156 0.503906
60 -38.634781 5.550710 93.261490 -0.911819 -0.234042 0.337357 0.410156 0.537109
37 -37.022434 5.318200 90.861908 -0.831870 -0.080391 -0.549117 0.427734 0.531250
body.png
37 -37.022434 5.318200 90.861908 -0.831870 -0.080391 -0.549117 0.427734 0.531250
60 -38.634781 5.550710 93.261490 -0.911819 -0.234042 0.337357 0.410156 0.537109
37 -37.106277 7.846670 89.094910 -0.766333 -0.590537 -0.252984 0.429688 0.558594
body.png
60 -38.634781 5.550710 93.261490 -0.911819 -0.234042 0.337357 0.410156 0.537109
60 -38.872520 9.538520 90.110962 -0.912252 0.165749 0.374598 0.412109 0.562500
37 -37.106277 7.846670 89.094910 -0.766333 -0.590537 -0.252984 0.429688 0.558594
body.png
37 -37.106277 7.846670 89.094910 -0.766333 -0.590537 -0.252984 0.429688 0.558594
60 -38.872520 9.538520 90.110962 -0.912252 0.165749 0.374598 0.412109 0.562500
37 -36.626976 6.336750 86.348465 -0.800254 -0.568338 0.191276 0.435547 0.582031
body.png
60 -38.872520 9.538520 90.110962 -0.912252 0.165749 0.374598 0.412109 0.562500
60 -38.177544 9.091570 84.826111 -0.913488 0.369109 -0.171166 0.412109 0.587891
37 -36.626976 6.336750 86.348465 -0.800254 -0.568338 0.191276 0.435547 0.582031
body.png
37 -36.626976 6.336750 86.348465 -0.800254 -0.568338 0.191276 0.435547 0.582031
60 -38.177544 9.091570 84.826111 -0.913488 0.369109 -0.171166 0.412109 0.587891
37 -36.014080 3.682790 85.098129 -0.862138 -0.325312 0.388447 0.443359 0.601563
body.png
60 -38.177544 9.091570 84.826111 -0.913488 0.369109 -0.171166 0.412109 0.587891
60 -37.505043 3.181400 82.246841 -0.584518 0.313323 -0.748443 0.427734 0.621094
37 -36.014080 3.682790 85.098129 -0.862138 -0.325312 0.388447 0.443359 0.601563
body.png
13 -0.033655 -9.012875 89.971954 -0.001302 -0.988937 0.148328 0.164063 0.404297
13 6.323825 -7.151485 90.606522 0.441506 -0.879634 0.176966 0.205078 0.416016
13 -0.028025 -7.375710 95.317009 -0.000365 -0.956756 0.290893 0.164063 0.433594
body.png
13 -0.028025 -7.375710 95.317009 -0.000365 -0.956756 0.290893 0.164063 0.433594
13 6.323825 -7.151485 90.606522 0.441506 -0.879634 0.176966 0.205078 0.416016
13 6.880650 -5.192155 96.567932 0.494424 -0.814534 0.303445 0.203125 0.447266
body.png
13 6.323825 -7.151485 90.606522 0.441506 -0.879634 0.176966 0.205078 0.416016
13 11.644731 -1.985145 91.053078 0.544491 -0.835169 0.077599 0.246094 0.429688
13 6.880650 -5.192155 96.567932 0.494424 -0.814534 0.303445 0.203125 0.447266
body.png
13 6.880650 -5.192155 96.567932 0.494424 -0.814534 0.303445 0.203125 0.447266
13 11.644731 -1.985145 91.053078 0.544491 -0.835169 0.077599 0.246094 0.429688
13 14.355470 1.040995 99.304703 0.592028 -0.486509 0.642505 0.240234 0.492188
body.png
13 11.644731 -1.985145 91.053078 0.544491 -0.835169 0.077599 0.246094 0.429688
17 17.796076 1.821175 96.461853 0.476288 -0.599541 0.643196 0.265625 0.488281
13 14.355470 1.040995 99.304703 0.592028 -0.486509 0.642505 0.240234 0.492188
body.png
13 14.355470 1.040995 99.304703 0.592028 -0.486509 0.642505 0.240234 0.492188
17 17.796076 1.821175 96.461853 0.476288 -0.599541 0.643196 0.265625 0.488281
17 16.902401 8.577280 97.685104 0.492918 0.352010 0.795689 0.257813 0.535156
body.png
17 17.796076 1.821175 96.461853 0.476288 -0.599541 0.643196 0.265625 0.488281
17 20.537815 8.519315 96.087334 0.354696 0.510217 0.783498 0.281250 0.535156
17 16.902401 8.577280 97.685104 0.492918 0.352010 0.795689 0.257813 0.535156
body.png
17 16.902401 8.577280 97.685104 0.492918 0.352010 0.795689 0.257813 0.535156
17 20.537815 8.519315 96.087334 0.354696 0.510217 0.783498 0.281250 0.535156
13 12.600414 11.872086 93.748657 0.042059 0.969791 0.240286 0.236328 0.576172
body.png
17 20.537815 8.519315 96.087334 0.354696 0.510217 0.783498 0.281250 0.535156
17 18.178190 11.464105 91.428421 0.045567 0.998898 0.011217 0.275391 0.576172
13 12.600414 11.872086 93.748657 0.042059 0.969791 0.240286 0.236328 0.576172
body.png
13 12.600414 11.872086 93.748657 0.042059 0.969791 0.240286 0.236328 0.576172
17 18.178190 11.464105 91.428421 0.045567 0.998898 0.011217 0.275391 0.576172
11 11.994210 9.864205 85.087082 0.151875 0.805109 -0.573353 0.246094 0.632813
body.png
17 18.178190 11.464105 91.428421 0.045567 0.998898 0.011217 0.275391 0.576172
17 17.772020 10.233801 84.855080 -0.035521 0.674955 -0.737003 0.283203 0.619141
11 11.994210 9.864205 85.087082 0.151875 0.805109 -0.573353 0.246094 0.632813
body.png
18 36.381027 1.167040 86.833611 0.054233 -0.984334 0.167765 0.095703 0.472656
19 38.691422 1.333480 87.063301 -0.092452 -0.941660 0.323617 0.093750 0.494141
18 36.643120 1.691885 89.828331 0.093380 -0.837707 0.538077 0.078125 0.476563
body.png
18 36.643120 1.691885 89.828331 0.093380 -0.837707 0.538077 0.078125 0.476563
19 38.691422 1.333480 87.063301 -0.092452 -0.941660 0.323617 0.093750 0.494141
19 38.886700 2.266625 90.044258 -0.077614 -0.561333 0.823943 0.072266 0.496094
body.png
19 38.691422 1.333480 87.063301 -0.092452 -0.941660 0.323617 0.093750 0.494141
19 43.322632 -0.314750 87.150909 -0.090144 -0.914598 0.394189 0.101563 0.535156
19 38.886700 2.266625 90.044258 -0.077614 -0.561333 0.823943 0.072266 0.496094
body.png
19 38.886700 2.266625 90.044258 -0.077614 -0.561333 0.823943 0.072266 0.496094
19 43.322632 -0.314750 87.150909 -0.090144 -0.914598 0.394189 0.101563 0.535156
19 43.931999 0.425950 90.389740 -0.062228 -0.657322 0.751036 0.083984 0.541016
body.png
19 43.322632 -0.314750 87.150909 -0.090144 -0.914598 0.394189 0.101563 0.535156
20 46.444839 -0.256305 87.884125 -0.120891 -0.981867 0.146025 0.093750 0.560547
19 43.931999 0.425950 90.389740 -0.062228 -0.657322 0.751036 0.083984 0.541016
body.png
19 43.931999 0.425950 90.389740 -0.062228 -0.657322 0.751036 0.083984 0.541016
20 46.444839 -0.256305 87.884125 -0.120891 -0.981867 0.146025 0.093750 0.560547
20 46.053616 0.029725 89.976395 0.070796 -0.579456 0.811923 0.085938 0.560547
body.png
20 46.444839 -0.256305 87.884125 -0.120891 -0.981867 0.146025 0.093750 0.560547
23 48.923973 -0.517365 89.304184 0.193543 -0.525363 0.828574 0.093750 0.585938
20 46.053616 0.029725 89.976395 0.070796 -0.579456 0.811923 0.085938 0.560547
body.png
20 46.053616 0.029725 89.976395 0.070796 -0.579456 0.811923 0.085938 0.560547
23 48.923973 -0.517365 89.304184 0.193543 -0.525363 0.828574 0.093750 0.585938
23 49.493946 0.721580 89.291946 0.304553 -0.150619 0.940511 0.078125 0.589844
body.png
23 48.923973 -0.517365 89.304184 0.193543 -0.525363 0.828574 0.093750 0.585938
24 51.438072 -0.817545 88.084717 0.471930 -0.212631 0.855611 0.095703 0.609375
23 49.493946 0.721580 89.291946 0.304553 -0.150619 0.940511 0.078125 0.589844
body.png
23 49.493946 0.721580 89.291946 0.304553 -0.150619 0.940511 0.078125 0.589844
24 51.438072 -0.817545 88.084717 0.471930 -0.212631 0.855611 0.095703 0.609375
24 51.664806 0.127775 88.234604 0.465325 -0.246405 0.850151 0.082031 0.609375
body.png
24 51.438072 -0.817545 88.084717 0.471930 -0.212631 0.855611 0.095703 0.609375
25 53.317482 -0.196505 86.979431 0.547161 -0.217158 0.808367 0.083984 0.625000
24 51.664806 0.127775 88.234604 0.465325 -0.246405 0.850151 0.082031 0.609375
body.png
27 51.483997 2.599580 87.534294 0.164355 0.985889 -0.031778 0.087891 0.439453
26 48.297009 3.160680 87.787430 0.024035 0.726209 -0.687054 0.091797 0.412109
26 48.873306 3.089000 89.279999 0.160609 0.986910 -0.014617 0.091797 0.417969
body.png
26 48.873306 3.089000 89.279999 0.160609 0.986910 -0.014617 0.091797 0.417969
26 48.297009 3.160680 87.787430 0.024035 0.726209 -0.687054 0.091797 0.412109
20 46.405029 3.469025 89.991333 0.980439 -0.091529 -0.174246 0.093750 0.396484
body.png
26 48.297009 3.160680 87.787430 0.024035 0.726209 -0.687054 0.091797 0.412109
20 46.240532 3.619680 87.624321 0.242849 -0.003629 -0.970057 0.093750 0.394531
20 46.405029 3.469025 89.991333 0.980439 -0.091529 -0.174246 0.093750 0.396484
body.png
20 46.405029 3.469025 89.991333 0.980439 -0.091529 -0.174246 0.093750 0.396484
20 46.240532 3.619680 87.624321 0.242849 -0.003629 -0.970057 0.093750 0.394531
29 48.001846 3.568245 87.769806 -0.098965 -0.875277 -0.473388 0.095703 0.408203
body.png
20 46.240532 3.619680 87.624321 0.242849 -0.003629 -0.970057 0.093750 0.394531
29 48.041805 5.320195 87.809486 -0.044969 0.739862 -0.671254 0.113281 0.408203
29 48.001846 3.568245 87.769806 -0.098965 -0.875277 -0.473388 0.095703 0.408203
body.png
29 48.001846 3.568245 87.769806 -0.098965 -0.875277 -0.473388 0.095703 0.408203
29 48.041805 5.320195 87.809486 -0.044969 0.739862 -0.671254 0.113281 0.408203
30 50.019436 3.631845 86.716225 -0.411020 -0.668873 -0.619412 0.097656 0.425781
body.png
29 48.041805 5.320195 87.809486 -0.044969 0.739862 -0.671254 0.113281 0.408203
30 49.997551 5.082535 86.766441 -0.379849 0.733963 -0.563038 0.111328 0.423828
30 50.019436 3.631845 86.716225 -0.411020 -0.668873 -0.619412 0.097656 0.425781
body.png
30 50.019436 3.631845 86.716225 -0.411020 -0.668873 -0.619412 0.097656 0.425781
30 49.997551 5.082535 86.766441 -0.379849 0.733963 -0.563038 0.111328 0.423828
31 51.795929 3.696705 84.700935 -0.451939 -0.268314 -0.850740 0.099609 0.441406
body.png
30 49.997551 5.082535 86.766441 -0.379849 0.733963 -0.563038 0.111328 0.423828
31 51.644474 4.695460 84.905975 -0.075493 0.430108 -0.899616 0.109375 0.439453
31 51.795929 3.696705 84.700935 -0.451939 -0.268314 -0.850740 0.099609 0.441406
body.png
31 51.795929 3.696705 84.700935 -0.451939 -0.268314 -0.850740 0.099609 0.441406
31 51.644474 4.695460 84.905975 -0.075493 0.430108 -0.899616 0.109375 0.439453
31 52.736858 3.654260 84.993095 0.125613 -0.633344 -0.763608 0.099609 0.449219
body.png
31 51.644474 4.695460 84.905975 -0.075493 0.430108 -0.899616 0.109375 0.439453
31 52.627586 4.608070 85.021507 0.163861 0.860530 -0.482325 0.109375 0.447266
31 52.736858 3.654260 84.993095 0.125613 -0.633344 -0.763608 0.099609 0.449219
body.png
30 50.995411 4.930230 87.270004 0.143686 0.989612 0.004797 0.111328 0.433594
29 48.041805 5.320195 87.809486 -0.044969 0.739862 -0.671254 0.113281 0.408203
29 48.694340 5.221960 89.158394 0.120507 0.992614 0.013993 0.113281 0.414063
body.png
29 48.694340 5.221960 89.158394 0.120507 0.992614 0.013993 0.113281 0.414063
29 48.041805 5.320195 87.809486 -0.044969 0.739862 -0.671254 0.113281 0.408203
20 46.318352 5.465245 89.981827 0.889089 0.037087 -0.456229 0.113281 0.394531
body.png
29 48.041805 5.320195 87.809486 -0.044969 0.739862 -0.671254 0.113281 0.408203
20 46.140961 5.567770 87.618980 0.155197 0.013308 -0.987794 0.113281 0.392578
20 46.318352 5.465245 89.981827 0.889089 0.037087 -0.456229 0.113281 0.394531
body.png
20 46.318352 5.465245 89.981827 0.889089 0.037087 -0.456229 0.113281 0.394531
20 46.140961 5.567770 87.618980 0.155197 0.013308 -0.987794 0.113281 0.392578
32 47.493912 5.778905 87.409813 -0.131046 -0.833320 -0.537033 0.117188 0.402344
body.png
20 46.140961 5.567770 87.618980 0.155197 0.013308 -0.987794 0.113281 0.392578
32 47.698723 7.137120 87.438133 -0.158944 0.636356 -0.754843 0.130859 0.404297
32 47.493912 5.778905 87.409813 -0.131046 -0.833320 -0.537033 0.117188 0.402344
body.png
32 47.493912 5.778905 87.409813 -0.131046 -0.833320 -0.537033 0.117188 0.402344
32 47.698723 7.137120 87.438133 -0.158944 0.636356 -0.754843 0.130859 0.404297
33 48.938847 5.805755 86.791466 -0.416063 -0.645466 -0.640520 0.117188 0.414063
body.png
32 47.698723 7.137120 87.438133 -0.158944 0.636356 -0.754843 0.130859 0.404297
33 49.050560 6.999525 86.742126 -0.372861 0.726739 -0.576910 0.130859 0.414063
33 48.938847 5.805755 86.791466 -0.416063 -0.645466 -0.640520 0.117188 0.414063
body.png
33 48.938847 5.805755 86.791466 -0.416063 -0.645466 -0.640520 0.117188 0.414063
33 49.050560 6.999525 86.742126 -0.372861 0.726739 -0.576910 0.130859 0.414063
34 50.256752 5.821200 85.284836 -0.504007 -0.294847 -0.811814 0.119141 0.425781
body.png
33 49.050560 6.999525 86.742126 -0.372861 0.726739 -0.576910 0.130859 0.414063
34 50.255859 6.576820 85.324059 -0.181111 0.316316 -0.931205 0.126953 0.425781
34 50.256752 5.821200 85.284836 -0.504007 -0.294847 -0.811814 0.119141 0.425781
body.png
34 50.256752 5.821200 85.284836 -0.504007 -0.294847 -0.811814 0.119141 0.425781
34 50.255859 6.576820 85.324059 -0.181111 0.316316 -0.931205 0.126953 0.425781
34 51.347534 5.723880 85.399841 -0.020129 -0.682513 -0.730596 0.119141 0.435547
body.png
34 50.255859 6.576820 85.324059 -0.181111 0.316316 -0.931205 0.126953 0.425781
34 51.382309 6.471790 85.333397 0.120916 0.819998 -0.559448 0.126953 0.435547
34 51.347534 5.723880 85.399841 -0.020129 -0.682513 -0.730596 0.119141 0.435547
body.png
20 46.248859 7.138745 89.897774 0.004192 0.999733 0.022717 0.128906 0.390625
20 46.058582 7.193140 87.539101 0.021451 0.904809 -0.425276 0.128906 0.390625
19 43.402611 6.955265 90.373161 -0.033789 0.999045 0.027714 0.125000 0.367188
body.png
19 43.402611 6.955265 90.373161 -0.033789 0.999045 0.027714 0.125000 0.367188
20 46.058582 7.193140 87.539101 0.021451 0.904809 -0.425276 0.128906 0.390625
19 43.170151 7.042105 87.059418 0.154750 0.599640 -0.785165 0.125000 0.365234
body.png
20 46.058582 7.193140 87.539101 0.021451 0.904809 -0.425276 0.128906 0.390625
20 46.140961 5.567770 87.618980 0.155197 0.013308 -0.987794 0.113281 0.392578
19 43.170151 7.042105 87.059418 0.154750 0.599640 -0.785165 0.125000 0.365234
body.png
19 43.170151 7.042105 87.059418 0.154750 0.599640 -0.785165 0.125000 0.365234
20 46.140961 5.567770 87.618980 0.155197 0.013308 -0.987794 0.113281 0.392578
19 44.231281 2.111220 86.784851 0.401453 0.161037 -0.901611 0.076172 0.378906
body.png
20 46.140961 5.567770 87.618980 0.155197 0.013308 -0.987794 0.113281 0.392578
20 46.240532 3.619680 87.624321 0.242849 -0.003629 -0.970057 0.093750 0.394531
19 44.231281 2.111220 86.784851 0.401453 0.161037 -0.901611 0.076172 0.378906
body.png
19 44.231281 2.111220 86.784851 0.401453 0.161037 -0.901611 0.076172 0.378906
20 46.240532 3.619680 87.624321 0.242849 -0.003629 -0.970057 0.093750 0.394531
20 46.305725 1.736690 87.675262 0.280934 -0.017407 -0.959569 0.074219 0.396484
body.png
20 46.240532 3.619680 87.624321 0.242849 -0.003629 -0.970057 0.093750 0.394531
26 48.297009 3.160680 87.787430 0.024035 0.726209 -0.687054 0.091797 0.412109
20 46.305725 1.736690 87.675262 0.280934 -0.017407 -0.959569 0.074219 0.396484
body.png
20 46.305725 1.736690 87.675262 0.280934 -0.017407 -0.959569 0.074219 0.396484
26 48.297009 3.160680 87.787430 0.024035 0.726209 -0.687054 0.091797 0.412109
26 48.162212 1.551790 87.661713 -0.167537 -0.863993 -0.474814 0.074219 0.412109
body.png
26 48.297009 3.160680 87.787430 0.024035 0.726209 -0.687054 0.091797 0.412109
27 50.556168 1.250880 86.867104 -0.366488 -0.674156 -0.641249 0.074219 0.431641
26 48.162212 1.551790 87.661713 -0.167537 -0.863993 -0.474814 0.074219 0.412109
body.png
26 48.162212 1.551790 87.661713 -0.167537 -0.863993 -0.474814 0.074219 0.412109
27 50.556168 1.250880 86.867104 -0.366488 -0.674156 -0.641249 0.074219 0.431641
27 51.436340 1.185285 87.536812 -0.091464 -0.995678 -0.016104 0.074219 0.439453
body.png
27 50.556168 1.250880 86.867104 -0.366488 -0.674156 -0.641249 0.074219 0.431641
28 53.634510 1.142180 85.259857 0.309453 -0.664028 -0.680665 0.074219 0.458984
27 51.436340 1.185285 87.536812 -0.091464 -0.995678 -0.016104 0.074219 0.439453
body.png
44 -53.269466 -0.215715 86.954308 -0.568586 -0.201475 0.797570 0.083984 0.625000
43 -51.441154 -0.843865 88.099030 -0.487573 -0.201735 0.849456 0.095703 0.609375
43 -51.638290 0.149765 88.226860 -0.490208 -0.206206 0.846862 0.082031 0.609375
body.png
43 -51.638290 0.149765 88.226860 -0.490208 -0.206206 0.846862 0.082031 0.609375
43 -51.441154 -0.843865 88.099030 -0.487573 -0.201735 0.849456 0.095703 0.609375
42 -49.449200 0.728295 89.347534 -0.306541 -0.156014 0.938985 0.078125 0.589844
body.png
43 -51.441154 -0.843865 88.099030 -0.487573 -0.201735 0.849456 0.095703 0.609375
42 -48.940334 -0.508775 89.290855 -0.190986 -0.550093 0.812971 0.093750 0.585938
42 -49.449200 0.728295 89.347534 -0.306541 -0.156014 0.938985 0.078125 0.589844
body.png
42 -49.449200 0.728295 89.347534 -0.306541 -0.156014 0.938985 0.078125 0.589844
42 -48.940334 -0.508775 89.290855 -0.190986 -0.550093 0.812971 0.093750 0.585938
39 -46.045223 -0.001630 89.989777 -0.074149 -0.589702 0.804210 0.085938 0.560547
body.png
42 -48.940334 -0.508775 89.290855 -0.190986 -0.550093 0.812971 0.093750 0.585938
39 -46.463528 -0.254835 87.898514 0.115241 -0.984430 0.132729 0.093750 0.560547
39 -46.045223 -0.001630 89.989777 -0.074149 -0.589702 0.804210 0.085938 0.560547
body.png
39 -46.045223 -0.001630 89.989777 -0.074149 -0.589702 0.804210 0.085938 0.560547
39 -46.463528 -0.254835 87.898514 0.115241 -0.984430 0.132729 0.093750 0.560547
38 -43.913685 0.395535 90.433350 0.057180 -0.657669 0.751134 0.083984 0.541016
body.png
39 -46.463528 -0.254835 87.898514 0.115241 -0.984430 0.132729 0.093750 0.560547
38 -43.305470 -0.324005 87.192619 0.086075 -0.916680 0.390241 0.101563 0.535156
38 -43.913685 0.395535 90.433350 0.057180 -0.657669 0.751134 0.083984 0.541016
body.png
38 -43.913685 0.395535 90.433350 0.057180 -0.657669 0.751134 0.083984 0.541016
38 -43.305470 -0.324005 87.192619 0.086075 -0.916680 0.390241 0.101563 0.535156
38 -38.875999 2.251360 90.079620 0.084749 -0.560247 0.823979 0.072266 0.496094
body.png
38 -43.305470 -0.324005 87.192619 0.086075 -0.916680 0.390241 0.101563 0.535156
38 -38.645130 1.345245 87.051727 0.100628 -0.943626 0.315347 0.093750 0.494141
38 -38.875999 2.251360 90.079620 0.084749 -0.560247 0.823979 0.072266 0.496094
body.png
38 -38.875999 2.251360 90.079620 0.084749 -0.560247 0.823979 0.072266 0.496094
38 -38.645130 1.345245 87.051727 0.100628 -0.943626 0.315347 0.093750 0.494141
37 -36.618855 1.696000 89.820625 -0.078464 -0.843258 0.531751 0.078125 0.476563
body.png
38 -38.645130 1.345245 87.051727 0.100628 -0.943626 0.315347 0.093750 0.494141
37 -36.401279 1.204275 86.840126 -0.046934 -0.986120 0.159265 0.095703 0.472656
37 -36.618855 1.696000 89.820625 -0.078464 -0.843258 0.531751 0.078125 0.476563
body.png
47 -53.590717 2.193290 85.284271 -0.273064 0.856391 -0.438214 0.085938 0.457031
47 -52.762699 2.302585 84.972122 -0.121278 0.410329 -0.903837 0.085938 0.451172
47 -53.617004 1.132990 85.275764 -0.266649 -0.673666 -0.689255 0.074219 0.458984
body.png
47 -53.617004 1.132990 85.275764 -0.266649 -0.673666 -0.689255 0.074219 0.458984
47 -52.762699 2.302585 84.972122 -0.121278 0.410329 -0.903837 0.085938 0.451172
47 -52.884735 1.174870 84.846191 0.321538 -0.294523 -0.899927 0.074219 0.451172
body.png
47 -52.762699 2.302585 84.972122 -0.121278 0.410329 -0.903837 0.085938 0.451172
46 -50.555920 2.695795 86.919922 0.285130 0.732777 -0.617850 0.087891 0.431641
47 -52.884735 1.174870 84.846191 0.321538 -0.294523 -0.899927 0.074219 0.451172
body.png
47 -52.884735 1.174870 84.846191 0.321538 -0.294523 -0.899927 0.074219 0.451172
46 -50.555920 2.695795 86.919922 0.285130 0.732777 -0.617850 0.087891 0.431641
46 -50.538425 1.281440 86.823494 0.375916 -0.657107 -0.653373 0.074219 0.431641
body.png
46 -50.555920 2.695795 86.919922 0.285130 0.732777 -0.617850 0.087891 0.431641
45 -48.319645 3.122545 87.773476 -0.016810 0.719421 -0.694371 0.091797 0.412109
46 -50.538425 1.281440 86.823494 0.375916 -0.657107 -0.653373 0.074219 0.431641
body.png
46 -50.538425 1.281440 86.823494 0.375916 -0.657107 -0.653373 0.074219 0.431641
45 -48.319645 3.122545 87.773476 -0.016810 0.719421 -0.694371 0.091797 0.412109
45 -48.150375 1.567960 87.689209 0.171423 -0.856779 -0.486357 0.074219 0.412109
body.png
45 -48.319645 3.122545 87.773476 -0.016810 0.719421 -0.694371 0.091797 0.412109
39 -46.292896 1.726745 87.671082 -0.282190 -0.014927 -0.959242 0.074219 0.396484
45 -48.150375 1.567960 87.689209 0.171423 -0.856779 -0.486357 0.074219 0.412109
body.png
45 -48.150375 1.567960 87.689209 0.171423 -0.856779 -0.486357 0.074219 0.412109
39 -46.292896 1.726745 87.671082 -0.282190 -0.014927 -0.959242 0.074219 0.396484
39 -46.471802 1.565270 90.043190 -0.980718 -0.183372 -0.067583 0.074219 0.398438
body.png
39 -46.292896 1.726745 87.671082 -0.282190 -0.014927 -0.959242 0.074219 0.396484
42 -49.266834 0.857320 88.301071 -0.143982 0.814920 -0.561404 0.068359 0.421875
39 -46.471802 1.565270 90.043190 -0.980718 -0.183372 -0.067583 0.074219 0.398438
body.png
39 -46.471802 1.565270 90.043190 -0.980718 -0.183372 -0.067583 0.074219 0.398438
42 -49.266834 0.857320 88.301071 -0.143982 0.814920 -0.561404 0.068359 0.421875
42 -49.449200 0.728295 89.347534 -0.285969 0.955822 0.068014 0.068359 0.423828
body.png
42 -49.266834 0.857320 88.301071 -0.143982 0.814920 -0.561404 0.068359 0.421875
43 -51.638290 0.149765 88.226860 -0.290800 0.951737 0.098147 0.064453 0.443359
42 -49.449200 0.728295 89.347534 -0.285969 0.955822 0.068014 0.068359 0.423828
body.png
50 -52.603664 4.607720 85.025406 -0.176912 0.865615 -0.468415 0.109375 0.447266
50 -51.656956 4.714045 84.893341 0.074098 0.407498 -0.910195 0.109375 0.439453
50 -52.716637 3.642810 84.990990 -0.094027 -0.629593 -0.771214 0.099609 0.449219
body.png
50 -52.716637 3.642810 84.990990 -0.094027 -0.629593 -0.771214 0.099609 0.449219
50 -51.656956 4.714045 84.893341 0.074098 0.407498 -0.910195 0.109375 0.439453
50 -51.807205 3.739105 84.753998 0.457493 -0.294710 -0.838956 0.099609 0.441406
body.png
50 -51.656956 4.714045 84.893341 0.074098 0.407498 -0.910195 0.109375 0.439453
49 -49.994644 5.062160 86.761711 0.389843 0.724825 -0.568024 0.111328 0.423828
50 -51.807205 3.739105 84.753998 0.457493 -0.294710 -0.838956 0.099609 0.441406
body.png
50 -51.807205 3.739105 84.753998 0.457493 -0.294710 -0.838956 0.099609 0.441406
49 -49.994644 5.062160 86.761711 0.389843 0.724825 -0.568024 0.111328 0.423828
49 -50.006126 3.654200 86.757416 0.422568 -0.654444 -0.627009 0.097656 0.425781
body.png
49 -49.994644 5.062160 86.761711 0.389843 0.724825 -0.568024 0.111328 0.423828
48 -48.046726 5.313175 87.863228 0.045805 0.744865 -0.665641 0.113281 0.408203
49 -50.006126 3.654200 86.757416 0.422568 -0.654444 -0.627009 0.097656 0.425781
body.png
49 -50.006126 3.654200 86.757416 0.422568 -0.654444 -0.627009 0.097656 0.425781
48 -48.046726 5.313175 87.863228 0.045805 0.744865 -0.665641 0.113281 0.408203
48 -47.963734 3.610220 87.773468 0.109565 -0.862796 -0.493537 0.095703 0.408203
body.png
48 -48.046726 5.313175 87.863228 0.045805 0.744865 -0.665641 0.113281 0.408203
39 -46.209713 3.613595 87.651917 -0.250801 0.004232 -0.968029 0.093750 0.394531
48 -47.963734 3.610220 87.773468 0.109565 -0.862796 -0.493537 0.095703 0.408203
body.png
48 -47.963734 3.610220 87.773468 0.109565 -0.862796 -0.493537 0.095703 0.408203
39 -46.209713 3.613595 87.651917 -0.250801 0.004232 -0.968029 0.093750 0.394531
39 -46.395679 3.501410 90.019470 -0.944249 -0.093516 -0.315672 0.093750 0.396484
body.png
39 -46.209713 3.613595 87.651917 -0.250801 0.004232 -0.968029 0.093750 0.394531
45 -48.319645 3.122545 87.773476 -0.016810 0.719421 -0.694371 0.091797 0.412109
39 -46.395679 3.501410 90.019470 -0.944249 -0.093516 -0.315672 0.093750 0.396484
body.png
39 -46.395679 3.501410 90.019470 -0.944249 -0.093516 -0.315672 0.093750 0.396484
45 -48.319645 3.122545 87.773476 -0.016810 0.719421 -0.694371 0.091797 0.412109
45 -48.895462 3.078305 89.272301 -0.159260 0.986716 -0.032060 0.091797 0.417969
body.png
45 -48.319645 3.122545 87.773476 -0.016810 0.719421 -0.694371 0.091797 0.412109
46 -51.483311 2.600295 87.581978 -0.151950 0.986929 -0.053696 0.087891 0.439453
45 -48.895462 3.078305 89.272301 -0.159260 0.986716 -0.032060 0.091797 0.417969
body.png
15 6.991410 -5.497840 120.616295 0.456483 -0.534891 -0.710996 0.804688 0.712891
15 8.055455 -2.073050 119.809387 0.761963 -0.444033 -0.471431 0.791016 0.755859
54 10.358879 -6.381535 123.443138 0.776615 -0.618406 -0.120178 0.775391 0.712891
body.png
54 10.358879 -6.381535 123.443138 0.776615 -0.618406 -0.120178 0.775391 0.712891
15 8.055455 -2.073050 119.809387 0.761963 -0.444033 -0.471431 0.791016 0.755859
15 8.156665 -1.581630 123.980515 0.961614 -0.260943 0.084894 0.748047 0.742188
body.png
15 8.055455 -2.073050 119.809387 0.761963 -0.444033 -0.471431 0.791016 0.755859
54 11.486330 0.337885 122.398773 0.986520 -0.026396 -0.161499 0.761719 0.777344
15 8.156665 -1.581630 123.980515 0.961614 -0.260943 0.084894 0.748047 0.742188
body.png
15 8.156665 -1.581630 123.980515 0.961614 -0.260943 0.084894 0.748047 0.742188
54 11.486330 0.337885 122.398773 0.986520 -0.026396 -0.161499 0.761719 0.777344
15 8.577110 3.367330 121.987152 0.983326 0.177945 0.037492 0.746094 0.800781
body.png
54 11.486330 0.337885 122.398773 0.986520 -0.026396 -0.161499 0.761719 0.777344
15 7.725890 2.905415 118.467270 0.717792 0.130072 -0.684000 0.792969 0.812500
15 8.577110 3.367330 121.987152 0.983326 0.177945 0.037492 0.746094 0.800781
body.png
15 8.577110 3.367330 121.987152 0.983326 0.177945 0.037492 0.746094 0.800781
15 7.725890 2.905415 118.467270 0.717792 0.130072 -0.684000 0.792969 0.812500
55 10.319304 6.324655 118.943214 0.558418 0.112650 -0.821876 0.761719 0.828125
body.png
15 7.725890 2.905415 118.467270 0.717792 0.130072 -0.684000 0.792969 0.812500
15 7.430449 4.040040 118.685989 0.841609 0.331593 -0.426310 0.791016 0.828125
55 10.319304 6.324655 118.943214 0.558418 0.112650 -0.821876 0.761719 0.828125
body.png
55 10.319304 6.324655 118.943214 0.558418 0.112650 -0.821876 0.761719 0.828125
15 7.430449 4.040040 118.685989 0.841609 0.331593 -0.426310 0.791016 0.828125
15 7.032535 4.529320 118.124954 0.392512 -0.105851 -0.913635 0.796875 0.837891
body.png
15 7.430449 4.040040 118.685989 0.841609 0.331593 -0.426310 0.791016 0.828125
55 8.062500 4.571965 117.237366 0.741764 0.634056 0.218537 0.798828 0.832031
15 7.032535 4.529320 118.124954 0.392512 -0.105851 -0.913635 0.796875 0.837891
body.png
15 7.032535 4.529320 118.124954 0.392512 -0.105851 -0.913635 0.796875 0.837891
55 8.062500 4.571965 117.237366 0.741764 0.634056 0.218537 0.798828 0.832031
15 7.725890 2.905415 118.467270 0.717792 0.130072 -0.684000 0.792969 0.812500
body.png
55 8.062500 4.571965 117.237366 0.741764 0.634056 0.218537 0.798828 0.832031
15 7.430449 4.040040 118.685989 0.841609 0.331593 -0.426310 0.791016 0.828125
15 7.725890 2.905415 118.467270 0.717792 0.130072 -0.684000 0.792969 0.812500
body.png
15 2.095450 8.150485 127.315567 0.154874 0.454910 0.876967 0.923828 0.873047
15 2.104605 10.176345 122.293785 0.206557 0.951059 0.229827 0.919922 0.927734
55 -0.908375 12.240765 127.311241 -0.047738 0.851252 0.522582 0.894531 0.892578
body.png
55 -0.908375 12.240765 127.311241 -0.047738 0.851252 0.522582 0.894531 0.892578
15 2.104605 10.176345 122.293785 0.206557 0.951059 0.229827 0.919922 0.927734
15 0.056085 10.549810 122.401382 0.003839 0.934202 0.356724 0.894531 0.925781
body.png
15 2.104605 10.176345 122.293785 0.206557 0.951059 0.229827 0.919922 0.927734
55 0.994930 12.765995 121.156845 0.041159 0.999011 0.016830 0.894531 0.949219
15 0.056085 10.549810 122.401382 0.003839 0.934202 0.356724 0.894531 0.925781
body.png
15 0.056085 10.549810 122.401382 0.003839 0.934202 0.356724 0.894531 0.925781
55 0.994930 12.765995 121.156845 0.041159 0.999011 0.016830 0.894531 0.949219
15 -2.045360 10.193171 122.293007 -0.202241 0.963828 0.173594 0.871094 0.927734
body.png
55 0.994930 12.765995 121.156845 0.041159 0.999011 0.016830 0.894531 0.949219
15 -2.052785 8.120815 117.099953 -0.024848 0.772044 -0.635083 0.867188 0.982422
15 -2.045360 10.193171 122.293007 -0.202241 0.963828 0.173594 0.871094 0.927734
body.png
15 -2.045360 10.193171 122.293007 -0.202241 0.963828 0.173594 0.871094 0.927734
15 -2.052785 8.120815 117.099953 -0.024848 0.772044 -0.635083 0.867188 0.982422
55 -4.758145 12.041660 121.646690 -0.479750 0.844184 -0.239152 0.851563 0.943359
body.png
15 -2.052785 8.120815 117.099953 -0.024848 0.772044 -0.635083 0.867188 0.982422
15 -3.399130 9.052404 117.695351 -0.376568 0.845123 -0.379426 0.855469 0.970703
55 -4.758145 12.041660 121.646690 -0.479750 0.844184 -0.239152 0.851563 0.943359
body.png
55 -4.758145 12.041660 121.646690 -0.479750 0.844184 -0.239152 0.851563 0.943359
15 -3.399130 9.052404 117.695351 -0.376568 0.845123 -0.379426 0.855469 0.970703
15 -3.604565 7.691910 117.251663 -0.828951 0.024777 -0.558773 0.845703 0.980469
body.png
15 -3.399130 9.052404 117.695351 -0.376568 0.845123 -0.379426 0.855469 0.970703
55 -3.519070 9.102525 116.404449 -0.381384 0.445201 -0.810150 0.855469 0.976563
15 -3.604565 7.691910 117.251663 -0.828951 0.024777 -0.558773 0.845703 0.980469
body.png
15 -3.604565 7.691910 117.251663 -0.828951 0.024777 -0.558773 0.845703 0.980469
55 -3.519070 9.102525 116.404449 -0.381384 0.445201 -0.810150 0.855469 0.976563
15 -2.052785 8.120815 117.099953 -0.024848 0.772044 -0.635083 0.867188 0.982422
body.png
55 -3.519070 9.102525 116.404449 -0.381384 0.445201 -0.810150 0.855469 0.976563
15 -3.399130 9.052404 117.695351 -0.376568 0.845123 -0.379426 0.855469 0.970703
15 -2.052785 8.120815 117.099953 -0.024848 0.772044 -0.635083 0.867188 0.982422
body.png
56 -6.378155 6.830975 111.248627 -0.608447 0.471362 -0.638444 0.943359 0.554688
15 -5.661945 5.639580 112.157547 -0.377590 0.296565 -0.877198 0.943359 0.541016
15 -6.915375 4.800500 112.256844 -0.230746 0.003137 -0.973009 0.957031 0.548828
body.png
15 -6.915375 4.800500 112.256844 -0.230746 0.003137 -0.973009 0.957031 0.548828
15 -5.661945 5.639580 112.157547 -0.377590 0.296565 -0.877198 0.943359 0.541016
15 -7.975245 2.389200 112.692505 -0.751660 -0.233624 -0.616788 0.974609 0.533203
body.png
15 -5.661945 5.639580 112.157547 -0.377590 0.296565 -0.877198 0.943359 0.541016
56 -6.939005 4.019505 108.307785 -0.686257 0.220621 -0.693093 0.951172 0.515625
15 -7.975245 2.389200 112.692505 -0.751660 -0.233624 -0.616788 0.974609 0.533203
body.png
15 -7.975245 2.389200 112.692505 -0.751660 -0.233624 -0.616788 0.974609 0.533203
56 -6.939005 4.019505 108.307785 -0.686257 0.220621 -0.693093 0.951172 0.515625
15 -6.523690 2.627885 109.643166 -0.269017 -0.350481 -0.897103 0.955078 0.511719
body.png
56 -6.939005 4.019505 108.307785 -0.686257 0.220621 -0.693093 0.951172 0.515625
15 -4.763600 5.097715 109.301079 -0.022504 -0.081387 -0.996428 0.935547 0.515625
15 -6.523690 2.627885 109.643166 -0.269017 -0.350481 -0.897103 0.955078 0.511719
body.png
15 -6.523690 2.627885 109.643166 -0.269017 -0.350481 -0.897103 0.955078 0.511719
15 -4.763600 5.097715 109.301079 -0.022504 -0.081387 -0.996428 0.935547 0.515625
15 -4.468225 3.966130 109.535126 0.037088 -0.150405 -0.987929 0.937500 0.501953
body.png
15 -4.763600 5.097715 109.301079 -0.022504 -0.081387 -0.996428 0.935547 0.515625
15 -1.906335 6.873760 109.090843 0.162487 -0.055787 -0.985132 0.910156 0.517578
15 -4.468225 3.966130 109.535126 0.037088 -0.150405 -0.987929 0.937500 0.501953
body.png
15 -4.468225 3.966130 109.535126 0.037088 -0.150405 -0.987929 0.937500 0.501953
15 -1.906335 6.873760 109.090843 0.162487 -0.055787 -0.985132 0.910156 0.517578
15 0.038880 5.709250 109.529663 -0.003760 -0.092092 -0.995743 0.894531 0.500000
body.png
15 -1.906335 6.873760 109.090843 0.162487 -0.055787 -0.985132 0.910156 0.517578
15 0.048710 8.139555 109.645874 -0.013158 -0.508586 -0.860910 0.894531 0.517578
15 0.038880 5.709250 109.529663 -0.003760 -0.092092 -0.995743 0.894531 0.500000
body.png
15 0.038880 5.709250 109.529663 -0.003760 -0.092092 -0.995743 0.894531 0.500000
15 0.048710 8.139555 109.645874 -0.013158 -0.508586 -0.860910 0.894531 0.517578
15 1.893635 6.858350 109.091560 -0.168932 -0.061213 -0.983725 0.876953 0.517578
body.png
15 0.048710 8.139555 109.645874 -0.013158 -0.508586 -0.860910 0.894531 0.517578
56 0.029690 8.612335 108.217323 -0.004635 0.865772 -0.500417 0.894531 0.529297
15 1.893635 6.858350 109.091560 -0.168932 -0.061213 -0.983725 0.876953 0.517578
body.png
15 0.050325 8.763005 114.506302 -0.301251 0.953502 0.009086 0.158203 0.023438
15 -3.554330 7.623815 114.540977 -0.425653 0.904718 -0.017457 0.179688 0.021484
15 0.049785 8.740260 116.875267 0.001591 0.999944 -0.010481 0.158203 0.058594
body.png
15 0.049785 8.740260 116.875267 0.001591 0.999944 -0.010481 0.158203 0.058594
15 -3.554330 7.623815 114.540977 -0.425653 0.904718 -0.017457 0.179688 0.021484
15 -3.604565 7.691910 117.251663 -0.555508 0.831207 -0.022502 0.177734 0.062500
body.png
15 -3.554330 7.623815 114.540977 -0.425653 0.904718 -0.017457 0.179688 0.021484
15 -6.966855 4.558955 114.903351 -0.767015 0.557455 -0.317699 0.203125 0.019531
15 -3.604565 7.691910 117.251663 -0.555508 0.831207 -0.022502 0.177734 0.062500
body.png
15 -3.604565 7.691910 117.251663 -0.555508 0.831207 -0.022502 0.177734 0.062500
15 -6.966855 4.558955 114.903351 -0.767015 0.557455 -0.317699 0.203125 0.019531
15 -7.017550 4.536635 118.128166 -0.862496 0.505535 -0.023113 0.201172 0.068359
body.png
15 -6.966855 4.558955 114.903351 -0.767015 0.557455 -0.317699 0.203125 0.019531
15 -8.583640 0.444030 115.389023 -0.772372 0.078527 -0.630298 0.238281 0.019531
15 -7.017550 4.536635 118.128166 -0.862496 0.505535 -0.023113 0.201172 0.068359
body.png
15 -7.017550 4.536635 118.128166 -0.862496 0.505535 -0.023113 0.201172 0.068359
15 -8.583640 0.444030 115.389023 -0.772372 0.078527 -0.630298 0.238281 0.019531
15 -8.834761 0.349670 119.276886 -0.996626 -0.068787 -0.044788 0.236328 0.082031
body.png
15 -8.583640 0.444030 115.389023 -0.772372 0.078527 -0.630298 0.238281 0.019531
15 -6.907845 -5.512865 115.738495 -0.625588 -0.384426 -0.678864 0.263672 0.019531
15 -8.834761 0.349670 119.276886 -0.996626 -0.068787 -0.044788 0.236328 0.082031
body.png
15 -8.834761 0.349670 119.276886 -0.996626 -0.068787 -0.044788 0.236328 0.082031
15 -6.907845 -5.512865 115.738495 -0.625588 -0.384426 -0.678864 0.263672 0.019531
15 -6.958675 -5.490935 120.619522 -0.746227 -0.665671 -0.005234 0.263672 0.093750
body.png
15 -6.907845 -5.512865 115.738495 -0.625588 -0.384426 -0.678864 0.263672 0.019531
15 -4.116230 -7.583515 115.780457 -0.375307 -0.793953 -0.478313 0.308594 0.019531
15 -6.958675 -5.490935 120.619522 -0.746227 -0.665671 -0.005234 0.263672 0.093750
body.png
15 -6.958675 -5.490935 120.619522 -0.746227 -0.665671 -0.005234 0.263672 0.093750
15 -4.116230 -7.583515 115.780457 -0.375307 -0.793953 -0.478313 0.308594 0.019531
15 -4.167245 -7.573070 121.418037 -0.430543 -0.902567 -0.002224 0.308594 0.105469
body.png
15 -4.116230 -7.583515 115.780457 -0.375307 -0.793953 -0.478313 0.308594 0.019531
15 -0.021530 -8.632666 121.541763 -0.002755 -0.999996 -0.000005 0.373047 0.105469
15 -4.167245 -7.573070 121.418037 -0.430543 -0.902567 -0.002224 0.308594 0.105469
body.png
66 7.900000 9.509550 71.843445 0.362219 0.926341 -0.103396 0.095703 0.148438
66 0.000000 10.759550 69.243439 -0.000163 0.022034 -0.999757 0.033203 0.242188
66 0.000000 10.859550 71.593445 -0.000532 0.999096 -0.042515 0.095703 0.242188
body.png
66 0.000000 10.859550 71.593445 -0.000532 0.999096 -0.042515 0.095703 0.242188
66 0.000000 10.759550 69.243439 -0.000163 0.022034 -0.999757 0.033203 0.242188
66 -7.850000 9.509550 71.843445 -0.361008 0.927469 -0.097342 0.095703 0.148438
body.png
66 0.000000 10.759550 69.243439 -0.000163 0.022034 -0.999757 0.033203 0.242188
66 -7.650000 9.259550 69.343445 -0.029163 -0.019356 -0.999387 0.033203 0.148438
66 -7.850000 9.509550 71.843445 -0.361008 0.927469 -0.097342 0.095703 0.148438
body.png
66 -7.850000 9.509550 71.843445 -0.361008 0.927469 -0.097342 0.095703 0.148438
66 -7.650000 9.259550 69.343445 -0.029163 -0.019356 -0.999387 0.033203 0.148438
66 -12.150001 5.509550 72.143448 -0.818285 0.569194 -0.080170 0.093750 0.025391
body.png
66 -7.650000 9.259550 69.343445 -0.029163 -0.019356 -0.999387 0.033203 0.148438
66 -12.150001 5.209550 69.493446 -0.084512 -0.026412 -0.996072 0.031250 0.025391
66 -12.150001 5.509550 72.143448 -0.818285 0.569194 -0.080170 0.093750 0.025391
body.png
66 -12.150001 5.509550 72.143448 -0.818285 0.569194 -0.080170 0.093750 0.025391
66 -12.150001 5.209550 69.493446 -0.084512 -0.026412 -0.996072 0.031250 0.025391
10 -13.450001 -2.315575 72.513474 -0.988401 -0.133798 0.071850 0.093750 0.025391
body.png
66 -12.150001 5.209550 69.493446 -0.084512 -0.026412 -0.996072 0.031250 0.025391
1 -13.650000 -2.940890 69.390114 -0.207154 -0.020300 -0.978098 0.031250 0.025391
10 -13.450001 -2.315575 72.513474 -0.988401 -0.133798 0.071850 0.093750 0.025391
body.png
10 -13.450001 -2.315575 72.513474 -0.988401 -0.133798 0.071850 0.093750 0.025391
1 -13.650000 -2.940890 69.390114 -0.207154 -0.020300 -0.978098 0.031250 0.025391
65 -6.150000 -9.741800 71.377235 -0.575368 -0.808805 0.121597 0.095703 0.148438
body.png
1 -13.650000 -2.940890 69.390114 -0.207154 -0.020300 -0.978098 0.031250 0.025391
65 -6.300000 -9.991800 68.077232 -0.153243 -0.060431 -0.986339 0.033203 0.148438
65 -6.150000 -9.741800 71.377235 -0.575368 -0.808805 0.121597 0.095703 0.148438
body.png
65 -6.150000 -9.741800 71.377235 -0.575368 -0.808805 0.121597 0.095703 0.148438
65 -6.300000 -9.991800 68.077232 -0.153243 -0.060431 -0.986339 0.033203 0.148438
65 0.000000 -11.891800 70.677246 -0.000443 -0.999930 0.011809 0.095703 0.242188
body.png
65 -6.300000 -9.991800 68.077232 -0.153243 -0.060431 -0.986339 0.033203 0.148438
65 0.000000 -11.691800 67.527237 0.000000 -0.015172 -0.999885 0.033203 0.242188
65 0.000000 -11.891800 70.677246 -0.000443 -0.999930 0.011809 0.095703 0.242188
body.png
66 -7.450000 9.059550 71.843445 0.354152 -0.926359 -0.128201 0.095703 0.148438
66 0.000000 10.759550 69.243439 -0.000163 0.022034 -0.999757 0.033203 0.242188
66 0.000000 10.359550 71.593445 0.000540 -0.985821 -0.167799 0.095703 0.242188
body.png
66 0.000000 10.359550 71.593445 0.000540 -0.985821 -0.167799 0.095703 0.242188
66 0.000000 10.759550 69.243439 -0.000163 0.022034 -0.999757 0.033203 0.242188
66 7.500000 9.059550 71.843445 -0.356268 -0.926328 -0.122433 0.095703 0.148438
body.png
66 0.000000 10.759550 69.243439 -0.000163 0.022034 -0.999757 0.033203 0.242188
66 7.650000 9.259550 69.343445 0.027743 -0.020968 -0.999395 0.033203 0.148438
66 7.500000 9.059550 71.843445 -0.356268 -0.926328 -0.122433 0.095703 0.148438
body.png
66 7.500000 9.059550 71.843445 -0.356268 -0.926328 -0.122433 0.095703 0.148438
66 7.650000 9.259550 69.343445 0.027743 -0.020968 -0.999395 0.033203 0.148438
66 11.549999 5.259550 72.143448 -0.797603 -0.579864 -0.166093 0.093750 0.025391
body.png
66 7.650000 9.259550 69.343445 0.027743 -0.020968 -0.999395 0.033203 0.148438
66 12.200001 5.209550 69.493446 0.094093 -0.022228 -0.995315 0.031250 0.025391
66 11.549999 5.259550 72.143448 -0.797603 -0.579864 -0.166093 0.093750 0.025391
body.png
66 11.549999 5.259550 72.143448 -0.797603 -0.579864 -0.166093 0.093750 0.025391
66 12.200001 5.209550 69.493446 0.094093 -0.022228 -0.995315 0.031250 0.025391
10 12.950000 -2.165575 72.513474 -0.952963 0.122242 -0.277342 0.093750 0.025391
body.png
66 12.200001 5.209550 69.493446 0.094093 -0.022228 -0.995315 0.031250 0.025391
1 13.700000 -2.940890 69.390114 0.204570 -0.018062 -0.978685 0.031250 0.025391
10 12.950000 -2.165575 72.513474 -0.952963 0.122242 -0.277342 0.093750 0.025391
body.png
10 12.950000 -2.165575 72.513474 -0.952963 0.122242 -0.277342 0.093750 0.025391
1 13.700000 -2.940890 69.390114 0.204570 -0.018062 -0.978685 0.031250 0.025391
65 5.900000 -9.191800 71.377235 -0.534949 0.795390 -0.284927 0.095703 0.148438
body.png
1 13.700000 -2.940890 69.390114 0.204570 -0.018062 -0.978685 0.031250 0.025391
65 6.300000 -9.991800 68.077232 0.150401 -0.057217 -0.986968 0.031250 0.148438
65 5.900000 -9.191800 71.377235 -0.534949 0.795390 -0.284927 0.095703 0.148438
body.png
65 5.900000 -9.191800 71.377235 -0.534949 0.795390 -0.284927 0.095703 0.148438
65 6.300000 -9.991800 68.077232 0.150401 -0.057217 -0.986968 0.031250 0.148438
65 0.000000 -11.241799 70.677246 0.000365 0.978356 -0.206928 0.095703 0.242188
body.png
65 6.300000 -9.991800 68.077232 0.150401 -0.057217 -0.986968 0.031250 0.148438
65 0.000000 -11.691800 67.527237 0.000000 -0.015172 -0.999885 0.033203 0.242188
65 0.000000 -11.241799 70.677246 0.000365 0.978356 -0.206928 0.095703 0.242188
body.png
65 0.000000 -11.591801 74.827240 0.000114 0.973626 -0.228148 0.326172 0.642578
65 -5.900000 -9.841800 75.327232 0.444528 0.873636 -0.197874 0.326172 0.642578
11 -0.030185 -8.318670 80.319550 0.001303 0.861203 -0.508260 0.328125 0.642578
body.png
11 -0.030185 -8.318670 80.319550 0.001303 0.861203 -0.508260 0.328125 0.642578
65 -5.900000 -9.841800 75.327232 0.444528 0.873636 -0.197874 0.326172 0.642578
11 -4.973930 -6.777765 80.927818 0.504744 0.746532 -0.433501 0.328125 0.642578
body.png
65 -5.900000 -9.841800 75.327232 0.444528 0.873636 -0.197874 0.326172 0.642578
10 -12.500000 -2.065575 76.663475 0.870764 0.449448 -0.199416 0.326172 0.642578
11 -4.973930 -6.777765 80.927818 0.504744 0.746532 -0.433501 0.328125 0.642578
body.png
11 -4.973930 -6.777765 80.927818 0.504744 0.746532 -0.433501 0.328125 0.642578
10 -12.500000 -2.065575 76.663475 0.870764 0.449448 -0.199416 0.326172 0.642578
11 -10.950001 -0.908915 82.234787 0.934713 0.148130 -0.323062 0.328125 0.642578
body.png
10 -12.500000 -2.065575 76.663475 0.870764 0.449448 -0.199416 0.326172 0.642578
10 -11.400000 6.134425 76.713470 0.924730 -0.351861 -0.145148 0.326172 0.642578
11 -10.950001 -0.908915 82.234787 0.934713 0.148130 -0.323062 0.328125 0.642578
body.png
11 -10.950001 -0.908915 82.234787 0.934713 0.148130 -0.323062 0.328125 0.642578
10 -11.400000 6.134425 76.713470 0.924730 -0.351861 -0.145148 0.326172 0.642578
11 -9.774045 5.440355 82.037498 0.773777 -0.541494 -0.328715 0.328125 0.642578
body.png
10 -11.400000 6.134425 76.713470 0.924730 -0.351861 -0.145148 0.326172 0.642578
66 -7.150000 10.409550 76.643440 0.551560 -0.830161 -0.081328 0.326172 0.642578
11 -9.774045 5.440355 82.037498 0.773777 -0.541494 -0.328715 0.328125 0.642578
body.png
11 -9.774045 5.440355 82.037498 0.773777 -0.541494 -0.328715 0.328125 0.642578
66 -7.150000 10.409550 76.643440 0.551560 -0.830161 -0.081328 0.326172 0.642578
11 -6.210740 8.689140 81.848434 0.335125 -0.868217 -0.365909 0.328125 0.642578
body.png
66 -7.150000 10.409550 76.643440 0.551560 -0.830161 -0.081328 0.326172 0.642578
66 0.000000 12.009550 76.493439 0.000212 -0.999116 -0.042035 0.326172 0.642578
11 -6.210740 8.689140 81.848434 0.335125 -0.868217 -0.365909 0.328125 0.642578
body.png
11 -6.210740 8.689140 81.848434 0.335125 -0.868217 -0.365909 0.328125 0.642578
66 0.000000 12.009550 76.493439 0.000212 -0.999116 -0.042035 0.326172 0.642578
11 0.044040 9.847265 81.651154 -0.001228 -0.922237 -0.386622 0.328125 0.642578
body.png
66 0.000000 12.009550 76.493439 0.000212 -0.999116 -0.042035 0.326172 0.642578
11 6.239355 8.687590 81.840210 -0.337437 -0.867033 -0.366593 0.328125 0.642578
11 0.044040 9.847265 81.651154 -0.001228 -0.922237 -0.386622 0.328125 0.642578
body.png
9 -20.495340 -6.797030 0.018060 -0.001582 -0.002316 -0.999996 0.615234 0.792969
9 -20.755045 -5.186890 0.016905 0.000746 0.000996 -0.999999 0.599609 0.785156
9 -14.479445 -9.658665 0.015170 -0.000252 -0.000288 -1.000000 0.619141 0.855469
body.png
9 -14.479445 -9.658665 0.015170 -0.000252 -0.000288 -1.000000 0.619141 0.855469
9 -20.755045 -5.186890 0.016905 0.000746 0.000996 -0.999999 0.599609 0.785156
9 -12.909985 -8.784451 0.022245 0.002022 0.002325 -0.999995 0.605469 0.863281
body.png
9 -20.755045 -5.186890 0.016905 0.000746 0.000996 -0.999999 0.599609 0.785156
9 -20.689440 -3.111270 0.017120 0.001403 -0.000263 -0.999999 0.576172 0.785156
9 -12.909985 -8.784451 0.022245 0.002022 0.002325 -0.999995 0.605469 0.863281
body.png
9 -12.909985 -8.784451 0.022245 0.002022 0.002325 -0.999995 0.605469 0.863281
9 -20.689440 -3.111270 0.017120 0.001403 -0.000263 -0.999999 0.576172 0.785156
9 -11.783600 -6.096770 0.033960 0.000686 -0.002258 -0.999997 0.578125 0.863281
body.png
9 -20.689440 -3.111270 0.017120 0.001403 -0.000263 -0.999999 0.576172 0.785156
9 -18.473810 0.866890 0.002435 -0.000341 -0.003936 -0.999992 0.535156 0.791016
9 -11.783600 -6.096770 0.033960 0.000686 -0.002258 -0.999997 0.578125 0.863281
body.png
9 -11.783600 -6.096770 0.033960 0.000686 -0.002258 -0.999997 0.578125 0.863281
9 -18.473810 0.866890 0.002435 -0.000341 -0.003936 -0.999992 0.535156 0.791016
9 -10.540085 -1.691615 0.006180 0.002328 -0.000218 -0.999997 0.533203 0.861328
body.png
9 -18.473810 0.866890 0.002435 -0.000341 -0.003936 -0.999992 0.535156 0.791016
8 -16.861441 4.376090 -0.004495 0.005384 0.003076 -0.999981 0.494141 0.792969
9 -10.540085 -1.691615 0.006180 0.002328 -0.000218 -0.999997 0.533203 0.861328
body.png
9 -10.540085 -1.691615 0.006180 0.002328 -0.000218 -0.999997 0.533203 0.861328
8 -16.861441 4.376090 -0.004495 0.005384 0.003076 -0.999981 0.494141 0.792969
8 -9.657855 2.510335 0.043810 0.005607 0.002445 -0.999981 0.490234 0.857422
body.png
8 -16.861441 4.376090 -0.004495 0.005384 0.003076 -0.999981 0.494141 0.792969
8 -15.736409 8.144215 0.019205 0.002389 -0.002839 -0.999993 0.451172 0.791016
8 -9.657855 2.510335 0.043810 0.005607 0.002445 -0.999981 0.490234 0.857422
body.png
8 -9.657855 2.510335 0.043810 0.005607 0.002445 -0.999981 0.490234 0.857422
8 -15.736409 8.144215 0.019205 0.002389 -0.002839 -0.999993 0.451172 0.791016
8 -8.454655 5.735190 0.032180 -0.000285 -0.006248 -0.999980 0.451172 0.857422
body.png
8 -15.736409 8.144215 0.019205 0.002389 -0.002839 -0.999993 0.451172 0.791016
8 -11.435485 8.924870 0.007710 -0.001095 -0.008694 -0.999962 0.431641 0.824219
8 -8.454655 5.735190 0.032180 -0.000285 -0.006248 -0.999980 0.451172 0.857422
body.png
7 -14.514820 4.834180 15.052055 0.108658 0.015585 0.993957 0.578125 0.894531
7 -13.681490 7.562270 15.317780 -0.010952 0.027131 0.999572 0.578125 0.894531
7 -15.534010 7.472390 15.266820 0.038550 0.019696 0.999063 0.578125 0.894531
body.png
7 -15.534010 7.472390 15.266820 0.038550 0.019696 0.999063 0.578125 0.894531
7 -13.681490 7.562270 15.317780 -0.010952 0.027131 0.999572 0.578125 0.894531
7 -11.400500 8.455445 15.252000 -0.017467 0.043311 0.998909 0.578125 0.894531
body.png
7 -13.681490 7.562270 15.317780 -0.010952 0.027131 0.999572 0.578125 0.894531
7 -10.387955 7.091780 15.238465 -0.019398 -0.023985 0.999524 0.578125 0.894531
7 -11.400500 8.455445 15.252000 -0.017467 0.043311 0.998909 0.578125 0.894531
body.png
7 -11.400500 8.455445 15.252000 -0.017467 0.043311 0.998909 0.578125 0.894531
7 -10.387955 7.091780 15.238465 -0.019398 -0.023985 0.999524 0.578125 0.894531
7 -8.385941 5.644785 15.263630 -0.091839 0.001841 0.995772 0.578125 0.894531
body.png
7 -10.387955 7.091780 15.238465 -0.019398 -0.023985 0.999524 0.578125 0.894531
7 -9.711245 4.044070 15.146245 -0.111179 0.040221 0.992986 0.578125 0.894531
7 -8.385941 5.644785 15.263630 -0.091839 0.001841 0.995772 0.578125 0.894531
body.png
7 -8.385941 5.644785 15.263630 -0.091839 0.001841 0.995772 0.578125 0.894531
7 -9.711245 4.044070 15.146245 -0.111179 0.040221 0.992986 0.578125 0.894531
7 -10.098005 1.529815 15.292650 -0.118705 0.127313 0.984734 0.578125 0.894531
body.png
7 -9.711245 4.044070 15.146245 -0.111179 0.040221 0.992986 0.578125 0.894531
7 -12.845196 2.179000 14.966290 0.011796 0.130729 0.991348 0.578125 0.894531
7 -10.098005 1.529815 15.292650 -0.118705 0.127313 0.984734 0.578125 0.894531
body.png
7 -10.098005 1.529815 15.292650 -0.118705 0.127313 0.984734 0.578125 0.894531
7 -12.845196 2.179000 14.966290 0.011796 0.130729 0.991348 0.578125 0.894531
7 -13.660945 0.504900 15.293280 0.073573 0.129841 0.988801 0.578125 0.894531
body.png
7 -12.845196 2.179000 14.966290 0.011796 0.130729 0.991348 0.578125 0.894531
7 -14.514820 4.834180 15.052055 0.108658 0.015585 0.993957 0.578125 0.894531
7 -13.660945 0.504900 15.293280 0.073573 0.129841 0.988801 0.578125 0.894531
body.png
7 -13.660945 0.504900 15.293280 0.073573 0.129841 0.988801 0.578125 0.894531
7 -14.514820 4.834180 15.052055 0.108658 0.015585 0.993957 0.578125 0.894531
7 -16.165880 3.083120 15.317130 0.128187 0.029199 0.991320 0.578125 0.894531
body.png
7 -14.514820 4.834180 15.052055 0.108658 0.015585 0.993957 0.578125 0.894531
7 -15.534010 7.472390 15.266820 0.038550 0.019696 0.999063 0.578125 0.894531
7 -16.165880 3.083120 15.317130 0.128187 0.029199 0.991320 0.578125 0.894531
body.png
3 15.509460 7.514715 15.271710 -0.048209 -0.013292 0.998749 0.578125 0.894531
3 14.515036 4.853025 15.044709 -0.106406 0.017307 0.994172 0.578125 0.894531
3 16.193691 3.068750 15.286551 -0.114250 0.027115 0.993082 0.578125 0.894531
body.png
3 16.193691 3.068750 15.286551 -0.114250 0.027115 0.993082 0.578125 0.894531
3 14.515036 4.853025 15.044709 -0.106406 0.017307 0.994172 0.578125 0.894531
3 13.654856 0.505960 15.324150 -0.068672 0.136839 0.988210 0.578125 0.894531
body.png
3 14.515036 4.853025 15.044709 -0.106406 0.017307 0.994172 0.578125 0.894531
3 12.876920 2.149630 14.987770 -0.015743 0.142960 0.989603 0.578125 0.894531
3 13.654856 0.505960 15.324150 -0.068672 0.136839 0.988210 0.578125 0.894531
body.png
3 13.654856 0.505960 15.324150 -0.068672 0.136839 0.988210 0.578125 0.894531
3 12.876920 2.149630 14.987770 -0.015743 0.142960 0.989603 0.578125 0.894531
3 10.078330 1.495110 15.318650 0.137216 0.146192 0.979694 0.578125 0.894531
body.png
3 12.876920 2.149630 14.987770 -0.015743 0.142960 0.989603 0.578125 0.894531
3 9.688835 4.043600 15.116159 0.134842 0.053634 0.989414 0.578125 0.894531
3 10.078330 1.495110 15.318650 0.137216 0.146192 0.979694 0.578125 0.894531
body.png
3 10.078330 1.495110 15.318650 0.137216 0.146192 0.979694 0.578125 0.894531
3 9.688835 4.043600 15.116159 0.134842 0.053634 0.989414 0.578125 0.894531
3 8.372140 5.677960 15.266766 0.129409 -0.005878 0.991574 0.578125 0.894531
body.png
3 9.688835 4.043600 15.116159 0.134842 0.053634 0.989414 0.578125 0.894531
3 10.420815 7.095230 15.224550 0.037655 -0.047137 0.998178 0.578125 0.894531
3 8.372140 5.677960 15.266766 0.129409 -0.005878 0.991574 0.578125 0.894531
body.png
3 8.372140 5.677960 15.266766 0.129409 -0.005878 0.991574 0.578125 0.894531
3 10.420815 7.095230 15.224550 0.037655 -0.047137 0.998178 0.578125 0.894531
3 11.470890 8.465910 15.257421 0.024043 -0.007384 0.999684 0.578125 0.894531
body.png
3 10.420815 7.095230 15.224550 0.037655 -0.047137 0.998178 0.578125 0.894531
3 13.643485 7.566685 15.292595 0.000669 -0.008765 0.999961 0.578125 0.894531
3 11.470890 8.465910 15.257421 0.024043 -0.007384 0.999684 0.578125 0.894531
body.png
3 11.470890 8.465910 15.257421 0.024043 -0.007384 0.999684 0.578125 0.894531
3 13.643485 7.566685 15.292595 0.000669 -0.008765 0.999961 0.578125 0.894531
3 15.509460 7.514715 15.271710 -0.048209 -0.013292 0.998749 0.578125 0.894531
body.png
3 13.643485 7.566685 15.292595 0.000669 -0.008765 0.999961 0.578125 0.894531
3 14.515036 4.853025 15.044709 -0.106406 0.017307 0.994172 0.578125 0.894531
3 15.509460 7.514715 15.271710 -0.048209 -0.013292 0.998749 0.578125 0.894531
body.png
6 -2.292660 -4.822885 45.942112 0.987990 0.101460 -0.116541 0.349609 0.304688
6 -4.166655 6.173585 39.628571 0.741480 0.664565 -0.092524 0.427734 0.240234
6 -3.074725 6.319220 47.165581 0.737581 0.664565 -0.119699 0.425781 0.312500
body.png
6 -3.074725 6.319220 47.165581 0.737581 0.664565 -0.119699 0.425781 0.312500
6 -4.166655 6.173585 39.628571 0.741480 0.664565 -0.092524 0.427734 0.240234
6 -9.912390 7.719485 47.873070 -0.079170 0.996763 -0.013970 0.472656 0.312500
body.png
6 -4.166655 6.173585 39.628571 0.741480 0.664565 -0.092524 0.427734 0.240234
6 -10.345005 7.659765 39.813644 -0.359869 0.932363 0.034556 0.472656 0.236328
6 -9.912390 7.719485 47.873070 -0.079170 0.996763 -0.013970 0.472656 0.312500
body.png
6 -9.912390 7.719485 47.873070 -0.079170 0.996763 -0.013970 0.472656 0.312500
6 -10.345005 7.659765 39.813644 -0.359869 0.932363 0.034556 0.472656 0.236328
6 -14.168025 4.129000 47.850479 -0.779677 0.622085 0.071520 0.509766 0.310547
body.png
6 -10.345005 7.659765 39.813644 -0.359869 0.932363 0.034556 0.472656 0.236328
6 -14.817785 4.516790 39.782032 -0.904939 0.415450 0.092121 0.511719 0.234375
6 -14.168025 4.129000 47.850479 -0.779677 0.622085 0.071520 0.509766 0.310547
body.png
6 -14.168025 4.129000 47.850479 -0.779677 0.622085 0.071520 0.509766 0.310547
6 -14.817785 4.516790 39.782032 -0.904939 0.415450 0.092121 0.511719 0.234375
6 -15.681405 -4.084570 47.346130 -0.979715 -0.197132 0.036017 0.566406 0.312500
body.png
6 -14.817785 4.516790 39.782032 -0.904939 0.415450 0.092121 0.511719 0.234375
6 -16.186905 -3.005450 39.338951 -0.810030 -0.586325 -0.008645 0.564453 0.236328
6 -15.681405 -4.084570 47.346130 -0.979715 -0.197132 0.036017 0.566406 0.312500
body.png
6 -15.681405 -4.084570 47.346130 -0.979715 -0.197132 0.036017 0.566406 0.312500
6 -16.186905 -3.005450 39.338951 -0.810030 -0.586325 -0.008645 0.564453 0.236328
6 -9.916005 -7.545705 46.425163 -0.259313 -0.954698 -0.145971 0.613281 0.310547
body.png
6 -16.186905 -3.005450 39.338951 -0.810030 -0.586325 -0.008645 0.564453 0.236328
6 -11.207000 -6.402060 38.356060 -0.212357 -0.971670 -0.103741 0.607422 0.234375
6 -9.916005 -7.545705 46.425163 -0.259313 -0.954698 -0.145971 0.613281 0.310547
body.png
6 -9.916005 -7.545705 46.425163 -0.259313 -0.954698 -0.145971 0.613281 0.310547
6 -11.207000 -6.402060 38.356060 -0.212357 -0.971670 -0.103741 0.607422 0.234375
6 -6.020570 -5.471670 38.374142 0.257359 -0.929228 -0.265146 0.642578 0.234375
body.png
3 5.394825 1.723960 19.330805 -0.745479 0.200663 -0.635606 0.914063 0.234375
3 6.181120 7.565725 20.461304 -0.246362 0.472317 -0.846299 0.882813 0.236328
3 9.196130 4.257815 21.315670 0.332456 0.059922 -0.941213 0.888672 0.228516
body.png
3 9.196130 4.257815 21.315670 0.332456 0.059922 -0.941213 0.888672 0.228516
3 6.181120 7.565725 20.461304 -0.246362 0.472317 -0.846299 0.882813 0.236328
3 10.397985 7.402155 21.637646 0.151122 -0.290431 -0.944887 0.867188 0.230469
body.png
3 6.181120 7.565725 20.461304 -0.246362 0.472317 -0.846299 0.882813 0.236328
3 11.988371 9.881500 20.621031 0.168320 0.408739 -0.896995 0.857422 0.228516
3 10.397985 7.402155 21.637646 0.151122 -0.290431 -0.944887 0.867188 0.230469
body.png
3 10.397985 7.402155 21.637646 0.151122 -0.290431 -0.944887 0.867188 0.230469
3 11.988371 9.881500 20.621031 0.168320 0.408739 -0.896995 0.857422 0.228516
3 14.304610 7.090495 21.559265 -0.464453 -0.387782 -0.796184 0.845703 0.212891
body.png
3 11.988371 9.881500 20.621031 0.168320 0.408739 -0.896995 0.857422 0.228516
3 16.650579 6.297110 19.704010 0.307951 0.142362 -0.940691 0.832031 0.218750
3 14.304610 7.090495 21.559265 -0.464453 -0.387782 -0.796184 0.845703 0.212891
body.png
3 14.304610 7.090495 21.559265 -0.464453 -0.387782 -0.796184 0.845703 0.212891
3 16.650579 6.297110 19.704010 0.307951 0.142362 -0.940691 0.832031 0.218750
3 14.867855 4.177015 21.315556 -0.552184 0.120650 -0.824946 0.826172 0.199219
body.png
3 16.650579 6.297110 19.704010 0.307951 0.142362 -0.940691 0.832031 0.218750
3 17.171135 -0.292480 18.808865 0.320183 -0.208102 -0.924217 0.800781 0.212891
3 14.867855 4.177015 21.315556 -0.552184 0.120650 -0.824946 0.826172 0.199219
body.png
3 14.867855 4.177015 21.315556 -0.552184 0.120650 -0.824946 0.826172 0.199219
3 17.171135 -0.292480 18.808865 0.320183 -0.208102 -0.924217 0.800781 0.212891
3 12.120080 1.706715 21.128901 0.015446 0.395792 -0.918210 0.798828 0.183594
body.png
3 17.171135 -0.292480 18.808865 0.320183 -0.208102 -0.924217 0.800781 0.212891
3 13.072865 -3.284290 18.483700 0.108045 -0.364313 -0.924988 0.783203 0.207031
3 12.120080 1.706715 21.128901 0.015446 0.395792 -0.918210 0.798828 0.183594
body.png
3 12.120080 1.706715 21.128901 0.015446 0.395792 -0.918210 0.798828 0.183594
3 13.072865 -3.284290 18.483700 0.108045 -0.364313 -0.924988 0.783203 0.207031
3 7.390435 -2.160240 18.522724 -0.299769 -0.513269 -0.804173 0.763672 0.193359
body.png
62 4.980325 -5.276945 103.650856 -0.380141 0.164278 0.910223 0.498047 0.724609
13 -0.019060 -5.102815 96.660088 0.001367 0.929806 0.368047 0.433594 0.765625
62 -0.029215 -7.684390 102.274742 0.001050 -0.181928 0.983311 0.433594 0.724609
body.png
62 -0.029215 -7.684390 102.274742 0.001050 -0.181928 0.983311 0.433594 0.724609
13 -0.019060 -5.102815 96.660088 0.001367 0.929806 0.368047 0.433594 0.765625
62 -4.969795 -5.286255 103.654846 0.382742 0.163210 0.909324 0.498047 0.724609
body.png
13 -0.019060 -5.102815 96.660088 0.001367 0.929806 0.368047 0.433594 0.765625
13 -5.660225 -2.877270 97.406235 0.678172 0.722626 0.133767 0.498047 0.767578
62 -4.969795 -5.286255 103.654846 0.382742 0.163210 0.909324 0.498047 0.724609
body.png
62 -4.969795 -5.286255 103.654846 0.382742 0.163210 0.909324 0.498047 0.724609
13 -5.660225 -2.877270 97.406235 0.678172 0.722626 0.133767 0.498047 0.767578
62 -8.548120 0.197205 106.483215 0.535409 0.073746 0.841367 0.556641 0.722656
body.png
13 -5.660225 -2.877270 97.406235 0.678172 0.722626 0.133767 0.498047 0.767578
13 -9.046590 0.610265 99.966431 0.997531 0.028832 -0.064029 0.556641 0.765625
62 -8.548120 0.197205 106.483215 0.535409 0.073746 0.841367 0.556641 0.722656
body.png
62 -8.548120 0.197205 106.483215 0.535409 0.073746 0.841367 0.556641 0.722656
13 -9.046590 0.610265 99.966431 0.997531 0.028832 -0.064029 0.556641 0.765625
62 -6.523340 6.352690 107.518936 0.523336 -0.316898 0.791009 0.611328 0.724609
body.png
13 -9.046590 0.610265 99.966431 0.997531 0.028832 -0.064029 0.556641 0.765625
13 -7.226640 5.586540 101.241959 0.640190 -0.767914 0.021576 0.611328 0.767578
62 -6.523340 6.352690 107.518936 0.523336 -0.316898 0.791009 0.611328 0.724609
body.png
62 -6.523340 6.352690 107.518936 0.523336 -0.316898 0.791009 0.611328 0.724609
13 -7.226640 5.586540 101.241959 0.640190 -0.767914 0.021576 0.611328 0.767578
62 0.039040 9.390255 107.460945 0.000512 -0.814623 0.579991 0.662109 0.724609
body.png
13 -7.226640 5.586540 101.241959 0.640190 -0.767914 0.021576 0.611328 0.767578
13 0.037165 9.007020 101.893806 0.001632 -0.997638 0.068676 0.662109 0.765625
62 0.039040 9.390255 107.460945 0.000512 -0.814623 0.579991 0.662109 0.724609
body.png
62 0.039040 9.390255 107.460945 0.000512 -0.814623 0.579991 0.662109 0.724609
13 0.037165 9.007020 101.893806 0.001632 -0.997638 0.068676 0.662109 0.765625
13 7.273645 5.627060 101.232979 -0.641820 -0.766629 0.018610 0.611328 0.767578
body.png
13 -6.819640 -5.235920 96.577065 -0.496155 -0.814276 0.301305 0.203125 0.447266
13 -6.326275 -7.149850 90.610001 -0.255468 -0.942770 0.214292 0.205078 0.416016
13 -0.028025 -7.375710 95.317009 -0.000365 -0.956756 0.290893 0.164063 0.433594
body.png
13 -0.028025 -7.375710 95.317009 -0.000365 -0.956756 0.290893 0.164063 0.433594
13 -6.326275 -7.149850 90.610001 -0.255468 -0.942770 0.214292 0.205078 0.416016
13 -0.033655 -9.012875 89.971954 -0.001302 -0.988937 0.148328 0.164063 0.404297
body.png
13 -6.326275 -7.149850 90.610001 -0.255468 -0.942770 0.214292 0.205078 0.416016
11 -5.979025 -8.023100 81.034683 -0.246021 -0.944743 0.216642 0.207031 0.361328
13 -0.033655 -9.012875 89.971954 -0.001302 -0.988937 0.148328 0.164063 0.404297
body.png
13 -0.033655 -9.012875 89.971954 -0.001302 -0.988937 0.148328 0.164063 0.404297
11 -5.979025 -8.023100 81.034683 -0.246021 -0.944743 0.216642 0.207031 0.361328
11 -0.035695 -9.666730 80.442848 -0.217739 -0.906138 0.362634 0.167969 0.359375
body.png
11 -5.979025 -8.023100 81.034683 -0.246021 -0.944743 0.216642 0.207031 0.361328
65 -6.750000 -9.941800 77.427231 -0.437049 -0.828753 0.349509 0.205078 0.337891
11 -0.035695 -9.666730 80.442848 -0.217739 -0.906138 0.362634 0.167969 0.359375
body.png
11 -0.035695 -9.666730 80.442848 -0.217739 -0.906138 0.362634 0.167969 0.359375
65 -6.750000 -9.941800 77.427231 -0.437049 -0.828753 0.349509 0.205078 0.337891
65 0.000000 -11.841801 76.827232 -0.241677 -0.943739 0.225718 0.167969 0.335938
body.png
65 -6.750000 -9.941800 77.427231 -0.437049 -0.828753 0.349509 0.205078 0.337891
65 -7.000000 -10.241800 73.427231 -0.577554 -0.814029 -0.061545 0.203125 0.312500
65 0.000000 -11.841801 76.827232 -0.241677 -0.943739 0.225718 0.167969 0.335938
body.png
65 0.000000 -11.841801 76.827232 -0.241677 -0.943739 0.225718 0.167969 0.335938
65 -7.000000 -10.241800 73.427231 -0.577554 -0.814029 -0.061545 0.203125 0.312500
65 0.000000 -12.141800 72.627235 -0.296398 -0.946051 -0.130900 0.166016 0.306641
body.png
65 -7.000000 -10.241800 73.427231 -0.577554 -0.814029 -0.061545 0.203125 0.312500
65 -6.150000 -9.741800 71.377235 -0.448725 -0.840020 -0.304977 0.199219 0.296875
65 0.000000 -12.141800 72.627235 -0.296398 -0.946051 -0.130900 0.166016 0.306641
body.png
65 0.000000 -12.141800 72.627235 -0.296398 -0.946051 -0.130900 0.166016 0.306641
65 -6.150000 -9.741800 71.377235 -0.448725 -0.840020 -0.304977 0.199219 0.296875
65 0.000000 -11.891800 70.677246 -0.339743 -0.932883 -0.119601 0.166016 0.294922
body.png
54 6.600030 -8.313265 128.706650 0.604362 -0.446227 0.660021 0.955078 0.664063
15 3.292750 -4.788455 128.639496 0.457524 -0.612362 0.644736 0.939453 0.687500
15 2.130355 -7.997780 125.292618 0.391910 -0.829787 0.397317 0.925781 0.638672
body.png
15 2.130355 -7.997780 125.292618 0.391910 -0.829787 0.397317 0.925781 0.638672
15 3.292750 -4.788455 128.639496 0.457524 -0.612362 0.644736 0.939453 0.687500
54 2.148820 -8.507920 130.744751 0.155721 -0.380565 0.911549 0.916016 0.666016
body.png
15 3.292750 -4.788455 128.639496 0.457524 -0.612362 0.644736 0.939453 0.687500
15 1.841675 -5.027815 129.121246 0.258554 -0.435981 0.862015 0.919922 0.699219
54 2.148820 -8.507920 130.744751 0.155721 -0.380565 0.911549 0.916016 0.666016
body.png
54 2.148820 -8.507920 130.744751 0.155721 -0.380565 0.911549 0.916016 0.666016
15 1.841675 -5.027815 129.121246 0.258554 -0.435981 0.862015 0.919922 0.699219
15 -0.010810 -5.645455 128.942886 0.010260 -0.573993 0.818796 0.896484 0.691406
body.png
15 1.841675 -5.027815 129.121246 0.258554 -0.435981 0.862015 0.919922 0.699219
54 0.812260 -5.098960 132.709442 0.013810 -0.382600 0.923811 0.896484 0.718750
15 -0.010810 -5.645455 128.942886 0.010260 -0.573993 0.818796 0.896484 0.691406
body.png
15 -0.010810 -5.645455 128.942886 0.010260 -0.573993 0.818796 0.896484 0.691406
54 0.812260 -5.098960 132.709442 0.013810 -0.382600 0.923811 0.896484 0.718750
15 -1.808295 -5.013015 129.120560 -0.204530 -0.438202 0.875298 0.873047 0.699219
body.png
54 0.812260 -5.098960 132.709442 0.013810 -0.382600 0.923811 0.896484 0.718750
15 -2.291260 -0.763580 130.130035 -0.151375 0.297093 0.942773 0.863281 0.746094
15 -1.808295 -5.013015 129.120560 -0.204530 -0.438202 0.875298 0.873047 0.699219
body.png
15 -1.808295 -5.013015 129.120560 -0.204530 -0.438202 0.875298 0.873047 0.699219
15 -2.291260 -0.763580 130.130035 -0.151375 0.297093 0.942773 0.863281 0.746094
54 -6.181955 -3.689115 132.041779 -0.637975 -0.491939 0.592438 0.843750 0.710938
body.png
15 -2.291260 -0.763580 130.130035 -0.151375 0.297093 0.942773 0.863281 0.746094
15 -5.340785 -0.698970 128.864639 -0.782604 0.543219 0.304047 0.822266 0.732422
54 -6.181955 -3.689115 132.041779 -0.637975 -0.491939 0.592438 0.843750 0.710938
body.png
54 -6.181955 -3.689115 132.041779 -0.637975 -0.491939 0.592438 0.843750 0.710938
15 -5.340785 -0.698970 128.864639 -0.782604 0.543219 0.304047 0.822266 0.732422
15 -5.450930 -3.257680 127.655983 -0.969121 -0.052694 0.240888 0.820313 0.693359
body.png
7 -13.042726 -3.264335 18.501970 0.073916 0.452116 -0.888891 0.783203 0.207031
7 -17.179199 -0.270705 18.822491 0.411444 0.287097 -0.865037 0.800781 0.212891
7 -12.092185 1.701850 21.106956 -0.017185 0.395541 -0.918288 0.798828 0.183594
body.png
7 -12.092185 1.701850 21.106956 -0.017185 0.395541 -0.918288 0.798828 0.183594
7 -17.179199 -0.270705 18.822491 0.411444 0.287097 -0.865037 0.800781 0.212891
7 -14.881335 4.168100 21.308815 0.545725 0.122626 -0.828944 0.826172 0.199219
body.png
7 -17.179199 -0.270705 18.822491 0.411444 0.287097 -0.865037 0.800781 0.212891
7 -16.663471 6.332805 19.726715 0.672537 -0.233880 -0.702135 0.832031 0.218750
7 -14.881335 4.168100 21.308815 0.545725 0.122626 -0.828944 0.826172 0.199219
body.png
7 -14.881335 4.168100 21.308815 0.545725 0.122626 -0.828944 0.826172 0.199219
7 -16.663471 6.332805 19.726715 0.672537 -0.233880 -0.702135 0.832031 0.218750
7 -14.301330 7.091395 21.559700 0.458003 -0.387361 -0.800115 0.845703 0.212891
body.png
7 -16.663471 6.332805 19.726715 0.672537 -0.233880 -0.702135 0.832031 0.218750
7 -11.995020 9.883960 20.608385 0.153066 -0.546150 -0.823584 0.857422 0.228516
7 -14.301330 7.091395 21.559700 0.458003 -0.387361 -0.800115 0.845703 0.212891
body.png
7 -14.301330 7.091395 21.559700 0.458003 -0.387361 -0.800115 0.845703 0.212891
7 -11.995020 9.883960 20.608385 0.153066 -0.546150 -0.823584 0.857422 0.228516
7 -10.389339 7.410325 21.644207 -0.148191 -0.295918 -0.943648 0.867188 0.230469
body.png
7 -11.995020 9.883960 20.608385 0.153066 -0.546150 -0.823584 0.857422 0.228516
7 -6.156925 7.563425 20.478781 -0.304795 -0.129442 -0.943581 0.882813 0.236328
7 -10.389339 7.410325 21.644207 -0.148191 -0.295918 -0.943648 0.867188 0.230469
body.png
7 -10.389339 7.410325 21.644207 -0.148191 -0.295918 -0.943648 0.867188 0.230469
7 -6.156925 7.563425 20.478781 -0.304795 -0.129442 -0.943581 0.882813 0.236328
7 -9.180565 4.281300 21.339149 -0.333103 0.060206 -0.940966 0.888672 0.228516
body.png
7 -6.156925 7.563425 20.478781 -0.304795 -0.129442 -0.943581 0.882813 0.236328
7 -5.370300 1.720570 19.309484 -0.397737 0.128263 -0.908490 0.914063 0.234375
7 -9.180565 4.281300 21.339149 -0.333103 0.060206 -0.940966 0.888672 0.228516
body.png
69 24.615875 5.110550 93.949966 -0.030219 0.891396 -0.452216 0.886719 0.083984
69 24.653709 5.262905 94.359673 -0.554404 0.700653 0.449135 0.886719 0.068359
69 27.386501 5.234025 94.008209 0.771366 0.611400 -0.176595 0.972656 0.072266
body.png
69 27.386501 5.234025 94.008209 0.771366 0.611400 -0.176595 0.972656 0.072266
69 24.653709 5.262905 94.359673 -0.554404 0.700653 0.449135 0.886719 0.068359
69 27.432178 4.870860 94.322090 0.856411 0.179984 0.483906 0.974609 0.058594
body.png
69 24.653709 5.262905 94.359673 -0.554404 0.700653 0.449135 0.886719 0.068359
69 24.702375 4.850185 94.679504 -0.239259 -0.118132 0.963743 0.892578 0.058594
69 27.432178 4.870860 94.322090 0.856411 0.179984 0.483906 0.974609 0.058594
body.png
69 27.432178 4.870860 94.322090 0.856411 0.179984 0.483906 0.974609 0.058594
69 24.702375 4.850185 94.679504 -0.239259 -0.118132 0.963743 0.892578 0.058594
69 27.370340 4.384935 94.087463 0.844954 -0.472407 0.250768 0.974609 0.042969
body.png
69 24.702375 4.850185 94.679504 -0.239259 -0.118132 0.963743 0.892578 0.058594
69 24.634563 4.463365 94.432983 -0.780183 -0.598223 0.182876 0.892578 0.046875
69 27.370340 4.384935 94.087463 0.844954 -0.472407 0.250768 0.974609 0.042969
body.png
69 27.370340 4.384935 94.087463 0.844954 -0.472407 0.250768 0.974609 0.042969
69 24.634563 4.463365 94.432983 -0.780183 -0.598223 0.182876 0.892578 0.046875
69 27.292355 4.523255 93.597786 0.557536 -0.593904 -0.580028 0.970703 0.031250
body.png
69 24.634563 4.463365 94.432983 -0.780183 -0.598223 0.182876 0.892578 0.046875
69 24.578810 4.608345 93.987587 -0.498273 -0.322265 -0.804903 0.886719 0.037109
69 27.292355 4.523255 93.597786 0.557536 -0.593904 -0.580028 0.970703 0.031250
body.png
69 27.292355 4.523255 93.597786 0.557536 -0.593904 -0.580028 0.970703 0.031250
69 24.578810 4.608345 93.987587 -0.498273 -0.322265 -0.804903 0.886719 0.037109
69 27.309950 4.982565 93.632828 0.336410 -0.007486 -0.941686 0.970703 0.017578
body.png
69 24.578810 4.608345 93.987587 -0.498273 -0.322265 -0.804903 0.886719 0.037109
69 24.615875 5.110550 93.949966 -0.119722 -0.065374 -0.990653 0.886719 0.021484
69 27.309950 4.982565 93.632828 0.336410 -0.007486 -0.941686 0.970703 0.017578
body.png
69 28.030231 4.923380 93.618835 -0.112813 -0.138589 -0.983904 0.777344 0.052734
69 28.025911 4.619395 93.610229 0.543336 -0.641277 -0.541803 0.794922 0.044922
69 27.308395 4.642330 93.741188 -0.117056 -0.496172 -0.860297 0.814453 0.085938
body.png
69 27.308395 4.642330 93.741188 -0.117056 -0.496172 -0.860297 0.814453 0.085938
69 28.025911 4.619395 93.610229 0.543336 -0.641277 -0.541803 0.794922 0.044922
69 27.336166 4.576500 94.019386 -0.001296 -0.986187 0.165633 0.832031 0.078125
body.png
69 28.025911 4.619395 93.610229 0.543336 -0.641277 -0.541803 0.794922 0.044922
69 28.053675 4.553560 93.888428 0.433039 -0.749475 0.500764 0.810547 0.044922
69 27.336166 4.576500 94.019386 -0.001296 -0.986187 0.165633 0.832031 0.078125
body.png
69 27.336166 4.576500 94.019386 -0.001296 -0.986187 0.165633 0.832031 0.078125
69 28.053675 4.553560 93.888428 0.433039 -0.749475 0.500764 0.810547 0.044922
69 27.410164 4.850895 94.166794 0.161302 -0.129224 0.978408 0.849609 0.064453
body.png
69 28.053675 4.553560 93.888428 0.433039 -0.749475 0.500764 0.810547 0.044922
69 28.082996 4.827960 94.058273 0.848105 0.236227 0.474252 0.822266 0.035156
69 27.410164 4.850895 94.166794 0.161302 -0.129224 0.978408 0.849609 0.064453
body.png
69 27.410164 4.850895 94.166794 0.161302 -0.129224 0.978408 0.849609 0.064453
69 28.082996 4.827960 94.058273 0.848105 0.236227 0.474252 0.822266 0.035156
69 27.376211 5.029150 93.987717 0.103300 0.885340 0.453323 0.861328 0.044922
body.png
69 28.082996 4.827960 94.058273 0.848105 0.236227 0.474252 0.822266 0.035156
69 28.049034 5.006215 93.879181 0.403189 0.913811 0.048859 0.824219 0.019531
69 27.376211 5.029150 93.987717 0.103300 0.885340 0.453323 0.861328 0.044922
body.png
69 27.376211 5.029150 93.987717 0.103300 0.885340 0.453323 0.861328 0.044922
69 28.049034 5.006215 93.879181 0.403189 0.913811 0.048859 0.824219 0.019531
69 27.309950 4.982565 93.632828 0.042406 0.974405 -0.220766 0.873047 0.027344
body.png
69 28.049034 5.006215 93.879181 0.403189 0.913811 0.048859 0.824219 0.019531
69 28.030231 4.923380 93.618835 0.072007 0.948940 -0.307129 0.835938 0.005859
69 27.309950 4.982565 93.632828 0.042406 0.974405 -0.220766 0.873047 0.027344
body.png
13 6.880650 -5.192155 96.567932 0.543360 -0.828540 -0.135207 0.496094 0.658203
62 -0.034855 -9.127666 101.135925 -0.000766 -0.986898 0.161346 0.433594 0.703125
13 -0.028025 -7.375710 95.317009 -0.000178 -0.957541 -0.288296 0.433594 0.658203
body.png
13 -0.028025 -7.375710 95.317009 -0.000178 -0.957541 -0.288296 0.433594 0.658203
62 -0.034855 -9.127666 101.135925 -0.000766 -0.986898 0.161346 0.433594 0.703125
13 -6.819640 -5.235920 96.577065 -0.544449 -0.827728 -0.135803 0.496094 0.658203
body.png
62 -0.034855 -9.127666 101.135925 -0.000766 -0.986898 0.161346 0.433594 0.703125
62 -5.924510 -6.486075 102.840004 -0.449479 -0.742164 0.497153 0.496094 0.703125
13 -6.819640 -5.235920 96.577065 -0.544449 -0.827728 -0.135803 0.496094 0.658203
body.png
13 -6.819640 -5.235920 96.577065 -0.544449 -0.827728 -0.135803 0.496094 0.658203
62 -5.924510 -6.486075 102.840004 -0.449479 -0.742164 0.497153 0.496094 0.703125
13 -11.445285 0.979520 100.880173 -0.933244 -0.325079 0.152901 0.554688 0.658203
body.png
62 -5.924510 -6.486075 102.840004 -0.449479 -0.742164 0.497153 0.496094 0.703125
62 -10.048439 0.100935 106.041878 -0.674682 -0.230593 0.701164 0.554688 0.703125
13 -11.445285 0.979520 100.880173 -0.933244 -0.325079 0.152901 0.554688 0.658203
body.png
13 -11.445285 0.979520 100.880173 -0.933244 -0.325079 0.152901 0.554688 0.658203
62 -10.048439 0.100935 106.041878 -0.674682 -0.230593 0.701164 0.554688 0.703125
13 -8.917025 7.994690 101.965424 -0.786575 0.544046 0.292084 0.601563 0.658203
body.png
62 -10.048439 0.100935 106.041878 -0.674682 -0.230593 0.701164 0.554688 0.703125
62 -7.268895 7.442300 107.340332 -0.480763 0.457600 0.747976 0.609375 0.705078
13 -8.917025 7.994690 101.965424 -0.786575 0.544046 0.292084 0.601563 0.658203
body.png
13 -8.917025 7.994690 101.965424 -0.786575 0.544046 0.292084 0.601563 0.658203
62 -7.268895 7.442300 107.340332 -0.480763 0.457600 0.747976 0.609375 0.705078
62 0.047680 11.269965 102.053635 0.001253 0.986882 0.161440 0.660156 0.658203
body.png
62 -7.268895 7.442300 107.340332 -0.480763 0.457600 0.747976 0.609375 0.705078
62 0.044420 10.695825 107.004929 0.000100 0.563748 0.825947 0.660156 0.703125
62 0.047680 11.269965 102.053635 0.001253 0.986882 0.161440 0.660156 0.658203
body.png
62 5.925590 -6.484465 102.836380 0.065817 -0.552350 0.831010 0.498047 0.703125
62 -0.029215 -7.684390 102.274742 0.001050 -0.181928 0.983311 0.433594 0.724609
62 -0.034855 -9.127666 101.135925 -0.000766 -0.986898 0.161346 0.433594 0.703125
body.png
62 -0.034855 -9.127666 101.135925 -0.000766 -0.986898 0.161346 0.433594 0.703125
62 -0.029215 -7.684390 102.274742 0.001050 -0.181928 0.983311 0.433594 0.724609
62 -5.924510 -6.486075 102.840004 -0.449479 -0.742164 0.497153 0.496094 0.703125
body.png
62 -0.029215 -7.684390 102.274742 0.001050 -0.181928 0.983311 0.433594 0.724609
62 -4.969795 -5.286255 103.654846 0.382742 0.163210 0.909324 0.498047 0.724609
62 -5.924510 -6.486075 102.840004 -0.449479 -0.742164 0.497153 0.496094 0.703125
body.png
62 -5.924510 -6.486075 102.840004 -0.449479 -0.742164 0.497153 0.496094 0.703125
62 -4.969795 -5.286255 103.654846 0.382742 0.163210 0.909324 0.498047 0.724609
62 -10.048439 0.100935 106.041878 -0.674682 -0.230593 0.701164 0.554688 0.703125
body.png
62 -4.969795 -5.286255 103.654846 0.382742 0.163210 0.909324 0.498047 0.724609
62 -8.548120 0.197205 106.483215 0.535409 0.073746 0.841367 0.556641 0.722656
62 -10.048439 0.100935 106.041878 -0.674682 -0.230593 0.701164 0.554688 0.703125
body.png
62 -10.048439 0.100935 106.041878 -0.674682 -0.230593 0.701164 0.554688 0.703125
62 -8.548120 0.197205 106.483215 0.535409 0.073746 0.841367 0.556641 0.722656
62 -7.268895 7.442300 107.340332 -0.480763 0.457600 0.747976 0.609375 0.705078
body.png
62 -8.548120 0.197205 106.483215 0.535409 0.073746 0.841367 0.556641 0.722656
62 -6.523340 6.352690 107.518936 0.523336 -0.316898 0.791009 0.611328 0.724609
62 -7.268895 7.442300 107.340332 -0.480763 0.457600 0.747976 0.609375 0.705078
body.png
62 -7.268895 7.442300 107.340332 -0.480763 0.457600 0.747976 0.609375 0.705078
62 -6.523340 6.352690 107.518936 0.523336 -0.316898 0.791009 0.611328 0.724609
62 0.044420 10.695825 107.004929 0.000100 0.563748 0.825947 0.660156 0.703125
body.png
62 -6.523340 6.352690 107.518936 0.523336 -0.316898 0.791009 0.611328 0.724609
62 0.039040 9.390255 107.460945 0.000512 -0.814623 0.579991 0.662109 0.724609
62 0.044420 10.695825 107.004929 0.000100 0.563748 0.825947 0.660156 0.703125
body.png
36 -18.015375 5.409210 83.775986 -0.102817 -0.502254 -0.858586 0.322266 0.408203
36 -18.286285 -0.601000 87.968719 -0.251137 -0.943075 -0.218038 0.291016 0.437500
36 -23.315804 0.821255 87.475128 0.024480 -0.944976 -0.326221 0.322266 0.455078
body.png
36 -23.315804 0.821255 87.475128 0.024480 -0.944976 -0.326221 0.322266 0.455078
36 -18.286285 -0.601000 87.968719 -0.251137 -0.943075 -0.218038 0.291016 0.437500
36 -24.814835 1.692830 92.558258 -0.204584 -0.725083 0.657571 0.320313 0.492188
body.png
36 -18.286285 -0.601000 87.968719 -0.251137 -0.943075 -0.218038 0.291016 0.437500
36 -20.170710 1.583265 94.835342 -0.360975 -0.656475 0.662373 0.283203 0.488281
36 -24.814835 1.692830 92.558258 -0.204584 -0.725083 0.657571 0.320313 0.492188
body.png
36 -24.814835 1.692830 92.558258 -0.204584 -0.725083 0.657571 0.320313 0.492188
36 -20.170710 1.583265 94.835342 -0.360975 -0.656475 0.662373 0.283203 0.488281
36 -24.786625 8.476980 94.481659 -0.237187 0.350804 0.905913 0.312500 0.537109
body.png
36 -20.170710 1.583265 94.835342 -0.360975 -0.656475 0.662373 0.283203 0.488281
36 -20.505781 8.497195 96.063263 -0.353885 0.508799 0.784786 0.281250 0.535156
36 -24.786625 8.476980 94.481659 -0.237187 0.350804 0.905913 0.312500 0.537109
body.png
36 -24.786625 8.476980 94.481659 -0.237187 0.350804 0.905913 0.312500 0.537109
36 -20.505781 8.497195 96.063263 -0.353885 0.508799 0.784786 0.281250 0.535156
36 -22.860926 11.476095 90.293350 0.034795 0.987739 0.152187 0.304688 0.574219
body.png
36 -20.505781 8.497195 96.063263 -0.353885 0.508799 0.784786 0.281250 0.535156
36 -18.176050 11.458595 91.387260 -0.044209 0.998947 0.012294 0.275391 0.576172
36 -22.860926 11.476095 90.293350 0.034795 0.987739 0.152187 0.304688 0.574219
body.png
36 -22.860926 11.476095 90.293350 0.034795 0.987739 0.152187 0.304688 0.574219
36 -18.176050 11.458595 91.387260 -0.044209 0.998947 0.012294 0.275391 0.576172
36 -22.592270 10.110609 85.505524 0.026209 0.795699 -0.605125 0.310547 0.607422
body.png
36 -18.176050 11.458595 91.387260 -0.044209 0.998947 0.012294 0.275391 0.576172
36 -17.747944 10.273665 84.856750 0.031399 0.674772 -0.737358 0.283203 0.619141
36 -22.592270 10.110609 85.505524 0.026209 0.795699 -0.605125 0.310547 0.607422
body.png
36 -22.864046 5.458130 82.831009 0.091341 -0.691161 -0.716906 0.341797 0.423828
36 -23.315804 0.821255 87.475128 0.024480 -0.944976 -0.326221 0.322266 0.455078
37 -26.544899 0.257745 87.338341 0.101041 -0.950792 -0.292891 0.345703 0.466797
body.png
37 -26.544899 0.257745 87.338341 0.101041 -0.950792 -0.292891 0.345703 0.466797
36 -23.315804 0.821255 87.475128 0.024480 -0.944976 -0.326221 0.322266 0.455078
37 -26.930941 1.560800 92.413094 0.026622 -0.701940 0.711739 0.337891 0.496094
body.png
36 -23.315804 0.821255 87.475128 0.024480 -0.944976 -0.326221 0.322266 0.455078
36 -24.814835 1.692830 92.558258 -0.204584 -0.725083 0.657571 0.320313 0.492188
37 -26.930941 1.560800 92.413094 0.026622 -0.701940 0.711739 0.337891 0.496094
body.png
37 -26.930941 1.560800 92.413094 0.026622 -0.701940 0.711739 0.337891 0.496094
36 -24.814835 1.692830 92.558258 -0.204584 -0.725083 0.657571 0.320313 0.492188
37 -26.356535 8.474720 94.204803 -0.204416 0.392546 0.896728 0.324219 0.539063
body.png
36 -24.814835 1.692830 92.558258 -0.204584 -0.725083 0.657571 0.320313 0.492188
36 -24.786625 8.476980 94.481659 -0.237187 0.350804 0.905913 0.312500 0.537109
37 -26.356535 8.474720 94.204803 -0.204416 0.392546 0.896728 0.324219 0.539063
body.png
37 -26.356535 8.474720 94.204803 -0.204416 0.392546 0.896728 0.324219 0.539063
36 -24.786625 8.476980 94.481659 -0.237187 0.350804 0.905913 0.312500 0.537109
36 -25.030405 11.802130 90.121452 -0.107507 0.955219 0.275679 0.318359 0.574219
body.png
36 -24.786625 8.476980 94.481659 -0.237187 0.350804 0.905913 0.312500 0.537109
36 -22.860926 11.476095 90.293350 0.034795 0.987739 0.152187 0.304688 0.574219
36 -25.030405 11.802130 90.121452 -0.107507 0.955219 0.275679 0.318359 0.574219
body.png
36 -25.030405 11.802130 90.121452 -0.107507 0.955219 0.275679 0.318359 0.574219
36 -22.860926 11.476095 90.293350 0.034795 0.987739 0.152187 0.304688 0.574219
36 -24.682455 10.549475 85.564880 -0.059667 0.854427 -0.516135 0.322266 0.603516
body.png
36 -22.860926 11.476095 90.293350 0.034795 0.987739 0.152187 0.304688 0.574219
36 -22.592270 10.110609 85.505524 0.026209 0.795699 -0.605125 0.310547 0.607422
36 -24.682455 10.549475 85.564880 -0.059667 0.854427 -0.516135 0.322266 0.603516
body.png
15 6.240355 -5.566755 124.702690 0.307473 -0.833052 0.459875 0.755859 0.689453
54 10.169981 -3.435175 127.929039 0.908927 -0.140927 0.392416 0.724609 0.718750
15 5.449180 -3.252220 127.652176 -0.063970 -0.159954 0.985049 0.708984 0.689453
body.png
15 5.449180 -3.252220 127.652176 -0.063970 -0.159954 0.985049 0.708984 0.689453
54 10.169981 -3.435175 127.929039 0.908927 -0.140927 0.392416 0.724609 0.718750
15 8.408930 -0.921925 126.168243 0.730543 0.173840 0.660368 0.714844 0.738281
body.png
54 10.169981 -3.435175 127.929039 0.908927 -0.140927 0.392416 0.724609 0.718750
15 8.156665 -1.581630 123.980515 0.961614 -0.260943 0.084894 0.748047 0.742188
15 8.408930 -0.921925 126.168243 0.730543 0.173840 0.660368 0.714844 0.738281
body.png
15 8.408930 -0.921925 126.168243 0.730543 0.173840 0.660368 0.714844 0.738281
15 8.156665 -1.581630 123.980515 0.961614 -0.260943 0.084894 0.748047 0.742188
54 11.588699 1.006875 124.233032 0.982341 -0.061337 0.176758 0.724609 0.763672
body.png
15 8.156665 -1.581630 123.980515 0.961614 -0.260943 0.084894 0.748047 0.742188
15 8.577110 3.367330 121.987152 0.983326 0.177945 0.037492 0.746094 0.800781
54 11.588699 1.006875 124.233032 0.982341 -0.061337 0.176758 0.724609 0.763672
body.png
54 11.588699 1.006875 124.233032 0.982341 -0.061337 0.176758 0.724609 0.763672
15 8.577110 3.367330 121.987152 0.983326 0.177945 0.037492 0.746094 0.800781
15 7.427115 3.533570 125.492126 0.501975 0.200310 0.841366 0.701172 0.791016
body.png
15 8.577110 3.367330 121.987152 0.983326 0.177945 0.037492 0.746094 0.800781
55 10.667371 6.158500 125.658768 0.894126 0.379014 0.238508 0.714844 0.818359
15 7.427115 3.533570 125.492126 0.501975 0.200310 0.841366 0.701172 0.791016
body.png
15 7.427115 3.533570 125.492126 0.501975 0.200310 0.841366 0.701172 0.791016
55 10.667371 6.158500 125.658768 0.894126 0.379014 0.238508 0.714844 0.818359
15 7.392560 7.298700 124.544724 0.097146 0.824168 0.557951 0.703125 0.837891
body.png
55 10.667371 6.158500 125.658768 0.894126 0.379014 0.238508 0.714844 0.818359
15 6.591950 6.985550 121.007278 0.545143 0.835873 -0.064309 0.742188 0.849609
15 7.392560 7.298700 124.544724 0.097146 0.824168 0.557951 0.703125 0.837891
body.png
15 7.427115 3.533570 125.492126 0.994029 0.101263 0.040647 0.988281 0.820313
54 8.690610 1.785640 130.737427 0.616972 0.267012 0.740304 0.972656 0.794922
15 8.408930 -0.921925 126.168243 0.958150 -0.278845 0.064759 0.994141 0.781250
body.png
15 8.408930 -0.921925 126.168243 0.958150 -0.278845 0.064759 0.994141 0.781250
54 8.690610 1.785640 130.737427 0.616972 0.267012 0.740304 0.972656 0.794922
15 4.859245 -0.693485 129.263809 0.321882 -0.299725 0.898085 0.958984 0.773438
body.png
54 8.690610 1.785640 130.737427 0.616972 0.267012 0.740304 0.972656 0.794922
15 4.976930 3.623105 128.301682 0.487503 0.309118 0.816570 0.951172 0.812500
15 4.859245 -0.693485 129.263809 0.321882 -0.299725 0.898085 0.958984 0.773438
body.png
15 4.859245 -0.693485 129.263809 0.321882 -0.299725 0.898085 0.958984 0.773438
15 4.976930 3.623105 128.301682 0.487503 0.309118 0.816570 0.951172 0.812500
54 4.191890 2.210475 132.903870 0.306983 0.225196 0.924688 0.941406 0.791016
body.png
15 4.976930 3.623105 128.301682 0.487503 0.309118 0.816570 0.951172 0.812500
15 2.077385 3.778200 129.089783 0.099788 0.369642 0.923800 0.917969 0.810547
54 4.191890 2.210475 132.903870 0.306983 0.225196 0.924688 0.941406 0.791016
body.png
54 4.191890 2.210475 132.903870 0.306983 0.225196 0.924688 0.941406 0.791016
15 2.077385 3.778200 129.089783 0.099788 0.369642 0.923800 0.917969 0.810547
15 1.908780 -0.751335 130.379105 0.022425 -0.490066 0.871397 0.923828 0.767578
body.png
15 2.077385 3.778200 129.089783 0.099788 0.369642 0.923800 0.917969 0.810547
54 -0.960080 1.772970 133.712143 -0.083153 0.154046 0.984559 0.896484 0.787109
15 1.908780 -0.751335 130.379105 0.022425 -0.490066 0.871397 0.923828 0.767578
body.png
15 1.908780 -0.751335 130.379105 0.022425 -0.490066 0.871397 0.923828 0.767578
54 -0.960080 1.772970 133.712143 -0.083153 0.154046 0.984559 0.896484 0.787109
15 0.009270 -0.647360 129.914276 -0.037825 -0.847053 0.530161 0.896484 0.759766
body.png
54 -0.960080 1.772970 133.712143 -0.083153 0.154046 0.984559 0.896484 0.787109
15 -2.291260 -0.763580 130.130035 -0.182493 -0.486951 0.854152 0.869141 0.767578
15 0.009270 -0.647360 129.914276 -0.037825 -0.847053 0.530161 0.896484 0.759766
body.png
15 2.095450 8.150485 127.315567 0.154874 0.454910 0.876967 0.923828 0.873047
55 -0.908375 12.240765 127.311241 -0.047738 0.851252 0.522582 0.894531 0.892578
15 0.045695 8.220160 127.408638 0.000775 0.024401 0.999702 0.894531 0.863281
body.png
15 0.045695 8.220160 127.408638 0.000775 0.024401 0.999702 0.894531 0.863281
55 -0.908375 12.240765 127.311241 -0.047738 0.851252 0.522582 0.894531 0.892578
15 -2.054515 8.167310 127.314789 -0.243745 0.399198 0.883872 0.865234 0.873047
body.png
55 -0.908375 12.240765 127.311241 -0.047738 0.851252 0.522582 0.894531 0.892578
15 -2.045360 10.193171 122.293007 -0.202241 0.963828 0.173594 0.871094 0.927734
15 -2.054515 8.167310 127.314789 -0.243745 0.399198 0.883872 0.865234 0.873047
body.png
15 -2.054515 8.167310 127.314789 -0.243745 0.399198 0.883872 0.865234 0.873047
15 -2.045360 10.193171 122.293007 -0.202241 0.963828 0.173594 0.871094 0.927734
55 -4.961345 11.459435 126.095535 -0.402793 0.834069 0.376944 0.845703 0.898438
body.png
15 -2.045360 10.193171 122.293007 -0.202241 0.963828 0.173594 0.871094 0.927734
15 -4.698125 9.493990 121.822403 -0.410351 0.890142 0.198137 0.835938 0.933594
55 -4.961345 11.459435 126.095535 -0.402793 0.834069 0.376944 0.845703 0.898438
body.png
55 -4.961345 11.459435 126.095535 -0.402793 0.834069 0.376944 0.845703 0.898438
15 -4.698125 9.493990 121.822403 -0.410351 0.890142 0.198137 0.835938 0.933594
15 -4.956185 7.720235 126.411758 -0.536457 0.259494 0.803042 0.828125 0.884766
body.png
15 -4.698125 9.493990 121.822403 -0.410351 0.890142 0.198137 0.835938 0.933594
55 -7.715530 10.380754 124.964867 -0.613739 0.773920 0.156115 0.812500 0.908203
15 -4.956185 7.720235 126.411758 -0.536457 0.259494 0.803042 0.828125 0.884766
body.png
15 -4.956185 7.720235 126.411758 -0.536457 0.259494 0.803042 0.828125 0.884766
55 -7.715530 10.380754 124.964867 -0.613739 0.773920 0.156115 0.812500 0.908203
15 -7.357535 7.302995 124.498146 -0.958561 -0.148376 0.243199 0.796875 0.904297
body.png
55 -7.715530 10.380754 124.964867 -0.613739 0.773920 0.156115 0.812500 0.908203
15 -6.050095 8.988155 121.328629 -0.937387 0.315005 -0.148587 0.816406 0.943359
15 -7.357535 7.302995 124.498146 -0.958561 -0.148376 0.243199 0.796875 0.904297
body.png
15 -5.450930 -3.257680 127.655983 -0.112120 -0.230580 0.966572 0.707031 0.673828
54 -10.579900 -3.406775 127.025467 -0.934039 -0.111918 0.339185 0.724609 0.646484
15 -6.259740 -5.565725 124.706200 -0.345347 -0.840954 0.416571 0.751953 0.677734
body.png
15 -6.259740 -5.565725 124.706200 -0.345347 -0.840954 0.416571 0.751953 0.677734
54 -10.579900 -3.406775 127.025467 -0.934039 -0.111918 0.339185 0.724609 0.646484
15 -8.143400 -1.565195 123.983307 -0.977973 -0.201370 0.054948 0.748047 0.626953
body.png
54 -10.579900 -3.406775 127.025467 -0.934039 -0.111918 0.339185 0.724609 0.646484
15 -8.391130 -0.903460 126.170944 -0.652288 0.151689 0.742638 0.716797 0.626953
15 -8.143400 -1.565195 123.983307 -0.977973 -0.201370 0.054948 0.748047 0.626953
body.png
15 -8.143400 -1.565195 123.983307 -0.977973 -0.201370 0.054948 0.748047 0.626953
15 -8.391130 -0.903460 126.170944 -0.652288 0.151689 0.742638 0.716797 0.626953
54 -11.411575 1.042025 125.443871 -0.950040 -0.069799 0.304223 0.726563 0.603516
body.png
15 -8.391130 -0.903460 126.170944 -0.652288 0.151689 0.742638 0.716797 0.626953
15 -7.423165 3.494470 125.501053 -0.482349 0.200639 0.852692 0.705078 0.576172
54 -11.411575 1.042025 125.443871 -0.950040 -0.069799 0.304223 0.726563 0.603516
body.png
54 -11.411575 1.042025 125.443871 -0.950040 -0.069799 0.304223 0.726563 0.603516
15 -7.423165 3.494470 125.501053 -0.482349 0.200639 0.852692 0.705078 0.576172
15 -8.572949 3.387210 121.989784 -0.983302 0.177235 0.041286 0.748047 0.568359
body.png
15 -7.423165 3.494470 125.501053 -0.482349 0.200639 0.852692 0.705078 0.576172
55 -10.732526 6.183681 124.705429 -0.918283 0.351331 0.182546 0.718750 0.552734
15 -8.572949 3.387210 121.989784 -0.983302 0.177235 0.041286 0.748047 0.568359
body.png
15 -8.572949 3.387210 121.989784 -0.983302 0.177235 0.041286 0.748047 0.568359
55 -10.732526 6.183681 124.705429 -0.918283 0.351331 0.182546 0.718750 0.552734
15 -6.608145 6.989415 121.010658 -0.507737 0.858190 -0.075588 0.746094 0.523438
body.png
55 -10.732526 6.183681 124.705429 -0.918283 0.351331 0.182546 0.718750 0.552734
15 -7.357535 7.302995 124.498146 -0.232538 0.802824 0.548998 0.707031 0.531250
15 -6.608145 6.989415 121.010658 -0.507737 0.858190 -0.075588 0.746094 0.523438
body.png
65 0.000000 -11.691800 67.527237 0.000000 -0.015172 -0.999885 0.033203 0.242188
65 6.300000 -9.991800 68.077232 0.150401 -0.057217 -0.986968 0.031250 0.148438
65 0.000000 -11.891800 70.677246 -0.000443 -0.999930 0.011809 0.095703 0.242188
body.png
65 0.000000 -11.891800 70.677246 -0.000443 -0.999930 0.011809 0.095703 0.242188
65 6.300000 -9.991800 68.077232 0.150401 -0.057217 -0.986968 0.031250 0.148438
65 6.200000 -9.741800 71.377235 0.574653 -0.810061 0.116509 0.095703 0.148438
body.png
65 6.300000 -9.991800 68.077232 0.150401 -0.057217 -0.986968 0.031250 0.148438
1 13.700000 -2.940890 69.390114 0.204570 -0.018062 -0.978685 0.031250 0.025391
65 6.200000 -9.741800 71.377235 0.574653 -0.810061 0.116509 0.095703 0.148438
body.png
65 6.200000 -9.741800 71.377235 0.574653 -0.810061 0.116509 0.095703 0.148438
1 13.700000 -2.940890 69.390114 0.204570 -0.018062 -0.978685 0.031250 0.025391
10 13.500000 -2.315575 72.513474 0.988239 -0.131232 0.078492 0.093750 0.025391
body.png
1 13.700000 -2.940890 69.390114 0.204570 -0.018062 -0.978685 0.031250 0.025391
66 12.200001 5.209550 69.493446 0.094093 -0.022228 -0.995315 0.031250 0.025391
10 13.500000 -2.315575 72.513474 0.988239 -0.131232 0.078492 0.093750 0.025391
body.png
10 13.500000 -2.315575 72.513474 0.988239 -0.131232 0.078492 0.093750 0.025391
66 12.200001 5.209550 69.493446 0.094093 -0.022228 -0.995315 0.031250 0.025391
66 12.150001 5.509550 72.143448 0.817574 0.571000 -0.074379 0.093750 0.025391
body.png
66 12.200001 5.209550 69.493446 0.094093 -0.022228 -0.995315 0.031250 0.025391
66 7.650000 9.259550 69.343445 0.027743 -0.020968 -0.999395 0.033203 0.148438
66 12.150001 5.509550 72.143448 0.817574 0.571000 -0.074379 0.093750 0.025391
body.png
66 12.150001 5.509550 72.143448 0.817574 0.571000 -0.074379 0.093750 0.025391
66 7.650000 9.259550 69.343445 0.027743 -0.020968 -0.999395 0.033203 0.148438
66 7.900000 9.509550 71.843445 0.362219 0.926341 -0.103396 0.095703 0.148438
body.png
66 7.650000 9.259550 69.343445 0.027743 -0.020968 -0.999395 0.033203 0.148438
66 0.000000 10.759550 69.243439 -0.000163 0.022034 -0.999757 0.033203 0.242188
66 7.900000 9.509550 71.843445 0.362219 0.926341 -0.103396 0.095703 0.148438
body.png
65 0.000000 -11.691800 67.527237 0.000000 -0.015172 -0.999885 0.033203 0.242188
65 -6.300000 -9.991800 68.077232 -0.153243 -0.060431 -0.986339 0.033203 0.148438
65 0.000000 -11.241799 70.677246 0.000365 0.978356 -0.206928 0.095703 0.242188
body.png
65 0.000000 -11.241799 70.677246 0.000365 0.978356 -0.206928 0.095703 0.242188
65 -6.300000 -9.991800 68.077232 -0.153243 -0.060431 -0.986339 0.033203 0.148438
65 -5.850000 -9.191800 71.377235 0.535240 0.793602 -0.289334 0.095703 0.148438
body.png
65 -6.300000 -9.991800 68.077232 -0.153243 -0.060431 -0.986339 0.033203 0.148438
1 -13.650000 -2.940890 69.390114 -0.207154 -0.020300 -0.978098 0.031250 0.025391
65 -5.850000 -9.191800 71.377235 0.535240 0.793602 -0.289334 0.095703 0.148438
body.png
65 -5.850000 -9.191800 71.377235 0.535240 0.793602 -0.289334 0.095703 0.148438
1 -13.650000 -2.940890 69.390114 -0.207154 -0.020300 -0.978098 0.031250 0.025391
10 -12.900000 -2.165575 72.513474 0.954485 0.124546 -0.271009 0.093750 0.025391
body.png
1 -13.650000 -2.940890 69.390114 -0.207154 -0.020300 -0.978098 0.031250 0.025391
66 -12.150001 5.209550 69.493446 -0.084512 -0.026412 -0.996072 0.031250 0.025391
10 -12.900000 -2.165575 72.513474 0.954485 0.124546 -0.271009 0.093750 0.025391
body.png
10 -12.900000 -2.165575 72.513474 0.954485 0.124546 -0.271009 0.093750 0.025391
66 -12.150001 5.209550 69.493446 -0.084512 -0.026412 -0.996072 0.031250 0.025391
66 -11.549999 5.259550 72.143448 0.799699 -0.578371 -0.161147 0.093750 0.025391
body.png
66 -12.150001 5.209550 69.493446 -0.084512 -0.026412 -0.996072 0.031250 0.025391
66 -7.650000 9.259550 69.343445 -0.029163 -0.019356 -0.999387 0.033203 0.148438
66 -11.549999 5.259550 72.143448 0.799699 -0.578371 -0.161147 0.093750 0.025391
body.png
66 -11.549999 5.259550 72.143448 0.799699 -0.578371 -0.161147 0.093750 0.025391
66 -7.650000 9.259550 69.343445 -0.029163 -0.019356 -0.999387 0.033203 0.148438
66 -7.450000 9.059550 71.843445 0.354152 -0.926359 -0.128201 0.095703 0.148438
body.png
66 -7.650000 9.259550 69.343445 -0.029163 -0.019356 -0.999387 0.033203 0.148438
66 0.000000 10.759550 69.243439 -0.000163 0.022034 -0.999757 0.033203 0.242188
66 -7.450000 9.059550 71.843445 0.354152 -0.926359 -0.128201 0.095703 0.148438
body.png
1 0.000000 -10.190889 69.690109 -0.001273 -0.974751 0.223293 0.113281 0.931641
10 -5.100000 -7.265575 75.613472 -0.494146 -0.855090 0.156976 0.113281 0.931641
1 -5.550000 -8.340890 70.290108 -0.535932 -0.816405 0.215081 0.113281 0.931641
body.png
1 -5.550000 -8.340890 70.290108 -0.535932 -0.816405 0.215081 0.113281 0.931641
10 -5.100000 -7.265575 75.613472 -0.494146 -0.855090 0.156976 0.113281 0.931641
10 -11.000000 -1.665575 76.913475 -0.937127 -0.318525 0.142600 0.113281 0.931641
body.png
10 -5.100000 -7.265575 75.613472 -0.494146 -0.855090 0.156976 0.113281 0.931641
11 -10.950001 -0.908915 82.234787 -0.949219 -0.311222 0.046083 0.113281 0.931641
10 -11.000000 -1.665575 76.913475 -0.937127 -0.318525 0.142600 0.113281 0.931641
body.png
10 -11.000000 -1.665575 76.913475 -0.937127 -0.318525 0.142600 0.113281 0.931641
11 -10.950001 -0.908915 82.234787 -0.949219 -0.311222 0.046083 0.113281 0.931641
10 -9.800000 4.884425 77.013474 -0.877269 0.479700 0.016939 0.113281 0.931641
body.png
11 -10.950001 -0.908915 82.234787 -0.949219 -0.311222 0.046083 0.113281 0.931641
11 -9.774045 5.440355 82.037498 -0.816664 0.574388 -0.056021 0.113281 0.931641
10 -9.800000 4.884425 77.013474 -0.877269 0.479700 0.016939 0.113281 0.931641
body.png
10 -9.800000 4.884425 77.013474 -0.877269 0.479700 0.016939 0.113281 0.931641
11 -9.774045 5.440355 82.037498 -0.816664 0.574388 -0.056021 0.113281 0.931641
10 -6.300000 8.134425 76.763474 -0.455441 0.889715 -0.031323 0.113281 0.931641
body.png
11 -9.774045 5.440355 82.037498 -0.816664 0.574388 -0.056021 0.113281 0.931641
11 -6.210740 8.689140 81.848434 -0.363692 0.927237 -0.089217 0.113281 0.931641
10 -6.300000 8.134425 76.763474 -0.455441 0.889715 -0.031323 0.113281 0.931641
body.png
10 -6.300000 8.134425 76.763474 -0.455441 0.889715 -0.031323 0.113281 0.931641
11 -6.210740 8.689140 81.848434 -0.363692 0.927237 -0.089217 0.113281 0.931641
10 0.000000 9.384425 76.563477 0.000835 0.998145 -0.060873 0.113281 0.931641
body.png
11 -6.210740 8.689140 81.848434 -0.363692 0.927237 -0.089217 0.113281 0.931641
11 0.044040 9.847265 81.651154 0.000952 0.995886 -0.090607 0.113281 0.931641
10 0.000000 9.384425 76.563477 0.000835 0.998145 -0.060873 0.113281 0.931641
body.png
11 0.044040 9.847265 81.651154 0.000952 0.995886 -0.090607 0.113281 0.931641
11 6.239355 8.687590 81.840210 0.367142 0.925334 -0.094673 0.113281 0.931641
10 0.000000 9.384425 76.563477 0.000835 0.998145 -0.060873 0.113281 0.931641
body.png
10 0.000000 9.384425 76.563477 0.000835 0.998145 -0.060873 0.113281 0.931641
11 6.239355 8.687590 81.840210 0.367142 0.925334 -0.094673 0.113281 0.931641
10 6.250000 8.134425 76.763474 0.455799 0.889359 -0.035902 0.113281 0.931641
body.png
11 6.239355 8.687590 81.840210 0.367142 0.925334 -0.094673 0.113281 0.931641
11 9.775990 5.409795 82.029266 0.816943 0.573805 -0.057904 0.113281 0.931641
10 6.250000 8.134425 76.763474 0.455799 0.889359 -0.035902 0.113281 0.931641
body.png
10 6.250000 8.134425 76.763474 0.455799 0.889359 -0.035902 0.113281 0.931641
11 9.775990 5.409795 82.029266 0.816943 0.573805 -0.057904 0.113281 0.931641
10 9.800000 4.884425 77.013474 0.873442 0.486653 0.016366 0.113281 0.931641
body.png
11 9.775990 5.409795 82.029266 0.816943 0.573805 -0.057904 0.113281 0.931641
11 10.950021 -0.949075 82.226563 0.949552 -0.309640 0.049728 0.113281 0.931641
10 9.800000 4.884425 77.013474 0.873442 0.486653 0.016366 0.113281 0.931641
body.png
10 9.800000 4.884425 77.013474 0.873442 0.486653 0.016366 0.113281 0.931641
11 10.950021 -0.949075 82.226563 0.949552 -0.309640 0.049728 0.113281 0.931641
10 11.050000 -1.665575 76.913475 0.938287 -0.315475 0.141750 0.113281 0.931641
body.png
11 10.950021 -0.949075 82.226563 0.949552 -0.309640 0.049728 0.113281 0.931641
10 5.150000 -7.265575 75.613472 0.492840 -0.855695 0.157781 0.113281 0.931641
10 11.050000 -1.665575 76.913475 0.938287 -0.315475 0.141750 0.113281 0.931641
body.png
10 11.050000 -1.665575 76.913475 0.938287 -0.315475 0.141750 0.113281 0.931641
10 5.150000 -7.265575 75.613472 0.492840 -0.855695 0.157781 0.113281 0.931641
1 5.600000 -8.340890 70.290108 0.536860 -0.816286 0.213208 0.113281 0.931641
body.png
10 5.150000 -7.265575 75.613472 0.492840 -0.855695 0.157781 0.113281 0.931641
1 0.000000 -10.190889 69.690109 -0.001273 -0.974751 0.223293 0.113281 0.931641
1 5.600000 -8.340890 70.290108 0.536860 -0.816286 0.213208 0.113281 0.931641
body.png
8 -15.736409 8.144215 0.019205 -0.498057 0.866959 -0.017897 0.533203 0.996094
8 -11.432534 8.906315 3.767315 0.319121 0.947507 0.019789 0.484375 0.951172
8 -11.435485 8.924870 0.007710 0.314412 0.949276 0.004438 0.486328 0.996094
body.png
8 -11.435485 8.924870 0.007710 0.314412 0.949276 0.004438 0.486328 0.996094
8 -11.432534 8.906315 3.767315 0.319121 0.947507 0.019789 0.484375 0.951172
8 -8.454655 5.735190 0.032180 0.920592 0.390489 -0.005365 0.533203 0.996094
body.png
8 -11.432534 8.906315 3.767315 0.319121 0.947507 0.019789 0.484375 0.951172
8 -8.403205 5.671730 3.881965 0.981944 0.188943 0.009307 0.535156 0.953125
8 -8.454655 5.735190 0.032180 0.920592 0.390489 -0.005365 0.533203 0.996094
body.png
8 -8.454655 5.735190 0.032180 0.920592 0.390489 -0.005365 0.533203 0.996094
8 -8.403205 5.671730 3.881965 0.981944 0.188943 0.009307 0.535156 0.953125
8 -9.657855 2.510335 0.043810 0.957705 -0.287532 0.011254 0.593750 0.996094
body.png
8 -8.403205 5.671730 3.881965 0.981944 0.188943 0.009307 0.535156 0.953125
8 -9.770425 2.320810 3.558620 0.932706 -0.354968 0.063699 0.589844 0.953125
8 -9.657855 2.510335 0.043810 0.957705 -0.287532 0.011254 0.593750 0.996094
body.png
8 -9.657855 2.510335 0.043810 0.957705 -0.287532 0.011254 0.593750 0.996094
8 -9.770425 2.320810 3.558620 0.932706 -0.354968 0.063699 0.589844 0.953125
9 -10.688175 -2.024420 2.248905 0.958654 -0.248901 0.137952 0.658203 0.964844
body.png
8 -9.770425 2.320810 3.558620 0.932706 -0.354968 0.063699 0.589844 0.953125
9 -12.042835 -2.442095 5.957735 0.639439 -0.471588 0.607226 0.667969 0.923828
9 -10.688175 -2.024420 2.248905 0.958654 -0.248901 0.137952 0.658203 0.964844
body.png
9 -10.688175 -2.024420 2.248905 0.958654 -0.248901 0.137952 0.658203 0.964844
9 -12.042835 -2.442095 5.957735 0.639439 -0.471588 0.607226 0.667969 0.923828
9 -11.775940 -6.246535 1.646415 0.861705 -0.451151 0.232222 0.708984 0.972656
body.png
9 -12.042835 -2.442095 5.957735 0.639439 -0.471588 0.607226 0.667969 0.923828
9 -12.938729 -6.537685 4.400165 0.099924 -0.960055 0.261362 0.718750 0.941406
9 -11.775940 -6.246535 1.646415 0.861705 -0.451151 0.232222 0.708984 0.972656
body.png
5 12.961260 -6.515910 4.385425 -0.094004 -0.961925 0.256638 0.718750 0.941406
5 12.033290 -2.437715 5.964085 -0.639709 -0.471838 0.606747 0.667969 0.923828
5 11.838570 -6.270875 1.641880 -0.860169 -0.455695 0.229023 0.708984 0.972656
body.png
5 11.838570 -6.270875 1.641880 -0.860169 -0.455695 0.229023 0.708984 0.972656
5 12.033290 -2.437715 5.964085 -0.639709 -0.471838 0.606747 0.667969 0.923828
5 10.691660 -2.075130 2.254495 -0.958601 -0.251940 0.132707 0.658203 0.964844
body.png
5 12.033290 -2.437715 5.964085 -0.639709 -0.471838 0.606747 0.667969 0.923828
4 9.810015 2.299085 3.555160 -0.933058 -0.353751 0.065287 0.589844 0.953125
5 10.691660 -2.075130 2.254495 -0.958601 -0.251940 0.132707 0.658203 0.964844
body.png
5 10.691660 -2.075130 2.254495 -0.958601 -0.251940 0.132707 0.658203 0.964844
4 9.810015 2.299085 3.555160 -0.933058 -0.353751 0.065287 0.589844 0.953125
4 9.664860 2.518725 0.020240 -0.957209 -0.289230 0.009849 0.593750 0.996094
body.png
4 9.810015 2.299085 3.555160 -0.933058 -0.353751 0.065287 0.589844 0.953125
4 8.391000 5.697365 3.876210 -0.982393 0.186451 0.011864 0.535156 0.953125
4 9.664860 2.518725 0.020240 -0.957209 -0.289230 0.009849 0.593750 0.996094
body.png
4 9.664860 2.518725 0.020240 -0.957209 -0.289230 0.009849 0.593750 0.996094
4 8.391000 5.697365 3.876210 -0.982393 0.186451 0.011864 0.535156 0.953125
4 8.454835 5.744840 0.042650 -0.920231 0.391274 -0.008898 0.533203 0.996094
body.png
4 8.391000 5.697365 3.876210 -0.982393 0.186451 0.011864 0.535156 0.953125
4 11.415430 8.906811 3.790895 -0.317709 0.947905 0.023159 0.484375 0.951172
4 8.454835 5.744840 0.042650 -0.920231 0.391274 -0.008898 0.533203 0.996094
body.png
4 8.454835 5.744840 0.042650 -0.920231 0.391274 -0.008898 0.533203 0.996094
4 11.415430 8.906811 3.790895 -0.317709 0.947905 0.023159 0.484375 0.951172
4 11.430010 8.924680 -0.001460 -0.318932 0.947772 0.003240 0.486328 0.996094
body.png
4 11.415430 8.906811 3.790895 -0.317709 0.947905 0.023159 0.484375 0.951172
4 15.733549 8.188445 0.002390 0.497135 0.867663 -0.004191 0.533203 0.996094
4 11.430010 8.924680 -0.001460 -0.318932 0.947772 0.003240 0.486328 0.996094
body.png
69 27.309950 4.982565 93.632828 0.336410 -0.007486 -0.941686 0.970703 0.017578
69 27.308395 4.642330 93.741188 0.993677 0.054970 -0.097903 0.974609 0.029297
69 27.292355 4.523255 93.597786 0.557536 -0.593904 -0.580028 0.970703 0.031250
body.png
69 27.292355 4.523255 93.597786 0.557536 -0.593904 -0.580028 0.970703 0.031250
69 27.308395 4.642330 93.741188 0.993677 0.054970 -0.097903 0.974609 0.029297
69 27.370340 4.384935 94.087463 0.844954 -0.472407 0.250768 0.974609 0.042969
body.png
69 27.308395 4.642330 93.741188 0.993677 0.054970 -0.097903 0.974609 0.029297
69 27.336166 4.576500 94.019386 0.984501 -0.000871 -0.175378 0.978516 0.042969
69 27.370340 4.384935 94.087463 0.844954 -0.472407 0.250768 0.974609 0.042969
body.png
69 27.370340 4.384935 94.087463 0.844954 -0.472407 0.250768 0.974609 0.042969
69 27.336166 4.576500 94.019386 0.984501 -0.000871 -0.175378 0.978516 0.042969
69 27.432178 4.870860 94.322090 0.856411 0.179984 0.483906 0.974609 0.058594
body.png
69 27.336166 4.576500 94.019386 0.984501 -0.000871 -0.175378 0.978516 0.042969
69 27.410164 4.850895 94.166794 0.984832 -0.076088 -0.155936 0.978516 0.058594
69 27.432178 4.870860 94.322090 0.856411 0.179984 0.483906 0.974609 0.058594
body.png
69 27.432178 4.870860 94.322090 0.856411 0.179984 0.483906 0.974609 0.058594
69 27.410164 4.850895 94.166794 0.984832 -0.076088 -0.155936 0.978516 0.058594
69 27.386501 5.234025 94.008209 0.771366 0.611400 -0.176595 0.972656 0.072266
body.png
69 27.410164 4.850895 94.166794 0.984832 -0.076088 -0.155936 0.978516 0.058594
69 27.376211 5.029150 93.987717 0.980123 -0.029606 -0.196169 0.976563 0.072266
69 27.386501 5.234025 94.008209 0.771366 0.611400 -0.176595 0.972656 0.072266
body.png
69 27.386501 5.234025 94.008209 0.771366 0.611400 -0.176595 0.972656 0.072266
69 27.376211 5.029150 93.987717 0.980123 -0.029606 -0.196169 0.976563 0.072266
69 27.309950 4.982565 93.632828 0.661568 0.553636 -0.505782 0.972656 0.083984
body.png
13 -12.599781 11.874950 93.755630 -0.041808 0.969584 0.241163 0.236328 0.576172
36 -20.505781 8.497195 96.063263 -0.353885 0.508799 0.784786 0.281250 0.535156
36 -16.876209 8.540610 97.662277 -0.366936 0.437349 0.821026 0.257813 0.535156
body.png
36 -16.876209 8.540610 97.662277 -0.366936 0.437349 0.821026 0.257813 0.535156
36 -20.505781 8.497195 96.063263 -0.353885 0.508799 0.784786 0.281250 0.535156
36 -17.780815 1.818070 96.474159 -0.477546 -0.597666 0.644007 0.265625 0.488281
body.png
36 -20.505781 8.497195 96.063263 -0.353885 0.508799 0.784786 0.281250 0.535156
36 -20.170710 1.583265 94.835342 -0.360975 -0.656475 0.662373 0.283203 0.488281
36 -17.780815 1.818070 96.474159 -0.477546 -0.597666 0.644007 0.265625 0.488281
body.png
36 -17.780815 1.818070 96.474159 -0.477546 -0.597666 0.644007 0.265625 0.488281
36 -20.170710 1.583265 94.835342 -0.360975 -0.656475 0.662373 0.283203 0.488281
36 -14.652895 -1.202055 89.707886 -0.173246 -0.973587 0.148706 0.267578 0.433594
body.png
36 -20.170710 1.583265 94.835342 -0.360975 -0.656475 0.662373 0.283203 0.488281
36 -18.286285 -0.601000 87.968719 -0.251137 -0.943075 -0.218038 0.291016 0.437500
36 -14.652895 -1.202055 89.707886 -0.173246 -0.973587 0.148706 0.267578 0.433594
body.png
36 -14.652895 -1.202055 89.707886 -0.173246 -0.973587 0.148706 0.267578 0.433594
36 -18.286285 -0.601000 87.968719 -0.251137 -0.943075 -0.218038 0.291016 0.437500
11 -12.249250 -0.722760 84.536369 -0.690661 -0.657790 -0.300500 0.269531 0.396484
body.png
36 -18.286285 -0.601000 87.968719 -0.251137 -0.943075 -0.218038 0.291016 0.437500
36 -18.015375 5.409210 83.775986 -0.102817 -0.502254 -0.858586 0.322266 0.408203
11 -12.249250 -0.722760 84.536369 -0.690661 -0.657790 -0.300500 0.269531 0.396484
body.png
11 -12.249250 -0.722760 84.536369 -0.690661 -0.657790 -0.300500 0.269531 0.396484
36 -18.015375 5.409210 83.775986 -0.102817 -0.502254 -0.858586 0.322266 0.408203
11 -12.873686 5.535225 83.747246 -0.002473 -0.125350 -0.992109 0.312500 0.380859
body.png
11 -10.049755 11.384564 90.931473 -0.043095 0.993163 -0.108493 0.222656 0.597656
13 -12.599781 11.874950 93.755630 -0.041808 0.969584 0.241163 0.236328 0.576172
13 -10.153675 10.942164 94.469063 0.124932 0.926529 0.354874 0.220703 0.578125
body.png
13 -10.153675 10.942164 94.469063 0.124932 0.926529 0.354874 0.220703 0.578125
13 -12.599781 11.874950 93.755630 -0.041808 0.969584 0.241163 0.236328 0.576172
13 -13.716290 8.101305 100.141785 -0.336020 0.500645 0.797776 0.234375 0.531250
body.png
13 -12.599781 11.874950 93.755630 -0.041808 0.969584 0.241163 0.236328 0.576172
36 -16.876209 8.540610 97.662277 -0.571556 0.289622 0.767752 0.255859 0.535156
13 -13.716290 8.101305 100.141785 -0.336020 0.500645 0.797776 0.234375 0.531250
body.png
13 -13.716290 8.101305 100.141785 -0.336020 0.500645 0.797776 0.234375 0.531250
36 -16.876209 8.540610 97.662277 -0.571556 0.289622 0.767752 0.255859 0.535156
13 -14.344710 1.052195 99.261360 -0.594431 -0.486574 0.640233 0.240234 0.490234
body.png
36 -16.876209 8.540610 97.662277 -0.571556 0.289622 0.767752 0.255859 0.535156
36 -17.780815 1.818070 96.474159 -0.477546 -0.597666 0.644007 0.265625 0.488281
13 -14.344710 1.052195 99.261360 -0.594431 -0.486574 0.640233 0.240234 0.490234
body.png
13 -14.344710 1.052195 99.261360 -0.594431 -0.486574 0.640233 0.240234 0.490234
36 -17.780815 1.818070 96.474159 -0.477546 -0.597666 0.644007 0.265625 0.488281
13 -11.655479 -1.989985 91.060402 -0.543559 -0.835678 0.078651 0.248047 0.429688
body.png
36 -17.780815 1.818070 96.474159 -0.477546 -0.597666 0.644007 0.265625 0.488281
36 -14.652895 -1.202055 89.707886 -0.269467 -0.962315 0.036574 0.267578 0.431641
13 -11.655479 -1.989985 91.060402 -0.543559 -0.835678 0.078651 0.248047 0.429688
body.png
13 -11.655479 -1.989985 91.060402 -0.543559 -0.835678 0.078651 0.248047 0.429688
36 -14.652895 -1.202055 89.707886 -0.269467 -0.962315 0.036574 0.267578 0.431641
11 -12.249250 -0.722760 84.536369 -0.690661 -0.657790 -0.300500 0.269531 0.396484
body.png
18 37.141056 7.885780 89.074890 0.286078 0.587169 0.757227 0.023438 0.478516
19 39.476189 5.242485 90.242348 0.058458 0.324641 0.944029 0.044922 0.500000
19 39.705311 7.058985 88.534912 0.017394 0.683625 0.729626 0.029297 0.501953
body.png
19 39.705311 7.058985 88.534912 0.017394 0.683625 0.729626 0.029297 0.501953
19 39.476189 5.242485 90.242348 0.058458 0.324641 0.944029 0.044922 0.500000
19 43.402611 6.955265 90.373161 -0.007386 0.249102 0.968449 0.027344 0.533203
body.png
19 39.476189 5.242485 90.242348 0.058458 0.324641 0.944029 0.044922 0.500000
19 43.982643 3.709450 90.674431 0.092832 0.005911 0.995664 0.056641 0.541016
19 43.402611 6.955265 90.373161 -0.007386 0.249102 0.968449 0.027344 0.533203
body.png
19 43.402611 6.955265 90.373161 -0.007386 0.249102 0.968449 0.027344 0.533203
19 43.982643 3.709450 90.674431 0.092832 0.005911 0.995664 0.056641 0.541016
20 46.318352 5.465245 89.981827 0.321870 0.032115 0.946239 0.039063 0.560547
body.png
19 43.982643 3.709450 90.674431 0.092832 0.005911 0.995664 0.056641 0.541016
20 46.405029 3.469025 89.991333 0.295719 0.027762 0.954872 0.056641 0.562500
20 46.318352 5.465245 89.981827 0.321870 0.032115 0.946239 0.039063 0.560547
body.png
20 46.318352 5.465245 89.981827 0.321870 0.032115 0.946239 0.039063 0.560547
20 46.405029 3.469025 89.991333 0.295719 0.027762 0.954872 0.056641 0.562500
29 48.694340 5.221960 89.158394 0.487509 0.022837 0.872819 0.039063 0.582031
body.png
20 46.405029 3.469025 89.991333 0.295719 0.027762 0.954872 0.056641 0.562500
29 48.653328 3.520300 89.230377 0.484874 0.025295 0.874218 0.054688 0.582031
29 48.694340 5.221960 89.158394 0.487509 0.022837 0.872819 0.039063 0.582031
body.png
29 48.694340 5.221960 89.158394 0.487509 0.022837 0.872819 0.039063 0.582031
29 48.653328 3.520300 89.230377 0.484874 0.025295 0.874218 0.054688 0.582031
30 51.015553 3.526985 87.292213 0.694335 0.020036 0.719373 0.052734 0.601563
body.png
22 47.503033 -2.405115 82.413063 0.754268 0.062436 0.653592 0.117188 0.580078
22 46.573746 -1.446285 83.393898 0.676150 0.138506 0.723628 0.113281 0.568359
22 47.340408 -2.960195 82.653763 0.524279 -0.477295 0.705210 0.126953 0.572266
body.png
22 47.340408 -2.960195 82.653763 0.524279 -0.477295 0.705210 0.126953 0.572266
22 46.573746 -1.446285 83.393898 0.676150 0.138506 0.723628 0.113281 0.568359
22 46.136375 -2.355285 83.972626 0.355675 -0.374252 0.856406 0.123047 0.562500
body.png
22 46.573746 -1.446285 83.393898 0.676150 0.138506 0.723628 0.113281 0.568359
21 45.122395 -0.940410 84.081192 0.609695 0.194693 0.768353 0.109375 0.554688
22 46.136375 -2.355285 83.972626 0.355675 -0.374252 0.856406 0.123047 0.562500
body.png
22 46.136375 -2.355285 83.972626 0.355675 -0.374252 0.856406 0.123047 0.562500
21 45.122395 -0.940410 84.081192 0.609695 0.194693 0.768353 0.109375 0.554688
21 44.815273 -1.745975 84.519081 0.485857 -0.321099 0.812919 0.119141 0.550781
body.png
21 45.122395 -0.940410 84.081192 0.609695 0.194693 0.768353 0.109375 0.554688
21 44.404415 -0.147175 85.082588 0.818179 -0.209958 0.535258 0.105469 0.546875
21 44.815273 -1.745975 84.519081 0.485857 -0.321099 0.812919 0.119141 0.550781
body.png
21 44.815273 -1.745975 84.519081 0.485857 -0.321099 0.812919 0.119141 0.550781
21 44.404415 -0.147175 85.082588 0.818179 -0.209958 0.535258 0.105469 0.546875
21 43.660286 -1.066720 85.689392 0.381957 -0.731180 0.565229 0.113281 0.539063
body.png
21 44.404415 -0.147175 85.082588 0.818179 -0.209958 0.535258 0.105469 0.546875
19 44.271885 0.329345 86.727753 0.736891 -0.580494 0.346437 0.101563 0.544922
21 43.660286 -1.066720 85.689392 0.381957 -0.731180 0.565229 0.113281 0.539063
body.png
21 43.660286 -1.066720 85.689392 0.381957 -0.731180 0.565229 0.113281 0.539063
19 44.271885 0.329345 86.727753 0.736891 -0.580494 0.346437 0.101563 0.544922
19 43.322632 -0.314750 87.150909 -0.090144 -0.914598 0.394189 0.101563 0.535156
body.png
27 51.483997 2.599580 87.534294 0.164355 0.985889 -0.031778 0.087891 0.439453
28 53.582157 2.220535 85.303619 0.279949 0.856752 -0.433134 0.085938 0.457031
27 50.599770 2.720225 86.931313 -0.284123 0.738393 -0.611596 0.087891 0.431641
body.png
27 50.599770 2.720225 86.931313 -0.284123 0.738393 -0.611596 0.087891 0.431641
28 53.582157 2.220535 85.303619 0.279949 0.856752 -0.433134 0.085938 0.457031
28 52.816830 2.284640 84.979324 0.134684 0.445438 -0.885124 0.085938 0.451172
body.png
28 53.582157 2.220535 85.303619 0.279949 0.856752 -0.433134 0.085938 0.457031
28 53.634510 1.142180 85.259857 0.309453 -0.664028 -0.680665 0.074219 0.458984
28 52.816830 2.284640 84.979324 0.134684 0.445438 -0.885124 0.085938 0.451172
body.png
28 52.816830 2.284640 84.979324 0.134684 0.445438 -0.885124 0.085938 0.451172
28 53.634510 1.142180 85.259857 0.309453 -0.664028 -0.680665 0.074219 0.458984
28 52.894302 1.194585 84.796890 -0.319939 -0.265148 -0.909580 0.074219 0.451172
body.png
28 53.634510 1.142180 85.259857 0.309453 -0.664028 -0.680665 0.074219 0.458984
27 50.556168 1.250880 86.867104 -0.366488 -0.674156 -0.641249 0.074219 0.431641
28 52.894302 1.194585 84.796890 -0.319939 -0.265148 -0.909580 0.074219 0.451172
body.png
28 52.894302 1.194585 84.796890 -0.319939 -0.265148 -0.909580 0.074219 0.451172
27 50.556168 1.250880 86.867104 -0.366488 -0.674156 -0.641249 0.074219 0.431641
27 50.599770 2.720225 86.931313 -0.284123 0.738393 -0.611596 0.087891 0.431641
body.png
27 50.556168 1.250880 86.867104 -0.366488 -0.674156 -0.641249 0.074219 0.431641
26 48.297009 3.160680 87.787430 0.024035 0.726209 -0.687054 0.091797 0.412109
27 50.599770 2.720225 86.931313 -0.284123 0.738393 -0.611596 0.087891 0.431641
body.png
27 50.599770 2.720225 86.931313 -0.284123 0.738393 -0.611596 0.087891 0.431641
26 48.297009 3.160680 87.787430 0.024035 0.726209 -0.687054 0.091797 0.412109
27 51.483997 2.599580 87.534294 0.164355 0.985889 -0.031778 0.087891 0.439453
body.png
39 -46.133591 5.549740 87.628212 -0.167327 -0.001220 -0.985901 0.113281 0.392578
39 -46.318916 5.433040 89.945976 -0.907825 0.038517 -0.417576 0.113281 0.394531
51 -47.476990 5.762625 87.473755 0.125308 -0.835171 -0.535525 0.117188 0.402344
body.png
39 -46.133591 5.549740 87.628212 -0.167327 -0.001220 -0.985901 0.113281 0.392578
48 -48.046726 5.313175 87.863228 0.045805 0.744865 -0.665641 0.113281 0.408203
39 -46.318916 5.433040 89.945976 -0.907825 0.038517 -0.417576 0.113281 0.394531
body.png
39 -46.133591 5.549740 87.628212 -0.167327 -0.001220 -0.985901 0.113281 0.392578
39 -46.209713 3.613595 87.651917 -0.250801 0.004232 -0.968029 0.093750 0.394531
48 -48.046726 5.313175 87.863228 0.045805 0.744865 -0.665641 0.113281 0.408203
body.png
39 -46.133591 5.549740 87.628212 -0.167327 -0.001220 -0.985901 0.113281 0.392578
38 -44.257683 2.091075 86.810944 -0.403742 0.163344 -0.900173 0.076172 0.378906
39 -46.209713 3.613595 87.651917 -0.250801 0.004232 -0.968029 0.093750 0.394531
body.png
39 -46.133591 5.549740 87.628212 -0.167327 -0.001220 -0.985901 0.113281 0.392578
38 -43.148872 7.042660 87.079880 -0.154036 0.600482 -0.784662 0.125000 0.365234
38 -44.257683 2.091075 86.810944 -0.403742 0.163344 -0.900173 0.076172 0.378906
body.png
39 -46.133591 5.549740 87.628212 -0.167327 -0.001220 -0.985901 0.113281 0.392578
39 -46.063293 7.174035 87.532242 -0.020976 0.898408 -0.438660 0.128906 0.390625
38 -43.148872 7.042660 87.079880 -0.154036 0.600482 -0.784662 0.125000 0.365234
body.png
39 -46.133591 5.549740 87.628212 -0.167327 -0.001220 -0.985901 0.113281 0.392578
51 -47.705631 7.105005 87.446640 0.158671 0.622688 -0.766214 0.130859 0.404297
39 -46.063293 7.174035 87.532242 -0.020976 0.898408 -0.438660 0.128906 0.390625
body.png
39 -46.133591 5.549740 87.628212 -0.167327 -0.001220 -0.985901 0.113281 0.392578
51 -47.476990 5.762625 87.473755 0.125308 -0.835171 -0.535525 0.117188 0.402344
51 -47.705631 7.105005 87.446640 0.158671 0.622688 -0.766214 0.130859 0.404297
body.png
15 -2.119610 -7.980545 125.291817 -0.353555 -0.896189 0.268037 0.867188 0.640625
54 -6.107020 -10.255195 123.753624 -0.407487 -0.864681 -0.293738 0.837891 0.623047
15 -2.218895 -7.984080 121.415588 -0.179416 -0.855526 -0.485680 0.865234 0.597656
body.png
15 -2.119610 -7.980545 125.291817 -0.353555 -0.896189 0.268037 0.867188 0.640625
15 -6.259740 -5.565725 124.706200 -0.954336 -0.264083 0.139654 0.816406 0.646484
54 -6.107020 -10.255195 123.753624 -0.407487 -0.864681 -0.293738 0.837891 0.623047
body.png
15 -2.119610 -7.980545 125.291817 -0.353555 -0.896189 0.268037 0.867188 0.640625
54 -6.750165 -8.317460 129.063431 -0.592963 -0.415290 0.689876 0.837891 0.664063
15 -6.259740 -5.565725 124.706200 -0.954336 -0.264083 0.139654 0.816406 0.646484
body.png
15 -2.119610 -7.980545 125.291817 -0.353555 -0.896189 0.268037 0.867188 0.640625
15 -3.307400 -4.811350 128.644104 -0.443594 -0.573755 0.688498 0.853516 0.687500
54 -6.750165 -8.317460 129.063431 -0.592963 -0.415290 0.689876 0.837891 0.664063
body.png
15 -2.119610 -7.980545 125.291817 -0.353555 -0.896189 0.268037 0.867188 0.640625
54 -1.909025 -10.454525 130.320938 -0.134870 -0.521241 0.842685 0.876953 0.666016
15 -3.307400 -4.811350 128.644104 -0.443594 -0.573755 0.688498 0.853516 0.687500
body.png
15 -2.119610 -7.980545 125.291817 -0.353555 -0.896189 0.268037 0.867188 0.640625
15 -0.022100 -8.570180 125.914536 0.042205 -0.878120 0.476576 0.896484 0.646484
54 -1.909025 -10.454525 130.320938 -0.134870 -0.521241 0.842685 0.876953 0.666016
body.png
15 -2.119610 -7.980545 125.291817 -0.353555 -0.896189 0.268037 0.867188 0.640625
54 0.985520 -12.086110 124.269531 0.041988 -0.997365 0.059166 0.896484 0.621094
15 -0.022100 -8.570180 125.914536 0.042205 -0.878120 0.476576 0.896484 0.646484
body.png
15 -2.119610 -7.980545 125.291817 -0.353555 -0.896189 0.268037 0.867188 0.640625
15 -2.218895 -7.984080 121.415588 -0.179416 -0.855526 -0.485680 0.865234 0.597656
54 0.985520 -12.086110 124.269531 0.041988 -0.997365 0.059166 0.896484 0.621094
body.png
15 0.045695 8.220160 127.408638 0.004418 0.999985 0.003181 0.896484 0.859375
15 -2.054515 8.167310 127.314789 -0.044669 0.966048 0.254474 0.873047 0.851563
55 0.024480 8.207040 131.562576 0.002599 0.470882 0.882192 0.896484 0.837891
body.png
55 0.024480 8.207040 131.562576 0.002599 0.470882 0.882192 0.896484 0.837891
15 -2.054515 8.167310 127.314789 -0.044669 0.966048 0.254474 0.873047 0.851563
15 -2.072580 3.795025 129.088989 -0.137851 0.334502 0.932258 0.873047 0.810547
body.png
15 -2.054515 8.167310 127.314789 -0.044669 0.966048 0.254474 0.873047 0.851563
55 -4.321390 9.203040 130.892578 -0.270590 0.542598 0.795216 0.855469 0.833984
15 -2.072580 3.795025 129.088989 -0.137851 0.334502 0.932258 0.873047 0.810547
body.png
15 -2.072580 3.795025 129.088989 -0.137851 0.334502 0.932258 0.873047 0.810547
55 -4.321390 9.203040 130.892578 -0.270590 0.542598 0.795216 0.855469 0.833984
15 -4.973190 3.613795 128.305664 -0.455463 0.338428 0.823420 0.839844 0.812500
body.png
55 -4.321390 9.203040 130.892578 -0.270590 0.542598 0.795216 0.855469 0.833984
15 -4.956185 7.720235 126.411758 -0.317046 0.913304 0.255650 0.841797 0.851563
15 -4.973190 3.613795 128.305664 -0.455463 0.338428 0.823420 0.839844 0.812500
body.png
15 -4.973190 3.613795 128.305664 -0.455463 0.338428 0.823420 0.839844 0.812500
15 -4.956185 7.720235 126.411758 -0.317046 0.913304 0.255650 0.841797 0.851563
55 -8.630000 6.979445 128.538010 -0.719357 0.363842 0.591731 0.826172 0.833984
body.png
15 -4.956185 7.720235 126.411758 -0.317046 0.913304 0.255650 0.841797 0.851563
15 -7.357535 7.302995 124.498146 -0.763550 0.616825 -0.191100 0.810547 0.853516
55 -8.630000 6.979445 128.538010 -0.719357 0.363842 0.591731 0.826172 0.833984
body.png
55 -8.630000 6.979445 128.538010 -0.719357 0.363842 0.591731 0.826172 0.833984
15 -7.357535 7.302995 124.498146 -0.763550 0.616825 -0.191100 0.810547 0.853516
15 -7.423165 3.494470 125.501053 -0.982222 0.187450 0.010091 0.804688 0.818359
body.png
1 -7.150000 8.659110 69.290100 -0.346192 0.898044 0.271418 0.296875 0.677734
1 0.000000 9.459110 71.490105 0.000768 0.964899 0.262620 0.277344 0.712891
1 0.000000 10.059110 69.190109 0.000000 0.967617 0.252422 0.275391 0.673828
body.png
1 0.000000 10.059110 69.190109 0.000000 0.967617 0.252422 0.275391 0.673828
1 0.000000 9.459110 71.490105 0.000768 0.964899 0.262620 0.277344 0.712891
1 7.150000 8.659110 69.290100 0.344313 0.893811 0.287315 0.296875 0.677734
body.png
1 0.000000 9.459110 71.490105 0.000768 0.964899 0.262620 0.277344 0.712891
1 6.600000 8.059110 71.740112 0.497443 0.810593 0.309013 0.296875 0.716797
1 7.150000 8.659110 69.290100 0.344313 0.893811 0.287315 0.296875 0.677734
body.png
1 7.150000 8.659110 69.290100 0.344313 0.893811 0.287315 0.296875 0.677734
1 6.600000 8.059110 71.740112 0.497443 0.810593 0.309013 0.296875 0.716797
1 11.350000 4.859110 69.440109 0.759881 0.553404 0.341063 0.320313 0.679688
body.png
1 6.600000 8.059110 71.740112 0.497443 0.810593 0.309013 0.296875 0.716797
1 10.450000 4.559110 71.940109 0.858414 0.360450 0.364967 0.320313 0.720703
1 11.350000 4.859110 69.440109 0.759881 0.553404 0.341063 0.320313 0.679688
body.png
1 11.350000 4.859110 69.440109 0.759881 0.553404 0.341063 0.320313 0.679688
1 10.450000 4.559110 71.940109 0.858414 0.360450 0.364967 0.320313 0.720703
1 12.750000 -2.690890 69.390114 0.872779 -0.328607 0.360936 0.351563 0.677734
body.png
1 10.450000 4.559110 71.940109 0.858414 0.360450 0.364967 0.320313 0.720703
1 11.799999 -2.540890 71.590111 0.860776 -0.322597 0.393695 0.351563 0.714844
1 12.750000 -2.690890 69.390114 0.872779 -0.328607 0.360936 0.351563 0.677734
body.png
1 12.750000 -2.690890 69.390114 0.872779 -0.328607 0.360936 0.351563 0.677734
1 11.799999 -2.540890 71.590111 0.860776 -0.322597 0.393695 0.351563 0.714844
1 5.600000 -8.340890 70.290108 0.515579 -0.817982 0.255116 0.378906 0.707031
body.png
7 -11.346760 8.489531 9.558940 0.318525 0.946067 0.059157 0.484375 0.910156
8 -15.853905 8.183690 3.539805 -0.677913 0.734153 0.038129 0.535156 0.953125
7 -15.590090 7.810185 9.547316 -0.828643 0.555254 0.071022 0.537109 0.900391
body.png
7 -15.590090 7.810185 9.547316 -0.828643 0.555254 0.071022 0.537109 0.900391
8 -15.853905 8.183690 3.539805 -0.677913 0.734153 0.038129 0.535156 0.953125
8 -16.795265 4.112350 2.711855 -0.946015 0.311465 0.089698 0.593750 0.962891
body.png
8 -15.853905 8.183690 3.539805 -0.677913 0.734153 0.038129 0.535156 0.953125
8 -16.861441 4.376090 -0.004495 -0.938066 0.346164 0.014254 0.593750 0.996094
8 -16.795265 4.112350 2.711855 -0.946015 0.311465 0.089698 0.593750 0.962891
body.png
8 -16.795265 4.112350 2.711855 -0.946015 0.311465 0.089698 0.593750 0.962891
8 -16.861441 4.376090 -0.004495 -0.938066 0.346164 0.014254 0.593750 0.996094
9 -18.730286 0.411040 2.269905 -0.888479 0.446214 0.107229 0.658203 0.964844
body.png
8 -16.861441 4.376090 -0.004495 -0.938066 0.346164 0.014254 0.593750 0.996094
9 -18.473810 0.866890 0.002435 -0.886820 0.462108 -0.002424 0.652344 0.996094
9 -18.730286 0.411040 2.269905 -0.888479 0.446214 0.107229 0.658203 0.964844
body.png
9 -18.730286 0.411040 2.269905 -0.888479 0.446214 0.107229 0.658203 0.964844
9 -18.473810 0.866890 0.002435 -0.886820 0.462108 -0.002424 0.652344 0.996094
9 -20.661663 -3.108705 1.666885 -0.958862 0.138140 0.247992 0.708984 0.972656
body.png
9 -18.473810 0.866890 0.002435 -0.886820 0.462108 -0.002424 0.652344 0.996094
9 -20.689440 -3.111270 0.017120 -0.963675 0.266608 0.015811 0.708984 0.996094
9 -20.661663 -3.108705 1.666885 -0.958862 0.138140 0.247992 0.708984 0.972656
body.png
9 -20.661663 -3.108705 1.666885 -0.958862 0.138140 0.247992 0.708984 0.972656
9 -20.689440 -3.111270 0.017120 -0.963675 0.266608 0.015811 0.708984 0.996094
9 -20.755045 -5.186890 0.016905 -0.998562 -0.039562 0.036180 0.744141 0.996094
body.png
9 -20.427790 -6.778845 1.515595 -0.610291 -0.411147 0.677128 0.767578 0.972656
9 -17.826139 -9.086761 0.020625 -0.428191 -0.903633 0.010021 0.814453 0.996094
9 -17.825310 -9.091760 1.514770 -0.226058 -0.469188 0.853674 0.814453 0.972656
body.png
9 -17.825310 -9.091760 1.514770 -0.226058 -0.469188 0.853674 0.814453 0.972656
9 -17.826139 -9.086761 0.020625 -0.428191 -0.903633 0.010021 0.814453 0.996094
9 -14.523620 -9.642970 1.516105 0.049449 -0.726629 0.685249 0.767578 0.972656
body.png
9 -17.826139 -9.086761 0.020625 -0.428191 -0.903633 0.010021 0.814453 0.996094
9 -14.479445 -9.658665 0.015170 0.275258 -0.961330 0.008814 0.767578 0.996094
9 -14.523620 -9.642970 1.516105 0.049449 -0.726629 0.685249 0.767578 0.972656
body.png
9 -14.523620 -9.642970 1.516105 0.049449 -0.726629 0.685249 0.767578 0.972656
9 -14.479445 -9.658665 0.015170 0.275258 -0.961330 0.008814 0.767578 0.996094
9 -12.909155 -8.789450 1.516390 0.471009 -0.555343 0.685379 0.744141 0.972656
body.png
9 -14.479445 -9.658665 0.015170 0.275258 -0.961330 0.008814 0.767578 0.996094
9 -12.909985 -8.784451 0.022245 0.812256 -0.583086 -0.015848 0.744141 0.996094
9 -12.909155 -8.789450 1.516390 0.471009 -0.555343 0.685379 0.744141 0.972656
body.png
9 -12.909155 -8.789450 1.516390 0.471009 -0.555343 0.685379 0.744141 0.972656
9 -12.909985 -8.784451 0.022245 0.812256 -0.583086 -0.015848 0.744141 0.996094
9 -11.775940 -6.246535 1.646415 0.861705 -0.451151 0.232222 0.708984 0.972656
body.png
9 -12.909985 -8.784451 0.022245 0.812256 -0.583086 -0.015848 0.744141 0.996094
9 -11.783600 -6.096770 0.033960 0.943503 -0.329501 -0.035086 0.708984 0.996094
9 -11.775940 -6.246535 1.646415 0.861705 -0.451151 0.232222 0.708984 0.972656
body.png
9 -11.775940 -6.246535 1.646415 0.861705 -0.451151 0.232222 0.708984 0.972656
9 -11.783600 -6.096770 0.033960 0.943503 -0.329501 -0.035086 0.708984 0.996094
9 -10.540085 -1.691615 0.006180 0.969814 -0.243630 0.010203 0.652344 0.996094
body.png
5 18.444592 0.850535 0.033010 0.886401 0.462516 -0.019285 0.652344 0.996094
5 20.688560 -3.124910 1.618225 0.963681 0.130802 0.232831 0.708984 0.972656
5 20.712450 -3.129545 0.005180 0.966461 0.256455 0.013577 0.708984 0.996094
body.png
5 20.712450 -3.129545 0.005180 0.966461 0.256455 0.013577 0.708984 0.996094
5 20.688560 -3.124910 1.618225 0.963681 0.130802 0.232831 0.708984 0.972656
5 20.714344 -5.166075 0.000210 0.998978 -0.044873 0.005388 0.744141 0.996094
body.png
5 20.688560 -3.124910 1.618225 0.963681 0.130802 0.232831 0.708984 0.972656
5 20.712431 -5.179575 1.505135 0.770930 -0.087336 0.630903 0.744141 0.972656
5 20.714344 -5.166075 0.000210 0.998978 -0.044873 0.005388 0.744141 0.996094
body.png
5 20.714344 -5.166075 0.000210 0.998978 -0.044873 0.005388 0.744141 0.996094
5 20.712431 -5.179575 1.505135 0.770930 -0.087336 0.630903 0.744141 0.972656
5 20.472181 -6.798960 -0.006440 0.926950 -0.374921 0.014068 0.767578 0.996094
body.png
5 20.712431 -5.179575 1.505135 0.770930 -0.087336 0.630903 0.744141 0.972656
5 20.453041 -6.767085 1.510505 0.614350 -0.410960 0.673562 0.767578 0.972656
5 20.472181 -6.798960 -0.006440 0.926950 -0.374921 0.014068 0.767578 0.996094
body.png
5 20.472181 -6.798960 -0.006440 0.926950 -0.374921 0.014068 0.767578 0.996094
5 20.453041 -6.767085 1.510505 0.614350 -0.410960 0.673562 0.767578 0.972656
5 17.830225 -9.083611 0.047785 0.426125 -0.904661 0.002511 0.814453 0.996094
body.png
5 20.453041 -6.767085 1.510505 0.614350 -0.410960 0.673562 0.767578 0.972656
5 17.828310 -9.097110 1.552715 0.207452 -0.444187 0.871586 0.814453 0.972656
5 17.830225 -9.083611 0.047785 0.426125 -0.904661 0.002511 0.814453 0.996094
body.png
5 17.830225 -9.083611 0.047785 0.426125 -0.904661 0.002511 0.814453 0.996094
5 17.828310 -9.097110 1.552715 0.207452 -0.444187 0.871586 0.814453 0.972656
5 14.498515 -9.630381 1.497185 -0.070762 -0.735904 0.673378 0.767578 0.972656
body.png
3 9.652480 0.997375 14.540251 -0.654395 -0.702301 0.280252 0.986328 0.148438
3 10.016055 1.057270 12.520540 -0.590909 -0.806522 -0.018697 0.966797 0.148438
3 13.826900 -0.225855 14.561025 0.316769 -0.910783 0.264824 0.986328 0.099609
body.png
3 13.826900 -0.225855 14.561025 0.316769 -0.910783 0.264824 0.986328 0.099609
3 10.016055 1.057270 12.520540 -0.590909 -0.806522 -0.018697 0.966797 0.148438
3 13.759490 0.119630 12.347184 0.251285 -0.967913 -0.000658 0.964844 0.099609
body.png
3 10.016055 1.057270 12.520540 -0.590909 -0.806522 -0.018697 0.966797 0.148438
3 14.359860 -0.061350 10.297355 0.225681 -0.940868 -0.252658 0.943359 0.099609
3 13.759490 0.119630 12.347184 0.251285 -0.967913 -0.000658 0.964844 0.099609
body.png
3 13.759490 0.119630 12.347184 0.251285 -0.967913 -0.000658 0.964844 0.099609
3 14.359860 -0.061350 10.297355 0.225681 -0.940868 -0.252658 0.943359 0.099609
3 16.567810 2.817935 12.348500 0.925435 -0.377245 0.035442 0.964844 0.148438
body.png
3 14.359860 -0.061350 10.297355 0.225681 -0.940868 -0.252658 0.943359 0.099609
3 17.154280 3.208270 10.268555 0.934258 -0.235659 -0.267633 0.943359 0.148438
3 16.567810 2.817935 12.348500 0.925435 -0.377245 0.035442 0.964844 0.148438
body.png
3 16.567810 2.817935 12.348500 0.925435 -0.377245 0.035442 0.964844 0.148438
3 17.154280 3.208270 10.268555 0.934258 -0.235659 -0.267633 0.943359 0.148438
3 15.845670 8.037110 12.409181 0.634928 0.769823 0.065104 0.966797 0.205078
body.png
3 17.154280 3.208270 10.268555 0.934258 -0.235659 -0.267633 0.943359 0.148438
3 16.044609 8.360160 10.227770 0.710389 0.578448 -0.400930 0.943359 0.205078
3 15.845670 8.037110 12.409181 0.634928 0.769823 0.065104 0.966797 0.205078
body.png
3 15.845670 8.037110 12.409181 0.634928 0.769823 0.065104 0.966797 0.205078
3 16.044609 8.360160 10.227770 0.710389 0.578448 -0.400930 0.943359 0.205078
3 11.105260 9.137965 10.245465 -0.235729 0.935646 -0.262674 0.943359 0.253906
body.png
13 0.025600 6.164945 102.128235 0.002109 0.644486 0.764613 0.396484 0.769531
13 -3.431285 4.446620 101.526306 -0.506859 0.442092 0.740032 0.353516 0.769531
14 0.027090 5.189565 107.563942 0.082332 0.994381 0.066537 0.404297 0.818359
body.png
14 0.027090 5.189565 107.563942 0.082332 0.994381 0.066537 0.404297 0.818359
13 -3.431285 4.446620 101.526306 -0.506859 0.442092 0.740032 0.353516 0.769531
14 -3.378835 3.728205 107.435165 -0.703482 0.668809 -0.240433 0.363281 0.828125
body.png
13 -3.431285 4.446620 101.526306 -0.506859 0.442092 0.740032 0.353516 0.769531
13 -4.546210 0.729500 100.706261 -0.722159 -0.219066 0.656122 0.302734 0.775391
14 -3.378835 3.728205 107.435165 -0.703482 0.668809 -0.240433 0.363281 0.828125
body.png
14 -3.378835 3.728205 107.435165 -0.703482 0.668809 -0.240433 0.363281 0.828125
13 -4.546210 0.729500 100.706261 -0.722159 -0.219066 0.656122 0.302734 0.775391
15 -4.384275 -0.142060 106.293869 -0.920382 -0.390659 -0.016792 0.314453 0.835938
body.png
13 -4.546210 0.729500 100.706261 -0.722159 -0.219066 0.656122 0.302734 0.775391
13 -2.655510 -1.615280 99.673187 -0.484042 -0.814838 0.318972 0.263672 0.781250
15 -4.384275 -0.142060 106.293869 -0.920382 -0.390659 -0.016792 0.314453 0.835938
body.png
15 -4.384275 -0.142060 106.293869 -0.920382 -0.390659 -0.016792 0.314453 0.835938
13 -2.655510 -1.615280 99.673187 -0.484042 -0.814838 0.318972 0.263672 0.781250
15 -2.541880 -2.060120 105.462219 -0.607495 -0.792811 -0.048997 0.275391 0.837891
body.png
13 -2.655510 -1.615280 99.673187 -0.484042 -0.814838 0.318972 0.263672 0.781250
15 0.002980 -3.367580 104.709412 -0.002569 -0.996452 -0.084127 0.230469 0.839844
15 -2.541880 -2.060120 105.462219 -0.607495 -0.792811 -0.048997 0.275391 0.837891
body.png
1 0.000000 -10.890890 67.490112 0.000000 -0.990782 0.135469 0.646484 0.433594
1 -5.850000 -8.790890 68.040115 -0.514445 -0.830315 0.214297 0.619141 0.437500
1 -7.050000 -9.290895 62.640114 -0.399825 -0.913190 0.078888 0.611328 0.410156
body.png
1 -7.050000 -9.290895 62.640114 -0.399825 -0.913190 0.078888 0.611328 0.410156
1 -5.850000 -8.790890 68.040115 -0.514445 -0.830315 0.214297 0.619141 0.437500
1 -14.200000 -3.390895 64.240112 -0.881728 -0.435547 0.181256 0.566406 0.423828
body.png
1 -5.850000 -8.790890 68.040115 -0.514445 -0.830315 0.214297 0.619141 0.437500
1 -12.750000 -2.690890 69.390114 -0.933762 -0.167785 0.316127 0.572266 0.451172
1 -14.200000 -3.390895 64.240112 -0.881728 -0.435547 0.181256 0.566406 0.423828
body.png
1 -14.200000 -3.390895 64.240112 -0.881728 -0.435547 0.181256 0.566406 0.423828
1 -12.750000 -2.690890 69.390114 -0.933762 -0.167785 0.316127 0.572266 0.451172
1 -13.000000 4.959105 64.590103 -0.905726 0.380566 0.186627 0.527344 0.441406
body.png
1 -12.750000 -2.690890 69.390114 -0.933762 -0.167785 0.316127 0.572266 0.451172
1 -11.350000 4.859110 69.440109 -0.783309 0.539773 0.308338 0.533203 0.464844
1 -13.000000 4.959105 64.590103 -0.905726 0.380566 0.186627 0.527344 0.441406
body.png
1 -13.000000 4.959105 64.590103 -0.905726 0.380566 0.186627 0.527344 0.441406
1 -11.350000 4.859110 69.440109 -0.783309 0.539773 0.308338 0.533203 0.464844
1 -8.550000 9.609105 64.390106 -0.484220 0.867070 0.117134 0.496094 0.451172
body.png
1 -11.350000 4.859110 69.440109 -0.783309 0.539773 0.308338 0.533203 0.464844
1 -7.150000 8.659110 69.290100 -0.330424 0.911710 0.244139 0.503906 0.476563
1 -8.550000 9.609105 64.390106 -0.484220 0.867070 0.117134 0.496094 0.451172
body.png
13 2.694445 -1.636970 99.674194 0.481749 -0.815494 0.320760 0.263672 0.781250
15 0.002980 -3.367580 104.709412 -0.002569 -0.996452 -0.084127 0.230469 0.839844
13 -0.010140 -2.782850 99.256279 -0.005030 -0.886909 0.461916 0.230469 0.791016
body.png
13 2.694445 -1.636970 99.674194 0.481749 -0.815494 0.320760 0.263672 0.781250
15 2.558280 -2.031140 105.457321 0.605335 -0.794969 -0.039931 0.275391 0.837891
15 0.002980 -3.367580 104.709412 -0.002569 -0.996452 -0.084127 0.230469 0.839844
body.png
13 2.694445 -1.636970 99.674194 0.481749 -0.815494 0.320760 0.263672 0.781250
15 4.415855 -0.128085 106.289665 0.944957 -0.217336 -0.244586 0.314453 0.835938
15 2.558280 -2.031140 105.457321 0.605335 -0.794969 -0.039931 0.275391 0.837891
body.png
13 2.694445 -1.636970 99.674194 0.481749 -0.815494 0.320760 0.263672 0.781250
13 4.553715 0.692605 100.707977 0.725724 -0.218079 0.652508 0.302734 0.775391
15 4.415855 -0.128085 106.289665 0.944957 -0.217336 -0.244586 0.314453 0.835938
body.png
13 2.694445 -1.636970 99.674194 0.481749 -0.815494 0.320760 0.263672 0.781250
13 9.053660 0.636190 99.958122 0.177005 -0.474031 0.862533 0.298828 0.726563
13 4.553715 0.692605 100.707977 0.725724 -0.218079 0.652508 0.302734 0.775391
body.png
13 2.694445 -1.636970 99.674194 0.481749 -0.815494 0.320760 0.263672 0.781250
13 5.689900 -2.867780 97.452171 0.205193 -0.715643 0.667646 0.257813 0.740234
13 9.053660 0.636190 99.958122 0.177005 -0.474031 0.862533 0.298828 0.726563
body.png
13 2.694445 -1.636970 99.674194 0.481749 -0.815494 0.320760 0.263672 0.781250
13 -0.010140 -2.782850 99.256279 -0.005030 -0.886909 0.461916 0.230469 0.791016
13 5.689900 -2.867780 97.452171 0.205193 -0.715643 0.667646 0.257813 0.740234
body.png
11 12.250950 -0.724230 84.519920 0.691432 -0.657799 -0.298702 0.269531 0.396484
17 18.295254 -0.594870 87.959290 0.250675 -0.943586 -0.216349 0.291016 0.437500
17 14.682375 -1.178790 89.730209 0.211413 -0.971644 0.105884 0.267578 0.433594
body.png
17 14.682375 -1.178790 89.730209 0.211413 -0.971644 0.105884 0.267578 0.433594
17 18.295254 -0.594870 87.959290 0.250675 -0.943586 -0.216349 0.291016 0.437500
17 20.194380 1.584480 94.853401 0.361531 -0.656770 0.661777 0.283203 0.488281
body.png
17 18.295254 -0.594870 87.959290 0.250675 -0.943586 -0.216349 0.291016 0.437500
17 24.858875 1.719870 92.538956 0.200584 -0.723679 0.660344 0.320313 0.492188
17 20.194380 1.584480 94.853401 0.361531 -0.656770 0.661777 0.283203 0.488281
body.png
17 20.194380 1.584480 94.853401 0.361531 -0.656770 0.661777 0.283203 0.488281
17 24.858875 1.719870 92.538956 0.200584 -0.723679 0.660344 0.320313 0.492188
17 24.792416 8.498569 94.474747 0.236777 0.351558 0.905728 0.312500 0.537109
body.png
17 24.858875 1.719870 92.538956 0.200584 -0.723679 0.660344 0.320313 0.492188
18 26.329205 8.505070 94.207657 0.205549 0.394055 0.895807 0.324219 0.539063
17 24.792416 8.498569 94.474747 0.236777 0.351558 0.905728 0.312500 0.537109
body.png
17 24.792416 8.498569 94.474747 0.236777 0.351558 0.905728 0.312500 0.537109
18 26.329205 8.505070 94.207657 0.205549 0.394055 0.895807 0.324219 0.539063
17 25.052340 11.796520 90.163315 0.108605 0.954502 0.277726 0.318359 0.574219
body.png
18 26.329205 8.505070 94.207657 0.205549 0.394055 0.895807 0.324219 0.539063
18 26.263676 11.361770 90.035431 0.292867 0.954471 0.056701 0.326172 0.574219
17 25.052340 11.796520 90.163315 0.108605 0.954502 0.277726 0.318359 0.574219
body.png
18 26.329205 8.505070 94.207657 0.205549 0.394055 0.895807 0.324219 0.539063
17 24.858875 1.719870 92.538956 0.200584 -0.723679 0.660344 0.320313 0.492188
18 26.925751 1.559985 92.409073 -0.033202 -0.699933 0.713436 0.337891 0.496094
body.png
18 26.925751 1.559985 92.409073 -0.033202 -0.699933 0.713436 0.337891 0.496094
17 24.858875 1.719870 92.538956 0.200584 -0.723679 0.660344 0.320313 0.492188
17 23.327639 0.800910 87.482941 -0.028602 -0.946303 -0.322013 0.322266 0.455078
body.png
17 24.858875 1.719870 92.538956 0.200584 -0.723679 0.660344 0.320313 0.492188
17 18.295254 -0.594870 87.959290 0.250675 -0.943586 -0.216349 0.291016 0.437500
17 23.327639 0.800910 87.482941 -0.028602 -0.946303 -0.322013 0.322266 0.455078
body.png
17 23.327639 0.800910 87.482941 -0.028602 -0.946303 -0.322013 0.322266 0.455078
17 18.295254 -0.594870 87.959290 0.250675 -0.943586 -0.216349 0.291016 0.437500
17 18.051346 5.427360 83.777992 0.102415 -0.502005 -0.858780 0.322266 0.408203
body.png
17 18.295254 -0.594870 87.959290 0.250675 -0.943586 -0.216349 0.291016 0.437500
11 12.250950 -0.724230 84.519920 0.691432 -0.657799 -0.298702 0.269531 0.396484
17 18.051346 5.427360 83.777992 0.102415 -0.502005 -0.858780 0.322266 0.408203
body.png
17 18.051346 5.427360 83.777992 0.102415 -0.502005 -0.858780 0.322266 0.408203
11 12.250950 -0.724230 84.519920 0.691432 -0.657799 -0.298702 0.269531 0.396484
11 12.876500 5.528645 83.730804 0.660185 -0.158696 -0.734147 0.312500 0.380859
body.png
11 12.250950 -0.724230 84.519920 0.691432 -0.657799 -0.298702 0.269531 0.396484
10 12.400000 5.634425 79.463470 0.997461 0.034014 0.062562 0.314453 0.351563
11 12.876500 5.528645 83.730804 0.660185 -0.158696 -0.734147 0.312500 0.380859
body.png
1 13.049999 4.959105 64.590103 0.901326 0.390338 0.187746 0.767578 0.441406
2 13.258930 4.883945 58.070316 0.841180 0.540745 0.003335 0.779297 0.410156
1 8.349999 9.609105 64.390106 0.479135 0.869955 0.116656 0.796875 0.453125
body.png
1 8.349999 9.609105 64.390106 0.479135 0.869955 0.116656 0.796875 0.453125
2 13.258930 4.883945 58.070316 0.841180 0.540745 0.003335 0.779297 0.410156
1 9.000000 9.409105 57.840103 0.451033 0.870843 -0.195453 0.808594 0.421875
body.png
2 13.258930 4.883945 58.070316 0.841180 0.540745 0.003335 0.779297 0.410156
2 8.570120 8.617110 55.762486 0.236364 0.931938 -0.275000 0.812500 0.410156
1 9.000000 9.409105 57.840103 0.451033 0.870843 -0.195453 0.808594 0.421875
body.png
1 9.000000 9.409105 57.840103 0.451033 0.870843 -0.195453 0.808594 0.421875
2 8.570120 8.617110 55.762486 0.236364 0.931938 -0.275000 0.812500 0.410156
1 1.950000 10.309105 57.590107 -0.024477 0.964638 -0.262438 0.839844 0.433594
body.png
2 8.570120 8.617110 55.762486 0.236364 0.931938 -0.275000 0.812500 0.410156
2 1.794075 9.089630 55.236263 -0.288629 0.769544 -0.569645 0.845703 0.419922
1 1.950000 10.309105 57.590107 -0.024477 0.964638 -0.262438 0.839844 0.433594
body.png
1 1.950000 10.309105 57.590107 -0.024477 0.964638 -0.262438 0.839844 0.433594
2 1.794075 9.089630 55.236263 -0.288629 0.769544 -0.569645 0.845703 0.419922
1 0.000000 9.559105 57.490105 -0.313048 0.886678 -0.340297 0.849609 0.437500
body.png
2 1.794075 9.089630 55.236263 -0.288629 0.769544 -0.569645 0.845703 0.419922
1 0.000000 8.509100 55.240105 -0.183230 0.560912 -0.807344 0.853516 0.425781
1 0.000000 9.559105 57.490105 -0.313048 0.886678 -0.340297 0.849609 0.437500
body.png
62 0.044420 10.695825 107.004929 0.000100 0.563748 0.825947 0.660156 0.703125
62 7.281390 7.482615 107.331360 0.484807 0.459357 0.744280 0.609375 0.705078
62 0.047680 11.269965 102.053635 0.001253 0.986882 0.161440 0.660156 0.658203
body.png
62 0.047680 11.269965 102.053635 0.001253 0.986882 0.161440 0.660156 0.658203
62 7.281390 7.482615 107.331360 0.484807 0.459357 0.744280 0.609375 0.705078
13 8.933030 7.971970 101.962929 0.788032 0.545679 0.285028 0.601563 0.658203
body.png
62 7.281390 7.482615 107.331360 0.484807 0.459357 0.744280 0.609375 0.705078
62 10.101795 0.118545 106.033951 0.677045 -0.230978 0.698756 0.554688 0.703125
13 8.933030 7.971970 101.962929 0.788032 0.545679 0.285028 0.601563 0.658203
body.png
13 8.933030 7.971970 101.962929 0.788032 0.545679 0.285028 0.601563 0.658203
62 10.101795 0.118545 106.033951 0.677045 -0.230978 0.698756 0.554688 0.703125
13 11.454930 0.985980 100.872765 0.933880 -0.324928 0.149296 0.554688 0.658203
body.png
62 10.101795 0.118545 106.033951 0.677045 -0.230978 0.698756 0.554688 0.703125
62 5.925590 -6.484465 102.836380 0.704821 -0.709385 -0.000647 0.496094 0.703125
13 11.454930 0.985980 100.872765 0.933880 -0.324928 0.149296 0.554688 0.658203
body.png
13 11.454930 0.985980 100.872765 0.933880 -0.324928 0.149296 0.554688 0.658203
62 5.925590 -6.484465 102.836380 0.704821 -0.709385 -0.000647 0.496094 0.703125
13 6.880650 -5.192155 96.567932 0.543360 -0.828540 -0.135207 0.496094 0.658203
body.png
62 5.925590 -6.484465 102.836380 0.704821 -0.709385 -0.000647 0.496094 0.703125
62 -0.034855 -9.127666 101.135925 -0.000766 -0.986898 0.161346 0.433594 0.703125
13 6.880650 -5.192155 96.567932 0.543360 -0.828540 -0.135207 0.496094 0.658203
body.png
62 0.039040 9.390255 107.460945 0.000512 -0.814623 0.579991 0.662109 0.724609
62 6.576750 6.349230 107.515549 -0.523400 -0.313547 0.792301 0.611328 0.724609
62 0.044420 10.695825 107.004929 0.000100 0.563748 0.825947 0.660156 0.703125
body.png
62 0.044420 10.695825 107.004929 0.000100 0.563748 0.825947 0.660156 0.703125
62 6.576750 6.349230 107.515549 -0.523400 -0.313547 0.792301 0.611328 0.724609
62 7.281390 7.482615 107.331360 0.484807 0.459357 0.744280 0.609375 0.705078
body.png
62 6.576750 6.349230 107.515549 -0.523400 -0.313547 0.792301 0.611328 0.724609
62 8.551940 0.177525 106.480568 -0.533094 0.075481 0.842682 0.556641 0.722656
62 7.281390 7.482615 107.331360 0.484807 0.459357 0.744280 0.609375 0.705078
body.png
62 7.281390 7.482615 107.331360 0.484807 0.459357 0.744280 0.609375 0.705078
62 8.551940 0.177525 106.480568 -0.533094 0.075481 0.842682 0.556641 0.722656
62 10.101795 0.118545 106.033951 0.677045 -0.230978 0.698756 0.554688 0.703125
body.png
62 8.551940 0.177525 106.480568 -0.533094 0.075481 0.842682 0.556641 0.722656
62 4.980325 -5.276945 103.650856 -0.380141 0.164278 0.910223 0.498047 0.724609
62 10.101795 0.118545 106.033951 0.677045 -0.230978 0.698756 0.554688 0.703125
body.png
62 10.101795 0.118545 106.033951 0.677045 -0.230978 0.698756 0.554688 0.703125
62 4.980325 -5.276945 103.650856 -0.380141 0.164278 0.910223 0.498047 0.724609
62 5.925590 -6.484465 102.836380 0.065817 -0.552350 0.831010 0.498047 0.703125
body.png
62 4.980325 -5.276945 103.650856 -0.380141 0.164278 0.910223 0.498047 0.724609
62 -0.029215 -7.684390 102.274742 0.001050 -0.181928 0.983311 0.433594 0.724609
62 5.925590 -6.484465 102.836380 0.065817 -0.552350 0.831010 0.498047 0.703125
body.png
10 -13.250000 -1.765575 79.163475 -0.910152 -0.360187 0.204667 0.267578 0.349609
11 -5.979025 -8.023100 81.034683 -0.709497 -0.680997 0.181263 0.205078 0.361328
11 -12.249250 -0.722760 84.536369 -0.690661 -0.657790 -0.300500 0.269531 0.396484
body.png
10 -13.250000 -1.765575 79.163475 -0.910152 -0.360187 0.204667 0.267578 0.349609
65 -6.750000 -9.941800 77.427231 -0.437049 -0.828753 0.349509 0.205078 0.337891
11 -5.979025 -8.023100 81.034683 -0.709497 -0.680997 0.181263 0.205078 0.361328
body.png
10 -13.250000 -1.765575 79.163475 -0.910152 -0.360187 0.204667 0.267578 0.349609
65 -7.000000 -10.241800 73.427231 -0.577554 -0.814029 -0.061545 0.203125 0.312500
65 -6.750000 -9.941800 77.427231 -0.437049 -0.828753 0.349509 0.205078 0.337891
body.png
10 -13.250000 -1.765575 79.163475 -0.910152 -0.360187 0.204667 0.267578 0.349609
10 -13.600000 -2.165575 74.713470 -0.975465 -0.214043 -0.051509 0.265625 0.318359
65 -7.000000 -10.241800 73.427231 -0.577554 -0.814029 -0.061545 0.203125 0.312500
body.png
10 -13.250000 -1.765575 79.163475 -0.910152 -0.360187 0.204667 0.267578 0.349609
66 -13.049999 5.709550 74.693443 -0.995619 0.082549 -0.043908 0.312500 0.316406
10 -13.600000 -2.165575 74.713470 -0.975465 -0.214043 -0.051509 0.265625 0.318359
body.png
10 -13.250000 -1.765575 79.163475 -0.910152 -0.360187 0.204667 0.267578 0.349609
10 -12.400000 5.634425 79.463470 -0.997435 0.034152 0.062904 0.314453 0.351563
66 -13.049999 5.709550 74.693443 -0.995619 0.082549 -0.043908 0.312500 0.316406
body.png
10 -13.250000 -1.765575 79.163475 -0.910152 -0.360187 0.204667 0.267578 0.349609
11 -12.249250 -0.722760 84.536369 -0.690661 -0.657790 -0.300500 0.269531 0.396484
10 -12.400000 5.634425 79.463470 -0.997435 0.034152 0.062904 0.314453 0.351563
body.png
13 -10.153675 10.942164 94.469063 0.124932 0.926529 0.354874 0.220703 0.578125
13 -13.716290 8.101305 100.141785 -0.336020 0.500645 0.797776 0.234375 0.531250
13 -8.917025 7.994690 101.965424 -0.288293 0.540649 0.790307 0.207031 0.529297
body.png
13 -8.917025 7.994690 101.965424 -0.288293 0.540649 0.790307 0.207031 0.529297
13 -13.716290 8.101305 100.141785 -0.336020 0.500645 0.797776 0.234375 0.531250
13 -11.445285 0.979520 100.880173 -0.428086 -0.276712 0.860333 0.222656 0.494141
body.png
13 -13.716290 8.101305 100.141785 -0.336020 0.500645 0.797776 0.234375 0.531250
13 -14.344710 1.052195 99.261360 -0.594431 -0.486574 0.640233 0.240234 0.490234
13 -11.445285 0.979520 100.880173 -0.428086 -0.276712 0.860333 0.222656 0.494141
body.png
13 -11.445285 0.979520 100.880173 -0.428086 -0.276712 0.860333 0.222656 0.494141
13 -14.344710 1.052195 99.261360 -0.594431 -0.486574 0.640233 0.240234 0.490234
13 -6.819640 -5.235920 96.577065 -0.496155 -0.814276 0.301305 0.203125 0.447266
body.png
13 -14.344710 1.052195 99.261360 -0.594431 -0.486574 0.640233 0.240234 0.490234
13 -11.655479 -1.989985 91.060402 -0.543559 -0.835678 0.078651 0.248047 0.429688
13 -6.819640 -5.235920 96.577065 -0.496155 -0.814276 0.301305 0.203125 0.447266
body.png
13 -6.819640 -5.235920 96.577065 -0.496155 -0.814276 0.301305 0.203125 0.447266
13 -11.655479 -1.989985 91.060402 -0.543559 -0.835678 0.078651 0.248047 0.429688
13 -6.326275 -7.149850 90.610001 -0.686911 -0.718804 0.107115 0.203125 0.414063
body.png
13 -11.655479 -1.989985 91.060402 -0.543559 -0.835678 0.078651 0.248047 0.429688
11 -5.979025 -8.023100 81.034683 -0.709497 -0.680997 0.181263 0.205078 0.361328
13 -6.326275 -7.149850 90.610001 -0.686911 -0.718804 0.107115 0.203125 0.414063
body.png
66 -9.599999 10.659555 79.093445 -0.509542 0.852495 0.116702 0.220703 0.675781
10 -12.400000 5.634425 79.463470 -0.828140 0.545875 0.127295 0.253906 0.681641
11 -8.804710 10.171125 81.856651 -0.542182 0.835020 -0.093703 0.222656 0.654297
body.png
66 -9.599999 10.659555 79.093445 -0.509542 0.852495 0.116702 0.220703 0.675781
66 -13.049999 5.709550 74.693443 -0.764587 0.609820 -0.208628 0.250000 0.710938
10 -12.400000 5.634425 79.463470 -0.828140 0.545875 0.127295 0.253906 0.681641
body.png
66 -9.599999 10.659555 79.093445 -0.509542 0.852495 0.116702 0.220703 0.675781
66 -9.250000 10.109550 74.293442 -0.437498 0.831524 -0.342290 0.216797 0.705078
66 -13.049999 5.709550 74.693443 -0.764587 0.609820 -0.208628 0.250000 0.710938
body.png
66 -9.599999 10.659555 79.093445 -0.509542 0.852495 0.116702 0.220703 0.675781
66 0.000000 12.359550 74.043442 -0.000191 0.967017 -0.254712 0.160156 0.705078
66 -9.250000 10.109550 74.293442 -0.437498 0.831524 -0.342290 0.216797 0.705078
body.png
66 -9.599999 10.659555 79.093445 -0.509542 0.852495 0.116702 0.220703 0.675781
66 0.000000 12.809555 78.893440 -0.000343 0.984126 0.177470 0.160156 0.673828
66 0.000000 12.359550 74.043442 -0.000191 0.967017 -0.254712 0.160156 0.705078
body.png
66 -9.599999 10.659555 79.093445 -0.509542 0.852495 0.116702 0.220703 0.675781
11 0.050995 11.548780 81.519630 -0.000602 0.985943 0.167083 0.158203 0.656250
66 0.000000 12.809555 78.893440 -0.000343 0.984126 0.177470 0.160156 0.673828
body.png
66 -9.599999 10.659555 79.093445 -0.509542 0.852495 0.116702 0.220703 0.675781
11 -8.804710 10.171125 81.856651 -0.542182 0.835020 -0.093703 0.222656 0.654297
11 0.050995 11.548780 81.519630 -0.000602 0.985943 0.167083 0.158203 0.656250
body.png
23 49.493946 0.721580 89.291946 0.304553 -0.150619 0.940511 0.078125 0.589844
20 46.470219 1.586035 90.042274 0.241040 -0.040120 0.969685 0.072266 0.564453
20 46.053616 0.029725 89.976395 0.070796 -0.579456 0.811923 0.085938 0.560547
body.png
20 46.053616 0.029725 89.976395 0.070796 -0.579456 0.811923 0.085938 0.560547
20 46.470219 1.586035 90.042274 0.241040 -0.040120 0.969685 0.072266 0.564453
19 43.931999 0.425950 90.389740 -0.062228 -0.657322 0.751036 0.083984 0.541016
body.png
20 46.470219 1.586035 90.042274 0.241040 -0.040120 0.969685 0.072266 0.564453
19 43.982643 3.709450 90.674431 0.092832 0.005911 0.995664 0.056641 0.541016
19 43.931999 0.425950 90.389740 -0.062228 -0.657322 0.751036 0.083984 0.541016
body.png
19 43.931999 0.425950 90.389740 -0.062228 -0.657322 0.751036 0.083984 0.541016
19 43.982643 3.709450 90.674431 0.092832 0.005911 0.995664 0.056641 0.541016
19 38.886700 2.266625 90.044258 -0.077614 -0.561333 0.823943 0.072266 0.496094
body.png
19 43.982643 3.709450 90.674431 0.092832 0.005911 0.995664 0.056641 0.541016
19 39.476189 5.242485 90.242348 0.058458 0.324641 0.944029 0.044922 0.500000
19 38.886700 2.266625 90.044258 -0.077614 -0.561333 0.823943 0.072266 0.496094
body.png
19 38.886700 2.266625 90.044258 -0.077614 -0.561333 0.823943 0.072266 0.496094
19 39.476189 5.242485 90.242348 0.058458 0.324641 0.944029 0.044922 0.500000
18 37.018963 5.322855 90.866249 0.159030 0.060247 0.985434 0.046875 0.478516
body.png
19 39.476189 5.242485 90.242348 0.058458 0.324641 0.944029 0.044922 0.500000
18 37.141056 7.885780 89.074890 0.286078 0.587169 0.757227 0.023438 0.478516
18 37.018963 5.322855 90.866249 0.159030 0.060247 0.985434 0.046875 0.478516
body.png
25 53.097023 -1.080795 86.935539 0.107862 -0.884523 -0.453856 0.052734 0.455078
25 52.591587 -0.837300 86.447952 0.257956 -0.289621 -0.921726 0.054688 0.451172
25 53.317482 -0.196505 86.979431 0.644067 0.602733 -0.471053 0.062500 0.457031
body.png
25 53.317482 -0.196505 86.979431 0.644067 0.602733 -0.471053 0.062500 0.457031
25 52.591587 -0.837300 86.447952 0.257956 -0.289621 -0.921726 0.054688 0.451172
25 52.902145 -0.058050 86.617729 0.069866 0.548407 -0.833288 0.062500 0.453125
body.png
25 52.591587 -0.837300 86.447952 0.257956 -0.289621 -0.921726 0.054688 0.451172
24 50.800205 -0.641005 87.219002 -0.374903 -0.310851 -0.873395 0.054688 0.435547
25 52.902145 -0.058050 86.617729 0.069866 0.548407 -0.833288 0.062500 0.453125
body.png
25 52.902145 -0.058050 86.617729 0.069866 0.548407 -0.833288 0.062500 0.453125
24 50.800205 -0.641005 87.219002 -0.374903 -0.310851 -0.873395 0.054688 0.435547
24 51.164299 0.347150 87.524765 0.055996 0.924496 -0.377056 0.066406 0.437500
body.png
24 50.800205 -0.641005 87.219002 -0.374903 -0.310851 -0.873395 0.054688 0.435547
23 49.250568 0.871995 88.281670 0.144653 0.810353 -0.567806 0.068359 0.421875
24 51.164299 0.347150 87.524765 0.055996 0.924496 -0.377056 0.066406 0.437500
body.png
24 51.164299 0.347150 87.524765 0.055996 0.924496 -0.377056 0.066406 0.437500
23 49.250568 0.871995 88.281670 0.144653 0.810353 -0.567806 0.068359 0.421875
24 51.664806 0.127775 88.234604 0.286320 0.954105 0.087773 0.064453 0.443359
body.png
23 49.250568 0.871995 88.281670 0.144653 0.810353 -0.567806 0.068359 0.421875
23 49.493946 0.721580 89.291946 0.292877 0.953480 0.071404 0.068359 0.423828
24 51.664806 0.127775 88.234604 0.286320 0.954105 0.087773 0.064453 0.443359
body.png
37 -37.124008 7.852765 89.141251 -0.289742 0.580081 0.761286 0.023438 0.478516
38 -39.454090 5.227975 90.254456 -0.061777 0.327259 0.942913 0.044922 0.500000
37 -37.022434 5.318200 90.861908 -0.150142 0.060210 0.986829 0.046875 0.478516
body.png
37 -37.022434 5.318200 90.861908 -0.150142 0.060210 0.986829 0.046875 0.478516
38 -39.454090 5.227975 90.254456 -0.061777 0.327259 0.942913 0.044922 0.500000
38 -38.875999 2.251360 90.079620 0.084749 -0.560247 0.823979 0.072266 0.496094
body.png
38 -39.454090 5.227975 90.254456 -0.061777 0.327259 0.942913 0.044922 0.500000
38 -43.941513 3.762015 90.680435 -0.094164 0.016427 0.995421 0.056641 0.541016
38 -38.875999 2.251360 90.079620 0.084749 -0.560247 0.823979 0.072266 0.496094
body.png
38 -38.875999 2.251360 90.079620 0.084749 -0.560247 0.823979 0.072266 0.496094
38 -43.941513 3.762015 90.680435 -0.094164 0.016427 0.995421 0.056641 0.541016
38 -43.913685 0.395535 90.433350 0.057180 -0.657669 0.751134 0.083984 0.541016
body.png
38 -43.941513 3.762015 90.680435 -0.094164 0.016427 0.995421 0.056641 0.541016
39 -46.471802 1.565270 90.043190 -0.240264 -0.036236 0.970031 0.072266 0.564453
38 -43.913685 0.395535 90.433350 0.057180 -0.657669 0.751134 0.083984 0.541016
body.png
38 -43.913685 0.395535 90.433350 0.057180 -0.657669 0.751134 0.083984 0.541016
39 -46.471802 1.565270 90.043190 -0.240264 -0.036236 0.970031 0.072266 0.564453
39 -46.045223 -0.001630 89.989777 -0.074149 -0.589702 0.804210 0.085938 0.560547
body.png
39 -46.471802 1.565270 90.043190 -0.240264 -0.036236 0.970031 0.072266 0.564453
42 -49.449200 0.728295 89.347534 -0.306541 -0.156014 0.938985 0.078125 0.589844
39 -46.045223 -0.001630 89.989777 -0.074149 -0.589702 0.804210 0.085938 0.560547
body.png
41 -46.501560 -1.489930 83.390648 -0.689367 0.189482 0.699192 0.113281 0.568359
41 -46.111588 -2.340075 83.988716 -0.375878 -0.353909 0.856425 0.123047 0.562500
40 -45.105038 -0.998755 84.079117 -0.631126 0.232213 0.740106 0.109375 0.554688
body.png
40 -45.105038 -0.998755 84.079117 -0.631126 0.232213 0.740106 0.109375 0.554688
41 -46.111588 -2.340075 83.988716 -0.375878 -0.353909 0.856425 0.123047 0.562500
40 -44.821400 -1.759280 84.552017 -0.491391 -0.325877 0.807675 0.119141 0.550781
body.png
41 -46.111588 -2.340075 83.988716 -0.375878 -0.353909 0.856425 0.123047 0.562500
40 -44.377609 -2.164020 84.005005 0.058011 -0.814813 0.576814 0.130859 0.544922
40 -44.821400 -1.759280 84.552017 -0.491391 -0.325877 0.807675 0.119141 0.550781
body.png
40 -44.821400 -1.759280 84.552017 -0.491391 -0.325877 0.807675 0.119141 0.550781
40 -44.377609 -2.164020 84.005005 0.058011 -0.814813 0.576814 0.130859 0.544922
40 -43.673820 -1.090640 85.673843 -0.381988 -0.732024 0.564115 0.113281 0.539063
body.png
40 -44.377609 -2.164020 84.005005 0.058011 -0.814813 0.576814 0.130859 0.544922
40 -42.054619 -1.208785 84.972610 0.192089 -0.860301 0.472212 0.117188 0.521484
40 -43.673820 -1.090640 85.673843 -0.381988 -0.732024 0.564115 0.113281 0.539063
body.png
40 -43.673820 -1.090640 85.673843 -0.381988 -0.732024 0.564115 0.113281 0.539063
40 -42.054619 -1.208785 84.972610 0.192089 -0.860301 0.472212 0.117188 0.521484
38 -43.305470 -0.324005 87.192619 0.086075 -0.916680 0.390241 0.101563 0.535156
body.png
40 -42.054619 -1.208785 84.972610 0.192089 -0.860301 0.472212 0.117188 0.521484
38 -38.645130 1.345245 87.051727 0.100628 -0.943626 0.315347 0.093750 0.494141
38 -43.305470 -0.324005 87.192619 0.086075 -0.916680 0.390241 0.101563 0.535156
body.png
39 -46.213890 7.167520 89.890686 -0.292203 0.048141 0.955144 0.025391 0.558594
39 -46.318916 5.433040 89.945976 -0.315737 0.036766 0.948134 0.039063 0.560547
38 -43.438393 6.948160 90.348244 0.001653 0.252271 0.967655 0.027344 0.533203
body.png
38 -43.438393 6.948160 90.348244 0.001653 0.252271 0.967655 0.027344 0.533203
39 -46.318916 5.433040 89.945976 -0.315737 0.036766 0.948134 0.039063 0.560547
38 -43.941513 3.762015 90.680435 -0.094164 0.016427 0.995421 0.056641 0.541016
body.png
39 -46.318916 5.433040 89.945976 -0.315737 0.036766 0.948134 0.039063 0.560547
39 -46.395679 3.501410 90.019470 -0.293629 0.032523 0.955366 0.056641 0.562500
38 -43.941513 3.762015 90.680435 -0.094164 0.016427 0.995421 0.056641 0.541016
body.png
38 -43.941513 3.762015 90.680435 -0.094164 0.016427 0.995421 0.056641 0.541016
39 -46.395679 3.501410 90.019470 -0.293629 0.032523 0.955366 0.056641 0.562500
39 -46.471802 1.565270 90.043190 -0.240264 -0.036236 0.970031 0.072266 0.564453
body.png
39 -46.395679 3.501410 90.019470 -0.293629 0.032523 0.955366 0.056641 0.562500
45 -48.895462 3.078305 89.272301 -0.424491 -0.015110 0.905306 0.058594 0.583984
39 -46.471802 1.565270 90.043190 -0.240264 -0.036236 0.970031 0.072266 0.564453
body.png
39 -46.471802 1.565270 90.043190 -0.240264 -0.036236 0.970031 0.072266 0.564453
45 -48.895462 3.078305 89.272301 -0.424491 -0.015110 0.905306 0.058594 0.583984
45 -48.737587 1.379925 89.296173 -0.428286 -0.027116 0.903236 0.074219 0.583984
body.png
45 -48.895462 3.078305 89.272301 -0.424491 -0.015110 0.905306 0.058594 0.583984
46 -51.402763 1.148225 87.583542 -0.604224 -0.035755 0.796012 0.074219 0.607422
45 -48.737587 1.379925 89.296173 -0.428286 -0.027116 0.903236 0.074219 0.583984
body.png
15 4.890955 6.582590 117.531044 0.449707 0.213298 -0.867333 0.781250 0.871094
55 7.220170 6.450615 116.915405 0.892241 0.450909 0.024238 0.789063 0.851563
15 7.032535 4.529320 118.124954 0.392512 -0.105851 -0.913635 0.796875 0.837891
body.png
15 7.032535 4.529320 118.124954 0.392512 -0.105851 -0.913635 0.796875 0.837891
55 7.220170 6.450615 116.915405 0.892241 0.450909 0.024238 0.789063 0.851563
15 6.837075 5.657685 118.294037 0.747139 0.411253 -0.522163 0.783203 0.847656
body.png
55 7.220170 6.450615 116.915405 0.892241 0.450909 0.024238 0.789063 0.851563
15 4.890955 6.582590 117.531044 0.449707 0.213298 -0.867333 0.781250 0.871094
15 6.837075 5.657685 118.294037 0.747139 0.411253 -0.522163 0.783203 0.847656
body.png
15 6.837075 5.657685 118.294037 0.747139 0.411253 -0.522163 0.783203 0.847656
15 4.890955 6.582590 117.531044 0.449707 0.213298 -0.867333 0.781250 0.871094
55 10.319304 6.324655 118.943214 0.558418 0.112650 -0.821876 0.761719 0.828125
body.png
15 4.890955 6.582590 117.531044 0.449707 0.213298 -0.867333 0.781250 0.871094
15 6.591950 6.985550 121.007278 0.545143 0.835873 -0.064309 0.742188 0.849609
55 10.319304 6.324655 118.943214 0.558418 0.112650 -0.821876 0.761719 0.828125
body.png
55 10.319304 6.324655 118.943214 0.558418 0.112650 -0.821876 0.761719 0.828125
15 6.591950 6.985550 121.007278 0.545143 0.835873 -0.064309 0.742188 0.849609
15 8.577110 3.367330 121.987152 0.983326 0.177945 0.037492 0.746094 0.800781
body.png
15 6.591950 6.985550 121.007278 0.545143 0.835873 -0.064309 0.742188 0.849609
55 10.667371 6.158500 125.658768 0.894126 0.379014 0.238508 0.714844 0.818359
15 8.577110 3.367330 121.987152 0.983326 0.177945 0.037492 0.746094 0.800781
body.png
15 -5.450930 -3.257680 127.655983 -0.969121 -0.052694 0.240888 0.820313 0.693359
15 -3.307400 -4.811350 128.644104 -0.443594 -0.573755 0.688498 0.853516 0.687500
54 -6.181955 -3.689115 132.041779 -0.637975 -0.491939 0.592438 0.843750 0.710938
body.png
54 -6.181955 -3.689115 132.041779 -0.637975 -0.491939 0.592438 0.843750 0.710938
15 -3.307400 -4.811350 128.644104 -0.443594 -0.573755 0.688498 0.853516 0.687500
15 -1.808295 -5.013015 129.120560 -0.204530 -0.438202 0.875298 0.873047 0.699219
body.png
15 -3.307400 -4.811350 128.644104 -0.443594 -0.573755 0.688498 0.853516 0.687500
54 -1.909025 -10.454525 130.320938 -0.134870 -0.521241 0.842685 0.876953 0.666016
15 -1.808295 -5.013015 129.120560 -0.204530 -0.438202 0.875298 0.873047 0.699219
body.png
15 -1.808295 -5.013015 129.120560 -0.204530 -0.438202 0.875298 0.873047 0.699219
54 -1.909025 -10.454525 130.320938 -0.134870 -0.521241 0.842685 0.876953 0.666016
15 -0.010810 -5.645455 128.942886 0.010260 -0.573993 0.818796 0.896484 0.691406
body.png
54 -1.909025 -10.454525 130.320938 -0.134870 -0.521241 0.842685 0.876953 0.666016
15 -0.022100 -8.570180 125.914536 0.042205 -0.878120 0.476576 0.896484 0.646484
15 -0.010810 -5.645455 128.942886 0.010260 -0.573993 0.818796 0.896484 0.691406
body.png
15 -0.010810 -5.645455 128.942886 0.010260 -0.573993 0.818796 0.896484 0.691406
15 -0.022100 -8.570180 125.914536 0.042205 -0.878120 0.476576 0.896484 0.646484
54 2.148820 -8.507920 130.744751 0.155721 -0.380565 0.911549 0.916016 0.666016
body.png
15 -0.022100 -8.570180 125.914536 0.042205 -0.878120 0.476576 0.896484 0.646484
15 2.130355 -7.997780 125.292618 0.391910 -0.829787 0.397317 0.925781 0.638672
54 2.148820 -8.507920 130.744751 0.155721 -0.380565 0.911549 0.916016 0.666016
body.png
15 4.133905 -7.567310 115.776154 0.374549 -0.790246 -0.484999 0.437500 0.021484
15 2.084835 -7.351705 115.398903 0.130735 -0.368177 -0.920518 0.406250 0.013672
15 4.087895 -6.597415 115.460426 0.175039 -0.266649 -0.947766 0.437500 0.013672
body.png
15 4.133905 -7.567310 115.776154 0.374549 -0.790246 -0.484999 0.437500 0.021484
15 -0.020555 -8.660470 115.755219 0.004508 -0.744681 -0.667405 0.373047 0.019531
15 2.084835 -7.351705 115.398903 0.130735 -0.368177 -0.920518 0.406250 0.013672
body.png
15 4.133905 -7.567310 115.776154 0.374549 -0.790246 -0.484999 0.437500 0.021484
15 -0.021530 -8.632666 121.541763 -0.002755 -0.999996 -0.000005 0.373047 0.105469
15 -0.020555 -8.660470 115.755219 0.004508 -0.744681 -0.667405 0.373047 0.019531
body.png
15 4.133905 -7.567310 115.776154 0.374549 -0.790246 -0.484999 0.437500 0.021484
15 4.182685 -7.606930 121.419601 0.426217 -0.904565 -0.010035 0.439453 0.105469
15 -0.021530 -8.632666 121.541763 -0.002755 -0.999996 -0.000005 0.373047 0.105469
body.png
15 4.133905 -7.567310 115.776154 0.374549 -0.790246 -0.484999 0.437500 0.021484
15 6.991410 -5.497840 120.616295 0.601762 -0.798555 -0.013833 0.484375 0.093750
15 4.182685 -7.606930 121.419601 0.426217 -0.904565 -0.010035 0.439453 0.105469
body.png
15 4.133905 -7.567310 115.776154 0.374549 -0.790246 -0.484999 0.437500 0.021484
15 6.892445 -5.469505 115.729378 0.393062 -0.515333 -0.761534 0.486328 0.021484
15 6.991410 -5.497840 120.616295 0.601762 -0.798555 -0.013833 0.484375 0.093750
body.png
15 4.133905 -7.567310 115.776154 0.374549 -0.790246 -0.484999 0.437500 0.021484
15 4.087895 -6.597415 115.460426 0.175039 -0.266649 -0.947766 0.437500 0.013672
15 6.892445 -5.469505 115.729378 0.393062 -0.515333 -0.761534 0.486328 0.021484
body.png
15 6.892445 -5.469505 115.729378 0.773565 -0.264177 -0.576028 0.263672 0.021484
15 8.566420 0.424145 115.386391 0.773897 0.076767 -0.628642 0.236328 0.021484
15 8.865295 0.327555 119.274361 0.995815 -0.071205 -0.057295 0.238281 0.082031
body.png
15 8.865295 0.327555 119.274361 0.995815 -0.071205 -0.057295 0.238281 0.082031
15 8.566420 0.424145 115.386391 0.773897 0.076767 -0.628642 0.236328 0.021484
15 7.032535 4.529320 118.124954 0.864071 0.502663 -0.026662 0.203125 0.070313
body.png
15 8.566420 0.424145 115.386391 0.773897 0.076767 -0.628642 0.236328 0.021484
15 6.983230 4.552050 114.900124 0.768986 0.554756 -0.317659 0.201172 0.019531
15 7.032535 4.529320 118.124954 0.864071 0.502663 -0.026662 0.203125 0.070313
body.png
15 7.032535 4.529320 118.124954 0.864071 0.502663 -0.026662 0.203125 0.070313
15 6.983230 4.552050 114.900124 0.768986 0.554756 -0.317659 0.201172 0.019531
15 3.595580 7.712375 117.247162 0.556733 0.830394 -0.022238 0.177734 0.062500
body.png
15 6.983230 4.552050 114.900124 0.768986 0.554756 -0.317659 0.201172 0.019531
15 3.545810 7.644680 114.536453 0.427843 0.903688 -0.017278 0.177734 0.021484
15 3.595580 7.712375 117.247162 0.556733 0.830394 -0.022238 0.177734 0.062500
body.png
15 3.595580 7.712375 117.247162 0.556733 0.830394 -0.022238 0.177734 0.062500
15 3.545810 7.644680 114.536453 0.427843 0.903688 -0.017278 0.177734 0.021484
15 0.049785 8.740260 116.875267 0.001591 0.999944 -0.010481 0.158203 0.058594
body.png
15 3.545810 7.644680 114.536453 0.427843 0.903688 -0.017278 0.177734 0.021484
15 0.050325 8.763005 114.506302 0.304634 0.952425 0.009214 0.158203 0.021484
15 0.049785 8.740260 116.875267 0.001591 0.999944 -0.010481 0.158203 0.058594
body.png
65 5.900000 -9.841800 75.327232 -0.442183 0.874593 -0.198899 0.326172 0.642578
10 12.550000 -2.065575 76.663475 -0.870435 0.448996 -0.201856 0.326172 0.642578
65 5.900000 -9.191800 71.377235 -0.619529 0.782716 0.059492 0.328125 0.642578
body.png
65 5.900000 -9.191800 71.377235 -0.619529 0.782716 0.059492 0.328125 0.642578
10 12.550000 -2.065575 76.663475 -0.870435 0.448996 -0.201856 0.326172 0.642578
10 12.950000 -2.165575 72.513474 -0.987452 0.144353 -0.064037 0.328125 0.642578
body.png
10 12.550000 -2.065575 76.663475 -0.870435 0.448996 -0.201856 0.326172 0.642578
10 11.400000 6.134425 76.713470 -0.924016 -0.352866 -0.147239 0.326172 0.642578
10 12.950000 -2.165575 72.513474 -0.987452 0.144353 -0.064037 0.328125 0.642578
body.png
10 12.950000 -2.165575 72.513474 -0.987452 0.144353 -0.064037 0.328125 0.642578
10 11.400000 6.134425 76.713470 -0.924016 -0.352866 -0.147239 0.326172 0.642578
66 11.549999 5.259550 72.143448 -0.826400 -0.555109 0.094426 0.328125 0.642578
body.png
10 11.400000 6.134425 76.713470 -0.924016 -0.352866 -0.147239 0.326172 0.642578
66 7.200000 10.409550 76.643440 -0.554713 -0.827867 -0.083241 0.326172 0.642578
66 11.549999 5.259550 72.143448 -0.826400 -0.555109 0.094426 0.328125 0.642578
body.png
66 11.549999 5.259550 72.143448 -0.826400 -0.555109 0.094426 0.328125 0.642578
66 7.200000 10.409550 76.643440 -0.554713 -0.827867 -0.083241 0.326172 0.642578
66 7.500000 9.059550 71.843445 -0.369238 -0.895007 0.250253 0.328125 0.642578
body.png
66 7.200000 10.409550 76.643440 -0.554713 -0.827867 -0.083241 0.326172 0.642578
66 0.000000 12.009550 76.493439 0.000212 -0.999116 -0.042035 0.326172 0.642578
66 7.500000 9.059550 71.843445 -0.369238 -0.895007 0.250253 0.328125 0.642578
body.png
66 0.000000 12.009550 76.493439 0.000212 -0.999116 -0.042035 0.326172 0.642578
66 7.200000 10.409550 76.643440 -0.554713 -0.827867 -0.083241 0.326172 0.642578
11 6.239355 8.687590 81.840210 -0.337437 -0.867033 -0.366593 0.328125 0.642578
body.png
11 6.239355 8.687590 81.840210 -0.337437 -0.867033 -0.366593 0.328125 0.642578
66 7.200000 10.409550 76.643440 -0.554713 -0.827867 -0.083241 0.326172 0.642578
11 9.775990 5.409795 82.029266 -0.775789 -0.537143 -0.331103 0.328125 0.642578
body.png
66 7.200000 10.409550 76.643440 -0.554713 -0.827867 -0.083241 0.326172 0.642578
10 11.400000 6.134425 76.713470 -0.924016 -0.352866 -0.147239 0.326172 0.642578
11 9.775990 5.409795 82.029266 -0.775789 -0.537143 -0.331103 0.328125 0.642578
body.png
11 9.775990 5.409795 82.029266 -0.775789 -0.537143 -0.331103 0.328125 0.642578
10 11.400000 6.134425 76.713470 -0.924016 -0.352866 -0.147239 0.326172 0.642578
11 10.950021 -0.949075 82.226563 -0.933752 0.146035 -0.326773 0.328125 0.642578
body.png
10 11.400000 6.134425 76.713470 -0.924016 -0.352866 -0.147239 0.326172 0.642578
10 12.550000 -2.065575 76.663475 -0.870435 0.448996 -0.201856 0.326172 0.642578
11 10.950021 -0.949075 82.226563 -0.933752 0.146035 -0.326773 0.328125 0.642578
body.png
11 10.950021 -0.949075 82.226563 -0.933752 0.146035 -0.326773 0.328125 0.642578
10 12.550000 -2.065575 76.663475 -0.870435 0.448996 -0.201856 0.326172 0.642578
11 5.026220 -6.761085 80.968918 -0.503581 0.748580 -0.431317 0.328125 0.642578
body.png
10 12.550000 -2.065575 76.663475 -0.870435 0.448996 -0.201856 0.326172 0.642578
65 5.900000 -9.841800 75.327232 -0.442183 0.874593 -0.198899 0.326172 0.642578
11 5.026220 -6.761085 80.968918 -0.503581 0.748580 -0.431317 0.328125 0.642578
body.png
10 0.000000 9.384425 76.563477 0.000835 0.998145 -0.060873 0.113281 0.931641
10 6.250000 8.134425 76.763474 0.455799 0.889359 -0.035902 0.113281 0.931641
1 0.000000 9.459110 71.490105 0.001543 0.999965 0.008208 0.113281 0.931641
body.png
1 0.000000 9.459110 71.490105 0.001543 0.999965 0.008208 0.113281 0.931641
10 6.250000 8.134425 76.763474 0.455799 0.889359 -0.035902 0.113281 0.931641
1 6.600000 8.059110 71.740112 0.533882 0.845174 0.025506 0.113281 0.931641
body.png
10 6.250000 8.134425 76.763474 0.455799 0.889359 -0.035902 0.113281 0.931641
10 9.800000 4.884425 77.013474 0.873442 0.486653 0.016366 0.113281 0.931641
1 6.600000 8.059110 71.740112 0.533882 0.845174 0.025506 0.113281 0.931641
body.png
1 6.600000 8.059110 71.740112 0.533882 0.845174 0.025506 0.113281 0.931641
10 9.800000 4.884425 77.013474 0.873442 0.486653 0.016366 0.113281 0.931641
1 10.450000 4.559110 71.940109 0.917790 0.386536 0.090834 0.113281 0.931641
body.png
10 9.800000 4.884425 77.013474 0.873442 0.486653 0.016366 0.113281 0.931641
10 11.050000 -1.665575 76.913475 0.938287 -0.315475 0.141750 0.113281 0.931641
1 10.450000 4.559110 71.940109 0.917790 0.386536 0.090834 0.113281 0.931641
body.png
1 10.450000 4.559110 71.940109 0.917790 0.386536 0.090834 0.113281 0.931641
10 11.050000 -1.665575 76.913475 0.938287 -0.315475 0.141750 0.113281 0.931641
1 11.799999 -2.540890 71.590111 0.930071 -0.318340 0.183380 0.113281 0.931641
body.png
10 11.050000 -1.665575 76.913475 0.938287 -0.315475 0.141750 0.113281 0.931641
1 5.600000 -8.340890 70.290108 0.536860 -0.816286 0.213208 0.113281 0.931641
1 11.799999 -2.540890 71.590111 0.930071 -0.318340 0.183380 0.113281 0.931641
body.png
1 -5.550000 -8.340890 70.290108 -0.535932 -0.816405 0.215081 0.113281 0.931641
10 -11.000000 -1.665575 76.913475 -0.937127 -0.318525 0.142600 0.113281 0.931641
1 -11.799999 -2.540890 71.590111 -0.927694 -0.320153 0.192057 0.113281 0.931641
body.png
1 -11.799999 -2.540890 71.590111 -0.927694 -0.320153 0.192057 0.113281 0.931641
10 -11.000000 -1.665575 76.913475 -0.937127 -0.318525 0.142600 0.113281 0.931641
1 -10.450000 4.559110 71.940109 -0.920826 0.378231 0.094978 0.113281 0.931641
body.png
10 -11.000000 -1.665575 76.913475 -0.937127 -0.318525 0.142600 0.113281 0.931641
10 -9.800000 4.884425 77.013474 -0.877269 0.479700 0.016939 0.113281 0.931641
1 -10.450000 4.559110 71.940109 -0.920826 0.378231 0.094978 0.113281 0.931641
body.png
1 -10.450000 4.559110 71.940109 -0.920826 0.378231 0.094978 0.113281 0.931641
10 -9.800000 4.884425 77.013474 -0.877269 0.479700 0.016939 0.113281 0.931641
1 -6.750000 8.059110 71.740112 -0.539900 0.841100 0.032549 0.113281 0.931641
body.png
10 -9.800000 4.884425 77.013474 -0.877269 0.479700 0.016939 0.113281 0.931641
10 -6.300000 8.134425 76.763474 -0.455441 0.889715 -0.031323 0.113281 0.931641
1 -6.750000 8.059110 71.740112 -0.539900 0.841100 0.032549 0.113281 0.931641
body.png
1 -6.750000 8.059110 71.740112 -0.539900 0.841100 0.032549 0.113281 0.931641
10 -6.300000 8.134425 76.763474 -0.455441 0.889715 -0.031323 0.113281 0.931641
1 0.000000 9.459110 71.490105 0.001543 0.999965 0.008208 0.113281 0.931641
body.png
10 -6.300000 8.134425 76.763474 -0.455441 0.889715 -0.031323 0.113281 0.931641
10 0.000000 9.384425 76.563477 0.000835 0.998145 -0.060873 0.113281 0.931641
1 0.000000 9.459110 71.490105 0.001543 0.999965 0.008208 0.113281 0.931641
body.png
9 -20.661663 -3.108705 1.666885 -0.958862 0.138140 0.247992 0.708984 0.972656
9 -20.687500 -5.168705 1.514435 -0.755315 -0.094106 0.648571 0.744141 0.972656
9 -20.273220 -3.471480 1.665455 -0.574321 -0.527198 0.626273 0.716797 0.966797
body.png
9 -20.273220 -3.471480 1.665455 -0.574321 -0.527198 0.626273 0.716797 0.966797
9 -20.687500 -5.168705 1.514435 -0.755315 -0.094106 0.648571 0.744141 0.972656
9 -20.305420 -5.097685 1.621545 -0.210279 -0.039368 0.976848 0.744141 0.966797
body.png
9 -20.687500 -5.168705 1.514435 -0.755315 -0.094106 0.648571 0.744141 0.972656
9 -20.427790 -6.778845 1.515595 -0.610291 -0.411147 0.677128 0.767578 0.972656
9 -20.305420 -5.097685 1.621545 -0.210279 -0.039368 0.976848 0.744141 0.966797
body.png
9 -20.305420 -5.097685 1.621545 -0.210279 -0.039368 0.976848 0.744141 0.966797
9 -20.427790 -6.778845 1.515595 -0.610291 -0.411147 0.677128 0.767578 0.972656
9 -19.813755 -6.080405 1.616310 -0.096369 -0.082339 0.991934 0.767578 0.968750
body.png
9 -20.427790 -6.778845 1.515595 -0.610291 -0.411147 0.677128 0.767578 0.972656
9 -17.825310 -9.091760 1.514770 -0.226058 -0.469188 0.853674 0.814453 0.972656
9 -19.813755 -6.080405 1.616310 -0.096369 -0.082339 0.991934 0.767578 0.968750
body.png
9 -19.813755 -6.080405 1.616310 -0.096369 -0.082339 0.991934 0.767578 0.968750
9 -17.825310 -9.091760 1.514770 -0.226058 -0.469188 0.853674 0.814453 0.972656
9 -17.546446 -8.400795 1.625685 -0.065787 -0.132212 0.989036 0.814453 0.966797
body.png
9 -17.825310 -9.091760 1.514770 -0.226058 -0.469188 0.853674 0.814453 0.972656
9 -14.403234 -8.921700 1.588725 0.000729 -0.118728 0.992927 0.767578 0.968750
9 -17.546446 -8.400795 1.625685 -0.065787 -0.132212 0.989036 0.814453 0.966797
body.png
7 -16.563776 2.852145 12.331610 -0.927370 -0.373301 0.025100 0.964844 0.148438
7 -16.813391 2.887025 14.525120 -0.892878 -0.206748 0.400031 0.986328 0.148438
7 -16.114334 8.047771 14.547686 -0.704153 0.601057 0.378020 0.986328 0.205078
body.png
7 -16.563776 2.852145 12.331610 -0.927370 -0.373301 0.025100 0.964844 0.148438
7 -13.846140 -0.225025 14.580605 -0.319952 -0.908039 0.270362 0.986328 0.099609
7 -16.813391 2.887025 14.525120 -0.892878 -0.206748 0.400031 0.986328 0.148438
body.png
7 -16.563776 2.852145 12.331610 -0.927370 -0.373301 0.025100 0.964844 0.148438
7 -13.783430 0.123955 12.372260 -0.256279 -0.966577 -0.007138 0.964844 0.099609
7 -13.846140 -0.225025 14.580605 -0.319952 -0.908039 0.270362 0.986328 0.099609
body.png
7 -16.563776 2.852145 12.331610 -0.927370 -0.373301 0.025100 0.964844 0.148438
7 -14.369306 -0.040830 10.265820 -0.225076 -0.940575 -0.254281 0.943359 0.099609
7 -13.783430 0.123955 12.372260 -0.256279 -0.966577 -0.007138 0.964844 0.099609
body.png
7 -16.563776 2.852145 12.331610 -0.927370 -0.373301 0.025100 0.964844 0.148438
7 -17.107525 3.255625 10.242585 -0.932781 -0.234098 -0.274076 0.943359 0.148438
7 -14.369306 -0.040830 10.265820 -0.225076 -0.940575 -0.254281 0.943359 0.099609
body.png
7 -16.563776 2.852145 12.331610 -0.927370 -0.373301 0.025100 0.964844 0.148438
7 -15.859245 8.010965 12.403840 -0.637467 0.767869 0.063348 0.966797 0.205078
7 -17.107525 3.255625 10.242585 -0.932781 -0.234098 -0.274076 0.943359 0.148438
body.png
7 -16.563776 2.852145 12.331610 -0.927370 -0.373301 0.025100 0.964844 0.148438
7 -16.114334 8.047771 14.547686 -0.704153 0.601057 0.378020 0.986328 0.205078
7 -15.859245 8.010965 12.403840 -0.637467 0.767869 0.063348 0.966797 0.205078
body.png
7 -10.011215 1.075190 12.547060 0.589502 -0.807378 -0.025068 0.966797 0.148438
7 -9.629604 0.993840 14.565784 0.652233 -0.691889 0.309648 0.986328 0.148438
7 -13.846140 -0.225025 14.580605 -0.319952 -0.908039 0.270362 0.986328 0.099609
body.png
7 -10.011215 1.075190 12.547060 0.589502 -0.807378 -0.025068 0.966797 0.148438
7 -8.017050 5.938975 12.667021 0.948548 0.310266 -0.063183 0.968750 0.205078
7 -9.629604 0.993840 14.565784 0.652233 -0.691889 0.309648 0.986328 0.148438
body.png
7 -10.011215 1.075190 12.547060 0.589502 -0.807378 -0.025068 0.966797 0.148438
7 -7.748435 5.579355 10.257455 0.917883 0.114395 -0.380005 0.943359 0.205078
7 -8.017050 5.938975 12.667021 0.948548 0.310266 -0.063183 0.968750 0.205078
body.png
7 -10.011215 1.075190 12.547060 0.589502 -0.807378 -0.025068 0.966797 0.148438
7 -10.106400 0.843655 10.283250 0.621509 -0.672385 -0.402027 0.943359 0.148438
7 -7.748435 5.579355 10.257455 0.917883 0.114395 -0.380005 0.943359 0.205078
body.png
7 -10.011215 1.075190 12.547060 0.589502 -0.807378 -0.025068 0.966797 0.148438
7 -14.369306 -0.040830 10.265820 -0.225076 -0.940575 -0.254281 0.943359 0.099609
7 -10.106400 0.843655 10.283250 0.621509 -0.672385 -0.402027 0.943359 0.148438
body.png
7 -10.011215 1.075190 12.547060 0.589502 -0.807378 -0.025068 0.966797 0.148438
7 -13.783430 0.123955 12.372260 -0.256279 -0.966577 -0.007138 0.964844 0.099609
7 -14.369306 -0.040830 10.265820 -0.225076 -0.940575 -0.254281 0.943359 0.099609
body.png
7 -10.011215 1.075190 12.547060 0.589502 -0.807378 -0.025068 0.966797 0.148438
7 -13.846140 -0.225025 14.580605 -0.319952 -0.908039 0.270362 0.986328 0.099609
7 -13.783430 0.123955 12.372260 -0.256279 -0.966577 -0.007138 0.964844 0.099609
body.png
3 10.438395 1.344610 9.558860 -0.587221 -0.704751 0.398118 0.601563 0.894531
5 15.221129 -1.709425 6.536155 0.182278 -0.573013 0.799019 0.691406 0.878906
3 14.160171 0.557275 9.590300 0.242877 -0.736683 0.631117 0.638672 0.847656
body.png
3 14.160171 0.557275 9.590300 0.242877 -0.736683 0.631117 0.638672 0.847656
5 15.221129 -1.709425 6.536155 0.182278 -0.573013 0.799019 0.691406 0.878906
3 16.563150 3.392100 9.546215 0.877471 -0.160392 0.452017 0.601563 0.894531
body.png
5 15.221129 -1.709425 6.536155 0.182278 -0.573013 0.799019 0.691406 0.878906
5 18.179859 -0.597985 5.956835 0.792176 0.059285 0.607406 0.667969 0.923828
3 16.563150 3.392100 9.546215 0.877471 -0.160392 0.452017 0.601563 0.894531
body.png
3 16.563150 3.392100 9.546215 0.877471 -0.160392 0.452017 0.601563 0.894531
5 18.179859 -0.597985 5.956835 0.792176 0.059285 0.607406 0.667969 0.923828
4 16.825510 4.140445 2.706800 0.945144 0.314814 0.087153 0.593750 0.962891
body.png
5 18.179859 -0.597985 5.956835 0.792176 0.059285 0.607406 0.667969 0.923828
5 18.742460 0.426750 2.268895 0.891273 0.442689 0.098285 0.658203 0.964844
4 16.825510 4.140445 2.706800 0.945144 0.314814 0.087153 0.593750 0.962891
body.png
4 16.825510 4.140445 2.706800 0.945144 0.314814 0.087153 0.593750 0.962891
5 18.742460 0.426750 2.268895 0.891273 0.442689 0.098285 0.658203 0.964844
4 16.871965 4.374160 0.017800 0.937671 0.347450 0.007128 0.593750 0.996094
body.png
5 18.742460 0.426750 2.268895 0.891273 0.442689 0.098285 0.658203 0.964844
5 18.444592 0.850535 0.033010 0.886401 0.462516 -0.019285 0.652344 0.996094
4 16.871965 4.374160 0.017800 0.937671 0.347450 0.007128 0.593750 0.996094
body.png
5 11.838570 -6.270875 1.641880 -0.860169 -0.455695 0.229023 0.708984 0.972656
5 12.868529 -8.764025 1.506205 -0.470655 -0.556565 0.684631 0.744141 0.972656
5 12.376266 -6.292525 1.662305 -0.068084 -0.755819 0.651231 0.716797 0.966797
body.png
5 12.376266 -6.292525 1.662305 -0.068084 -0.755819 0.651231 0.716797 0.966797
5 12.868529 -8.764025 1.506205 -0.470655 -0.556565 0.684631 0.744141 0.972656
5 13.613725 -8.176790 1.605450 -0.079278 -0.108512 0.990929 0.744141 0.966797
body.png
5 12.868529 -8.764025 1.506205 -0.470655 -0.556565 0.684631 0.744141 0.972656
5 14.498515 -9.630381 1.497185 -0.070762 -0.735904 0.673378 0.767578 0.972656
5 13.613725 -8.176790 1.605450 -0.079278 -0.108512 0.990929 0.744141 0.966797
body.png
5 13.613725 -8.176790 1.605450 -0.079278 -0.108512 0.990929 0.744141 0.966797
5 14.498515 -9.630381 1.497185 -0.070762 -0.735904 0.673378 0.767578 0.972656
5 14.402710 -8.919930 1.589820 -0.034585 -0.106786 0.993680 0.767578 0.968750
body.png
5 14.498515 -9.630381 1.497185 -0.070762 -0.735904 0.673378 0.767578 0.972656
5 17.828310 -9.097110 1.552715 0.207452 -0.444187 0.871586 0.814453 0.972656
5 14.402710 -8.919930 1.589820 -0.034585 -0.106786 0.993680 0.767578 0.968750
body.png
5 14.402710 -8.919930 1.589820 -0.034585 -0.106786 0.993680 0.767578 0.968750
5 17.828310 -9.097110 1.552715 0.207452 -0.444187 0.871586 0.814453 0.972656
5 17.577015 -8.375615 1.588770 0.019194 -0.043231 0.998881 0.814453 0.966797
body.png
5 17.828310 -9.097110 1.552715 0.207452 -0.444187 0.871586 0.814453 0.972656
5 19.787516 -6.109970 1.611900 0.070280 -0.054408 0.996042 0.767578 0.968750
5 17.577015 -8.375615 1.588770 0.019194 -0.043231 0.998881 0.814453 0.966797
body.png
3 8.016505 5.934480 12.660480 -0.947822 0.312389 -0.063610 0.968750 0.205078
3 7.624150 5.865700 14.524970 -0.909484 0.084389 0.407083 0.986328 0.205078
3 11.247906 9.181994 14.500785 -0.307560 0.916868 0.254482 0.984375 0.253906
body.png
3 8.016505 5.934480 12.660480 -0.947822 0.312389 -0.063610 0.968750 0.205078
3 9.652480 0.997375 14.540251 -0.654395 -0.702301 0.280252 0.986328 0.148438
3 7.624150 5.865700 14.524970 -0.909484 0.084389 0.407083 0.986328 0.205078
body.png
3 8.016505 5.934480 12.660480 -0.947822 0.312389 -0.063610 0.968750 0.205078
3 10.016055 1.057270 12.520540 -0.590909 -0.806522 -0.018697 0.966797 0.148438
3 9.652480 0.997375 14.540251 -0.654395 -0.702301 0.280252 0.986328 0.148438
body.png
3 8.016505 5.934480 12.660480 -0.947822 0.312389 -0.063610 0.968750 0.205078
3 7.765670 5.595415 10.246020 -0.917257 0.117254 -0.380646 0.943359 0.205078
3 10.016055 1.057270 12.520540 -0.590909 -0.806522 -0.018697 0.966797 0.148438
body.png
3 8.016505 5.934480 12.660480 -0.947822 0.312389 -0.063610 0.968750 0.205078
3 11.105260 9.137965 10.245465 -0.235729 0.935646 -0.262674 0.943359 0.253906
3 7.765670 5.595415 10.246020 -0.917257 0.117254 -0.380646 0.943359 0.205078
body.png
3 8.016505 5.934480 12.660480 -0.947822 0.312389 -0.063610 0.968750 0.205078
3 11.323339 8.786655 12.528345 -0.270180 0.962703 -0.014315 0.966797 0.253906
3 11.105260 9.137965 10.245465 -0.235729 0.935646 -0.262674 0.943359 0.253906
body.png
3 8.016505 5.934480 12.660480 -0.947822 0.312389 -0.063610 0.968750 0.205078
3 11.247906 9.181994 14.500785 -0.307560 0.916868 0.254482 0.984375 0.253906
3 11.323339 8.786655 12.528345 -0.270180 0.962703 -0.014315 0.966797 0.253906
body.png
13 13.733885 8.089315 100.135231 0.330148 0.501124 0.799923 0.234375 0.533203
13 11.454930 0.985980 100.872765 0.419832 -0.274996 0.864938 0.222656 0.494141
13 14.355470 1.040995 99.304703 0.592028 -0.486509 0.642505 0.240234 0.492188
body.png
13 13.733885 8.089315 100.135231 0.330148 0.501124 0.799923 0.234375 0.533203
13 8.933030 7.971970 101.962929 0.288188 0.538833 0.791585 0.207031 0.531250
13 11.454930 0.985980 100.872765 0.419832 -0.274996 0.864938 0.222656 0.494141
body.png
13 13.733885 8.089315 100.135231 0.330148 0.501124 0.799923 0.234375 0.533203
13 10.146560 10.959169 94.461166 -0.120070 0.926788 0.355876 0.220703 0.578125
13 8.933030 7.971970 101.962929 0.288188 0.538833 0.791585 0.207031 0.531250
body.png
13 13.733885 8.089315 100.135231 0.330148 0.501124 0.799923 0.234375 0.533203
13 12.600414 11.872086 93.748657 0.042059 0.969791 0.240286 0.236328 0.576172
13 10.146560 10.959169 94.461166 -0.120070 0.926788 0.355876 0.220703 0.578125
body.png
13 13.733885 8.089315 100.135231 0.330148 0.501124 0.799923 0.234375 0.533203
17 16.902401 8.577280 97.685104 0.492918 0.352010 0.795689 0.257813 0.535156
13 12.600414 11.872086 93.748657 0.042059 0.969791 0.240286 0.236328 0.576172
body.png
13 13.733885 8.089315 100.135231 0.330148 0.501124 0.799923 0.234375 0.533203
13 14.355470 1.040995 99.304703 0.592028 -0.486509 0.642505 0.240234 0.492188
17 16.902401 8.577280 97.685104 0.492918 0.352010 0.795689 0.257813 0.535156
body.png
34 51.347534 5.723880 85.399841 0.830596 -0.026110 0.556264 0.035156 0.603516
33 50.236549 6.803195 87.109390 0.762194 -0.044613 0.645810 0.025391 0.593750
33 50.094128 5.663920 87.191704 0.750373 -0.046163 0.659401 0.035156 0.593750
body.png
33 50.094128 5.663920 87.191704 0.750373 -0.046163 0.659401 0.035156 0.593750
33 50.236549 6.803195 87.109390 0.762194 -0.044613 0.645810 0.025391 0.593750
32 48.408737 5.501420 88.716949 0.631245 -0.071744 0.772258 0.037109 0.578125
body.png
33 50.236549 6.803195 87.109390 0.762194 -0.044613 0.645810 0.025391 0.593750
32 48.522015 7.002870 88.805313 0.555365 -0.040570 0.830616 0.025391 0.578125
32 48.408737 5.501420 88.716949 0.631245 -0.071744 0.772258 0.037109 0.578125
body.png
32 48.408737 5.501420 88.716949 0.631245 -0.071744 0.772258 0.037109 0.578125
32 48.522015 7.002870 88.805313 0.555365 -0.040570 0.830616 0.025391 0.578125
20 46.318352 5.465245 89.981827 0.321870 0.032115 0.946239 0.039063 0.560547
body.png
32 48.522015 7.002870 88.805313 0.555365 -0.040570 0.830616 0.025391 0.578125
20 46.248859 7.138745 89.897774 0.301302 0.060308 0.951620 0.025391 0.558594
20 46.318352 5.465245 89.981827 0.321870 0.032115 0.946239 0.039063 0.560547
body.png
20 46.318352 5.465245 89.981827 0.321870 0.032115 0.946239 0.039063 0.560547
20 46.248859 7.138745 89.897774 0.301302 0.060308 0.951620 0.025391 0.558594
19 43.402611 6.955265 90.373161 -0.007386 0.249102 0.968449 0.027344 0.533203
body.png
34 50.255859 6.576820 85.324059 -0.181111 0.316316 -0.931205 0.126953 0.425781
33 49.050560 6.999525 86.742126 -0.372861 0.726739 -0.576910 0.130859 0.414063
34 51.382309 6.471790 85.333397 0.120916 0.819998 -0.559448 0.126953 0.435547
body.png
34 51.382309 6.471790 85.333397 0.120916 0.819998 -0.559448 0.126953 0.435547
33 49.050560 6.999525 86.742126 -0.372861 0.726739 -0.576910 0.130859 0.414063
33 50.236549 6.803195 87.109390 0.151978 0.988338 0.009523 0.128906 0.425781
body.png
33 49.050560 6.999525 86.742126 -0.372861 0.726739 -0.576910 0.130859 0.414063
32 47.698723 7.137120 87.438133 -0.158944 0.636356 -0.754843 0.130859 0.404297
33 50.236549 6.803195 87.109390 0.151978 0.988338 0.009523 0.128906 0.425781
body.png
33 50.236549 6.803195 87.109390 0.151978 0.988338 0.009523 0.128906 0.425781
32 47.698723 7.137120 87.438133 -0.158944 0.636356 -0.754843 0.130859 0.404297
32 48.522015 7.002870 88.805313 0.079866 0.996135 0.036553 0.130859 0.410156
body.png
32 47.698723 7.137120 87.438133 -0.158944 0.636356 -0.754843 0.130859 0.404297
20 46.058582 7.193140 87.539101 0.021451 0.904809 -0.425276 0.128906 0.390625
32 48.522015 7.002870 88.805313 0.079866 0.996135 0.036553 0.130859 0.410156
body.png
32 48.522015 7.002870 88.805313 0.079866 0.996135 0.036553 0.130859 0.410156
20 46.058582 7.193140 87.539101 0.021451 0.904809 -0.425276 0.128906 0.390625
20 46.248859 7.138745 89.897774 0.004192 0.999733 0.022717 0.128906 0.390625
body.png
44 -53.269466 -0.215715 86.954308 -0.667284 0.594571 -0.448572 0.062500 0.457031
44 -52.583603 -0.811570 86.483086 -0.220598 -0.269061 -0.937519 0.054688 0.451172
44 -53.069340 -1.103435 86.887909 -0.056683 -0.844131 -0.533133 0.052734 0.455078
body.png
44 -53.069340 -1.103435 86.887909 -0.056683 -0.844131 -0.533133 0.052734 0.455078
44 -52.583603 -0.811570 86.483086 -0.220598 -0.269061 -0.937519 0.054688 0.451172
43 -50.802170 -0.611755 87.260696 0.374927 -0.280561 -0.883581 0.054688 0.435547
body.png
44 -52.583603 -0.811570 86.483086 -0.220598 -0.269061 -0.937519 0.054688 0.451172
44 -52.931805 -0.039610 86.634209 -0.091278 0.550927 -0.829547 0.062500 0.453125
43 -50.802170 -0.611755 87.260696 0.374927 -0.280561 -0.883581 0.054688 0.435547
body.png
43 -50.802170 -0.611755 87.260696 0.374927 -0.280561 -0.883581 0.054688 0.435547
44 -52.931805 -0.039610 86.634209 -0.091278 0.550927 -0.829547 0.062500 0.453125
43 -51.170052 0.371485 87.577560 -0.077694 0.935847 -0.343737 0.066406 0.437500
body.png
44 -52.931805 -0.039610 86.634209 -0.091278 0.550927 -0.829547 0.062500 0.453125
44 -53.269466 -0.215715 86.954308 -0.667284 0.594571 -0.448572 0.062500 0.457031
43 -51.170052 0.371485 87.577560 -0.077694 0.935847 -0.343737 0.066406 0.437500
body.png
43 -51.170052 0.371485 87.577560 -0.077694 0.935847 -0.343737 0.066406 0.437500
44 -53.269466 -0.215715 86.954308 -0.667284 0.594571 -0.448572 0.062500 0.457031
43 -51.638290 0.149765 88.226860 -0.290800 0.951737 0.098147 0.064453 0.443359
body.png
15 -8.229275 1.370640 112.158188 -0.844908 -0.530508 -0.068497 0.042969 0.916016
15 -8.577539 1.945405 115.312683 -0.823309 -0.567384 -0.015426 0.056641 0.949219
15 -9.272530 3.036955 112.163391 -0.821308 -0.566923 -0.063647 0.066406 0.908203
body.png
15 -8.229275 1.370640 112.158188 -0.844908 -0.530508 -0.068497 0.042969 0.916016
15 -7.583955 0.349335 115.047470 -0.710208 -0.533053 0.459847 0.039063 0.962891
15 -8.577539 1.945405 115.312683 -0.823309 -0.567384 -0.015426 0.056641 0.949219
body.png
15 -8.229275 1.370640 112.158188 -0.844908 -0.530508 -0.068497 0.042969 0.916016
15 -7.483820 0.240050 111.989204 -0.826716 -0.554257 -0.096642 0.021484 0.906250
15 -7.583955 0.349335 115.047470 -0.710208 -0.533053 0.459847 0.039063 0.962891
body.png
15 -8.229275 1.370640 112.158188 -0.844908 -0.530508 -0.068497 0.042969 0.916016
15 -7.679640 1.157405 109.514809 -0.661187 -0.362560 -0.656797 0.042969 0.875000
15 -7.483820 0.240050 111.989204 -0.826716 -0.554257 -0.096642 0.021484 0.906250
body.png
15 -8.229275 1.370640 112.158188 -0.844908 -0.530508 -0.068497 0.042969 0.916016
15 -8.325830 2.118250 109.955513 -0.633767 0.184429 -0.751216 0.058594 0.880859
15 -7.679640 1.157405 109.514809 -0.661187 -0.362560 -0.656797 0.042969 0.875000
body.png
15 -8.229275 1.370640 112.158188 -0.844908 -0.530508 -0.068497 0.042969 0.916016
15 -9.272530 3.036955 112.163391 -0.821308 -0.566923 -0.063647 0.066406 0.908203
15 -8.325830 2.118250 109.955513 -0.633767 0.184429 -0.751216 0.058594 0.880859
body.png
15 7.392560 7.298700 124.544724 0.741192 0.609689 -0.280915 0.980469 0.855469
55 9.369995 6.965015 129.037949 0.750536 0.344216 0.564102 0.964844 0.835938
15 7.427115 3.533570 125.492126 0.994029 0.101263 0.040647 0.988281 0.820313
body.png
15 7.427115 3.533570 125.492126 0.994029 0.101263 0.040647 0.988281 0.820313
55 9.369995 6.965015 129.037949 0.750536 0.344216 0.564102 0.964844 0.835938
15 4.976930 3.623105 128.301682 0.487503 0.309118 0.816570 0.951172 0.812500
body.png
55 9.369995 6.965015 129.037949 0.750536 0.344216 0.564102 0.964844 0.835938
15 4.993935 7.729545 126.407776 0.310908 0.933342 0.179470 0.949219 0.853516
15 4.976930 3.623105 128.301682 0.487503 0.309118 0.816570 0.951172 0.812500
body.png
15 4.976930 3.623105 128.301682 0.487503 0.309118 0.816570 0.951172 0.812500
15 4.993935 7.729545 126.407776 0.310908 0.933342 0.179470 0.949219 0.853516
55 4.978880 9.208910 129.982956 0.339821 0.566148 0.750998 0.935547 0.833984
body.png
15 4.993935 7.729545 126.407776 0.310908 0.933342 0.179470 0.949219 0.853516
15 2.095450 8.150485 127.315567 0.092721 0.953932 0.285335 0.917969 0.851563
55 4.978880 9.208910 129.982956 0.339821 0.566148 0.750998 0.935547 0.833984
body.png
55 4.978880 9.208910 129.982956 0.339821 0.566148 0.750998 0.935547 0.833984
15 2.095450 8.150485 127.315567 0.092721 0.953932 0.285335 0.917969 0.851563
15 2.077385 3.778200 129.089783 0.099788 0.369642 0.923800 0.917969 0.810547
body.png
57 -2.328045 10.410565 115.017242 -0.417728 0.186828 0.889156 0.757813 0.132813
59 -5.055750 10.147905 113.370369 -0.602617 0.196694 0.773411 0.775391 0.078125
57 -3.135690 8.512145 114.687508 -0.443382 0.033051 0.895723 0.794922 0.125000
body.png
57 -2.328045 10.410565 115.017242 -0.417728 0.186828 0.889156 0.757813 0.132813
59 -4.500835 11.360830 113.428574 -0.526258 0.428108 0.734694 0.755859 0.085938
59 -5.055750 10.147905 113.370369 -0.602617 0.196694 0.773411 0.775391 0.078125
body.png
57 -2.328045 10.410565 115.017242 -0.417728 0.186828 0.889156 0.757813 0.132813
57 -1.122650 11.722980 114.660759 0.355571 0.852805 0.382482 0.732422 0.134766
59 -4.500835 11.360830 113.428574 -0.526258 0.428108 0.734694 0.755859 0.085938
body.png
57 -2.328045 10.410565 115.017242 -0.417728 0.186828 0.889156 0.757813 0.132813
15 -0.996675 9.559160 115.671387 -0.158762 0.259088 0.952716 0.757813 0.160156
57 -1.122650 11.722980 114.660759 0.355571 0.852805 0.382482 0.732422 0.134766
body.png
57 -2.328045 10.410565 115.017242 -0.417728 0.186828 0.889156 0.757813 0.132813
15 -1.051015 8.481465 115.496399 -0.430882 -0.061616 0.900302 0.779297 0.164063
15 -0.996675 9.559160 115.671387 -0.158762 0.259088 0.952716 0.757813 0.160156
body.png
57 -2.328045 10.410565 115.017242 -0.417728 0.186828 0.889156 0.757813 0.132813
57 -3.135690 8.512145 114.687508 -0.443382 0.033051 0.895723 0.794922 0.125000
15 -1.051015 8.481465 115.496399 -0.430882 -0.061616 0.900302 0.779297 0.164063
body.png
15 -0.244370 10.105145 115.204018 0.867939 0.492569 0.063693 0.734375 0.162109
15 -0.696300 9.613230 114.859383 0.333361 -0.194061 -0.922611 0.714844 0.158203
57 -1.122650 11.722980 114.660759 0.355571 0.852805 0.382482 0.732422 0.134766
body.png
57 -1.122650 11.722980 114.660759 0.355571 0.852805 0.382482 0.732422 0.134766
15 -0.696300 9.613230 114.859383 0.333361 -0.194061 -0.922611 0.714844 0.158203
57 -1.878800 10.201225 114.538330 0.371975 -0.193348 -0.907883 0.708984 0.134766
body.png
15 -0.696300 9.613230 114.859383 0.333361 -0.194061 -0.922611 0.714844 0.158203
57 -3.135690 8.512145 114.687508 0.265635 -0.406849 -0.874021 0.675781 0.126953
57 -1.878800 10.201225 114.538330 0.371975 -0.193348 -0.907883 0.708984 0.134766
body.png
57 -1.878800 10.201225 114.538330 0.371975 -0.193348 -0.907883 0.708984 0.134766
57 -3.135690 8.512145 114.687508 0.265635 -0.406849 -0.874021 0.675781 0.126953
59 -4.151185 11.251205 112.937935 0.466010 -0.386928 -0.795689 0.716797 0.083984
body.png
57 -3.135690 8.512145 114.687508 0.265635 -0.406849 -0.874021 0.675781 0.126953
59 -5.055750 10.147905 113.370369 0.338376 -0.570684 -0.748212 0.693359 0.080078
59 -4.151185 11.251205 112.937935 0.466010 -0.386928 -0.795689 0.716797 0.083984
body.png
59 -4.151185 11.251205 112.937935 0.466010 -0.386928 -0.795689 0.716797 0.083984
59 -5.055750 10.147905 113.370369 0.338376 -0.570684 -0.748212 0.693359 0.080078
59 -7.048715 11.735425 110.112625 -0.727188 0.130504 -0.673918 0.730469 0.017578
body.png
15 0.048710 8.139555 109.645874 -0.013158 -0.508586 -0.860910 0.894531 0.517578
15 -1.906335 6.873760 109.090843 0.162487 -0.055787 -0.985132 0.910156 0.517578
56 0.029690 8.612335 108.217323 -0.004635 0.865772 -0.500417 0.894531 0.529297
body.png
56 0.029690 8.612335 108.217323 -0.004635 0.865772 -0.500417 0.894531 0.529297
15 -1.906335 6.873760 109.090843 0.162487 -0.055787 -0.985132 0.910156 0.517578
15 -2.555505 7.210130 111.921112 -0.322969 0.615606 -0.718833 0.917969 0.546875
body.png
15 -1.906335 6.873760 109.090843 0.162487 -0.055787 -0.985132 0.910156 0.517578
56 -3.477900 6.736570 107.986404 -0.436338 0.759056 -0.483159 0.925781 0.521484
15 -2.555505 7.210130 111.921112 -0.322969 0.615606 -0.718833 0.917969 0.546875
body.png
15 -2.555505 7.210130 111.921112 -0.322969 0.615606 -0.718833 0.917969 0.546875
56 -3.477900 6.736570 107.986404 -0.436338 0.759056 -0.483159 0.925781 0.521484
15 -5.661945 5.639580 112.157547 -0.377590 0.296565 -0.877198 0.943359 0.541016
body.png
56 -3.477900 6.736570 107.986404 -0.436338 0.759056 -0.483159 0.925781 0.521484
15 -4.763600 5.097715 109.301079 -0.022504 -0.081387 -0.996428 0.935547 0.515625
15 -5.661945 5.639580 112.157547 -0.377590 0.296565 -0.877198 0.943359 0.541016
body.png
15 -5.661945 5.639580 112.157547 -0.377590 0.296565 -0.877198 0.943359 0.541016
15 -4.763600 5.097715 109.301079 -0.022504 -0.081387 -0.996428 0.935547 0.515625
56 -6.939005 4.019505 108.307785 -0.686257 0.220621 -0.693093 0.951172 0.515625
body.png
15 8.220995 1.403255 112.149567 0.836352 -0.544228 -0.065820 0.042969 0.916016
15 9.327520 3.011195 112.161034 0.811809 -0.582004 -0.047297 0.066406 0.908203
15 8.572520 1.925525 115.310051 0.824467 -0.565817 -0.010243 0.056641 0.949219
body.png
15 8.220995 1.403255 112.149567 0.836352 -0.544228 -0.065820 0.042969 0.916016
15 8.374235 2.100190 109.952789 0.636052 0.151268 -0.756674 0.058594 0.880859
15 9.327520 3.011195 112.161034 0.811809 -0.582004 -0.047297 0.066406 0.908203
body.png
15 8.220995 1.403255 112.149567 0.836352 -0.544228 -0.065820 0.042969 0.916016
15 7.670435 1.144825 109.511841 0.665498 -0.367179 -0.649840 0.042969 0.875000
15 8.374235 2.100190 109.952789 0.636052 0.151268 -0.756674 0.058594 0.880859
body.png
15 8.220995 1.403255 112.149567 0.836352 -0.544228 -0.065820 0.042969 0.916016
15 7.466255 0.229090 111.986153 0.836574 -0.539594 -0.094775 0.021484 0.906250
15 7.670435 1.144825 109.511841 0.665498 -0.367179 -0.649840 0.042969 0.875000
body.png
15 8.220995 1.403255 112.149567 0.836352 -0.544228 -0.065820 0.042969 0.916016
15 7.616120 0.337360 115.044472 0.721817 -0.526298 0.449434 0.039063 0.962891
15 7.466255 0.229090 111.986153 0.836574 -0.539594 -0.094775 0.021484 0.906250
body.png
15 8.220995 1.403255 112.149567 0.836352 -0.544228 -0.065820 0.042969 0.916016
15 8.572520 1.925525 115.310051 0.824467 -0.565817 -0.010243 0.056641 0.949219
15 7.616120 0.337360 115.044472 0.721817 -0.526298 0.449434 0.039063 0.962891
body.png
57 1.672495 10.596230 116.303192 0.580256 -0.073946 -0.811070 0.757813 0.132813
58 4.086985 11.044025 118.330917 0.718248 -0.008862 -0.695731 0.775391 0.078125
57 2.415650 8.954781 117.352409 0.597405 -0.222082 -0.770576 0.794922 0.125000
body.png
57 1.672495 10.596230 116.303192 0.580256 -0.073946 -0.811070 0.757813 0.132813
58 3.541545 12.147350 117.848549 0.641463 0.213742 -0.736776 0.755859 0.085938
58 4.086985 11.044025 118.330917 0.718248 -0.008862 -0.695731 0.775391 0.078125
body.png
57 1.672495 10.596230 116.303192 0.580256 -0.073946 -0.811070 0.757813 0.132813
57 0.477725 11.874580 116.001770 -0.309985 0.668229 -0.676298 0.732422 0.134766
58 3.541545 12.147350 117.848549 0.641463 0.213742 -0.736776 0.755859 0.085938
body.png
57 1.672495 10.596230 116.303192 0.580256 -0.073946 -0.811070 0.757813 0.132813
15 0.503110 9.503425 115.677528 0.343315 -0.033428 -0.938625 0.757813 0.160156
57 0.477725 11.874580 116.001770 -0.309985 0.668229 -0.676298 0.732422 0.134766
body.png
57 1.672495 10.596230 116.303192 0.580256 -0.073946 -0.811070 0.757813 0.132813
15 0.499175 8.557156 116.191872 0.611560 -0.312214 -0.726992 0.779297 0.164063
15 0.503110 9.503425 115.677528 0.343315 -0.033428 -0.938625 0.757813 0.160156
body.png
57 1.672495 10.596230 116.303192 0.580256 -0.073946 -0.811070 0.757813 0.132813
57 2.415650 8.954781 117.352409 0.597405 -0.222082 -0.770576 0.794922 0.125000
15 0.499175 8.557156 116.191872 0.611560 -0.312214 -0.726992 0.779297 0.164063
body.png
15 -0.294380 10.131809 115.855400 -0.841804 0.403098 -0.358995 0.734375 0.162109
15 0.054340 9.841355 116.393005 -0.524498 0.077921 0.847838 0.714844 0.158203
57 0.477725 11.874580 116.001770 -0.309985 0.668229 -0.676298 0.732422 0.134766
body.png
57 0.477725 11.874580 116.001770 -0.309985 0.668229 -0.676298 0.732422 0.134766
15 0.054340 9.841355 116.393005 -0.524498 0.077921 0.847838 0.714844 0.158203
57 1.122225 10.551845 116.761703 -0.542271 0.078405 0.836537 0.708984 0.134766
body.png
15 0.054340 9.841355 116.393005 -0.524498 0.077921 0.847838 0.714844 0.158203
57 2.415650 8.954781 117.352409 -0.415382 -0.141124 0.898633 0.675781 0.126953
57 1.122225 10.551845 116.761703 -0.542271 0.078405 0.836537 0.708984 0.134766
body.png
57 1.122225 10.551845 116.761703 -0.542271 0.078405 0.836537 0.708984 0.134766
57 2.415650 8.954781 117.352409 -0.415382 -0.141124 0.898633 0.675781 0.126953
58 3.091465 12.146359 118.251572 -0.582224 -0.149772 0.799114 0.716797 0.083984
body.png
57 2.415650 8.954781 117.352409 -0.415382 -0.141124 0.898633 0.675781 0.126953
58 4.086985 11.044025 118.330917 -0.439824 -0.337294 0.832339 0.693359 0.080078
58 3.091465 12.146359 118.251572 -0.582224 -0.149772 0.799114 0.716797 0.083984
body.png
58 3.091465 12.146359 118.251572 -0.582224 -0.149772 0.799114 0.716797 0.083984
58 4.086985 11.044025 118.330917 -0.439824 -0.337294 0.832339 0.693359 0.080078
58 5.497210 13.697229 121.239822 0.627434 0.373692 0.683141 0.730469 0.017578
body.png
15 4.843905 7.324810 117.846313 0.354898 0.209552 -0.911118 0.835938 0.595703
55 8.179485 8.866035 119.500061 0.749959 0.284089 -0.597373 0.837891 0.621094
15 4.890955 6.582590 117.531044 0.612226 -0.229161 -0.756746 0.863281 0.593750
body.png
15 4.890955 6.582590 117.531044 0.612226 -0.229161 -0.756746 0.863281 0.593750
55 8.179485 8.866035 119.500061 0.749959 0.284089 -0.597373 0.837891 0.621094
15 6.591950 6.985550 121.007278 0.921030 -0.371772 -0.116149 0.863281 0.638672
body.png
55 8.179485 8.866035 119.500061 0.749959 0.284089 -0.597373 0.837891 0.621094
15 6.050005 8.988750 121.325058 0.291355 0.942389 0.164363 0.812500 0.648438
15 6.591950 6.985550 121.007278 0.921030 -0.371772 -0.116149 0.863281 0.638672
body.png
15 6.591950 6.985550 121.007278 0.921030 -0.371772 -0.116149 0.863281 0.638672
15 6.050005 8.988750 121.325058 0.291355 0.942389 0.164363 0.812500 0.648438
55 9.030110 9.217155 123.788208 0.898675 0.291131 -0.328064 0.835938 0.662109
body.png
15 6.050005 8.988750 121.325058 0.291355 0.942389 0.164363 0.812500 0.648438
15 7.392560 7.298700 124.544724 0.446484 -0.028438 0.894340 0.835938 0.652344
55 9.030110 9.217155 123.788208 0.898675 0.291131 -0.328064 0.835938 0.662109
body.png
55 9.030110 9.217155 123.788208 0.898675 0.291131 -0.328064 0.835938 0.662109
15 7.392560 7.298700 124.544724 0.446484 -0.028438 0.894340 0.835938 0.652344
15 6.591950 6.985550 121.007278 0.921030 -0.371772 -0.116149 0.863281 0.638672
body.png
15 -6.050095 8.988155 121.328629 -0.288186 0.942669 0.168299 0.812500 0.648438
55 -8.970145 9.190825 123.796532 -0.904877 0.293991 -0.307841 0.835938 0.662109
15 -7.357535 7.302995 124.498146 -0.433664 -0.035821 0.900362 0.835938 0.652344
body.png
15 -7.357535 7.302995 124.498146 -0.433664 -0.035821 0.900362 0.835938 0.652344
55 -8.970145 9.190825 123.796532 -0.904877 0.293991 -0.307841 0.835938 0.662109
15 -6.608145 6.989415 121.010658 -0.924434 -0.364154 -0.113200 0.863281 0.638672
body.png
55 -8.970145 9.190825 123.796532 -0.904877 0.293991 -0.307841 0.835938 0.662109
15 -6.050095 8.988155 121.328629 -0.288186 0.942669 0.168299 0.812500 0.648438
15 -6.608145 6.989415 121.010658 -0.924434 -0.364154 -0.113200 0.863281 0.638672
body.png
15 -6.608145 6.989415 121.010658 -0.924434 -0.364154 -0.113200 0.863281 0.638672
15 -6.050095 8.988155 121.328629 -0.288186 0.942669 0.168299 0.812500 0.648438
55 -8.170580 8.882669 119.502853 -0.749222 0.278518 -0.600911 0.837891 0.621094
body.png
15 -6.050095 8.988155 121.328629 -0.288186 0.942669 0.168299 0.812500 0.648438
15 -3.604565 7.691910 117.251663 -0.200722 0.637156 -0.744139 0.810547 0.603516
55 -8.170580 8.882669 119.502853 -0.749222 0.278518 -0.600911 0.837891 0.621094
body.png
55 -8.170580 8.882669 119.502853 -0.749222 0.278518 -0.600911 0.837891 0.621094
15 -3.604565 7.691910 117.251663 -0.200722 0.637156 -0.744139 0.810547 0.603516
15 -4.806220 7.314281 117.850349 -0.356318 0.197820 -0.913184 0.835938 0.595703
body.png
66 13.049999 5.709550 74.693443 0.995619 0.082549 -0.043908 0.312500 0.318359
10 13.600000 -2.165575 74.713470 0.976112 -0.212998 -0.042864 0.265625 0.320313
66 12.150001 5.509550 72.143448 0.973022 0.117302 -0.198664 0.308594 0.298828
body.png
66 12.150001 5.509550 72.143448 0.973022 0.117302 -0.198664 0.308594 0.298828
10 13.600000 -2.165575 74.713470 0.976112 -0.212998 -0.042864 0.265625 0.320313
10 13.500000 -2.315575 72.513474 0.902026 -0.396526 -0.170638 0.261719 0.300781
body.png
10 13.600000 -2.165575 74.713470 0.976112 -0.212998 -0.042864 0.265625 0.320313
65 7.000000 -10.241800 73.427231 0.577268 -0.814653 -0.055697 0.203125 0.312500
10 13.500000 -2.315575 72.513474 0.902026 -0.396526 -0.170638 0.261719 0.300781
body.png
10 13.500000 -2.315575 72.513474 0.902026 -0.396526 -0.170638 0.261719 0.300781
65 7.000000 -10.241800 73.427231 0.577268 -0.814653 -0.055697 0.203125 0.312500
65 6.200000 -9.741800 71.377235 0.448795 -0.842526 -0.297880 0.199219 0.296875
body.png
65 7.000000 -10.241800 73.427231 0.577268 -0.814653 -0.055697 0.203125 0.312500
65 0.000000 -12.141800 72.627235 0.295398 -0.946662 -0.128727 0.158203 0.306641
65 6.200000 -9.741800 71.377235 0.448795 -0.842526 -0.297880 0.199219 0.296875
body.png
65 6.200000 -9.741800 71.377235 0.448795 -0.842526 -0.297880 0.199219 0.296875
65 0.000000 -12.141800 72.627235 0.295398 -0.946662 -0.128727 0.158203 0.306641
65 0.000000 -11.891800 70.677246 0.337316 -0.933749 -0.119712 0.158203 0.294922
body.png
1 -10.450000 4.559110 71.940109 -0.860659 0.354939 0.365081 0.320313 0.720703
1 -12.750000 -2.690890 69.390114 -0.871157 -0.329029 0.364453 0.351563 0.677734
1 -11.799999 -2.540890 71.590111 -0.860203 -0.324283 0.393562 0.351563 0.714844
body.png
1 -11.799999 -2.540890 71.590111 -0.860203 -0.324283 0.393562 0.351563 0.714844
1 -12.750000 -2.690890 69.390114 -0.871157 -0.329029 0.364453 0.351563 0.677734
1 -5.550000 -8.340890 70.290108 -0.513653 -0.817280 0.261179 0.378906 0.707031
body.png
1 -12.750000 -2.690890 69.390114 -0.871157 -0.329029 0.364453 0.351563 0.677734
1 -5.850000 -8.790890 68.040115 -0.407567 -0.877508 0.252722 0.382813 0.671875
1 -5.550000 -8.340890 70.290108 -0.513653 -0.817280 0.261179 0.378906 0.707031
body.png
1 -5.550000 -8.340890 70.290108 -0.513653 -0.817280 0.261179 0.378906 0.707031
1 -5.850000 -8.790890 68.040115 -0.407567 -0.877508 0.252722 0.382813 0.671875
1 0.000000 -10.190889 69.690109 -0.000337 -0.963635 0.267221 0.402344 0.697266
body.png
1 -5.850000 -8.790890 68.040115 -0.407567 -0.877508 0.252722 0.382813 0.671875
1 0.000000 -10.890890 67.490112 0.000000 -0.952926 0.303204 0.402344 0.667969
1 0.000000 -10.190889 69.690109 -0.000337 -0.963635 0.267221 0.402344 0.697266
body.png
1 0.000000 -10.190889 69.690109 -0.000337 -0.963635 0.267221 0.402344 0.697266
1 0.000000 -10.890890 67.490112 0.000000 -0.952926 0.303204 0.402344 0.667969
1 5.850000 -8.790890 68.040115 0.408504 -0.878895 0.246310 0.382813 0.671875
body.png
10 0.000000 -8.965575 75.013481 -0.001703 -0.988874 0.148747 0.113281 0.931641
11 -4.973930 -6.777765 80.927818 -0.435850 -0.894513 0.099404 0.113281 0.931641
10 -5.100000 -7.265575 75.613472 -0.494146 -0.855090 0.156976 0.113281 0.931641
body.png
10 0.000000 -8.965575 75.013481 -0.001703 -0.988874 0.148747 0.113281 0.931641
11 -0.030185 -8.318670 80.319550 -0.002214 -0.992649 0.121009 0.113281 0.931641
11 -4.973930 -6.777765 80.927818 -0.435850 -0.894513 0.099404 0.113281 0.931641
body.png
10 0.000000 -8.965575 75.013481 -0.001703 -0.988874 0.148747 0.113281 0.931641
11 5.026220 -6.761085 80.968918 0.433443 -0.895420 0.101734 0.113281 0.931641
11 -0.030185 -8.318670 80.319550 -0.002214 -0.992649 0.121009 0.113281 0.931641
body.png
10 0.000000 -8.965575 75.013481 -0.001703 -0.988874 0.148747 0.113281 0.931641
10 5.150000 -7.265575 75.613472 0.492840 -0.855695 0.157781 0.113281 0.931641
11 5.026220 -6.761085 80.968918 0.433443 -0.895420 0.101734 0.113281 0.931641
body.png
10 0.000000 -8.965575 75.013481 -0.001703 -0.988874 0.148747 0.113281 0.931641
1 0.000000 -10.190889 69.690109 -0.001273 -0.974751 0.223293 0.113281 0.931641
10 5.150000 -7.265575 75.613472 0.492840 -0.855695 0.157781 0.113281 0.931641
body.png
10 0.000000 -8.965575 75.013481 -0.001703 -0.988874 0.148747 0.113281 0.931641
10 -5.100000 -7.265575 75.613472 -0.494146 -0.855090 0.156976 0.113281 0.931641
1 0.000000 -10.190889 69.690109 -0.001273 -0.974751 0.223293 0.113281 0.931641
body.png
9 -17.169146 -7.711845 2.763880 -0.294022 -0.506563 0.810522 0.384766 0.927734
9 -19.668539 -4.167680 3.377815 -0.598887 -0.321022 0.733675 0.441406 0.972656
9 -19.772085 -5.687960 2.537860 -0.773713 -0.404214 0.487831 0.435547 0.937500
body.png
9 -17.169146 -7.711845 2.763880 -0.294022 -0.506563 0.810522 0.384766 0.927734
9 -16.514635 -5.444175 3.873745 -0.179473 -0.390190 0.903073 0.386719 0.964844
9 -19.668539 -4.167680 3.377815 -0.598887 -0.321022 0.733675 0.441406 0.972656
body.png
9 -17.169146 -7.711845 2.763880 -0.294022 -0.506563 0.810522 0.384766 0.927734
9 -13.253480 -6.492730 3.649230 0.246863 -0.473043 0.845748 0.330078 0.968750
9 -16.514635 -5.444175 3.873745 -0.179473 -0.390190 0.903073 0.386719 0.964844
body.png
9 -17.169146 -7.711845 2.763880 -0.294022 -0.506563 0.810522 0.384766 0.927734
9 -14.236179 -8.816290 2.743490 0.375691 -0.816007 0.439304 0.330078 0.931641
9 -13.253480 -6.492730 3.649230 0.246863 -0.473043 0.845748 0.330078 0.968750
body.png
9 -17.169146 -7.711845 2.763880 -0.294022 -0.506563 0.810522 0.384766 0.927734
9 -17.546446 -8.400795 1.625685 -0.438268 -0.801218 0.407396 0.382813 0.900391
9 -14.236179 -8.816290 2.743490 0.375691 -0.816007 0.439304 0.330078 0.931641
body.png
9 -17.169146 -7.711845 2.763880 -0.294022 -0.506563 0.810522 0.384766 0.927734
9 -19.772085 -5.687960 2.537860 -0.773713 -0.404214 0.487831 0.435547 0.937500
9 -17.546446 -8.400795 1.625685 -0.438268 -0.801218 0.407396 0.382813 0.900391
body.png
7 -7.651865 5.863405 14.536760 0.899992 0.083589 0.427817 0.986328 0.205078
7 -8.017050 5.938975 12.667021 0.948548 0.310266 -0.063183 0.968750 0.205078
7 -11.186705 9.175300 14.501266 0.314717 0.912991 0.259616 0.984375 0.253906
body.png
7 -11.186705 9.175300 14.501266 0.314717 0.912991 0.259616 0.984375 0.253906
7 -8.017050 5.938975 12.667021 0.948548 0.310266 -0.063183 0.968750 0.205078
7 -11.252010 8.774220 12.529625 0.274909 0.961349 -0.015271 0.966797 0.253906
body.png
7 -8.017050 5.938975 12.667021 0.948548 0.310266 -0.063183 0.968750 0.205078
7 -11.136805 9.157725 10.216155 0.235999 0.931412 -0.277085 0.943359 0.253906
7 -11.252010 8.774220 12.529625 0.274909 0.961349 -0.015271 0.966797 0.253906
body.png
7 -11.252010 8.774220 12.529625 0.274909 0.961349 -0.015271 0.966797 0.253906
7 -11.136805 9.157725 10.216155 0.235999 0.931412 -0.277085 0.943359 0.253906
7 -15.859245 8.010965 12.403840 -0.637467 0.767869 0.063348 0.966797 0.205078
body.png
7 -11.136805 9.157725 10.216155 0.235999 0.931412 -0.277085 0.943359 0.253906
7 -16.063965 8.348085 10.224520 -0.708489 0.567483 -0.419531 0.943359 0.205078
7 -15.859245 8.010965 12.403840 -0.637467 0.767869 0.063348 0.966797 0.205078
body.png
7 -15.859245 8.010965 12.403840 -0.637467 0.767869 0.063348 0.966797 0.205078
7 -16.063965 8.348085 10.224520 -0.708489 0.567483 -0.419531 0.943359 0.205078
7 -17.107525 3.255625 10.242585 -0.932781 -0.234098 -0.274076 0.943359 0.148438
body.png
5 19.762346 -5.644510 2.523065 0.773674 -0.400233 0.491164 0.435547 0.937500
5 19.660860 -4.141645 3.360370 0.606521 -0.316341 0.729425 0.441406 0.972656
5 17.167765 -7.695200 2.802050 0.299687 -0.508242 0.807390 0.384766 0.927734
body.png
5 19.762346 -5.644510 2.523065 0.773674 -0.400233 0.491164 0.435547 0.937500
5 20.264339 -3.461760 1.657855 0.913511 -0.050062 0.403721 0.474609 0.976563
5 19.660860 -4.141645 3.360370 0.606521 -0.316341 0.729425 0.441406 0.972656
body.png
5 19.762346 -5.644510 2.523065 0.773674 -0.400233 0.491164 0.435547 0.937500
5 20.293400 -5.091845 1.613370 0.894760 -0.222289 0.387288 0.462891 0.937500
5 20.264339 -3.461760 1.657855 0.913511 -0.050062 0.403721 0.474609 0.976563
body.png
5 19.762346 -5.644510 2.523065 0.773674 -0.400233 0.491164 0.435547 0.937500
5 19.787516 -6.109970 1.611900 0.777998 -0.550526 0.302722 0.431641 0.919922
5 20.293400 -5.091845 1.613370 0.894760 -0.222289 0.387288 0.462891 0.937500
body.png
5 19.762346 -5.644510 2.523065 0.773674 -0.400233 0.491164 0.435547 0.937500
5 17.577015 -8.375615 1.588770 0.440160 -0.800085 0.407583 0.382813 0.900391
5 19.787516 -6.109970 1.611900 0.777998 -0.550526 0.302722 0.431641 0.919922
body.png
5 19.762346 -5.644510 2.523065 0.773674 -0.400233 0.491164 0.435547 0.937500
5 17.167765 -7.695200 2.802050 0.299687 -0.508242 0.807390 0.384766 0.927734
5 17.577015 -8.375615 1.588770 0.440160 -0.800085 0.407583 0.382813 0.900391
body.png
5 14.195444 -8.811260 2.755035 -0.382585 -0.817824 0.429876 0.330078 0.931641
5 17.167765 -7.695200 2.802050 0.299687 -0.508242 0.807390 0.384766 0.927734
5 13.270515 -6.474500 3.632000 -0.257326 -0.460072 0.849774 0.330078 0.968750
body.png
5 14.195444 -8.811260 2.755035 -0.382585 -0.817824 0.429876 0.330078 0.931641
5 17.577015 -8.375615 1.588770 0.440160 -0.800085 0.407583 0.382813 0.900391
5 17.167765 -7.695200 2.802050 0.299687 -0.508242 0.807390 0.384766 0.927734
body.png
5 14.195444 -8.811260 2.755035 -0.382585 -0.817824 0.429876 0.330078 0.931641
5 14.402710 -8.919930 1.589820 -0.290227 -0.956221 0.037553 0.328125 0.908203
5 17.577015 -8.375615 1.588770 0.440160 -0.800085 0.407583 0.382813 0.900391
body.png
5 14.195444 -8.811260 2.755035 -0.382585 -0.817824 0.429876 0.330078 0.931641
5 13.613725 -8.176790 1.605450 -0.764707 -0.643596 0.031753 0.310547 0.933594
5 14.402710 -8.919930 1.589820 -0.290227 -0.956221 0.037553 0.328125 0.908203
body.png
5 14.195444 -8.811260 2.755035 -0.382585 -0.817824 0.429876 0.330078 0.931641
5 12.376266 -6.292525 1.662305 -0.833591 -0.503624 0.226912 0.302734 0.968750
5 13.613725 -8.176790 1.605450 -0.764707 -0.643596 0.031753 0.310547 0.933594
body.png
5 14.195444 -8.811260 2.755035 -0.382585 -0.817824 0.429876 0.330078 0.931641
5 13.270515 -6.474500 3.632000 -0.257326 -0.460072 0.849774 0.330078 0.968750
5 12.376266 -6.292525 1.662305 -0.833591 -0.503624 0.226912 0.302734 0.968750
body.png
1 -8.550000 9.609105 64.390106 -0.484220 0.867070 0.117134 0.496094 0.451172
6 -13.275675 4.874995 58.100830 -0.860028 0.510246 0.000426 0.515625 0.408203
1 -13.000000 4.959105 64.590103 -0.905726 0.380566 0.186627 0.527344 0.441406
body.png
1 -13.000000 4.959105 64.590103 -0.905726 0.380566 0.186627 0.527344 0.441406
6 -13.275675 4.874995 58.100830 -0.860028 0.510246 0.000426 0.515625 0.408203
1 -14.200000 -3.390895 64.240112 -0.881728 -0.435547 0.181256 0.566406 0.423828
body.png
6 -13.275675 4.874995 58.100830 -0.860028 0.510246 0.000426 0.515625 0.408203
6 -15.115105 -3.753870 57.868008 -0.918808 -0.372762 0.129770 0.558594 0.392578
1 -14.200000 -3.390895 64.240112 -0.881728 -0.435547 0.181256 0.566406 0.423828
body.png
1 -14.200000 -3.390895 64.240112 -0.881728 -0.435547 0.181256 0.566406 0.423828
6 -15.115105 -3.753870 57.868008 -0.918808 -0.372762 0.129770 0.558594 0.392578
6 -7.673840 -9.289280 56.983810 -0.404114 -0.914702 -0.003521 0.607422 0.380859
body.png
6 -15.115105 -3.753870 57.868008 -0.918808 -0.372762 0.129770 0.558594 0.392578
6 -9.521485 -8.850795 47.287476 -0.248046 -0.918034 -0.309333 0.587891 0.333984
6 -7.673840 -9.289280 56.983810 -0.404114 -0.914702 -0.003521 0.607422 0.380859
body.png
13 0.037165 9.007020 101.893806 0.001103 0.030489 0.999534 0.416016 0.750000
13 3.418860 4.468500 101.521744 0.507974 0.443634 0.738343 0.353516 0.769531
13 7.273645 5.627060 101.232979 0.122169 -0.128764 0.984121 0.341797 0.730469
body.png
13 7.273645 5.627060 101.232979 0.122169 -0.128764 0.984121 0.341797 0.730469
13 3.418860 4.468500 101.521744 0.507974 0.443634 0.738343 0.353516 0.769531
13 4.553715 0.692605 100.707977 0.725724 -0.218079 0.652508 0.302734 0.775391
body.png
13 3.418860 4.468500 101.521744 0.507974 0.443634 0.738343 0.353516 0.769531
14 3.421310 3.750290 107.430588 0.703274 0.668765 -0.241161 0.363281 0.828125
13 4.553715 0.692605 100.707977 0.725724 -0.218079 0.652508 0.302734 0.775391
body.png
13 4.553715 0.692605 100.707977 0.725724 -0.218079 0.652508 0.302734 0.775391
14 3.421310 3.750290 107.430588 0.703274 0.668765 -0.241161 0.363281 0.828125
15 4.415855 -0.128085 106.289665 0.944957 -0.217336 -0.244586 0.314453 0.835938
body.png
14 3.421310 3.750290 107.430588 0.703274 0.668765 -0.241161 0.363281 0.828125
15 6.366285 0.045515 107.829369 0.724490 0.516846 -0.456054 0.328125 0.863281
15 4.415855 -0.128085 106.289665 0.944957 -0.217336 -0.244586 0.314453 0.835938
body.png
66 0.000000 12.809555 78.893440 -0.000343 0.984126 0.177470 0.160156 0.673828
11 0.050995 11.548780 81.519630 -0.000602 0.985943 0.167083 0.158203 0.656250
66 9.650000 10.659555 79.093445 0.510500 0.852339 0.113612 0.220703 0.675781
body.png
66 9.650000 10.659555 79.093445 0.510500 0.852339 0.113612 0.220703 0.675781
11 0.050995 11.548780 81.519630 -0.000602 0.985943 0.167083 0.158203 0.656250
11 8.795580 10.206070 81.889526 0.542434 0.834547 -0.096416 0.222656 0.656250
body.png
11 0.050995 11.548780 81.519630 -0.000602 0.985943 0.167083 0.158203 0.656250
11 10.050474 11.401075 90.915024 0.047467 0.993000 -0.108155 0.224609 0.597656
11 8.795580 10.206070 81.889526 0.542434 0.834547 -0.096416 0.222656 0.656250
body.png
11 8.795580 10.206070 81.889526 0.542434 0.834547 -0.096416 0.222656 0.656250
11 10.050474 11.401075 90.915024 0.047467 0.993000 -0.108155 0.224609 0.597656
11 11.994210 9.864205 85.087082 0.151875 0.805109 -0.573353 0.246094 0.632813
body.png
11 10.050474 11.401075 90.915024 0.047467 0.993000 -0.108155 0.224609 0.597656
13 12.600414 11.872086 93.748657 0.042059 0.969791 0.240286 0.236328 0.576172
11 11.994210 9.864205 85.087082 0.151875 0.805109 -0.573353 0.246094 0.632813
body.png
1 0.000000 -10.990895 56.590115 0.001081 -0.969475 -0.245188 0.648438 0.375000
1 7.050000 -9.290895 62.640114 0.398731 -0.913639 0.079229 0.683594 0.410156
1 0.000000 -11.490894 61.790115 0.000000 -0.999988 0.004857 0.648438 0.402344
body.png
1 0.000000 -10.990895 56.590115 0.001081 -0.969475 -0.245188 0.648438 0.375000
2 7.701980 -9.285285 56.980278 0.433194 -0.901285 -0.005347 0.689453 0.380859
1 7.050000 -9.290895 62.640114 0.398731 -0.913639 0.079229 0.683594 0.410156
body.png
1 0.000000 -10.990895 56.590115 0.001081 -0.969475 -0.245188 0.648438 0.375000
2 3.004055 -9.688820 54.814259 0.023780 -0.957514 -0.287406 0.666016 0.365234
2 7.701980 -9.285285 56.980278 0.433194 -0.901285 -0.005347 0.689453 0.380859
body.png
1 0.000000 -10.990895 56.590115 0.001081 -0.969475 -0.245188 0.648438 0.375000
1 0.000000 -8.840896 53.440113 -0.008971 -0.882997 -0.469293 0.648438 0.355469
2 3.004055 -9.688820 54.814259 0.023780 -0.957514 -0.287406 0.666016 0.365234
body.png
1 0.000000 -10.990895 56.590115 0.001081 -0.969475 -0.245188 0.648438 0.375000
6 -3.022485 -9.707750 54.793549 -0.008022 -0.962125 -0.272491 0.630859 0.365234
1 0.000000 -8.840896 53.440113 -0.008971 -0.882997 -0.469293 0.648438 0.355469
body.png
6 -2.504300 6.595460 47.969200 0.613874 0.629165 -0.476771 0.437500 0.380859
6 -3.074725 6.319220 47.165581 0.543363 0.596486 -0.590729 0.437500 0.375000
6 -9.912390 7.719485 47.873070 -0.224620 0.788019 -0.573213 0.474609 0.367188
body.png
6 -2.504300 6.595460 47.969200 0.613874 0.629165 -0.476771 0.437500 0.380859
6 -2.292660 -4.822885 45.942112 0.754742 0.128207 -0.643372 0.380859 0.363281
6 -3.074725 6.319220 47.165581 0.543363 0.596486 -0.590729 0.437500 0.375000
body.png
6 -2.504300 6.595460 47.969200 0.613874 0.629165 -0.476771 0.437500 0.380859
6 -1.420320 -5.501080 46.725746 0.889769 0.124859 -0.438999 0.375000 0.367188
6 -2.292660 -4.822885 45.942112 0.754742 0.128207 -0.643372 0.380859 0.363281
body.png
6 -2.504300 6.595460 47.969200 0.613874 0.629165 -0.476771 0.437500 0.380859
1 0.000000 -8.840896 53.440113 0.834117 0.132828 -0.535355 0.353516 0.400391
6 -1.420320 -5.501080 46.725746 0.889769 0.124859 -0.438999 0.375000 0.367188
body.png
6 -2.504300 6.595460 47.969200 0.613874 0.629165 -0.476771 0.437500 0.380859
6 -1.789310 9.100170 55.236607 0.292329 0.774256 -0.561312 0.447266 0.419922
1 0.000000 -8.840896 53.440113 0.834117 0.132828 -0.535355 0.353516 0.400391
body.png
6 -14.895580 2.423850 51.992413 0.095483 -0.059342 0.993661 0.691406 0.587891
6 -18.391235 2.382405 52.325844 -0.859171 -0.034964 0.510493 0.664063 0.587891
6 -18.367414 -2.449760 52.034973 -0.364815 -0.057736 0.929288 0.664063 0.523438
body.png
6 -18.367414 -2.449760 52.034973 -0.364815 -0.057736 0.929288 0.664063 0.523438
6 -18.391235 2.382405 52.325844 -0.859171 -0.034964 0.510493 0.664063 0.587891
6 -19.549725 -1.238370 34.744232 -0.924904 0.018300 -0.379761 0.494141 0.523438
body.png
6 -18.391235 2.382405 52.325844 -0.859171 -0.034964 0.510493 0.664063 0.587891
6 -19.573545 3.593795 35.035103 -0.520844 0.053483 -0.851975 0.494141 0.589844
6 -19.549725 -1.238370 34.744232 -0.924904 0.018300 -0.379761 0.494141 0.523438
body.png
6 -19.549725 -1.238370 34.744232 -0.924904 0.018300 -0.379761 0.494141 0.523438
6 -19.573545 3.593795 35.035103 -0.520844 0.053483 -0.851975 0.494141 0.589844
6 -16.054070 -1.196925 34.410812 -0.088151 0.064771 -0.993999 0.468750 0.523438
body.png
6 -19.573545 3.593795 35.035103 -0.520844 0.053483 -0.851975 0.494141 0.589844
6 -16.089020 3.586150 34.751335 -0.080815 0.070194 -0.994254 0.468750 0.587891
6 -16.054070 -1.196925 34.410812 -0.088151 0.064771 -0.993999 0.468750 0.523438
body.png
64 6.417105 10.313245 57.465092 0.132041 0.370157 -0.919537 0.224609 0.853516
64 7.467105 13.463244 60.015087 0.301630 0.881799 -0.362561 0.224609 0.869141
64 11.417110 10.713244 59.915089 0.717271 0.322082 -0.617887 0.193359 0.871094
body.png
64 11.417110 10.713244 59.915089 0.717271 0.322082 -0.617887 0.193359 0.871094
64 7.467105 13.463244 60.015087 0.301630 0.881799 -0.362561 0.224609 0.869141
64 12.267105 10.063246 63.265091 0.976215 0.216636 -0.008573 0.179688 0.910156
body.png
64 7.467105 13.463244 60.015087 0.301630 0.881799 -0.362561 0.224609 0.869141
64 7.467105 13.963245 63.465084 0.334063 0.930368 0.151053 0.224609 0.910156
64 12.267105 10.063246 63.265091 0.976215 0.216636 -0.008573 0.179688 0.910156
body.png
64 12.267105 10.063246 63.265091 0.976215 0.216636 -0.008573 0.179688 0.910156
64 7.467105 13.963245 63.465084 0.334063 0.930368 0.151053 0.224609 0.910156
64 10.767105 9.263245 69.115089 0.687130 0.424655 0.589509 0.193359 0.951172
body.png
64 7.467105 13.963245 63.465084 0.334063 0.930368 0.151053 0.224609 0.910156
64 6.967105 12.163244 69.215088 0.266994 0.742601 0.614213 0.224609 0.951172
64 10.767105 9.263245 69.115089 0.687130 0.424655 0.589509 0.193359 0.951172
body.png
62 4.980325 -5.276945 103.650856 -0.380141 0.164278 0.910223 0.498047 0.724609
62 8.551940 0.177525 106.480568 -0.533094 0.075481 0.842682 0.556641 0.722656
13 5.689900 -2.867780 97.452171 -0.679476 0.721151 0.135102 0.498047 0.767578
body.png
13 5.689900 -2.867780 97.452171 -0.679476 0.721151 0.135102 0.498047 0.767578
62 8.551940 0.177525 106.480568 -0.533094 0.075481 0.842682 0.556641 0.722656
13 9.053660 0.636190 99.958122 -0.997405 0.032793 -0.064091 0.556641 0.765625
body.png
62 8.551940 0.177525 106.480568 -0.533094 0.075481 0.842682 0.556641 0.722656
62 6.576750 6.349230 107.515549 -0.523400 -0.313547 0.792301 0.611328 0.724609
13 9.053660 0.636190 99.958122 -0.997405 0.032793 -0.064091 0.556641 0.765625
body.png
13 9.053660 0.636190 99.958122 -0.997405 0.032793 -0.064091 0.556641 0.765625
62 6.576750 6.349230 107.515549 -0.523400 -0.313547 0.792301 0.611328 0.724609
13 7.273645 5.627060 101.232979 -0.641820 -0.766629 0.018610 0.611328 0.767578
body.png
62 6.576750 6.349230 107.515549 -0.523400 -0.313547 0.792301 0.611328 0.724609
62 0.039040 9.390255 107.460945 0.000512 -0.814623 0.579991 0.662109 0.724609
13 7.273645 5.627060 101.232979 -0.641820 -0.766629 0.018610 0.611328 0.767578
body.png
13 8.933030 7.971970 101.962929 0.323254 0.860042 0.394760 0.191406 0.113281
13 10.146560 10.959169 94.461166 0.224060 0.945629 0.235760 0.160156 0.156250
62 0.047680 11.269965 102.053635 0.001190 0.953111 0.302617 0.222656 0.117188
body.png
62 0.047680 11.269965 102.053635 0.001190 0.953111 0.302617 0.222656 0.117188
13 10.146560 10.959169 94.461166 0.224060 0.945629 0.235760 0.160156 0.156250
13 0.053455 12.691450 94.712952 0.000019 0.996956 0.077963 0.224609 0.158203
body.png
13 10.146560 10.959169 94.461166 0.224060 0.945629 0.235760 0.160156 0.156250
11 10.050474 11.401075 90.915024 0.124248 0.992116 -0.016375 0.162109 0.175781
13 0.053455 12.691450 94.712952 0.000019 0.996956 0.077963 0.224609 0.158203
body.png
13 0.053455 12.691450 94.712952 0.000019 0.996956 0.077963 0.224609 0.158203
11 10.050474 11.401075 90.915024 0.124248 0.992116 -0.016375 0.162109 0.175781
11 0.054320 12.362560 90.356071 -0.000341 0.996508 -0.083492 0.224609 0.181641
body.png
11 10.050474 11.401075 90.915024 0.124248 0.992116 -0.016375 0.162109 0.175781
11 0.050995 11.548780 81.519630 0.100400 0.990751 -0.091280 0.228516 0.236328
11 0.054320 12.362560 90.356071 -0.000341 0.996508 -0.083492 0.224609 0.181641
body.png
11 0.050995 11.548780 81.519630 -0.101084 0.990689 -0.091198 0.228516 0.234375
11 -10.049755 11.384564 90.931473 -0.124581 0.992075 -0.016339 0.291016 0.175781
11 0.054320 12.362560 90.356071 -0.000341 0.996508 -0.083492 0.224609 0.181641
body.png
11 0.054320 12.362560 90.356071 -0.000341 0.996508 -0.083492 0.224609 0.181641
11 -10.049755 11.384564 90.931473 -0.124581 0.992075 -0.016339 0.291016 0.175781
13 0.053455 12.691450 94.712952 0.000019 0.996956 0.077963 0.224609 0.158203
body.png
11 -10.049755 11.384564 90.931473 -0.124581 0.992075 -0.016339 0.291016 0.175781
13 -10.153675 10.942164 94.469063 -0.222322 0.946313 0.234657 0.287109 0.156250
13 0.053455 12.691450 94.712952 0.000019 0.996956 0.077963 0.224609 0.158203
body.png
13 0.053455 12.691450 94.712952 0.000019 0.996956 0.077963 0.224609 0.158203
13 -10.153675 10.942164 94.469063 -0.222322 0.946313 0.234657 0.287109 0.156250
62 0.047680 11.269965 102.053635 0.001190 0.953111 0.302617 0.222656 0.117188
body.png
13 -10.153675 10.942164 94.469063 -0.222322 0.946313 0.234657 0.287109 0.156250
13 -8.917025 7.994690 101.965424 -0.319113 0.862883 0.391918 0.277344 0.109375
62 0.047680 11.269965 102.053635 0.001190 0.953111 0.302617 0.222656 0.117188
body.png
21 43.660286 -1.066720 85.689392 0.381957 -0.731180 0.565229 0.113281 0.539063
21 44.382263 -2.199240 83.980980 -0.043691 -0.805920 0.590409 0.130859 0.544922
21 44.815273 -1.745975 84.519081 0.485857 -0.321099 0.812919 0.119141 0.550781
body.png
21 44.815273 -1.745975 84.519081 0.485857 -0.321099 0.812919 0.119141 0.550781
21 44.382263 -2.199240 83.980980 -0.043691 -0.805920 0.590409 0.130859 0.544922
22 46.136375 -2.355285 83.972626 0.355675 -0.374252 0.856406 0.123047 0.562500
body.png
21 44.382263 -2.199240 83.980980 -0.043691 -0.805920 0.590409 0.130859 0.544922
22 45.543602 -2.894200 83.170631 0.054737 -0.839251 0.540982 0.136719 0.554688
22 46.136375 -2.355285 83.972626 0.355675 -0.374252 0.856406 0.123047 0.562500
body.png
22 46.136375 -2.355285 83.972626 0.355675 -0.374252 0.856406 0.123047 0.562500
22 45.543602 -2.894200 83.170631 0.054737 -0.839251 0.540982 0.136719 0.554688
22 47.340408 -2.960195 82.653763 0.524279 -0.477295 0.705210 0.126953 0.572266
body.png
22 45.543602 -2.894200 83.170631 0.054737 -0.839251 0.540982 0.136719 0.554688
22 46.955048 -3.126665 82.476883 0.120939 -0.840733 0.527770 0.136719 0.568359
22 47.340408 -2.960195 82.653763 0.524279 -0.477295 0.705210 0.126953 0.572266
body.png
28 53.582157 2.220535 85.303619 0.729036 0.007618 0.684433 0.062500 0.625000
27 51.483997 2.599580 87.534294 0.670982 -0.010910 0.741393 0.060547 0.607422
28 53.634510 1.142180 85.259857 0.724139 -0.007688 0.689611 0.072266 0.626953
body.png
28 53.634510 1.142180 85.259857 0.724139 -0.007688 0.689611 0.072266 0.626953
27 51.483997 2.599580 87.534294 0.670982 -0.010910 0.741393 0.060547 0.607422
27 51.436340 1.185285 87.536812 0.606376 -0.030251 0.794603 0.074219 0.607422
body.png
27 51.483997 2.599580 87.534294 0.670982 -0.010910 0.741393 0.060547 0.607422
26 48.873306 3.089000 89.279999 0.427756 -0.017289 0.903729 0.058594 0.583984
27 51.436340 1.185285 87.536812 0.606376 -0.030251 0.794603 0.074219 0.607422
body.png
27 51.436340 1.185285 87.536812 0.606376 -0.030251 0.794603 0.074219 0.607422
26 48.873306 3.089000 89.279999 0.427756 -0.017289 0.903729 0.058594 0.583984
26 48.755310 1.380820 89.253571 0.432574 -0.043814 0.900533 0.074219 0.583984
body.png
26 48.873306 3.089000 89.279999 0.427756 -0.017289 0.903729 0.058594 0.583984
20 46.470219 1.586035 90.042274 0.241040 -0.040120 0.969685 0.072266 0.564453
26 48.755310 1.380820 89.253571 0.432574 -0.043814 0.900533 0.074219 0.583984
body.png
20 46.318352 5.465245 89.981827 0.889089 0.037087 -0.456229 0.113281 0.394531
32 47.493912 5.778905 87.409813 -0.131046 -0.833320 -0.537033 0.117188 0.402344
32 48.408737 5.501420 88.716949 -0.067280 -0.984509 -0.161909 0.115234 0.412109
body.png
32 48.408737 5.501420 88.716949 -0.067280 -0.984509 -0.161909 0.115234 0.412109
32 47.493912 5.778905 87.409813 -0.131046 -0.833320 -0.537033 0.117188 0.402344
33 50.094128 5.663920 87.191704 -0.068337 -0.986653 -0.147802 0.117188 0.425781
body.png
32 47.493912 5.778905 87.409813 -0.131046 -0.833320 -0.537033 0.117188 0.402344
33 48.938847 5.805755 86.791466 -0.416063 -0.645466 -0.640520 0.117188 0.414063
33 50.094128 5.663920 87.191704 -0.068337 -0.986653 -0.147802 0.117188 0.425781
body.png
33 50.094128 5.663920 87.191704 -0.068337 -0.986653 -0.147802 0.117188 0.425781
33 48.938847 5.805755 86.791466 -0.416063 -0.645466 -0.640520 0.117188 0.414063
34 51.347534 5.723880 85.399841 -0.020129 -0.682513 -0.730596 0.119141 0.435547
body.png
33 48.938847 5.805755 86.791466 -0.416063 -0.645466 -0.640520 0.117188 0.414063
34 50.256752 5.821200 85.284836 -0.504007 -0.294847 -0.811814 0.119141 0.425781
34 51.347534 5.723880 85.399841 -0.020129 -0.682513 -0.730596 0.119141 0.435547
body.png
20 46.405029 3.469025 89.991333 0.980439 -0.091529 -0.174246 0.093750 0.396484
29 48.001846 3.568245 87.769806 -0.098965 -0.875277 -0.473388 0.095703 0.408203
29 48.653328 3.520300 89.230377 -0.003742 -0.999508 -0.031141 0.093750 0.414063
body.png
29 48.653328 3.520300 89.230377 -0.003742 -0.999508 -0.031141 0.093750 0.414063
29 48.001846 3.568245 87.769806 -0.098965 -0.875277 -0.473388 0.095703 0.408203
30 51.015553 3.526985 87.292213 -0.033896 -0.996176 -0.080523 0.097656 0.433594
body.png
29 48.001846 3.568245 87.769806 -0.098965 -0.875277 -0.473388 0.095703 0.408203
30 50.019436 3.631845 86.716225 -0.411020 -0.668873 -0.619412 0.097656 0.425781
30 51.015553 3.526985 87.292213 -0.033896 -0.996176 -0.080523 0.097656 0.433594
body.png
30 51.015553 3.526985 87.292213 -0.033896 -0.996176 -0.080523 0.097656 0.433594
30 50.019436 3.631845 86.716225 -0.411020 -0.668873 -0.619412 0.097656 0.425781
31 52.736858 3.654260 84.993095 0.125613 -0.633344 -0.763608 0.099609 0.449219
body.png
30 50.019436 3.631845 86.716225 -0.411020 -0.668873 -0.619412 0.097656 0.425781
31 51.795929 3.696705 84.700935 -0.451939 -0.268314 -0.850740 0.099609 0.441406
31 52.736858 3.654260 84.993095 0.125613 -0.633344 -0.763608 0.099609 0.449219
body.png
39 -46.213890 7.167520 89.890686 -0.292203 0.048141 0.955144 0.025391 0.558594
51 -48.508339 6.998255 88.838318 -0.548992 -0.053707 0.834101 0.025391 0.578125
39 -46.318916 5.433040 89.945976 -0.315737 0.036766 0.948134 0.039063 0.560547
body.png
39 -46.318916 5.433040 89.945976 -0.315737 0.036766 0.948134 0.039063 0.560547
51 -48.508339 6.998255 88.838318 -0.548992 -0.053707 0.834101 0.025391 0.578125
51 -48.408020 5.498670 88.711090 -0.627255 -0.075886 0.775108 0.037109 0.578125
body.png
51 -48.508339 6.998255 88.838318 -0.548992 -0.053707 0.834101 0.025391 0.578125
52 -50.230637 6.797830 87.113838 -0.766083 -0.054850 0.640397 0.025391 0.593750
51 -48.408020 5.498670 88.711090 -0.627255 -0.075886 0.775108 0.037109 0.578125
body.png
51 -48.408020 5.498670 88.711090 -0.627255 -0.075886 0.775108 0.037109 0.578125
52 -50.230637 6.797830 87.113838 -0.766083 -0.054850 0.640397 0.025391 0.593750
52 -50.108742 5.647905 87.202263 -0.758866 -0.030418 0.650536 0.035156 0.593750
body.png
52 -50.230637 6.797830 87.113838 -0.766083 -0.054850 0.640397 0.025391 0.593750
53 -51.290848 5.754870 85.379341 -0.838842 -0.048940 0.542170 0.035156 0.603516
52 -50.108742 5.647905 87.202263 -0.758866 -0.030418 0.650536 0.035156 0.593750
body.png
39 -46.395679 3.501410 90.019470 -0.293629 0.032523 0.955366 0.056641 0.562500
48 -48.684540 5.191280 89.168335 -0.487507 0.031834 0.872538 0.039063 0.582031
48 -48.668083 3.491210 89.212982 -0.488517 0.018181 0.872365 0.054688 0.582031
body.png
48 -48.668083 3.491210 89.212982 -0.488517 0.018181 0.872365 0.054688 0.582031
48 -48.684540 5.191280 89.168335 -0.487507 0.031834 0.872538 0.039063 0.582031
49 -51.011871 3.523965 87.317772 -0.696065 0.029856 0.717358 0.052734 0.601563
body.png
48 -48.684540 5.191280 89.168335 -0.487507 0.031834 0.872538 0.039063 0.582031
49 -51.001736 4.926825 87.251556 -0.758619 0.050175 0.649600 0.041016 0.601563
49 -51.011871 3.523965 87.317772 -0.696065 0.029856 0.717358 0.052734 0.601563
body.png
49 -51.011871 3.523965 87.317772 -0.696065 0.029856 0.717358 0.052734 0.601563
49 -51.001736 4.926825 87.251556 -0.758619 0.050175 0.649600 0.041016 0.601563
50 -52.716637 3.642810 84.990990 -0.810130 0.054308 0.583730 0.050781 0.617188
body.png
49 -51.001736 4.926825 87.251556 -0.758619 0.050175 0.649600 0.041016 0.601563
50 -52.603664 4.607720 85.025406 -0.814469 0.074837 0.575361 0.042969 0.615234
50 -52.716637 3.642810 84.990990 -0.810130 0.054308 0.583730 0.050781 0.617188
body.png
37 -36.644711 6.342850 86.394814 0.177908 0.702966 -0.688612 0.113281 0.312500
38 -39.425919 6.441315 85.776787 0.024803 0.552586 -0.833086 0.117188 0.333984
37 -37.124008 7.852765 89.141251 -0.050939 0.932900 -0.356516 0.128906 0.314453
body.png
37 -37.124008 7.852765 89.141251 -0.050939 0.932900 -0.356516 0.128906 0.314453
38 -39.425919 6.441315 85.776787 0.024803 0.552586 -0.833086 0.117188 0.333984
38 -39.716583 7.059745 88.528709 -0.056037 0.988276 -0.142024 0.123047 0.335938
body.png
38 -39.425919 6.441315 85.776787 0.024803 0.552586 -0.833086 0.117188 0.333984
38 -43.148872 7.042660 87.079880 -0.154036 0.600482 -0.784662 0.125000 0.365234
38 -39.716583 7.059745 88.528709 -0.056037 0.988276 -0.142024 0.123047 0.335938
body.png
38 -39.716583 7.059745 88.528709 -0.056037 0.988276 -0.142024 0.123047 0.335938
38 -43.148872 7.042660 87.079880 -0.154036 0.600482 -0.784662 0.125000 0.365234
38 -43.438393 6.948160 90.348244 0.037076 0.999052 0.022833 0.125000 0.367188
body.png
38 -43.148872 7.042660 87.079880 -0.154036 0.600482 -0.784662 0.125000 0.365234
39 -46.063293 7.174035 87.532242 -0.020976 0.898408 -0.438660 0.128906 0.390625
38 -43.438393 6.948160 90.348244 0.037076 0.999052 0.022833 0.125000 0.367188
body.png
47 -52.884735 1.174870 84.846191 0.321538 -0.294523 -0.899927 0.074219 0.451172
46 -50.538425 1.281440 86.823494 0.375916 -0.657107 -0.653373 0.074219 0.431641
47 -53.617004 1.132990 85.275764 -0.266649 -0.673666 -0.689255 0.074219 0.458984
body.png
47 -53.617004 1.132990 85.275764 -0.266649 -0.673666 -0.689255 0.074219 0.458984
46 -50.538425 1.281440 86.823494 0.375916 -0.657107 -0.653373 0.074219 0.431641
46 -51.402763 1.148225 87.583542 0.115004 -0.991714 -0.057245 0.074219 0.439453
body.png
46 -50.538425 1.281440 86.823494 0.375916 -0.657107 -0.653373 0.074219 0.431641
45 -48.150375 1.567960 87.689209 0.171423 -0.856779 -0.486357 0.074219 0.412109
46 -51.402763 1.148225 87.583542 0.115004 -0.991714 -0.057245 0.074219 0.439453
body.png
46 -51.402763 1.148225 87.583542 0.115004 -0.991714 -0.057245 0.074219 0.439453
45 -48.150375 1.567960 87.689209 0.171423 -0.856779 -0.486357 0.074219 0.412109
45 -48.737587 1.379925 89.296173 0.118199 -0.990326 -0.072688 0.072266 0.417969
body.png
45 -48.150375 1.567960 87.689209 0.171423 -0.856779 -0.486357 0.074219 0.412109
39 -46.471802 1.565270 90.043190 -0.980718 -0.183372 -0.067583 0.074219 0.398438
45 -48.737587 1.379925 89.296173 0.118199 -0.990326 -0.072688 0.072266 0.417969
body.png
50 -51.807205 3.739105 84.753998 0.457493 -0.294710 -0.838956 0.099609 0.441406
49 -50.006126 3.654200 86.757416 0.422568 -0.654444 -0.627009 0.097656 0.425781
50 -52.716637 3.642810 84.990990 -0.094027 -0.629593 -0.771214 0.099609 0.449219
body.png
50 -52.716637 3.642810 84.990990 -0.094027 -0.629593 -0.771214 0.099609 0.449219
49 -50.006126 3.654200 86.757416 0.422568 -0.654444 -0.627009 0.097656 0.425781
49 -51.011871 3.523965 87.317772 0.052735 -0.993298 -0.102853 0.097656 0.433594
body.png
49 -50.006126 3.654200 86.757416 0.422568 -0.654444 -0.627009 0.097656 0.425781
48 -47.963734 3.610220 87.773468 0.109565 -0.862796 -0.493537 0.095703 0.408203
49 -51.011871 3.523965 87.317772 0.052735 -0.993298 -0.102853 0.097656 0.433594
body.png
49 -51.011871 3.523965 87.317772 0.052735 -0.993298 -0.102853 0.097656 0.433594
48 -47.963734 3.610220 87.773468 0.109565 -0.862796 -0.493537 0.095703 0.408203
48 -48.668083 3.491210 89.212982 0.033264 -0.997254 -0.066171 0.093750 0.414063
body.png
48 -47.963734 3.610220 87.773468 0.109565 -0.862796 -0.493537 0.095703 0.408203
39 -46.395679 3.501410 90.019470 -0.944249 -0.093516 -0.315672 0.093750 0.396484
48 -48.668083 3.491210 89.212982 0.033264 -0.997254 -0.066171 0.093750 0.414063
body.png
39 -46.318916 5.433040 89.945976 -0.907825 0.038517 -0.417576 0.113281 0.394531
48 -48.046726 5.313175 87.863228 0.045805 0.744865 -0.665641 0.113281 0.408203
48 -48.684540 5.191280 89.168335 -0.124347 0.991727 0.031856 0.113281 0.414063
body.png
48 -48.684540 5.191280 89.168335 -0.124347 0.991727 0.031856 0.113281 0.414063
48 -48.046726 5.313175 87.863228 0.045805 0.744865 -0.665641 0.113281 0.408203
49 -51.001736 4.926825 87.251556 -0.138412 0.990374 -0.000801 0.111328 0.433594
body.png
48 -48.046726 5.313175 87.863228 0.045805 0.744865 -0.665641 0.113281 0.408203
49 -49.994644 5.062160 86.761711 0.389843 0.724825 -0.568024 0.111328 0.423828
49 -51.001736 4.926825 87.251556 -0.138412 0.990374 -0.000801 0.111328 0.433594
body.png
49 -51.001736 4.926825 87.251556 -0.138412 0.990374 -0.000801 0.111328 0.433594
49 -49.994644 5.062160 86.761711 0.389843 0.724825 -0.568024 0.111328 0.423828
50 -52.603664 4.607720 85.025406 -0.176912 0.865615 -0.468415 0.109375 0.447266
body.png
49 -49.994644 5.062160 86.761711 0.389843 0.724825 -0.568024 0.111328 0.423828
50 -51.656956 4.714045 84.893341 0.074098 0.407498 -0.910195 0.109375 0.439453
50 -52.603664 4.607720 85.025406 -0.176912 0.865615 -0.468415 0.109375 0.447266
body.png
15 8.055455 -2.073050 119.809387 0.761963 -0.444033 -0.471431 0.791016 0.755859
15 9.315235 0.334625 119.776855 0.990730 -0.019155 -0.134485 0.779297 0.781250
54 11.486330 0.337885 122.398773 0.986520 -0.026396 -0.161499 0.761719 0.777344
body.png
54 11.486330 0.337885 122.398773 0.986520 -0.026396 -0.161499 0.761719 0.777344
15 9.315235 0.334625 119.776855 0.990730 -0.019155 -0.134485 0.779297 0.781250
15 7.725890 2.905415 118.467270 0.717792 0.130072 -0.684000 0.792969 0.812500
body.png
15 9.315235 0.334625 119.776855 0.990730 -0.019155 -0.134485 0.779297 0.781250
54 10.290565 1.179920 117.970055 0.994313 -0.085762 -0.063133 0.789063 0.792969
15 7.725890 2.905415 118.467270 0.717792 0.130072 -0.684000 0.792969 0.812500
body.png
15 7.725890 2.905415 118.467270 0.717792 0.130072 -0.684000 0.792969 0.812500
54 10.290565 1.179920 117.970055 0.994313 -0.085762 -0.063133 0.789063 0.792969
15 8.055455 -2.073050 119.809387 0.761963 -0.444033 -0.471431 0.791016 0.755859
body.png
54 10.290565 1.179920 117.970055 0.994313 -0.085762 -0.063133 0.789063 0.792969
15 9.315235 0.334625 119.776855 0.990730 -0.019155 -0.134485 0.779297 0.781250
15 8.055455 -2.073050 119.809387 0.761963 -0.444033 -0.471431 0.791016 0.755859
body.png
15 3.595580 7.712375 117.247162 0.807389 0.009185 -0.589948 0.943359 0.980469
15 3.401015 9.074490 117.690773 0.363024 0.801749 -0.474776 0.935547 0.970703
55 4.792135 12.052370 120.786774 0.438421 0.835527 -0.331183 0.939453 0.943359
body.png
55 4.792135 12.052370 120.786774 0.438421 0.835527 -0.331183 0.939453 0.943359
15 3.401015 9.074490 117.690773 0.363024 0.801749 -0.474776 0.935547 0.970703
15 2.097385 8.153645 117.094879 0.071607 0.702966 -0.707610 0.921875 0.982422
body.png
15 3.401015 9.074490 117.690773 0.363024 0.801749 -0.474776 0.935547 0.970703
55 3.530885 9.079795 116.455421 0.372195 0.435498 -0.819642 0.935547 0.976563
15 2.097385 8.153645 117.094879 0.071607 0.702966 -0.707610 0.921875 0.982422
body.png
15 2.097385 8.153645 117.094879 0.071607 0.702966 -0.707610 0.921875 0.982422
55 3.530885 9.079795 116.455421 0.372195 0.435498 -0.819642 0.935547 0.976563
15 3.595580 7.712375 117.247162 0.807389 0.009185 -0.589948 0.943359 0.980469
body.png
55 3.530885 9.079795 116.455421 0.372195 0.435498 -0.819642 0.935547 0.976563
15 3.401015 9.074490 117.690773 0.363024 0.801749 -0.474776 0.935547 0.970703
15 3.595580 7.712375 117.247162 0.807389 0.009185 -0.589948 0.943359 0.980469
body.png
15 -7.724180 2.918405 118.470222 -0.713475 0.130684 -0.688386 0.794922 0.560547
15 -9.285015 0.310730 119.785080 -0.961537 -0.068455 -0.266008 0.785156 0.591797
54 -11.463551 0.369350 121.445152 -0.954163 -0.064301 -0.292298 0.765625 0.595703
body.png
54 -11.463551 0.369350 121.445152 -0.954163 -0.064301 -0.292298 0.765625 0.595703
15 -9.285015 0.310730 119.785080 -0.961537 -0.068455 -0.266008 0.785156 0.591797
15 -8.044610 -2.057425 119.812225 -0.723011 -0.413722 -0.553253 0.791016 0.617188
body.png
15 -9.285015 0.310730 119.785080 -0.961537 -0.068455 -0.266008 0.785156 0.591797
54 -10.259665 1.163930 117.977898 -0.993677 -0.093722 -0.061825 0.794922 0.580078
15 -8.044610 -2.057425 119.812225 -0.723011 -0.413722 -0.553253 0.791016 0.617188
body.png
15 -8.044610 -2.057425 119.812225 -0.723011 -0.413722 -0.553253 0.791016 0.617188
54 -10.259665 1.163930 117.977898 -0.993677 -0.093722 -0.061825 0.794922 0.580078
15 -7.724180 2.918405 118.470222 -0.713475 0.130684 -0.688386 0.794922 0.560547
body.png
54 -10.259665 1.163930 117.977898 -0.993677 -0.093722 -0.061825 0.794922 0.580078
15 -9.285015 0.310730 119.785080 -0.961537 -0.068455 -0.266008 0.785156 0.591797
15 -7.724180 2.918405 118.470222 -0.713475 0.130684 -0.688386 0.794922 0.560547
body.png
15 -6.608145 6.989415 121.010658 -0.507737 0.858190 -0.075588 0.746094 0.523438
15 -4.859165 6.572465 117.535065 -0.502837 0.395472 -0.768607 0.781250 0.501953
55 -9.930875 6.363185 119.850777 -0.685027 0.278994 -0.672979 0.763672 0.542969
body.png
55 -9.930875 6.363185 119.850777 -0.685027 0.278994 -0.672979 0.763672 0.542969
15 -4.859165 6.572465 117.535065 -0.502837 0.395472 -0.768607 0.781250 0.501953
15 -6.813025 5.657520 118.247673 -0.774418 0.522359 -0.356956 0.785156 0.525391
body.png
15 -4.859165 6.572465 117.535065 -0.502837 0.395472 -0.768607 0.781250 0.501953
55 -7.179910 6.459345 116.918556 -0.886894 0.458854 0.053595 0.791016 0.521484
15 -6.813025 5.657520 118.247673 -0.774418 0.522359 -0.356956 0.785156 0.525391
body.png
15 -6.813025 5.657520 118.247673 -0.774418 0.522359 -0.356956 0.785156 0.525391
55 -7.179910 6.459345 116.918556 -0.886894 0.458854 0.053595 0.791016 0.521484
15 -7.017550 4.536635 118.128166 -0.544766 -0.040237 -0.837622 0.798828 0.533203
body.png
55 -7.179910 6.459345 116.918556 -0.886894 0.458854 0.053595 0.791016 0.521484
15 -4.859165 6.572465 117.535065 -0.502837 0.395472 -0.768607 0.781250 0.501953
15 -7.017550 4.536635 118.128166 -0.544766 -0.040237 -0.837622 0.798828 0.533203
body.png
15 -4.698125 9.493990 121.822403 -0.410351 0.890142 0.198137 0.835938 0.933594
15 -6.050095 8.988155 121.328629 -0.937387 0.315005 -0.148587 0.816406 0.943359
55 -7.715530 10.380754 124.964867 -0.613739 0.773920 0.156115 0.812500 0.908203
body.png
15 -4.698125 9.493990 121.822403 -0.410351 0.890142 0.198137 0.835938 0.933594
55 -6.662320 10.933070 119.864799 -0.615403 0.712242 0.337625 0.824219 0.947266
15 -6.050095 8.988155 121.328629 -0.937387 0.315005 -0.148587 0.816406 0.943359
body.png
15 -4.698125 9.493990 121.822403 -0.410351 0.890142 0.198137 0.835938 0.933594
15 -3.604565 7.691910 117.251663 -0.828951 0.024777 -0.558773 0.845703 0.980469
55 -6.662320 10.933070 119.864799 -0.615403 0.712242 0.337625 0.824219 0.947266
body.png
15 -4.698125 9.493990 121.822403 -0.410351 0.890142 0.198137 0.835938 0.933594
55 -4.758145 12.041660 121.646690 -0.479750 0.844184 -0.239152 0.851563 0.943359
15 -3.604565 7.691910 117.251663 -0.828951 0.024777 -0.558773 0.845703 0.980469
body.png
15 -4.698125 9.493990 121.822403 -0.410351 0.890142 0.198137 0.835938 0.933594
15 -2.045360 10.193171 122.293007 -0.202241 0.963828 0.173594 0.871094 0.927734
55 -4.758145 12.041660 121.646690 -0.479750 0.844184 -0.239152 0.851563 0.943359
body.png
15 -4.112235 -6.613825 115.464737 -0.175001 -0.267730 -0.947468 0.308594 0.013672
15 -6.907845 -5.512865 115.738495 -0.625588 -0.384426 -0.678864 0.263672 0.019531
15 -6.603035 -4.339910 115.449066 -0.246933 -0.171181 -0.953793 0.263672 0.013672
body.png
15 -6.603035 -4.339910 115.449066 -0.246933 -0.171181 -0.953793 0.263672 0.013672
15 -6.907845 -5.512865 115.738495 -0.625588 -0.384426 -0.678864 0.263672 0.019531
15 -7.583955 0.349335 115.047470 -0.324907 -0.072124 -0.942992 0.238281 0.013672
body.png
15 -6.907845 -5.512865 115.738495 -0.625588 -0.384426 -0.678864 0.263672 0.019531
15 -8.583640 0.444030 115.389023 -0.772372 0.078527 -0.630298 0.238281 0.019531
15 -7.583955 0.349335 115.047470 -0.324907 -0.072124 -0.942992 0.238281 0.013672
body.png
15 -7.583955 0.349335 115.047470 -0.324907 -0.072124 -0.942992 0.238281 0.013672
15 -8.583640 0.444030 115.389023 -0.772372 0.078527 -0.630298 0.238281 0.019531
15 -7.328230 1.762095 115.082199 -0.259012 0.021918 -0.965625 0.203125 0.013672
body.png
15 -8.583640 0.444030 115.389023 -0.772372 0.078527 -0.630298 0.238281 0.019531
15 -6.966855 4.558955 114.903351 -0.767015 0.557455 -0.317699 0.203125 0.019531
15 -7.328230 1.762095 115.082199 -0.259012 0.021918 -0.965625 0.203125 0.013672
body.png
14 0.027090 5.189565 107.563942 -0.375773 0.896485 -0.234753 0.402344 0.818359
14 -3.378835 3.728205 107.435165 -0.703482 0.668809 -0.240433 0.363281 0.828125
15 0.038880 5.709250 109.529663 -0.361253 0.896054 -0.258039 0.412109 0.833984
body.png
15 0.038880 5.709250 109.529663 -0.361253 0.896054 -0.258039 0.412109 0.833984
14 -3.378835 3.728205 107.435165 -0.703482 0.668809 -0.240433 0.363281 0.828125
15 -4.468225 3.966130 109.535126 -0.655824 0.672385 -0.343211 0.371094 0.853516
body.png
14 -3.378835 3.728205 107.435165 -0.703482 0.668809 -0.240433 0.363281 0.828125
15 -6.333810 0.047350 107.832840 -0.722213 0.518488 -0.457796 0.328125 0.865234
15 -4.468225 3.966130 109.535126 -0.655824 0.672385 -0.343211 0.371094 0.853516
body.png
15 -4.468225 3.966130 109.535126 -0.655824 0.672385 -0.343211 0.371094 0.853516
15 -6.333810 0.047350 107.832840 -0.722213 0.518488 -0.457796 0.328125 0.865234
15 -6.330225 1.014675 109.631943 -0.770057 0.562542 -0.300928 0.349609 0.873047
body.png
15 -6.333810 0.047350 107.832840 -0.722213 0.518488 -0.457796 0.328125 0.865234
15 -7.033475 0.217170 109.675835 -0.717219 0.614352 -0.328890 0.343750 0.884766
15 -6.330225 1.014675 109.631943 -0.770057 0.562542 -0.300928 0.349609 0.873047
body.png
7 -14.301330 7.091395 21.559700 -0.602165 0.798059 -0.022360 0.154297 0.789063
7 -14.514820 4.834180 15.052055 -0.974339 -0.220241 -0.046443 0.173828 0.824219
7 -14.881335 4.168100 21.308815 -0.945840 -0.312295 -0.088653 0.173828 0.789063
body.png
7 -14.881335 4.168100 21.308815 -0.945840 -0.312295 -0.088653 0.173828 0.789063
7 -14.514820 4.834180 15.052055 -0.974339 -0.220241 -0.046443 0.173828 0.824219
7 -12.092185 1.701850 21.106956 -0.385796 -0.918313 -0.088675 0.199219 0.791016
body.png
7 -14.514820 4.834180 15.052055 -0.974339 -0.220241 -0.046443 0.173828 0.824219
7 -12.845196 2.179000 14.966290 0.153483 -0.987320 -0.040520 0.195313 0.824219
7 -12.092185 1.701850 21.106956 -0.385796 -0.918313 -0.088675 0.199219 0.791016
body.png
7 -12.092185 1.701850 21.106956 -0.385796 -0.918313 -0.088675 0.199219 0.791016
7 -12.845196 2.179000 14.966290 0.153483 -0.987320 -0.040520 0.195313 0.824219
7 -9.180565 4.281300 21.339149 0.591393 -0.802867 -0.075221 0.224609 0.794922
body.png
7 -12.845196 2.179000 14.966290 0.153483 -0.987320 -0.040520 0.195313 0.824219
7 -9.711245 4.044070 15.146245 0.511841 -0.859010 -0.010955 0.218750 0.826172
7 -9.180565 4.281300 21.339149 0.591393 -0.802867 -0.075221 0.224609 0.794922
body.png
7 -14.514820 4.834180 15.052055 -0.974339 -0.220241 -0.046443 0.173828 0.824219
7 -14.301330 7.091395 21.559700 -0.602165 0.798059 -0.022360 0.154297 0.789063
7 -13.681490 7.562270 15.317780 -0.533157 0.845947 0.010872 0.154297 0.822266
body.png
7 -13.681490 7.562270 15.317780 -0.533157 0.845947 0.010872 0.154297 0.822266
7 -14.301330 7.091395 21.559700 -0.602165 0.798059 -0.022360 0.154297 0.789063
7 -10.387955 7.091780 15.238465 0.427260 0.904053 0.011700 0.132813 0.824219
body.png
7 -14.301330 7.091395 21.559700 -0.602165 0.798059 -0.022360 0.154297 0.789063
7 -10.389339 7.410325 21.644207 0.754054 0.653733 -0.063529 0.128906 0.789063
7 -10.387955 7.091780 15.238465 0.427260 0.904053 0.011700 0.132813 0.824219
body.png
7 -10.387955 7.091780 15.238465 0.427260 0.904053 0.011700 0.132813 0.824219
7 -10.389339 7.410325 21.644207 0.754054 0.653733 -0.063529 0.128906 0.789063
7 -9.711245 4.044070 15.146245 0.954676 0.293038 -0.052182 0.113281 0.826172
body.png
7 -10.389339 7.410325 21.644207 0.754054 0.653733 -0.063529 0.128906 0.789063
7 -9.180565 4.281300 21.339149 0.925647 0.366689 -0.093367 0.107422 0.792969
7 -9.711245 4.044070 15.146245 0.954676 0.293038 -0.052182 0.113281 0.826172
body.png
9 -18.730286 0.411040 2.269905 -0.888479 0.446214 0.107229 0.658203 0.964844
9 -18.192404 -0.598820 5.969005 -0.794405 0.059084 0.604508 0.667969 0.923828
8 -16.795265 4.112350 2.711855 -0.946015 0.311465 0.089698 0.593750 0.962891
body.png
8 -16.795265 4.112350 2.711855 -0.946015 0.311465 0.089698 0.593750 0.962891
9 -18.192404 -0.598820 5.969005 -0.794405 0.059084 0.604508 0.667969 0.923828
7 -16.558315 3.380310 9.582790 -0.875659 -0.160201 0.455584 0.601563 0.894531
body.png
9 -18.192404 -0.598820 5.969005 -0.794405 0.059084 0.604508 0.667969 0.923828
9 -15.218380 -1.696200 6.567700 -0.180005 -0.575749 0.797566 0.691406 0.878906
7 -16.558315 3.380310 9.582790 -0.875659 -0.160201 0.455584 0.601563 0.894531
body.png
7 -16.558315 3.380310 9.582790 -0.875659 -0.160201 0.455584 0.601563 0.894531
9 -15.218380 -1.696200 6.567700 -0.180005 -0.575749 0.797566 0.691406 0.878906
7 -14.136405 0.566280 9.558940 -0.237107 -0.731625 0.639144 0.638672 0.847656
body.png
9 -15.218380 -1.696200 6.567700 -0.180005 -0.575749 0.797566 0.691406 0.878906
7 -10.447035 1.334650 9.584755 0.582712 -0.706331 0.401924 0.601563 0.894531
7 -14.136405 0.566280 9.558940 -0.237107 -0.731625 0.639144 0.638672 0.847656
body.png
9 -17.825310 -9.091760 1.514770 -0.226058 -0.469188 0.853674 0.814453 0.972656
9 -14.523620 -9.642970 1.516105 0.049449 -0.726629 0.685249 0.767578 0.972656
9 -14.403234 -8.921700 1.588725 0.000729 -0.118728 0.992927 0.767578 0.968750
body.png
9 -14.403234 -8.921700 1.588725 0.000729 -0.118728 0.992927 0.767578 0.968750
9 -14.523620 -9.642970 1.516105 0.049449 -0.726629 0.685249 0.767578 0.972656
9 -13.612505 -8.185480 1.640945 0.069152 -0.103580 0.992214 0.744141 0.966797
body.png
9 -14.523620 -9.642970 1.516105 0.049449 -0.726629 0.685249 0.767578 0.972656
9 -12.909155 -8.789450 1.516390 0.471009 -0.555343 0.685379 0.744141 0.972656
9 -13.612505 -8.185480 1.640945 0.069152 -0.103580 0.992214 0.744141 0.966797
body.png
9 -13.612505 -8.185480 1.640945 0.069152 -0.103580 0.992214 0.744141 0.966797
9 -12.909155 -8.789450 1.516390 0.471009 -0.555343 0.685379 0.744141 0.972656
9 -12.356271 -6.302870 1.653240 0.092442 -0.751648 0.653054 0.716797 0.966797
body.png
9 -12.909155 -8.789450 1.516390 0.471009 -0.555343 0.685379 0.744141 0.972656
9 -11.775940 -6.246535 1.646415 0.861705 -0.451151 0.232222 0.708984 0.972656
9 -12.356271 -6.302870 1.653240 0.092442 -0.751648 0.653054 0.716797 0.966797
body.png
3 9.196130 4.257815 21.315670 -0.927629 0.363401 -0.086280 0.107422 0.792969
3 10.397985 7.402155 21.637646 -0.751323 0.657093 -0.061177 0.128906 0.789063
3 9.688835 4.043600 15.116159 -0.952767 0.299456 -0.050615 0.113281 0.826172
body.png
3 9.688835 4.043600 15.116159 -0.952767 0.299456 -0.050615 0.113281 0.826172
3 10.397985 7.402155 21.637646 -0.751323 0.657093 -0.061177 0.128906 0.789063
3 10.420815 7.095230 15.224550 -0.424945 0.905146 0.011542 0.132813 0.824219
body.png
3 10.397985 7.402155 21.637646 -0.751323 0.657093 -0.061177 0.128906 0.789063
3 14.304610 7.090495 21.559265 0.599232 0.800277 -0.021847 0.154297 0.789063
3 10.420815 7.095230 15.224550 -0.424945 0.905146 0.011542 0.132813 0.824219
body.png
3 10.420815 7.095230 15.224550 -0.424945 0.905146 0.011542 0.132813 0.824219
3 14.304610 7.090495 21.559265 0.599232 0.800277 -0.021847 0.154297 0.789063
3 13.643485 7.566685 15.292595 0.525734 0.850599 0.009171 0.154297 0.822266
body.png
3 14.304610 7.090495 21.559265 0.599232 0.800277 -0.021847 0.154297 0.789063
3 14.515036 4.853025 15.044709 0.976221 -0.212006 -0.045230 0.173828 0.824219
3 13.643485 7.566685 15.292595 0.525734 0.850599 0.009171 0.154297 0.822266
body.png
3 9.688835 4.043600 15.116159 -0.511042 -0.859487 -0.010917 0.218750 0.826172
3 12.876920 2.149630 14.987770 -0.146749 -0.988511 -0.036199 0.195313 0.824219
3 9.196130 4.257815 21.315670 -0.587371 -0.806007 -0.073133 0.224609 0.794922
body.png
3 9.196130 4.257815 21.315670 -0.587371 -0.806007 -0.073133 0.224609 0.794922
3 12.876920 2.149630 14.987770 -0.146749 -0.988511 -0.036199 0.195313 0.824219
3 12.120080 1.706715 21.128901 0.396252 -0.914282 -0.084097 0.199219 0.791016
body.png
3 12.876920 2.149630 14.987770 -0.146749 -0.988511 -0.036199 0.195313 0.824219
3 14.515036 4.853025 15.044709 0.976221 -0.212006 -0.045230 0.173828 0.824219
3 12.120080 1.706715 21.128901 0.396252 -0.914282 -0.084097 0.199219 0.791016
body.png
3 12.120080 1.706715 21.128901 0.396252 -0.914282 -0.084097 0.199219 0.791016
3 14.515036 4.853025 15.044709 0.976221 -0.212006 -0.045230 0.173828 0.824219
3 14.867855 4.177015 21.315556 0.946395 -0.311133 -0.086788 0.173828 0.789063
body.png
3 14.515036 4.853025 15.044709 0.976221 -0.212006 -0.045230 0.173828 0.824219
3 14.304610 7.090495 21.559265 0.599232 0.800277 -0.021847 0.154297 0.789063
3 14.867855 4.177015 21.315556 0.946395 -0.311133 -0.086788 0.173828 0.789063
body.png
5 17.828310 -9.097110 1.552715 0.207452 -0.444187 0.871586 0.814453 0.972656
5 20.453041 -6.767085 1.510505 0.614350 -0.410960 0.673562 0.767578 0.972656
5 19.787516 -6.109970 1.611900 0.070280 -0.054408 0.996042 0.767578 0.968750
body.png
5 19.787516 -6.109970 1.611900 0.070280 -0.054408 0.996042 0.767578 0.968750
5 20.453041 -6.767085 1.510505 0.614350 -0.410960 0.673562 0.767578 0.972656
5 20.293400 -5.091845 1.613370 0.196838 -0.036715 0.979748 0.744141 0.966797
body.png
5 20.453041 -6.767085 1.510505 0.614350 -0.410960 0.673562 0.767578 0.972656
5 20.712431 -5.179575 1.505135 0.770930 -0.087336 0.630903 0.744141 0.972656
5 20.293400 -5.091845 1.613370 0.196838 -0.036715 0.979748 0.744141 0.966797
body.png
5 20.293400 -5.091845 1.613370 0.196838 -0.036715 0.979748 0.744141 0.966797
5 20.712431 -5.179575 1.505135 0.770930 -0.087336 0.630903 0.744141 0.972656
5 20.264339 -3.461760 1.657855 0.554273 -0.566742 0.609577 0.716797 0.966797
body.png
5 20.712431 -5.179575 1.505135 0.770930 -0.087336 0.630903 0.744141 0.972656
5 20.688560 -3.124910 1.618225 0.963681 0.130802 0.232831 0.708984 0.972656
5 20.264339 -3.461760 1.657855 0.554273 -0.566742 0.609577 0.716797 0.966797
body.png
5 11.795925 -6.080385 0.028845 -0.944403 -0.328500 -0.013826 0.708984 0.996094
5 12.932180 -8.793535 0.044160 -0.814788 -0.579418 -0.019873 0.744141 0.996094
5 11.838570 -6.270875 1.641880 -0.860169 -0.455695 0.229023 0.708984 0.972656
body.png
5 11.838570 -6.270875 1.641880 -0.860169 -0.455695 0.229023 0.708984 0.972656
5 12.932180 -8.793535 0.044160 -0.814788 -0.579418 -0.019873 0.744141 0.996094
5 12.868529 -8.764025 1.506205 -0.470655 -0.556565 0.684631 0.744141 0.972656
body.png
5 12.932180 -8.793535 0.044160 -0.814788 -0.579418 -0.019873 0.744141 0.996094
5 14.498055 -9.630505 0.040305 -0.272316 -0.962208 -0.000862 0.767578 0.996094
5 12.868529 -8.764025 1.506205 -0.470655 -0.556565 0.684631 0.744141 0.972656
body.png
5 12.868529 -8.764025 1.506205 -0.470655 -0.556565 0.684631 0.744141 0.972656
5 14.498055 -9.630505 0.040305 -0.272316 -0.962208 -0.000862 0.767578 0.996094
5 14.498515 -9.630381 1.497185 -0.070762 -0.735904 0.673378 0.767578 0.972656
body.png
5 14.498055 -9.630505 0.040305 -0.272316 -0.962208 -0.000862 0.767578 0.996094
5 17.830225 -9.083611 0.047785 0.426125 -0.904661 0.002511 0.814453 0.996094
5 14.498515 -9.630381 1.497185 -0.070762 -0.735904 0.673378 0.767578 0.972656
body.png
67 13.506089 6.568330 101.435959 -0.458781 0.483395 0.745554 0.894531 0.185547
67 13.370075 3.707935 101.389847 0.004678 -0.164616 0.986347 0.855469 0.201172
67 15.290145 8.610781 100.299942 0.302846 0.636049 0.709737 0.912109 0.148438
body.png
67 15.290145 8.610781 100.299942 0.302846 0.636049 0.709737 0.912109 0.148438
67 13.370075 3.707935 101.389847 0.004678 -0.164616 0.986347 0.855469 0.201172
67 19.236870 6.419305 97.408440 0.938613 0.110381 0.326835 0.859375 0.089844
body.png
67 13.370075 3.707935 101.389847 0.004678 -0.164616 0.986347 0.855469 0.201172
67 17.357481 1.571615 98.480949 0.533728 -0.691922 0.486188 0.802734 0.142578
67 19.236870 6.419305 97.408440 0.938613 0.110381 0.326835 0.859375 0.089844
body.png
67 19.236870 6.419305 97.408440 0.938613 0.110381 0.326835 0.859375 0.089844
67 17.357481 1.571615 98.480949 0.533728 -0.691922 0.486188 0.802734 0.142578
67 19.100855 3.558910 97.362328 0.836771 -0.505507 -0.210420 0.820313 0.105469
body.png
69 25.669630 4.717795 93.931587 -0.054044 0.499487 -0.864634 0.955078 0.269531
69 25.621740 4.780660 94.059074 -0.024290 0.954658 -0.296713 0.957031 0.275391
69 25.831890 4.625340 93.920471 0.691537 0.153183 -0.705912 0.953125 0.275391
body.png
69 25.831890 4.625340 93.920471 0.691537 0.153183 -0.705912 0.953125 0.275391
69 25.621740 4.780660 94.059074 -0.024290 0.954658 -0.296713 0.957031 0.275391
69 25.904560 4.546195 94.065231 0.977660 0.050726 -0.203980 0.953125 0.279297
body.png
69 25.621740 4.780660 94.059074 -0.024290 0.954658 -0.296713 0.957031 0.275391
69 25.755360 4.807280 94.213799 -0.034724 0.955908 0.291606 0.957031 0.279297
69 25.904560 4.546195 94.065231 0.977660 0.050726 -0.203980 0.953125 0.279297
body.png
69 25.904560 4.546195 94.065231 0.977660 0.050726 -0.203980 0.953125 0.279297
69 25.755360 4.807280 94.213799 -0.034724 0.955908 0.291606 0.957031 0.279297
69 25.920605 4.665270 94.208633 0.546841 -0.028936 0.836736 0.955078 0.279297
body.png
63 -6.930845 -3.947780 25.762539 0.569101 -0.781610 0.255364 0.636719 0.164063
63 -7.305520 -3.073745 27.146622 0.430989 -0.896167 0.105515 0.638672 0.173828
63 -12.946745 -3.950025 27.180779 -0.191600 -0.900195 0.391073 0.595703 0.175781
body.png
63 -6.930845 -3.947780 25.762539 0.569101 -0.781610 0.255364 0.636719 0.164063
63 -4.671410 0.292520 27.641312 0.733774 -0.663179 0.147544 0.669922 0.173828
63 -7.305520 -3.073745 27.146622 0.430989 -0.896167 0.105515 0.638672 0.173828
body.png
63 -6.930845 -3.947780 25.762539 0.569101 -0.781610 0.255364 0.636719 0.164063
63 -3.810545 0.360485 26.642914 0.789451 -0.599082 0.133671 0.673828 0.166016
63 -4.671410 0.292520 27.641312 0.733774 -0.663179 0.147544 0.669922 0.173828
body.png
63 -6.930845 -3.947780 25.762539 0.569101 -0.781610 0.255364 0.636719 0.164063
7 -5.370300 1.720570 19.309484 0.851287 -0.478771 -0.214684 0.669922 0.113281
63 -3.810545 0.360485 26.642914 0.789451 -0.599082 0.133671 0.673828 0.166016
body.png
10 13.250000 -1.765575 79.163475 0.910026 -0.360248 0.205119 0.267578 0.349609
10 12.400000 5.634425 79.463470 0.997461 0.034014 0.062562 0.314453 0.351563
11 12.250950 -0.724230 84.519920 0.691432 -0.657799 -0.298702 0.269531 0.396484
body.png
10 13.250000 -1.765575 79.163475 0.910026 -0.360248 0.205119 0.267578 0.349609
66 13.049999 5.709550 74.693443 0.995619 0.082549 -0.043908 0.312500 0.318359
10 12.400000 5.634425 79.463470 0.997461 0.034014 0.062562 0.314453 0.351563
body.png
10 13.250000 -1.765575 79.163475 0.910026 -0.360248 0.205119 0.267578 0.349609
10 13.600000 -2.165575 74.713470 0.976112 -0.212998 -0.042864 0.265625 0.320313
66 13.049999 5.709550 74.693443 0.995619 0.082549 -0.043908 0.312500 0.318359
body.png
10 13.250000 -1.765575 79.163475 0.910026 -0.360248 0.205119 0.267578 0.349609
65 7.000000 -10.241800 73.427231 0.577268 -0.814653 -0.055697 0.203125 0.312500
10 13.600000 -2.165575 74.713470 0.976112 -0.212998 -0.042864 0.265625 0.320313
body.png
1 14.250000 -3.390895 64.240112 0.881494 -0.435759 0.181885 0.728516 0.425781
2 13.258930 4.883945 58.070316 0.841180 0.540745 0.003335 0.779297 0.410156
1 13.049999 4.959105 64.590103 0.901326 0.390338 0.187746 0.767578 0.441406
body.png
1 14.250000 -3.390895 64.240112 0.881494 -0.435759 0.181885 0.728516 0.425781
2 15.156175 -3.740110 57.873878 0.966427 -0.234114 0.105874 0.736328 0.394531
2 13.258930 4.883945 58.070316 0.841180 0.540745 0.003335 0.779297 0.410156
body.png
1 14.250000 -3.390895 64.240112 0.881494 -0.435759 0.181885 0.728516 0.425781
2 7.701980 -9.285285 56.980278 0.433194 -0.901285 -0.005347 0.689453 0.380859
2 15.156175 -3.740110 57.873878 0.966427 -0.234114 0.105874 0.736328 0.394531
body.png
1 14.250000 -3.390895 64.240112 0.881494 -0.435759 0.181885 0.728516 0.425781
1 7.050000 -9.290895 62.640114 0.398731 -0.913639 0.079229 0.683594 0.410156
2 7.701980 -9.285285 56.980278 0.433194 -0.901285 -0.005347 0.689453 0.380859
body.png
3 6.957540 -3.968345 25.761051 -0.566286 -0.782637 0.258455 0.740234 0.220703
3 3.815865 0.347020 26.644211 -0.787251 -0.601196 0.137111 0.720703 0.205078
3 5.394825 1.723960 19.330805 -0.468454 -0.113361 -0.876185 0.757813 0.175781
body.png
3 6.957540 -3.968345 25.761051 -0.566286 -0.782637 0.258455 0.740234 0.220703
3 4.692865 0.303755 27.659836 -0.733685 -0.662344 0.151679 0.716797 0.216797
3 3.815865 0.347020 26.644211 -0.787251 -0.601196 0.137111 0.720703 0.205078
body.png
3 6.957540 -3.968345 25.761051 -0.566286 -0.782637 0.258455 0.740234 0.220703
3 7.333165 -3.067490 27.153839 -0.428808 -0.896895 0.108177 0.736328 0.228516
3 4.692865 0.303755 27.659836 -0.733685 -0.662344 0.151679 0.716797 0.216797
body.png
3 6.957540 -3.968345 25.761051 -0.566286 -0.782637 0.258455 0.740234 0.220703
3 12.983030 -3.939950 27.170876 0.192800 -0.899583 0.391892 0.761719 0.244141
3 7.333165 -3.067490 27.153839 -0.428808 -0.896895 0.108177 0.736328 0.228516
body.png
67 12.758514 8.505435 100.368835 -0.671200 -0.611543 -0.418935 0.695313 0.011719
67 13.027135 8.172745 100.804329 -0.545168 -0.650245 0.529126 0.693359 0.017578
67 12.725700 9.262610 100.393440 -0.994268 -0.025706 0.103783 0.701172 0.003906
body.png
67 12.725700 9.262610 100.393440 -0.994268 -0.025706 0.103783 0.701172 0.003906
67 13.027135 8.172745 100.804329 -0.545168 -0.650245 0.529126 0.693359 0.017578
67 13.010555 9.588625 100.799728 -0.835022 -0.023704 0.549706 0.712891 0.017578
body.png
67 13.027135 8.172745 100.804329 -0.545168 -0.650245 0.529126 0.693359 0.017578
67 13.311991 8.498760 101.210625 -0.086514 -0.266494 0.959946 0.695313 0.023438
67 13.010555 9.588625 100.799728 -0.835022 -0.023704 0.549706 0.712891 0.017578
body.png
67 13.010555 9.588625 100.799728 -0.835022 -0.023704 0.549706 0.712891 0.017578
67 13.311991 8.498760 101.210625 -0.086514 -0.266494 0.959946 0.695313 0.023438
67 13.272080 9.305280 101.231384 0.068361 0.609256 0.790022 0.701172 0.031250
body.png
64 0.867105 11.313246 62.715088 -0.313060 -0.938385 -0.146382 0.171875 0.912109
64 10.117105 7.413245 69.665085 -0.310589 -0.949663 -0.040936 0.166016 0.916016
64 1.417105 10.113245 69.515091 -0.295940 -0.954909 -0.023857 0.169922 0.916016
body.png
64 0.867105 11.313246 62.715088 -0.313060 -0.938385 -0.146382 0.171875 0.912109
64 11.467105 7.463245 62.915092 -0.334017 -0.928160 -0.164171 0.164063 0.912109
64 10.117105 7.413245 69.665085 -0.310589 -0.949663 -0.040936 0.166016 0.916016
body.png
64 0.867105 11.313246 62.715088 -0.313060 -0.938385 -0.146382 0.171875 0.912109
64 10.667105 8.663245 59.615093 -0.303766 -0.936997 -0.172517 0.166016 0.910156
64 11.467105 7.463245 62.915092 -0.334017 -0.928160 -0.164171 0.164063 0.912109
body.png
64 0.867105 11.313246 62.715088 -0.313060 -0.938385 -0.146382 0.171875 0.912109
64 1.967105 11.363245 59.465088 -0.291720 -0.947329 -0.132168 0.169922 0.910156
64 10.667105 8.663245 59.615093 -0.303766 -0.936997 -0.172517 0.166016 0.910156
body.png
64 1.667105 13.963245 63.065086 -0.650379 0.757005 -0.062852 0.269531 0.910156
64 1.417105 10.113245 69.515091 -0.820373 0.353466 0.449499 0.271484 0.960938
64 2.217105 12.463245 68.965088 -0.290022 0.756904 0.585648 0.255859 0.951172
body.png
64 1.667105 13.963245 63.065086 -0.650379 0.757005 -0.062852 0.269531 0.910156
64 0.867105 11.313246 62.715088 -0.950128 0.298679 -0.089705 0.291016 0.910156
64 1.417105 10.113245 69.515091 -0.820373 0.353466 0.449499 0.271484 0.960938
body.png
64 1.667105 13.963245 63.065086 -0.650379 0.757005 -0.062852 0.269531 0.910156
64 1.967105 11.363245 59.465088 -0.766469 0.328336 -0.552015 0.271484 0.861328
64 0.867105 11.313246 62.715088 -0.950128 0.298679 -0.089705 0.291016 0.910156
body.png
64 1.667105 13.963245 63.065086 -0.650379 0.757005 -0.062852 0.269531 0.910156
64 2.717105 13.513246 59.765087 -0.352541 0.671411 -0.651860 0.255859 0.871094
64 1.967105 11.363245 59.465088 -0.766469 0.328336 -0.552015 0.271484 0.861328
body.png
11 -8.804710 10.171125 81.856651 -0.542182 0.835020 -0.093703 0.222656 0.654297
11 -10.049755 11.384564 90.931473 -0.043095 0.993163 -0.108493 0.222656 0.597656
11 0.050995 11.548780 81.519630 -0.000602 0.985943 0.167083 0.158203 0.656250
body.png
11 -8.804710 10.171125 81.856651 -0.542182 0.835020 -0.093703 0.222656 0.654297
11 -11.955990 9.863425 85.103531 -0.378756 0.842613 -0.382815 0.248047 0.632813
11 -10.049755 11.384564 90.931473 -0.043095 0.993163 -0.108493 0.222656 0.597656
body.png
11 -8.804710 10.171125 81.856651 -0.542182 0.835020 -0.093703 0.222656 0.654297
11 -12.873686 5.535225 83.747246 -0.767445 0.521529 -0.372875 0.261719 0.658203
11 -11.955990 9.863425 85.103531 -0.378756 0.842613 -0.382815 0.248047 0.632813
body.png
11 -8.804710 10.171125 81.856651 -0.542182 0.835020 -0.093703 0.222656 0.654297
10 -12.400000 5.634425 79.463470 -0.828140 0.545875 0.127295 0.253906 0.681641
11 -12.873686 5.535225 83.747246 -0.767445 0.521529 -0.372875 0.261719 0.658203
body.png
11 5.971075 -8.022610 81.026459 0.528632 -0.823869 0.204421 0.207031 0.361328
11 -0.035695 -9.666730 80.442848 0.216249 -0.905922 0.364064 0.162109 0.359375
65 6.750000 -9.941800 77.427231 0.436475 -0.828469 0.350897 0.205078 0.337891
body.png
11 5.971075 -8.022610 81.026459 0.528632 -0.823869 0.204421 0.207031 0.361328
13 -0.033655 -9.012875 89.971954 -0.001302 -0.988937 0.148328 0.164063 0.404297
11 -0.035695 -9.666730 80.442848 0.216249 -0.905922 0.364064 0.162109 0.359375
body.png
11 5.971075 -8.022610 81.026459 0.528632 -0.823869 0.204421 0.207031 0.361328
13 6.323825 -7.151485 90.606522 0.441506 -0.879634 0.176966 0.205078 0.416016
13 -0.033655 -9.012875 89.971954 -0.001302 -0.988937 0.148328 0.164063 0.404297
body.png
11 5.971075 -8.022610 81.026459 0.528632 -0.823869 0.204421 0.207031 0.361328
13 11.644731 -1.985145 91.053078 0.544491 -0.835169 0.077599 0.246094 0.429688
13 6.323825 -7.151485 90.606522 0.441506 -0.879634 0.176966 0.205078 0.416016
body.png
20 46.470219 1.586035 90.042274 0.980724 -0.194399 -0.019719 0.074219 0.398438
26 48.162212 1.551790 87.661713 -0.167537 -0.863993 -0.474814 0.074219 0.412109
26 48.755310 1.380820 89.253571 -0.112457 -0.991555 -0.064596 0.072266 0.417969
body.png
20 46.470219 1.586035 90.042274 0.980724 -0.194399 -0.019719 0.074219 0.398438
20 46.305725 1.736690 87.675262 0.280934 -0.017407 -0.959569 0.074219 0.396484
26 48.162212 1.551790 87.661713 -0.167537 -0.863993 -0.474814 0.074219 0.412109
body.png
20 46.470219 1.586035 90.042274 0.980724 -0.194399 -0.019719 0.074219 0.398438
23 49.250568 0.871995 88.281670 0.144653 0.810353 -0.567806 0.068359 0.421875
20 46.305725 1.736690 87.675262 0.280934 -0.017407 -0.959569 0.074219 0.396484
body.png
20 46.470219 1.586035 90.042274 0.980724 -0.194399 -0.019719 0.074219 0.398438
23 49.493946 0.721580 89.291946 0.292877 0.953480 0.071404 0.068359 0.423828
23 49.250568 0.871995 88.281670 0.144653 0.810353 -0.567806 0.068359 0.421875
body.png
19 39.433720 6.421440 85.732269 -0.016988 0.541748 -0.840369 0.117188 0.333984
19 43.170151 7.042105 87.059418 0.154750 0.599640 -0.785165 0.125000 0.365234
19 39.668098 2.851205 86.016838 -0.136656 0.151157 -0.979018 0.080078 0.343750
body.png
19 39.433720 6.421440 85.732269 -0.016988 0.541748 -0.840369 0.117188 0.333984
19 39.705311 7.058985 88.534912 0.061722 0.987584 -0.144461 0.123047 0.335938
19 43.170151 7.042105 87.059418 0.154750 0.599640 -0.785165 0.125000 0.365234
body.png
19 39.433720 6.421440 85.732269 -0.016988 0.541748 -0.840369 0.117188 0.333984
18 37.141056 7.885780 89.074890 0.061037 0.928966 -0.365098 0.128906 0.314453
19 39.705311 7.058985 88.534912 0.061722 0.987584 -0.144461 0.123047 0.335938
body.png
19 39.433720 6.421440 85.732269 -0.016988 0.541748 -0.840369 0.117188 0.333984
18 36.664501 6.338770 86.361557 -0.178852 0.695768 -0.695643 0.113281 0.312500
18 37.141056 7.885780 89.074890 0.061037 0.928966 -0.365098 0.128906 0.314453
body.png
40 -44.377609 -2.164020 84.005005 0.058011 -0.814813 0.576814 0.130859 0.544922
41 -46.111588 -2.340075 83.988716 -0.375878 -0.353909 0.856425 0.123047 0.562500
41 -45.529190 -2.924540 83.175262 -0.069478 -0.837592 0.541859 0.136719 0.554688
body.png
41 -45.529190 -2.924540 83.175262 -0.069478 -0.837592 0.541859 0.136719 0.554688
41 -46.111588 -2.340075 83.988716 -0.375878 -0.353909 0.856425 0.123047 0.562500
41 -47.350838 -2.941665 82.633224 -0.555829 -0.454177 0.696259 0.126953 0.572266
body.png
41 -46.111588 -2.340075 83.988716 -0.375878 -0.353909 0.856425 0.123047 0.562500
41 -46.501560 -1.489930 83.390648 -0.689367 0.189482 0.699192 0.113281 0.568359
41 -47.350838 -2.941665 82.633224 -0.555829 -0.454177 0.696259 0.126953 0.572266
body.png
41 -47.350838 -2.941665 82.633224 -0.555829 -0.454177 0.696259 0.126953 0.572266
41 -46.501560 -1.489930 83.390648 -0.689367 0.189482 0.699192 0.113281 0.568359
41 -47.479103 -2.449675 82.375366 -0.771401 0.125824 0.623786 0.117188 0.580078
body.png
51 -47.476990 5.762625 87.473755 0.125308 -0.835171 -0.535525 0.117188 0.402344
52 -48.897434 5.810645 86.800728 0.418747 -0.640823 -0.643426 0.117188 0.414063
51 -47.705631 7.105005 87.446640 0.158671 0.622688 -0.766214 0.130859 0.404297
body.png
51 -47.476990 5.762625 87.473755 0.125308 -0.835171 -0.535525 0.117188 0.402344
52 -50.108742 5.647905 87.202263 0.072400 -0.984027 -0.162633 0.117188 0.425781
52 -48.897434 5.810645 86.800728 0.418747 -0.640823 -0.643426 0.117188 0.414063
body.png
51 -47.476990 5.762625 87.473755 0.125308 -0.835171 -0.535525 0.117188 0.402344
51 -48.408020 5.498670 88.711090 0.062232 -0.984625 -0.163219 0.115234 0.412109
52 -50.108742 5.647905 87.202263 0.072400 -0.984027 -0.162633 0.117188 0.425781
body.png
51 -47.476990 5.762625 87.473755 0.125308 -0.835171 -0.535525 0.117188 0.402344
39 -46.318916 5.433040 89.945976 -0.907825 0.038517 -0.417576 0.113281 0.394531
51 -48.408020 5.498670 88.711090 0.062232 -0.984625 -0.163219 0.115234 0.412109
body.png
15 -7.328230 1.762095 115.082199 0.393136 0.730950 0.557814 0.074219 0.966797
15 -8.577539 1.945405 115.312683 0.219374 0.350054 0.910680 0.058594 0.953125
15 -7.583955 0.349335 115.047470 -0.710208 -0.533053 0.459847 0.039063 0.962891
body.png
15 -7.328230 1.762095 115.082199 0.393136 0.730950 0.557814 0.074219 0.966797
15 -9.373265 2.964955 114.538193 -0.037481 0.805893 0.590873 0.064453 0.939453
15 -8.577539 1.945405 115.312683 0.219374 0.350054 0.910680 0.058594 0.953125
body.png
15 -7.328230 1.762095 115.082199 0.393136 0.730950 0.557814 0.074219 0.966797
15 -9.272530 3.036955 112.163391 0.463286 0.885699 -0.030073 0.068359 0.912109
15 -9.373265 2.964955 114.538193 -0.037481 0.805893 0.590873 0.064453 0.939453
body.png
15 -7.328230 1.762095 115.082199 0.393136 0.730950 0.557814 0.074219 0.966797
15 -7.975245 2.389200 112.692505 0.446480 0.894793 0.000746 0.087891 0.916016
15 -9.272530 3.036955 112.163391 0.463286 0.885699 -0.030073 0.068359 0.912109
body.png
54 0.985520 -12.086110 124.269531 0.041988 -0.997365 0.059166 0.896484 0.621094
15 2.130355 -7.997780 125.292618 0.391910 -0.829787 0.397317 0.925781 0.638672
15 -0.022100 -8.570180 125.914536 0.042205 -0.878120 0.476576 0.896484 0.646484
body.png
54 0.985520 -12.086110 124.269531 0.041988 -0.997365 0.059166 0.896484 0.621094
15 2.231270 -7.952465 121.410568 0.224480 -0.844555 -0.486144 0.927734 0.597656
15 2.130355 -7.997780 125.292618 0.391910 -0.829787 0.397317 0.925781 0.638672
body.png
54 0.985520 -12.086110 124.269531 0.041988 -0.997365 0.059166 0.896484 0.621094
15 -0.021530 -8.632666 121.541763 -0.006732 -0.621029 -0.783758 0.896484 0.591797
15 2.231270 -7.952465 121.410568 0.224480 -0.844555 -0.486144 0.927734 0.597656
body.png
54 0.985520 -12.086110 124.269531 0.041988 -0.997365 0.059166 0.896484 0.621094
15 -2.218895 -7.984080 121.415588 -0.179416 -0.855526 -0.485680 0.865234 0.597656
15 -0.021530 -8.632666 121.541763 -0.006732 -0.621029 -0.783758 0.896484 0.591797
body.png
15 6.991410 -5.497840 120.616295 0.456483 -0.534891 -0.710996 0.804688 0.712891
54 10.358879 -6.381535 123.443138 0.776615 -0.618406 -0.120178 0.775391 0.712891
15 5.888035 -6.314105 120.914246 0.124343 -0.961399 -0.245460 0.802734 0.689453
body.png
15 5.888035 -6.314105 120.914246 0.124343 -0.961399 -0.245460 0.802734 0.689453
54 10.358879 -6.381535 123.443138 0.776615 -0.618406 -0.120178 0.775391 0.712891
15 6.240355 -5.566755 124.702690 0.307473 -0.833052 0.459875 0.755859 0.689453
body.png
54 10.358879 -6.381535 123.443138 0.776615 -0.618406 -0.120178 0.775391 0.712891
15 8.156665 -1.581630 123.980515 0.961614 -0.260943 0.084894 0.748047 0.742188
15 6.240355 -5.566755 124.702690 0.307473 -0.833052 0.459875 0.755859 0.689453
body.png
15 6.240355 -5.566755 124.702690 0.307473 -0.833052 0.459875 0.755859 0.689453
15 8.156665 -1.581630 123.980515 0.961614 -0.260943 0.084894 0.748047 0.742188
54 10.169981 -3.435175 127.929039 0.908927 -0.140927 0.392416 0.724609 0.718750
body.png
55 4.938675 11.460280 126.444992 0.397697 0.824353 0.402839 0.943359 0.898438
15 4.993935 7.729545 126.407776 0.521246 0.180619 0.834074 0.962891 0.884766
15 4.702000 9.505530 121.818314 0.403517 0.895087 0.189717 0.953125 0.933594
body.png
55 4.938675 11.460280 126.444992 0.397697 0.824353 0.402839 0.943359 0.898438
15 2.095450 8.150485 127.315567 0.154874 0.454910 0.876967 0.923828 0.873047
15 4.993935 7.729545 126.407776 0.521246 0.180619 0.834074 0.962891 0.884766
body.png
55 4.938675 11.460280 126.444992 0.397697 0.824353 0.402839 0.943359 0.898438
15 2.104605 10.176345 122.293785 0.206557 0.951059 0.229827 0.919922 0.927734
15 2.095450 8.150485 127.315567 0.154874 0.454910 0.876967 0.923828 0.873047
body.png
55 4.938675 11.460280 126.444992 0.397697 0.824353 0.402839 0.943359 0.898438
15 4.702000 9.505530 121.818314 0.403517 0.895087 0.189717 0.953125 0.933594
15 2.104605 10.176345 122.293785 0.206557 0.951059 0.229827 0.919922 0.927734
body.png
54 -8.252190 3.580600 130.429993 -0.556337 0.384800 0.736491 0.820313 0.792969
15 -8.391130 -0.903460 126.170944 -0.978698 -0.153622 0.136203 0.798828 0.779297
15 -5.340785 -0.698970 128.864639 -0.333918 -0.189638 0.923329 0.833984 0.773438
body.png
15 -5.340785 -0.698970 128.864639 -0.333918 -0.189638 0.923329 0.833984 0.773438
15 -8.391130 -0.903460 126.170944 -0.978698 -0.153622 0.136203 0.798828 0.779297
54 -9.279930 -3.288645 129.780212 -0.369011 -0.445011 0.815963 0.812500 0.765625
body.png
15 -8.391130 -0.903460 126.170944 -0.978698 -0.153622 0.136203 0.798828 0.779297
15 -5.450930 -3.257680 127.655983 0.113457 -0.975149 0.190295 0.812500 0.750000
54 -9.279930 -3.288645 129.780212 -0.369011 -0.445011 0.815963 0.812500 0.765625
body.png
54 -9.279930 -3.288645 129.780212 -0.369011 -0.445011 0.815963 0.812500 0.765625
15 -5.450930 -3.257680 127.655983 0.113457 -0.975149 0.190295 0.812500 0.750000
15 -5.340785 -0.698970 128.864639 -0.333918 -0.189638 0.923329 0.833984 0.773438
body.png
15 3.545810 7.644680 114.536453 0.554197 0.811435 0.185578 0.857422 0.583984
56 2.582210 9.373960 111.348946 0.272544 0.684732 -0.675916 0.875000 0.564453
15 0.050325 8.763005 114.506302 -0.004490 0.989358 0.145429 0.894531 0.587891
body.png
15 3.545810 7.644680 114.536453 0.554197 0.811435 0.185578 0.857422 0.583984
15 3.446250 7.626850 111.819885 0.284064 0.163257 -0.944804 0.863281 0.556641
56 2.582210 9.373960 111.348946 0.272544 0.684732 -0.675916 0.875000 0.564453
body.png
15 3.545810 7.644680 114.536453 0.554197 0.811435 0.185578 0.857422 0.583984
56 6.371940 6.828935 111.245163 0.613116 0.462245 -0.640639 0.845703 0.554688
15 3.446250 7.626850 111.819885 0.284064 0.163257 -0.944804 0.863281 0.556641
body.png
15 3.545810 7.644680 114.536453 0.554197 0.811435 0.185578 0.857422 0.583984
15 6.983230 4.552050 114.900124 0.828189 0.519951 0.209177 0.820313 0.568359
56 6.371940 6.828935 111.245163 0.613116 0.462245 -0.640639 0.845703 0.554688
body.png
15 7.321850 1.752350 115.079102 -0.378460 0.731254 0.567482 0.074219 0.966797
15 9.327520 3.011195 112.161034 -0.441730 0.896321 -0.038517 0.068359 0.912109
15 7.975030 2.423840 112.683800 -0.398812 0.917032 -0.001466 0.087891 0.916016
body.png
15 7.975030 2.423840 112.683800 -0.398812 0.917032 -0.001466 0.087891 0.916016
15 9.327520 3.011195 112.161034 -0.441730 0.896321 -0.038517 0.068359 0.912109
15 6.369870 1.012840 109.628479 -0.372710 0.818465 -0.437266 0.074219 0.851563
body.png
15 9.327520 3.011195 112.161034 -0.441730 0.896321 -0.038517 0.068359 0.912109
15 8.374235 2.100190 109.952789 0.636052 0.151268 -0.756674 0.058594 0.880859
15 6.369870 1.012840 109.628479 -0.372710 0.818465 -0.437266 0.074219 0.851563
body.png
15 6.369870 1.012840 109.628479 -0.372710 0.818465 -0.437266 0.074219 0.851563
15 8.374235 2.100190 109.952789 0.636052 0.151268 -0.756674 0.058594 0.880859
15 7.670435 1.144825 109.511841 0.665498 -0.367179 -0.649840 0.042969 0.875000
body.png
15 -4.116230 -7.583515 115.780457 -0.375307 -0.793953 -0.478313 0.308594 0.019531
15 -0.020555 -8.660470 115.755219 0.004508 -0.744681 -0.667405 0.373047 0.019531
15 -0.021530 -8.632666 121.541763 -0.002755 -0.999996 -0.000005 0.373047 0.105469
body.png
15 -4.116230 -7.583515 115.780457 -0.375307 -0.793953 -0.478313 0.308594 0.019531
15 -2.065335 -7.384535 115.403976 -0.183593 -0.469993 -0.863366 0.339844 0.013672
15 -0.020555 -8.660470 115.755219 0.004508 -0.744681 -0.667405 0.373047 0.019531
body.png
15 -4.116230 -7.583515 115.780457 -0.375307 -0.793953 -0.478313 0.308594 0.019531
15 -4.112235 -6.613825 115.464737 -0.175001 -0.267730 -0.947468 0.308594 0.013672
15 -2.065335 -7.384535 115.403976 -0.183593 -0.469993 -0.863366 0.339844 0.013672
body.png
15 -4.116230 -7.583515 115.780457 -0.375307 -0.793953 -0.478313 0.308594 0.019531
15 -6.907845 -5.512865 115.738495 -0.625588 -0.384426 -0.678864 0.263672 0.019531
15 -4.112235 -6.613825 115.464737 -0.175001 -0.267730 -0.947468 0.308594 0.013672
body.png
15 6.647060 -4.343980 115.445702 0.360118 -0.153415 -0.920206 0.265625 0.013672
15 7.616120 0.337360 115.044472 0.347933 -0.071898 -0.934758 0.238281 0.015625
15 6.892445 -5.469505 115.729378 0.773565 -0.264177 -0.576028 0.263672 0.021484
body.png
15 6.892445 -5.469505 115.729378 0.773565 -0.264177 -0.576028 0.263672 0.021484
15 7.616120 0.337360 115.044472 0.347933 -0.071898 -0.934758 0.238281 0.015625
15 8.566420 0.424145 115.386391 0.773897 0.076767 -0.628642 0.236328 0.021484
body.png
15 7.616120 0.337360 115.044472 0.347933 -0.071898 -0.934758 0.238281 0.015625
15 7.321850 1.752350 115.079102 0.266442 0.026757 -0.963480 0.201172 0.013672
15 8.566420 0.424145 115.386391 0.773897 0.076767 -0.628642 0.236328 0.021484
body.png
15 8.566420 0.424145 115.386391 0.773897 0.076767 -0.628642 0.236328 0.021484
15 7.321850 1.752350 115.079102 0.266442 0.026757 -0.963480 0.201172 0.013672
15 6.983230 4.552050 114.900124 0.768986 0.554756 -0.317659 0.201172 0.019531
body.png
15 -0.020555 -8.660470 115.755219 0.004508 -0.744681 -0.667405 0.373047 0.019531
15 1.032805 -7.849860 115.407600 0.251053 -0.638299 -0.727700 0.388672 0.013672
15 2.084835 -7.351705 115.398903 0.324331 -0.696121 -0.640488 0.404297 0.013672
body.png
15 -0.020555 -8.660470 115.755219 0.004508 -0.744681 -0.667405 0.373047 0.019531
15 -0.018415 -8.149390 115.392876 -0.006510 -0.578335 -0.815773 0.373047 0.013672
15 1.032805 -7.849860 115.407600 0.251053 -0.638299 -0.727700 0.388672 0.013672
body.png
15 -0.020555 -8.660470 115.755219 0.004508 -0.744681 -0.667405 0.373047 0.019531
15 -1.017180 -7.841550 115.407211 -0.232645 -0.606290 -0.760453 0.357422 0.013672
15 -0.018415 -8.149390 115.392876 -0.006510 -0.578335 -0.815773 0.373047 0.013672
body.png
15 -0.020555 -8.660470 115.755219 0.004508 -0.744681 -0.667405 0.373047 0.019531
15 -2.065335 -7.384535 115.403976 -0.183593 -0.469993 -0.863366 0.339844 0.013672
15 -1.017180 -7.841550 115.407211 -0.232645 -0.606290 -0.760453 0.357422 0.013672
body.png
9 -16.514635 -5.444175 3.873745 -0.343517 -0.937073 0.062377 0.746094 0.910156
9 -19.917336 -3.996090 4.151545 -0.689400 -0.677287 0.256925 0.718750 0.941406
9 -19.668539 -4.167680 3.377815 -0.542305 -0.840097 0.011928 0.722656 0.947266
body.png
9 -16.514635 -5.444175 3.873745 -0.343517 -0.937073 0.062377 0.746094 0.910156
9 -16.524275 -5.376550 5.077000 -0.235348 -0.631169 0.739078 0.744141 0.902344
9 -19.917336 -3.996090 4.151545 -0.689400 -0.677287 0.256925 0.718750 0.941406
body.png
9 -16.514635 -5.444175 3.873745 -0.343517 -0.937073 0.062377 0.746094 0.910156
9 -12.938729 -6.537685 4.400165 0.099924 -0.960055 0.261362 0.718750 0.941406
9 -16.524275 -5.376550 5.077000 -0.235348 -0.631169 0.739078 0.744141 0.902344
body.png
9 -16.514635 -5.444175 3.873745 -0.343517 -0.937073 0.062377 0.746094 0.910156
9 -13.253480 -6.492730 3.649230 -0.132642 -0.991157 -0.003740 0.722656 0.947266
9 -12.938729 -6.537685 4.400165 0.099924 -0.960055 0.261362 0.718750 0.941406
body.png
9 -19.772085 -5.687960 2.537860 -0.773713 -0.404214 0.487831 0.435547 0.937500
9 -19.813755 -6.080405 1.616310 -0.784766 -0.556655 0.272538 0.431641 0.919922
9 -17.546446 -8.400795 1.625685 -0.438268 -0.801218 0.407396 0.382813 0.900391
body.png
9 -19.772085 -5.687960 2.537860 -0.773713 -0.404214 0.487831 0.435547 0.937500
9 -20.305420 -5.097685 1.621545 -0.898120 -0.224472 0.378144 0.462891 0.937500
9 -19.813755 -6.080405 1.616310 -0.784766 -0.556655 0.272538 0.431641 0.919922
body.png
9 -19.772085 -5.687960 2.537860 -0.773713 -0.404214 0.487831 0.435547 0.937500
9 -20.273220 -3.471480 1.665455 -0.913847 -0.047908 0.403223 0.474609 0.976563
9 -20.305420 -5.097685 1.621545 -0.898120 -0.224472 0.378144 0.462891 0.937500
body.png
9 -19.772085 -5.687960 2.537860 -0.773713 -0.404214 0.487831 0.435547 0.937500
9 -19.668539 -4.167680 3.377815 -0.598887 -0.321022 0.733675 0.441406 0.972656
9 -20.273220 -3.471480 1.665455 -0.913847 -0.047908 0.403223 0.474609 0.976563
body.png
9 -14.236179 -8.816290 2.743490 0.375691 -0.816007 0.439304 0.330078 0.931641
9 -12.356271 -6.302870 1.653240 0.824470 -0.513383 0.238092 0.302734 0.968750
9 -13.253480 -6.492730 3.649230 0.246863 -0.473043 0.845748 0.330078 0.968750
body.png
9 -14.236179 -8.816290 2.743490 0.375691 -0.816007 0.439304 0.330078 0.931641
9 -13.612505 -8.185480 1.640945 0.760225 -0.646891 0.059923 0.310547 0.933594
9 -12.356271 -6.302870 1.653240 0.824470 -0.513383 0.238092 0.302734 0.968750
body.png
9 -14.236179 -8.816290 2.743490 0.375691 -0.816007 0.439304 0.330078 0.931641
9 -14.403234 -8.921700 1.588725 0.291039 -0.955646 0.045131 0.328125 0.908203
9 -13.612505 -8.185480 1.640945 0.760225 -0.646891 0.059923 0.310547 0.933594
body.png
9 -14.236179 -8.816290 2.743490 0.375691 -0.816007 0.439304 0.330078 0.931641
9 -17.546446 -8.400795 1.625685 -0.438268 -0.801218 0.407396 0.382813 0.900391
9 -14.403234 -8.921700 1.588725 0.291039 -0.955646 0.045131 0.328125 0.908203
body.png
5 19.933744 -4.022980 4.135905 0.670650 -0.705791 0.228226 0.718750 0.941406
5 20.264339 -3.461760 1.657855 0.554273 -0.566742 0.609577 0.716797 0.966797
5 20.688560 -3.124910 1.618225 0.963681 0.130802 0.232831 0.708984 0.972656
body.png
5 19.933744 -4.022980 4.135905 0.670650 -0.705791 0.228226 0.718750 0.941406
5 19.660860 -4.141645 3.360370 0.506468 -0.861006 -0.046466 0.722656 0.947266
5 20.264339 -3.461760 1.657855 0.554273 -0.566742 0.609577 0.716797 0.966797
body.png
5 19.933744 -4.022980 4.135905 0.670650 -0.705791 0.228226 0.718750 0.941406
5 16.519421 -5.469135 3.869410 0.339379 -0.939697 0.042317 0.746094 0.910156
5 19.660860 -4.141645 3.360370 0.506468 -0.861006 -0.046466 0.722656 0.947266
body.png
5 19.933744 -4.022980 4.135905 0.670650 -0.705791 0.228226 0.718750 0.941406
5 16.531746 -5.400895 5.086045 0.232464 -0.629592 0.741333 0.744141 0.902344
5 16.519421 -5.469135 3.869410 0.339379 -0.939697 0.042317 0.746094 0.910156
body.png
5 12.961260 -6.515910 4.385425 -0.094004 -0.961925 0.256638 0.718750 0.941406
5 16.519421 -5.469135 3.869410 0.339379 -0.939697 0.042317 0.746094 0.910156
5 16.531746 -5.400895 5.086045 0.232464 -0.629592 0.741333 0.744141 0.902344
body.png
5 12.961260 -6.515910 4.385425 -0.094004 -0.961925 0.256638 0.718750 0.941406
5 13.270515 -6.474500 3.632000 0.125782 -0.992054 -0.002897 0.722656 0.947266
5 16.519421 -5.469135 3.869410 0.339379 -0.939697 0.042317 0.746094 0.910156
body.png
5 12.961260 -6.515910 4.385425 -0.094004 -0.961925 0.256638 0.718750 0.941406
5 12.376266 -6.292525 1.662305 -0.068084 -0.755819 0.651231 0.716797 0.966797
5 13.270515 -6.474500 3.632000 0.125782 -0.992054 -0.002897 0.722656 0.947266
body.png
5 12.961260 -6.515910 4.385425 -0.094004 -0.961925 0.256638 0.718750 0.941406
5 11.838570 -6.270875 1.641880 -0.860169 -0.455695 0.229023 0.708984 0.972656
5 12.376266 -6.292525 1.662305 -0.068084 -0.755819 0.651231 0.716797 0.966797
body.png
3 16.567810 2.817935 12.348500 0.925435 -0.377245 0.035442 0.964844 0.148438
3 13.826900 -0.225855 14.561025 0.316769 -0.910783 0.264824 0.986328 0.099609
3 13.759490 0.119630 12.347184 0.251285 -0.967913 -0.000658 0.964844 0.099609
body.png
3 16.567810 2.817935 12.348500 0.925435 -0.377245 0.035442 0.964844 0.148438
3 16.822426 2.896525 14.551680 0.892763 -0.202447 0.402480 0.986328 0.148438
3 13.826900 -0.225855 14.561025 0.316769 -0.910783 0.264824 0.986328 0.099609
body.png
3 16.567810 2.817935 12.348500 0.925435 -0.377245 0.035442 0.964844 0.148438
3 16.080051 8.057130 14.506721 0.705833 0.609740 0.360577 0.986328 0.205078
3 16.822426 2.896525 14.551680 0.892763 -0.202447 0.402480 0.986328 0.148438
body.png
3 16.567810 2.817935 12.348500 0.925435 -0.377245 0.035442 0.964844 0.148438
3 15.845670 8.037110 12.409181 0.634928 0.769823 0.065104 0.966797 0.205078
3 16.080051 8.057130 14.506721 0.705833 0.609740 0.360577 0.986328 0.205078
body.png
7 -13.042726 -3.264335 18.501970 0.073916 0.452116 -0.888891 0.783203 0.207031
7 -12.092185 1.701850 21.106956 -0.017185 0.395541 -0.918288 0.798828 0.183594
7 -7.376445 -2.184845 18.523275 -0.167970 0.396240 -0.902652 0.763672 0.193359
body.png
7 -7.376445 -2.184845 18.523275 -0.167970 0.396240 -0.902652 0.763672 0.193359
7 -12.092185 1.701850 21.106956 -0.017185 0.395541 -0.918288 0.798828 0.183594
7 -5.370300 1.720570 19.309484 -0.244433 0.333201 -0.910620 0.757813 0.175781
body.png
7 -12.092185 1.701850 21.106956 -0.017185 0.395541 -0.918288 0.798828 0.183594
7 -9.180565 4.281300 21.339149 -0.242433 0.354929 -0.902913 0.783203 0.166016
7 -5.370300 1.720570 19.309484 -0.244433 0.333201 -0.910620 0.757813 0.175781
body.png
69 28.049034 5.006215 93.879181 0.403189 0.913811 0.048859 0.824219 0.019531
69 28.082996 4.827960 94.058273 0.848105 0.236227 0.474252 0.822266 0.035156
69 28.030231 4.923380 93.618835 0.993080 0.039013 -0.110771 0.800781 0.019531
body.png
69 28.030231 4.923380 93.618835 0.993080 0.039013 -0.110771 0.800781 0.019531
69 28.082996 4.827960 94.058273 0.848105 0.236227 0.474252 0.822266 0.035156
69 28.025911 4.619395 93.610229 0.543336 -0.641277 -0.541803 0.794922 0.044922
body.png
69 28.082996 4.827960 94.058273 0.848105 0.236227 0.474252 0.822266 0.035156
69 28.053675 4.553560 93.888428 0.433039 -0.749475 0.500764 0.810547 0.044922
69 28.025911 4.619395 93.610229 0.543336 -0.641277 -0.541803 0.794922 0.044922
body.png
69 24.578810 4.608345 93.987587 -0.498273 -0.322265 -0.804903 0.886719 0.037109
69 24.634563 4.463365 94.432983 -0.780183 -0.598223 0.182876 0.892578 0.046875
69 24.615875 5.110550 93.949966 -0.991618 0.057663 0.115627 0.873047 0.054688
body.png
69 24.615875 5.110550 93.949966 -0.991618 0.057663 0.115627 0.873047 0.054688
69 24.634563 4.463365 94.432983 -0.780183 -0.598223 0.182876 0.892578 0.046875
69 24.653709 5.262905 94.359673 -0.554404 0.700653 0.449135 0.886719 0.068359
body.png
69 24.634563 4.463365 94.432983 -0.780183 -0.598223 0.182876 0.892578 0.046875
69 24.702375 4.850185 94.679504 -0.239259 -0.118132 0.963743 0.892578 0.058594
69 24.653709 5.262905 94.359673 -0.554404 0.700653 0.449135 0.886719 0.068359
body.png
67 13.122125 0.686945 100.141998 -0.988264 -0.008158 0.152538 0.701172 0.003906
67 13.425600 0.354465 100.515976 -0.805481 -0.021624 0.592227 0.712891 0.017578
67 13.434866 1.781550 100.607330 -0.516299 0.625365 0.585111 0.693359 0.017578
body.png
67 13.434866 1.781550 100.607330 -0.516299 0.625365 0.585111 0.693359 0.017578
67 13.425600 0.354465 100.515976 -0.805481 -0.021624 0.592227 0.712891 0.017578
67 13.738345 1.449070 100.981300 -0.050501 0.210897 0.976203 0.695313 0.023438
body.png
67 13.425600 0.354465 100.515976 -0.805481 -0.021624 0.592227 0.712891 0.017578
67 13.730474 0.636735 100.974106 0.099205 -0.635280 0.765884 0.701172 0.031250
67 13.738345 1.449070 100.981300 -0.050501 0.210897 0.976203 0.695313 0.023438
body.png
6 -2.292660 -4.822885 45.942112 0.733693 -0.636348 -0.238236 0.671875 0.306641
6 -4.810960 -7.805855 46.154297 0.465509 -0.833251 -0.298318 0.648438 0.310547
6 -3.180665 -3.025995 38.407684 0.679972 -0.679294 -0.276040 0.664063 0.234375
body.png
6 -3.180665 -3.025995 38.407684 0.679972 -0.679294 -0.276040 0.664063 0.234375
6 -4.810960 -7.805855 46.154297 0.465509 -0.833251 -0.298318 0.648438 0.310547
6 -6.020570 -5.471670 38.374142 0.257359 -0.929228 -0.265146 0.642578 0.234375
body.png
6 -4.810960 -7.805855 46.154297 0.465509 -0.833251 -0.298318 0.648438 0.310547
6 -9.916005 -7.545705 46.425163 -0.259313 -0.954698 -0.145971 0.613281 0.310547
6 -6.020570 -5.471670 38.374142 0.257359 -0.929228 -0.265146 0.642578 0.234375
body.png
6 -3.180665 -3.025995 38.407684 0.622984 -0.719186 -0.307671 0.669922 0.224609
6 -6.020570 -5.471670 38.374142 0.492788 -0.816553 -0.300669 0.642578 0.226563
7 -3.609360 -2.185950 35.576027 0.633450 -0.713388 -0.299698 0.669922 0.205078
body.png
7 -3.609360 -2.185950 35.576027 0.633450 -0.713388 -0.299698 0.669922 0.205078
6 -6.020570 -5.471670 38.374142 0.492788 -0.816553 -0.300669 0.642578 0.226563
7 -6.419025 -4.695280 35.536682 0.453953 -0.849317 -0.269418 0.640625 0.207031
body.png
6 -6.020570 -5.471670 38.374142 0.492788 -0.816553 -0.300669 0.642578 0.226563
6 -11.207000 -6.402060 38.356060 -0.213946 -0.951371 -0.221634 0.605469 0.226563
7 -6.419025 -4.695280 35.536682 0.453953 -0.849317 -0.269418 0.640625 0.207031
body.png
17 18.051346 5.427360 83.777992 0.102415 -0.502005 -0.858780 0.322266 0.408203
17 22.889095 5.487835 82.780502 -0.083962 -0.689423 -0.719476 0.341797 0.423828
17 23.327639 0.800910 87.482941 -0.028602 -0.946303 -0.322013 0.322266 0.455078
body.png
17 23.327639 0.800910 87.482941 -0.028602 -0.946303 -0.322013 0.322266 0.455078
17 22.889095 5.487835 82.780502 -0.083962 -0.689423 -0.719476 0.341797 0.423828
18 26.540501 0.248325 87.350807 -0.095272 -0.950964 -0.294264 0.345703 0.466797
body.png
17 22.889095 5.487835 82.780502 -0.083962 -0.689423 -0.719476 0.341797 0.423828
18 24.843040 5.480960 82.871613 -0.044750 -0.665981 -0.744625 0.345703 0.425781
18 26.540501 0.248325 87.350807 -0.095272 -0.950964 -0.294264 0.345703 0.466797
body.png
17 17.772020 10.233801 84.855080 -0.035521 0.674955 -0.737003 0.283203 0.619141
17 18.178190 11.464105 91.428421 0.045567 0.998898 0.011217 0.275391 0.576172
17 22.622950 10.119630 85.489868 -0.021452 0.798152 -0.602074 0.310547 0.607422
body.png
17 22.622950 10.119630 85.489868 -0.021452 0.798152 -0.602074 0.310547 0.607422
17 18.178190 11.464105 91.428421 0.045567 0.998898 0.011217 0.275391 0.576172
17 22.888716 11.446800 90.317963 -0.037044 0.987171 0.155312 0.304688 0.574219
body.png
17 18.178190 11.464105 91.428421 0.045567 0.998898 0.011217 0.275391 0.576172
17 20.537815 8.519315 96.087334 0.354696 0.510217 0.783498 0.281250 0.535156
17 22.888716 11.446800 90.317963 -0.037044 0.987171 0.155312 0.304688 0.574219
body.png
18 24.843040 5.480960 82.871613 0.050686 0.479214 -0.876233 0.333984 0.638672
18 26.130322 10.024695 85.485497 0.193285 0.760310 -0.620137 0.332031 0.603516
61 31.645966 4.284180 83.007416 -0.197997 0.519022 -0.831513 0.378906 0.630859
body.png
61 31.645966 4.284180 83.007416 -0.197997 0.519022 -0.831513 0.378906 0.630859
18 26.130322 10.024695 85.485497 0.193285 0.760310 -0.620137 0.332031 0.603516
61 32.435452 8.813525 85.704948 -0.543127 0.663081 -0.515108 0.373047 0.597656
body.png
18 26.130322 10.024695 85.485497 0.193285 0.760310 -0.620137 0.332031 0.603516
61 32.566166 10.029705 90.009171 -0.258712 0.954028 0.151323 0.365234 0.568359
61 32.435452 8.813525 85.704948 -0.543127 0.663081 -0.515108 0.373047 0.597656
body.png
1 9.000000 9.409105 57.840103 0.451033 0.870843 -0.195453 0.808594 0.421875
1 1.950000 10.309105 57.590107 -0.024477 0.964638 -0.262438 0.839844 0.433594
1 8.349999 9.609105 64.390106 0.479135 0.869955 0.116656 0.796875 0.453125
body.png
1 8.349999 9.609105 64.390106 0.479135 0.869955 0.116656 0.796875 0.453125
1 1.950000 10.309105 57.590107 -0.024477 0.964638 -0.262438 0.839844 0.433594
1 0.000000 10.909105 64.140106 0.036809 0.998519 0.040071 0.837891 0.470703
body.png
1 1.950000 10.309105 57.590107 -0.024477 0.964638 -0.262438 0.839844 0.433594
1 0.000000 9.559105 57.490105 -0.313048 0.886678 -0.340297 0.849609 0.437500
1 0.000000 10.909105 64.140106 0.036809 0.998519 0.040071 0.837891 0.470703
body.png
2 2.345115 -4.816430 45.944046 -0.702458 -0.605414 -0.374200 0.673828 0.312500
2 3.197240 -3.035910 38.404087 -0.657440 -0.695086 -0.290910 0.691406 0.275391
2 4.828050 -7.817625 46.138618 -0.412191 -0.851333 -0.324546 0.687500 0.322266
body.png
2 4.828050 -7.817625 46.138618 -0.412191 -0.851333 -0.324546 0.687500 0.322266
2 3.197240 -3.035910 38.404087 -0.657440 -0.695086 -0.290910 0.691406 0.275391
2 6.052165 -5.451335 38.415627 -0.400185 -0.866060 -0.299655 0.708984 0.285156
body.png
2 3.197240 -3.035910 38.404087 -0.657440 -0.695086 -0.290910 0.691406 0.275391
3 3.630320 -2.169645 35.600605 -0.635202 -0.712730 -0.297549 0.699219 0.259766
2 6.052165 -5.451335 38.415627 -0.400185 -0.866060 -0.299655 0.708984 0.285156
body.png
36 -17.747944 10.273665 84.856750 0.031399 0.674772 -0.737358 0.283203 0.619141
36 -18.176050 11.458595 91.387260 -0.044209 0.998947 0.012294 0.275391 0.576172
11 -11.955990 9.863425 85.103531 0.042279 0.727419 -0.684890 0.246094 0.632813
body.png
11 -11.955990 9.863425 85.103531 0.042279 0.727419 -0.684890 0.246094 0.632813
36 -18.176050 11.458595 91.387260 -0.044209 0.998947 0.012294 0.275391 0.576172
13 -12.599781 11.874950 93.755630 -0.041808 0.969584 0.241163 0.236328 0.576172
body.png
36 -18.176050 11.458595 91.387260 -0.044209 0.998947 0.012294 0.275391 0.576172
36 -20.505781 8.497195 96.063263 -0.353885 0.508799 0.784786 0.281250 0.535156
13 -12.599781 11.874950 93.755630 -0.041808 0.969584 0.241163 0.236328 0.576172
body.png
60 -32.557384 10.044109 90.033936 0.246947 0.956617 0.154597 0.365234 0.568359
37 -26.162464 10.000805 85.502174 -0.193004 0.760513 -0.619975 0.332031 0.603516
60 -32.408710 8.835065 85.719002 0.539620 0.666686 -0.514140 0.373047 0.597656
body.png
60 -32.408710 8.835065 85.719002 0.539620 0.666686 -0.514140 0.373047 0.597656
37 -26.162464 10.000805 85.502174 -0.193004 0.760513 -0.619975 0.332031 0.603516
60 -31.634563 4.264970 83.002403 0.201428 0.520333 -0.829867 0.378906 0.630859
body.png
37 -26.162464 10.000805 85.502174 -0.193004 0.760513 -0.619975 0.332031 0.603516
37 -24.813465 5.472725 82.838219 -0.042549 0.481933 -0.875175 0.333984 0.638672
60 -31.634563 4.264970 83.002403 0.201428 0.520333 -0.829867 0.378906 0.630859
body.png
31 52.627586 4.608070 85.021507 0.812069 0.075798 0.578618 0.042969 0.615234
30 50.995411 4.930230 87.270004 0.754751 0.039660 0.654811 0.041016 0.601563
31 52.736858 3.654260 84.993095 0.806285 0.048408 0.589543 0.050781 0.617188
body.png
31 52.736858 3.654260 84.993095 0.806285 0.048408 0.589543 0.050781 0.617188
30 50.995411 4.930230 87.270004 0.754751 0.039660 0.654811 0.041016 0.601563
30 51.015553 3.526985 87.292213 0.694335 0.020036 0.719373 0.052734 0.601563
body.png
30 50.995411 4.930230 87.270004 0.754751 0.039660 0.654811 0.041016 0.601563
29 48.694340 5.221960 89.158394 0.487509 0.022837 0.872819 0.039063 0.582031
30 51.015553 3.526985 87.292213 0.694335 0.020036 0.719373 0.052734 0.601563
body.png
19 38.691422 1.333480 87.063301 -0.092452 -0.941660 0.323617 0.093750 0.494141
21 42.049427 -1.189685 84.961380 -0.195803 -0.856514 0.477541 0.117188 0.521484
19 43.322632 -0.314750 87.150909 -0.090144 -0.914598 0.394189 0.101563 0.535156
body.png
19 43.322632 -0.314750 87.150909 -0.090144 -0.914598 0.394189 0.101563 0.535156
21 42.049427 -1.189685 84.961380 -0.195803 -0.856514 0.477541 0.117188 0.521484
21 43.660286 -1.066720 85.689392 0.381957 -0.731180 0.565229 0.113281 0.539063
body.png
21 42.049427 -1.189685 84.961380 -0.195803 -0.856514 0.477541 0.117188 0.521484
21 44.382263 -2.199240 83.980980 -0.043691 -0.805920 0.590409 0.130859 0.544922
21 43.660286 -1.066720 85.689392 0.381957 -0.731180 0.565229 0.113281 0.539063
body.png
31 51.644474 4.695460 84.905975 -0.075493 0.430108 -0.899616 0.109375 0.439453
30 49.997551 5.082535 86.766441 -0.379849 0.733963 -0.563038 0.111328 0.423828
31 52.627586 4.608070 85.021507 0.163861 0.860530 -0.482325 0.109375 0.447266
body.png
31 52.627586 4.608070 85.021507 0.163861 0.860530 -0.482325 0.109375 0.447266
30 49.997551 5.082535 86.766441 -0.379849 0.733963 -0.563038 0.111328 0.423828
30 50.995411 4.930230 87.270004 0.143686 0.989612 0.004797 0.111328 0.433594
body.png
30 49.997551 5.082535 86.766441 -0.379849 0.733963 -0.563038 0.111328 0.423828
29 48.041805 5.320195 87.809486 -0.044969 0.739862 -0.671254 0.113281 0.408203
30 50.995411 4.930230 87.270004 0.143686 0.989612 0.004797 0.111328 0.433594
body.png
40 -44.821400 -1.759280 84.552017 -0.491391 -0.325877 0.807675 0.119141 0.550781
40 -43.673820 -1.090640 85.673843 -0.381988 -0.732024 0.564115 0.113281 0.539063
40 -44.396950 -0.149915 85.104095 -0.824444 -0.191998 0.532380 0.105469 0.546875
body.png
40 -44.396950 -0.149915 85.104095 -0.824444 -0.191998 0.532380 0.105469 0.546875
40 -43.673820 -1.090640 85.673843 -0.381988 -0.732024 0.564115 0.113281 0.539063
38 -44.261776 0.357255 86.716850 -0.753648 -0.557190 0.348647 0.101563 0.544922
body.png
40 -43.673820 -1.090640 85.673843 -0.381988 -0.732024 0.564115 0.113281 0.539063
38 -43.305470 -0.324005 87.192619 0.086075 -0.916680 0.390241 0.101563 0.535156
38 -44.261776 0.357255 86.716850 -0.753648 -0.557190 0.348647 0.101563 0.544922
body.png
45 -48.895462 3.078305 89.272301 -0.424491 -0.015110 0.905306 0.058594 0.583984
46 -51.483311 2.600295 87.581978 -0.671896 -0.018651 0.740411 0.060547 0.607422
46 -51.402763 1.148225 87.583542 -0.604224 -0.035755 0.796012 0.074219 0.607422
body.png
46 -51.402763 1.148225 87.583542 -0.604224 -0.035755 0.796012 0.074219 0.607422
46 -51.483311 2.600295 87.581978 -0.671896 -0.018651 0.740411 0.060547 0.607422
47 -53.617004 1.132990 85.275764 -0.729769 -0.013185 0.683566 0.072266 0.626953
body.png
46 -51.483311 2.600295 87.581978 -0.671896 -0.018651 0.740411 0.060547 0.607422
47 -53.590717 2.193290 85.284271 -0.738041 0.012885 0.674633 0.062500 0.625000
47 -53.617004 1.132990 85.275764 -0.729769 -0.013185 0.683566 0.072266 0.626953
body.png
38 -43.941513 3.762015 90.680435 -0.094164 0.016427 0.995421 0.056641 0.541016
38 -39.454090 5.227975 90.254456 -0.061777 0.327259 0.942913 0.044922 0.500000
38 -43.438393 6.948160 90.348244 0.001653 0.252271 0.967655 0.027344 0.533203
body.png
38 -43.438393 6.948160 90.348244 0.001653 0.252271 0.967655 0.027344 0.533203
38 -39.454090 5.227975 90.254456 -0.061777 0.327259 0.942913 0.044922 0.500000
38 -39.716583 7.059745 88.528709 -0.024925 0.683621 0.729411 0.029297 0.501953
body.png
38 -39.454090 5.227975 90.254456 -0.061777 0.327259 0.942913 0.044922 0.500000
37 -37.124008 7.852765 89.141251 -0.289742 0.580081 0.761286 0.023438 0.478516
38 -39.716583 7.059745 88.528709 -0.024925 0.683621 0.729411 0.029297 0.501953
body.png
45 -48.319645 3.122545 87.773476 -0.016810 0.719421 -0.694371 0.091797 0.412109
46 -50.555920 2.695795 86.919922 0.285130 0.732777 -0.617850 0.087891 0.431641
46 -51.483311 2.600295 87.581978 -0.151950 0.986929 -0.053696 0.087891 0.439453
body.png
46 -51.483311 2.600295 87.581978 -0.151950 0.986929 -0.053696 0.087891 0.439453
46 -50.555920 2.695795 86.919922 0.285130 0.732777 -0.617850 0.087891 0.431641
47 -53.590717 2.193290 85.284271 -0.273064 0.856391 -0.438214 0.085938 0.457031
body.png
46 -50.555920 2.695795 86.919922 0.285130 0.732777 -0.617850 0.087891 0.431641
47 -52.762699 2.302585 84.972122 -0.121278 0.410329 -0.903837 0.085938 0.451172
47 -53.590717 2.193290 85.284271 -0.273064 0.856391 -0.438214 0.085938 0.457031
body.png
15 -7.975245 2.389200 112.692505 0.446480 0.894793 0.000746 0.087891 0.916016
15 -6.330225 1.014675 109.631943 0.391417 0.815251 -0.426800 0.074219 0.851563
15 -9.272530 3.036955 112.163391 0.463286 0.885699 -0.030073 0.068359 0.912109
body.png
15 -9.272530 3.036955 112.163391 0.463286 0.885699 -0.030073 0.068359 0.912109
15 -6.330225 1.014675 109.631943 0.391417 0.815251 -0.426800 0.074219 0.851563
15 -8.325830 2.118250 109.955513 -0.633767 0.184429 -0.751216 0.058594 0.880859
body.png
15 -6.330225 1.014675 109.631943 0.391417 0.815251 -0.426800 0.074219 0.851563
15 -7.679640 1.157405 109.514809 -0.661187 -0.362560 -0.656797 0.042969 0.875000
15 -8.325830 2.118250 109.955513 -0.633767 0.184429 -0.751216 0.058594 0.880859
body.png
15 5.449180 -3.252220 127.652176 -0.065644 -0.991725 0.110333 0.980469 0.751953
54 9.220250 -3.293620 129.523712 0.408496 -0.604345 0.684031 0.978516 0.767578
15 4.859245 -0.693485 129.263809 0.321882 -0.299725 0.898085 0.958984 0.773438
body.png
15 4.859245 -0.693485 129.263809 0.321882 -0.299725 0.898085 0.958984 0.773438
54 9.220250 -3.293620 129.523712 0.408496 -0.604345 0.684031 0.978516 0.767578
15 8.408930 -0.921925 126.168243 0.958150 -0.278845 0.064759 0.994141 0.781250
body.png
54 9.220250 -3.293620 129.523712 0.408496 -0.604345 0.684031 0.978516 0.767578
15 5.449180 -3.252220 127.652176 -0.065644 -0.991725 0.110333 0.980469 0.751953
15 8.408930 -0.921925 126.168243 0.958150 -0.278845 0.064759 0.994141 0.781250
body.png
15 4.843905 7.324810 117.846313 0.624556 0.500506 0.599520 0.773438 0.878906
55 5.475855 7.848065 116.751137 0.923181 0.382472 0.038116 0.779297 0.876953
15 3.595580 7.712375 117.247162 -0.227316 0.708790 -0.667791 0.775391 0.890625
body.png
15 3.595580 7.712375 117.247162 -0.227316 0.708790 -0.667791 0.775391 0.890625
55 5.475855 7.848065 116.751137 0.923181 0.382472 0.038116 0.779297 0.876953
15 4.890955 6.582590 117.531044 0.449707 0.213298 -0.867333 0.781250 0.871094
body.png
55 5.475855 7.848065 116.751137 0.923181 0.382472 0.038116 0.779297 0.876953
15 4.843905 7.324810 117.846313 0.624556 0.500506 0.599520 0.773438 0.878906
15 4.890955 6.582590 117.531044 0.449707 0.213298 -0.867333 0.781250 0.871094
body.png
15 -2.218895 -7.984080 121.415588 -0.179416 -0.855526 -0.485680 0.865234 0.597656
54 -6.107020 -10.255195 123.753624 -0.407487 -0.864681 -0.293738 0.837891 0.623047
15 -4.167245 -7.573070 121.418037 -0.155280 -0.582483 -0.797873 0.837891 0.595703
body.png
15 -4.167245 -7.573070 121.418037 -0.155280 -0.582483 -0.797873 0.837891 0.595703
54 -6.107020 -10.255195 123.753624 -0.407487 -0.864681 -0.293738 0.837891 0.623047
15 -5.862070 -6.316120 120.917892 -0.738887 -0.362818 -0.567811 0.810547 0.603516
body.png
54 -6.107020 -10.255195 123.753624 -0.407487 -0.864681 -0.293738 0.837891 0.623047
15 -6.259740 -5.565725 124.706200 -0.954336 -0.264083 0.139654 0.816406 0.646484
15 -5.862070 -6.316120 120.917892 -0.738887 -0.362818 -0.567811 0.810547 0.603516
body.png
15 -3.604565 7.691910 117.251663 0.233785 0.709988 -0.664275 0.775391 0.480469
55 -5.474255 7.842810 116.754929 -0.918505 0.390187 0.064044 0.779297 0.494141
15 -4.806220 7.314281 117.850349 -0.612591 0.497936 0.613834 0.773438 0.494141
body.png
15 -4.806220 7.314281 117.850349 -0.612591 0.497936 0.613834 0.773438 0.494141
55 -5.474255 7.842810 116.754929 -0.918505 0.390187 0.064044 0.779297 0.494141
15 -4.859165 6.572465 117.535065 -0.502837 0.395472 -0.768607 0.781250 0.501953
body.png
55 -5.474255 7.842810 116.754929 -0.918505 0.390187 0.064044 0.779297 0.494141
15 -3.604565 7.691910 117.251663 0.233785 0.709988 -0.664275 0.775391 0.480469
15 -4.859165 6.572465 117.535065 -0.502837 0.395472 -0.768607 0.781250 0.501953
body.png
15 -0.951145 8.428365 115.049515 -0.711592 -0.078101 -0.698238 0.761719 0.083984
15 -0.951245 8.452010 116.104004 -0.932318 -0.083822 0.351790 0.765625 0.130859
15 -1.046255 9.632215 115.008286 -0.870373 0.339331 -0.356798 0.750000 0.097656
body.png
15 -1.046255 9.632215 115.008286 -0.870373 0.339331 -0.356798 0.750000 0.097656
15 -0.951245 8.452010 116.104004 -0.932318 -0.083822 0.351790 0.765625 0.130859
15 -1.046750 9.562405 116.124130 -0.711856 0.347530 0.610314 0.753906 0.123047
body.png
15 -0.951245 8.452010 116.104004 -0.932318 -0.083822 0.351790 0.765625 0.130859
15 0.049905 8.754786 116.571472 0.018394 -0.046106 0.998767 0.738281 0.154297
15 -1.046750 9.562405 116.124130 -0.711856 0.347530 0.610314 0.753906 0.123047
body.png
59 -5.055750 10.147905 113.370369 -0.602617 0.196694 0.773411 0.775391 0.078125
59 -4.500835 11.360830 113.428574 -0.526258 0.428108 0.734694 0.755859 0.085938
59 -7.048715 11.735425 110.112625 -0.727188 0.130504 -0.673918 0.730469 0.017578
body.png
59 -7.048715 11.735425 110.112625 -0.727188 0.130504 -0.673918 0.730469 0.017578
59 -4.500835 11.360830 113.428574 -0.526258 0.428108 0.734694 0.755859 0.085938
59 -3.445220 12.729360 113.115860 0.525247 0.359547 -0.771260 0.734375 0.093750
body.png
59 -4.500835 11.360830 113.428574 -0.526258 0.428108 0.734694 0.755859 0.085938
57 -1.122650 11.722980 114.660759 0.355571 0.852805 0.382482 0.732422 0.134766
59 -3.445220 12.729360 113.115860 0.525247 0.359547 -0.771260 0.734375 0.093750
body.png
59 -7.048715 11.735425 110.112625 -0.727188 0.130504 -0.673918 0.730469 0.017578
59 -3.445220 12.729360 113.115860 0.525247 0.359547 -0.771260 0.734375 0.093750
59 -4.151185 11.251205 112.937935 0.466010 -0.386928 -0.795689 0.716797 0.083984
body.png
59 -4.151185 11.251205 112.937935 0.466010 -0.386928 -0.795689 0.716797 0.083984
59 -3.445220 12.729360 113.115860 0.525247 0.359547 -0.771260 0.734375 0.093750
57 -1.878800 10.201225 114.538330 0.371975 -0.193348 -0.907883 0.708984 0.134766
body.png
59 -3.445220 12.729360 113.115860 0.525247 0.359547 -0.771260 0.734375 0.093750
57 -1.122650 11.722980 114.660759 0.355571 0.852805 0.382482 0.732422 0.134766
57 -1.878800 10.201225 114.538330 0.371975 -0.193348 -0.907883 0.708984 0.134766
body.png
15 0.054400 9.767830 114.488518 0.022218 0.267185 -0.963389 0.730469 0.089844
15 0.057160 10.498361 115.560341 0.025381 0.999420 0.022696 0.732422 0.113281
15 1.053730 9.623700 115.008682 0.883730 0.315921 -0.345277 0.714844 0.105469
body.png
15 1.053730 9.623700 115.008682 0.883730 0.315921 -0.345277 0.714844 0.105469
15 0.057160 10.498361 115.560341 0.025381 0.999420 0.022696 0.732422 0.113281
15 1.053235 9.553890 116.124535 0.737790 0.325581 0.591323 0.716797 0.132813
body.png
15 0.057160 10.498361 115.560341 0.025381 0.999420 0.022696 0.732422 0.113281
15 0.053995 9.765460 116.603333 0.021520 0.449084 0.893230 0.736328 0.136719
15 1.053235 9.553890 116.124535 0.737790 0.325581 0.591323 0.716797 0.132813
body.png
15 9.327520 3.011195 112.161034 -0.441730 0.896321 -0.038517 0.068359 0.912109
15 7.321850 1.752350 115.079102 -0.378460 0.731254 0.567482 0.074219 0.966797
15 9.376980 2.988245 114.530014 0.047039 0.799300 0.599088 0.064453 0.939453
body.png
15 9.376980 2.988245 114.530014 0.047039 0.799300 0.599088 0.064453 0.939453
15 7.321850 1.752350 115.079102 -0.378460 0.731254 0.567482 0.074219 0.966797
15 8.572520 1.925525 115.310051 -0.215979 0.338333 0.915906 0.058594 0.953125
body.png
15 7.321850 1.752350 115.079102 -0.378460 0.731254 0.567482 0.074219 0.966797
15 7.616120 0.337360 115.044472 0.721817 -0.526298 0.449434 0.039063 0.962891
15 8.572520 1.925525 115.310051 -0.215979 0.338333 0.915906 0.058594 0.953125
body.png
15 7.066610 0.209655 109.672630 0.722303 0.608513 -0.328618 0.343750 0.884766
15 6.366285 0.045515 107.829369 0.724490 0.516846 -0.456054 0.328125 0.863281
15 6.369870 1.012840 109.628479 0.770719 0.560559 -0.302930 0.347656 0.875000
body.png
15 6.369870 1.012840 109.628479 0.770719 0.560559 -0.302930 0.347656 0.875000
15 6.366285 0.045515 107.829369 0.724490 0.516846 -0.456054 0.328125 0.863281
15 4.481900 3.979495 109.530945 0.657211 0.673237 -0.338859 0.371094 0.853516
body.png
15 6.366285 0.045515 107.829369 0.724490 0.516846 -0.456054 0.328125 0.863281
14 3.421310 3.750290 107.430588 0.703274 0.668765 -0.241161 0.363281 0.828125
15 4.481900 3.979495 109.530945 0.657211 0.673237 -0.338859 0.371094 0.853516
body.png
15 1.893635 6.858350 109.091560 -0.168932 -0.061213 -0.983725 0.876953 0.517578
15 4.786325 5.058995 109.302887 0.016875 -0.078178 -0.996797 0.851563 0.515625
15 4.481900 3.979495 109.530945 -0.038778 -0.152287 -0.987575 0.849609 0.500000
body.png
15 4.481900 3.979495 109.530945 -0.038778 -0.152287 -0.987575 0.849609 0.500000
15 4.786325 5.058995 109.302887 0.016875 -0.078178 -0.996797 0.851563 0.515625
15 6.526405 2.624630 109.639755 0.271000 -0.347138 -0.897805 0.832031 0.511719
body.png
15 4.786325 5.058995 109.302887 0.016875 -0.078178 -0.996797 0.851563 0.515625
56 6.961080 4.012800 108.304535 0.681169 0.225950 -0.696388 0.835938 0.515625
15 6.526405 2.624630 109.639755 0.271000 -0.347138 -0.897805 0.832031 0.511719
body.png
58 4.086985 11.044025 118.330917 0.718248 -0.008862 -0.695731 0.775391 0.078125
58 3.541545 12.147350 117.848549 0.641463 0.213742 -0.736776 0.755859 0.085938
58 5.497210 13.697229 121.239822 0.627434 0.373692 0.683141 0.730469 0.017578
body.png
58 5.497210 13.697229 121.239822 0.627434 0.373692 0.683141 0.730469 0.017578
58 3.541545 12.147350 117.848549 0.641463 0.213742 -0.736776 0.755859 0.085938
58 2.446980 13.474945 117.541290 -0.648549 0.572250 0.501911 0.734375 0.093750
body.png
58 3.541545 12.147350 117.848549 0.641463 0.213742 -0.736776 0.755859 0.085938
57 0.477725 11.874580 116.001770 -0.309985 0.668229 -0.676298 0.732422 0.134766
58 2.446980 13.474945 117.541290 -0.648549 0.572250 0.501911 0.734375 0.093750
body.png
58 5.497210 13.697229 121.239822 0.627434 0.373692 0.683141 0.730469 0.017578
58 2.446980 13.474945 117.541290 -0.648549 0.572250 0.501911 0.734375 0.093750
58 3.091465 12.146359 118.251572 -0.582224 -0.149772 0.799114 0.716797 0.083984
body.png
58 3.091465 12.146359 118.251572 -0.582224 -0.149772 0.799114 0.716797 0.083984
58 2.446980 13.474945 117.541290 -0.648549 0.572250 0.501911 0.734375 0.093750
57 1.122225 10.551845 116.761703 -0.542271 0.078405 0.836537 0.708984 0.134766
body.png
58 2.446980 13.474945 117.541290 -0.648549 0.572250 0.501911 0.734375 0.093750
57 0.477725 11.874580 116.001770 -0.309985 0.668229 -0.676298 0.732422 0.134766
57 1.122225 10.551845 116.761703 -0.542271 0.078405 0.836537 0.708984 0.134766
body.png
66 0.000000 10.859550 71.593445 -0.000243 0.904189 -0.427132 0.160156 0.724609
66 0.000000 12.359550 74.043442 -0.000191 0.967017 -0.254712 0.160156 0.705078
66 9.250000 10.109550 74.293442 0.437742 0.831839 -0.341212 0.216797 0.707031
body.png
66 9.250000 10.109550 74.293442 0.437742 0.831839 -0.341212 0.216797 0.707031
66 0.000000 12.359550 74.043442 -0.000191 0.967017 -0.254712 0.160156 0.705078
66 9.650000 10.659555 79.093445 0.510500 0.852339 0.113612 0.220703 0.675781
body.png
66 0.000000 12.359550 74.043442 -0.000191 0.967017 -0.254712 0.160156 0.705078
66 0.000000 12.809555 78.893440 -0.000343 0.984126 0.177470 0.160156 0.673828
66 9.650000 10.659555 79.093445 0.510500 0.852339 0.113612 0.220703 0.675781
body.png
65 -7.000000 -10.241800 73.427231 -0.577554 -0.814029 -0.061545 0.203125 0.312500
10 -13.600000 -2.165575 74.713470 -0.975465 -0.214043 -0.051509 0.265625 0.318359
10 -13.450001 -2.315575 72.513474 -0.898645 -0.395459 -0.189869 0.261719 0.300781
body.png
10 -13.450001 -2.315575 72.513474 -0.898645 -0.395459 -0.189869 0.261719 0.300781
10 -13.600000 -2.165575 74.713470 -0.975465 -0.214043 -0.051509 0.265625 0.318359
66 -12.150001 5.509550 72.143448 -0.971242 0.113384 -0.209362 0.308594 0.296875
body.png
10 -13.600000 -2.165575 74.713470 -0.975465 -0.214043 -0.051509 0.265625 0.318359
66 -13.049999 5.709550 74.693443 -0.995619 0.082549 -0.043908 0.312500 0.316406
66 -12.150001 5.509550 72.143448 -0.971242 0.113384 -0.209362 0.308594 0.296875
body.png
66 -13.049999 5.709550 74.693443 -0.764587 0.609820 -0.208628 0.250000 0.710938
66 -9.250000 10.109550 74.293442 -0.437498 0.831524 -0.342290 0.216797 0.705078
66 -7.850000 9.509550 71.843445 -0.526221 0.753390 -0.394329 0.207031 0.724609
body.png
66 -7.850000 9.509550 71.843445 -0.526221 0.753390 -0.394329 0.207031 0.724609
66 -9.250000 10.109550 74.293442 -0.437498 0.831524 -0.342290 0.216797 0.705078
66 0.000000 10.859550 71.593445 -0.000243 0.904189 -0.427132 0.160156 0.724609
body.png
66 -9.250000 10.109550 74.293442 -0.437498 0.831524 -0.342290 0.216797 0.705078
66 0.000000 12.359550 74.043442 -0.000191 0.967017 -0.254712 0.160156 0.705078
66 0.000000 10.859550 71.593445 -0.000243 0.904189 -0.427132 0.160156 0.724609
body.png
1 -7.150000 8.659110 69.290100 -0.346192 0.898044 0.271418 0.296875 0.677734
1 -11.350000 4.859110 69.440109 -0.766641 0.551052 0.329551 0.320313 0.679688
1 -6.750000 8.059110 71.740112 -0.504596 0.811521 0.294647 0.296875 0.716797
body.png
1 -6.750000 8.059110 71.740112 -0.504596 0.811521 0.294647 0.296875 0.716797
1 -11.350000 4.859110 69.440109 -0.766641 0.551052 0.329551 0.320313 0.679688
1 -10.450000 4.559110 71.940109 -0.860659 0.354939 0.365081 0.320313 0.720703
body.png
1 -11.350000 4.859110 69.440109 -0.766641 0.551052 0.329551 0.320313 0.679688
1 -12.750000 -2.690890 69.390114 -0.871157 -0.329029 0.364453 0.351563 0.677734
1 -10.450000 4.559110 71.940109 -0.860659 0.354939 0.365081 0.320313 0.720703
body.png
9 -20.427790 -6.778845 1.515595 -0.610291 -0.411147 0.677128 0.767578 0.972656
9 -20.687500 -5.168705 1.514435 -0.755315 -0.094106 0.648571 0.744141 0.972656
9 -20.495340 -6.797030 0.018060 -0.924130 -0.379264 0.046290 0.767578 0.996094
body.png
9 -20.495340 -6.797030 0.018060 -0.924130 -0.379264 0.046290 0.767578 0.996094
9 -20.687500 -5.168705 1.514435 -0.755315 -0.094106 0.648571 0.744141 0.972656
9 -20.755045 -5.186890 0.016905 -0.998562 -0.039562 0.036180 0.744141 0.996094
body.png
9 -20.687500 -5.168705 1.514435 -0.755315 -0.094106 0.648571 0.744141 0.972656
9 -20.661663 -3.108705 1.666885 -0.958862 0.138140 0.247992 0.708984 0.972656
9 -20.755045 -5.186890 0.016905 -0.998562 -0.039562 0.036180 0.744141 0.996094
body.png
3 11.351105 8.481260 9.544895 -0.320133 0.945519 0.059233 0.484375 0.910156
3 15.606370 7.858590 9.548525 0.823432 0.563879 0.063243 0.537109 0.900391
4 15.812170 8.163925 3.537320 0.672674 0.738911 0.039000 0.535156 0.953125
body.png
4 15.812170 8.163925 3.537320 0.672674 0.738911 0.039000 0.535156 0.953125
3 15.606370 7.858590 9.548525 0.823432 0.563879 0.063243 0.537109 0.900391
4 16.825510 4.140445 2.706800 0.945144 0.314814 0.087153 0.593750 0.962891
body.png
3 15.606370 7.858590 9.548525 0.823432 0.563879 0.063243 0.537109 0.900391
3 16.563150 3.392100 9.546215 0.877471 -0.160392 0.452017 0.601563 0.894531
4 16.825510 4.140445 2.706800 0.945144 0.314814 0.087153 0.593750 0.962891
body.png
4 9.664860 2.518725 0.020240 -0.957209 -0.289230 0.009849 0.593750 0.996094
5 10.568880 -1.694140 0.015125 -0.968715 -0.248091 0.006462 0.652344 0.996094
5 10.691660 -2.075130 2.254495 -0.958601 -0.251940 0.132707 0.658203 0.964844
body.png
5 10.691660 -2.075130 2.254495 -0.958601 -0.251940 0.132707 0.658203 0.964844
5 10.568880 -1.694140 0.015125 -0.968715 -0.248091 0.006462 0.652344 0.996094
5 11.838570 -6.270875 1.641880 -0.860169 -0.455695 0.229023 0.708984 0.972656
body.png
5 10.568880 -1.694140 0.015125 -0.968715 -0.248091 0.006462 0.652344 0.996094
5 11.795925 -6.080385 0.028845 -0.944403 -0.328500 -0.013826 0.708984 0.996094
5 11.838570 -6.270875 1.641880 -0.860169 -0.455695 0.229023 0.708984 0.972656
body.png
6 -1.420320 -5.501080 46.725746 0.517219 -0.587946 -0.621936 0.630859 0.318359
1 0.000000 -8.840896 53.440113 -0.008971 -0.882997 -0.469293 0.648438 0.355469
6 -4.219395 -8.120150 47.083687 0.316072 -0.867958 -0.383077 0.615234 0.328125
body.png
6 -4.219395 -8.120150 47.083687 0.316072 -0.867958 -0.383077 0.615234 0.328125
1 0.000000 -8.840896 53.440113 -0.008971 -0.882997 -0.469293 0.648438 0.355469
6 -3.022485 -9.707750 54.793549 -0.008022 -0.962125 -0.272491 0.630859 0.365234
body.png
1 0.000000 9.559105 57.490105 0.315037 0.886552 -0.338788 0.443359 0.435547
1 0.000000 8.509100 55.240105 0.186623 0.560175 -0.807078 0.439453 0.425781
6 -1.789310 9.100170 55.236607 0.292329 0.774256 -0.561312 0.447266 0.419922
body.png
6 -1.789310 9.100170 55.236607 0.292329 0.774256 -0.561312 0.447266 0.419922
1 0.000000 8.509100 55.240105 0.186623 0.560175 -0.807078 0.439453 0.425781
1 0.000000 -8.840896 53.440113 0.834117 0.132828 -0.535355 0.353516 0.400391
body.png
3 7.390435 -2.160240 18.522724 -0.299769 -0.513269 -0.804173 0.763672 0.193359
3 5.394825 1.723960 19.330805 -0.468454 -0.113361 -0.876185 0.757813 0.175781
3 12.120080 1.706715 21.128901 0.015446 0.395792 -0.918210 0.798828 0.183594
body.png
3 12.120080 1.706715 21.128901 0.015446 0.395792 -0.918210 0.798828 0.183594
3 5.394825 1.723960 19.330805 -0.468454 -0.113361 -0.876185 0.757813 0.175781
3 9.196130 4.257815 21.315670 0.243244 0.345160 -0.906475 0.783203 0.166016
body.png
6 -18.367414 -2.449760 52.034973 0.005126 -0.997517 -0.070237 0.664063 0.494141
6 -19.549725 -1.238370 34.744232 0.005127 -0.997517 -0.070237 0.496094 0.494141
6 -14.871759 -2.408320 51.701546 0.005127 -0.997517 -0.070237 0.664063 0.523438
body.png
6 -14.871759 -2.408320 51.701546 0.005127 -0.997517 -0.070237 0.664063 0.523438
6 -19.549725 -1.238370 34.744232 0.005127 -0.997517 -0.070237 0.496094 0.494141
6 -16.054070 -1.196925 34.410812 0.005127 -0.997517 -0.070237 0.494141 0.523438
body.png
6 -14.871759 -2.408320 51.701546 0.997673 0.008987 -0.067590 0.009766 0.792969
6 -16.054070 -1.196925 34.410812 0.997635 0.010567 -0.067913 0.044922 0.792969
6 -14.895580 2.423850 51.992413 0.997635 0.010567 -0.067913 0.009766 0.646484
body.png
6 -14.895580 2.423850 51.992413 0.997635 0.010567 -0.067913 0.009766 0.646484
6 -16.054070 -1.196925 34.410812 0.997635 0.010567 -0.067913 0.044922 0.792969
6 -16.089020 3.586150 34.751335 0.997595 0.012147 -0.068235 0.044922 0.646484
body.png
6 -14.895580 2.423850 51.992413 -0.005378 0.997696 0.067632 0.664063 0.587891
6 -16.089020 3.586150 34.751335 0.001229 0.997651 0.068494 0.494141 0.589844
6 -18.391235 2.382405 52.325844 0.001229 0.997651 0.068494 0.664063 0.619141
body.png
6 -18.391235 2.382405 52.325844 0.001229 0.997651 0.068494 0.664063 0.619141
6 -16.089020 3.586150 34.751335 0.001229 0.997651 0.068494 0.494141 0.589844
6 -19.573545 3.593795 35.035103 0.007837 0.997561 0.069353 0.496094 0.619141
body.png
64 6.417105 10.313245 57.465092 0.132041 0.370157 -0.919537 0.224609 0.853516
64 11.417110 10.713244 59.915089 0.717271 0.322082 -0.617887 0.193359 0.871094
64 10.667105 8.663245 59.615093 0.818158 -0.202647 -0.538099 0.177734 0.861328
body.png
64 10.667105 8.663245 59.615093 0.818158 -0.202647 -0.538099 0.177734 0.861328
64 11.417110 10.713244 59.915089 0.717271 0.322082 -0.617887 0.193359 0.871094
64 12.267105 10.063246 63.265091 0.976215 0.216636 -0.008573 0.179688 0.910156
body.png
37 -26.356535 8.474720 94.204803 -0.204416 0.392546 0.896728 0.324219 0.539063
36 -25.030405 11.802130 90.121452 -0.107507 0.955219 0.275679 0.318359 0.574219
37 -26.272785 11.375705 90.025719 -0.285171 0.956881 0.055282 0.326172 0.574219
body.png
37 -26.272785 11.375705 90.025719 -0.285171 0.956881 0.055282 0.326172 0.574219
36 -25.030405 11.802130 90.121452 -0.107507 0.955219 0.275679 0.318359 0.574219
36 -24.682455 10.549475 85.564880 -0.059667 0.854427 -0.516135 0.322266 0.603516
body.png
26 48.873306 3.089000 89.279999 0.427756 -0.017289 0.903729 0.058594 0.583984
20 46.405029 3.469025 89.991333 0.295719 0.027762 0.954872 0.056641 0.562500
20 46.470219 1.586035 90.042274 0.241040 -0.040120 0.969685 0.072266 0.564453
body.png
20 46.470219 1.586035 90.042274 0.241040 -0.040120 0.969685 0.072266 0.564453
20 46.405029 3.469025 89.991333 0.295719 0.027762 0.954872 0.056641 0.562500
19 43.982643 3.709450 90.674431 0.092832 0.005911 0.995664 0.056641 0.541016
body.png
24 51.438072 -0.817545 88.084717 -0.157274 -0.985164 -0.068675 0.052734 0.441406
23 48.923973 -0.517365 89.304184 -0.105799 -0.992883 -0.054688 0.054688 0.419922
23 48.669605 -0.407170 87.795647 -0.182230 -0.720803 -0.668756 0.054688 0.417969
body.png
23 48.669605 -0.407170 87.795647 -0.182230 -0.720803 -0.668756 0.054688 0.417969
23 48.923973 -0.517365 89.304184 -0.105799 -0.992883 -0.054688 0.054688 0.419922
20 46.444839 -0.256305 87.884125 0.184571 -0.381526 -0.905744 0.054688 0.400391
body.png
21 44.378944 -1.064875 83.302231 -0.160288 0.529340 -0.833131 0.039063 0.378906
21 42.300270 0.518355 83.980476 -0.094386 0.260612 -0.960819 0.058594 0.363281
21 44.404415 -0.147175 85.082588 0.396460 0.844210 -0.360733 0.048828 0.378906
body.png
21 44.404415 -0.147175 85.082588 0.396460 0.844210 -0.360733 0.048828 0.378906
21 42.300270 0.518355 83.980476 -0.094386 0.260612 -0.960819 0.058594 0.363281
19 44.271885 0.329345 86.727753 0.561909 0.049153 -0.825738 0.058594 0.380859
body.png
25 52.902145 -0.058050 86.617729 0.069866 0.548407 -0.833288 0.062500 0.453125
24 51.164299 0.347150 87.524765 0.055996 0.924496 -0.377056 0.066406 0.437500
25 53.317482 -0.196505 86.979431 0.644067 0.602733 -0.471053 0.062500 0.457031
body.png
25 53.317482 -0.196505 86.979431 0.644067 0.602733 -0.471053 0.062500 0.457031
24 51.164299 0.347150 87.524765 0.055996 0.924496 -0.377056 0.066406 0.437500
24 51.664806 0.127775 88.234604 0.286320 0.954105 0.087773 0.064453 0.443359
body.png
43 -51.441154 -0.843865 88.099030 0.170505 -0.980189 -0.100785 0.052734 0.441406
42 -48.690002 -0.414200 87.798073 0.183458 -0.709422 -0.680488 0.054688 0.417969
42 -48.940334 -0.508775 89.290855 0.111977 -0.992731 -0.044116 0.054688 0.419922
body.png
42 -48.940334 -0.508775 89.290855 0.111977 -0.992731 -0.044116 0.054688 0.419922
42 -48.690002 -0.414200 87.798073 0.183458 -0.709422 -0.680488 0.054688 0.417969
39 -46.463528 -0.254835 87.898514 -0.184028 -0.383396 -0.905064 0.054688 0.400391
body.png
40 -44.361732 -1.114115 83.305046 0.169633 0.522990 -0.835288 0.039063 0.378906
40 -44.396950 -0.149915 85.104095 -0.404577 0.833927 -0.375343 0.048828 0.378906
40 -42.306858 0.490060 83.986298 0.094247 0.246359 -0.964585 0.058594 0.363281
body.png
40 -42.306858 0.490060 83.986298 0.094247 0.246359 -0.964585 0.058594 0.363281
40 -44.396950 -0.149915 85.104095 -0.404577 0.833927 -0.375343 0.048828 0.378906
38 -44.261776 0.357255 86.716850 -0.559364 0.048224 -0.827518 0.058594 0.380859
body.png
43 -50.802170 -0.611755 87.260696 0.374927 -0.280561 -0.883581 0.054688 0.435547
43 -51.170052 0.371485 87.577560 -0.077694 0.935847 -0.343737 0.066406 0.437500
42 -49.266834 0.857320 88.301071 -0.143982 0.814920 -0.561404 0.068359 0.421875
body.png
42 -49.266834 0.857320 88.301071 -0.143982 0.814920 -0.561404 0.068359 0.421875
43 -51.170052 0.371485 87.577560 -0.077694 0.935847 -0.343737 0.066406 0.437500
43 -51.638290 0.149765 88.226860 -0.290800 0.951737 0.098147 0.064453 0.443359
body.png
38 -44.257683 2.091075 86.810944 -0.403742 0.163344 -0.900173 0.076172 0.378906
38 -43.148872 7.042660 87.079880 -0.154036 0.600482 -0.784662 0.125000 0.365234
38 -39.616066 2.833510 86.000603 0.140777 0.156504 -0.977593 0.080078 0.343750
body.png
38 -39.616066 2.833510 86.000603 0.140777 0.156504 -0.977593 0.080078 0.343750
38 -43.148872 7.042660 87.079880 -0.154036 0.600482 -0.784662 0.125000 0.365234
38 -39.425919 6.441315 85.776787 0.024803 0.552586 -0.833086 0.117188 0.333984
body.png
45 -48.319645 3.122545 87.773476 -0.016810 0.719421 -0.694371 0.091797 0.412109
39 -46.209713 3.613595 87.651917 -0.250801 0.004232 -0.968029 0.093750 0.394531
39 -46.292896 1.726745 87.671082 -0.282190 -0.014927 -0.959242 0.074219 0.396484
body.png
39 -46.292896 1.726745 87.671082 -0.282190 -0.014927 -0.959242 0.074219 0.396484
39 -46.209713 3.613595 87.651917 -0.250801 0.004232 -0.968029 0.093750 0.394531
38 -44.257683 2.091075 86.810944 -0.403742 0.163344 -0.900173 0.076172 0.378906
body.png
15 -7.483820 0.240050 111.989204 -0.826716 -0.554257 -0.096642 0.021484 0.906250
15 -7.679640 1.157405 109.514809 -0.661187 -0.362560 -0.656797 0.042969 0.875000
15 -7.033475 0.217170 109.675835 -0.478947 -0.457464 -0.749224 0.031250 0.865234
body.png
15 -7.033475 0.217170 109.675835 -0.478947 -0.457464 -0.749224 0.031250 0.865234
15 -7.679640 1.157405 109.514809 -0.661187 -0.362560 -0.656797 0.042969 0.875000
15 -6.330225 1.014675 109.631943 0.073345 -0.119171 -0.990161 0.037109 0.849609
body.png
15 6.240355 -5.566755 124.702690 0.944951 -0.272072 0.181778 0.976563 0.646484
54 5.243030 -10.210350 124.953369 0.374834 -0.919568 -0.117876 0.953125 0.623047
15 5.888035 -6.314105 120.914246 0.759585 -0.524486 -0.384636 0.982422 0.603516
body.png
15 5.888035 -6.314105 120.914246 0.759585 -0.524486 -0.384636 0.982422 0.603516
54 5.243030 -10.210350 124.953369 0.374834 -0.919568 -0.117876 0.953125 0.623047
15 4.182685 -7.606930 121.419601 0.245642 -0.743771 -0.621663 0.955078 0.595703
body.png
15 1.908780 -0.751335 130.379105 0.176803 0.262955 0.948470 0.929688 0.746094
54 5.714030 -4.710095 131.906982 0.595544 -0.584019 0.551588 0.949219 0.710938
15 4.859245 -0.693485 129.263809 0.749237 0.467903 0.468734 0.970703 0.732422
body.png
15 4.859245 -0.693485 129.263809 0.749237 0.467903 0.468734 0.970703 0.732422
54 5.714030 -4.710095 131.906982 0.595544 -0.584019 0.551588 0.949219 0.710938
15 5.449180 -3.252220 127.652176 0.964780 -0.047883 0.258664 0.972656 0.693359
body.png
15 -3.307400 -4.811350 128.644104 -0.443594 -0.573755 0.688498 0.853516 0.687500
15 -5.450930 -3.257680 127.655983 -0.969121 -0.052694 0.240888 0.820313 0.693359
54 -6.750165 -8.317460 129.063431 -0.592963 -0.415290 0.689876 0.837891 0.664063
body.png
54 -6.750165 -8.317460 129.063431 -0.592963 -0.415290 0.689876 0.837891 0.664063
15 -5.450930 -3.257680 127.655983 -0.969121 -0.052694 0.240888 0.820313 0.693359
15 -6.259740 -5.565725 124.706200 -0.954336 -0.264083 0.139654 0.816406 0.646484
body.png
15 -5.862070 -6.316120 120.917892 -0.118163 -0.947600 -0.296801 0.794922 0.683594
15 -6.259740 -5.565725 124.706200 -0.345347 -0.840954 0.416571 0.751953 0.677734
54 -10.991055 -6.341810 123.041878 -0.771953 -0.601602 -0.205337 0.773438 0.658203
body.png
54 -10.991055 -6.341810 123.041878 -0.771953 -0.601602 -0.205337 0.773438 0.658203
15 -6.259740 -5.565725 124.706200 -0.345347 -0.840954 0.416571 0.751953 0.677734
15 -8.143400 -1.565195 123.983307 -0.977973 -0.201370 0.054948 0.748047 0.626953
body.png
56 -6.378155 6.830975 111.248627 -0.608447 0.471362 -0.638444 0.943359 0.554688
15 -3.403895 7.604970 111.824455 -0.283668 0.156392 -0.946083 0.925781 0.558594
15 -5.661945 5.639580 112.157547 -0.377590 0.296565 -0.877198 0.943359 0.541016
body.png
15 -5.661945 5.639580 112.157547 -0.377590 0.296565 -0.877198 0.943359 0.541016
15 -3.403895 7.604970 111.824455 -0.283668 0.156392 -0.946083 0.925781 0.558594
15 -2.555505 7.210130 111.921112 -0.322969 0.615606 -0.718833 0.917969 0.546875
body.png
15 -7.975245 2.389200 112.692505 -0.751660 -0.233624 -0.616788 0.974609 0.533203
15 -6.523690 2.627885 109.643166 -0.269017 -0.350481 -0.897103 0.955078 0.511719
15 -6.330225 1.014675 109.631943 -0.550690 -0.060250 -0.832533 0.966797 0.503906
body.png
15 -6.330225 1.014675 109.631943 -0.550690 -0.060250 -0.832533 0.966797 0.503906
15 -6.523690 2.627885 109.643166 -0.269017 -0.350481 -0.897103 0.955078 0.511719
15 -4.468225 3.966130 109.535126 0.037088 -0.150405 -0.987929 0.937500 0.501953
body.png
56 8.509705 3.811605 111.348587 0.977253 0.211939 -0.007637 0.824219 0.541016
15 7.975030 2.423840 112.683800 0.751578 -0.235861 -0.616036 0.814453 0.533203
15 6.884915 4.843860 112.247726 0.240854 -0.008207 -0.970527 0.830078 0.548828
body.png
15 6.884915 4.843860 112.247726 0.240854 -0.008207 -0.970527 0.830078 0.548828
15 7.975030 2.423840 112.683800 0.751578 -0.235861 -0.616036 0.814453 0.533203
15 5.638165 5.643415 112.153816 0.374830 0.300073 -0.877188 0.843750 0.541016
body.png
15 7.466255 0.229090 111.986153 0.836574 -0.539594 -0.094775 0.021484 0.906250
15 7.066610 0.209655 109.672630 0.493238 -0.446806 -0.746378 0.031250 0.865234
15 7.670435 1.144825 109.511841 0.665498 -0.367179 -0.649840 0.042969 0.875000
body.png
15 7.670435 1.144825 109.511841 0.665498 -0.367179 -0.649840 0.042969 0.875000
15 7.066610 0.209655 109.672630 0.493238 -0.446806 -0.746378 0.031250 0.865234
15 6.369870 1.012840 109.628479 -0.076505 -0.120772 -0.989728 0.037109 0.849609
body.png
15 6.050005 8.988750 121.325058 0.291355 0.942389 0.164363 0.812500 0.648438
55 8.179485 8.866035 119.500061 0.749959 0.284089 -0.597373 0.837891 0.621094
15 3.595580 7.712375 117.247162 0.199121 0.646692 -0.736302 0.810547 0.603516
body.png
15 3.595580 7.712375 117.247162 0.199121 0.646692 -0.736302 0.810547 0.603516
55 8.179485 8.866035 119.500061 0.749959 0.284089 -0.597373 0.837891 0.621094
15 4.843905 7.324810 117.846313 0.354898 0.209552 -0.911118 0.835938 0.595703
body.png
15 -4.806220 7.314281 117.850349 -0.356318 0.197820 -0.913184 0.835938 0.595703
15 -4.859165 6.572465 117.535065 -0.608581 -0.223921 -0.761241 0.863281 0.593750
55 -8.170580 8.882669 119.502853 -0.749222 0.278518 -0.600911 0.837891 0.621094
body.png
55 -8.170580 8.882669 119.502853 -0.749222 0.278518 -0.600911 0.837891 0.621094
15 -4.859165 6.572465 117.535065 -0.608581 -0.223921 -0.761241 0.863281 0.593750
15 -6.608145 6.989415 121.010658 -0.924434 -0.364154 -0.113200 0.863281 0.638672
body.png
1 0.000000 -10.190889 69.690109 -0.000337 -0.963635 0.267221 0.402344 0.697266
1 5.850000 -8.790890 68.040115 0.408504 -0.878895 0.246310 0.382813 0.671875
1 5.600000 -8.340890 70.290108 0.515579 -0.817982 0.255116 0.378906 0.707031
body.png
1 5.600000 -8.340890 70.290108 0.515579 -0.817982 0.255116 0.378906 0.707031
1 5.850000 -8.790890 68.040115 0.408504 -0.878895 0.246310 0.382813 0.671875
1 12.750000 -2.690890 69.390114 0.872779 -0.328607 0.360936 0.351563 0.677734
body.png
9 -20.661663 -3.108705 1.666885 -0.958862 0.138140 0.247992 0.708984 0.972656
9 -20.273220 -3.471480 1.665455 -0.574321 -0.527198 0.626273 0.716797 0.966797
9 -19.917336 -3.996090 4.151545 -0.689400 -0.677287 0.256925 0.718750 0.941406
body.png
9 -19.917336 -3.996090 4.151545 -0.689400 -0.677287 0.256925 0.718750 0.941406
9 -20.273220 -3.471480 1.665455 -0.574321 -0.527198 0.626273 0.716797 0.966797
9 -19.668539 -4.167680 3.377815 -0.542305 -0.840097 0.011928 0.722656 0.947266
body.png
8 -9.657855 2.510335 0.043810 0.957705 -0.287532 0.011254 0.593750 0.996094
9 -10.688175 -2.024420 2.248905 0.958654 -0.248901 0.137952 0.658203 0.964844
9 -10.540085 -1.691615 0.006180 0.969814 -0.243630 0.010203 0.652344 0.996094
body.png
9 -10.540085 -1.691615 0.006180 0.969814 -0.243630 0.010203 0.652344 0.996094
9 -10.688175 -2.024420 2.248905 0.958654 -0.248901 0.137952 0.658203 0.964844
9 -11.775940 -6.246535 1.646415 0.861705 -0.451151 0.232222 0.708984 0.972656
body.png
9 -13.253480 -6.492730 3.649230 -0.132642 -0.991157 -0.003740 0.722656 0.947266
9 -12.356271 -6.302870 1.653240 0.092442 -0.751648 0.653054 0.716797 0.966797
9 -12.938729 -6.537685 4.400165 0.099924 -0.960055 0.261362 0.718750 0.941406
body.png
9 -12.938729 -6.537685 4.400165 0.099924 -0.960055 0.261362 0.718750 0.941406
9 -12.356271 -6.302870 1.653240 0.092442 -0.751648 0.653054 0.716797 0.966797
9 -11.775940 -6.246535 1.646415 0.861705 -0.451151 0.232222 0.708984 0.972656
body.png
7 -16.114334 8.047771 14.547686 -0.704153 0.601057 0.378020 0.986328 0.205078
7 -11.186705 9.175300 14.501266 0.314717 0.912991 0.259616 0.984375 0.253906
7 -15.859245 8.010965 12.403840 -0.637467 0.767869 0.063348 0.966797 0.205078
body.png
7 -15.859245 8.010965 12.403840 -0.637467 0.767869 0.063348 0.966797 0.205078
7 -11.186705 9.175300 14.501266 0.314717 0.912991 0.259616 0.984375 0.253906
7 -11.252010 8.774220 12.529625 0.274909 0.961349 -0.015271 0.966797 0.253906
body.png
5 18.444592 0.850535 0.033010 0.886401 0.462516 -0.019285 0.652344 0.996094
5 18.742460 0.426750 2.268895 0.891273 0.442689 0.098285 0.658203 0.964844
5 20.688560 -3.124910 1.618225 0.963681 0.130802 0.232831 0.708984 0.972656
body.png
5 20.688560 -3.124910 1.618225 0.963681 0.130802 0.232831 0.708984 0.972656
5 18.742460 0.426750 2.268895 0.891273 0.442689 0.098285 0.658203 0.964844
5 18.179859 -0.597985 5.956835 0.792176 0.059285 0.607406 0.667969 0.923828
body.png
5 19.660860 -4.141645 3.360370 0.606521 -0.316341 0.729425 0.441406 0.972656
5 16.519421 -5.469135 3.869410 0.177597 -0.382944 0.906539 0.386719 0.964844
5 17.167765 -7.695200 2.802050 0.299687 -0.508242 0.807390 0.384766 0.927734
body.png
5 17.167765 -7.695200 2.802050 0.299687 -0.508242 0.807390 0.384766 0.927734
5 16.519421 -5.469135 3.869410 0.177597 -0.382944 0.906539 0.386719 0.964844
5 13.270515 -6.474500 3.632000 -0.257326 -0.460072 0.849774 0.330078 0.968750
body.png
3 16.080051 8.057130 14.506721 0.705833 0.609740 0.360577 0.986328 0.205078
3 15.845670 8.037110 12.409181 0.634928 0.769823 0.065104 0.966797 0.205078
3 11.247906 9.181994 14.500785 -0.307560 0.916868 0.254482 0.984375 0.253906
body.png
3 11.247906 9.181994 14.500785 -0.307560 0.916868 0.254482 0.984375 0.253906
3 15.845670 8.037110 12.409181 0.634928 0.769823 0.065104 0.966797 0.205078
3 11.323339 8.786655 12.528345 -0.270180 0.962703 -0.014315 0.966797 0.253906
body.png
3 7.765670 5.595415 10.246020 -0.917257 0.117254 -0.380646 0.943359 0.205078
3 10.084435 0.816735 10.250640 -0.621419 -0.665431 -0.413570 0.943359 0.148438
3 10.016055 1.057270 12.520540 -0.590909 -0.806522 -0.018697 0.966797 0.148438
body.png
3 10.016055 1.057270 12.520540 -0.590909 -0.806522 -0.018697 0.966797 0.148438
3 10.084435 0.816735 10.250640 -0.621419 -0.665431 -0.413570 0.943359 0.148438
3 14.359860 -0.061350 10.297355 0.225681 -0.940868 -0.252658 0.943359 0.099609
body.png
15 0.002980 -3.367580 104.709412 -0.002569 -0.996452 -0.084127 0.230469 0.839844
13 -2.655510 -1.615280 99.673187 -0.484042 -0.814838 0.318972 0.263672 0.781250
13 -0.010140 -2.782850 99.256279 -0.005030 -0.886909 0.461916 0.230469 0.791016
body.png
69 24.615875 5.110550 93.949966 -0.030219 0.891396 -0.452216 0.886719 0.083984
69 27.386501 5.234025 94.008209 0.771366 0.611400 -0.176595 0.972656 0.072266
69 27.309950 4.982565 93.632828 0.661568 0.553636 -0.505782 0.972656 0.083984
body.png
69 28.030231 4.923380 93.618835 -0.112813 -0.138589 -0.983904 0.777344 0.052734
69 27.308395 4.642330 93.741188 -0.117056 -0.496172 -0.860297 0.814453 0.085938
69 27.309950 4.982565 93.632828 -0.043391 -0.303002 -0.952002 0.791016 0.093750
body.png
67 17.357481 1.571615 98.480949 0.533728 -0.691922 0.486188 0.802734 0.142578
67 13.370075 3.707935 101.389847 0.004678 -0.164616 0.986347 0.855469 0.201172
67 14.952705 1.610725 100.166328 -0.243993 -0.820782 0.516512 0.816406 0.181641
body.png
67 19.236870 6.419305 97.408440 0.938613 0.110381 0.326835 0.859375 0.089844
67 17.654240 8.516515 98.631958 0.622777 0.782380 -0.005556 0.896484 0.107422
67 15.290145 8.610781 100.299942 0.302846 0.636049 0.709737 0.912109 0.148438
body.png
67 13.122125 0.686945 100.141998 -0.988264 -0.008158 0.152538 0.701172 0.003906
67 13.434866 1.781550 100.607330 -0.516299 0.625365 0.585111 0.693359 0.017578
67 13.129990 1.499275 100.149216 -0.683747 0.629891 -0.368412 0.695313 0.011719
body.png
67 18.099064 1.318065 97.112274 0.849039 0.025668 -0.527706 0.599609 0.058594
67 17.930410 0.713010 96.811493 0.345762 -0.395553 -0.850874 0.605469 0.050781
67 17.951200 1.530950 96.866684 0.215150 0.060301 -0.974718 0.605469 0.062500
body.png
68 20.902824 1.768970 94.453278 -0.549763 0.024470 -0.834962 0.917969 0.328125
67 18.089306 0.856950 97.064545 -0.618119 -0.310781 -0.722042 0.939453 0.375000
67 18.099064 1.318065 97.112274 -0.692888 0.088730 -0.715565 0.929688 0.371094
body.png
69 23.200386 2.549250 93.916473 -0.161905 0.007168 -0.986780 0.923828 0.294922
68 20.904480 1.365875 94.456573 -0.271628 -0.543817 -0.794028 0.931641 0.333984
68 20.902824 1.768970 94.453278 -0.549763 0.024470 -0.834962 0.917969 0.328125
body.png
69 25.669630 4.717795 93.931587 -0.054044 0.499487 -0.864634 0.955078 0.269531
69 23.355341 2.202365 93.890808 0.138959 -0.455526 -0.879310 0.935547 0.304688
69 23.200386 2.549250 93.916473 -0.161905 0.007168 -0.986780 0.923828 0.294922
body.png
1 -7.050000 -9.290895 62.640114 -0.399825 -0.913190 0.078888 0.611328 0.410156
1 -14.200000 -3.390895 64.240112 -0.881728 -0.435547 0.181256 0.566406 0.423828
6 -7.673840 -9.289280 56.983810 -0.404114 -0.914702 -0.003521 0.607422 0.380859
body.png
6 -13.275675 4.874995 58.100830 -0.860028 0.510246 0.000426 0.515625 0.408203
1 -8.550000 9.609105 64.390106 -0.484220 0.867070 0.117134 0.496094 0.451172
1 -8.950000 9.409105 57.840103 -0.448330 0.869867 -0.205747 0.486328 0.419922
body.png
7 -6.419025 -4.695280 35.536682 0.453953 -0.849317 -0.269418 0.640625 0.207031
63 -4.671410 0.292520 27.641312 0.733774 -0.663179 0.147544 0.669922 0.173828
7 -3.609360 -2.185950 35.576027 0.633450 -0.713388 -0.299698 0.669922 0.205078
body.png
6 -14.473995 4.607785 48.758583 -0.824226 0.540286 -0.169536 0.503906 0.361328
6 -8.516456 8.606225 55.757706 -0.311427 0.923928 -0.222195 0.480469 0.410156
6 -9.743695 8.614245 48.845665 -0.238857 0.912772 -0.331353 0.474609 0.375000
body.png
6 -4.166655 6.173585 39.628571 0.741480 0.664565 -0.092524 0.427734 0.240234
6 -2.292660 -4.822885 45.942112 0.987990 0.101460 -0.116541 0.349609 0.304688
6 -3.180665 -3.025995 38.407684 0.989092 0.117752 -0.088491 0.369141 0.236328
body.png
63 -4.890475 5.564490 28.121796 0.830136 0.407488 0.380563 0.417969 0.179688
7 -3.609360 -2.185950 35.576027 0.990870 0.098837 -0.091693 0.376953 0.207031
63 -4.671410 0.292520 27.641312 0.956202 0.013082 0.292415 0.380859 0.179688
body.png
13 7.273645 5.627060 101.232979 0.122169 -0.128764 0.984121 0.341797 0.730469
13 4.553715 0.692605 100.707977 0.725724 -0.218079 0.652508 0.302734 0.775391
13 9.053660 0.636190 99.958122 0.177005 -0.474031 0.862533 0.298828 0.726563
body.png
13 11.454930 0.985980 100.872765 0.419832 -0.274996 0.864938 0.222656 0.494141
13 6.880650 -5.192155 96.567932 0.494424 -0.814534 0.303445 0.203125 0.447266
13 14.355470 1.040995 99.304703 0.592028 -0.486509 0.642505 0.240234 0.492188
body.png
13 10.146560 10.959169 94.461166 -0.120070 0.926788 0.355876 0.220703 0.578125
13 12.600414 11.872086 93.748657 0.042059 0.969791 0.240286 0.236328 0.576172
11 10.050474 11.401075 90.915024 0.047467 0.993000 -0.108155 0.224609 0.597656
body.png
18 26.925751 1.559985 92.409073 -0.033202 -0.699933 0.713436 0.337891 0.496094
17 23.327639 0.800910 87.482941 -0.028602 -0.946303 -0.322013 0.322266 0.455078
18 26.540501 0.248325 87.350807 -0.095272 -0.950964 -0.294264 0.345703 0.466797
body.png
17 22.888716 11.446800 90.317963 -0.037044 0.987171 0.155312 0.304688 0.574219
17 24.680746 10.573020 85.560059 0.058049 0.856141 -0.513471 0.322266 0.603516
17 22.622950 10.119630 85.489868 -0.021452 0.798152 -0.602074 0.310547 0.607422
body.png
3 3.630320 -2.169645 35.600605 -0.990861 0.098138 -0.092538 0.914063 0.328125
3 4.907350 5.550400 28.141211 -0.831046 0.405203 0.381016 0.886719 0.281250
3 4.692865 0.303755 27.659836 -0.956064 0.012211 0.292905 0.914063 0.283203
body.png
2 6.052165 -5.451335 38.415627 -0.400185 -0.866060 -0.299655 0.708984 0.285156
2 9.961665 -8.326159 46.407722 0.231395 -0.961491 -0.148297 0.712891 0.332031
2 4.828050 -7.817625 46.138618 -0.412191 -0.851333 -0.324546 0.687500 0.322266
body.png
67 12.725700 9.262610 100.393440 -0.994268 -0.025706 0.103783 0.701172 0.003906
67 17.618484 8.553920 97.230232 0.275297 -0.353694 -0.893931 0.601563 0.005859
67 12.758514 8.505435 100.368835 -0.671200 -0.611543 -0.418935 0.695313 0.011719
body.png
6 -14.895580 2.423850 51.992413 0.095483 -0.059342 0.993661 0.691406 0.587891
6 -18.367414 -2.449760 52.034973 -0.364815 -0.057736 0.929288 0.664063 0.523438
6 -14.871759 -2.408320 51.701546 0.095482 -0.059342 0.993661 0.691406 0.523438
body.png
64 10.117105 7.413245 69.665085 -0.310589 -0.949663 -0.040936 0.166016 0.916016
64 5.717105 8.963250 71.415092 -0.296539 -0.950183 0.096008 0.167969 0.916016
64 1.417105 10.113245 69.515091 -0.295940 -0.954909 -0.023857 0.169922 0.916016
body.png
64 10.667105 8.663245 59.615093 -0.303766 -0.936997 -0.172517 0.166016 0.910156
64 1.967105 11.363245 59.465088 -0.291720 -0.947329 -0.132168 0.169922 0.910156
64 6.417105 10.313245 57.465092 -0.290648 -0.944901 -0.150619 0.167969 0.908203
body.png
64 1.417105 10.113245 69.515091 -0.820373 0.353466 0.449499 0.271484 0.960938
64 5.717105 8.963250 71.415092 0.116235 0.383114 0.916359 0.226563 0.968750
64 2.217105 12.463245 68.965088 -0.290022 0.756904 0.585648 0.255859 0.951172
body.png
13 -0.019060 -5.102815 96.660088 0.001367 0.929806 0.368047 0.433594 0.765625
62 4.980325 -5.276945 103.650856 -0.380141 0.164278 0.910223 0.498047 0.724609
13 5.689900 -2.867780 97.452171 -0.679476 0.721151 0.135102 0.498047 0.767578
body.png
36 -18.015375 5.409210 83.775986 -0.102817 -0.502254 -0.858586 0.322266 0.408203
36 -23.315804 0.821255 87.475128 0.024480 -0.944976 -0.326221 0.322266 0.455078
36 -22.864046 5.458130 82.831009 0.091341 -0.691161 -0.716906 0.341797 0.423828
body.png
36 -22.864046 5.458130 82.831009 0.091341 -0.691161 -0.716906 0.341797 0.423828
37 -26.544899 0.257745 87.338341 0.101041 -0.950792 -0.292891 0.345703 0.466797
37 -24.813465 5.472725 82.838219 0.051837 -0.670355 -0.740227 0.345703 0.425781
body.png
60 -31.634563 4.264970 83.002403 0.663041 -0.494209 -0.562259 0.380859 0.439453
60 -31.879265 -0.891465 86.607437 0.564013 -0.800373 -0.203205 0.382813 0.470703
60 -32.294434 4.025040 81.756607 0.386028 -0.603811 -0.697420 0.382813 0.435547
body.png
60 -32.294434 4.025040 81.756607 0.386028 -0.603811 -0.697420 0.382813 0.435547
60 -37.434101 -1.585365 86.083237 -0.813085 -0.413042 -0.410230 0.412109 0.474609
60 -37.505043 3.181400 82.246841 -0.998849 0.008625 -0.047177 0.416016 0.439453
body.png
60 -37.505043 3.181400 82.246841 -0.998849 0.008625 -0.047177 0.416016 0.439453
37 -36.401279 1.204275 86.840126 -0.916702 0.348706 0.195095 0.425781 0.476563
37 -36.014080 3.682790 85.098129 -0.841642 0.392317 0.371114 0.431641 0.453125
body.png
11 -5.979025 -8.023100 81.034683 -0.709497 -0.680997 0.181263 0.205078 0.361328
13 -11.655479 -1.989985 91.060402 -0.543559 -0.835678 0.078651 0.248047 0.429688
11 -12.249250 -0.722760 84.536369 -0.690661 -0.657790 -0.300500 0.269531 0.396484
body.png
10 -12.400000 5.634425 79.463470 -0.997435 0.034152 0.062904 0.314453 0.351563
11 -12.249250 -0.722760 84.536369 -0.690661 -0.657790 -0.300500 0.269531 0.396484
11 -12.873686 5.535225 83.747246 -0.987331 -0.112614 -0.111784 0.312500 0.378906
body.png
11 -10.049755 11.384564 90.931473 -0.043095 0.993163 -0.108493 0.222656 0.597656
11 -11.955990 9.863425 85.103531 -0.378756 0.842613 -0.382815 0.248047 0.632813
13 -12.599781 11.874950 93.755630 -0.041808 0.969584 0.241163 0.236328 0.576172
body.png
65 6.750000 -9.941800 77.427231 0.436475 -0.828469 0.350897 0.205078 0.337891
11 -0.035695 -9.666730 80.442848 0.216249 -0.905922 0.364064 0.162109 0.359375
65 0.000000 -11.841801 76.827232 0.241523 -0.943527 0.226766 0.160156 0.333984
body.png
19 38.886700 2.266625 90.044258 -0.077614 -0.561333 0.823943 0.072266 0.496094
18 37.018963 5.322855 90.866249 0.159030 0.060247 0.985434 0.046875 0.478516
18 36.643120 1.691885 89.828331 0.093380 -0.837707 0.538077 0.078125 0.476563
body.png
25 53.317482 -0.196505 86.979431 0.547161 -0.217158 0.808367 0.083984 0.625000
24 51.438072 -0.817545 88.084717 0.471930 -0.212631 0.855611 0.095703 0.609375
25 53.097023 -1.080795 86.935539 0.541560 -0.175818 0.822071 0.095703 0.623047
body.png
33 50.236549 6.803195 87.109390 0.762194 -0.044613 0.645810 0.025391 0.593750
34 51.347534 5.723880 85.399841 0.830596 -0.026110 0.556264 0.035156 0.603516
34 51.382309 6.471790 85.333397 0.841032 0.008950 0.540911 0.027344 0.603516
body.png
19 38.691422 1.333480 87.063301 -0.332316 -0.307075 -0.891780 0.050781 0.333984
18 36.381027 1.167040 86.833611 0.121804 -0.558027 -0.820834 0.046875 0.314453
18 35.999500 3.660630 85.081779 0.118249 -0.146316 -0.982145 0.085938 0.308594
body.png
22 46.955048 -3.126665 82.476883 0.089110 -0.481574 -0.871863 0.015625 0.406250
22 47.503033 -2.405115 82.413063 0.577546 0.218103 -0.786684 0.031250 0.414063
22 47.340408 -2.960195 82.653763 0.527126 -0.463336 -0.712360 0.021484 0.414063
body.png
27 51.436340 1.185285 87.536812 -0.091464 -0.995678 -0.016104 0.074219 0.439453
26 48.755310 1.380820 89.253571 -0.112457 -0.991555 -0.064596 0.072266 0.417969
26 48.162212 1.551790 87.661713 -0.167537 -0.863993 -0.474814 0.074219 0.412109
body.png
25 53.097023 -1.080795 86.935539 0.107862 -0.884523 -0.453856 0.052734 0.455078
24 50.800205 -0.641005 87.219002 -0.374903 -0.310851 -0.873395 0.054688 0.435547
25 52.591587 -0.837300 86.447952 0.257956 -0.289621 -0.921726 0.054688 0.451172
body.png
20 46.444839 -0.256305 87.884125 0.184571 -0.381526 -0.905744 0.054688 0.400391
19 43.322632 -0.314750 87.150909 0.174194 -0.707020 -0.685404 0.052734 0.382813
19 44.271885 0.329345 86.727753 0.561909 0.049153 -0.825738 0.058594 0.380859
body.png
19 43.170151 7.042105 87.059418 0.154750 0.599640 -0.785165 0.125000 0.365234
19 44.231281 2.111220 86.784851 0.401453 0.161037 -0.901611 0.076172 0.378906
19 39.668098 2.851205 86.016838 -0.136656 0.151157 -0.979018 0.080078 0.343750
body.png
28 52.894302 1.194585 84.796890 -0.319939 -0.265148 -0.909580 0.074219 0.451172
27 50.599770 2.720225 86.931313 -0.284123 0.738393 -0.611596 0.087891 0.431641
28 52.816830 2.284640 84.979324 0.134684 0.445438 -0.885124 0.085938 0.451172
body.png
20 46.140961 5.567770 87.618980 0.155197 0.013308 -0.987794 0.113281 0.392578
20 46.058582 7.193140 87.539101 0.021451 0.904809 -0.425276 0.128906 0.390625
32 47.698723 7.137120 87.438133 -0.158944 0.636356 -0.754843 0.130859 0.404297
body.png
20 46.240532 3.619680 87.624321 0.242849 -0.003629 -0.970057 0.093750 0.394531
20 46.140961 5.567770 87.618980 0.155197 0.013308 -0.987794 0.113281 0.392578
29 48.041805 5.320195 87.809486 -0.044969 0.739862 -0.671254 0.113281 0.408203
body.png
19 39.705311 7.058985 88.534912 0.061722 0.987584 -0.144461 0.123047 0.335938
19 43.402611 6.955265 90.373161 -0.033789 0.999045 0.027714 0.125000 0.367188
19 43.170151 7.042105 87.059418 0.154750 0.599640 -0.785165 0.125000 0.365234
body.png
37 -37.022434 5.318200 90.861908 -0.150142 0.060210 0.986829 0.046875 0.478516
38 -38.875999 2.251360 90.079620 0.084749 -0.560247 0.823979 0.072266 0.496094
37 -36.618855 1.696000 89.820625 -0.078464 -0.843258 0.531751 0.078125 0.476563
body.png
40 -44.821400 -1.759280 84.552017 -0.491391 -0.325877 0.807675 0.119141 0.550781
40 -44.396950 -0.149915 85.104095 -0.824444 -0.191998 0.532380 0.105469 0.546875
40 -45.105038 -0.998755 84.079117 -0.631126 0.232213 0.740106 0.109375 0.554688
body.png
41 -45.529190 -2.924540 83.175262 -0.069478 -0.837592 0.541859 0.136719 0.554688
41 -47.350838 -2.941665 82.633224 -0.555829 -0.454177 0.696259 0.126953 0.572266
41 -46.957802 -3.099725 82.465775 -0.137614 -0.860971 0.489685 0.136719 0.568359
body.png
43 -51.441154 -0.843865 88.099030 -0.487573 -0.201735 0.849456 0.095703 0.609375
44 -53.269466 -0.215715 86.954308 -0.568586 -0.201475 0.797570 0.083984 0.625000
44 -53.069340 -1.103435 86.887909 -0.566772 -0.187774 0.802191 0.095703 0.623047
body.png
53 -51.290848 5.754870 85.379341 -0.838842 -0.048940 0.542170 0.035156 0.603516
52 -50.230637 6.797830 87.113838 -0.766083 -0.054850 0.640397 0.025391 0.593750
53 -51.371593 6.454825 85.319817 -0.838326 -0.050546 0.542821 0.027344 0.603516
body.png
39 -46.318916 5.433040 89.945976 -0.315737 0.036766 0.948134 0.039063 0.560547
48 -48.684540 5.191280 89.168335 -0.487507 0.031834 0.872538 0.039063 0.582031
39 -46.395679 3.501410 90.019470 -0.293629 0.032523 0.955366 0.056641 0.562500
body.png
37 -36.401279 1.204275 86.840126 -0.112587 -0.559531 -0.821127 0.046875 0.314453
38 -38.645130 1.345245 87.051727 0.336714 -0.305836 -0.890555 0.050781 0.333984
37 -36.014080 3.682790 85.098129 -0.117345 -0.142892 -0.982757 0.085938 0.308594
body.png
41 -47.479103 -2.449675 82.375366 -0.525578 0.201770 -0.826472 0.031250 0.414063
41 -46.957802 -3.099725 82.465775 -0.058313 -0.483573 -0.873359 0.015625 0.406250
41 -47.350838 -2.941665 82.633224 -0.501834 -0.500550 -0.705417 0.021484 0.414063
body.png
44 -52.583603 -0.811570 86.483086 -0.220598 -0.269061 -0.937519 0.054688 0.451172
44 -53.269466 -0.215715 86.954308 -0.667284 0.594571 -0.448572 0.062500 0.457031
44 -52.931805 -0.039610 86.634209 -0.091278 0.550927 -0.829547 0.062500 0.453125
body.png
52 -50.108742 5.647905 87.202263 0.072400 -0.984027 -0.162633 0.117188 0.425781
53 -51.290848 5.754870 85.379341 0.038607 -0.681567 -0.730736 0.119141 0.435547
52 -48.897434 5.810645 86.800728 0.418747 -0.640823 -0.643426 0.117188 0.414063
body.png
38 -43.305470 -0.324005 87.192619 -0.167994 -0.711975 -0.681814 0.052734 0.382813
39 -46.463528 -0.254835 87.898514 -0.184028 -0.383396 -0.905064 0.054688 0.400391
38 -44.261776 0.357255 86.716850 -0.559364 0.048224 -0.827518 0.058594 0.380859
body.png
52 -49.052147 6.959991 86.750015 0.360151 0.740639 -0.567226 0.130859 0.414063
53 -50.233131 5.813560 85.306564 0.505083 -0.275837 -0.817805 0.119141 0.425781
53 -50.272041 6.612925 85.351273 0.189820 0.340430 -0.920911 0.126953 0.425781
body.png
15 -9.272530 3.036955 112.163391 -0.821308 -0.566923 -0.063647 0.066406 0.908203
15 -8.577539 1.945405 115.312683 -0.823309 -0.567384 -0.015426 0.056641 0.949219
15 -9.373265 2.964955 114.538193 -0.037481 0.805893 0.590873 0.064453 0.939453
body.png
15 8.408930 -0.921925 126.168243 0.730543 0.173840 0.660368 0.714844 0.738281
54 11.588699 1.006875 124.233032 0.982341 -0.061337 0.176758 0.724609 0.763672
15 7.427115 3.533570 125.492126 0.501975 0.200310 0.841366 0.701172 0.791016
body.png
15 4.976930 3.623105 128.301682 0.487503 0.309118 0.816570 0.951172 0.812500
54 8.690610 1.785640 130.737427 0.616972 0.267012 0.740304 0.972656 0.794922
15 7.427115 3.533570 125.492126 0.994029 0.101263 0.040647 0.988281 0.820313
body.png
15 6.837075 5.657685 118.294037 0.747139 0.411253 -0.522163 0.783203 0.847656
55 10.319304 6.324655 118.943214 0.558418 0.112650 -0.821876 0.761719 0.828125
15 7.032535 4.529320 118.124954 0.392512 -0.105851 -0.913635 0.796875 0.837891
body.png
15 4.859245 -0.693485 129.263809 0.321882 -0.299725 0.898085 0.958984 0.773438
54 4.191890 2.210475 132.903870 0.306983 0.225196 0.924688 0.941406 0.791016
15 1.908780 -0.751335 130.379105 0.022425 -0.490066 0.871397 0.923828 0.767578
body.png
15 4.993935 7.729545 126.407776 0.310908 0.933342 0.179470 0.949219 0.853516
55 9.369995 6.965015 129.037949 0.750536 0.344216 0.564102 0.964844 0.835938
15 7.392560 7.298700 124.544724 0.741192 0.609689 -0.280915 0.980469 0.855469
body.png
15 4.976930 3.623105 128.301682 0.487503 0.309118 0.816570 0.951172 0.812500
55 4.978880 9.208910 129.982956 0.339821 0.566148 0.750998 0.935547 0.833984
15 2.077385 3.778200 129.089783 0.099788 0.369642 0.923800 0.917969 0.810547
body.png
15 6.050005 8.988750 121.325058 0.936442 0.328451 -0.123271 0.974609 0.943359
55 7.784500 10.382315 125.513992 0.619794 0.761348 0.190275 0.976563 0.908203
15 7.392560 7.298700 124.544724 0.946606 -0.199838 0.252985 0.994141 0.904297
body.png
15 -8.391130 -0.903460 126.170944 -0.652288 0.151689 0.742638 0.716797 0.626953
54 -10.579900 -3.406775 127.025467 -0.934039 -0.111918 0.339185 0.724609 0.646484
15 -5.450930 -3.257680 127.655983 -0.112120 -0.230580 0.966572 0.707031 0.673828
body.png
15 -8.143400 -1.565195 123.983307 -0.977973 -0.201370 0.054948 0.748047 0.626953
54 -11.411575 1.042025 125.443871 -0.950040 -0.069799 0.304223 0.726563 0.603516
15 -8.572949 3.387210 121.989784 -0.983302 0.177235 0.041286 0.748047 0.568359
body.png
15 -6.608145 6.989415 121.010658 -0.507737 0.858190 -0.075588 0.746094 0.523438
55 -9.930875 6.363185 119.850777 -0.685027 0.278994 -0.672979 0.763672 0.542969
15 -8.572949 3.387210 121.989784 -0.983302 0.177235 0.041286 0.748047 0.568359
body.png
15 -7.017550 4.536635 118.128166 -0.544766 -0.040237 -0.837622 0.798828 0.533203
55 -9.930875 6.363185 119.850777 -0.685027 0.278994 -0.672979 0.763672 0.542969
15 -6.813025 5.657520 118.247673 -0.774418 0.522359 -0.356956 0.785156 0.525391
body.png
15 -4.973190 3.613795 128.305664 -0.455463 0.338428 0.823420 0.839844 0.812500
54 -4.858095 2.191435 132.002502 -0.375902 0.229820 0.897708 0.851563 0.791016
15 -2.072580 3.795025 129.088989 -0.137851 0.334502 0.932258 0.873047 0.810547
body.png
15 0.026795 3.637545 129.106949 0.000667 0.338719 0.940887 0.896484 0.810547
55 0.024480 8.207040 131.562576 0.002599 0.470882 0.882192 0.896484 0.837891
15 -2.072580 3.795025 129.088989 -0.137851 0.334502 0.932258 0.873047 0.810547
body.png
15 -4.973190 3.613795 128.305664 -0.455463 0.338428 0.823420 0.839844 0.812500
55 -8.630000 6.979445 128.538010 -0.719357 0.363842 0.591731 0.826172 0.833984
15 -7.423165 3.494470 125.501053 -0.982222 0.187450 0.010091 0.804688 0.818359
body.png
15 -4.956185 7.720235 126.411758 -0.317046 0.913304 0.255650 0.841797 0.851563
55 -4.321390 9.203040 130.892578 -0.270590 0.542598 0.795216 0.855469 0.833984
15 -2.054515 8.167310 127.314789 -0.044669 0.966048 0.254474 0.873047 0.851563
body.png
15 -7.357535 7.302995 124.498146 -0.232538 0.802824 0.548998 0.707031 0.531250
55 -10.732526 6.183681 124.705429 -0.918283 0.351331 0.182546 0.718750 0.552734
15 -7.423165 3.494470 125.501053 -0.482349 0.200639 0.852692 0.705078 0.576172
body.png
15 -2.045360 10.193171 122.293007 -0.202241 0.963828 0.173594 0.871094 0.927734
55 -0.908375 12.240765 127.311241 -0.047738 0.851252 0.522582 0.894531 0.892578
15 0.056085 10.549810 122.401382 0.003839 0.934202 0.356724 0.894531 0.925781
body.png
15 -2.054515 8.167310 127.314789 -0.243745 0.399198 0.883872 0.865234 0.873047
55 -4.961345 11.459435 126.095535 -0.402793 0.834069 0.376944 0.845703 0.898438
15 -4.956185 7.720235 126.411758 -0.536457 0.259494 0.803042 0.828125 0.884766
body.png
15 -3.604565 7.691910 117.251663 -0.828951 0.024777 -0.558773 0.845703 0.980469
15 -6.050095 8.988155 121.328629 -0.937387 0.315005 -0.148587 0.816406 0.943359
55 -6.662320 10.933070 119.864799 -0.615403 0.712242 0.337625 0.824219 0.947266
body.png
57 -1.122650 11.722980 114.660759 0.355571 0.852805 0.382482 0.732422 0.134766
15 -0.996675 9.559160 115.671387 -0.158762 0.259088 0.952716 0.757813 0.160156
15 -0.244370 10.105145 115.204018 0.867939 0.492569 0.063693 0.734375 0.162109
body.png
57 -3.135690 8.512145 114.687508 0.265635 -0.406849 -0.874021 0.675781 0.126953
15 -0.696300 9.613230 114.859383 0.333361 -0.194061 -0.922611 0.714844 0.158203
15 -1.051015 8.481465 115.496399 0.298170 -0.537445 -0.788827 0.689453 0.164063
body.png
15 -6.966855 4.558955 114.903351 -0.822979 0.527125 0.211766 0.968750 0.568359
56 -8.490355 3.830880 111.351250 -0.971181 0.238259 -0.006357 0.964844 0.541016
15 -7.328230 1.762095 115.082199 -0.954135 0.003889 0.299352 0.986328 0.554688
body.png
15 -4.763600 5.097715 109.301079 -0.022504 -0.081387 -0.996428 0.935547 0.515625
56 -3.477900 6.736570 107.986404 -0.436338 0.759056 -0.483159 0.925781 0.521484
15 -1.906335 6.873760 109.090843 0.162487 -0.055787 -0.985132 0.910156 0.517578
body.png
15 8.572520 1.925525 115.310051 0.824467 -0.565817 -0.010243 0.056641 0.949219
15 9.327520 3.011195 112.161034 0.811809 -0.582004 -0.047297 0.066406 0.908203
15 9.376980 2.988245 114.530014 0.047039 0.799300 0.599088 0.064453 0.939453
body.png
15 5.638165 5.643415 112.153816 0.374830 0.300073 -0.877188 0.843750 0.541016
56 3.472040 6.708395 107.987709 0.436018 0.755195 -0.489457 0.861328 0.519531
15 2.594650 7.238905 111.916214 0.326244 0.603649 -0.727442 0.869141 0.546875
body.png
15 1.893635 6.858350 109.091560 -0.168932 -0.061213 -0.983725 0.876953 0.517578
15 4.481900 3.979495 109.530945 -0.038778 -0.152287 -0.987575 0.849609 0.500000
15 0.038880 5.709250 109.529663 -0.003760 -0.092092 -0.995743 0.894531 0.500000
body.png
57 0.477725 11.874580 116.001770 -0.309985 0.668229 -0.676298 0.732422 0.134766
15 0.503110 9.503425 115.677528 0.343315 -0.033428 -0.938625 0.757813 0.160156
15 -0.294380 10.131809 115.855400 -0.841804 0.403098 -0.358995 0.734375 0.162109
body.png
57 2.415650 8.954781 117.352409 -0.415382 -0.141124 0.898633 0.675781 0.126953
15 0.054340 9.841355 116.393005 -0.524498 0.077921 0.847838 0.714844 0.158203
15 0.499175 8.557156 116.191872 -0.451421 -0.288611 0.844347 0.689453 0.164063
body.png
15 6.892445 -5.469505 115.729378 0.393062 -0.515333 -0.761534 0.486328 0.021484
15 4.087895 -6.597415 115.460426 0.175039 -0.266649 -0.947766 0.437500 0.013672
15 6.647060 -4.343980 115.445702 0.174671 -0.204663 -0.963122 0.486328 0.013672
body.png
15 6.892445 -5.469505 115.729378 0.773565 -0.264177 -0.576028 0.263672 0.021484
15 8.865295 0.327555 119.274361 0.995815 -0.071205 -0.057295 0.238281 0.082031
15 6.991410 -5.497840 120.616295 0.950326 -0.310544 -0.021046 0.261719 0.093750
body.png
14 -3.378835 3.728205 107.435165 -0.703482 0.668809 -0.240433 0.363281 0.828125
15 -4.384275 -0.142060 106.293869 -0.554862 0.364653 -0.747767 0.312500 0.833984
15 -6.333810 0.047350 107.832840 -0.722213 0.518488 -0.457796 0.328125 0.865234
body.png
66 7.900000 9.509550 71.843445 0.528708 0.753997 -0.389816 0.207031 0.724609
66 13.049999 5.709550 74.693443 0.766756 0.607331 -0.207927 0.250000 0.710938
66 12.150001 5.509550 72.143448 0.666821 0.686806 -0.289216 0.242188 0.728516
body.png
65 -7.000000 -10.241800 73.427231 -0.577554 -0.814029 -0.061545 0.203125 0.312500
10 -13.450001 -2.315575 72.513474 -0.898645 -0.395459 -0.189869 0.261719 0.300781
65 -6.150000 -9.741800 71.377235 -0.448725 -0.840020 -0.304977 0.199219 0.296875
body.png
66 -13.049999 5.709550 74.693443 -0.764587 0.609820 -0.208628 0.250000 0.710938
66 -7.850000 9.509550 71.843445 -0.526221 0.753390 -0.394329 0.207031 0.724609
66 -12.150001 5.509550 72.143448 -0.662913 0.691019 -0.288167 0.242188 0.728516
body.png
1 0.000000 9.459110 71.490105 0.000768 0.964899 0.262620 0.277344 0.712891
1 -7.150000 8.659110 69.290100 -0.346192 0.898044 0.271418 0.296875 0.677734
1 -6.750000 8.059110 71.740112 -0.504596 0.811521 0.294647 0.296875 0.716797
body.png
65 0.000000 -11.241799 70.677246 0.000738 0.992274 0.124065 0.328125 0.642578
65 5.900000 -9.841800 75.327232 -0.442183 0.874593 -0.198899 0.326172 0.642578
65 5.900000 -9.191800 71.377235 -0.619529 0.782716 0.059492 0.328125 0.642578
body.png
11 10.950021 -0.949075 82.226563 0.949552 -0.309640 0.049728 0.113281 0.931641
11 5.026220 -6.761085 80.968918 0.433443 -0.895420 0.101734 0.113281 0.931641
10 5.150000 -7.265575 75.613472 0.492840 -0.855695 0.157781 0.113281 0.931641
body.png
11 -10.950001 -0.908915 82.234787 -0.949219 -0.311222 0.046083 0.113281 0.931641
10 -5.100000 -7.265575 75.613472 -0.494146 -0.855090 0.156976 0.113281 0.931641
11 -4.973930 -6.777765 80.927818 -0.435850 -0.894513 0.099404 0.113281 0.931641
body.png
9 -17.826139 -9.086761 0.020625 -0.428191 -0.903633 0.010021 0.814453 0.996094
9 -20.427790 -6.778845 1.515595 -0.610291 -0.411147 0.677128 0.767578 0.972656
9 -20.495340 -6.797030 0.018060 -0.924130 -0.379264 0.046290 0.767578 0.996094
body.png
7 -15.590090 7.810185 9.547316 -0.828643 0.555254 0.071022 0.537109 0.900391
8 -16.795265 4.112350 2.711855 -0.946015 0.311465 0.089698 0.593750 0.962891
7 -16.558315 3.380310 9.582790 -0.875659 -0.160201 0.455584 0.601563 0.894531
body.png
9 -20.661663 -3.108705 1.666885 -0.958862 0.138140 0.247992 0.708984 0.972656
9 -18.192404 -0.598820 5.969005 -0.794405 0.059084 0.604508 0.667969 0.923828
9 -18.730286 0.411040 2.269905 -0.888479 0.446214 0.107229 0.658203 0.964844
body.png
9 -12.042835 -2.442095 5.957735 0.639439 -0.471588 0.607226 0.667969 0.923828
9 -16.524275 -5.376550 5.077000 -0.235348 -0.631169 0.739078 0.744141 0.902344
9 -12.938729 -6.537685 4.400165 0.099924 -0.960055 0.261362 0.718750 0.941406
body.png
9 -17.826139 -9.086761 0.020625 -0.002274 -0.003772 -0.999990 0.623047 0.824219
9 -20.495340 -6.797030 0.018060 -0.001582 -0.002316 -0.999996 0.615234 0.792969
9 -14.479445 -9.658665 0.015170 -0.000252 -0.000288 -1.000000 0.619141 0.855469
body.png
7 -9.629604 0.993840 14.565784 0.652233 -0.691889 0.309648 0.986328 0.148438
7 -8.017050 5.938975 12.667021 0.948548 0.310266 -0.063183 0.968750 0.205078
7 -7.651865 5.863405 14.536760 0.899992 0.083589 0.427817 0.986328 0.205078
body.png
7 -11.136805 9.157725 10.216155 0.235999 0.931412 -0.277085 0.943359 0.253906
7 -8.017050 5.938975 12.667021 0.948548 0.310266 -0.063183 0.968750 0.205078
7 -7.748435 5.579355 10.257455 0.917883 0.114395 -0.380005 0.943359 0.205078
body.png
4 15.812170 8.163925 3.537320 0.672674 0.738911 0.039000 0.535156 0.953125
4 16.825510 4.140445 2.706800 0.945144 0.314814 0.087153 0.593750 0.962891
4 16.871965 4.374160 0.017800 0.937671 0.347450 0.007128 0.593750 0.996094
body.png
5 16.531746 -5.400895 5.086045 0.232464 -0.629592 0.741333 0.744141 0.902344
5 12.033290 -2.437715 5.964085 -0.639709 -0.471838 0.606747 0.667969 0.923828
5 12.961260 -6.515910 4.385425 -0.094004 -0.961925 0.256638 0.718750 0.941406
body.png
3 11.323339 8.786655 12.528345 -0.270180 0.962703 -0.014315 0.966797 0.253906
3 15.845670 8.037110 12.409181 0.634928 0.769823 0.065104 0.966797 0.205078
3 11.105260 9.137965 10.245465 -0.235729 0.935646 -0.262674 0.943359 0.253906
head.png
82 -5.217870 -5.648725 114.112396 0.829243 -0.037869 -0.557603 0.726563 0.714844
91 -5.079585 -5.698390 113.049911 0.953685 -0.036764 0.298551 0.726563 0.714844
82 -5.216235 -5.245625 114.115219 0.980308 -0.008818 -0.197278 0.726563 0.714844
head.png
82 -5.216235 -5.245625 114.115219 0.980308 -0.008818 -0.197278 0.726563 0.714844
91 -5.079585 -5.698390 113.049911 0.953685 -0.036764 0.298551 0.726563 0.714844
91 -5.078760 -5.493910 113.076141 0.889887 -0.045703 0.453886 0.726563 0.714844
head.png
91 -5.079585 -5.698390 113.049911 0.953685 -0.036764 0.298551 0.726563 0.714844
90 -4.548750 -5.983800 112.313812 0.583065 -0.059098 0.810273 0.726563 0.714844
91 -5.078760 -5.493910 113.076141 0.889887 -0.045703 0.453886 0.726563 0.714844
head.png
91 -5.078760 -5.493910 113.076141 0.889887 -0.045703 0.453886 0.726563 0.714844
90 -4.548750 -5.983800 112.313812 0.583065 -0.059098 0.810273 0.726563 0.714844
90 -4.547520 -5.680010 112.328339 0.316294 0.013880 0.948560 0.726563 0.714844
head.png
90 -4.548750 -5.983800 112.313812 0.583065 -0.059098 0.810273 0.726563 0.714844
89 -3.243125 -6.554245 112.328018 -0.034660 0.062217 0.997461 0.726563 0.714844
90 -4.547520 -5.680010 112.328339 0.316294 0.013880 0.948560 0.726563 0.714844
head.png
90 -4.547520 -5.680010 112.328339 0.316294 0.013880 0.948560 0.726563 0.714844
89 -3.243125 -6.554245 112.328018 -0.034660 0.062217 0.997461 0.726563 0.714844
89 -3.242515 -6.405280 112.310448 -0.074238 0.117097 0.990342 0.726563 0.714844
head.png
89 -3.243125 -6.554245 112.328018 -0.034660 0.062217 0.997461 0.726563 0.714844
88 -2.195950 -6.890120 112.527664 -0.465935 0.105489 0.878508 0.726563 0.714844
89 -3.242515 -6.405280 112.310448 -0.074238 0.117097 0.990342 0.726563 0.714844
head.png
89 -3.242515 -6.405280 112.310448 -0.074238 0.117097 0.990342 0.726563 0.714844
88 -2.195950 -6.890120 112.527664 -0.465935 0.105489 0.878508 0.726563 0.714844
88 -2.195345 -6.741155 112.510101 -0.761834 0.078890 0.642950 0.726563 0.714844
head.png
88 -2.195950 -6.890120 112.527664 -0.465935 0.105489 0.878508 0.726563 0.714844
87 -1.969045 -7.056650 113.138161 -0.985766 0.023626 0.166455 0.726563 0.714844
88 -2.195345 -6.741155 112.510101 -0.761834 0.078890 0.642950 0.726563 0.714844
head.png
88 -2.195345 -6.741155 112.510101 -0.761834 0.078890 0.642950 0.726563 0.714844
87 -1.969045 -7.056650 113.138161 -0.985766 0.023626 0.166455 0.726563 0.714844
87 -1.968440 -6.907680 113.120605 -0.999133 -0.000842 -0.041623 0.726563 0.714844
head.png
87 -1.969045 -7.056650 113.138161 -0.985766 0.023626 0.166455 0.726563 0.714844
86 -2.146930 -7.006995 113.854431 -0.920859 -0.041931 -0.387634 0.726563 0.714844
87 -1.968440 -6.907680 113.120605 -0.999133 -0.000842 -0.041623 0.726563 0.714844
head.png
87 -1.968440 -6.907680 113.120605 -0.999133 -0.000842 -0.041623 0.726563 0.714844
86 -2.146930 -7.006995 113.854431 -0.920859 -0.041931 -0.387634 0.726563 0.714844
86 -2.146525 -6.907685 113.842728 -0.846109 -0.058993 -0.529735 0.726563 0.714844
head.png
86 -2.146930 -7.006995 113.854431 -0.920859 -0.041931 -0.387634 0.726563 0.714844
85 -2.680505 -6.858030 114.450188 -0.612876 -0.090055 -0.785030 0.726563 0.714844
86 -2.146525 -6.907685 113.842728 -0.846109 -0.058993 -0.529735 0.726563 0.714844
head.png
86 -2.146525 -6.907685 113.842728 -0.846109 -0.058993 -0.529735 0.726563 0.714844
85 -2.680505 -6.858030 114.450188 -0.612876 -0.090055 -0.785030 0.726563 0.714844
85 -2.680100 -6.758715 114.438477 -0.444659 -0.103097 -0.889747 0.726563 0.714844
head.png
85 -2.680505 -6.858030 114.450188 -0.612876 -0.090055 -0.785030 0.726563 0.714844
84 -3.708285 -6.615600 114.707581 -0.175774 -0.114563 -0.977742 0.726563 0.714844
85 -2.680100 -6.758715 114.438477 -0.444659 -0.103097 -0.889747 0.726563 0.714844
head.png
85 -2.680100 -6.758715 114.438477 -0.444659 -0.103097 -0.889747 0.726563 0.714844
84 -3.708285 -6.615600 114.707581 -0.175774 -0.114563 -0.977742 0.726563 0.714844
84 -3.707675 -6.466635 114.690018 -0.083086 -0.116346 -0.989727 0.726563 0.714844
head.png
84 -3.708285 -6.615600 114.707581 -0.175774 -0.114563 -0.977742 0.726563 0.714844
83 -4.556610 -6.157190 114.645386 0.207346 -0.115372 -0.971441 0.726563 0.714844
84 -3.707675 -6.466635 114.690018 -0.083086 -0.116346 -0.989727 0.726563 0.714844
head.png
84 -3.707675 -6.466635 114.690018 -0.083086 -0.116346 -0.989727 0.726563 0.714844
83 -4.556610 -6.157190 114.645386 0.207346 -0.115372 -0.971441 0.726563 0.714844
83 -4.556005 -6.008220 114.627823 0.419838 -0.073987 -0.904578 0.726563 0.714844
head.png
83 -4.556610 -6.157190 114.645386 0.207346 -0.115372 -0.971441 0.726563 0.714844
82 -5.217870 -5.648725 114.112396 0.829243 -0.037869 -0.557603 0.726563 0.714844
83 -4.556005 -6.008220 114.627823 0.419838 -0.073987 -0.904578 0.726563 0.714844
head.png
83 -4.556005 -6.008220 114.627823 0.419838 -0.073987 -0.904578 0.726563 0.714844
82 -5.217870 -5.648725 114.112396 0.829243 -0.037869 -0.557603 0.726563 0.714844
82 -5.216235 -5.245625 114.115219 0.980308 -0.008818 -0.197278 0.726563 0.714844
head.png
102 5.077845 -5.711100 113.038773 -0.955273 -0.016326 0.295274 0.726563 0.714844
93 5.230210 -5.661440 114.119873 -0.840656 -0.030417 -0.540714 0.726563 0.714844
93 5.231845 -5.258340 114.122696 -0.982944 0.001312 -0.183900 0.726563 0.714844
head.png
93 5.231845 -5.258340 114.122696 -0.982944 0.001312 -0.183900 0.726563 0.714844
93 5.230210 -5.661440 114.119873 -0.840656 -0.030417 -0.540714 0.726563 0.714844
94 4.609235 -6.020730 114.626755 -0.434938 -0.070234 -0.897717 0.726563 0.714844
head.png
93 5.230210 -5.661440 114.119873 -0.840656 -0.030417 -0.540714 0.726563 0.714844
94 4.608830 -6.120045 114.638458 -0.214420 -0.113484 -0.970126 0.726563 0.714844
94 4.609235 -6.020730 114.626755 -0.434938 -0.070234 -0.897717 0.726563 0.714844
head.png
94 4.609235 -6.020730 114.626755 -0.434938 -0.070234 -0.897717 0.726563 0.714844
94 4.608830 -6.120045 114.638458 -0.214420 -0.113484 -0.970126 0.726563 0.714844
95 3.705210 -6.479340 114.688843 0.084328 -0.117021 -0.989543 0.726563 0.714844
head.png
94 4.608830 -6.120045 114.638458 -0.214420 -0.113484 -0.970126 0.726563 0.714844
95 3.704605 -6.628310 114.706413 0.177575 -0.115986 -0.977248 0.726563 0.714844
95 3.705210 -6.479340 114.688843 0.084328 -0.117021 -0.989543 0.726563 0.714844
head.png
95 3.705210 -6.479340 114.688843 0.084328 -0.117021 -0.989543 0.726563 0.714844
95 3.704605 -6.628310 114.706413 0.177575 -0.115986 -0.977248 0.726563 0.714844
96 2.721605 -6.721975 114.441696 0.439579 -0.106974 -0.891811 0.726563 0.714844
head.png
95 3.704605 -6.628310 114.706413 0.177575 -0.115986 -0.977248 0.726563 0.714844
96 2.721000 -6.870940 114.459267 0.601229 -0.095999 -0.793289 0.726563 0.714844
96 2.721605 -6.721975 114.441696 0.439579 -0.106974 -0.891811 0.726563 0.714844
head.png
96 2.721605 -6.721975 114.441696 0.439579 -0.106974 -0.891811 0.726563 0.714844
96 2.721000 -6.870940 114.459267 0.601229 -0.095999 -0.793289 0.726563 0.714844
97 2.166650 -6.870940 113.850571 0.829956 -0.068651 -0.553589 0.726563 0.714844
head.png
96 2.721000 -6.870940 114.459267 0.601229 -0.095999 -0.793289 0.726563 0.714844
97 2.166045 -7.019905 113.868134 0.905785 -0.053236 -0.420381 0.726563 0.714844
97 2.166650 -6.870940 113.850571 0.829956 -0.068651 -0.553589 0.726563 0.714844
head.png
97 2.166650 -6.870940 113.850571 0.829956 -0.068651 -0.553589 0.726563 0.714844
97 2.166045 -7.019905 113.868134 0.905785 -0.053236 -0.420381 0.726563 0.714844
98 1.953400 -6.920390 113.128159 0.997557 -0.012164 -0.068793 0.726563 0.714844
head.png
97 2.166045 -7.019905 113.868134 0.905785 -0.053236 -0.420381 0.726563 0.714844
98 1.952795 -7.069360 113.145714 0.987460 0.014511 0.157204 0.726563 0.714844
98 1.953400 -6.920390 113.128159 0.997557 -0.012164 -0.068793 0.726563 0.714844
head.png
98 1.953400 -6.920390 113.128159 0.997557 -0.012164 -0.068793 0.726563 0.714844
98 1.952795 -7.069360 113.145714 0.987460 0.014511 0.157204 0.726563 0.714844
99 2.193185 -6.753865 112.498688 0.756807 0.073461 0.649497 0.726563 0.714844
head.png
98 1.952795 -7.069360 113.145714 0.987460 0.014511 0.157204 0.726563 0.714844
99 2.192780 -6.853175 112.510391 0.455711 0.102373 0.884221 0.726563 0.714844
99 2.193185 -6.753865 112.498688 0.756807 0.073461 0.649497 0.726563 0.714844
head.png
99 2.193185 -6.753865 112.498688 0.756807 0.073461 0.649497 0.726563 0.714844
99 2.192780 -6.853175 112.510391 0.455711 0.102373 0.884221 0.726563 0.714844
100 3.238255 -6.368330 112.309044 0.073580 0.116473 0.990465 0.726563 0.714844
head.png
99 2.192780 -6.853175 112.510391 0.455711 0.102373 0.884221 0.726563 0.714844
100 3.237445 -6.566955 112.332466 0.010644 0.117071 0.993067 0.726563 0.714844
100 3.238255 -6.368330 112.309044 0.073580 0.116473 0.990465 0.726563 0.714844
head.png
100 3.238255 -6.368330 112.309044 0.073580 0.116473 0.990465 0.726563 0.714844
100 3.237445 -6.566955 112.332466 0.010644 0.117071 0.993067 0.726563 0.714844
101 4.593120 -5.699185 112.301117 -0.353341 0.110994 0.928887 0.726563 0.714844
head.png
100 3.237445 -6.566955 112.332466 0.010644 0.117071 0.993067 0.726563 0.714844
101 4.591905 -5.997115 112.336258 -0.632501 0.051327 0.772857 0.726563 0.714844
101 4.593120 -5.699185 112.301117 -0.353341 0.110994 0.928887 0.726563 0.714844
head.png
101 4.593120 -5.699185 112.301117 -0.353341 0.110994 0.928887 0.726563 0.714844
101 4.591905 -5.997115 112.336258 -0.632501 0.051327 0.772857 0.726563 0.714844
102 5.078870 -5.456965 113.059151 -0.904904 0.004926 0.425588 0.726563 0.714844
head.png
101 4.591905 -5.997115 112.336258 -0.632501 0.051327 0.772857 0.726563 0.714844
102 5.077845 -5.711100 113.038773 -0.955273 -0.016326 0.295274 0.726563 0.714844
102 5.078870 -5.456965 113.059151 -0.904904 0.004926 0.425588 0.726563 0.714844
head.png
102 5.078870 -5.456965 113.059151 -0.904904 0.004926 0.425588 0.726563 0.714844
102 5.077845 -5.711100 113.038773 -0.955273 -0.016326 0.295274 0.726563 0.714844
93 5.231845 -5.258340 114.122696 -0.982944 0.001312 -0.183900 0.726563 0.714844
head.png
86 -2.146930 -7.006995 113.854431 -0.614066 -0.751521 -0.241122 0.623047 0.707031
85 -2.630690 -6.902030 114.505699 -0.567098 -0.674918 -0.472108 0.642578 0.732422
85 -2.680505 -6.858030 114.450188 -0.400677 -0.858252 -0.320719 0.646484 0.726563
head.png
85 -2.680505 -6.858030 114.450188 -0.400677 -0.858252 -0.320719 0.646484 0.726563
85 -2.630690 -6.902030 114.505699 -0.567098 -0.674918 -0.472108 0.642578 0.732422
84 -3.708285 -6.615600 114.707581 -0.342161 -0.935196 0.091296 0.685547 0.724609
head.png
85 -2.630690 -6.902030 114.505699 -0.567098 -0.674918 -0.472108 0.642578 0.732422
84 -3.708025 -6.542525 114.900352 -0.537516 -0.830147 -0.148095 0.691406 0.736328
84 -3.708285 -6.615600 114.707581 -0.342161 -0.935196 0.091296 0.685547 0.724609
head.png
84 -3.708285 -6.615600 114.707581 -0.342161 -0.935196 0.091296 0.685547 0.724609
84 -3.708025 -6.542525 114.900352 -0.537516 -0.830147 -0.148095 0.691406 0.736328
83 -4.556610 -6.157190 114.645386 -0.569019 -0.708254 0.417845 0.720703 0.708984
head.png
84 -3.708025 -6.542525 114.900352 -0.537516 -0.830147 -0.148095 0.691406 0.736328
83 -4.655745 -5.934740 114.820572 -0.602076 -0.797674 0.034940 0.724609 0.718750
83 -4.556610 -6.157190 114.645386 -0.569019 -0.708254 0.417845 0.720703 0.708984
head.png
83 -4.556610 -6.157190 114.645386 -0.569019 -0.708254 0.417845 0.720703 0.708984
83 -4.655745 -5.934740 114.820572 -0.602076 -0.797674 0.034940 0.724609 0.718750
82 -5.217870 -5.648725 114.112396 -0.676940 -0.721748 0.144331 0.740234 0.687500
head.png
83 -4.655745 -5.934740 114.820572 -0.602076 -0.797674 0.034940 0.724609 0.718750
15 -5.855930 -5.093865 114.631516 -0.643398 -0.761748 -0.076021 0.769531 0.701172
82 -5.217870 -5.648725 114.112396 -0.676940 -0.721748 0.144331 0.740234 0.687500
head.png
82 -5.217870 -5.648725 114.112396 -0.676940 -0.721748 0.144331 0.740234 0.687500
15 -5.855930 -5.093865 114.631516 -0.643398 -0.761748 -0.076021 0.769531 0.701172
91 -5.079585 -5.698390 113.049911 -0.594969 -0.802123 -0.051093 0.732422 0.660156
head.png
15 -5.855930 -5.093865 114.631516 -0.643398 -0.761748 -0.076021 0.769531 0.701172
15 -5.506625 -5.376325 112.248093 -0.633665 -0.760252 0.143127 0.755859 0.619141
91 -5.079585 -5.698390 113.049911 -0.594969 -0.802123 -0.051093 0.732422 0.660156
head.png
91 -5.079585 -5.698390 113.049911 -0.594969 -0.802123 -0.051093 0.732422 0.660156
15 -5.506625 -5.376325 112.248093 -0.633665 -0.760252 0.143127 0.755859 0.619141
90 -4.698200 -5.857645 112.097595 -0.437619 -0.888107 0.140554 0.712891 0.630859
head.png
15 -5.506625 -5.376325 112.248093 -0.633665 -0.760252 0.143127 0.755859 0.619141
15 -3.963605 -7.138345 111.448479 -0.489273 -0.792412 0.364274 0.662109 0.623047
90 -4.698200 -5.857645 112.097595 -0.437619 -0.888107 0.140554 0.712891 0.630859
head.png
90 -4.698200 -5.857645 112.097595 -0.437619 -0.888107 0.140554 0.712891 0.630859
15 -3.963605 -7.138345 111.448479 -0.489273 -0.792412 0.364274 0.662109 0.623047
88 -2.195835 -6.875595 112.223877 -0.360674 -0.907927 0.213502 0.621094 0.646484
head.png
15 -3.963605 -7.138345 111.448479 -0.489273 -0.792412 0.364274 0.662109 0.623047
15 -1.064875 -7.427435 112.085884 -0.470407 -0.875956 0.106855 0.574219 0.662109
88 -2.195835 -6.875595 112.223877 -0.360674 -0.907927 0.213502 0.621094 0.646484
head.png
88 -2.195835 -6.875595 112.223877 -0.360674 -0.907927 0.213502 0.621094 0.646484
15 -1.064875 -7.427435 112.085884 -0.470407 -0.875956 0.106855 0.574219 0.662109
88 -2.195950 -6.890120 112.527664 -0.398234 -0.915655 -0.054637 0.617188 0.656250
head.png
15 -1.064875 -7.427435 112.085884 -0.470407 -0.875956 0.106855 0.574219 0.662109
87 -1.969045 -7.056650 113.138161 -0.605106 -0.783359 -0.142109 0.611328 0.687500
88 -2.195950 -6.890120 112.527664 -0.398234 -0.915655 -0.054637 0.617188 0.656250
head.png
98 1.952795 -7.069360 113.145714 0.612990 -0.769940 -0.177304 0.611328 0.687500
15 1.085310 -7.386495 112.080429 0.486563 -0.868673 0.093074 0.574219 0.662109
99 2.192780 -6.853175 112.510391 0.392975 -0.916862 -0.070251 0.617188 0.656250
head.png
99 2.192780 -6.853175 112.510391 0.392975 -0.916862 -0.070251 0.617188 0.656250
15 1.085310 -7.386495 112.080429 0.486563 -0.868673 0.093074 0.574219 0.662109
99 2.192895 -6.838650 112.206604 0.347149 -0.912495 0.216427 0.621094 0.646484
head.png
15 1.085310 -7.386495 112.080429 0.486563 -0.868673 0.093074 0.574219 0.662109
15 3.986530 -7.120925 111.444122 0.484176 -0.792818 0.370153 0.662109 0.623047
99 2.192895 -6.838650 112.206604 0.347149 -0.912495 0.216427 0.621094 0.646484
head.png
99 2.192895 -6.838650 112.206604 0.347149 -0.912495 0.216427 0.621094 0.646484
15 3.986530 -7.120925 111.444122 0.484176 -0.792818 0.370153 0.662109 0.623047
101 4.692440 -5.877830 112.070427 0.441110 -0.887111 0.135853 0.712891 0.630859
head.png
15 3.986530 -7.120925 111.444122 0.484176 -0.792818 0.370153 0.662109 0.623047
15 5.543485 -5.371475 112.244308 0.632803 -0.761604 0.139709 0.755859 0.619141
101 4.692440 -5.877830 112.070427 0.441110 -0.887111 0.135853 0.712891 0.630859
head.png
101 4.692440 -5.877830 112.070427 0.441110 -0.887111 0.135853 0.712891 0.630859
15 5.543485 -5.371475 112.244308 0.632803 -0.761604 0.139709 0.755859 0.619141
102 5.077845 -5.711100 113.038773 0.605344 -0.793895 -0.057354 0.732422 0.660156
head.png
15 5.543485 -5.371475 112.244308 0.632803 -0.761604 0.139709 0.755859 0.619141
15 5.894175 -5.091850 114.627869 0.638613 -0.762460 -0.104061 0.769531 0.701172
102 5.077845 -5.711100 113.038773 0.605344 -0.793895 -0.057354 0.732422 0.660156
head.png
102 5.077845 -5.711100 113.038773 0.605344 -0.793895 -0.057354 0.732422 0.660156
15 5.894175 -5.091850 114.627869 0.638613 -0.762460 -0.104061 0.769531 0.701172
93 5.230210 -5.661440 114.119873 0.675184 -0.722578 0.148350 0.740234 0.687500
head.png
15 5.894175 -5.091850 114.627869 0.638613 -0.762460 -0.104061 0.769531 0.701172
94 4.659495 -5.947860 114.819534 0.596458 -0.802492 -0.015628 0.724609 0.718750
93 5.230210 -5.661440 114.119873 0.675184 -0.722578 0.148350 0.740234 0.687500
head.png
93 5.230210 -5.661440 114.119873 0.675184 -0.722578 0.148350 0.740234 0.687500
94 4.659495 -5.947860 114.819534 0.596458 -0.802492 -0.015628 0.724609 0.718750
94 4.608830 -6.120045 114.638458 0.575321 -0.711789 0.402942 0.720703 0.708984
head.png
94 4.659495 -5.947860 114.819534 0.596458 -0.802492 -0.015628 0.724609 0.718750
95 3.704865 -6.555230 114.899178 0.544482 -0.816829 -0.190603 0.691406 0.736328
94 4.608830 -6.120045 114.638458 0.575321 -0.711789 0.402942 0.720703 0.708984
head.png
94 4.608830 -6.120045 114.638458 0.575321 -0.711789 0.402942 0.720703 0.708984
95 3.704865 -6.555230 114.899178 0.544482 -0.816829 -0.190603 0.691406 0.736328
95 3.704605 -6.628310 114.706413 0.352874 -0.930965 0.093722 0.685547 0.724609
head.png
95 3.704865 -6.555230 114.899178 0.544482 -0.816829 -0.190603 0.691406 0.736328
96 2.670810 -6.914535 114.514763 0.555197 -0.689046 -0.465802 0.642578 0.732422
95 3.704605 -6.628310 114.706413 0.352874 -0.930965 0.093722 0.685547 0.724609
head.png
95 3.704605 -6.628310 114.706413 0.352874 -0.930965 0.093722 0.685547 0.724609
96 2.670810 -6.914535 114.514763 0.555197 -0.689046 -0.465802 0.642578 0.732422
96 2.721000 -6.870940 114.459267 0.397338 -0.861136 -0.317123 0.646484 0.726563
head.png
96 2.670810 -6.914535 114.514763 0.555197 -0.689046 -0.465802 0.642578 0.732422
97 2.166045 -7.019905 113.868134 0.602556 -0.755206 -0.258052 0.623047 0.707031
96 2.721000 -6.870940 114.459267 0.397338 -0.861136 -0.317123 0.646484 0.726563
head.png
15 -6.401685 -4.183985 111.654648 -0.879568 -0.468442 -0.083204 0.787109 0.591797
15 -6.102715 -4.536275 109.531204 -0.880916 -0.427750 -0.202527 0.748047 0.501953
15 -3.963605 -7.138345 111.448479 -0.489273 -0.792412 0.364274 0.662109 0.623047
head.png
15 -3.963605 -7.138345 111.448479 -0.489273 -0.792412 0.364274 0.662109 0.623047
15 -6.102715 -4.536275 109.531204 -0.880916 -0.427750 -0.202527 0.748047 0.501953
15 -3.863490 -7.188855 109.742630 -0.572267 -0.809774 -0.129523 0.644531 0.556641
head.png
15 -6.102715 -4.536275 109.531204 -0.880916 -0.427750 -0.202527 0.748047 0.501953
15 -4.951895 -4.465720 106.753502 -0.780451 -0.378674 -0.497496 0.695313 0.410156
15 -3.863490 -7.188855 109.742630 -0.572267 -0.809774 -0.129523 0.644531 0.556641
head.png
15 -3.863490 -7.188855 109.742630 -0.572267 -0.809774 -0.129523 0.644531 0.556641
15 -4.951895 -4.465720 106.753502 -0.780451 -0.378674 -0.497496 0.695313 0.410156
108 -3.427595 -7.013210 107.925552 -0.485799 -0.810417 -0.327450 0.621094 0.494141
head.png
15 -4.951895 -4.465720 106.753502 -0.780451 -0.378674 -0.497496 0.695313 0.410156
120 -2.633510 -6.346535 105.567871 -0.602417 -0.621615 -0.500688 0.589844 0.408203
108 -3.427595 -7.013210 107.925552 -0.485799 -0.810417 -0.327450 0.621094 0.494141
head.png
108 -3.427595 -7.013210 107.925552 -0.485799 -0.810417 -0.327450 0.621094 0.494141
120 -2.633510 -6.346535 105.567871 -0.602417 -0.621615 -0.500688 0.589844 0.408203
122 -1.195625 -7.558965 107.032303 -0.304095 -0.886561 -0.348620 0.546875 0.474609
head.png
120 -2.633510 -6.346535 105.567871 -0.602417 -0.621615 -0.500688 0.589844 0.408203
120 -1.186920 -7.211310 105.115616 -0.380106 -0.787283 -0.485495 0.539063 0.410156
122 -1.195625 -7.558965 107.032303 -0.304095 -0.886561 -0.348620 0.546875 0.474609
head.png
122 -1.195625 -7.558965 107.032303 -0.304095 -0.886561 -0.348620 0.546875 0.474609
120 -1.186920 -7.211310 105.115616 -0.380106 -0.787283 -0.485495 0.539063 0.410156
121 0.009685 -7.748180 107.045944 -0.003413 -0.958022 -0.286675 0.505859 0.480469
head.png
120 -1.186920 -7.211310 105.115616 -0.380106 -0.787283 -0.485495 0.539063 0.410156
120 0.012000 -7.487875 104.946487 -0.003696 -0.897795 -0.440399 0.507813 0.410156
121 0.009685 -7.748180 107.045944 -0.003413 -0.958022 -0.286675 0.505859 0.480469
head.png
121 0.009685 -7.748180 107.045944 -0.003413 -0.958022 -0.286675 0.505859 0.480469
120 0.012000 -7.487875 104.946487 -0.003696 -0.897795 -0.440399 0.507813 0.410156
120 1.213060 -7.221040 105.116058 0.376218 -0.789656 -0.484669 0.539063 0.410156
head.png
120 0.012000 -7.487875 104.946487 -0.003696 -0.897795 -0.440399 0.507813 0.410156
15 -0.009105 -6.388125 103.857262 -0.005712 -0.399202 -0.916845 0.509766 0.359375
120 1.213060 -7.221040 105.116058 0.376218 -0.789656 -0.484669 0.539063 0.410156
head.png
120 1.213060 -7.221040 105.116058 0.376218 -0.789656 -0.484669 0.539063 0.410156
15 -0.009105 -6.388125 103.857262 -0.005712 -0.399202 -0.916845 0.509766 0.359375
15 0.791945 -6.125525 103.977112 0.225204 -0.069899 -0.971801 0.531250 0.355469
head.png
15 -7.033475 0.217170 109.675835 -0.958268 -0.194118 -0.209857 0.888672 0.404297
15 -6.401685 -4.183985 111.654648 -0.879568 -0.468442 -0.083204 0.787109 0.591797
15 -7.483820 0.240050 111.989204 -0.971208 -0.220491 -0.090218 0.935547 0.507813
head.png
15 -7.483820 0.240050 111.989204 -0.971208 -0.220491 -0.090218 0.935547 0.507813
15 -6.401685 -4.183985 111.654648 -0.879568 -0.468442 -0.083204 0.787109 0.591797
15 -6.603035 -4.339910 115.449066 -0.877088 -0.479781 -0.022953 0.810547 0.708984
head.png
15 -6.401685 -4.183985 111.654648 -0.879568 -0.468442 -0.083204 0.787109 0.591797
15 -5.855930 -5.093865 114.631516 -0.649991 -0.746474 -0.142436 0.769531 0.699219
15 -6.603035 -4.339910 115.449066 -0.877088 -0.479781 -0.022953 0.810547 0.708984
head.png
15 -6.603035 -4.339910 115.449066 -0.877088 -0.479781 -0.022953 0.810547 0.708984
15 -5.855930 -5.093865 114.631516 -0.649991 -0.746474 -0.142436 0.769531 0.699219
15 -4.112235 -6.613825 115.464737 -0.515549 -0.829375 -0.215284 0.699219 0.755859
head.png
15 -5.855930 -5.093865 114.631516 -0.649991 -0.746474 -0.142436 0.769531 0.699219
103 -3.744475 -6.638595 115.085304 -0.408680 -0.872777 -0.266911 0.699219 0.748047
15 -4.112235 -6.613825 115.464737 -0.515549 -0.829375 -0.215284 0.699219 0.755859
head.png
15 -4.112235 -6.613825 115.464737 -0.515549 -0.829375 -0.215284 0.699219 0.755859
103 -3.744475 -6.638595 115.085304 -0.408680 -0.872777 -0.266911 0.699219 0.748047
15 -2.065335 -7.384535 115.403976 -0.399259 -0.908827 -0.120941 0.617188 0.767578
head.png
103 -3.744475 -6.638595 115.085304 -0.408680 -0.872777 -0.266911 0.699219 0.748047
103 -2.546100 -7.073020 114.431335 -0.541975 -0.810502 -0.222145 0.640625 0.732422
15 -2.065335 -7.384535 115.403976 -0.399259 -0.908827 -0.120941 0.617188 0.767578
head.png
15 -2.065335 -7.384535 115.403976 -0.399259 -0.908827 -0.120941 0.617188 0.767578
103 -2.546100 -7.073020 114.431335 -0.541975 -0.810502 -0.222145 0.640625 0.732422
103 -1.797585 -7.447070 114.273834 -0.440654 -0.895743 -0.058892 0.597656 0.728516
head.png
103 -2.546100 -7.073020 114.431335 -0.541975 -0.810502 -0.222145 0.640625 0.732422
15 -1.465525 -7.527715 113.356483 -0.575420 -0.788436 -0.217396 0.589844 0.695313
103 -1.797585 -7.447070 114.273834 -0.440654 -0.895743 -0.058892 0.597656 0.728516
head.png
15 -1.266895 -8.020121 110.041275 -0.583793 -0.811898 -0.002705 0.554688 0.589844
15 -0.018610 -8.489880 109.089386 -0.002651 -0.999091 -0.042556 0.505859 0.554688
15 -0.018960 -8.565770 109.299713 -0.009037 -0.696219 -0.717772 0.505859 0.562500
head.png
15 -0.018960 -8.565770 109.299713 -0.009037 -0.696219 -0.717772 0.505859 0.562500
15 -0.018610 -8.489880 109.089386 -0.002651 -0.999091 -0.042556 0.505859 0.554688
15 1.283285 -7.980805 110.035904 0.585245 -0.810856 0.001149 0.554688 0.589844
head.png
15 -0.018610 -8.489880 109.089386 -0.002651 -0.999091 -0.042556 0.505859 0.554688
113 1.557185 -7.968750 108.217766 0.309955 -0.860620 -0.404056 0.560547 0.527344
15 1.283285 -7.980805 110.035904 0.585245 -0.810856 0.001149 0.554688 0.589844
head.png
15 1.283285 -7.980805 110.035904 0.585245 -0.810856 0.001149 0.554688 0.589844
113 1.557185 -7.968750 108.217766 0.309955 -0.860620 -0.404056 0.560547 0.527344
15 3.886645 -7.170625 109.738235 0.569976 -0.811450 -0.129139 0.644531 0.556641
head.png
113 1.557185 -7.968750 108.217766 0.309955 -0.860620 -0.404056 0.560547 0.527344
109 3.429655 -7.013220 107.943413 0.491066 -0.808881 -0.323366 0.621094 0.494141
15 3.886645 -7.170625 109.738235 0.569976 -0.811450 -0.129139 0.644531 0.556641
head.png
15 3.886645 -7.170625 109.738235 0.569976 -0.811450 -0.129139 0.644531 0.556641
109 3.429655 -7.013220 107.943413 0.491066 -0.808881 -0.323366 0.621094 0.494141
15 4.948240 -4.450350 106.799164 0.780657 -0.383422 -0.493520 0.695313 0.410156
head.png
109 3.429655 -7.013220 107.943413 0.491066 -0.808881 -0.323366 0.621094 0.494141
120 2.616445 -6.367826 105.568855 0.609364 -0.624684 -0.488308 0.589844 0.408203
15 4.948240 -4.450350 106.799164 0.780657 -0.383422 -0.493520 0.695313 0.410156
head.png
15 4.948240 -4.450350 106.799164 0.780657 -0.383422 -0.493520 0.695313 0.410156
120 2.616445 -6.367826 105.568855 0.609364 -0.624684 -0.488308 0.589844 0.408203
15 3.450000 -4.091275 105.095825 0.639323 -0.188329 -0.745519 0.642578 0.341797
head.png
120 2.616445 -6.367826 105.568855 0.609364 -0.624684 -0.488308 0.589844 0.408203
15 1.844045 -5.598100 104.216690 0.422119 -0.138874 -0.895840 0.564453 0.351563
15 3.450000 -4.091275 105.095825 0.639323 -0.188329 -0.745519 0.642578 0.341797
head.png
110 -1.384910 -7.797730 107.993889 -0.264846 -0.915579 0.302609 0.546875 0.511719
105 0.003280 -8.221605 107.786514 0.001450 -0.999997 0.002049 0.505859 0.511719
105 0.003540 -8.148530 107.979279 0.002495 -0.935064 0.354471 0.505859 0.517578
head.png
105 0.003540 -8.148530 107.979279 0.002495 -0.935064 0.354471 0.505859 0.517578
105 0.003280 -8.221605 107.786514 0.001450 -0.999997 0.002049 0.505859 0.511719
111 1.389245 -7.789660 107.996628 0.266987 -0.914589 0.303718 0.546875 0.511719
head.png
105 0.003280 -8.221605 107.786514 0.001450 -0.999997 0.002049 0.505859 0.511719
111 1.489185 -7.813485 107.798012 0.324873 -0.943494 -0.065396 0.556641 0.500000
111 1.389245 -7.789660 107.996628 0.266987 -0.914589 0.303718 0.546875 0.511719
head.png
111 1.389245 -7.789660 107.996628 0.266987 -0.914589 0.303718 0.546875 0.511719
111 1.489185 -7.813485 107.798012 0.324873 -0.943494 -0.065396 0.556641 0.500000
109 3.429655 -7.013220 107.943413 0.491066 -0.808881 -0.323366 0.621094 0.494141
head.png
111 1.489185 -7.813485 107.798012 0.324873 -0.943494 -0.065396 0.556641 0.500000
123 1.232560 -7.558965 107.017662 0.306622 -0.889553 -0.338642 0.546875 0.474609
109 3.429655 -7.013220 107.943413 0.491066 -0.808881 -0.323366 0.621094 0.494141
head.png
109 3.429655 -7.013220 107.943413 0.491066 -0.808881 -0.323366 0.621094 0.494141
123 1.232560 -7.558965 107.017662 0.306622 -0.889553 -0.338642 0.546875 0.474609
120 2.616445 -6.367826 105.568855 0.609364 -0.624684 -0.488308 0.589844 0.408203
head.png
123 1.232560 -7.558965 107.017662 0.306622 -0.889553 -0.338642 0.546875 0.474609
120 1.213060 -7.221040 105.116058 0.376218 -0.789656 -0.484669 0.539063 0.410156
120 2.616445 -6.367826 105.568855 0.609364 -0.624684 -0.488308 0.589844 0.408203
head.png
120 2.616445 -6.367826 105.568855 0.609364 -0.624684 -0.488308 0.589844 0.408203
120 1.213060 -7.221040 105.116058 0.376218 -0.789656 -0.484669 0.539063 0.410156
15 1.844045 -5.598100 104.216690 0.422119 -0.138874 -0.895840 0.564453 0.351563
head.png
120 1.213060 -7.221040 105.116058 0.376218 -0.789656 -0.484669 0.539063 0.410156
15 0.791945 -6.125525 103.977112 0.225204 -0.069899 -0.971801 0.531250 0.355469
15 1.844045 -5.598100 104.216690 0.422119 -0.138874 -0.895840 0.564453 0.351563
head.png
15 1.484450 -7.539675 113.357040 0.590526 -0.772612 -0.233131 0.589844 0.695313
103 2.554060 -7.044044 114.426430 0.553487 -0.803320 -0.219837 0.640625 0.732422
103 1.802385 -7.461665 114.274513 0.466361 -0.883162 -0.050313 0.597656 0.728516
head.png
103 1.802385 -7.461665 114.274513 0.466361 -0.883162 -0.050313 0.597656 0.728516
103 2.554060 -7.044044 114.426430 0.553487 -0.803320 -0.219837 0.640625 0.732422
15 2.084835 -7.351705 115.398903 0.408232 -0.909448 -0.079061 0.617188 0.767578
head.png
103 2.554060 -7.044044 114.426430 0.553487 -0.803320 -0.219837 0.640625 0.732422
103 3.755465 -6.669005 115.086716 0.413223 -0.890365 -0.191044 0.699219 0.748047
15 2.084835 -7.351705 115.398903 0.408232 -0.909448 -0.079061 0.617188 0.767578
head.png
15 2.084835 -7.351705 115.398903 0.408232 -0.909448 -0.079061 0.617188 0.767578
103 3.755465 -6.669005 115.086716 0.413223 -0.890365 -0.191044 0.699219 0.748047
15 4.087895 -6.597415 115.460426 0.522990 -0.842954 -0.126134 0.699219 0.755859
head.png
103 3.755465 -6.669005 115.086716 0.413223 -0.890365 -0.191044 0.699219 0.748047
15 5.894175 -5.091850 114.627869 0.652959 -0.750069 -0.105072 0.769531 0.699219
15 4.087895 -6.597415 115.460426 0.522990 -0.842954 -0.126134 0.699219 0.755859
head.png
15 4.087895 -6.597415 115.460426 0.522990 -0.842954 -0.126134 0.699219 0.755859
15 5.894175 -5.091850 114.627869 0.652959 -0.750069 -0.105072 0.769531 0.699219
15 6.647060 -4.343980 115.445702 0.875289 -0.482702 -0.029471 0.810547 0.708984
head.png
15 5.894175 -5.091850 114.627869 0.652959 -0.750069 -0.105072 0.769531 0.699219
15 6.398410 -4.186225 111.651192 0.881570 -0.464609 -0.083507 0.787109 0.591797
15 6.647060 -4.343980 115.445702 0.875289 -0.482702 -0.029471 0.810547 0.708984
head.png
15 6.647060 -4.343980 115.445702 0.875289 -0.482702 -0.029471 0.810547 0.708984
15 6.398410 -4.186225 111.651192 0.881570 -0.464609 -0.083507 0.787109 0.591797
15 7.466255 0.229090 111.986153 0.971368 -0.218703 -0.092803 0.935547 0.507813
head.png
15 6.398410 -4.186225 111.651192 0.881570 -0.464609 -0.083507 0.787109 0.591797
15 7.066610 0.209655 109.672630 0.961276 -0.193218 -0.196508 0.888672 0.404297
15 7.466255 0.229090 111.986153 0.971368 -0.218703 -0.092803 0.935547 0.507813
head.png
15 -3.963605 -7.138345 111.448479 -0.489273 -0.792412 0.364274 0.662109 0.623047
15 -1.266895 -8.020121 110.041275 -0.583793 -0.811898 -0.002705 0.554688 0.589844
15 -1.064875 -7.427435 112.085884 -0.470407 -0.875956 0.106855 0.574219 0.662109
head.png
15 -1.064875 -7.427435 112.085884 -0.470407 -0.875956 0.106855 0.574219 0.662109
15 -1.266895 -8.020121 110.041275 -0.583793 -0.811898 -0.002705 0.554688 0.589844
15 -0.416875 -7.914915 112.243874 -0.667157 -0.731823 0.139053 0.537109 0.671875
head.png
15 -1.266895 -8.020121 110.041275 -0.583793 -0.811898 -0.002705 0.554688 0.589844
15 -0.522570 -9.381205 110.906403 -0.683145 -0.630061 0.369238 0.521484 0.621094
15 -0.416875 -7.914915 112.243874 -0.667157 -0.731823 0.139053 0.537109 0.671875
head.png
15 -0.416875 -7.914915 112.243874 -0.667157 -0.731823 0.139053 0.537109 0.671875
15 -0.522570 -9.381205 110.906403 -0.683145 -0.630061 0.369238 0.521484 0.621094
15 -0.018050 -8.196905 112.428047 -0.029538 -0.939808 0.340423 0.507813 0.677734
head.png
15 -0.522570 -9.381205 110.906403 -0.683145 -0.630061 0.369238 0.521484 0.621094
15 -0.023385 -9.581855 110.929916 -0.021135 -0.946010 0.323447 0.507813 0.625000
15 -0.018050 -8.196905 112.428047 -0.029538 -0.939808 0.340423 0.507813 0.677734
head.png
15 -0.018050 -8.196905 112.428047 -0.029538 -0.939808 0.340423 0.507813 0.677734
15 -0.023385 -9.581855 110.929916 -0.021135 -0.946010 0.323447 0.507813 0.625000
15 0.527420 -9.385460 110.906601 0.663462 -0.645895 0.377673 0.521484 0.621094
head.png
15 -0.023385 -9.581855 110.929916 -0.021135 -0.946010 0.323447 0.507813 0.625000
15 0.527405 -9.423630 110.155907 0.603148 -0.741245 -0.294566 0.521484 0.595703
15 0.527420 -9.385460 110.906601 0.663462 -0.645895 0.377673 0.521484 0.621094
head.png
15 0.527420 -9.385460 110.906601 0.663462 -0.645895 0.377673 0.521484 0.621094
15 0.527405 -9.423630 110.155907 0.603148 -0.741245 -0.294566 0.521484 0.595703
15 1.283285 -7.980805 110.035904 0.585245 -0.810856 0.001149 0.554688 0.589844
head.png
15 -0.009105 -6.388125 103.857262 -0.005712 -0.399202 -0.916845 0.509766 0.359375
120 -1.186920 -7.211310 105.115616 -0.380106 -0.787283 -0.485495 0.539063 0.410156
15 -0.758045 -6.119240 103.976814 -0.231308 -0.065201 -0.970693 0.531250 0.355469
head.png
15 -0.758045 -6.119240 103.976814 -0.231308 -0.065201 -0.970693 0.531250 0.355469
120 -1.186920 -7.211310 105.115616 -0.380106 -0.787283 -0.485495 0.539063 0.410156
15 -1.805925 -5.583300 104.216003 -0.417940 -0.131758 -0.898869 0.564453 0.351563
head.png
120 -1.186920 -7.211310 105.115616 -0.380106 -0.787283 -0.485495 0.539063 0.410156
120 -2.633510 -6.346535 105.567871 -0.602417 -0.621615 -0.500688 0.589844 0.408203
15 -1.805925 -5.583300 104.216003 -0.417940 -0.131758 -0.898869 0.564453 0.351563
head.png
15 -1.805925 -5.583300 104.216003 -0.417940 -0.131758 -0.898869 0.564453 0.351563
120 -2.633510 -6.346535 105.567871 -0.602417 -0.621615 -0.500688 0.589844 0.408203
15 -3.399940 -4.063500 105.094536 -0.626910 -0.174014 -0.759409 0.642578 0.341797
head.png
120 -2.633510 -6.346535 105.567871 -0.602417 -0.621615 -0.500688 0.589844 0.408203
15 -4.951895 -4.465720 106.753502 -0.780451 -0.378674 -0.497496 0.695313 0.410156
15 -3.399940 -4.063500 105.094536 -0.626910 -0.174014 -0.759409 0.642578 0.341797
head.png
15 -3.399940 -4.063500 105.094536 -0.626910 -0.174014 -0.759409 0.642578 0.341797
15 -4.951895 -4.465720 106.753502 -0.780451 -0.378674 -0.497496 0.695313 0.410156
15 -5.085685 -0.486810 106.334724 -0.466122 0.223011 -0.856152 0.779297 0.275391
head.png
15 -4.951895 -4.465720 106.753502 -0.780451 -0.378674 -0.497496 0.695313 0.410156
15 -6.333810 0.047350 107.832840 -0.840833 0.075501 -0.536004 0.833984 0.332031
15 -5.085685 -0.486810 106.334724 -0.466122 0.223011 -0.856152 0.779297 0.275391
head.png
15 0.433115 -7.918360 112.244026 0.662544 -0.737402 0.131433 0.537109 0.671875
15 1.283285 -7.980805 110.035904 0.585245 -0.810856 0.001149 0.554688 0.589844
15 1.085310 -7.386495 112.080429 0.486563 -0.868673 0.093074 0.574219 0.662109
head.png
15 1.085310 -7.386495 112.080429 0.486563 -0.868673 0.093074 0.574219 0.662109
15 1.283285 -7.980805 110.035904 0.585245 -0.810856 0.001149 0.554688 0.589844
15 3.986530 -7.120925 111.444122 0.484176 -0.792818 0.370153 0.662109 0.623047
head.png
15 1.283285 -7.980805 110.035904 0.585245 -0.810856 0.001149 0.554688 0.589844
15 3.886645 -7.170625 109.738235 0.569976 -0.811450 -0.129139 0.644531 0.556641
15 3.986530 -7.120925 111.444122 0.484176 -0.792818 0.370153 0.662109 0.623047
head.png
15 3.986530 -7.120925 111.444122 0.484176 -0.792818 0.370153 0.662109 0.623047
15 3.886645 -7.170625 109.738235 0.569976 -0.811450 -0.129139 0.644531 0.556641
15 6.147385 -4.536290 109.527657 0.879421 -0.430554 -0.203080 0.748047 0.501953
head.png
15 3.886645 -7.170625 109.738235 0.569976 -0.811450 -0.129139 0.644531 0.556641
15 4.948240 -4.450350 106.799164 0.780657 -0.383422 -0.493520 0.695313 0.410156
15 6.147385 -4.536290 109.527657 0.879421 -0.430554 -0.203080 0.748047 0.501953
head.png
15 6.147385 -4.536290 109.527657 0.879421 -0.430554 -0.203080 0.748047 0.501953
15 4.948240 -4.450350 106.799164 0.780657 -0.383422 -0.493520 0.695313 0.410156
15 6.366285 0.045515 107.829369 0.838568 0.069875 -0.540297 0.833984 0.332031
head.png
15 4.948240 -4.450350 106.799164 0.780657 -0.383422 -0.493520 0.695313 0.410156
15 5.114430 -0.478515 106.330788 0.473270 0.216876 -0.853803 0.779297 0.275391
15 6.366285 0.045515 107.829369 0.838568 0.069875 -0.540297 0.833984 0.332031
head.png
15 2.084835 -7.351705 115.398903 0.408232 -0.909448 -0.079061 0.617188 0.767578
15 1.032805 -7.849860 115.407600 0.376931 -0.926088 0.016826 0.560547 0.777344
103 1.802385 -7.461665 114.274513 0.466361 -0.883162 -0.050313 0.597656 0.728516
head.png
103 1.802385 -7.461665 114.274513 0.466361 -0.883162 -0.050313 0.597656 0.728516
15 1.032805 -7.849860 115.407600 0.376931 -0.926088 0.016826 0.560547 0.777344
15 0.732550 -7.986350 113.812698 0.427612 -0.901657 -0.064519 0.548828 0.724609
head.png
15 1.032805 -7.849860 115.407600 0.376931 -0.926088 0.016826 0.560547 0.777344
15 -0.018645 -8.275385 113.897339 -0.022590 -0.999681 0.011331 0.507813 0.728516
15 0.732550 -7.986350 113.812698 0.427612 -0.901657 -0.064519 0.548828 0.724609
head.png
15 0.732550 -7.986350 113.812698 0.427612 -0.901657 -0.064519 0.548828 0.724609
15 -0.018645 -8.275385 113.897339 -0.022590 -0.999681 0.011331 0.507813 0.728516
15 -0.018050 -8.196905 112.428047 -0.029538 -0.939808 0.340423 0.507813 0.677734
head.png
15 -0.018645 -8.275385 113.897339 -0.022590 -0.999681 0.011331 0.507813 0.728516
15 -0.667440 -7.980670 113.812424 -0.448474 -0.891407 -0.065312 0.548828 0.724609
15 -0.018050 -8.196905 112.428047 -0.029538 -0.939808 0.340423 0.507813 0.677734
head.png
15 -0.018050 -8.196905 112.428047 -0.029538 -0.939808 0.340423 0.507813 0.677734
15 -0.667440 -7.980670 113.812424 -0.448474 -0.891407 -0.065312 0.548828 0.724609
15 -0.416875 -7.914915 112.243874 -0.667157 -0.731823 0.139053 0.537109 0.671875
head.png
15 -0.667440 -7.980670 113.812424 -0.448474 -0.891407 -0.065312 0.548828 0.724609
15 -1.465525 -7.527715 113.356483 -0.575420 -0.788436 -0.217396 0.589844 0.695313
15 -0.416875 -7.914915 112.243874 -0.667157 -0.731823 0.139053 0.537109 0.671875
head.png
109 3.429655 -7.013220 107.943413 -0.019082 -0.081411 -0.996498 0.066406 0.873047
113 1.407950 -7.787085 108.045349 -0.232269 0.075867 -0.969688 0.064453 0.863281
115 3.525095 -5.100636 107.785332 -0.026173 -0.075850 -0.996776 0.066406 0.908203
head.png
115 3.525095 -5.100636 107.785332 -0.026173 -0.075850 -0.996776 0.066406 0.908203
113 1.407950 -7.787085 108.045349 -0.232269 0.075867 -0.969688 0.064453 0.863281
107 1.824825 -2.103915 107.630798 -0.255320 -0.179828 -0.949986 0.064453 0.957031
head.png
113 1.407950 -7.787085 108.045349 -0.232269 0.075867 -0.969688 0.064453 0.863281
107 0.010020 -5.674410 109.310989 0.000592 0.107049 -0.994254 0.062500 0.898438
107 1.824825 -2.103915 107.630798 -0.255320 -0.179828 -0.949986 0.064453 0.957031
head.png
107 1.824825 -2.103915 107.630798 -0.255320 -0.179828 -0.949986 0.064453 0.957031
107 0.010020 -5.674410 109.310989 0.000592 0.107049 -0.994254 0.062500 0.898438
107 -1.825145 -2.089115 107.630119 0.257283 -0.178195 -0.949764 0.058594 0.957031
head.png
107 0.010020 -5.674410 109.310989 0.000592 0.107049 -0.994254 0.062500 0.898438
112 -1.377170 -7.779531 108.045364 0.237817 0.076996 -0.968253 0.060547 0.863281
107 -1.825145 -2.089115 107.630119 0.257283 -0.178195 -0.949764 0.058594 0.957031
head.png
107 -1.825145 -2.089115 107.630119 0.257283 -0.178195 -0.949764 0.058594 0.957031
112 -1.377170 -7.779531 108.045364 0.237817 0.076996 -0.968253 0.060547 0.863281
114 -3.526495 -5.100595 107.768028 0.035090 -0.075016 -0.996565 0.056641 0.908203
head.png
112 -1.377170 -7.779531 108.045364 0.237817 0.076996 -0.968253 0.060547 0.863281
108 -3.427595 -7.013210 107.925552 0.028094 -0.080607 -0.996350 0.058594 0.873047
114 -3.526495 -5.100595 107.768028 0.035090 -0.075016 -0.996565 0.056641 0.908203
head.png
116 0.016470 -5.697360 106.937836 -0.002830 0.151309 0.988482 0.130859 0.845703
114 -3.526495 -5.100595 107.768028 0.162120 0.099101 0.981782 0.019531 0.867188
110 -1.384910 -7.797730 107.993889 0.125184 0.256169 0.958492 0.085938 0.763672
head.png
116 0.016470 -5.697360 106.937836 -0.002830 0.151309 0.988482 0.130859 0.845703
107 -1.825145 -2.089115 107.630119 0.107907 -0.133928 0.985099 0.072266 0.986328
114 -3.526495 -5.100595 107.768028 0.162120 0.099101 0.981782 0.019531 0.867188
head.png
116 0.016470 -5.697360 106.937836 -0.002830 0.151309 0.988482 0.130859 0.845703
107 1.824825 -2.103915 107.630798 -0.112305 -0.133371 0.984683 0.191406 0.986328
107 -1.825145 -2.089115 107.630119 0.107907 -0.133928 0.985099 0.072266 0.986328
head.png
116 0.016470 -5.697360 106.937836 -0.002830 0.151309 0.988482 0.130859 0.845703
115 3.525095 -5.100636 107.785332 -0.169165 0.099881 0.980514 0.242188 0.867188
107 1.824825 -2.103915 107.630798 -0.112305 -0.133371 0.984683 0.191406 0.986328
head.png
116 0.016470 -5.697360 106.937836 -0.002830 0.151309 0.988482 0.130859 0.845703
111 1.389245 -7.789660 107.996628 -0.131440 0.256820 0.957480 0.177734 0.763672
115 3.525095 -5.100636 107.785332 -0.169165 0.099881 0.980514 0.242188 0.867188
head.png
116 0.016470 -5.697360 106.937836 -0.002830 0.151309 0.988482 0.130859 0.845703
105 0.003540 -8.148530 107.979279 -0.002252 0.391053 0.920365 0.130859 0.748047
111 1.389245 -7.789660 107.996628 -0.131440 0.256820 0.957480 0.177734 0.763672
head.png
116 0.016470 -5.697360 106.937836 -0.002830 0.151309 0.988482 0.130859 0.845703
110 -1.384910 -7.797730 107.993889 0.125184 0.256169 0.958492 0.085938 0.763672
105 0.003540 -8.148530 107.979279 -0.002252 0.391053 0.920365 0.130859 0.748047
head.png
15 -0.758045 -6.119240 103.976814 -0.231308 -0.065201 -0.970693 0.531250 0.355469
15 0.002980 -3.367580 104.709412 -0.001519 0.281290 -0.959622 0.509766 0.251953
15 -0.009105 -6.388125 103.857262 -0.005712 -0.399202 -0.916845 0.509766 0.359375
head.png
15 -0.009105 -6.388125 103.857262 -0.005712 -0.399202 -0.916845 0.509766 0.359375
15 0.002980 -3.367580 104.709412 -0.001519 0.281290 -0.959622 0.509766 0.251953
15 0.791945 -6.125525 103.977112 0.225204 -0.069899 -0.971801 0.531250 0.355469
head.png
15 0.002980 -3.367580 104.709412 -0.001519 0.281290 -0.959622 0.509766 0.251953
15 2.558280 -2.031140 105.457321 0.125510 0.287785 -0.949435 0.662109 0.244141
15 0.791945 -6.125525 103.977112 0.225204 -0.069899 -0.971801 0.531250 0.355469
head.png
15 0.791945 -6.125525 103.977112 0.225204 -0.069899 -0.971801 0.531250 0.355469
15 2.558280 -2.031140 105.457321 0.125510 0.287785 -0.949435 0.662109 0.244141
15 1.844045 -5.598100 104.216690 0.422119 -0.138874 -0.895840 0.564453 0.351563
head.png
15 2.558280 -2.031140 105.457321 0.125510 0.287785 -0.949435 0.662109 0.244141
15 5.114430 -0.478515 106.330788 0.473270 0.216876 -0.853803 0.779297 0.275391
15 1.844045 -5.598100 104.216690 0.422119 -0.138874 -0.895840 0.564453 0.351563
head.png
15 1.844045 -5.598100 104.216690 0.422119 -0.138874 -0.895840 0.564453 0.351563
15 5.114430 -0.478515 106.330788 0.473270 0.216876 -0.853803 0.779297 0.275391
15 3.450000 -4.091275 105.095825 0.639323 -0.188329 -0.745519 0.642578 0.341797
head.png
86 -2.097135 -7.056855 113.860291 -0.740286 -0.553111 -0.382158 0.615234 0.714844
15 -1.465525 -7.527715 113.356483 -0.575420 -0.788436 -0.217396 0.589844 0.695313
103 -2.546100 -7.073020 114.431335 -0.541975 -0.810502 -0.222145 0.640625 0.732422
head.png
86 -2.097135 -7.056855 113.860291 -0.740286 -0.553111 -0.382158 0.615234 0.714844
87 -1.969045 -7.056650 113.138161 -0.605106 -0.783359 -0.142109 0.611328 0.687500
15 -1.465525 -7.527715 113.356483 -0.575420 -0.788436 -0.217396 0.589844 0.695313
head.png
86 -2.097135 -7.056855 113.860291 -0.740286 -0.553111 -0.382158 0.615234 0.714844
86 -2.146930 -7.006995 113.854431 -0.614066 -0.751521 -0.241122 0.623047 0.707031
87 -1.969045 -7.056650 113.138161 -0.605106 -0.783359 -0.142109 0.611328 0.687500
head.png
86 -2.097135 -7.056855 113.860291 -0.740286 -0.553111 -0.382158 0.615234 0.714844
85 -2.630690 -6.902030 114.505699 -0.567098 -0.674918 -0.472108 0.642578 0.732422
86 -2.146930 -7.006995 113.854431 -0.614066 -0.751521 -0.241122 0.623047 0.707031
head.png
86 -2.097135 -7.056855 113.860291 -0.740286 -0.553111 -0.382158 0.615234 0.714844
103 -2.546100 -7.073020 114.431335 -0.593655 -0.211681 -0.776379 0.642578 0.732422
85 -2.630690 -6.902030 114.505699 -0.567098 -0.674918 -0.472108 0.642578 0.732422
head.png
108 -3.427595 -7.013210 107.925552 -0.485799 -0.810417 -0.327450 0.621094 0.494141
122 -1.195625 -7.558965 107.032303 -0.304095 -0.886561 -0.348620 0.546875 0.474609
110 -1.484965 -7.820740 107.795242 -0.323640 -0.942728 -0.080751 0.556641 0.500000
head.png
110 -1.484965 -7.820740 107.795242 -0.323640 -0.942728 -0.080751 0.556641 0.500000
122 -1.195625 -7.558965 107.032303 -0.304095 -0.886561 -0.348620 0.546875 0.474609
105 0.003280 -8.221605 107.786514 0.001450 -0.999997 0.002049 0.505859 0.511719
head.png
122 -1.195625 -7.558965 107.032303 -0.304095 -0.886561 -0.348620 0.546875 0.474609
121 0.009685 -7.748180 107.045944 -0.003413 -0.958022 -0.286675 0.505859 0.480469
105 0.003280 -8.221605 107.786514 0.001450 -0.999997 0.002049 0.505859 0.511719
head.png
105 0.003280 -8.221605 107.786514 0.001450 -0.999997 0.002049 0.505859 0.511719
121 0.009685 -7.748180 107.045944 -0.003413 -0.958022 -0.286675 0.505859 0.480469
123 1.232560 -7.558965 107.017662 0.306622 -0.889553 -0.338642 0.546875 0.474609
head.png
121 0.009685 -7.748180 107.045944 -0.003413 -0.958022 -0.286675 0.505859 0.480469
120 1.213060 -7.221040 105.116058 0.376218 -0.789656 -0.484669 0.539063 0.410156
123 1.232560 -7.558965 107.017662 0.306622 -0.889553 -0.338642 0.546875 0.474609
head.png
15 -1.465525 -7.527715 113.356483 -0.575420 -0.788436 -0.217396 0.589844 0.695313
15 -0.667440 -7.980670 113.812424 -0.448474 -0.891407 -0.065312 0.548828 0.724609
103 -1.797585 -7.447070 114.273834 -0.440654 -0.895743 -0.058892 0.597656 0.728516
head.png
103 -1.797585 -7.447070 114.273834 -0.440654 -0.895743 -0.058892 0.597656 0.728516
15 -0.667440 -7.980670 113.812424 -0.448474 -0.891407 -0.065312 0.548828 0.724609
15 -1.017180 -7.841550 115.407211 -0.385152 -0.922850 0.002334 0.560547 0.777344
head.png
15 -0.667440 -7.980670 113.812424 -0.448474 -0.891407 -0.065312 0.548828 0.724609
15 -0.018645 -8.275385 113.897339 -0.022590 -0.999681 0.011331 0.507813 0.728516
15 -1.017180 -7.841550 115.407211 -0.385152 -0.922850 0.002334 0.560547 0.777344
head.png
15 -1.017180 -7.841550 115.407211 -0.385152 -0.922850 0.002334 0.560547 0.777344
15 -0.018645 -8.275385 113.897339 -0.022590 -0.999681 0.011331 0.507813 0.728516
15 -0.018415 -8.149390 115.392876 -0.010661 -0.996413 0.083947 0.507813 0.779297
head.png
15 -0.018645 -8.275385 113.897339 -0.022590 -0.999681 0.011331 0.507813 0.728516
15 1.032805 -7.849860 115.407600 0.376931 -0.926088 0.016826 0.560547 0.777344
15 -0.018415 -8.149390 115.392876 -0.010661 -0.996413 0.083947 0.507813 0.779297
head.png
97 2.115840 -7.069360 113.873978 0.722263 -0.576496 -0.382085 0.615234 0.714844
96 2.670810 -6.914535 114.514763 0.555197 -0.689046 -0.465802 0.642578 0.732422
103 2.554060 -7.044044 114.426430 0.569835 -0.200996 -0.796799 0.642578 0.732422
head.png
97 2.115840 -7.069360 113.873978 0.722263 -0.576496 -0.382085 0.615234 0.714844
97 2.166045 -7.019905 113.868134 0.602556 -0.755206 -0.258052 0.623047 0.707031
96 2.670810 -6.914535 114.514763 0.555197 -0.689046 -0.465802 0.642578 0.732422
head.png
97 2.115840 -7.069360 113.873978 0.722263 -0.576496 -0.382085 0.615234 0.714844
98 1.952795 -7.069360 113.145714 0.612990 -0.769940 -0.177304 0.611328 0.687500
97 2.166045 -7.019905 113.868134 0.602556 -0.755206 -0.258052 0.623047 0.707031
head.png
97 2.115840 -7.069360 113.873978 0.722263 -0.576496 -0.382085 0.615234 0.714844
15 1.484450 -7.539675 113.357040 0.590526 -0.772612 -0.233131 0.589844 0.695313
98 1.952795 -7.069360 113.145714 0.612990 -0.769940 -0.177304 0.611328 0.687500
head.png
97 2.115840 -7.069360 113.873978 0.722263 -0.576496 -0.382085 0.615234 0.714844
103 2.554060 -7.044044 114.426430 0.553487 -0.803320 -0.219837 0.640625 0.732422
15 1.484450 -7.539675 113.357040 0.590526 -0.772612 -0.233131 0.589844 0.695313
head.png
113 1.557185 -7.968750 108.217766 0.309955 -0.860620 -0.404056 0.560547 0.527344
15 -0.018610 -8.489880 109.089386 -0.002651 -0.999091 -0.042556 0.505859 0.554688
106 0.003730 -8.624355 108.249626 -0.004396 -0.835576 -0.549358 0.505859 0.533203
head.png
106 0.003730 -8.624355 108.249626 -0.004396 -0.835576 -0.549358 0.505859 0.533203
15 -0.018610 -8.489880 109.089386 -0.002651 -0.999091 -0.042556 0.505859 0.554688
112 -1.527935 -7.959980 108.217735 -0.309523 -0.856411 -0.413226 0.560547 0.527344
head.png
15 -0.018610 -8.489880 109.089386 -0.002651 -0.999091 -0.042556 0.505859 0.554688
15 -1.266895 -8.020121 110.041275 -0.583793 -0.811898 -0.002705 0.554688 0.589844
112 -1.527935 -7.959980 108.217735 -0.309523 -0.856411 -0.413226 0.560547 0.527344
head.png
112 -1.527935 -7.959980 108.217735 -0.309523 -0.856411 -0.413226 0.560547 0.527344
15 -1.266895 -8.020121 110.041275 -0.583793 -0.811898 -0.002705 0.554688 0.589844
15 -3.863490 -7.188855 109.742630 -0.572267 -0.809774 -0.129523 0.644531 0.556641
head.png
15 -1.266895 -8.020121 110.041275 -0.583793 -0.811898 -0.002705 0.554688 0.589844
15 -3.963605 -7.138345 111.448479 -0.489273 -0.792412 0.364274 0.662109 0.623047
15 -3.863490 -7.188855 109.742630 -0.572267 -0.809774 -0.129523 0.644531 0.556641
head.png
119 3.171775 -5.505560 108.430244 -0.688993 0.401151 0.603628 0.253906 0.960938
119 1.966565 -6.806490 108.030174 -0.304261 0.307708 0.901522 0.423828 0.960938
119 3.670325 -5.866890 108.372009 0.497534 -0.639164 0.586455 0.253906 0.947266
head.png
119 3.670325 -5.866890 108.372009 0.497534 -0.639164 0.586455 0.253906 0.947266
119 1.966565 -6.806490 108.030174 -0.304261 0.307708 0.901522 0.423828 0.960938
119 2.214510 -7.315770 107.989464 0.216591 -0.605585 0.765738 0.423828 0.947266
head.png
119 1.966565 -6.806490 108.030174 -0.304261 0.307708 0.901522 0.423828 0.960938
119 0.015140 -7.157885 107.971481 -0.003194 0.569128 0.822243 0.511719 0.960938
119 2.214510 -7.315770 107.989464 0.216591 -0.605585 0.765738 0.423828 0.947266
head.png
119 2.214510 -7.315770 107.989464 0.216591 -0.605585 0.765738 0.423828 0.947266
119 0.015140 -7.157885 107.971481 -0.003194 0.569128 0.822243 0.511719 0.960938
119 0.013070 -7.672005 107.881073 -0.002194 -0.969115 0.246599 0.511719 0.947266
head.png
119 0.015140 -7.157885 107.971481 -0.003194 0.569128 0.822243 0.511719 0.960938
119 -2.185450 -7.297930 107.988632 -0.210146 -0.606066 0.767152 0.423828 0.947266
119 0.013070 -7.672005 107.881073 -0.002194 -0.969115 0.246599 0.511719 0.947266
head.png
117 1.166350 -7.626910 107.772057 0.203515 -0.926796 -0.315644 0.304688 0.927734
117 0.016125 -8.140195 108.687759 0.001233 -0.946581 -0.322464 0.255859 0.968750
117 0.015610 -7.801730 107.787521 -0.004834 -0.936020 -0.351915 0.255859 0.927734
head.png
117 0.015610 -7.801730 107.787521 -0.004834 -0.936020 -0.351915 0.255859 0.927734
117 0.016125 -8.140195 108.687759 0.001233 -0.946581 -0.322464 0.255859 0.968750
117 -1.133625 -7.616935 107.777115 -0.194187 -0.923374 -0.331168 0.304688 0.927734
head.png
117 0.016125 -8.140195 108.687759 0.001233 -0.946581 -0.322464 0.255859 0.968750
117 -1.932130 -7.777990 108.777847 -0.354735 -0.873666 -0.332973 0.353516 0.968750
117 -1.133625 -7.616935 107.777115 -0.194187 -0.923374 -0.331168 0.304688 0.927734
head.png
117 -1.133625 -7.616935 107.777115 -0.194187 -0.923374 -0.331168 0.304688 0.927734
117 -1.932130 -7.777990 108.777847 -0.354735 -0.873666 -0.332973 0.353516 0.968750
118 -1.583110 -7.481980 107.746361 -0.302344 -0.884205 -0.356047 0.328125 0.927734
head.png
117 -1.932130 -7.777990 108.777847 -0.354735 -0.873666 -0.332973 0.353516 0.968750
117 -1.982375 -7.346465 107.815414 -0.484989 -0.807154 -0.336584 0.353516 0.927734
118 -1.583110 -7.481980 107.746361 -0.302344 -0.884205 -0.356047 0.328125 0.927734
head.png
15 -0.018960 -8.565770 109.299713 -0.009037 -0.696219 -0.717772 0.505859 0.562500
15 -0.522585 -9.419375 110.155708 -0.624820 -0.726022 -0.287214 0.521484 0.595703
15 -1.266895 -8.020121 110.041275 -0.583793 -0.811898 -0.002705 0.554688 0.589844
head.png
15 -0.018960 -8.565770 109.299713 -0.009037 -0.696219 -0.717772 0.505859 0.562500
15 -0.023820 -9.725190 110.141281 -0.024600 -0.918523 -0.394601 0.507813 0.595703
15 -0.522585 -9.419375 110.155708 -0.624820 -0.726022 -0.287214 0.521484 0.595703
head.png
15 -0.018960 -8.565770 109.299713 -0.009037 -0.696219 -0.717772 0.505859 0.562500
15 0.527405 -9.423630 110.155907 0.603148 -0.741245 -0.294566 0.521484 0.595703
15 -0.023820 -9.725190 110.141281 -0.024600 -0.918523 -0.394601 0.507813 0.595703
head.png
15 -0.018960 -8.565770 109.299713 -0.009037 -0.696219 -0.717772 0.505859 0.562500
15 1.283285 -7.980805 110.035904 0.585245 -0.810856 0.001149 0.554688 0.589844
15 0.527405 -9.423630 110.155907 0.603148 -0.741245 -0.294566 0.521484 0.595703
head.png
112 -1.527935 -7.959980 108.217735 -0.309523 -0.856411 -0.413226 0.560547 0.527344
106 0.005725 -8.139510 108.091766 -0.002013 -0.476838 -0.878989 0.505859 0.517578
106 0.003730 -8.624355 108.249626 -0.004396 -0.835576 -0.549358 0.505859 0.533203
head.png
106 0.003730 -8.624355 108.249626 -0.004396 -0.835576 -0.549358 0.505859 0.533203
106 0.005725 -8.139510 108.091766 -0.002013 -0.476838 -0.878989 0.505859 0.517578
113 1.557185 -7.968750 108.217766 0.309955 -0.860620 -0.404056 0.560547 0.527344
head.png
106 0.005725 -8.139510 108.091766 -0.002013 -0.476838 -0.878989 0.505859 0.517578
113 1.407950 -7.787085 108.045349 0.159073 -0.607749 -0.778034 0.546875 0.511719
113 1.557185 -7.968750 108.217766 0.309955 -0.860620 -0.404056 0.560547 0.527344
head.png
113 1.557185 -7.968750 108.217766 0.309955 -0.860620 -0.404056 0.560547 0.527344
113 1.407950 -7.787085 108.045349 0.159073 -0.607749 -0.778034 0.546875 0.511719
109 3.429655 -7.013220 107.943413 0.491066 -0.808881 -0.323366 0.621094 0.494141
head.png
15 -1.266895 -8.020121 110.041275 -0.583793 -0.811898 -0.002705 0.554688 0.589844
15 -0.522585 -9.419375 110.155708 -0.624820 -0.726022 -0.287214 0.521484 0.595703
15 -0.522570 -9.381205 110.906403 -0.683145 -0.630061 0.369238 0.521484 0.621094
head.png
15 -0.522570 -9.381205 110.906403 -0.683145 -0.630061 0.369238 0.521484 0.621094
15 -0.522585 -9.419375 110.155708 -0.624820 -0.726022 -0.287214 0.521484 0.595703
15 -0.023385 -9.581855 110.929916 -0.021135 -0.946010 0.323447 0.507813 0.625000
head.png
15 -0.522585 -9.419375 110.155708 -0.624820 -0.726022 -0.287214 0.521484 0.595703
15 -0.023820 -9.725190 110.141281 -0.024600 -0.918523 -0.394601 0.507813 0.595703
15 -0.023385 -9.581855 110.929916 -0.021135 -0.946010 0.323447 0.507813 0.625000
head.png
15 -0.023385 -9.581855 110.929916 -0.021135 -0.946010 0.323447 0.507813 0.625000
15 -0.023820 -9.725190 110.141281 -0.024600 -0.918523 -0.394601 0.507813 0.595703
15 0.527405 -9.423630 110.155907 0.603148 -0.741245 -0.294566 0.521484 0.595703
head.png
15 -5.085685 -0.486810 106.334724 -0.466122 0.223011 -0.856152 0.779297 0.275391
15 -1.805925 -5.583300 104.216003 -0.417940 -0.131758 -0.898869 0.564453 0.351563
15 -3.399940 -4.063500 105.094536 -0.626910 -0.174014 -0.759409 0.642578 0.341797
head.png
15 -5.085685 -0.486810 106.334724 -0.466122 0.223011 -0.856152 0.779297 0.275391
15 -2.541880 -2.060120 105.462219 -0.123274 0.291098 -0.948718 0.662109 0.244141
15 -1.805925 -5.583300 104.216003 -0.417940 -0.131758 -0.898869 0.564453 0.351563
head.png
15 -5.085685 -0.486810 106.334724 -0.466122 0.223011 -0.856152 0.779297 0.275391
15 -4.384275 -0.142060 106.293869 -0.296872 0.508191 -0.808461 0.785156 0.238281
15 -2.541880 -2.060120 105.462219 -0.123274 0.291098 -0.948718 0.662109 0.244141
head.png
15 -5.085685 -0.486810 106.334724 -0.466122 0.223011 -0.856152 0.779297 0.275391
15 -6.333810 0.047350 107.832840 -0.840833 0.075501 -0.536004 0.833984 0.332031
15 -4.384275 -0.142060 106.293869 -0.296872 0.508191 -0.808461 0.785156 0.238281
head.png
88 -2.195950 -6.890120 112.527664 -0.398234 -0.915655 -0.054637 0.617188 0.656250
89 -3.243125 -6.554245 112.328018 -0.333942 -0.899342 -0.282252 0.664063 0.646484
88 -2.195835 -6.875595 112.223877 -0.360674 -0.907927 0.213502 0.621094 0.646484
head.png
88 -2.195835 -6.875595 112.223877 -0.360674 -0.907927 0.213502 0.621094 0.646484
89 -3.243125 -6.554245 112.328018 -0.333942 -0.899342 -0.282252 0.664063 0.646484
90 -4.698200 -5.857645 112.097595 -0.437619 -0.888107 0.140554 0.712891 0.630859
head.png
89 -3.243125 -6.554245 112.328018 -0.333942 -0.899342 -0.282252 0.664063 0.646484
90 -4.548750 -5.983800 112.313812 -0.478566 -0.861112 -0.171643 0.708984 0.640625
90 -4.698200 -5.857645 112.097595 -0.437619 -0.888107 0.140554 0.712891 0.630859
head.png
90 -4.698200 -5.857645 112.097595 -0.437619 -0.888107 0.140554 0.712891 0.630859
90 -4.548750 -5.983800 112.313812 -0.478566 -0.861112 -0.171643 0.708984 0.640625
91 -5.079585 -5.698390 113.049911 -0.594969 -0.802123 -0.051093 0.732422 0.660156
head.png
15 0.433115 -7.918360 112.244026 0.662544 -0.737402 0.131433 0.537109 0.671875
15 0.527420 -9.385460 110.906601 0.663462 -0.645895 0.377673 0.521484 0.621094
15 1.283285 -7.980805 110.035904 0.585245 -0.810856 0.001149 0.554688 0.589844
head.png
15 0.433115 -7.918360 112.244026 0.662544 -0.737402 0.131433 0.537109 0.671875
15 -0.018050 -8.196905 112.428047 -0.029538 -0.939808 0.340423 0.507813 0.677734
15 0.527420 -9.385460 110.906601 0.663462 -0.645895 0.377673 0.521484 0.621094
head.png
15 0.433115 -7.918360 112.244026 0.662544 -0.737402 0.131433 0.537109 0.671875
15 0.732550 -7.986350 113.812698 0.427612 -0.901657 -0.064519 0.548828 0.724609
15 -0.018050 -8.196905 112.428047 -0.029538 -0.939808 0.340423 0.507813 0.677734
head.png
15 0.433115 -7.918360 112.244026 0.662544 -0.737402 0.131433 0.537109 0.671875
15 1.484450 -7.539675 113.357040 0.590526 -0.772612 -0.233131 0.589844 0.695313
15 0.732550 -7.986350 113.812698 0.427612 -0.901657 -0.064519 0.548828 0.724609
head.png
15 5.894175 -5.091850 114.627869 0.638613 -0.762460 -0.104061 0.769531 0.701172
103 3.755465 -6.669005 115.086716 0.448086 -0.707962 -0.545901 0.693359 0.740234
94 4.659495 -5.947860 114.819534 0.596458 -0.802492 -0.015628 0.724609 0.718750
head.png
94 4.659495 -5.947860 114.819534 0.596458 -0.802492 -0.015628 0.724609 0.718750
103 3.755465 -6.669005 115.086716 0.448086 -0.707962 -0.545901 0.693359 0.740234
95 3.704865 -6.555230 114.899178 0.544482 -0.816829 -0.190603 0.691406 0.736328
head.png
103 3.755465 -6.669005 115.086716 0.448086 -0.707962 -0.545901 0.693359 0.740234
103 2.554060 -7.044044 114.426430 0.569835 -0.200996 -0.796799 0.642578 0.732422
95 3.704865 -6.555230 114.899178 0.544482 -0.816829 -0.190603 0.691406 0.736328
head.png
95 3.704865 -6.555230 114.899178 0.544482 -0.816829 -0.190603 0.691406 0.736328
103 2.554060 -7.044044 114.426430 0.569835 -0.200996 -0.796799 0.642578 0.732422
96 2.670810 -6.914535 114.514763 0.555197 -0.689046 -0.465802 0.642578 0.732422
head.png
119 -3.679815 -5.886740 108.376480 -0.479464 -0.647112 0.592756 0.253906 0.947266
119 -2.184320 -7.067440 106.954529 -0.470490 -0.851586 -0.231171 0.423828 0.929688
119 -2.185450 -7.297930 107.988632 -0.210146 -0.606066 0.767152 0.423828 0.947266
head.png
119 -2.185450 -7.297930 107.988632 -0.210146 -0.606066 0.767152 0.423828 0.947266
119 -2.184320 -7.067440 106.954529 -0.470490 -0.851586 -0.231171 0.423828 0.929688
119 0.013070 -7.672005 107.881073 -0.002194 -0.969115 0.246599 0.511719 0.947266
head.png
119 -2.184320 -7.067440 106.954529 -0.470490 -0.851586 -0.231171 0.423828 0.929688
119 0.014215 -7.435660 106.896622 -0.000079 -0.972370 -0.233445 0.511719 0.929688
119 0.013070 -7.672005 107.881073 -0.002194 -0.969115 0.246599 0.511719 0.947266
head.png
119 0.013070 -7.672005 107.881073 -0.002194 -0.969115 0.246599 0.511719 0.947266
119 0.014215 -7.435660 106.896622 -0.000079 -0.972370 -0.233445 0.511719 0.929688
119 2.215655 -7.079425 107.005013 0.477813 -0.846002 -0.236590 0.423828 0.929688
head.png
119 0.015140 -7.157885 107.971481 -0.003194 0.569128 0.822243 0.511719 0.960938
119 -1.982460 -6.603790 107.050842 0.510754 0.833718 0.209868 0.423828 0.976563
119 -1.983400 -6.790475 108.029434 0.317242 0.321166 0.892306 0.423828 0.960938
head.png
119 0.015140 -7.157885 107.971481 -0.003194 0.569128 0.822243 0.511719 0.960938
119 0.016265 -6.927395 106.937378 -0.009868 0.976004 0.217529 0.511719 0.976563
119 -1.982460 -6.603790 107.050842 0.510754 0.833718 0.209868 0.423828 0.976563
head.png
119 0.015140 -7.157885 107.971481 -0.003194 0.569128 0.822243 0.511719 0.960938
119 1.967710 -6.570145 107.045731 -0.511138 0.826499 0.235876 0.423828 0.976563
119 0.016265 -6.927395 106.937378 -0.009868 0.976004 0.217529 0.511719 0.976563
head.png
119 0.015140 -7.157885 107.971481 -0.003194 0.569128 0.822243 0.511719 0.960938
119 1.966565 -6.806490 108.030174 -0.304261 0.307708 0.901522 0.423828 0.960938
119 1.967710 -6.570145 107.045731 -0.511138 0.826499 0.235876 0.423828 0.976563
head.png
117 1.968070 -7.751420 108.793938 0.354109 -0.884802 -0.302874 0.351563 0.968750
117 2.017575 -7.363815 107.806618 0.467497 -0.830579 -0.302631 0.351563 0.927734
117 3.623655 -6.234290 108.333099 0.611183 -0.746694 -0.262494 0.437500 0.929688
head.png
117 1.968070 -7.751420 108.793938 0.354109 -0.884802 -0.302874 0.351563 0.968750
118 1.566850 -7.495640 107.739426 0.290577 -0.898680 -0.328541 0.328125 0.927734
117 2.017575 -7.363815 107.806618 0.467497 -0.830579 -0.302631 0.351563 0.927734
head.png
117 1.968070 -7.751420 108.793938 0.354109 -0.884802 -0.302874 0.351563 0.968750
117 1.166350 -7.626910 107.772057 0.203515 -0.926796 -0.315644 0.304688 0.927734
118 1.566850 -7.495640 107.739426 0.290577 -0.898680 -0.328541 0.328125 0.927734
head.png
117 1.968070 -7.751420 108.793938 0.354109 -0.884802 -0.302874 0.351563 0.968750
117 0.016125 -8.140195 108.687759 0.001233 -0.946581 -0.322464 0.255859 0.968750
117 1.166350 -7.626910 107.772057 0.203515 -0.926796 -0.315644 0.304688 0.927734
head.png
15 -4.951895 -4.465720 106.753502 -0.780451 -0.378674 -0.497496 0.695313 0.410156
15 -6.102715 -4.536275 109.531204 -0.880916 -0.427750 -0.202527 0.748047 0.501953
15 -6.333810 0.047350 107.832840 -0.840833 0.075501 -0.536004 0.833984 0.332031
head.png
15 -6.333810 0.047350 107.832840 -0.840833 0.075501 -0.536004 0.833984 0.332031
15 -6.102715 -4.536275 109.531204 -0.880916 -0.427750 -0.202527 0.748047 0.501953
15 -7.033475 0.217170 109.675835 -0.958268 -0.194118 -0.209857 0.888672 0.404297
head.png
15 -6.102715 -4.536275 109.531204 -0.880916 -0.427750 -0.202527 0.748047 0.501953
15 -6.401685 -4.183985 111.654648 -0.879568 -0.468442 -0.083204 0.787109 0.591797
15 -7.033475 0.217170 109.675835 -0.958268 -0.194118 -0.209857 0.888672 0.404297
head.png
103 -2.546100 -7.073020 114.431335 -0.593655 -0.211681 -0.776379 0.642578 0.732422
103 -3.744475 -6.638595 115.085304 -0.479726 -0.748778 -0.457378 0.693359 0.740234
84 -3.708025 -6.542525 114.900352 -0.537516 -0.830147 -0.148095 0.691406 0.736328
head.png
84 -3.708025 -6.542525 114.900352 -0.537516 -0.830147 -0.148095 0.691406 0.736328
103 -3.744475 -6.638595 115.085304 -0.479726 -0.748778 -0.457378 0.693359 0.740234
83 -4.655745 -5.934740 114.820572 -0.602076 -0.797674 0.034940 0.724609 0.718750
head.png
103 -3.744475 -6.638595 115.085304 -0.479726 -0.748778 -0.457378 0.693359 0.740234
15 -5.855930 -5.093865 114.631516 -0.643398 -0.761748 -0.076021 0.769531 0.701172
83 -4.655745 -5.934740 114.820572 -0.602076 -0.797674 0.034940 0.724609 0.718750
head.png
15 3.986530 -7.120925 111.444122 0.484176 -0.792818 0.370153 0.662109 0.623047
15 6.147385 -4.536290 109.527657 0.879421 -0.430554 -0.203080 0.748047 0.501953
15 6.398410 -4.186225 111.651192 0.881570 -0.464609 -0.083507 0.787109 0.591797
head.png
15 6.398410 -4.186225 111.651192 0.881570 -0.464609 -0.083507 0.787109 0.591797
15 6.147385 -4.536290 109.527657 0.879421 -0.430554 -0.203080 0.748047 0.501953
15 7.066610 0.209655 109.672630 0.961276 -0.193218 -0.196508 0.888672 0.404297
head.png
15 6.147385 -4.536290 109.527657 0.879421 -0.430554 -0.203080 0.748047 0.501953
15 6.366285 0.045515 107.829369 0.838568 0.069875 -0.540297 0.833984 0.332031
15 7.066610 0.209655 109.672630 0.961276 -0.193218 -0.196508 0.888672 0.404297
head.png
101 4.591905 -5.997115 112.336258 0.503936 -0.843093 -0.187732 0.708984 0.640625
100 3.237445 -6.566955 112.332466 0.309276 -0.904116 -0.294828 0.664063 0.646484
101 4.692440 -5.877830 112.070427 0.441110 -0.887111 0.135853 0.712891 0.630859
head.png
101 4.692440 -5.877830 112.070427 0.441110 -0.887111 0.135853 0.712891 0.630859
100 3.237445 -6.566955 112.332466 0.309276 -0.904116 -0.294828 0.664063 0.646484
99 2.192895 -6.838650 112.206604 0.347149 -0.912495 0.216427 0.621094 0.646484
head.png
100 3.237445 -6.566955 112.332466 0.309276 -0.904116 -0.294828 0.664063 0.646484
99 2.192780 -6.853175 112.510391 0.392975 -0.916862 -0.070251 0.617188 0.656250
99 2.192895 -6.838650 112.206604 0.347149 -0.912495 0.216427 0.621094 0.646484
head.png
119 0.015140 -7.157885 107.971481 -0.003194 0.569128 0.822243 0.511719 0.960938
119 -1.983400 -6.790475 108.029434 0.317242 0.321166 0.892306 0.423828 0.960938
119 -2.185450 -7.297930 107.988632 -0.210146 -0.606066 0.767152 0.423828 0.947266
head.png
119 -2.185450 -7.297930 107.988632 -0.210146 -0.606066 0.767152 0.423828 0.947266
119 -1.983400 -6.790475 108.029434 0.317242 0.321166 0.892306 0.423828 0.960938
119 -3.679815 -5.886740 108.376480 -0.479464 -0.647112 0.592756 0.253906 0.947266
head.png
119 -1.983400 -6.790475 108.029434 0.317242 0.321166 0.892306 0.423828 0.960938
119 -3.178170 -5.479815 108.429047 0.701469 0.411834 0.581665 0.253906 0.960938
119 -3.679815 -5.886740 108.376480 -0.479464 -0.647112 0.592756 0.253906 0.947266
head.png
119 0.013070 -7.672005 107.881073 -0.002194 -0.969115 0.246599 0.511719 0.947266
119 2.215655 -7.079425 107.005013 0.477813 -0.846002 -0.236590 0.423828 0.929688
119 2.214510 -7.315770 107.989464 0.216591 -0.605585 0.765738 0.423828 0.947266
head.png
119 2.214510 -7.315770 107.989464 0.216591 -0.605585 0.765738 0.423828 0.947266
119 2.215655 -7.079425 107.005013 0.477813 -0.846002 -0.236590 0.423828 0.929688
119 3.670325 -5.866890 108.372009 0.497534 -0.639164 0.586455 0.253906 0.947266
head.png
119 2.215655 -7.079425 107.005013 0.477813 -0.846002 -0.236590 0.423828 0.929688
119 3.571515 -5.612575 107.536507 0.753809 -0.598465 -0.271313 0.253906 0.929688
119 3.670325 -5.866890 108.372009 0.497534 -0.639164 0.586455 0.253906 0.947266
head.png
108 -3.427595 -7.013210 107.925552 -0.485799 -0.810417 -0.327450 0.621094 0.494141
112 -1.377170 -7.779531 108.045364 -0.157042 -0.610402 -0.776368 0.546875 0.511719
112 -1.527935 -7.959980 108.217735 -0.309523 -0.856411 -0.413226 0.560547 0.527344
head.png
112 -1.527935 -7.959980 108.217735 -0.309523 -0.856411 -0.413226 0.560547 0.527344
112 -1.377170 -7.779531 108.045364 -0.157042 -0.610402 -0.776368 0.546875 0.511719
106 0.005725 -8.139510 108.091766 -0.002013 -0.476838 -0.878989 0.505859 0.517578
head.png
108 -3.427595 -7.013210 107.925552 -0.485799 -0.810417 -0.327450 0.621094 0.494141
110 -1.484965 -7.820740 107.795242 -0.323640 -0.942728 -0.080751 0.556641 0.500000
110 -1.384910 -7.797730 107.993889 -0.264846 -0.915579 0.302609 0.546875 0.511719
head.png
110 -1.384910 -7.797730 107.993889 -0.264846 -0.915579 0.302609 0.546875 0.511719
110 -1.484965 -7.820740 107.795242 -0.323640 -0.942728 -0.080751 0.556641 0.500000
105 0.003280 -8.221605 107.786514 0.001450 -0.999997 0.002049 0.505859 0.511719
head.png
15 0.002980 -3.367580 104.709412 -0.001519 0.281290 -0.959622 0.509766 0.251953
15 -0.758045 -6.119240 103.976814 -0.231308 -0.065201 -0.970693 0.531250 0.355469
15 -2.541880 -2.060120 105.462219 -0.123274 0.291098 -0.948718 0.662109 0.244141
head.png
15 -2.541880 -2.060120 105.462219 -0.123274 0.291098 -0.948718 0.662109 0.244141
15 -0.758045 -6.119240 103.976814 -0.231308 -0.065201 -0.970693 0.531250 0.355469
15 -1.805925 -5.583300 104.216003 -0.417940 -0.131758 -0.898869 0.564453 0.351563
head.png
15 -3.963605 -7.138345 111.448479 -0.489273 -0.792412 0.364274 0.662109 0.623047
15 -5.506625 -5.376325 112.248093 -0.633665 -0.760252 0.143127 0.755859 0.619141
15 -6.401685 -4.183985 111.654648 -0.879568 -0.468442 -0.083204 0.787109 0.591797
head.png
15 -6.401685 -4.183985 111.654648 -0.879568 -0.468442 -0.083204 0.787109 0.591797
15 -5.506625 -5.376325 112.248093 -0.633665 -0.760252 0.143127 0.755859 0.619141
15 -5.855930 -5.093865 114.631516 -0.643398 -0.761748 -0.076021 0.769531 0.701172
head.png
15 -0.416875 -7.914915 112.243874 -0.667157 -0.731823 0.139053 0.537109 0.671875
15 -1.465525 -7.527715 113.356483 -0.575420 -0.788436 -0.217396 0.589844 0.695313
15 -1.064875 -7.427435 112.085884 -0.470407 -0.875956 0.106855 0.574219 0.662109
head.png
15 -1.064875 -7.427435 112.085884 -0.470407 -0.875956 0.106855 0.574219 0.662109
15 -1.465525 -7.527715 113.356483 -0.575420 -0.788436 -0.217396 0.589844 0.695313
87 -1.969045 -7.056650 113.138161 -0.605106 -0.783359 -0.142109 0.611328 0.687500
head.png
15 2.558280 -2.031140 105.457321 0.125510 0.287785 -0.949435 0.662109 0.244141
15 4.415855 -0.128085 106.289665 0.301291 0.505759 -0.808351 0.785156 0.238281
15 5.114430 -0.478515 106.330788 0.473270 0.216876 -0.853803 0.779297 0.275391
head.png
15 5.114430 -0.478515 106.330788 0.473270 0.216876 -0.853803 0.779297 0.275391
15 4.415855 -0.128085 106.289665 0.301291 0.505759 -0.808351 0.785156 0.238281
15 6.366285 0.045515 107.829369 0.838568 0.069875 -0.540297 0.833984 0.332031
head.png
15 3.986530 -7.120925 111.444122 0.484176 -0.792818 0.370153 0.662109 0.623047
15 6.398410 -4.186225 111.651192 0.881570 -0.464609 -0.083507 0.787109 0.591797
15 5.543485 -5.371475 112.244308 0.632803 -0.761604 0.139709 0.755859 0.619141
head.png
15 5.543485 -5.371475 112.244308 0.632803 -0.761604 0.139709 0.755859 0.619141
15 6.398410 -4.186225 111.651192 0.881570 -0.464609 -0.083507 0.787109 0.591797
15 5.894175 -5.091850 114.627869 0.638613 -0.762460 -0.104061 0.769531 0.701172
head.png
15 0.433115 -7.918360 112.244026 0.662544 -0.737402 0.131433 0.537109 0.671875
15 1.085310 -7.386495 112.080429 0.486563 -0.868673 0.093074 0.574219 0.662109
15 1.484450 -7.539675 113.357040 0.590526 -0.772612 -0.233131 0.589844 0.695313
head.png
15 1.484450 -7.539675 113.357040 0.590526 -0.772612 -0.233131 0.589844 0.695313
15 1.085310 -7.386495 112.080429 0.486563 -0.868673 0.093074 0.574219 0.662109
98 1.952795 -7.069360 113.145714 0.612990 -0.769940 -0.177304 0.611328 0.687500
head.png
119 -1.983400 -6.790475 108.029434 0.317242 0.321166 0.892306 0.423828 0.960938
119 -1.982460 -6.603790 107.050842 0.510754 0.833718 0.209868 0.423828 0.976563
119 -3.178170 -5.479815 108.429047 0.701469 0.411834 0.581665 0.253906 0.960938
head.png
119 -3.178170 -5.479815 108.429047 0.701469 0.411834 0.581665 0.253906 0.960938
119 -1.982460 -6.603790 107.050842 0.510754 0.833718 0.209868 0.423828 0.976563
119 -3.076985 -5.226310 107.593582 0.803295 0.535886 0.259893 0.253906 0.976563
head.png
119 1.966565 -6.806490 108.030174 -0.304261 0.307708 0.901522 0.423828 0.960938
119 3.171775 -5.505560 108.430244 -0.688993 0.401151 0.603628 0.253906 0.960938
119 1.967710 -6.570145 107.045731 -0.511138 0.826499 0.235876 0.423828 0.976563
head.png
119 1.967710 -6.570145 107.045731 -0.511138 0.826499 0.235876 0.423828 0.976563
119 3.171775 -5.505560 108.430244 -0.688993 0.401151 0.603628 0.253906 0.960938
119 3.073165 -5.201590 107.588882 -0.797774 0.531138 0.285393 0.253906 0.976563
head.png
113 1.407950 -7.787085 108.045349 -0.232269 0.075867 -0.969688 0.064453 0.863281
106 0.005725 -8.139510 108.091766 0.002101 0.443329 -0.896357 0.062500 0.855469
107 0.010020 -5.674410 109.310989 0.000592 0.107049 -0.994254 0.062500 0.898438
head.png
107 0.010020 -5.674410 109.310989 0.000592 0.107049 -0.994254 0.062500 0.898438
106 0.005725 -8.139510 108.091766 0.002101 0.443329 -0.896357 0.062500 0.855469
112 -1.377170 -7.779531 108.045364 0.237817 0.076996 -0.968253 0.060547 0.863281
head.png
15 -2.065335 -7.384535 115.403976 -0.399259 -0.908827 -0.120941 0.617188 0.767578
103 -1.797585 -7.447070 114.273834 -0.440654 -0.895743 -0.058892 0.597656 0.728516
15 -1.017180 -7.841550 115.407211 -0.385152 -0.922850 0.002334 0.560547 0.777344
head.png
15 -7.483820 0.240050 111.989204 -0.971208 -0.220491 -0.090218 0.935547 0.507813
15 -6.603035 -4.339910 115.449066 -0.877088 -0.479781 -0.022953 0.810547 0.708984
15 -7.583955 0.349335 115.047470 -0.978092 -0.206712 -0.024638 0.943359 0.615234
head.png
15 -3.863490 -7.188855 109.742630 -0.572267 -0.809774 -0.129523 0.644531 0.556641
108 -3.427595 -7.013210 107.925552 -0.485799 -0.810417 -0.327450 0.621094 0.494141
112 -1.527935 -7.959980 108.217735 -0.309523 -0.856411 -0.413226 0.560547 0.527344
head.png
110 -1.384910 -7.797730 107.993889 -0.264846 -0.915579 0.302609 0.546875 0.511719
105 0.003280 -8.221605 107.786514 0.001450 -0.999997 0.002049 0.505859 0.511719
105 0.003540 -8.148530 107.979279 0.002495 -0.935064 0.354471 0.505859 0.517578
head.png
120 -1.186920 -7.211310 105.115616 -0.380106 -0.787283 -0.485495 0.539063 0.410156
15 -0.009105 -6.388125 103.857262 -0.005712 -0.399202 -0.916845 0.509766 0.359375
120 0.012000 -7.487875 104.946487 -0.003696 -0.897795 -0.440399 0.507813 0.410156
head.png
84 -3.708025 -6.542525 114.900352 -0.537516 -0.830147 -0.148095 0.691406 0.736328
85 -2.630690 -6.902030 114.505699 -0.567098 -0.674918 -0.472108 0.642578 0.732422
103 -2.546100 -7.073020 114.431335 -0.593655 -0.211681 -0.776379 0.642578 0.732422
head.png
15 6.647060 -4.343980 115.445702 0.875289 -0.482702 -0.029471 0.810547 0.708984
15 7.466255 0.229090 111.986153 0.971368 -0.218703 -0.092803 0.935547 0.507813
15 7.616120 0.337360 115.044472 0.977734 -0.205877 -0.040623 0.943359 0.615234
head.png
105 0.003280 -8.221605 107.786514 0.001450 -0.999997 0.002049 0.505859 0.511719
123 1.232560 -7.558965 107.017662 0.306622 -0.889553 -0.338642 0.546875 0.474609
111 1.489185 -7.813485 107.798012 0.324873 -0.943494 -0.065396 0.556641 0.500000
head.png
105 0.003280 -8.221605 107.786514 0.001450 -0.999997 0.002049 0.505859 0.511719
111 1.389245 -7.789660 107.996628 0.266987 -0.914589 0.303718 0.546875 0.511719
105 0.003540 -8.148530 107.979279 0.002495 -0.935064 0.354471 0.505859 0.517578
head.png
15 5.114430 -0.478515 106.330788 0.473270 0.216876 -0.853803 0.779297 0.275391
15 4.948240 -4.450350 106.799164 0.780657 -0.383422 -0.493520 0.695313 0.410156
15 3.450000 -4.091275 105.095825 0.639323 -0.188329 -0.745519 0.642578 0.341797
head.png
102 5.077845 -5.711100 113.038773 0.605344 -0.793895 -0.057354 0.732422 0.660156
101 4.591905 -5.997115 112.336258 0.503936 -0.843093 -0.187732 0.708984 0.640625
101 4.692440 -5.877830 112.070427 0.441110 -0.887111 0.135853 0.712891 0.630859
head.png
103 1.802385 -7.461665 114.274513 0.466361 -0.883162 -0.050313 0.597656 0.728516
15 0.732550 -7.986350 113.812698 0.427612 -0.901657 -0.064519 0.548828 0.724609
15 1.484450 -7.539675 113.357040 0.590526 -0.772612 -0.233131 0.589844 0.695313
head.png
119 -2.184320 -7.067440 106.954529 -0.470490 -0.851586 -0.231171 0.423828 0.929688
119 -3.679815 -5.886740 108.376480 -0.479464 -0.647112 0.592756 0.253906 0.947266
119 -3.578630 -5.633240 107.541016 -0.743138 -0.609978 -0.275085 0.253906 0.929688
head.png
117 -1.932130 -7.777990 108.777847 -0.354735 -0.873666 -0.332973 0.353516 0.968750
117 -3.576505 -6.246550 108.324280 -0.604763 -0.738013 -0.299330 0.437500 0.929688
117 -1.982375 -7.346465 107.815414 -0.484989 -0.807154 -0.336584 0.353516 0.927734
head.png
109 3.429655 -7.013220 107.943413 -0.005457 0.082641 0.996564 0.218750 0.787109
115 3.525095 -5.100636 107.785332 -0.169165 0.099881 0.980514 0.242188 0.867188
111 1.389245 -7.789660 107.996628 -0.131440 0.256820 0.957480 0.177734 0.763672
head.png
108 -3.427595 -7.013210 107.925552 -0.001853 0.081987 0.996632 0.044922 0.787109
110 -1.384910 -7.797730 107.993889 0.125184 0.256169 0.958492 0.085938 0.763672
114 -3.526495 -5.100595 107.768028 0.162120 0.099101 0.981782 0.019531 0.867188
eye.png
71 -6.423795 -4.297960 113.770844 -0.648498 -0.759337 -0.053460 0.335938 0.513672
74 -4.139995 -6.061755 111.119774 -0.470802 -0.881503 -0.036029 0.458984 0.365234
72 -4.783785 -5.852180 115.952530 -0.533200 -0.845291 -0.034373 0.425781 0.630859
eye.png
72 -4.783785 -5.852180 115.952530 -0.533200 -0.845291 -0.034373 0.425781 0.630859
74 -4.139995 -6.061755 111.119774 -0.470802 -0.881503 -0.036029 0.458984 0.365234
73 -2.729990 -6.763500 115.761070 -0.322955 -0.946052 -0.026171 0.539063 0.619141
eye.png
74 -4.139995 -6.061755 111.119774 -0.470802 -0.881503 -0.036029 0.458984 0.365234
75 -2.190435 -6.763535 111.026901 -0.280011 -0.959466 -0.031906 0.566406 0.361328
73 -2.729990 -6.763500 115.761070 -0.322955 -0.946052 -0.026171 0.539063 0.619141
eye.png
73 -2.729990 -6.763500 115.761070 -0.322955 -0.946052 -0.026171 0.539063 0.619141
75 -2.190435 -6.763535 111.026901 -0.280011 -0.959466 -0.031906 0.566406 0.361328
71 -0.585380 -7.184360 113.404648 -0.218816 -0.975448 -0.024931 0.601563 0.582031
eye.png
77 4.806280 -5.856771 115.935127 0.524467 -0.850269 -0.044449 0.425781 0.630859
78 2.735075 -6.773410 115.743675 0.328899 -0.943865 -0.030729 0.539063 0.619141
79 4.127480 -6.023435 111.113930 0.471997 -0.880518 -0.043672 0.458984 0.365234
eye.png
79 4.127480 -6.023435 111.113930 0.471997 -0.880518 -0.043672 0.458984 0.365234
78 2.735075 -6.773410 115.743675 0.328899 -0.943865 -0.030729 0.539063 0.619141
80 2.195520 -6.773440 111.044304 0.289087 -0.956728 -0.033185 0.566406 0.361328
eye.png
78 2.735075 -6.773410 115.743675 0.328899 -0.943865 -0.030729 0.539063 0.619141
76 0.585980 -7.184300 113.395737 0.213499 -0.976636 -0.024506 0.601563 0.582031
80 2.195520 -6.773440 111.044304 0.289087 -0.956728 -0.033185 0.566406 0.361328
eye.png
77 4.806280 -5.856771 115.935127 0.524467 -0.850269 -0.044449 0.425781 0.630859
79 4.127480 -6.023435 111.113930 0.471997 -0.880518 -0.043672 0.458984 0.365234
76 6.447485 -4.339480 113.813789 0.632825 -0.771775 -0.062419 0.335938 0.513672
end
