<?xml version="1.0" encoding="utf-8"?>
<COLLADA xmlns="http://www.collada.org/2005/11/COLLADASchema" version="1.4.1">
  <asset>
    <created>2016-10-08T08:13:36Z</created>
    <modified>2016-10-08T08:13:36Z</modified>
  </asset>
  <library_images>
    <image id="Image">
      <init_from>Ch_MutoYugi01_body_tex.png</init_from>
    </image>
    <image id="Image1">
      <init_from>Ch_MutoYugi01_face_tex.png</init_from>
    </image>
  </library_images>
  <library_materials>
    <material id="VisualMaterial" name="body_ma">
      <instance_effect url="#Effect"/>
      <extra>
        <technique profile="FCOLLADA">
          <user_properties>body_ma</user_properties>
        </technique>
      </extra>
    </material>
    <material id="VisualMaterial1" name="face_ma">
      <instance_effect url="#Effect1"/>
      <extra>
        <technique profile="FCOLLADA">
          <user_properties>face_ma</user_properties>
        </technique>
      </extra>
    </material>
  </library_materials>
  <library_effects>
    <effect id="Effect" name="Ch_MutoYugi01_body_tex_png">
      <profile_COMMON>
        <newparam sid="Image-surface">
          <surface type="2D">
            <init_from>Image</init_from>
            <format>A8R8G8B8</format>
          </surface>
        </newparam>
        <newparam sid="Image-sampler">
          <sampler2D>
            <source>Image-surface</source>
            <wrap_s>WRAP</wrap_s>
            <wrap_t>WRAP</wrap_t>
            <minfilter>NONE</minfilter>
            <magfilter>NONE</magfilter>
            <mipfilter>NONE</mipfilter>
          </sampler2D>
        </newparam>
        <technique sid="common">
          <phong>
            <emission>
              <color>0 0 0 1</color>
            </emission>
            <ambient>
              <color>0 0 0 1</color>
            </ambient>
            <diffuse>
              <texture texture="Image-sampler" texcoord=""/>
            </diffuse>
            <specular>
              <color>1 1 1 1</color>
            </specular>
            <shininess>
              <float>0</float>
            </shininess>
            <transparent opaque="A_ONE">
              <color>0 0 0 1</color>
            </transparent>
            <transparency>
              <float>1</float>
            </transparency>
            <index_of_refraction>
              <float>1.55</float>
            </index_of_refraction>
          </phong>
          <extra>
            <technique profile="FCOLLADA">
              <spec_level>
                <float>0</float>
              </spec_level>
            </technique>
          </extra>
        </technique>
      </profile_COMMON>
      <extra>
        <technique profile="FCOLLADA">
          <user_properties>Ch_MutoYugi01_body_tex.png</user_properties>
        </technique>
      </extra>
    </effect>
    <effect id="Effect1" name="Ch_MutoYugi01_face_tex_png">
      <profile_COMMON>
        <newparam sid="Image1-surface">
          <surface type="2D">
            <init_from>Image1</init_from>
            <format>A8R8G8B8</format>
          </surface>
        </newparam>
        <newparam sid="Image1-sampler">
          <sampler2D>
            <source>Image1-surface</source>
            <wrap_s>WRAP</wrap_s>
            <wrap_t>WRAP</wrap_t>
            <minfilter>NONE</minfilter>
            <magfilter>NONE</magfilter>
            <mipfilter>NONE</mipfilter>
          </sampler2D>
        </newparam>
        <technique sid="common">
          <phong>
            <emission>
              <color>0 0 0 1</color>
            </emission>
            <ambient>
              <color>0 0 0 1</color>
            </ambient>
            <diffuse>
              <texture texture="Image1-sampler" texcoord=""/>
            </diffuse>
            <specular>
              <color>1 1 1 1</color>
            </specular>
            <shininess>
              <float>0</float>
            </shininess>
            <transparent opaque="A_ONE">
              <color>0 0 0 1</color>
            </transparent>
            <transparency>
              <float>1</float>
            </transparency>
            <index_of_refraction>
              <float>1.55</float>
            </index_of_refraction>
          </phong>
          <extra>
            <technique profile="FCOLLADA">
              <spec_level>
                <float>0</float>
              </spec_level>
            </technique>
          </extra>
        </technique>
      </profile_COMMON>
      <extra>
        <technique profile="FCOLLADA">
          <user_properties>Ch_MutoYugi01_face_tex.png</user_properties>
        </technique>
      </extra>
    </effect>
  </library_effects>
  <library_geometries>
    <geometry id="Geometry" name="mesh_0_Ch_MutoYugi01_obj">
      <mesh>
        <source id="GeometrySource" name="mesh_0_Ch_MutoYugi01_objPos">
          <float_array id="GeometrySource-array" count="6036">-5.95693 9.89197 0.115923 -5.29288 9.78027 -0.104842 -5.95567 9.89254 -0.138552 -6.23137 9.86686 0.384468 -5.9186 9.84928 0.485395 -5.29128 9.77561 0.329818 -5.94352 9.78432 -0.401184 -5.60849 9.26305 0.54796 -4.84706 9.52082 -0.009892 -5.29154 9.15597 0.349435 -5.86893 9.37998 0.392205 -5.24718 9.57363 -0.407939 -5.89401 9.56363 -0.554724 -5.58148 9.03001 0.4241 -5.29621 9.06247 -0.211444 -6.20845 9.04593 0.627532 -6.2874 9.1012 0.526676 -5.87415 9.16965 -0.388651 -6.2007 9.38743 -0.386603 -6.27139 8.95165 0.458266 -6.20131 8.86564 0.54821 0.457423 9.03781 1.4802 0.754927 8.85984 1.28527 0.56158 9.49006 1.24122 0.877745 9.31644 1.05047 0.48949 9.24821 1.27928 0.890702 9.18875 1.23477 0.52039 9.67764 0.984123 0.921601 9.61818 0.939614 -0.870852 9.18548 1.16941 -0.675759 8.74198 1.45465 -0.276132 8.92455 1.4652 1.32319 8.5382 -0.104556 0.692905 7.98601 -0.429627 0.851605 8.5382 -0.663372 1.40423 8.79409 -0.090218 1.28899 8.5382 0.54355 0.988997 9.03345 0.895188 1.20124 8.52311 0.828929 1.16461 9.05617 0.811175 0.709389 9.28677 0.903412 0.674862 9.01897 1.02373 1.03166 9.31258 0.774505 1.36108 9.1488 0.531495 0 8.5382 -0.784378 1.18447 9.17549 -0.650376 0.724755 9.15446 -0.698298 0.926782 9.01897 1.25601 0.87653 9.01897 1.10394 1.05038 9.28677 1.19647 0.958265 9.28677 0.991177 1.19876 9.58825 0.544136 1.04776 9.79005 -0.509022 0 9.13316 -0.826101 0.656148 9.77987 -0.606227 1.27543 9.61834 0.951341 1.02393 9.61834 0.775122 -0.724755 9.15446 -0.698298 -0.656148 9.77987 -0.606227 0 9.76924 -0.650229 0.593216 9.92194 -0.577479 0.797114 9.98879 -0.282476 0.970894 10.0763 -0.057915 1.19766 10.0351 -0.090245 0.630072 10.15 -0.423284 0.970894 10.0763 -0.057915 -1.32319 8.5382 -0.104556 -1.40423 8.79409 -0.090218 -0.851605 8.5382 -0.663372 -1.28899 8.5382 0.54355 -1.03051 7.98601 0.887523 -1.20124 8.52311 0.828929 -1.36108 9.1488 0.531495 0.970894 10.0763 -0.057915 1.10614 9.7865 0.360362 1.19766 10.0351 -0.090245 -1.04776 9.79005 -0.509022 -1.18447 9.17549 -0.650376 0 9.92633 -0.675673 -0.593216 9.92194 -0.577479 0 10.1588 -0.547464 -0.630072 10.15 -0.423284 -1.16461 9.05617 0.811175 -0.988997 9.03345 0.895188 -1.03166 9.31258 0.774505 -0.926782 9.01897 1.25601 -1.05038 9.28677 1.19647 -0.87653 9.01897 1.10394 -0.674862 9.01897 1.02373 -0.709389 9.28677 0.903412 -0.958265 9.28677 0.991177 -1.27543 9.61834 0.951341 -1.02393 9.61834 0.775122 -1.22363 8.53106 0.538923 -1.05681 7.98537 0.03865 -1.25743 8.53106 -0.10136 -1.25743 8.53106 -0.10136 -1.36458 8.8207 -0.086343 -1.32335 9.15962 0.5077 -1.16452 9.16066 -0.614906 -0.79153 8.53106 -0.653431 -1.74334 8.97458 -0.086343 -1.32335 9.15962 0.5077 -1.36458 8.8207 -0.086343 -1.16452 9.16066 -0.614906 -1.53367 9.15936 -0.630169 0 9.74725 -0.608789 0 9.11884 -0.789114 0.648227 9.75774 -0.596976 0.79153 8.53106 -0.653431 0 8.53106 -0.747894 0.650396 7.98537 -0.403319 0.716007 9.13989 -0.670011 1.03512 9.7678 -0.500944 1.16452 9.16066 -0.614906 -0.914702 8.47626 1.02195 -0.830614 7.98537 1.03924 -0.999534 7.98537 0.863108 0.716007 9.13989 -0.670011 0 9.90243 -0.633925 0 10.1488 -0.528414 -0.466034 10.0987 -0.41474 0 9.74725 -0.608789 0.586056 9.8981 -0.568575 0.466034 10.0987 -0.41474 0.586056 9.8981 -0.568575 0.648227 9.75774 -0.596976 0.787492 9.96414 -0.277133 1.36458 8.8207 -0.086343 1.74334 8.97458 -0.086343 1.53367 9.15936 -0.630169 1.36458 8.8207 -0.086343 1.22363 8.53106 0.538923 1.32335 9.15962 0.5077 1.25743 8.53106 -0.10136 1.16452 9.16066 -0.614906 1.25743 8.53106 -0.10136 1.32335 9.15962 0.5077 1.01921 9.2961 0.76709 1.18429 9.56843 0.539502 1.05681 7.98537 0.03865 1.05681 7.98537 0.03865 0.999534 7.98537 0.863108 1.1653 8.51995 0.809267 1.32335 9.15962 0.5077 1.15055 9.04278 0.803318 1.01921 9.2961 0.76709 1.22363 8.53106 0.538923 1.1653 8.51995 0.809267 0.79153 8.53106 -0.653431 1.16452 9.16066 -0.614906 0.716007 9.13989 -0.670011 1.32335 9.15962 0.5077 1.1653 8.51995 0.809267 0.79153 8.53106 -0.653431 0.650396 7.98537 -0.403319 1.25743 8.53106 -0.10136 0.466034 10.0987 -0.41474 0.787492 9.96414 -0.277133 0.87717 9.98024 -0.090589 -0.777278 9.98669 -0.118981 -0.588891 9.82644 0.428925 -0.777278 10.417 0.037593 -0.588891 10.2567 0.5855 -0.588891 9.82644 0.428925 0 9.7616 0.652083 -0.588891 10.2567 0.5855 0 10.1919 0.808657 0.588891 9.82644 0.428925 0.588891 10.2567 0.5855 0 9.7616 0.652083 0 10.1919 0.808657 -0.777278 10.417 0.037593 -0.588891 10.2567 0.5855 0 10.4992 -0.259356 0 10.1919 0.808657 0.588891 10.2567 0.5855 0.777278 10.417 0.037593 -0.914702 8.47626 1.02195 -0.977059 9.02033 0.886317 -0.674862 9.01897 1.02373 0.970894 10.0763 -0.057915 1.01035 10.7528 0.025575 1.19715 10.6214 0.45838 0.630072 10.15 -0.423284 0.603026 10.8744 -0.46877 0 10.1588 -0.547464 0 10.9208 -0.649712 -0.603026 10.8744 -0.46877 -0.630072 10.15 -0.423284 0.566628 10.0258 0.192628 0 9.4559 0.818157 0.681283 9.45937 0.766223 0 9.86336 0.601784 -0.681283 9.45937 0.766223 0 8.42752 1.18727 -0.566628 10.0258 0.192628 -0.869065 9.87195 0.132781 0 9.8787 -0.415673 0 10.2062 -0.382199 0.566628 10.0258 0.192628 -0.566628 10.0258 0.192628 -0.801427 9.84194 -0.325892 0.588891 9.82644 0.428925 0 9.7616 0.652083 0 10.0689 -0.415931 -0.588891 9.82644 0.428925 -0.777278 9.98669 -0.118981 0.276266 7.6235 1.70981 0.552707 8.06567 1.63285 -0.069821 7.839 1.69335 0.20662 8.28117 1.61639 0.243514 7.4935 1.85232 0.391164 7.44587 1.77086 0.243232 7.6391 1.85282 0.390701 7.68783 1.77184 0.242039 7.6395 1.69229 0.242326 7.49385 1.69216 0.157481 7.75678 1.8539 0.248219 7.88297 1.77313 0.156282 7.75723 1.69357 0.01812 7.95734 1.77551 0.01781 7.80164 1.69461 -0.120495 7.7566 1.69559 0.019003 7.80132 1.8552 -0.211712 7.88208 1.77674 -0.205808 7.63871 1.69588 -0.353453 7.68626 1.77742 -0.352978 7.44458 1.77667 -0.205521 7.49292 1.69537 -0.119294 7.75625 1.8563 -0.2046 7.63832 1.85655 -0.20431 7.49256 1.85623 0.243514 7.4935 1.85232 0.243232 7.6391 1.85282 0.242326 7.49385 1.69216 0.242039 7.6395 1.69229 0.156282 7.75723 1.69357 0.157481 7.75678 1.8539 0.018398 7.80148 1.77492 0.019003 7.80132 1.8552 0.01781 7.80164 1.69461 -0.120495 7.7566 1.69559 -0.119294 7.75625 1.8563 -0.2046 7.63832 1.85655 -0.205808 7.63871 1.69588 -0.205521 7.49292 1.69537 -0.20431 7.49256 1.85623 -0.838513 7.49874 2.64199 0.88036 7.5018 2.62918 -0.851402 7.50293 0.923577 0.867455 7.5063 0.910783 -0.838513 7.49874 2.64199 -0.851402 7.50293 0.923577 0.016936 6.20423 1.77306 -0.851402 7.50293 0.923577 0.867455 7.5063 0.910783 0.867455 7.5063 0.910783 0.88036 7.5018 2.62918 0.88036 7.5018 2.62918 -0.838513 7.49874 2.64199 0.016936 6.20423 1.77306 -0.174047 7.55061 1.75837 0.179814 7.74864 1.92782 -0.380925 8.0507 1.60595 -0.027064 8.24873 1.7754 0.032748 8.01649 1.79314 -0.195154 8.51585 1.67139 -0.570699 8.31708 1.55912 0.239362 8.43232 1.79376 0.500775 8.18336 1.5077 0.43575 8.94499 1.54072 0.71978 8.69604 1.25676 0.701677 8.54132 1.44533 0.834641 9.07436 1.27409 0.319598 8.67054 1.507 0.452563 9.20359 1.33576 -0.279825 8.60203 1.69778 -0.433075 9.10501 1.49867 -0.743527 8.91341 1.25361 4.43015 9.27405 -0.466802 4.43015 9.73193 -0.466802 4.8957 9.2398 -0.523134 4.8957 9.76618 -0.523134 4.43015 9.73193 -0.466802 4.43015 9.96088 -0.090218 4.8957 9.76618 -0.523134 4.8957 10.0294 -0.090218 4.43015 9.73193 0.286365 4.8957 9.76618 0.342697 4.43015 9.96088 -0.090218 4.8957 10.0294 -0.090218 4.43015 9.73193 0.286365 4.43015 9.27405 0.286365 4.8957 9.76618 0.342697 4.8957 9.2398 0.342697 4.43015 9.27405 0.286365 4.43015 9.0451 -0.090218 4.8957 9.2398 0.342697 4.8957 8.97661 -0.090218 4.43015 9.27405 -0.466802 4.8957 9.2398 -0.523134 4.43015 9.0451 -0.090218 4.8957 8.97661 -0.090218 2.97869 9.6545 0.200196 3.03722 9.31257 0.199934 2.25664 9.33928 0.216243 6.2874 9.1012 0.526676 6.27139 8.95165 0.458266 5.86893 9.37998 0.392205 5.70381 9.11658 0.156957 6.20131 8.86564 0.54821 5.87415 9.16965 -0.388651 6.19859 9.43254 0.008083 6.20295 9.53684 0.228397 6.20702 9.64111 0.44871 5.58148 9.03001 0.4241 6.2007 9.38743 -0.386603 5.29621 9.06247 -0.211444 6.51951 9.47367 0.287125 6.46452 9.47324 0.207336 5.41564 9.03247 0.217951 5.29154 9.15597 0.349435 6.28862 9.36151 -0.366889 6.44874 9.41376 0.008479 -0.466034 10.0987 -0.41474 -0.87717 9.98024 -0.090589 -0.787492 9.96414 -0.277133 -4.43015 9.27405 -0.466802 -4.8957 9.2398 -0.523134 -4.43015 9.73193 -0.466802 -4.8957 9.76618 -0.523134 -4.43015 9.73193 -0.466802 -4.8957 9.76618 -0.523134 -4.43015 9.96088 -0.090218 -4.8957 10.0294 -0.090218 -4.8957 10.0294 -0.090218 -4.8957 9.76618 0.342697 -4.43015 9.96088 -0.090218 -4.43015 9.73193 0.286365 -4.43015 9.73193 0.286365 -4.8957 9.76618 0.342697 -4.43015 9.27405 0.286365 -4.8957 9.2398 0.342697 -4.43015 9.27405 0.286365 -4.8957 9.2398 0.342697 -4.43015 9.0451 -0.090218 -4.8957 8.97661 -0.090218 -4.8957 8.97661 -0.090218 -4.8957 9.2398 -0.523134 -4.43015 9.0451 -0.090218 -4.43015 9.27405 -0.466802 0.003519 13.2727 2.08449 0.078718 12.9943 1.77355 -0.109369 13.0128 1.84479 0.185328 13.17 2.099 0.213381 13.505 2.42317 0.02288 13.7512 2.46471 -0.162459 13.3433 2.25631 0.217332 12.8803 1.79027 0.119688 12.7428 2.19745 -0.037932 12.7865 2.2642 -0.129465 12.5955 2.38765 0.119688 12.7428 2.19745 0.240745 13.3505 2.50573 -0.037932 12.7865 2.2642 0.119688 12.7428 2.19745 0.014245 13.2497 2.36896 0.240745 13.3505 2.50573 0.217332 12.8803 1.79027 0.185328 13.17 2.099 0.015296 12.8543 1.90747 0.000515 13.1374 2.24953 -0.109369 13.0128 1.84479 0 12.6782 1.94039 0.254641 13.0498 2.4232 0.046534 13.0675 1.80406 0.280326 13.5483 2.35396 0.579804 13.2005 1.68385 -0.490866 13.179 1.66887 -0.22312 13.538 2.34689 -0.172091 13.0415 2.41725 0 12.6782 1.94039 0.715412 13.8793 2.28048 -0.673981 13.8514 2.26098 0 12.6782 1.94039 -0.172091 13.0415 2.41725 -0.404873 12.84 1.75908 -0.518959 13.3199 2.37536 -0.726867 12.9526 1.63651 1.20957 13.2882 1.2211 0.579804 13.2005 1.68385 1.25717 13.9139 1.91013 0.715412 13.8793 2.28048 1.03352 13.1478 1.55818 1.20957 13.2882 1.2211 1.25717 13.9139 1.91013 -1.10035 13.2421 1.41762 -1.31178 13.8175 1.8727 -0.490866 13.179 1.66887 -1.0317 13.132 1.56278 -0.726867 12.9526 1.63651 -0.930542 13.6959 2.31409 -1.38524 12.7907 1.25937 -1.55317 13.8369 1.8244 -1.81907 13.9461 1.39216 -1.0317 13.132 1.56278 -1.31178 13.8175 1.8727 -1.41083 13.4111 1.26555 -1.31178 13.8175 1.8727 -1.10035 13.2421 1.41762 -1.60849 12.546 1.12228 -2.918 12.7618 -0.215061 -1.66015 12.1765 0.301274 -1.03352 13.1478 1.55818 -1.17206 14.3461 1.20885 -3.17464 12.3249 -1.39259 -4.15629 13.2088 -2.19355 0 12.6782 1.94039 -2.25861 11.3621 -0.881648 -1.39598 11.0491 0.007817 -0.472291 15.8647 1.3646 0 16.7953 1.29176 0.472291 15.8647 1.3646 1.17206 14.3461 1.20885 1.03352 13.1478 1.55818 -1.00621 10.6494 0.118717 -2.02484 11.0166 -1.814 -2.67479 11.4897 -2.05678 -0.484793 16.2389 1.22131 1.60849 12.546 1.12228 -0.49237 10.4417 0.049664 -3.46288 11.6893 -3.26397 2.61752 13.1669 0.436935 2.918 12.7618 -0.215061 1.66015 12.1765 0.301274 0 10.3771 0.020088 2.49432 14.8973 -0.009959 2.49109 15.4311 -0.391893 3.17464 12.3249 -1.39259 2.25861 11.3621 -0.881648 1.39598 11.0491 0.007817 3.6195 15.7098 -1.51054 3.47073 13.2186 -0.687113 4.15629 13.2088 -2.19355 1.00621 10.6494 0.118717 2.02484 11.0166 -1.814 0 10.5069 -1.27047 0.49237 10.4417 0.049664 2.67479 11.4897 -2.05678 1.17206 14.3461 1.20885 2.49109 15.4311 -0.391893 1.38441 15.2509 0.467369 2.61752 13.1669 0.436935 3.47073 13.2186 -0.687113 2.99903 13.8548 -1.20542 3.17464 12.3249 -1.39259 2.25861 11.3621 -0.881648 3.00289 11.864 -1.77519 -3.17464 12.3249 -1.39259 -3.00289 11.864 -1.77519 -2.25861 11.3621 -0.881648 2.67479 11.4897 -2.05678 -2.67479 11.4897 -2.05678 -2.78239 12.6579 -1.48906 -2.30507 12.1357 -1.87728 2.78239 12.6579 -1.48906 2.30507 12.1357 -1.87728 -3.46288 11.6893 -3.26397 -1.70514 11.8901 -2.21492 1.70514 11.8901 -2.21492 2.03188 11.2957 -2.50862 0.910539 11.2592 -2.8213 0 11.5456 -3.04137 -2.03188 11.2957 -2.50862 -0.910539 11.2592 -2.8213 -2.02484 11.0166 -1.814 0 14.9293 -1.13374 1.35894 14.5648 -0.996622 0 14.0206 -2.66938 -1.22132 12.2955 -2.38444 -1.70514 11.8901 -2.21492 -2.30507 12.1357 -1.87728 0 12.1554 -2.52226 0 11.7755 -2.39566 0 11.5456 -3.04137 1.22132 12.2955 -2.38444 2.99903 13.8548 -1.20542 2.30507 12.1357 -1.87728 1.70514 11.8901 -2.21492 -6.2874 9.1012 0.526676 -5.86893 9.37998 0.392205 -6.27139 8.95165 0.458266 -5.70381 9.11658 0.156957 -5.87415 9.16965 -0.388651 -6.19859 9.43254 0.008083 -6.20295 9.53684 0.228397 -6.20702 9.64111 0.44871 -6.20131 8.86564 0.54821 -6.2007 9.38743 -0.386603 -5.29621 9.06247 -0.211444 -5.58148 9.03001 0.4241 -6.28862 9.36151 -0.366889 -6.46452 9.47324 0.207336 -6.44874 9.41376 0.008479 -5.41564 9.03247 0.217951 -5.29154 9.15597 0.349435 0.775815 9.01897 1.15166 0.926782 9.01897 1.25601 0.895574 9.30789 1.02384 1.05038 9.28677 1.19647 0.993519 9.63536 0.826888 1.02393 9.61834 0.775122 0.773491 9.61834 0.658279 1.27543 9.61834 0.951341 -1.05038 9.28677 1.19647 -0.926782 9.01897 1.25601 -0.895574 9.30789 1.02384 -1.27543 9.61834 0.951341 -0.775815 9.01897 1.15166 -0.585862 8.39233 1.21839 -0.993519 9.63536 0.826888 -1.02393 9.61834 0.775122 -0.674862 9.01897 1.02373 -0.773491 9.61834 0.658279 -0.709389 9.28677 0.903412 1.40423 8.79409 -0.090218 1.74852 8.95514 -0.090218 1.36108 9.1488 0.531495 1.77136 9.28391 0.376186 1.44532 9.97602 0.478937 3.10266 9.29096 0.223597 3.13329 9.14094 -0.090218 3.26771 9.14874 -0.090218 3.04141 9.66673 0.223596 2.28573 9.33683 0.240741 3.24755 9.29702 0.24475 3.20723 9.75347 0.321353 3.01078 9.85461 -0.090218 3.41742 9.71612 0.225268 3.71986 9.87321 -0.090218 3.38663 9.905 -0.090218 3.479 9.33835 0.225268 3.71986 9.6886 0.213443 3.71986 9.34984 0.213443 3.71986 9.6886 -0.393881 3.71986 9.34984 -0.393881 3.479 9.33835 -0.405705 3.41742 9.71612 -0.405705 4.43015 9.73193 0.286365 4.43015 9.73193 -0.466802 4.43015 9.27405 -0.466802 4.43015 9.27405 0.286365 4.8957 9.2398 -0.523134 4.8957 9.76618 -0.523134 5.17721 9.2155 -0.563101 4.8957 8.97661 -0.090218 5.17721 9.79048 -0.563101 4.8957 10.0294 -0.090218 5.17721 8.92802 -0.090218 5.17721 9.2155 0.382664 4.8957 9.2398 0.342697 5.17721 10.078 -0.090218 5.17721 9.79048 0.382664 4.8957 9.76618 0.342697 5.17721 9.2155 -0.563101 5.17721 9.79048 -0.563101 5.17721 9.50299 -0.090218 5.17721 8.92802 -0.090218 5.17721 10.078 -0.090218 5.17721 9.2155 0.382664 5.17721 9.79048 0.382664 6.20295 9.53684 0.228397 6.24187 9.82098 0.179128 6.51951 9.47367 0.287125 5.95693 9.89197 0.115923 5.95567 9.89254 -0.138552 5.29288 9.78027 -0.104842 6.23137 9.86686 0.384468 5.29128 9.77561 0.329818 5.9186 9.84928 0.485395 6.2007 9.38743 -0.386603 6.17033 9.55288 -0.509463 6.43557 9.46517 -0.43068 5.89401 9.56363 -0.554724 5.87415 9.16965 -0.388651 6.20618 9.70642 -0.345819 5.94352 9.78432 -0.401184 5.60849 9.26305 0.54796 4.84706 9.52082 -0.009892 5.29154 9.15597 0.349435 5.29621 9.06247 -0.211444 5.24718 9.57363 -0.407939 5.86893 9.37998 0.392205 6.20702 9.64111 0.44871 5.58148 9.03001 0.4241 6.20845 9.04593 0.627532 6.20131 8.86564 0.54821 6.2874 9.1012 0.526676 6.27139 8.95165 0.458266 -1.40423 8.79409 -0.090218 -1.74852 8.95514 -0.090218 -1.52908 9.14853 -0.659374 -1.36108 9.1488 0.531495 -3.10266 9.29096 0.223597 -3.24755 9.29702 0.24475 -3.26771 9.14874 -0.090218 -3.04141 9.66673 0.223596 -3.01078 9.85461 -0.090218 -3.20723 9.75347 0.321353 -3.71986 9.6886 -0.393881 -3.71986 9.34984 -0.393881 -4.43015 9.73193 -0.466802 -3.71986 9.87321 -0.090218 -3.41742 9.71612 -0.405705 -4.43015 9.96088 -0.090218 -4.43015 9.27405 -0.466802 -3.71986 9.1538 -0.090218 -3.41742 9.71612 0.225268 -3.71986 9.6886 0.213443 -3.479 9.33835 0.225268 -3.71986 9.34984 0.213443 -4.43015 9.73193 0.286365 -4.43015 9.27405 0.286365 -4.8957 9.2398 -0.523134 -5.17721 9.2155 -0.563101 -4.8957 9.76618 -0.523134 -4.8957 8.97661 -0.090218 -5.17721 9.79048 -0.563101 -4.8957 10.0294 -0.090218 -5.17721 8.92802 -0.090218 -5.17721 9.2155 0.382664 -4.8957 9.2398 0.342697 -5.17721 10.078 -0.090218 -5.17721 9.79048 0.382664 -4.8957 9.76618 0.342697 -5.17721 9.2155 -0.563101 -5.17721 9.50299 -0.090218 -5.17721 9.79048 -0.563101 -5.17721 8.92802 -0.090218 -5.17721 10.078 -0.090218 -5.17721 9.2155 0.382664 -5.17721 9.79048 0.382664 0.566628 10.0258 0.192628 0 10.5352 0.82083 0 9.86336 0.601784 -0.233757 9.73704 0.635934 0.233757 9.73704 0.635934 -0.233757 9.70613 0.747611 -0.233757 10.1834 0.879712 -0.233757 10.2143 0.768034 0.233757 9.70613 0.747611 0.233757 10.2143 0.768034 0.233757 10.1834 0.879712 -2.04575 5.51556 -0.052706 -1.53853 6.299 -0.038026 -1.15592 6.35367 -0.736946 -1.20679 6.24257 1.111 -1.394 5.26365 1.42443 1.05277 6.36741 0.777447 0.975962 6.73416 0.781812 0 6.37115 1.12415 0 6.73257 1.09462 0.912752 6.7639 0.746929 0 6.75649 1.07103 -1.05277 6.36741 0.777447 0 6.37115 1.12415 -0.975962 6.73416 0.781812 0 6.73257 1.09462 -0.912752 6.7639 0.746929 0 6.75649 1.07103 1.11039 6.36798 -0.060756 1.04429 6.74071 0.037071 1.05277 6.36741 0.777447 0.975962 6.73416 0.781812 0.992527 6.77178 0.074722 0.912752 6.7639 0.746929 0 6.75739 -0.324746 0.992527 6.77178 0.074722 0 6.72722 -0.386042 1.04429 6.74071 0.037071 1.11039 6.36798 -0.060756 0 6.35906 -0.453273 0 6.35906 -0.453273 -1.11039 6.36798 -0.060756 0 6.72722 -0.386042 -1.04429 6.74071 0.037071 -0.992527 6.77178 0.074722 -1.14969 5.62131 0.851242 -1.1818 6.17189 0.854536 -1.43704 6.13837 0.269871 -1.14969 5.62131 0.851242 -0.424648 5.71735 1.21717 -1.1818 6.17189 0.854536 1.09893 5.94039 0.870678 1.01909 6.49096 0.873972 0.336167 6.3898 1.22789 1.09893 5.94039 0.870678 1.36326 5.98219 0.290601 1.01909 6.49096 0.873972 1.53095 0.021254 0.432874 0.223994 0.021254 1.76927 0.200548 0.021253 -0.687909 1.34879 0.021254 1.76927 1.05277 6.36741 0.777447 1.19163 5.6441 0.718235 1.11039 6.36798 -0.060756 0 6.37115 1.12415 1.22491 5.6441 -0.060948 0 6.35906 -0.453273 0 5.26557 0.881179 -1.19163 5.6441 0.718235 -1.05277 6.36741 0.777447 -1.11039 6.36798 -0.060756 -1.22491 5.6441 -0.060948 0 5.35981 -0.522144 -0.975962 6.73416 0.781812 -0.990971 6.7356 0.618226 -1.05277 6.36741 0.777447 -0.912752 6.7639 0.746929 -1.11039 6.36798 -0.060756 -0.992527 6.77178 0.074722 -1.04429 6.74071 0.037071 1.09893 5.94039 0.870678 0.416016 5.83923 1.2246 0.003033 5.78499 0.278589 -1.53095 0.021254 0.432874 -1.59094 0.280917 0.895718 -1.54414 0.28659 0.244414 -1.45057 0.021254 -0.687909 -1.38893 1.01956 0.452895 -0.127258 0.280917 0.895718 -0.13813 0.28659 0.244414 -0.18141 1.01956 0.452895 -0.212806 0.725327 1.09286 -0.180605 0.290183 -0.706673 -0.245124 1.02558 -0.745871 1.53095 0.021254 0.432874 1.54414 0.28659 0.244414 1.59094 0.280917 0.895718 1.45057 0.021253 -0.687909 1.38893 1.01956 0.452895 0.127258 0.280917 0.895718 0.212806 0.725327 1.09286 0.18141 1.01956 0.452895 0.13813 0.28659 0.244414 0.245124 1.02558 -0.745871 0.180605 0.290183 -0.706673 -6.24187 9.82098 0.179128 -6.46452 9.47324 0.207336 -6.20295 9.53684 0.228397 -6.63505 9.51327 0.186556 -6.51951 9.47367 0.287125 -6.63661 9.51565 -0.019037 -6.64783 9.69258 0.235966 -6.22499 9.82158 -0.107628 -6.64125 9.73777 0.415757 -6.53988 9.51351 -0.279297 -6.20618 9.70642 -0.345819 -6.20702 9.64111 0.44871 -6.43557 9.46517 -0.43068 -6.17033 9.55288 -0.509463 -6.28862 9.36151 -0.366889 -6.44888 8.97784 -0.256406 -0.473785 9.58666 0.953571 -0.887134 9.54047 1.09554 -0.33419 9.10218 1.20239 -0.74754 9.05599 1.34436 0.492009 7.15953 1.08182 0.864313 7.47443 0.907545 0.539805 7.459 1.12588 0.849787 7.98601 1.07311 1.03051 7.98601 0.887523 0.995433 7.57668 0.049771 1.11326 7.98601 0.033468 0.682874 7.54918 -0.343736 0 7.54594 -0.463078 0.932153 8.48273 1.06103 0.585862 8.39233 1.21839 0 7.98601 -0.544128 -0.692905 7.98601 -0.429627 -0.682874 7.54918 -0.343736 -0.995433 7.57668 0.049771 0.773491 9.61834 0.658279 -1.11326 7.98601 0.033468 -0.864313 7.47443 0.907545 1.08386 9.55864 0.584219 0.968331 9.88128 0.369025 -0.849787 7.98601 1.07311 -0.539805 7.459 1.12588 -0.492009 7.15953 1.08182 -1.19876 9.58825 0.544136 -0.797114 9.98879 -0.282476 -1.19766 10.0351 -0.090245 -0.932153 8.48273 1.06103 -1.08386 9.55864 0.584219 -1.10614 9.7865 0.360362 -0.970894 10.0763 -0.057915 -0.968327 9.88128 0.369025 -0.773491 9.61834 0.658279 -0.970894 10.0763 -0.057915 -1.19766 10.0351 -0.090245 -0.650212 7.55408 -0.32914 0 7.55087 -0.438798 -0.650396 7.98537 -0.403319 0 7.98537 -0.506536 0.650396 7.98537 -0.403319 0.650212 7.55408 -0.32914 -1.05681 7.98537 0.03865 -0.650396 7.98537 -0.403319 -1.25743 8.53106 -0.10136 -1.05681 7.98537 0.03865 -0.999534 7.98537 0.863108 -0.966815 7.58135 0.05032 -0.846617 7.47999 0.868927 -0.8773 7.19264 0.780477 -0.986257 7.25895 0.041207 -0.999534 7.98537 0.863108 -0.830614 7.98537 1.03924 -0.846617 7.47999 0.868927 -0.539805 7.459 1.12588 -0.492009 7.15953 1.08182 -1.05681 7.98537 0.03865 -0.966815 7.58135 0.05032 -0.650396 7.98537 -0.403319 -0.650212 7.55408 -0.32914 -0.688135 7.252 -0.254619 -0.986257 7.25895 0.041207 -1.1653 8.51995 0.809267 -0.999534 7.98537 0.863108 -1.05681 7.98537 0.03865 -0.716007 9.13989 -0.670011 -1.16452 9.16066 -0.614906 -1.76517 9.28872 0.359303 -1.53367 9.15936 -0.630169 -1.76517 9.28872 -0.53199 -1.74334 8.97458 -0.086343 -2.11376 9.14092 -0.086343 -2.09514 9.36346 0.300267 -1.76517 9.28872 0.359303 -1.45364 9.95002 0.457481 -1.18429 9.56843 0.539502 -1.01921 9.2961 0.76709 -1.80883 9.73834 0.359303 -1.07078 9.53918 0.579101 -1.16452 9.16066 -0.614906 -1.45364 9.9498 -0.630169 -1.09278 9.76429 0.357946 -1.18429 9.56843 0.539502 -1.42405 9.99984 -0.086343 -1.09278 9.76429 0.357946 -1.18429 9.56843 0.539502 -1.09278 9.76429 0.357946 -0.868491 9.82109 0.356552 -0.773491 9.61834 0.658279 -1.01921 9.2961 0.76709 -0.716007 9.13989 -0.670011 -1.03512 9.7678 -0.500944 -1.03512 9.7678 -0.500944 -1.45364 9.9498 -0.630169 -1.32335 9.15962 0.5077 -1.45364 9.95002 0.457481 -1.03512 9.88819 -0.087222 -1.42405 9.99984 -0.086343 -1.03512 9.88819 -0.087222 -1.07078 9.53918 0.579101 -0.868491 9.82109 0.356552 -1.15055 9.04278 0.803318 -0.773491 9.61834 0.658279 -0.709389 9.28677 0.903412 -0.977059 9.02033 0.886317 -1.15055 9.04278 0.803318 -0.648227 9.75774 -0.596976 0 8.53106 -0.747894 -0.79153 8.53106 -0.653431 -1.03512 9.7678 -0.500944 -1.42405 9.99984 -0.086343 -0.87717 9.98024 -0.090589 -0.787492 9.96414 -0.277133 -0.87717 9.98024 -0.090589 -1.1653 8.51995 0.809267 -1.32335 9.15962 0.5077 -1.1653 8.51995 0.809267 -1.22363 8.53106 0.538923 -0.716007 9.13989 -0.670011 -0.787492 9.96414 -0.277133 -0.586056 9.8981 -0.568575 -0.648227 9.75774 -0.596976 -0.586056 9.8981 -0.568575 -0.650396 7.98537 -0.403319 -1.15055 9.04278 0.803318 -0.977059 9.02033 0.886317 -0.787492 9.96414 -0.277133 -0.648227 9.75774 -0.596976 1.53367 9.15936 -0.630169 1.45364 9.9498 -0.630169 1.45364 9.9498 -0.630169 1.03512 9.7678 -0.500944 0.648227 9.75774 -0.596976 0.787492 9.96414 -0.277133 1.03512 9.88819 -0.087222 1.16452 9.16066 -0.614906 1.03512 9.7678 -0.500944 1.4332 9.99741 -0.086343 1.4332 9.99741 -0.086343 1.09278 9.76429 0.357946 1.76517 9.28872 -0.53199 1.76517 9.28872 0.359303 0.868476 9.82109 0.356552 1.03512 9.88819 -0.087222 2.09514 9.36346 0.300267 2.11376 9.14092 -0.086343 1.74334 8.97458 -0.086343 0.87717 9.98024 -0.090589 1.09278 9.76429 0.357946 1.07078 9.53918 0.579101 1.18429 9.56843 0.539502 1.09278 9.76429 0.357946 1.36041 9.90204 0.431764 1.45364 9.95002 0.457481 0.87717 9.98024 -0.090589 0.787492 9.96414 -0.277133 1.18429 9.56843 0.539502 0.773491 9.61834 0.658279 0.868476 9.82109 0.356552 1.07078 9.53918 0.579101 0.709389 9.28677 0.903412 0.773491 9.61834 0.658279 1.15055 9.04278 0.803318 0.977059 9.02033 0.886317 0.999534 7.98537 0.863108 0.914702 8.47626 1.02195 0.977059 9.02033 0.886317 1.15055 9.04278 0.803318 0.830614 7.98537 1.03924 1.05681 7.98537 0.03865 0.966815 7.58135 0.05032 0.999534 7.98537 0.863108 0.846617 7.47999 0.868927 0.8773 7.19264 0.780477 0.986257 7.25895 0.041207 0.999534 7.98537 0.863108 0.846617 7.47999 0.868927 0.830614 7.98537 1.03924 0.539805 7.459 1.12588 0.492009 7.15953 1.08182 1.05681 7.98537 0.03865 0.650396 7.98537 -0.403319 0.966815 7.58135 0.05032 0.650212 7.55408 -0.32914 0.688135 7.252 -0.254619 0.986257 7.25895 0.041207 0.585862 8.39233 1.21839 0.674862 9.01897 1.02373 0.914702 8.47626 1.02195 0.977059 9.02033 0.886317 0.674862 9.01897 1.02373 0.709389 9.28677 0.903412 0.977059 9.02033 0.886317 1.01921 9.2961 0.76709 0.49592 9.69862 0.948753 0.89303 9.67965 0.85693 0.418081 10.0209 0.545565 -1.01921 9.2961 0.76709 -0.709389 9.28677 0.903412 -0.977059 9.02033 0.886317 -0.413982 9.66299 0.956298 -0.461896 10.0295 0.532614 -0.890533 9.93754 0.501559 0.773491 9.61834 0.658279 0.968331 9.88128 0.369025 1.16454 10.4967 1.0388 -0.968327 9.88128 0.369025 -1.16454 10.4967 1.10699 -1.19715 10.6214 0.45838 -0.773491 9.61834 0.658279 0.773491 9.61834 0.658279 1.16454 10.4967 1.0388 0.868476 9.82109 0.356552 1.19715 10.6214 0.45838 0.87717 9.98024 -0.090589 1.01035 10.7528 0.025575 0.466034 10.0987 -0.41474 0.603026 10.8744 -0.46877 0 10.1488 -0.528414 0 10.9208 -0.649712 -0.603026 10.8744 -0.46877 -0.466034 10.0987 -0.41474 -1.01035 10.7528 0.025575 -0.87717 9.98024 -0.090589 -1.19715 10.6214 0.45838 -0.868491 9.82109 0.356552 -1.16454 10.4967 1.10699 -0.773491 9.61834 0.658279 1.53367 9.15936 -0.630169 1.76517 9.28872 -0.53199 1.80883 9.73834 -0.531991 1.80883 9.73834 -0.531991 1.84579 10.0082 -0.086343 1.4332 9.99741 -0.086343 0.869065 9.87195 0.132781 1.16974 9.48552 0.524889 1.20632 9.02548 0.519289 0.972696 8.51105 0.940788 0.832308 7.69262 0.896983 -1.16974 9.48552 0.524889 -1.13521 9.85292 0.131952 0 7.71232 1.14285 -0.972696 8.51105 0.940788 -0.832308 7.69262 0.896983 -1.20632 9.02548 0.519289 0.801427 9.84194 -0.325892 0.869065 9.87195 0.132781 -0.869065 9.87195 0.132781 -1.12041 9.81524 -0.306023 -1.13521 9.85292 0.131952 0.135072 8.08377 1.77123 0.451427 7.9074 1.58334 0.314099 8.55377 1.63148 0.630454 8.3774 1.44359 -0.342797 7.81772 1.68087 -0.520697 8.12403 1.56443 -0.160439 8.30271 1.74173 -0.696763 8.6345 1.40775 -0.336504 8.81317 1.58505 -0.590276 8.41043 1.45272 2.97869 9.6545 -0.386192 2.25664 9.72378 -0.402574 2.25664 9.33928 -0.402574 2.97869 9.6545 -0.386192 2.94943 9.83402 -0.086343 2.25664 9.72378 -0.402574 2.25664 9.91603 -0.086343 2.25664 9.91603 -0.086343 2.94943 9.83402 -0.086343 2.25664 9.70602 0.229887 2.97869 9.6545 0.200196 3.06648 9.15993 -0.086343 2.25664 9.16259 -0.086343 3.03722 9.31257 0.199934 2.25664 9.33928 0.216243 3.06648 9.15993 -0.086343 3.03722 9.29545 -0.386192 2.25664 9.16259 -0.086343 1.76517 9.28872 -0.53199 2.09513 9.36346 -0.472954 1.80883 9.73834 -0.531991 2.05725 9.83183 -0.585542 1.80883 9.73834 -0.531991 2.05725 9.83183 -0.585542 1.84579 10.0082 -0.086343 2.03812 10.1859 -0.086343 1.74334 8.97458 -0.086343 2.11376 9.14092 -0.086343 1.76517 9.28872 -0.53199 2.09513 9.36346 -0.472954 2.25664 9.33928 -0.402574 2.25664 9.72378 -0.402574 2.09513 9.36346 -0.472954 2.05725 9.83183 -0.585542 2.25664 9.72378 -0.402574 2.25664 9.91603 -0.086343 2.05725 9.83183 -0.585542 2.03812 10.1859 -0.086343 2.03812 10.1859 -0.086343 2.25664 9.91603 -0.086343 2.07214 9.83875 0.39019 2.25664 9.70602 0.229887 2.07214 9.83875 0.39019 2.25664 9.70602 0.229887 2.09514 9.36346 0.300267 2.25664 9.33928 0.216243 2.09514 9.36346 0.300267 2.25664 9.33928 0.216243 2.11376 9.14092 -0.086343 2.25664 9.16259 -0.086343 2.25664 9.16259 -0.086343 2.25664 9.33928 -0.402574 2.11376 9.14092 -0.086343 2.09513 9.36346 -0.472954 2.25664 9.70602 0.229887 2.03812 10.1859 -0.086343 2.07214 9.83875 0.39019 1.84579 10.0082 -0.086343 1.80883 9.73834 0.359303 2.07214 9.83875 0.39019 2.09514 9.36346 0.300267 1.80883 9.73834 0.359303 1.76517 9.28872 0.359303 6.37042 8.98699 -0.09487 6.34341 8.99633 -0.217083 -1.80883 9.73834 -0.531991 -1.76517 9.28872 -0.53199 -1.53367 9.15936 -0.630169 -1.76517 9.28872 -0.53199 -1.80883 9.73834 -0.531991 -2.09513 9.36346 -0.472954 -2.05725 9.83183 -0.585542 -1.80883 9.73834 -0.531991 -1.84579 10.0082 -0.086343 -2.05725 9.83183 -0.585542 -2.03812 10.1859 -0.086343 -1.74334 8.97458 -0.086343 -1.76517 9.28872 -0.53199 -2.11376 9.14092 -0.086343 -2.09513 9.36346 -0.472954 -2.05725 9.83183 -0.585542 -2.25664 9.72378 -0.402574 -2.09513 9.36346 -0.472954 -2.25664 9.33928 -0.402574 -2.03812 10.1859 -0.086343 -2.25664 9.91603 -0.086343 -2.05725 9.83183 -0.585542 -2.25664 9.72378 -0.402574 -2.03812 10.1859 -0.086343 -2.07214 9.83529 0.384755 -2.25664 9.91603 -0.086343 -2.25664 9.70602 0.229887 -2.07214 9.83529 0.384755 -2.09514 9.36346 0.300267 -2.25664 9.70602 0.229887 -2.25664 9.33928 0.216243 -2.09514 9.36346 0.300267 -2.11376 9.14092 -0.086343 -2.25664 9.33928 0.216243 -2.25664 9.16259 -0.086343 -2.09513 9.36346 -0.472954 -2.25664 9.33928 -0.402574 -2.11376 9.14092 -0.086343 -2.25664 9.16259 -0.086343 -1.80883 9.73834 0.359303 -2.07214 9.83529 0.384755 -1.84579 10.0082 -0.086343 -2.03812 10.1859 -0.086343 -1.76517 9.28872 0.359303 -2.09514 9.36346 0.300267 -1.80883 9.73834 0.359303 -2.07214 9.83529 0.384755 -2.25664 9.72378 -0.402574 -2.97869 9.6545 -0.386192 -2.25664 9.33928 -0.402574 -3.03722 9.29545 -0.386192 -2.25664 9.91603 -0.086343 -2.94943 9.83402 -0.086343 -2.25664 9.72378 -0.402574 -2.97869 9.6545 -0.386192 -2.25664 9.91603 -0.086343 -2.25664 9.70602 0.229887 -2.94943 9.83402 -0.086343 -2.97869 9.6545 0.200196 -2.25664 9.70602 0.229887 -2.25664 9.33928 0.216243 -2.97869 9.6545 0.200196 -3.03722 9.31257 0.199934 -2.25664 9.33928 0.216243 -2.25664 9.16259 -0.086343 -3.03722 9.31257 0.199934 -3.06648 9.15993 -0.086343 -2.25664 9.33928 -0.402574 -3.03722 9.29545 -0.386192 -2.25664 9.16259 -0.086343 -3.06648 9.15993 -0.086343 -0.162459 13.3433 2.25631 0.043199 13.4897 2.5803 0.240745 13.3505 2.50573 -0.148924 13.8617 2.60558 -0.150308 13.6098 2.63398 -0.148924 13.8617 2.60558 0.022287 12.0016 2.11141 -0.129465 12.5955 2.38765 -0.143608 12.0209 2.14242 -0.366821 12.6059 2.36232 -0.301304 12.0178 2.06845 -0.579358 12.5735 2.23224 -0.366821 12.6059 2.36232 -0.167561 12.7894 2.22709 -0.579358 12.5735 2.23224 0.043199 13.4897 2.5803 -0.167561 12.7894 2.22709 -0.150308 13.6098 2.63398 0.022287 12.0016 2.11141 -0.143608 12.0209 2.14242 0.152292 11.6009 2.02213 -0.301304 12.0178 2.06845 0.152292 11.6009 2.02213 0.152292 11.6009 2.02213 -0.301304 12.0178 2.06845 0.022287 12.0016 2.11141 -0.129465 12.5955 2.38765 -0.579358 12.5735 2.23224 -0.167561 12.7894 2.22709 -0.150308 13.6098 2.63398 0.000515 13.1374 2.24953 0.014245 13.2497 2.36896 0.213381 13.505 2.42317 0.240745 13.3505 2.50573 -0.162459 13.3433 2.25631 -0.148924 13.8617 2.60558 -0.150308 13.6098 2.63398 2.34462 12.1584 0.867634 2.48025 12.2816 0.957805 1.81678 12.3786 1.61064 1.97249 12.5599 1.68623 2.07593 12.7108 1.46307 2.49596 12.4163 0.904054 0.79886 12.5654 2.02515 1.81678 12.3786 1.61064 1.06865 12.7238 2.06228 1.97249 12.5599 1.68623 1.09653 12.8626 1.88859 2.07593 12.7108 1.46307 0.79886 12.5654 2.02515 1.06865 12.7238 2.06228 0.570885 13.2744 3.22571 0.814156 13.8731 3.38069 1.09653 12.8626 1.88859 0.989181 14.2841 3.19855 2.34462 12.1584 0.867634 2.94457 11.9732 0.107748 2.48025 12.2816 0.957805 2.94457 11.9732 0.107748 2.49596 12.4163 0.904054 2.48025 12.2816 0.957805 0.437811 13.2334 2.89036 0.523347 13.8118 2.83089 0.570885 13.2744 3.22571 -0.3737 13.217 2.87895 0.814156 13.8731 3.38069 0.789923 14.1262 2.70974 -0.488996 13.7915 2.81669 -0.76975 14.0948 2.68788 0.989181 14.2841 3.19855 -0.793109 13.8407 3.35815 -0.986467 14.2446 3.17084 -0.515158 13.253 3.21049 2.94457 11.9732 0.107748 2.34462 12.1584 0.867634 2.49596 12.4163 0.904054 2.07593 12.7108 1.46307 1.81678 12.3786 1.61064 0.79886 12.5654 2.02515 1.09653 12.8626 1.88859 0.684194 13.445 2.72713 0.570885 13.2744 3.22571 0.989181 14.2841 3.19855 0.789923 14.1262 2.70974 0.789923 14.1262 2.70974 0.684194 13.445 2.72713 0.715412 13.8793 2.28048 0.586905 13.3422 2.39081 0.437811 13.2334 2.89036 0.570885 13.2744 3.22571 0.254641 13.0498 2.4232 0.579804 12.9175 1.70535 1.03352 13.1478 1.55818 0.978969 13.7343 2.34084 0.670844 13.5646 2.73403 -0.518959 13.3199 2.37536 -0.3737 13.217 2.87895 -0.62799 13.4186 2.70875 -0.515158 13.253 3.21049 -0.930542 13.6959 2.31409 -0.621185 13.4585 2.71592 -0.673981 13.8514 2.26098 -0.76975 14.0948 2.68788 -1.16832 11.0225 1.31003 -1.18523 12.1373 1.7899 -1.42649 11.1426 1.14633 -1.56382 12.3712 1.66595 -1.69911 12.4212 1.29622 -1.4552 11.1485 0.921792 -0.651016 12.491 2.1245 -0.863557 12.672 2.05105 -1.18523 12.1373 1.7899 -1.56382 12.3712 1.66595 -0.97564 12.7904 1.89349 -1.69911 12.4212 1.29622 -0.651016 12.491 2.1245 -0.515158 13.253 3.21049 -0.863557 12.672 2.05105 -0.793109 13.8407 3.35815 -0.97564 12.7904 1.89349 -0.986467 14.2446 3.17084 -1.16832 11.0225 1.31003 -1.42649 11.1426 1.14633 -0.8492 10.1319 0.994097 -1.4552 11.1485 0.921792 -0.8492 10.1319 0.994097 -0.8492 10.1319 0.994097 -1.4552 11.1485 0.921792 -1.16832 11.0225 1.31003 -1.18523 12.1373 1.7899 -1.69911 12.4212 1.29622 -0.651016 12.491 2.1245 -0.97564 12.7904 1.89349 -0.62799 13.4186 2.70875 -0.986467 14.2446 3.17084 -0.515158 13.253 3.21049 -0.76975 14.0948 2.68788 1.31197 14.3423 2.29247 1.05523 14.1657 2.89202 0.670844 13.5646 2.73403 0.586905 13.3422 2.39081 1.42593 14.5809 2.71264 2.14861 12.7275 1.41163 2.5266 12.4387 0.941753 2.35526 12.9726 1.43945 2.72565 12.557 0.827233 2.40851 13.0636 1.12886 2.77083 12.6324 0.679633 1.08102 12.8155 1.83911 2.14861 12.7275 1.41163 1.43268 13.1481 1.8986 2.35526 12.9726 1.43945 1.53662 13.224 1.60834 2.40851 13.0636 1.12886 1.08102 12.8155 1.83911 1.43268 13.1481 1.8986 0.670844 13.5646 2.73403 1.05523 14.1657 2.89202 1.42593 14.5809 2.71264 1.53662 13.224 1.60834 2.5266 12.4387 0.941753 3.13675 11.9512 -0.007378 2.72565 12.557 0.827233 3.13675 11.9512 -0.007378 2.77083 12.6324 0.679633 3.13675 11.9512 -0.007378 2.5266 12.4387 0.941753 2.77083 12.6324 0.679633 2.40851 13.0636 1.12886 2.14861 12.7275 1.41163 1.08102 12.8155 1.83911 1.53662 13.224 1.60834 0.978969 13.7343 2.34084 0.670844 13.5646 2.73403 1.42593 14.5809 2.71264 1.31197 14.3423 2.29247 -0.673981 13.8514 2.26098 -1.3477 14.2926 2.30841 -1.04027 14.043 2.86264 -1.42929 14.4433 2.67258 -0.621185 13.4585 2.71592 -0.518959 13.3199 2.37536 -1.65395 11.5626 0.753996 -1.68726 12.4108 1.27304 -1.98254 11.7193 0.653969 -2.08147 12.6549 1.35733 -2.13362 12.7435 1.04526 -2.0112 11.6788 0.42413 -0.880254 12.7457 1.86376 -1.25041 13.0642 1.91315 -1.68726 12.4108 1.27304 -2.08147 12.6549 1.35733 -1.35275 13.1357 1.61999 -2.13362 12.7435 1.04526 -0.880254 12.7457 1.86376 -0.621185 13.4585 2.71592 -1.25041 13.0642 1.91315 -1.04027 14.043 2.86264 -1.35275 13.1357 1.61999 -1.42929 14.4433 2.67258 -1.65395 11.5626 0.753996 -1.98254 11.7193 0.653969 -1.64846 10.1796 -0.28626 -2.0112 11.6788 0.42413 -1.64846 10.1796 -0.28626 -1.64846 10.1796 -0.28626 -2.0112 11.6788 0.42413 -1.65395 11.5626 0.753996 -1.68726 12.4108 1.27304 -2.13362 12.7435 1.04526 -0.880254 12.7457 1.86376 -1.35275 13.1357 1.61999 -1.42929 14.4433 2.67258 -0.621185 13.4585 2.71592 -1.3477 14.2926 2.30841 -1.31178 13.8175 1.8727 -1.83504 14.4613 1.92304 -1.81821 13.3968 1.52154 -1.56897 14.2848 2.18153 -1.80196 13.3127 1.77288 -1.39105 14.1665 2.36793 -1.49029 13.0316 1.62205 -1.49029 13.0316 1.62205 -1.80196 13.3127 1.77288 -2.33246 12.7909 1.13852 -2.45776 13.0417 1.24563 -1.81821 13.3968 1.52154 -2.42238 13.1353 1.08331 -1.79156 13.1741 0.689334 -3.18307 11.7499 -0.396293 -2.68192 12.5536 0.584118 -2.66578 12.3132 0.583869 -1.79156 13.1741 0.689334 -1.81907 13.9461 1.39216 -1.83504 14.4613 1.92304 -1.56897 14.2848 2.18153 -1.39105 14.1665 2.36793 -1.83504 14.4613 1.92304 -1.55317 13.8369 1.8244 -1.81821 13.3968 1.52154 -1.49029 13.0316 1.62205 -1.39105 14.1665 2.36793 -1.55317 13.8369 1.8244 -1.83504 14.4613 1.92304 -1.81907 13.9461 1.39216 -1.39105 14.1665 2.36793 -1.55317 13.8369 1.8244 -1.31178 13.8175 1.8727 -2.66578 12.3132 0.583869 -2.33246 12.7909 1.13852 -2.71477 12.4874 0.681559 -2.45776 13.0417 1.24563 -2.42238 13.1353 1.08331 -2.68192 12.5536 0.584118 -2.42238 13.1353 1.08331 -1.81821 13.3968 1.52154 -2.33246 12.7909 1.13852 -1.49029 13.0316 1.62205 -2.42238 13.1353 1.08331 -2.33246 12.7909 1.13852 -2.68192 12.5536 0.584118 -2.66578 12.3132 0.583869 -3.18307 11.7499 -0.396293 -2.66578 12.3132 0.583869 -2.71477 12.4874 0.681559 -2.68192 12.5536 0.584118 -3.18307 11.7499 -0.396293 -3.6195 15.7098 -1.51054 -2.61752 13.1669 0.436935 -2.49432 14.8973 -0.009959 -3.47073 13.2186 -0.687113 -2.49109 15.4311 -0.391893 0.484793 16.2389 1.22131 3.46288 11.6893 -3.26397 -0.472291 15.8647 1.3646 0 16.7953 1.29176 -0.484793 16.2389 1.22131 0 17.4896 1.12283 0.484793 16.2389 1.22131 0.472291 15.8647 1.3646 -1.38441 15.2509 0.467369 -1.17206 14.3461 1.20885 -2.49109 15.4311 -0.391893 -1.35894 14.5648 -0.996622 -4.05719 16.1011 -1.99068 0 16.0217 0.012237 1.35894 14.5648 -0.996622 -3.6195 15.7098 -1.51054 -2.49432 14.8973 -0.009959 4.05719 16.1011 -1.99068 3.6195 15.7098 -1.51054 2.49432 14.8973 -0.009959 -3.3918 15.5229 -1.50719 -2.99903 13.8548 -1.20542 -2.61752 13.1669 0.436935 3.3918 15.5229 -1.50719 -3.47073 13.2186 -0.687113 -3.47182 13.7913 -1.59452 -3.17642 13.7726 -1.5362 3.47182 13.7913 -1.59452 4.15629 13.2088 -2.19355 2.918 12.7618 -0.215061 -4.15629 13.2088 -2.19355 -2.918 12.7618 -0.215061 -3.68259 13.536 -2.22304 3.17642 13.7726 -1.5362 4.66617 13.5859 -2.90005 -4.66617 13.5859 -2.90005 3.68259 13.536 -2.22304 3.46288 11.6893 -3.26397 2.02484 11.0166 -1.814 0 10.5069 -1.27047 0 11.2295 -3.682 -3.3918 15.5229 -1.50719 -1.35894 14.5648 -0.996622 -2.99903 13.8548 -1.20542 0 16.0217 0.012237 -3.17642 13.7726 -1.5362 -2.78239 12.6579 -1.48906 -3.68259 13.536 -2.22304 3.3918 15.5229 -1.50719 3.17642 13.7726 -1.5362 2.78239 12.6579 -1.48906 3.68259 13.536 -2.22304 -6.51951 9.47367 0.287125 -6.54067 9.55225 0.459736 -6.37042 8.98699 -0.09487 -6.34341 8.99633 -0.217083 0.585862 8.39233 1.21839 0.674862 9.01897 1.02373 0.709389 9.28677 0.903412 1.04776 9.79005 -0.509022 1.44532 9.97578 -0.659374 1.18447 9.17549 -0.650376 1.19766 10.0351 -0.090245 1.52908 9.14853 -0.659374 1.42156 10.0264 -0.090229 1.10614 9.7865 0.360362 1.81706 9.75448 -0.556623 1.77136 9.28391 -0.556623 1.19876 9.58825 0.544136 2.1167 9.36213 -0.494837 1.48368 10.3786 -0.090218 1.8399 10.037 -0.090218 2.07705 9.85232 -0.612669 2.13619 9.12117 -0.090218 2.04627 10.2329 -0.090218 2.28573 9.73924 -0.421179 2.28573 9.94045 -0.090218 2.1167 9.36213 0.3144 2.28573 9.33683 -0.421179 2.28573 9.13562 -0.090218 1.81706 9.75448 0.376186 2.07705 9.85232 0.432232 3.10266 9.29096 -0.404034 3.04141 9.66673 -0.404034 2.28573 9.73924 0.240741 3.20723 9.75347 -0.501791 3.24755 9.29702 -0.425188 3.18707 10.0027 -0.090218 3.50979 9.15347 -0.090218 3.71986 9.1538 -0.090218 4.43015 9.96088 -0.090218 4.43015 9.0451 -0.090218 6.22499 9.82158 -0.107628 6.53988 9.51351 -0.279297 6.28862 9.36151 -0.366889 6.44888 8.97784 -0.256406 6.64125 9.73777 0.415757 -1.04776 9.79005 -0.509022 -1.18447 9.17549 -0.650376 -1.44532 9.97578 -0.659374 -1.19766 10.0351 -0.090245 -1.42405 10.0276 -0.090229 -1.44532 9.97602 0.478937 -1.10614 9.7865 0.360362 -1.48387 10.3786 -0.090218 -1.81706 9.75448 -0.556623 -1.8399 10.037 -0.090218 -1.19876 9.58825 0.544136 -1.77136 9.28391 -0.556623 -1.77136 9.28391 0.376186 -2.13619 9.12117 -0.090218 -1.81706 9.75448 0.376186 -2.07705 9.85232 -0.612669 -2.07705 9.85232 0.432232 -2.04627 10.2329 -0.090218 -2.1167 9.36213 -0.494837 -2.1167 9.36213 0.3144 -2.28573 9.33683 -0.421179 -2.28573 9.33683 0.240741 -2.28573 9.13562 -0.090218 -2.28573 9.94045 -0.090218 -3.10266 9.29096 -0.404034 -2.28573 9.73924 -0.421179 -3.04141 9.66673 -0.404034 -2.28573 9.73924 0.240741 -3.24755 9.29702 -0.425188 -3.13329 9.14094 -0.090218 -3.479 9.33835 -0.405705 -3.20723 9.75347 -0.501791 -3.50979 9.15347 -0.090218 -3.18707 10.0027 -0.090218 -3.38663 9.905 -0.090218 -4.43015 9.0451 -0.090218 0 10.8268 -0.241011 0.517966 10.6874 0.390671 0 10.2062 -0.382199 -0.517966 10.6874 0.390671 -0.566628 10.0258 0.192628 -0.076815 6.33557 0.281883 1.02817 6.49925 -0.290771 0.350866 6.40321 -0.656702 1.28341 6.53277 0.293895 -0.489798 6.28133 -0.664126 1.01909 6.49096 0.873972 -1.17272 6.18017 -0.310207 0.336167 6.3898 1.22789 -1.43704 6.13837 0.269871 -0.504497 6.26793 1.22047 -1.1818 6.17189 0.854536 -0.8773 7.19264 0.780477 -1.00067 6.97934 0.871832 -0.51601 6.97302 1.19095 -1.0199 6.8333 0.896194 -0.538574 6.78494 1.22128 -1.15723 6.31371 0.908897 -0.569047 6.21544 1.50566 -1.13922 7.07495 0.066374 -1.00067 6.97934 0.871832 -1.09302 6.91311 0.029825 -1.0199 6.8333 0.896194 -1.32369 6.5012 0.063334 -1.15723 6.31371 0.908897 -0.744938 7.09542 -0.314245 -1.13922 7.07495 0.066374 -1.09302 6.91311 0.029825 -0.78658 6.92999 -0.465257 -1.32369 6.5012 0.063334 -0.821336 6.49187 -0.68375 0.8773 7.19264 0.780477 1.00067 6.97934 0.871832 0.515928 6.97299 1.19103 1.0199 6.8333 0.896194 0.540795 6.78894 1.22184 1.15723 6.31371 0.908897 1.13922 7.07495 0.066374 1.00067 6.97934 0.871832 1.09302 6.91311 0.029825 1.0199 6.8333 0.896194 1.32369 6.5012 0.063334 1.15723 6.31371 0.908897 0.744938 7.09542 -0.314245 1.13922 7.07495 0.066374 1.09302 6.91311 0.029825 0.78658 6.92999 -0.465257 1.32369 6.5012 0.063334 0.821336 6.49187 -0.68375 0.912752 6.7639 0.746929 0 6.75649 1.07103 -0.912752 6.7639 0.746929 0.569047 6.21544 1.50566 1.15723 6.31371 0.908897 1.394 5.26365 1.42443 1.394 5.26365 1.42443 1.15723 6.31371 0.908897 2.04575 5.51556 -0.052706 0 6.93279 -0.060679 -1.15723 6.31371 0.908897 -1.32369 6.5012 0.063334 1.394 5.26365 1.42443 1.20679 6.24257 1.111 0.569047 6.21544 1.50566 2.04575 5.51556 -0.052706 0.540795 6.78894 1.22184 1.53853 6.299 -0.038026 1.15592 6.35367 -0.736946 1.29894 5.42781 -1.16848 1.04504 6.81927 0.913131 1.01349 7.00521 0.900041 0.515928 6.97299 1.19103 0 5.36437 -1.60781 1.15106 6.90105 0.025412 0.892098 7.18636 0.799219 1.19278 7.08259 0.060116 0 6.28467 -1.14559 -1.29894 5.42781 -1.16848 0.880188 7.11212 -0.38158 1.01919 7.25555 0.048375 0.864991 6.91835 -0.48187 0 6.9133 -0.701021 -0.864991 6.91835 -0.48187 0.706139 7.24875 -0.269872 0 7.09861 -0.629516 -0.880188 7.11212 -0.38158 -1.15106 6.90105 0.025412 0 7.26667 -0.476428 -1.19278 7.08259 0.060116 -0.706139 7.24875 -0.269872 -1.01919 7.25555 0.048375 -1.04504 6.81927 0.913131 -0.538574 6.78494 1.22128 -0.569047 6.21544 1.50566 -0.892098 7.18636 0.799219 -1.01349 7.00521 0.900041 -0.51601 6.97302 1.19095 1.29894 5.42781 -1.16848 0.821336 6.49187 -0.68375 0 5.36437 -1.60781 0 6.52389 -0.929915 0 6.93279 -0.060679 -0.821336 6.49187 -0.68375 -1.29894 5.42781 -1.16848 2.04575 5.51556 -0.052706 1.32369 6.5012 0.063334 1.29894 5.42781 -1.16848 0.821336 6.49187 -0.68375 0 6.93279 -0.060679 -1.32369 6.5012 0.063334 -0.821336 6.49187 -0.68375 -1.29894 5.42781 -1.16848 -2.04575 5.51556 -0.052706 1.10802 5.94867 -0.294064 0.430715 5.85263 -0.659996 1.02817 6.49925 -0.290771 0.350866 6.40321 -0.656702 0.430715 5.85263 -0.659996 -0.409949 5.73076 -0.667419 0.350866 6.40321 -0.656702 -0.489798 6.28133 -0.664126 -1.1406 5.6296 -0.3135 -1.17272 6.18017 -0.310207 -0.409949 5.73076 -0.667419 -0.489798 6.28133 -0.664126 -1.17272 6.18017 -0.310207 -1.1406 5.6296 -0.3135 -1.42538 5.58779 0.266577 -0.504497 6.26793 1.22047 -0.424648 5.71735 1.21717 0.416016 5.83923 1.2246 -0.504497 6.26793 1.22047 0.336167 6.3898 1.22789 0.416016 5.83923 1.2246 1.28341 6.53277 0.293895 1.10802 5.94867 -0.294064 1.02817 6.49925 -0.290771 -0.568797 4.99382 1.8741 -1.394 5.26365 1.42443 -0.569047 6.21544 1.50566 -1.45057 0.021254 -0.687909 -0.200548 0.021254 -0.687909 -1.53095 0.021254 0.432874 -0.223994 0.021254 1.76927 -1.34879 0.021254 1.76927 -0.938608 0.021254 2.27598 -0.636564 0.021254 2.28433 -0.77991 0.5652 1.7995 -0.768863 0.932328 1.19703 -1.23859 0.464505 1.78063 -1.32153 0.725327 1.09286 -0.77991 0.5652 1.7995 -0.280544 0.464505 1.78063 -0.768863 0.932328 1.19703 -0.212806 0.725327 1.09286 1.45057 0.021253 -0.687909 0.938608 0.021254 2.27598 0.636564 0.021254 2.28433 1.32153 0.725327 1.09286 0.768863 0.932328 1.19703 1.23859 0.464505 1.78063 0.77991 0.5652 1.7995 0.212806 0.725327 1.09286 0.280544 0.464505 1.78063 0.768863 0.932328 1.19703 0.77991 0.5652 1.7995 0 7.25496 -0.458274 -0.688135 7.252 -0.254619 -0.744938 7.09542 -0.314245 0 7.07982 -0.594147 -0.78658 6.92999 -0.465257 0.688135 7.252 -0.254619 0 6.92506 -0.659518 -0.821336 6.49187 -0.68375 0.744938 7.09542 -0.314245 0 6.52389 -0.929915 0.78658 6.92999 -0.465257 0.821336 6.49187 -0.68375 1.16114 5.20489 0.456161 1.08982 5.20489 -0.145798 -0.77013 5.10613 0.719673 0.77013 5.10613 0.719673 -0.091918 5.10613 0.488937 0.091918 5.10613 0.488937 0 5.35981 -0.522144 1.14389 3.5604 0.304925 0.104452 5.10613 -0.299472 1.06012 3.69632 -0.401433 -0.314435 3.55025 0.307223 -1.16114 5.20489 0.456161 -0.672717 3.34427 0.453792 -1.14389 3.5604 0.304925 -0.104452 5.10613 -0.299472 -1.08982 5.20489 -0.145798 0.38605 3.688 -0.417691 1.30384 3.42033 0.269462 0.293799 3.57818 -0.565564 1.19358 3.55614 -0.567726 0.314435 3.55025 0.307223 0.104452 5.10613 -0.299472 0.672717 3.34427 0.453792 -0.217601 3.39997 0.267466 -1.30384 3.42033 0.269462 -0.310663 3.2156 0.281547 -1.15758 3.2156 0.281547 -0.672717 3.20126 0.482349 -0.38605 3.688 -0.417691 -0.104452 5.10613 -0.299472 -1.06012 3.69632 -0.401433 -0.38605 3.688 -0.417691 1.08727 3.23311 -0.440094 0.217601 3.39997 0.267466 1.15758 3.2156 0.281547 0.310663 3.2156 0.281547 0.672717 3.20126 0.482349 0.38605 3.688 -0.417691 -0.675361 3.0227 0.423868 -0.293799 3.57818 -0.565564 -0.258895 2.97731 0.16785 -0.37667 3.23311 -0.440094 -0.352519 2.84643 -0.570484 -0.293799 3.57818 -0.565564 -1.08727 3.23311 -0.440094 -1.19358 3.55614 -0.567726 0.37667 3.23311 -0.440094 0.675361 3.0227 0.423868 0.293799 3.57818 -0.565564 0.258895 2.97731 0.16785 0.37667 3.23311 -0.440094 0.352519 2.84643 -0.570484 -0.240221 1.79684 0.153587 -1.11773 2.84643 -0.570484 -1.22236 2.97731 0.16785 -0.37667 3.23311 -0.440094 0.352519 2.84643 -0.570484 1.11773 2.84643 -0.570484 0.240221 1.79684 0.153587 -0.336838 1.83682 -0.60943 -1.26399 1.79684 0.153587 -0.713538 1.68393 0.661421 -0.352519 2.84643 -0.570484 1.22236 2.97731 0.16785 0.336838 1.83682 -0.60943 0.336838 1.83682 -0.60943 -0.16247 1.60736 0.170186 -0.295445 1.68548 -0.81031 -1.16518 1.83682 -0.60943 -1.44885 1.60736 0.170186 -0.336838 1.83682 -0.60943 1.26399 1.79684 0.153587 0.713538 1.68393 0.661421 1.16518 1.83682 -0.60943 0.295445 1.68548 -0.81031 0.16247 1.60736 0.170186 0.295445 1.68548 -0.81031 -0.355934 1.47428 -0.614222 -0.70249 1.53925 0.806651 -0.295445 1.68548 -0.81031 1.22455 1.68548 -0.81031 1.07001 1.47428 -0.614222 0.355934 1.47428 -0.614222 1.44885 1.60736 0.170186 0.355934 1.47428 -0.614222 -0.258569 1.46925 0.152087 -0.245124 1.02558 -0.745871 -1.22455 1.68548 -0.81031 -1.31693 1.46925 0.152087 -1.07001 1.47428 -0.614222 0.245124 1.02558 -0.745871 0.70249 1.53925 0.806651 0.258569 1.46925 0.152087 0.245124 1.02558 -0.745871 -0.18141 1.01956 0.452895 -0.723082 1.40365 0.749755 -0.355934 1.47428 -0.614222 1.33484 1.02558 -0.745871 1.31693 1.46925 0.152087 0.18141 1.01956 0.452895 -1.38893 1.01956 0.452895 -1.33484 1.02558 -0.745871 -0.768863 0.932328 1.19703 -0.245124 1.02558 -0.745871 1.38893 1.01956 0.452895 0.723082 1.40365 0.749755 0.768863 0.932328 1.19703 -0.486628 6.36491 1.16543 -0.406451 6.37569 1.30641 0.280554 6.47613 1.1722 -0.374961 5.59494 1.16082 0.245188 6.47016 1.31217 0.356855 5.7002 1.30756 0.392221 5.70616 1.1676 -0.294783 5.60572 1.30181 0.430715 5.85263 -0.659996 1.10802 5.94867 -0.294064 -0.409949 5.73076 -0.667419 1.36326 5.98219 0.290601 -1.1406 5.6296 -0.3135 -1.42538 5.58779 0.266577 -1.14969 5.62131 0.851242 -0.424648 5.71735 1.21717 -0.938608 0.021254 2.27598 -0.919914 0.202233 2.29874 -1.34879 0.021254 1.76927 -0.636564 0.021254 2.28433 -1.42499 0.199702 1.77306 -0.636564 0.224854 2.32607 -0.171718 0.199702 1.77306 -0.223994 0.021254 1.76927 -1.32153 0.725327 1.09286 -1.23859 0.464505 1.78063 -0.280544 0.464505 1.78063 -0.888031 0.411847 2.23348 -0.637703 0.433826 2.24167 -0.200548 0.021254 -0.687909 -0.768863 0.932328 1.19703 -1.47964 0.290183 -0.706673 -0.77991 0.5652 1.7995 -1.33484 1.02558 -0.745871 0.938608 0.021254 2.27598 1.34879 0.021254 1.76927 0.919914 0.202233 2.29874 0.636564 0.021254 2.28433 1.42499 0.199702 1.77306 0.636564 0.224854 2.32607 0.171718 0.199702 1.77306 0.223994 0.021254 1.76927 1.32153 0.725327 1.09286 1.23859 0.464505 1.78063 0.280544 0.464505 1.78063 0.888031 0.411847 2.23348 0.637703 0.433826 2.24167 0.200548 0.021253 -0.687909 0.768863 0.932328 1.19703 1.47964 0.290183 -0.706673 0.77991 0.5652 1.7995 1.33484 1.02558 -0.745871 -6.57221 9.03341 0.256321 -6.43346 9.03321 0.239711 -6.9284 9.38788 0.318915 -6.82615 9.26121 0.345852 -6.90556 9.43221 0.447047 -6.54067 9.55225 0.459736 -6.43491 8.96318 0.112742 -6.8211 9.32538 0.470762 -6.48807 8.98143 -0.127967 -6.57382 8.96318 0.065326 -6.37042 8.98699 -0.09487 -6.34341 8.99633 -0.217083 0.535631 7.9545 1.21422 -0.535631 7.9545 1.21422 -0.585862 8.39233 1.21839 -0.970894 10.0763 -0.057915 -0.79153 8.53106 -0.653431 -0.535631 7.9545 1.21422 -1.45364 9.95002 0.457481 -1.80883 9.73834 0.359303 -1.84579 10.0082 -0.086343 0 7.98537 -0.506536 -0.914702 8.47626 1.02195 -0.585862 8.39233 1.21839 -0.535631 7.9545 1.21422 1.4332 9.99741 -0.086343 1.36041 9.90204 0.431764 1.45364 9.95002 0.457481 1.84579 10.0082 -0.086343 1.80883 9.73834 0.359303 1.45364 9.95002 0.457481 1.76517 9.28872 0.359303 1.80883 9.73834 0.359303 0.535631 7.9545 1.21422 0.585862 8.39233 1.21839 0.914702 8.47626 1.02195 1.05681 7.98537 0.03865 0.535631 7.9545 1.21422 0.815189 10.0019 0.453743 -0.585862 8.39233 1.21839 -0.674862 9.01897 1.02373 -0.842618 9.57105 0.925243 -1.01035 10.7528 0.025575 -0.970894 10.0763 -0.057915 1.45364 9.9498 -0.630169 1.45364 9.9498 -0.630169 1.13521 9.85292 0.131952 1.13521 9.85292 0.131952 1.12041 9.81524 -0.306023 0.777278 9.98669 -0.11898 0.777278 10.417 0.037593 0.588891 9.82644 0.428925 0.588891 10.2567 0.5855 0.777278 9.98669 -0.11898 0.55261 9.56825 1.19245 0.822529 9.39963 0.937111 0.507677 9.97912 0.873628 0.777595 9.8105 0.618288 3.03722 9.29545 -0.386192 2.25664 9.33928 -0.402574 6.54067 9.55225 0.459736 6.8211 9.32538 0.470762 6.82615 9.26121 0.345852 6.43346 9.03321 0.239711 6.43491 8.96318 0.112742 -1.45364 9.9498 -0.630169 -1.45364 9.9498 -0.630169 -1.42405 9.99984 -0.086343 -1.80883 9.73834 -0.531991 -1.84579 10.0082 -0.086343 -6.8211 9.32538 0.470762 -6.43346 9.03321 0.239711 -6.82615 9.26121 0.345852 -6.43491 8.96318 0.112742 6.43346 9.03321 0.239711 6.57221 9.03341 0.256321 6.46452 9.47324 0.207336 6.43491 8.96318 0.112742 6.63505 9.51327 0.186556 6.57382 8.96318 0.065326 6.48807 8.98143 -0.127967 6.37042 8.98699 -0.09487 6.63661 9.51565 -0.019037 6.34341 8.99633 -0.217083 6.64783 9.69258 0.235966 6.9284 9.38788 0.318915 6.82615 9.26121 0.345852 6.90556 9.43221 0.447047 6.8211 9.32538 0.470762 6.54067 9.55225 0.459736 0.569047 6.21544 1.50566 0.568797 4.99382 1.8741 1.32369 6.5012 0.063334 -2.04575 5.51556 -0.052706 -1.394 5.26365 1.42443 0.568797 4.99382 1.8741 -0.568797 4.99382 1.8741 0 6.75739 -0.324746 -1.15723 6.31371 0.908897 -0.730619 9.28726 1.0427 -0.489581 9.56928 1.27078 -0.76246 9.65626 0.619682 -0.518118 9.94046 0.8492 -0.471226 9.36806 1.17996</float_array>
          <technique_common>
            <accessor source="#GeometrySource-array" count="2012" stride="3">
              <param name="X" type="float"/>
              <param name="Y" type="float"/>
              <param name="Z" type="float"/>
            </accessor>
          </technique_common>
        </source>
        <source id="GeometrySource1" name="mesh_0_Ch_MutoYugi01_objNrm">
          <float_array id="GeometrySource1-array" count="6036">0.026913 0.999174 0.030461 0.321713 0.889399 -0.324763 -0.039065 0.976431 -0.212267 -0.188351 0.690702 0.69818 0.078591 0.542244 0.836537 0.467211 0.607271 0.642601 0.053765 0.796018 -0.60288 0.220892 0.023927 0.975005 0.993419 -0.07125 0.089673 0.696298 -0.369451 0.615366 -0.872866 -0.116927 0.473744 0.419467 0.226833 -0.878974 0.103743 0.250199 -0.96262 0.256077 -0.880912 0.398018 0.311022 -0.853467 -0.418162 -0.011214 0.090993 0.995788 -0.670488 0.695558 -0.258157 -0.232328 -0.868176 -0.438513 -0.263346 -0.827406 -0.496033 -0.437358 -0.362834 -0.822842 0.155684 -0.955623 0.250094 0.611482 0.240285 0.753892 0.611482 0.240285 0.753892 0.611482 0.240285 0.753892 0.611482 0.240285 0.753892 0.17214 0.549529 0.817549 0.17214 0.549529 0.817549 0.17214 0.549529 0.817549 0.17214 0.549529 0.817549 -0.229689 0.452975 0.861427 -0.229689 0.452975 0.861427 -0.229689 0.452975 0.861427 0.859529 -0.351679 -0.370852 0.417792 -0.356229 -0.835793 0.411656 -0.307479 -0.857902 0.832967 -0.527313 -0.167652 0.952461 -0.273762 0.133688 0.429519 0.226636 0.874157 0.884217 -0.19982 0.422176 0.660471 0.174689 0.730248 -0.7916 -0.110712 -0.600926 -0.808837 0.05791 -0.585174 0.438862 0.396151 0.806514 0.694573 -0.275688 0.664503 0 -0.22699 -0.973897 0.290054 -0.146905 -0.945668 0.140198 0.088536 -0.986157 0.37252 0.020314 0.927802 0.621948 -0.444235 -0.644854 0.424306 0.310572 0.850594 0.504271 -0.570427 -0.648323 0.248105 0.252949 0.935126 -0.039228 0.495901 -0.867492 0 0.075886 -0.997117 0.133408 0.199552 -0.970763 0.857847 0.057917 0.510631 0.464036 -0.545717 -0.697756 -0.140198 0.088536 -0.986157 -0.133408 0.199552 -0.970763 0 0.183864 -0.982952 0.206511 0.463112 -0.861905 0.349804 0.764498 -0.541461 0.901966 0.08039 -0.424259 -0.005815 0.999475 -0.031872 0.497199 0.045909 -0.866421 0.901966 0.08039 -0.424259 -0.859529 -0.351679 -0.370852 -0.844849 -0.475971 -0.244297 -0.411656 -0.307479 -0.857902 -0.952461 -0.273762 0.133688 -0.918609 -0.283329 0.275469 -0.884217 -0.19982 0.422176 -0.724092 -0.161784 0.670461 0.901966 0.08039 -0.424259 -0.137546 0.816366 0.560917 -0.005815 0.999475 -0.031872 0.039228 0.495901 -0.867493 -0.290054 -0.146905 -0.945668 0 0.347019 -0.937858 -0.206511 0.463112 -0.861905 0 0.075886 -0.997117 -0.4972 0.045909 -0.866421 -0.66047 0.174688 0.730248 -0.429519 0.226636 0.874157 -0.438862 0.396151 0.806514 -0.37252 0.020314 0.927802 -0.424306 0.310571 0.850594 -0.621948 -0.444235 -0.644854 0.808838 0.057912 -0.585173 0.791602 -0.11071 -0.600924 -0.504272 -0.570427 -0.648323 -0.857845 0.057915 0.510634 -0.464036 -0.545717 -0.697756 0.954827 0.276456 -0.108987 0.900918 0.334906 0.276016 0.857038 0.366195 0.362473 0.857038 0.366195 0.362473 0.815328 0.559963 0.147251 0.691803 0.316434 -0.64906 0.316464 0.181226 0.931133 0.400642 0.309465 0.862391 0.418947 0.904694 -0.077544 0.691803 0.316434 -0.64906 0.815328 0.559963 0.147251 0.316464 0.181226 0.931133 0.262322 0.496285 0.82758 0 -0.17363 0.984811 0 -0.076964 0.997034 -0.117776 -0.183547 0.97593 -0.400642 0.309464 0.862391 0 0.228878 0.973455 -0.41998 0.349678 0.837462 -0.129046 -0.086764 0.987836 0.002202 -0.505658 0.862731 -0.316464 0.181226 0.931133 0.544157 -0.047916 -0.837614 0.599034 0.134177 -0.789401 0.930404 0.262059 -0.256267 -0.129046 -0.086764 0.987836 0 -0.342552 0.939499 0 -0.020067 0.999799 0.471088 -0.013253 0.881987 0 -0.17363 0.984811 -0.243344 -0.491984 0.835904 -0.471089 -0.013253 0.881986 -0.243344 -0.491984 0.835904 -0.117776 -0.183547 0.97593 -0.408072 -0.845005 0.345607 -0.815328 0.559963 0.147251 -0.418947 0.904694 -0.077544 -0.262322 0.496285 0.82758 -0.815328 0.559963 0.147251 -0.954827 0.276456 -0.108987 -0.691803 0.316434 -0.64906 -0.857038 0.366195 0.362473 -0.316464 0.181226 0.931133 -0.857038 0.366195 0.362473 -0.691803 0.316434 -0.64906 -0.4768 -0.38307 -0.791151 -0.291767 -0.23848 -0.926283 -0.900918 0.334906 0.276016 -0.900918 0.334906 0.276016 -0.930404 0.262059 -0.256267 -0.893491 0.195119 -0.404478 -0.691803 0.316434 -0.64906 -0.69603 -0.1406 -0.704112 -0.4768 -0.38307 -0.791151 -0.954827 0.276456 -0.108987 -0.893491 0.195119 -0.404478 -0.400642 0.309464 0.862391 -0.316464 0.181226 0.931133 -0.129046 -0.086764 0.987836 -0.691803 0.316434 -0.64906 -0.893491 0.195119 -0.404478 -0.400642 0.309464 0.862391 -0.41998 0.349678 0.837462 -0.857038 0.366195 0.362473 -0.471089 -0.013253 0.881986 -0.408072 -0.845005 0.345607 -0.869196 0.049273 0.492006 -0.381776 -0.914485 -0.134032 -0.377093 -0.920542 0.101995 -0.409338 0.829009 0.381033 -0.373563 0.712168 0.594363 -0.377093 -0.920542 0.101995 0 -0.96736 0.253408 -0.373563 0.712168 0.594363 0 0.665977 0.745972 0.377093 -0.920542 0.101994 0.373563 0.712168 0.594363 0 -0.96736 0.253408 0 0.665977 0.745972 -0.409338 0.829009 0.381033 -0.373563 0.712168 0.594363 0 0.960687 0.277634 0 0.665977 0.745972 0.373563 0.712168 0.594363 0.409338 0.829009 0.381033 0.544157 -0.047916 -0.837614 0.467847 -0.193683 -0.862326 0.808838 0.057912 -0.585173 0.901966 0.08039 -0.424259 -0.431164 0.695909 0.574289 -0.546932 0.615264 0.567729 0.497199 0.045909 -0.866421 -0.452154 0.87215 -0.186846 0 0.075886 -0.997117 -0.000001 0.296244 -0.955112 0.45215 0.872152 -0.186847 -0.4972 0.045909 -0.866421 0.907175 0.413763 0.076384 0 0.46203 0.886864 0.273081 0.434132 0.858462 0 -0.039527 0.999219 -0.273081 0.434132 0.858462 0 0.046232 0.998931 -0.907175 0.413763 0.076384 -0.32381 0.874389 0.361374 0 0.814703 -0.579879 0 0.524312 -0.851526 0.907175 0.413763 0.076384 -0.907175 0.413763 0.076384 -0.340579 0.838592 -0.42517 0.377093 -0.920542 0.101994 0 -0.96736 0.253408 0 -0.960687 -0.277633 -0.377093 -0.920542 0.101995 -0.381776 -0.914485 -0.134032 0.043256 0.144992 0.988487 0.043256 0.144992 0.988487 0.043256 0.144992 0.988487 0.043256 0.144992 0.988487 -0.141528 -0.004057 0.989926 1 0 0 -0.127371 -0.047034 0.990739 0.950482 0.310728 -0.005734 -0.141302 -0.04103 -0.989116 -0.155383 0.002505 -0.987851 -0.07454 -0.11682 0.990352 0.586273 0.810107 -0.003165 -0.090668 -0.111448 -0.989626 0.006773 0.999977 -0.000068 -0.007273 -0.139006 -0.990265 0.076264 -0.111713 -0.99081 0.008545 -0.144204 0.989511 -0.589273 0.807913 0.005868 0.128279 -0.040748 -0.990901 -0.951657 0.307053 0.008244 -1 0 0 0.142684 0.003475 -0.989762 0.089836 -0.116118 0.989164 0.142115 -0.045796 0.98879 0.15694 -0.00239 0.987605 -0.141528 -0.004057 0.989926 -0.127371 -0.047034 0.990739 -0.155383 0.002505 -0.987851 -0.141302 -0.04103 -0.989116 -0.090668 -0.111448 -0.989626 -0.07454 -0.11682 0.990352 -0.30334 -0.952882 0 0.008545 -0.144204 0.989511 -0.007273 -0.139006 -0.990265 0.076264 -0.111713 -0.99081 0.089836 -0.116118 0.989164 0.142115 -0.045796 0.98879 0.128279 -0.040748 -0.990901 0.142684 0.003475 -0.989762 0.15694 -0.00239 0.987605 -0.339328 0.875094 0.34506 0.341167 0.876363 0.339991 -0.344428 0.876812 -0.335514 0.336071 0.878093 -0.340602 -0.339328 0.875094 0.34506 -0.344428 0.876812 -0.335514 0.004034 -0.999992 0 -0.344428 0.876812 -0.335514 0.336071 0.878093 -0.340602 0.336071 0.878093 -0.340602 0.341167 0.876363 0.339991 0.341167 0.876363 0.339991 -0.339328 0.875094 0.34506 0.004034 -0.999992 0 -0.465093 0.076405 0.881958 -0.465093 0.076405 0.881958 -0.465093 0.076405 0.881958 -0.465093 0.076405 0.881958 -0.324813 0.081485 0.942262 -0.324813 0.081485 0.942262 -0.324813 0.081485 0.942262 0.736601 0.03361 0.675492 0.736601 0.03361 0.675492 0.736601 0.03361 0.675492 0.736601 0.03361 0.675492 0.234378 0.243847 0.941066 0.234378 0.243847 0.941066 0.234378 0.243847 0.941066 0.234378 0.243847 0.941066 -0.653228 0.098171 0.75077 -0.653228 0.098171 0.75077 -0.653228 0.098171 0.75077 -0.138133 -0.484969 -0.863553 -0.128531 0.481556 -0.866939 -0.150202 -0.475477 -0.866811 -0.150203 0.475478 -0.86681 -0.128531 0.481556 -0.866939 -0.133129 0.991099 0 -0.150203 0.475478 -0.86681 -0.156125 0.987737 0 -0.128531 0.481556 0.866939 -0.150203 0.475478 0.86681 -0.133129 0.991099 0 -0.156125 0.987737 0 -0.128531 0.481556 0.866939 -0.138133 -0.484969 0.863553 -0.150203 0.475478 0.86681 -0.150202 -0.475477 0.866811 -0.138133 -0.484969 0.863553 -0.156122 -0.987738 0 -0.150202 -0.475477 0.866811 -0.156122 -0.987738 0 -0.138133 -0.484969 -0.863553 -0.150202 -0.475477 -0.866811 -0.156122 -0.987738 0 -0.156122 -0.987738 0 -0.064436 -0.410294 -0.909674 -0.008053 0.567889 -0.823066 -0.098435 0.519529 -0.848764 0.670488 0.695558 -0.258157 0.437358 -0.362834 -0.822842 0.872865 -0.116927 0.473745 0.388413 -0.876486 -0.284445 -0.155684 -0.955624 0.250092 0.232328 -0.868176 -0.438513 0.309273 -0.916764 0.252773 0.309273 -0.916764 0.252773 0.058709 -0.244621 0.96784 -0.256077 -0.880912 0.398018 0.263346 -0.827406 -0.496032 -0.311022 -0.853467 -0.418162 -0.187916 -0.731966 -0.654914 -0.255335 -0.103515 0.961295 0.004008 -0.999862 -0.016133 -0.696298 -0.369451 0.615366 -0.479751 -0.771901 -0.417142 -0.831883 -0.467734 0.298657 0.471088 -0.013253 0.881987 0.869193 0.049272 0.492012 0.408072 -0.845005 0.345607 0.138133 -0.484969 -0.863553 0.150202 -0.475477 -0.866811 0.128531 0.481556 -0.866939 0.150203 0.475478 -0.86681 0.128531 0.481556 -0.866939 0.150203 0.475478 -0.86681 0.133129 0.991099 0 0.151155 0.98851 -0.000147 0.151155 0.98851 -0.000147 0.150203 0.475479 0.86681 0.133129 0.991099 0 0.128531 0.481557 0.866939 0.128531 0.481557 0.866939 0.150203 0.475479 0.86681 0.138133 -0.484969 0.863553 0.150202 -0.475477 0.866811 0.138133 -0.484969 0.863553 0.150202 -0.475477 0.866811 0.156122 -0.987738 0 0.156122 -0.987738 0 0.156122 -0.987738 0 0.150202 -0.475477 -0.866811 0.156122 -0.987738 0 0.138133 -0.484969 -0.863553 0.101232 0.684788 -0.721677 0.255637 0.743559 -0.617875 -0.984791 0.050561 -0.166224 0.997697 0.028741 -0.061439 0.816917 0.508872 -0.271469 0.091838 0.842779 -0.530367 -0.977427 0.112185 -0.179029 0.965113 -0.144561 0.218309 -0.004836 -0.591861 -0.806026 0.016189 -0.231589 0.972679 0.729007 0.010138 -0.684431 -0.004836 -0.591861 -0.806026 0.436043 -0.364026 0.823013 0.016189 -0.231589 0.972679 -0.004836 -0.591861 -0.806026 -0.356101 0.017221 -0.934289 0.436043 -0.364026 0.823013 0.965113 -0.144561 0.218309 0.997697 0.028741 -0.061439 -0.034114 -0.764531 0.643684 -0.213335 -0.725105 0.65476 -0.984791 0.050561 -0.166224 0.050877 -0.697536 0.714741 -0.33609 -0.652222 0.679448 -0.04209 0.965433 -0.257229 -0.817808 0.555213 -0.151419 -0.470144 0.667475 -0.577444 0.389069 0.689401 -0.611025 0.802526 0.580615 -0.13725 0.480863 -0.551342 0.681758 0.050877 -0.697536 0.714741 -0.556709 0.728677 -0.39888 0.485551 0.77302 -0.408265 0.050877 -0.697536 0.714741 0.480863 -0.551342 0.681758 -0.558064 -0.693214 0.45609 -0.60932 -0.684582 0.400096 -0.59648 -0.627091 0.500968 0.076936 0.721296 -0.688341 -0.470144 0.667475 -0.577444 0.170739 0.699879 -0.693554 -0.556709 0.728677 -0.39888 0.745135 -0.529387 0.405614 0.076936 0.721296 -0.688341 0.170739 0.699879 -0.693554 0.43872 0.653091 -0.617249 0.389069 0.689401 -0.611025 0.389069 0.689401 -0.611025 -0.515757 -0.560796 0.64769 -0.59648 -0.627091 0.500968 0.453357 0.288172 -0.84346 -0.725433 -0.425292 0.541179 0.090757 -0.958165 -0.271447 -0.634512 0.640355 -0.432827 -0.515757 -0.560796 0.64769 0.389069 0.689401 -0.611025 0.596065 0.595656 -0.538424 0.389069 0.689401 -0.611025 0.43872 0.653091 -0.617249 -0.674888 -0.084867 0.733024 -0.655144 -0.583116 0.480377 -0.732852 -0.474313 0.487807 -0.48763 0.143005 0.861259 -0.530265 0.170473 0.830517 -0.746047 -0.532334 0.400042 -0.886062 -0.157116 0.43613 0 0.022012 0.999758 -0.71307 -0.513254 0.4776 -0.699113 -0.621269 0.35393 -0.296428 0.157259 0.942019 0 0.397859 0.917447 0.296428 0.157259 0.942019 0.530265 0.170473 0.830517 0.486714 0.147082 0.86109 -0.499638 -0.862433 0.081064 -0.289734 -0.9381 -0.189799 -0.634169 -0.7352 0.239395 -0.716992 0.316569 0.621053 0.674913 -0.084634 0.733028 -0.227928 -0.966761 -0.11585 -0.419919 0.416683 -0.806253 0.730897 -0.00119 0.682486 0.655144 -0.583116 0.480377 0.732851 -0.474313 0.487808 0 -0.993033 -0.117838 0.64191 0.293506 0.708382 0.53194 0.465651 0.707255 0.745135 -0.529387 0.405614 0.71307 -0.513254 0.477601 0.699112 -0.621269 0.353931 0.911952 -0.084887 0.401419 0.782135 0.305331 0.543174 0.886062 -0.157117 0.436129 0.499638 -0.862433 0.081064 0.289734 -0.9381 -0.189799 0 -0.977181 -0.212409 0.227928 -0.966761 -0.11585 0.634169 -0.7352 0.239395 0.530265 0.170473 0.830517 0.53194 0.465651 0.707255 0.545324 0.838145 0.011646 0.730897 -0.00119 0.682486 0.782135 0.305331 0.543174 0.850745 0.223765 -0.475565 0.745135 -0.529387 0.405614 0.71307 -0.513254 0.477601 0.689201 -0.323918 -0.648135 -0.746047 -0.532334 0.400042 -0.689201 -0.323918 -0.648135 -0.71307 -0.513254 0.4776 0.634169 -0.7352 0.239395 -0.634169 -0.7352 0.239395 0.485393 0.122043 -0.865736 -0.301259 0.561747 -0.770509 -0.485393 0.122043 -0.865736 0.301259 0.561747 -0.770508 -0.419919 0.416683 -0.806253 -0.047358 0.508765 -0.859602 0.047358 0.508765 -0.859602 0.015131 -0.771385 -0.636189 0.344338 -0.683834 -0.643275 0 0.765593 -0.643326 -0.015131 -0.771385 -0.636189 -0.344338 -0.683834 -0.643275 -0.289734 -0.9381 -0.189799 0 0.798108 -0.602515 -0.012723 0.7984 -0.601994 0 0.436387 -0.899759 -0.34301 0.047534 -0.938128 -0.047358 0.508765 -0.859602 -0.301259 0.561747 -0.770509 0 -0.151803 -0.988411 0 0.461188 -0.887303 0 0.765593 -0.643326 0.34301 0.047534 -0.938128 0.850745 0.223765 -0.475565 0.301259 0.561747 -0.770508 0.047358 0.508765 -0.859602 -0.670488 0.695558 -0.258157 -0.872866 -0.116927 0.473744 -0.437358 -0.362834 -0.822842 -0.388413 -0.876486 -0.284444 -0.232328 -0.868176 -0.438513 -0.309273 -0.916764 0.252773 -0.309273 -0.916764 0.252773 -0.058709 -0.244621 0.96784 0.155684 -0.955623 0.250094 -0.263346 -0.827406 -0.496033 0.311022 -0.853467 -0.418162 0.256077 -0.880912 0.398018 0.479751 -0.771901 -0.417142 0.255334 -0.103515 0.961296 0.831883 -0.467735 0.298657 0.004008 -0.999862 -0.016133 0.696298 -0.369451 0.615366 -0.617523 0.373058 0.692454 0.37252 0.020314 0.927802 -0.494494 0.563261 0.661977 0.424306 0.310572 0.850594 -0.429738 0.656423 0.620027 0.464036 -0.545717 -0.697756 -0.959342 0.2095 0.189136 0.857847 0.057917 0.510631 -0.424306 0.310571 0.850594 -0.37252 0.020314 0.927802 0.494493 0.563261 0.661977 -0.857845 0.057915 0.510634 0.617523 0.373058 0.692454 0.833433 0.160924 0.528671 0.429738 0.656423 0.620027 -0.464036 -0.545717 -0.697756 0.808838 0.057912 -0.585173 0.955384 0.223279 0.193362 0.791602 -0.11071 -0.600924 0.832967 -0.527313 -0.167652 0.441705 -0.894942 0.063056 0.694573 -0.275688 0.664503 0.343779 -0.466018 0.815256 0.182082 0.478631 0.858929 -0.038196 -0.559273 0.828103 -0.013489 -0.999909 0 0.080913 -0.996721 0 -0.082724 0.417182 0.90505 0.089372 -0.507112 0.857234 0.039277 -0.524293 0.850632 -0.060006 0.477038 0.876832 -0.098094 0.995177 0 0.22782 0.504427 0.832857 -0.057749 0.998331 0 0.273264 0.961939 0 0.1289 -0.47013 0.873134 -0.066115 0.496458 0.86554 -0.093311 -0.464426 0.880682 -0.066115 0.496457 -0.86554 -0.093312 -0.464426 -0.880682 0.128899 -0.47013 -0.873134 0.22782 0.504428 -0.832857 -0.128531 0.481556 0.866939 -0.128531 0.481556 -0.866939 -0.138133 -0.484969 -0.863553 -0.138133 -0.484969 0.863553 -0.150202 -0.475477 -0.866811 -0.150203 0.475478 -0.86681 0.49009 -0.420476 -0.763552 -0.156122 -0.987738 0 0.49009 0.420476 -0.763552 -0.156125 0.987737 0 0.49151 -0.870872 0 0.49009 -0.420476 0.763552 -0.150202 -0.475477 0.866811 0.491512 0.870871 0 0.49009 0.420476 0.763552 -0.150203 0.475478 0.86681 0.49009 -0.420476 -0.763552 0.49009 0.420476 -0.763552 1 0 0 0.49151 -0.870872 0 0.491512 0.870871 0 0.49009 -0.420476 0.763552 0.49009 0.420476 0.763552 0.309273 -0.916764 0.252773 0.471598 0.855935 -0.212062 -0.187916 -0.731966 -0.654914 -0.026913 0.999174 0.030461 0.039065 0.976431 -0.212267 -0.321713 0.889399 -0.324762 0.188351 0.690702 0.69818 -0.467211 0.607271 0.642601 -0.078591 0.542245 0.836537 0.263346 -0.827406 -0.496032 0.317553 0.097179 -0.943248 0.595432 0.11064 -0.795751 -0.103743 0.250199 -0.96262 0.232328 -0.868176 -0.438513 0.429781 0.753881 -0.496943 -0.053765 0.796019 -0.602879 -0.220892 0.023926 0.975005 -0.99342 -0.07125 0.089672 -0.696298 -0.369451 0.615366 -0.311022 -0.853467 -0.418162 -0.419467 0.226833 -0.878974 0.872865 -0.116927 0.473745 0.058709 -0.244621 0.96784 -0.256077 -0.880912 0.398018 0.011214 0.090992 0.995789 -0.155684 -0.955624 0.250092 0.670488 0.695558 -0.258157 0.437358 -0.362834 -0.822842 -0.844849 -0.475971 -0.244297 -0.434878 -0.89937 -0.044882 -0.27038 -0.489084 -0.829272 -0.724092 -0.161784 0.670461 0.038196 -0.559272 0.828104 -0.039277 -0.524293 0.850632 -0.080913 -0.996721 0 0.082724 0.417182 0.90505 0.099818 0.995006 0 0.060006 0.477038 0.876832 0.059361 0.492683 -0.868182 0.093312 -0.464426 -0.880682 0.128531 0.481556 -0.866939 0.057749 0.998331 0 -0.22782 0.504427 -0.832857 0.133129 0.991099 0 0.138133 -0.484969 -0.863553 0.117134 -0.993116 0 -0.22782 0.504427 0.832857 0.066115 0.496458 0.86554 -0.1289 -0.47013 0.873134 0.093311 -0.464426 0.880682 0.128531 0.481557 0.866939 0.138133 -0.484969 0.863553 0.150202 -0.475477 -0.866811 -0.49009 -0.420476 -0.763552 0.150203 0.475478 -0.86681 0.156122 -0.987738 0 -0.49009 0.420476 -0.763552 0.151155 0.98851 -0.000147 -0.49151 -0.870872 0 -0.49009 -0.420476 0.763552 0.150202 -0.475477 0.866811 -0.491512 0.870871 0 -0.49009 0.420476 0.763552 0.150203 0.475479 0.86681 -0.49009 -0.420476 -0.763552 -1 0 0 -0.49009 0.420476 -0.763552 -0.49151 -0.870872 0 -0.491512 0.870871 0 -0.49009 -0.420476 0.763552 -0.49009 0.420476 0.763552 0.907175 0.413763 0.076384 0 -0.271024 0.962573 0 -0.039527 0.999219 -0.727149 -0.661605 -0.18312 0.727149 -0.661605 -0.18312 -0.234603 -0.465946 0.853144 -0.234602 -0.039035 0.971308 -0.727149 0.661603 0.183126 0.234603 -0.465946 0.853144 0.727149 0.661603 0.183126 0.234602 -0.039035 0.971308 0.726214 -0.683327 -0.075343 -0.838523 0.497323 -0.222596 -0.567005 0.493601 -0.659442 -0.734119 0.381921 0.561431 0.701569 -0.66584 -0.253888 0.799039 0.119301 0.589325 0.684042 0.204653 0.700146 0 -0.076964 0.997034 0 0.145185 0.989405 0.3587 0.142369 0.922532 0 0.022012 0.999758 -0.799039 0.119301 0.589325 0 -0.076964 0.997034 -0.684042 0.204653 0.700146 0 0.145185 0.989405 -0.3587 0.14237 0.922532 0 0.022012 0.999758 0.682571 0.156587 -0.713847 0.741528 0.335726 -0.580882 0.799039 0.119301 0.589325 0.684042 0.204653 0.700146 0.307637 0.917781 -0.251074 0.3587 0.142369 0.922532 0 0.888336 -0.459195 0.307637 0.917781 -0.251074 0 0.333915 -0.942603 0.741528 0.335726 -0.580882 0.682571 0.156587 -0.713847 0 0.115029 -0.993362 0 0.115029 -0.993362 -0.682571 0.156587 -0.713847 0 0.333915 -0.942603 -0.741528 0.335726 -0.580882 -0.307636 0.917781 -0.251074 -0.44488 -0.717128 0.536479 -0.605469 0.577132 0.548021 -0.803591 0.595178 -0.002215 -0.44488 -0.717128 0.536479 -0.093618 -0.643542 0.759664 -0.605469 0.577132 0.548021 0.620246 -0.566763 0.542287 0.434612 0.713214 0.549944 0.084984 0.624996 0.775988 0.620246 -0.566763 0.542287 0.830889 -0.556432 0.002522 0.434612 0.713214 0.549944 0.156122 -0.987738 0 -0.171056 -0.983223 0.063339 -0.140062 -0.951171 -0.275056 0.289452 -0.951321 0.105861 0.799039 0.119301 0.589325 0.782313 -0.022423 0.622482 0.682571 0.156587 -0.713847 0 -0.076964 0.997034 0.701406 0.088367 -0.707263 0 0.115029 -0.993362 0 -0.355695 0.934602 -0.782313 -0.022423 0.622482 -0.799039 0.119301 0.589325 -0.682571 0.156587 -0.713847 -0.701406 0.088367 -0.707263 0 -0.027616 -0.999619 -0.684042 0.204653 0.700146 -0.955078 0.285459 0.079613 -0.799039 0.119301 0.589325 -0.3587 0.14237 0.922532 -0.682571 0.156587 -0.713847 -0.307636 0.917781 -0.251074 -0.741528 0.335726 -0.580882 0.620246 -0.566763 0.542287 0.260345 -0.584154 0.768755 0.1408 -0.99002 -0.005943 -0.156122 -0.987738 0 -0.988217 0.026081 0.150818 -0.990544 0.123269 -0.060225 -0.311022 -0.853467 -0.418162 -0.924134 0.367037 0.106113 0.99613 -0.080958 0.034227 0.998122 -0.059354 -0.015139 0.970298 0.222545 0.094842 0.803522 0.533594 0.263874 0.61698 -0.007597 -0.786942 0.630599 0.110192 -0.768246 0.156122 -0.987738 0 0.990544 0.123269 -0.060225 0.988217 0.026081 0.150818 0.311022 -0.853467 -0.418162 0.924134 0.367037 0.106113 -0.99613 -0.080958 0.034227 -0.803522 0.533594 0.263874 -0.970298 0.222545 0.094842 -0.998122 -0.059354 -0.015139 -0.639586 0.095567 -0.762756 -0.61698 -0.007597 -0.786942 -0.471598 0.855936 -0.212061 0.255334 -0.103515 0.961296 -0.309273 -0.916764 0.252773 -0.818464 0.40531 0.407236 0.187915 -0.731966 -0.654915 -0.914127 0.351832 -0.201461 -0.405492 0.405846 -0.819064 -0.472313 0.862368 -0.182324 -0.405375 0.7603 0.507559 -0.834791 0.322003 -0.446586 -0.429781 0.753881 -0.496942 -0.058709 -0.244621 0.96784 -0.595432 0.11064 -0.795751 -0.317552 0.097181 -0.943248 0.479751 -0.771901 -0.417142 -0.560379 -0.40026 -0.725098 0.22782 0.504427 0.832857 0.22782 0.504427 0.832857 0.22782 0.504427 0.832857 0.22782 0.504427 0.832857 -0.977835 -0.196742 -0.071627 0.884217 -0.19982 0.422176 -0.836737 -0.226676 0.498486 0.54117 -0.134908 0.830021 0.918609 -0.283329 0.275469 0.968383 -0.17247 -0.180244 0.896821 -0.358185 -0.259644 0.450723 -0.148987 -0.880143 0 -0.151803 -0.988411 0.499059 0.073229 0.863468 -0.833432 0.160924 0.528673 0 -0.328352 -0.944556 -0.417792 -0.356229 -0.835793 -0.450723 -0.148987 -0.880143 -0.968383 -0.17247 -0.180244 -0.959342 0.2095 0.189136 -0.896821 -0.358185 -0.259644 -0.884217 -0.19982 0.422176 0.445456 0.442847 0.77811 0.982769 -0.173858 0.062755 -0.54117 -0.134908 0.830021 0.836737 -0.226673 0.498489 0.977815 -0.19688 -0.071525 -0.248105 0.252949 0.935126 -0.349803 0.764497 -0.541463 0.007378 0.999468 -0.031767 -0.499059 0.073229 0.863468 -0.445456 0.442847 0.77811 0.137544 0.816366 0.560918 -0.901967 0.08039 -0.424257 -0.980726 -0.186164 0.059327 0.955384 0.223279 0.193362 -0.901967 0.08039 -0.424257 0.007378 0.999468 -0.031767 0.444142 0.118383 0.888101 0 0.126941 0.99191 0.419981 0.349678 0.837461 0 0.326361 0.945245 -0.41998 0.349678 0.837462 -0.444142 0.118383 0.888101 0.900918 0.334906 0.276016 0.419981 0.349678 0.837461 0.857038 0.366195 0.362473 0.900918 0.334906 0.276016 0.930404 0.262059 -0.256267 0.970905 0.139886 0.194357 0.904876 0.169795 -0.390346 0.869801 -0.298347 -0.392983 0.941674 -0.291922 0.167427 0.930404 0.262059 -0.256267 0.599034 0.134177 -0.789401 0.904876 0.169795 -0.390346 0.836737 -0.226673 0.498489 0.977815 -0.19688 -0.071525 0.900918 0.334906 0.276016 0.970905 0.139886 0.194357 0.419981 0.349678 0.837461 0.444142 0.118383 0.888101 0.474213 -0.205409 0.856113 0.941674 -0.291922 0.167427 0.893491 0.195119 -0.404478 0.930404 0.262059 -0.256267 0.900918 0.334906 0.276016 0.129046 -0.086763 0.987836 0.316464 0.181226 0.931133 0.325297 0.47272 -0.818974 0.262322 0.496285 0.82758 0.351374 0.474241 0.807237 0.418947 0.904694 -0.077544 0.31804 0.948077 0 0.30894 0.489631 -0.815364 0.325297 0.47272 -0.818974 0.157623 -0.653004 -0.74077 0.291767 -0.23848 -0.926282 0.4768 -0.38307 -0.791151 0.163174 -0.392 -0.905379 0.473349 -0.456426 -0.753403 0.316464 0.181226 0.931133 0.046052 -0.683482 0.728514 -0.138395 -0.892366 -0.429569 0.291767 -0.23848 -0.926282 0.060262 -0.998174 -0.00404 -0.138395 -0.892366 -0.429569 0.291767 -0.23848 -0.926282 -0.138395 -0.892366 -0.429569 0.976567 0.21154 0.039605 0.955384 0.223279 0.193362 0.4768 -0.38307 -0.791151 0.129046 -0.086763 0.987836 0.002202 -0.505658 0.862731 0.002202 -0.505658 0.862731 0.046052 -0.683482 0.728514 0.691803 0.316434 -0.64906 0.157623 -0.653004 -0.74077 0.080913 -0.996721 0 0.060262 -0.998174 -0.00404 0.080913 -0.996721 0 0.473349 -0.456426 -0.753403 0.976567 0.21154 0.039605 0.696031 -0.1406 -0.704111 0.955384 0.223279 0.193362 0.791602 -0.11071 -0.600924 0.467847 -0.193683 -0.862326 0.696031 -0.1406 -0.704111 0.117776 -0.183547 0.97593 0 0.228878 0.973455 0.400642 0.309465 0.862391 0.002202 -0.505658 0.862731 0.060262 -0.998174 -0.00404 0.869193 0.049272 0.492012 0.408072 -0.845005 0.345607 0.869193 0.049272 0.492012 0.893491 0.195119 -0.404478 0.691803 0.316434 -0.64906 0.893491 0.195119 -0.404478 0.954827 0.276456 -0.108987 0.129046 -0.086763 0.987836 0.408072 -0.845005 0.345607 0.243344 -0.491984 0.835904 0.117776 -0.183547 0.97593 0.243344 -0.491984 0.835904 0.419981 0.349678 0.837461 0.696031 -0.1406 -0.704111 0.467847 -0.193683 -0.862326 0.408072 -0.845005 0.345607 0.117776 -0.183547 0.97593 -0.262322 0.496285 0.82758 -0.042669 -0.682716 0.729437 -0.042669 -0.682716 0.729437 0.002202 -0.505658 0.862731 -0.117776 -0.183547 0.97593 -0.408072 -0.845005 0.345607 -0.080913 -0.996721 0 -0.316464 0.181226 0.931133 0.002202 -0.505658 0.862731 -0.062284 -0.99805 -0.004196 -0.062284 -0.99805 -0.004196 0.136181 -0.894335 -0.426168 -0.351374 0.474241 0.807237 -0.325298 0.47272 -0.818973 -0.978525 0.201871 0.041679 -0.080913 -0.996721 0 -0.308635 0.491082 -0.814606 -0.31804 0.948077 0 -0.418947 0.904694 -0.077544 -0.869196 0.049273 0.492006 0.136181 -0.894335 -0.426168 -0.473347 -0.456429 -0.753402 -0.291767 -0.23848 -0.926283 0.136181 -0.894335 -0.426168 0.502966 -0.793084 -0.343573 -0.15541 -0.651779 -0.742315 -0.869196 0.049273 0.492006 -0.408072 -0.845005 0.345607 -0.291767 -0.23848 -0.926283 -0.959342 0.2095 0.189136 -0.978525 0.201871 0.041679 -0.473347 -0.456429 -0.753402 -0.7916 -0.110712 -0.600926 -0.959342 0.2095 0.189136 -0.69603 -0.1406 -0.704112 -0.467847 -0.193683 -0.862326 -0.930404 0.262059 -0.256267 -0.544157 -0.047916 -0.837614 -0.467847 -0.193683 -0.862326 -0.69603 -0.1406 -0.704112 -0.599035 0.134177 -0.789401 -0.900918 0.334906 0.276016 -0.970905 0.139886 0.194357 -0.930404 0.262059 -0.256267 -0.904876 0.169795 -0.390346 -0.869793 -0.298354 -0.392996 -0.941674 -0.291922 0.167427 -0.930404 0.262059 -0.256267 -0.904876 0.169795 -0.390346 -0.599035 0.134177 -0.789401 -0.836737 -0.226676 0.498486 -0.977835 -0.196742 -0.071627 -0.900918 0.334906 0.276016 -0.41998 0.349678 0.837462 -0.970905 0.139886 0.194357 -0.444142 0.118383 0.888101 -0.474213 -0.205409 0.856113 -0.941674 -0.291922 0.167427 -0.833432 0.160924 0.528673 -0.808837 0.05791 -0.585174 -0.544157 -0.047916 -0.837614 -0.467847 -0.193683 -0.862326 -0.808837 0.05791 -0.585174 -0.7916 -0.110712 -0.600926 -0.467847 -0.193683 -0.862326 -0.4768 -0.38307 -0.791151 0.174832 0.785277 0.593948 0.174832 0.785277 0.593948 0.174832 0.785277 0.593948 0.4768 -0.38307 -0.791151 0.791602 -0.11071 -0.600924 0.467847 -0.193683 -0.862326 -0.203703 0.728937 0.653572 -0.203703 0.728937 0.653572 -0.203703 0.728937 0.653572 -0.959342 0.2095 0.189136 0.982769 -0.173858 0.062755 -0.297315 0.305825 0.904475 -0.980726 -0.186164 0.059327 0.29738 0.305851 0.904445 0.546041 0.613662 0.570314 0.955384 0.223279 0.193362 -0.959342 0.2095 0.189136 -0.297315 0.305825 0.904475 -0.978525 0.201871 0.041679 -0.546932 0.615264 0.567729 -0.869196 0.049273 0.492006 -0.431164 0.695909 0.574289 -0.471089 -0.013253 0.881986 -0.452154 0.87215 -0.186846 0 -0.020067 0.999799 -0.000001 0.296244 -0.955112 0.45215 0.872152 -0.186847 0.471088 -0.013253 0.881987 0.431163 0.695873 0.574333 0.869193 0.049272 0.492012 0.546041 0.613662 0.570314 0.976567 0.21154 0.039605 0.29738 0.305851 0.904445 0.955384 0.223279 0.193362 -0.262322 0.496285 0.82758 -0.351374 0.474241 0.807237 -0.123336 -0.452894 0.882992 -0.123336 -0.452894 0.882992 0.117134 -0.993116 0 -0.062284 -0.99805 -0.004196 0.32381 0.874388 0.361375 0.47907 0.420345 0.770586 0.561362 0.226238 0.796046 0.300076 0.084263 0.950186 0.269813 -0.097833 0.95793 -0.479069 0.420345 0.770586 -0.067114 0.921956 0.381434 0 -0.089761 0.995963 -0.300076 0.084263 0.950186 -0.269813 -0.097833 0.95793 -0.561361 0.226238 0.796046 0.340578 0.838592 -0.42517 0.32381 0.874388 0.361375 -0.32381 0.874389 0.361374 -0.083058 0.993263 -0.080805 -0.067114 0.921956 0.381434 0.530325 0.049641 0.84634 0.530325 0.049641 0.84634 0.530325 0.049641 0.84634 0.530325 0.049641 0.84634 -0.324813 0.081485 0.942262 -0.479561 0.102104 0.871548 -0.479561 0.102104 0.871548 -0.479561 0.102104 0.871548 -0.479561 0.102104 0.871548 -0.653228 0.098171 0.75077 -0.061583 -0.414777 0.907837 -0.322816 -0.470748 0.821088 -0.090734 0.515464 0.852094 -0.061583 -0.414777 0.907837 -0.104223 -0.994537 -0.005809 -0.322816 -0.470748 0.821088 -0.438424 -0.898754 -0.005087 -0.438424 -0.898754 -0.005087 -0.104223 -0.994537 -0.005809 -0.321154 -0.446939 -0.834929 -0.064436 -0.410294 -0.909674 0.010779 0.999872 -0.011853 -0.018507 0.999728 -0.014207 -0.008053 0.567889 -0.823066 -0.098435 0.519529 -0.848764 0.010779 0.999872 -0.011853 -0.002458 0.578582 0.81562 -0.018507 0.999728 -0.014207 -0.351374 0.474241 0.807237 -0.304671 0.501504 0.809734 -0.123336 -0.452894 0.882992 -0.150312 -0.503895 0.850586 -0.123336 -0.452894 0.882992 -0.150312 -0.503895 0.850586 0.117134 -0.993116 0 -0.117134 -0.993116 0 -0.418947 0.904694 -0.077544 -0.31804 0.948077 0 -0.351374 0.474241 0.807237 -0.304671 0.501504 0.809734 -0.090734 0.515464 0.852094 -0.322816 -0.470748 0.821088 -0.304671 0.501504 0.809734 -0.150312 -0.503895 0.850586 -0.322816 -0.470748 0.821088 -0.438424 -0.898754 -0.005087 -0.150312 -0.503895 0.850586 -0.117134 -0.993116 0 -0.117134 -0.993116 0 -0.438424 -0.898754 -0.005087 -0.175319 -0.519536 -0.836269 -0.321154 -0.446939 -0.834929 -0.175319 -0.519536 -0.836269 -0.321154 -0.446939 -0.834929 -0.308635 0.491082 -0.814606 -0.098435 0.519529 -0.848764 -0.308635 0.491082 -0.814606 -0.098435 0.519529 -0.848764 -0.31804 0.948077 0 -0.018507 0.999728 -0.014207 -0.018507 0.999728 -0.014207 -0.090734 0.515464 0.852094 -0.31804 0.948077 0 -0.304671 0.501504 0.809734 -0.321154 -0.446939 -0.834929 -0.117134 -0.993116 0 -0.175319 -0.519536 -0.836269 0.117134 -0.993116 0 -0.157426 -0.389062 -0.907661 -0.175319 -0.519536 -0.836269 -0.308635 0.491082 -0.814606 -0.157426 -0.389062 -0.907661 -0.325298 0.47272 -0.818973 -0.903495 -0.31681 0.288668 -0.559659 -0.510557 -0.652774 0.124052 -0.455637 0.881479 0.351374 0.474241 0.807237 0.262322 0.496285 0.82758 0.351374 0.474241 0.807237 0.124052 -0.455637 0.881479 0.304671 0.501504 0.809734 0.150312 -0.503895 0.850586 0.124052 -0.455637 0.881479 -0.104223 -0.994537 -0.005809 0.150312 -0.503895 0.850586 0.117134 -0.993116 0 0.418947 0.904694 -0.077544 0.351374 0.474241 0.807237 0.31804 0.948077 0 0.304671 0.501504 0.809734 0.150312 -0.503895 0.850586 0.322816 -0.470748 0.821088 0.304671 0.501504 0.809734 0.090734 0.515464 0.852094 0.117134 -0.993116 0 0.436098 -0.899881 -0.005795 0.150312 -0.503895 0.850586 0.322816 -0.470748 0.821088 0.117134 -0.993116 0 0.177635 -0.517323 -0.837152 0.436098 -0.899881 -0.005795 0.315822 -0.44759 -0.836612 0.177635 -0.517323 -0.837152 0.30894 0.489631 -0.815364 0.315822 -0.44759 -0.836612 0.096913 0.519309 -0.849074 0.30894 0.489631 -0.815364 0.31804 0.948077 0 0.096913 0.519309 -0.849074 0.010779 0.999872 -0.011853 0.304671 0.501504 0.809734 0.090734 0.515464 0.852094 0.31804 0.948077 0 0.010779 0.999872 -0.011853 0.163174 -0.392 -0.905379 0.177635 -0.517323 -0.837152 -0.104223 -0.994537 -0.005809 0.117134 -0.993116 0 0.325297 0.47272 -0.818974 0.30894 0.489631 -0.815364 0.163174 -0.392 -0.905379 0.177635 -0.517323 -0.837152 0.322816 -0.470748 0.821088 0.061583 -0.414777 0.907837 0.090734 0.515464 0.852094 -0.002458 0.578582 0.81562 0.436098 -0.899881 -0.005795 0.110187 -0.993788 -0.015634 0.322816 -0.470748 0.821088 0.061583 -0.414777 0.907837 0.436098 -0.899881 -0.005795 0.315822 -0.44759 -0.836612 0.110187 -0.993788 -0.015634 0.064436 -0.410294 -0.909674 0.315822 -0.44759 -0.836612 0.096913 0.519309 -0.849074 0.064436 -0.410294 -0.909674 0.008053 0.567889 -0.823066 0.096913 0.519309 -0.849074 0.010779 0.999872 -0.011853 0.008053 0.567889 -0.823066 -0.018507 0.999728 -0.014207 0.090734 0.515464 0.852094 -0.002458 0.578582 0.81562 0.010779 0.999872 -0.011853 -0.018507 0.999728 -0.014207 -0.977427 0.112185 -0.179029 0.160437 -0.23785 0.95796 0.436043 -0.364026 0.823013 -0.567385 0.813347 -0.128616 -0.417625 -0.081425 0.904964 -0.567385 0.813347 -0.128616 0.381969 0.403708 -0.831336 0.729007 0.010138 -0.684431 -0.194761 -0.42316 0.884875 -0.288109 -0.120491 0.949987 0.021639 0.344066 -0.938696 -0.09438 0.344181 -0.934148 -0.288109 -0.120491 0.949987 -0.666401 0.615126 -0.421343 -0.09438 0.344181 -0.934148 0.160437 -0.23785 0.95796 -0.666401 0.615126 -0.421343 -0.417625 -0.081425 0.904964 0.381969 0.403708 -0.831336 -0.194761 -0.42316 0.884875 0.15654 0.135637 -0.978314 0.021639 0.344066 -0.938696 0.15654 0.135637 -0.978314 0.15654 0.135637 -0.978314 0.021639 0.344066 -0.938696 0.381969 0.403708 -0.831336 0.729007 0.010138 -0.684431 -0.09438 0.344181 -0.934148 -0.666401 0.615126 -0.421343 -0.417625 -0.081425 0.904964 -0.213335 -0.725105 0.65476 -0.356101 0.017221 -0.934289 0.816917 0.508872 -0.271469 0.436043 -0.364026 0.823013 -0.977427 0.112185 -0.179029 -0.567385 0.813347 -0.128616 -0.417625 -0.081425 0.904964 -0.796158 -0.219495 -0.563874 0.689245 -0.412299 0.595778 -0.332245 -0.93402 -0.131227 0.536296 -0.025466 0.843646 -0.191326 0.861201 -0.47088 -0.374939 0.715562 -0.5894 -0.420368 -0.790027 -0.446259 -0.332245 -0.93402 -0.131227 0.738444 -0.344848 0.579466 0.536296 -0.025466 0.843646 0.205244 0.768898 -0.605534 -0.191326 0.861201 -0.47088 -0.420368 -0.790027 -0.446259 0.738444 -0.344848 0.579466 0.105736 -0.587742 0.802109 0.686932 -0.140625 0.712986 0.205244 0.768898 -0.605534 0.820794 0.523346 0.228922 -0.796158 -0.219495 -0.563874 -0.632522 0.31081 -0.709446 0.689245 -0.412299 0.595778 -0.632522 0.31081 -0.709446 -0.374939 0.715562 -0.5894 0.689245 -0.412299 0.595778 -0.858164 -0.171095 0.484026 -0.867749 0.450563 0.209774 0.105736 -0.587742 0.802109 0.854917 -0.126578 0.503085 0.686932 -0.140625 0.712986 -0.039065 0.976431 -0.212267 0.839399 0.494775 0.22496 0.003798 0.978039 -0.208388 0.820794 0.523346 0.228922 -0.671873 -0.212933 0.709398 -0.867931 0.332299 0.369152 -0.214944 -0.534045 0.817677 -0.632522 0.31081 -0.709446 -0.796158 -0.219495 -0.563874 -0.374939 0.715562 -0.5894 -0.191326 0.861201 -0.47088 -0.332245 -0.93402 -0.131227 -0.420368 -0.790027 -0.446259 0.205244 0.768898 -0.605534 -0.490522 0.326881 -0.807798 0.105736 -0.587742 0.802109 0.820794 0.523346 0.228922 -0.039065 0.976431 -0.212267 -0.039065 0.976431 -0.212267 -0.490522 0.326881 -0.807798 -0.556709 0.728677 -0.39888 0.634704 -0.676029 0.374347 -0.858164 -0.171095 0.484026 0.105736 -0.587742 0.802109 -0.33609 -0.652222 0.679448 0.573334 -0.694761 0.434275 0.745135 -0.529387 0.405614 -0.365746 0.243361 -0.898335 -0.041998 -0.46253 0.885608 -0.60932 -0.684582 0.400096 0.854917 -0.126578 0.503085 0.499636 0.318453 -0.805575 -0.214944 -0.534045 0.817677 0.453357 0.288172 -0.84346 0.093311 -0.464426 0.880682 0.485551 0.77302 -0.408265 0.003798 0.978039 -0.208388 0.938964 0.219119 -0.265204 0.96859 -0.238458 0.070507 -0.78792 -0.34986 0.506735 -0.778043 -0.043429 0.626709 0.292586 0.395247 -0.870732 0.582594 0.286744 -0.760501 0.147402 -0.720424 -0.677689 -0.785486 -0.311579 0.534724 0.96859 -0.238458 0.070507 -0.778043 -0.043429 0.626709 -0.237273 0.709571 -0.663484 0.292586 0.395247 -0.870732 0.147402 -0.720424 -0.677689 -0.214944 -0.534045 0.817677 -0.785486 -0.311579 0.534724 -0.671873 -0.212933 0.709398 -0.237273 0.709571 -0.663484 -0.867931 0.332299 0.369152 0.938964 0.219119 -0.265204 -0.78792 -0.34986 0.506735 0.831364 0.35611 -0.426638 0.582594 0.286744 -0.760501 0.831364 0.35611 -0.426638 0.831364 0.35611 -0.426638 0.582594 0.286744 -0.760501 0.938964 0.219119 -0.265204 0.96859 -0.238458 0.070507 0.292586 0.395247 -0.870732 0.147402 -0.720424 -0.677689 -0.237273 0.709571 -0.663484 0.499636 0.318453 -0.805575 -0.867931 0.332299 0.369152 -0.214944 -0.534045 0.817677 0.003798 0.978039 -0.208388 -0.414321 0.884048 -0.216328 0.471426 -0.084334 0.877864 -0.041998 -0.46253 0.885608 0.634704 -0.676029 0.374347 0.518197 0.837707 0.172393 -0.010599 -0.939592 0.342132 -0.779509 -0.50925 -0.364734 0.59489 0.208854 0.7762 0.820321 -0.10359 0.562444 -0.204599 0.682901 -0.701275 -0.538015 0.399295 -0.742363 -0.576608 -0.811996 0.090472 -0.010599 -0.939592 0.342132 0.609378 -0.372807 0.699767 0.59489 0.208854 0.7762 -0.147033 0.722196 -0.67588 -0.204599 0.682901 -0.701275 -0.576608 -0.811996 0.090472 0.609378 -0.372807 0.699767 -0.041998 -0.46253 0.885608 0.471426 -0.084334 0.877864 0.518197 0.837707 0.172393 -0.147033 0.722196 -0.67588 -0.779509 -0.50925 -0.364734 -0.791893 0.045774 -0.608942 0.820321 -0.10359 0.562444 -0.791893 0.045774 -0.608942 -0.538015 0.399295 -0.742363 -0.791893 0.045774 -0.608942 -0.779509 -0.50925 -0.364734 -0.538015 0.399295 -0.742363 -0.204599 0.682901 -0.701275 -0.010599 -0.939592 0.342132 -0.576608 -0.811996 0.090472 -0.147033 0.722196 -0.67588 -0.365746 0.243361 -0.898335 -0.041998 -0.46253 0.885608 0.518197 0.837707 0.172393 -0.414321 0.884048 -0.216328 0.485551 0.77302 -0.408265 0.369456 0.921285 -0.121394 -0.494684 -0.116979 0.861164 -0.556581 0.785545 0.270438 0.093311 -0.464426 0.880682 -0.60932 -0.684582 0.400096 0.963285 0.133195 -0.233112 0.689609 -0.636812 0.344833 -0.708051 -0.451345 0.543095 -0.700991 -0.13257 0.700741 -0.098174 0.659178 -0.745551 0.409173 0.469204 -0.782576 0.301833 -0.881599 0.362877 -0.609616 -0.450124 0.6525 0.689609 -0.636812 0.344833 -0.700991 -0.13257 0.700741 0.015574 0.725297 -0.688259 -0.098174 0.659178 -0.745551 0.301833 -0.881599 0.362877 0.093311 -0.464426 0.880682 -0.609616 -0.450124 0.6525 -0.494684 -0.116979 0.861164 0.015574 0.725297 -0.688259 -0.556581 0.785545 0.270438 0.963285 0.133195 -0.233112 -0.708051 -0.451345 0.543095 0.807101 0.310027 -0.502465 0.409173 0.469204 -0.782576 0.807101 0.310027 -0.502465 0.807101 0.310027 -0.502465 0.409173 0.469204 -0.782576 0.963285 0.133195 -0.233112 0.689609 -0.636812 0.344833 -0.098174 0.659178 -0.745551 0.301833 -0.881599 0.362877 0.015574 0.725297 -0.688259 -0.556581 0.785545 0.270438 0.093311 -0.464426 0.880682 0.369456 0.921285 -0.121394 0.389069 0.689401 -0.611025 -0.912641 0.375479 0.161562 -0.221859 0.58608 -0.779288 -0.606657 -0.07839 0.791089 -0.588167 -0.304174 0.749358 -0.088023 -0.356586 0.930107 0.242188 -0.899733 0.363077 0.242188 -0.899733 0.363077 -0.588167 -0.304174 0.749358 0.62819 -0.755824 -0.184682 -0.663363 -0.130486 0.736833 -0.221859 0.58608 -0.779288 0.205055 0.544432 -0.813355 -0.930459 -0.264239 0.25382 0.846126 -0.093728 -0.524677 0.470034 0.469206 -0.747605 0.841511 -0.527814 -0.115205 -0.930459 -0.264239 0.25382 -0.634512 0.640355 -0.432827 -0.912641 0.375479 0.161562 -0.606657 -0.07839 0.791089 -0.088023 -0.356586 0.930107 -0.912641 0.375479 0.161562 0.090757 -0.958165 -0.271447 -0.221859 0.58608 -0.779288 0.242188 -0.899733 0.363077 -0.088023 -0.356586 0.930107 0.090757 -0.958165 -0.271447 -0.912641 0.375479 0.161562 -0.634512 0.640355 -0.432827 -0.088023 -0.356586 0.930107 0.090757 -0.958165 -0.271447 0.389069 0.689401 -0.611025 0.841511 -0.527814 -0.115205 0.62819 -0.755824 -0.184682 -0.829475 -0.159014 0.53543 -0.663363 -0.130486 0.736833 0.205055 0.544432 -0.813355 0.470034 0.469206 -0.747605 0.205055 0.544432 -0.813355 -0.221859 0.58608 -0.779288 0.62819 -0.755824 -0.184682 0.242188 -0.899733 0.363077 0.205055 0.544432 -0.813355 0.62819 -0.755824 -0.184682 0.470034 0.469206 -0.747605 0.841511 -0.527814 -0.115205 0.846126 -0.093728 -0.524677 0.841511 -0.527814 -0.115205 -0.829475 -0.159014 0.53543 0.470034 0.469206 -0.747605 0.846126 -0.093728 -0.524677 -0.911952 -0.084887 0.401419 -0.730898 -0.001191 0.682486 -0.64191 0.293505 0.708382 -0.782135 0.30533 0.543174 -0.531939 0.465651 0.707255 0.716992 0.316569 0.621053 0.41992 0.416683 -0.806252 -0.296428 0.157259 0.942019 0 0.397859 0.917447 -0.716992 0.316569 0.621053 0.003798 0.978039 -0.208388 0.716992 0.316569 0.621053 0.296428 0.157259 0.942019 -0.545324 0.838145 0.011646 -0.530265 0.170473 0.830517 -0.531939 0.465651 0.707255 0.012723 0.798399 -0.601994 -0.34951 0.827556 -0.43931 0 0.627584 -0.778549 -0.012723 0.7984 -0.601994 -0.911952 -0.084887 0.401419 -0.64191 0.293505 0.708382 0.34951 0.827557 -0.439309 0.911952 -0.084887 0.401419 0.64191 0.293506 0.708382 0.231848 -0.315396 -0.920202 -0.850745 0.223765 -0.475565 -0.730898 -0.001191 0.682486 -0.231848 -0.315395 -0.920203 -0.782135 0.30533 0.543174 -0.574045 0.75298 0.321704 0.471379 0.43213 -0.768808 0.574046 0.75298 0.321703 0.886062 -0.157117 0.436129 0.655144 -0.583116 0.480377 -0.886062 -0.157116 0.43613 -0.655144 -0.583116 0.480377 0.606187 0.219253 -0.764504 -0.471379 0.432129 -0.768808 0.075324 0.202927 -0.976292 -0.075324 0.202928 -0.976292 -0.606186 0.219253 -0.764504 0.41992 0.416683 -0.806252 0.289734 -0.9381 -0.189799 0 -0.977181 -0.212409 0 -0.557064 -0.83047 0.231848 -0.315396 -0.920202 0.012723 0.798399 -0.601994 -0.850745 0.223765 -0.475565 0 0.627584 -0.778549 0.471379 0.43213 -0.768808 0.485393 0.122043 -0.865736 0.606187 0.219253 -0.764504 -0.231848 -0.315395 -0.920203 -0.471379 0.432129 -0.768808 -0.485393 0.122043 -0.865736 -0.606186 0.219253 -0.764504 0.187915 -0.731966 -0.654915 0.178763 -0.27954 0.943346 0.903495 -0.31681 0.288666 0.559658 -0.510557 -0.652775 -0.833432 0.160924 0.528673 -0.808837 0.05791 -0.585174 -0.7916 -0.110712 -0.600926 -0.039228 0.495901 -0.867492 0.059361 0.492683 -0.868182 0.290054 -0.146905 -0.945668 -0.005815 0.999475 -0.031872 0.27038 -0.489084 -0.829272 -0.773868 0.633347 -0.000134 -0.137546 0.816366 0.560917 0.131491 0.292227 -0.947266 0.354128 -0.460442 -0.813994 0.248105 0.252949 0.935126 0.298396 -0.499473 -0.813318 0.151155 0.98851 -0.000147 0.006773 0.999977 -0.000068 0.151783 0.504799 -0.849788 0.30334 -0.952882 0 0.099818 0.995006 0 0.325297 0.47272 -0.818974 0.436001 0.899946 0 0.298397 -0.499472 0.813319 0.089372 -0.507112 -0.857234 0.004034 -0.999992 0 0.151559 0.260152 0.953599 0.151783 0.504799 0.849788 -0.038196 -0.559273 -0.828103 -0.082724 0.417181 -0.905051 0.325298 0.47272 0.818973 -0.060006 0.477038 -0.876832 0.039277 -0.524293 -0.850632 -0.122801 0.992431 0 0.080913 -0.996721 0 -0.117134 -0.993116 0 -0.133129 0.991099 0 -0.156122 -0.987738 0 0.472313 0.862368 -0.182325 0.83479 0.322002 -0.446587 -0.479751 -0.771901 -0.417142 0.56038 -0.400261 -0.725097 0.405374 0.7603 0.507558 0.039228 0.495901 -0.867493 -0.290054 -0.146905 -0.945668 -0.066115 0.496457 -0.86554 0.007378 0.999468 -0.031767 0.774924 0.632054 -0.000133 -0.182661 0.478805 0.858709 0.137544 0.816366 0.560918 -0.156125 0.987737 0 -0.131491 0.292226 -0.947267 -0.006805 0.999977 -0.000067 -0.248105 0.252949 0.935126 -0.354128 -0.460442 -0.813994 -0.329234 -0.388622 0.860568 -0.30334 -0.952882 0 -0.151559 0.260152 0.953599 -0.151783 0.504799 -0.849788 -0.151783 0.504799 0.849788 -0.098094 0.995177 0 -0.298396 -0.499473 -0.813318 -0.298397 -0.499472 0.813318 -0.089372 -0.507112 -0.857234 -0.089372 -0.507111 0.857234 0.004034 -0.999992 0 -0.436001 0.899946 0 0.038196 -0.559273 -0.828103 -0.325298 0.47272 -0.818973 0.082724 0.417181 -0.905051 -0.325298 0.47272 0.818973 -0.039277 -0.524294 -0.850631 0.004034 -0.999992 0 -0.128899 -0.47013 -0.873134 0.060006 0.477038 -0.876832 -0.080913 -0.996721 0 0.122801 0.992431 0 -0.273264 0.961939 0 0.156122 -0.987738 0 -0.000001 0.296244 -0.955112 0.999189 0.002115 0.040218 0 0.524312 -0.851526 -0.999189 0.002115 0.040217 -0.907175 0.413763 0.076384 -0.143525 0.989629 0.00592 0.443058 0.720916 -0.532898 0.097007 0.635961 -0.7656 0.638595 0.769472 0.010454 -0.257276 0.584862 -0.76925 0.434612 0.713214 0.549944 -0.597117 0.584556 -0.549314 0.084984 0.624996 0.775988 -0.803591 0.595178 -0.002215 -0.269129 0.574081 0.773305 -0.605469 0.577132 0.548021 0.869801 -0.298347 -0.392983 0.824108 -0.33825 -0.454349 0.468681 0.017355 0.883197 0.819275 -0.299226 -0.489134 0.606902 0.626128 0.489524 0.746853 -0.505391 -0.432194 0.965051 -0.168691 0.200551 0.922019 -0.38086 0.069473 0.824108 -0.33825 -0.454349 0.923487 -0.331029 0.193886 0.819275 -0.299226 -0.489134 0.768639 -0.637849 0.048397 0.746853 -0.505391 -0.432194 0.457746 -0.490927 0.741256 0.922019 -0.38086 0.069473 0.923487 -0.331029 0.193886 0.516513 -0.463708 0.719853 0.768639 -0.637849 0.048397 0.454148 -0.604422 0.654541 -0.869793 -0.298354 -0.392996 -0.824382 -0.339927 -0.452597 -0.476102 0.017072 0.879224 -0.819857 -0.298847 -0.48839 -0.606126 0.625778 0.49093 -0.747098 -0.505052 -0.432165 -0.922019 -0.38086 0.069473 -0.824382 -0.339927 -0.452597 -0.923487 -0.331029 0.193886 -0.819857 -0.298847 -0.48839 -0.768639 -0.637849 0.048397 -0.747098 -0.505052 -0.432165 -0.457745 -0.490927 0.741256 -0.922019 -0.38086 0.069473 -0.923487 -0.331029 0.193886 -0.516514 -0.463708 0.719853 -0.768639 -0.637849 0.048397 -0.454148 -0.604423 0.654541 0.3587 0.142369 0.922532 0 0.022012 0.999758 -0.3587 0.14237 0.922532 -0.964987 -0.170559 0.199274 -0.747098 -0.505052 -0.432165 -0.701569 -0.665839 -0.253888 -0.701569 -0.665839 -0.253888 -0.747098 -0.505052 -0.432165 -0.726214 -0.683328 -0.075342 0 -0.990839 0.135047 0.746853 -0.505391 -0.432194 0.768639 -0.637849 0.048397 -0.701569 -0.665839 -0.253888 0.734506 0.381331 0.561327 -0.964987 -0.170559 0.199274 -0.726214 -0.683328 -0.075342 -0.606126 0.625778 0.49093 0.838523 0.497323 -0.222596 0.567005 0.493601 -0.659442 -0.380543 -0.654318 0.653494 0.763911 0.353144 0.54012 0.797939 0.359095 0.484091 -0.476102 0.017072 0.879224 0 -0.555239 0.831691 0.879578 0.438461 -0.184646 0.853276 0.324934 0.407846 0.918707 0.393251 -0.036494 0 0.497408 -0.867517 0.380543 -0.654318 0.653494 0.493042 0.497319 -0.713851 0.914768 0.385999 -0.119178 0.442247 0.52835 -0.724751 0 0.524312 -0.851526 -0.442247 0.52835 -0.724751 0.441827 0.368484 -0.817929 0 0.553061 -0.833141 -0.493042 0.497319 -0.713851 -0.879578 0.438461 -0.184646 0 0.333915 -0.942603 -0.918707 0.393251 -0.036494 -0.441827 0.368484 -0.81793 -0.914768 0.385999 -0.119179 -0.763327 0.353345 0.540814 0.606902 0.626128 0.489524 0.965051 -0.168691 0.200551 -0.853285 0.324924 0.407835 -0.797601 0.357429 0.485878 0.468681 0.017355 0.883197 -0.380543 -0.654318 0.653494 -0.454148 -0.604423 0.654541 0 -0.555239 0.831691 0 -0.583047 0.812439 0 -0.990839 0.135047 0.454148 -0.604422 0.654541 0.380543 -0.654318 0.653494 -0.726214 -0.683328 -0.075342 -0.768639 -0.637849 0.048397 -0.380543 -0.654318 0.653494 -0.454148 -0.604423 0.654541 0 -0.990839 0.135047 0.768639 -0.637849 0.048397 0.454148 -0.604422 0.654541 0.380543 -0.654318 0.653494 0.726214 -0.683327 -0.075343 0.628691 -0.55906 -0.540555 0.272369 -0.573188 -0.772833 0.443058 0.720916 -0.532898 0.097007 0.635961 -0.7656 0.272369 -0.573188 -0.772833 -0.081831 -0.632766 -0.770007 0.097007 0.635961 -0.7656 -0.257276 0.584862 -0.76925 -0.436397 -0.709712 -0.553052 -0.597117 0.584556 -0.549314 -0.081831 -0.632766 -0.770007 -0.257276 0.584862 -0.76925 -0.597117 0.584556 -0.549314 -0.436397 -0.709712 -0.553052 -0.658053 -0.752902 -0.010288 -0.269129 0.574081 0.773305 -0.093618 -0.643542 0.759664 0.260345 -0.584154 0.768755 -0.269129 0.574081 0.773305 0.084984 0.624996 0.775988 0.260345 -0.584154 0.768755 0.638595 0.769472 0.010454 0.628691 -0.55906 -0.540555 0.443058 0.720916 -0.532898 0.392955 -0.265451 -0.88041 0.701569 -0.66584 -0.253888 0.965051 -0.168691 0.200551 -0.311022 -0.853467 -0.418162 0.140062 -0.951171 -0.275056 -0.156122 -0.987738 0 0.171056 -0.983223 0.063339 -0.289452 -0.951321 0.105861 -0.17881 -0.953294 0.243428 0.187496 -0.948167 0.256562 -0.005399 0.909978 0.414621 -0.007878 0.860106 0.510055 -0.615872 0.671354 0.412294 -0.632469 0.6857 0.360275 -0.005399 0.909978 0.414621 0.691056 0.610716 0.386611 -0.007878 0.860106 0.510055 0.803522 0.533594 0.263874 0.311022 -0.853467 -0.418162 0.17881 -0.953294 0.243428 -0.187496 -0.948167 0.256562 0.632469 0.6857 0.360275 0.007878 0.860106 0.510055 0.615871 0.671354 0.412294 0.005399 0.909978 0.414621 -0.803522 0.533594 0.263874 -0.691056 0.610716 0.386611 0.007878 0.860106 0.510055 0.005399 0.909978 0.414621 0 -0.207356 0.978266 0.474213 -0.205409 0.856113 0.457746 -0.490927 0.741256 0 -0.565333 0.824863 0.516513 -0.463708 0.719853 -0.474213 -0.205409 0.856113 0 -0.528796 0.848749 0.454148 -0.604422 0.654541 -0.457745 -0.490927 0.741256 0 -0.583047 0.812439 -0.516514 -0.463708 0.719853 -0.454148 -0.604423 0.654541 0.929582 -0.101659 0.354321 0.791893 0.045774 -0.608942 -0.097897 -0.176898 0.979348 0.097897 -0.176898 0.979348 0.863241 -0.287252 0.415091 -0.863242 -0.287252 0.415091 0 -0.027616 -0.999619 0.881069 0.002471 0.472982 -0.798871 -0.182778 -0.573059 0.805213 0.255386 -0.535173 0.822965 -0.132785 0.552356 -0.929582 -0.101659 0.354321 -0.020382 -0.125793 0.991847 -0.881069 0.002471 0.472982 0.798871 -0.182778 -0.573059 -0.791893 0.045774 -0.608942 -0.87253 0.082179 -0.481599 0.990937 0.02479 0.132018 -0.441243 0.087369 -0.893124 0.592627 0.012408 -0.805381 -0.822965 -0.132785 0.552356 -0.798871 -0.182778 -0.573059 0.020382 -0.125793 0.991847 0.962557 0.147176 0.227648 -0.990937 0.02479 0.132018 0.838808 -0.181278 0.51336 -0.829744 -0.293436 0.474784 -0.006224 -0.191928 0.981389 0.87253 0.082178 -0.4816 0.798871 -0.182778 -0.573059 -0.805213 0.255386 -0.535173 0.87253 0.082178 -0.4816 0.511526 -0.162325 -0.843796 -0.962557 0.147176 0.227648 0.829744 -0.293436 0.474784 -0.838808 -0.181278 0.51336 0.006224 -0.191928 0.981389 -0.87253 0.082179 -0.481599 0.010664 0.032714 0.999408 0.441243 0.087369 -0.893124 0.92901 0.051843 0.366404 0.449444 -0.059743 -0.891308 0.639586 0.095567 -0.762756 0.441243 0.087369 -0.893124 -0.511526 -0.162325 -0.843796 -0.592627 0.012407 -0.805381 -0.449444 -0.059743 -0.891308 -0.010664 0.032714 0.999408 -0.441243 0.087369 -0.893124 -0.92901 0.051843 0.366404 -0.449444 -0.059743 -0.891308 -0.639586 0.095567 -0.762756 0.931736 0.119636 0.342863 -0.630599 0.110192 -0.768246 -0.890275 0.083118 0.447774 0.449444 -0.059743 -0.891308 -0.639586 0.095567 -0.762756 0.630599 0.110192 -0.768246 -0.931736 0.119636 0.342863 0.68682 0.217198 -0.693616 -0.883495 0.210537 0.418463 -0.015351 0.248675 0.968465 0.639586 0.095567 -0.762756 0.890275 0.083118 0.447774 -0.68682 0.217198 -0.693616 -0.68682 0.217198 -0.693616 0.974441 0.002713 0.224629 0.468229 0.026358 -0.883214 -0.672553 0.285858 -0.682612 -0.976982 0.013373 0.2129 0.68682 0.217198 -0.693616 0.883495 0.210537 0.418463 0.015351 0.248675 0.968465 0.672553 0.285858 -0.682611 -0.468229 0.026357 -0.883214 -0.974441 0.002713 0.224629 -0.468229 0.026357 -0.883214 0.699431 -0.058872 -0.712272 0.032178 0.027127 0.999114 0.468229 0.026358 -0.883214 0.547993 0.034251 -0.835781 0.587775 -0.072912 -0.805732 -0.699431 -0.058873 -0.712272 0.976983 0.013373 0.2129 -0.699431 -0.058873 -0.712272 0.996002 0.032701 0.083131 0.630599 0.110192 -0.768246 -0.547993 0.034251 -0.835781 -0.996504 0.044323 0.070817 -0.587775 -0.072912 -0.805732 -0.639586 0.095567 -0.762756 -0.032178 0.027127 0.999114 -0.996002 0.032701 0.083131 -0.639586 0.095567 -0.762756 0.970298 0.222545 0.094842 0.012545 0.360328 0.932741 0.699431 -0.058872 -0.712272 0.631627 0.176766 -0.754852 0.996504 0.044323 0.070817 -0.970298 0.222545 0.094842 -0.924134 0.367037 0.106113 -0.631627 0.176766 -0.754852 -0.007878 0.860106 0.510055 0.630599 0.110192 -0.768246 0.924134 0.367037 0.106113 -0.012545 0.360328 0.932741 0.007878 0.860106 0.510055 -0.825923 0.348687 0.443022 -0.219054 0.188329 0.957365 0.678061 0.706858 0.201457 -0.692091 -0.574109 0.437504 0.154978 0.225274 0.961891 0.214221 -0.183222 0.959447 0.851266 -0.487429 0.194316 -0.154903 -0.254002 0.954719 0.272369 -0.573188 -0.772833 0.628691 -0.55906 -0.540555 -0.081831 -0.632766 -0.770007 0.830889 -0.556432 0.002522 -0.436397 -0.709712 -0.553052 -0.658053 -0.752902 -0.010288 -0.44488 -0.717128 0.536479 -0.093618 -0.643542 0.759664 -0.17881 -0.953294 0.243428 -0.569119 0.142778 0.809764 -0.289452 -0.951321 0.105861 0.187496 -0.948167 0.256562 -0.935685 0.095402 0.339695 0.563319 0.08526 0.821829 0.940823 0.09685 0.324766 0.171056 -0.983223 0.063339 -0.632469 0.6857 0.360275 -0.615872 0.671354 0.412294 0.691056 0.610716 0.386611 -0.467211 0.607271 0.642601 0.48223 0.593056 0.644778 0.140062 -0.951171 -0.275056 -0.007878 0.860106 0.510055 -0.686 0.05169 -0.725763 -0.005399 0.909978 0.414621 -0.631627 0.176766 -0.754852 0.17881 -0.953294 0.243428 0.289452 -0.951321 0.105861 0.569119 0.142778 0.809764 -0.187496 -0.948167 0.256562 0.935685 0.095403 0.339695 -0.563319 0.08526 0.821829 -0.940823 0.09685 0.324766 -0.171056 -0.983223 0.063339 0.632469 0.6857 0.360275 0.615871 0.671354 0.412294 -0.691056 0.610716 0.386611 0.467211 0.607271 0.642601 -0.48223 0.593056 0.644778 -0.140062 -0.951171 -0.275056 0.007878 0.860106 0.510055 0.686 0.05169 -0.725763 0.005399 0.909978 0.414621 0.631627 0.176766 -0.754852 -0.794468 -0.173805 0.581904 0.768612 -0.084214 0.634148 -0.57329 0.047286 -0.817987 0.169257 -0.765664 -0.620573 -0.682706 0.432275 0.589111 0.178763 -0.27954 0.943346 0.886259 -0.418811 0.197846 0.150202 -0.475477 0.866811 -0.851728 -0.35758 -0.38301 -0.920402 -0.353276 -0.1675 0.903495 -0.31681 0.288666 0.559658 -0.510557 -0.652775 -0.85174 -0.024353 0.523399 0.85174 -0.024353 0.523399 0.833433 0.160924 0.528671 -0.901967 0.08039 -0.424257 0.400642 0.309465 0.862391 0.85174 -0.024353 0.523399 0.157623 -0.653004 -0.74077 0.163174 -0.392 -0.905379 -0.104223 -0.994537 -0.005809 0 0.326361 0.945245 0.544157 -0.047916 -0.837614 0.833433 0.160924 0.528671 0.85174 -0.024353 0.523399 -0.062284 -0.99805 -0.004196 0.502966 -0.793084 -0.343573 -0.15541 -0.651779 -0.742315 0.117134 -0.993116 0 -0.157426 -0.389062 -0.907661 -0.15541 -0.651779 -0.742315 -0.325298 0.47272 -0.818973 -0.157426 -0.389062 -0.907661 -0.85174 -0.024353 0.523399 -0.833432 0.160924 0.528673 -0.544157 -0.047916 -0.837614 -0.900918 0.334906 0.276016 -0.85174 -0.024353 0.523399 0.174832 0.785277 0.593948 0.833433 0.160924 0.528671 0.808838 0.057912 -0.585173 -0.203703 0.728937 0.653572 0.431163 0.695873 0.574333 -0.901967 0.08039 -0.424257 -0.042669 -0.682716 0.729437 -0.042669 -0.682716 0.729437 0.067114 0.921956 0.381435 0.067114 0.921956 0.381435 0.083058 0.993263 -0.080804 0.381776 -0.914485 -0.134033 0.409338 0.829009 0.381033 0.377093 -0.920542 0.101994 0.373563 0.712168 0.594363 0.381776 -0.914485 -0.134033 0.744972 0.457906 0.485118 0.744972 0.457906 0.485118 0.744972 0.457906 0.485118 0.744972 0.457906 0.485118 -0.002458 0.578582 0.81562 -0.090734 0.515464 0.852094 -0.178763 -0.27954 0.943346 -0.150202 -0.475477 0.866811 -0.169258 -0.765664 -0.620572 -0.768612 -0.084213 0.634148 -0.886259 -0.41881 0.197846 0.046052 -0.683482 0.728514 0.046052 -0.683482 0.728514 0.060262 -0.998174 -0.00404 0.124052 -0.455637 0.881479 -0.104223 -0.994537 -0.005809 0.150202 -0.475477 0.866811 0.768612 -0.084214 0.634148 0.169257 -0.765664 -0.620573 0.886259 -0.418811 0.197846 -0.768612 -0.084213 0.634148 0.794469 -0.173804 0.581904 -0.255335 -0.103515 0.961295 -0.886259 -0.41881 0.197846 0.818464 0.40531 0.407235 0.920402 -0.353276 -0.1675 0.851728 -0.35758 -0.38301 -0.903495 -0.31681 0.288668 0.914127 0.351832 -0.201462 -0.559659 -0.510557 -0.652774 0.405492 0.405847 -0.819063 0.57329 0.047286 -0.817987 -0.169258 -0.765664 -0.620572 0.682706 0.432276 0.58911 -0.150202 -0.475477 0.866811 -0.178763 -0.27954 0.943346 -0.964987 -0.170559 0.199274 -0.392955 -0.265451 -0.88041 -0.768639 -0.637849 0.048397 0.726214 -0.683327 -0.075343 0.701569 -0.66584 -0.253888 0.392955 0.265451 0.88041 -0.392955 0.265451 0.88041 0 0.888336 -0.459195 0.746853 -0.505391 -0.432194 -0.830173 0.388518 0.399834 -0.830173 0.388518 0.399834 -0.830173 0.388518 0.399834 -0.830173 0.388518 0.399834 -0.229689 0.452975 0.861427</float_array>
          <technique_common>
            <accessor source="#GeometrySource1-array" count="2012" stride="3">
              <param name="X" type="float"/>
              <param name="Y" type="float"/>
              <param name="Z" type="float"/>
            </accessor>
          </technique_common>
        </source>
        <source id="GeometrySource2" name="mesh_0_Ch_MutoYugi01_objUV">
          <float_array id="GeometrySource2-array" count="4024">0.608338 0.72674 0.537457 0.758051 0.607798 0.75936 0.641403 0.692246 0.610541 0.699952 0.536632 0.724891 0.607798 0.78083 0.593547 0.676151 0.515402 0.752225 0.536322 0.67674 0.614413 0.678022 0.536389 0.793447 0.608879 0.809565 0.588342 0.642659 0.536412 0.816476 0.65739 0.653058 0.669301 0.659708 0.607454 0.828444 0.641363 0.829538 0.670753 0.633074 0.656797 0.628943 0.401764 0.505035 0.49047 0.505035 0.401764 0.6391 0.49047 0.6391 0.401764 0.505035 0.49047 0.505035 0.401764 0.6391 0.49047 0.6391 0.401764 0.6391 0.401764 0.505035 0.49047 0.505035 0.793799 0.295456 0.880206 0.249061 0.865882 0.295456 0.793799 0.332577 0.747218 0.295456 0.691059 0.346074 0.715035 0.295456 0.714733 0.347281 0.667981 0.380893 0.659934 0.346022 0.705315 0.385391 0.762722 0.376154 0.987163 0.295456 0.820481 0.354313 0.880206 0.351133 0.611205 0.352952 0.629631 0.348601 0.604615 0.396314 0.635768 0.391873 0.746158 0.427855 0.820481 0.401481 0.987163 0.351133 0.880206 0.401481 0.610292 0.446496 0.652086 0.442925 0.880206 0.351133 0.880206 0.401481 0.987163 0.401481 0.881909 0.425725 0.863075 0.469347 0.861072 0.490344 0.818458 0.490344 0.918551 0.469027 0.863075 0.469347 0.793799 0.295456 0.793799 0.332577 0.865882 0.295456 0.747218 0.295456 0.719933 0.249061 0.715035 0.295456 0.762722 0.376154 0.708581 0.491651 0.738101 0.464703 0.738101 0.491651 0.820481 0.401481 0.820481 0.354313 0.987163 0.426183 0.881909 0.425725 0.98648 0.469977 0.918551 0.469027 0.714733 0.347281 0.691059 0.346074 0.705315 0.385391 0.611205 0.352952 0.604615 0.396314 0.629631 0.348601 0.659934 0.346022 0.667981 0.380893 0.635768 0.391873 0.610292 0.446496 0.652086 0.442925 0.894131 0.506655 0.9871 0.599624 0.9871 0.506655 0.894131 0.599624 0.9871 0.599624 0.9871 0.506655 0.894131 0.599624 0.894131 0.506655 0.9871 0.506655 0.894131 0.599624 0.894131 0.506655 0.9871 0.599624 0.9871 0.506655 0.894131 0.599624 0.894131 0.506655 0.9871 0.599624 0.9871 0.599624 0.894131 0.599624 0.9871 0.506655 0.894131 0.599624 0.9871 0.506655 0.894131 0.506655 0.9871 0.506655 0.894131 0.506655 0.894131 0.599624 0.9871 0.506655 0.894131 0.599624 0.9871 0.599624 0.9871 0.506655 0.894131 0.506655 0.9871 0.599624 0.9871 0.506655 0.894131 0.506655 0.9871 0.506655 0.894131 0.506655 0.894131 0.506655 0.9871 0.506655 0.894131 0.599624 0.9871 0.599624 0.894131 0.506655 0.9871 0.506655 0.894131 0.599624 0.894131 0.599624 0.9871 0.506655 0.894131 0.599624 0.894131 0.506655 0.9871 0.599624 0.9871 0.599624 0.9871 0.506655 0.9871 0.599624 0.894131 0.599624 0.894131 0.506655 0.9871 0.506655 0.9871 0.599624 0.9871 0.506655 0.9871 0.599624 0.894131 0.506655 0.9871 0.506655 0.9871 0.599624 0.9871 0.599624 0.894131 0.506655 0.9871 0.506655 0.9871 0.599624 0.894131 0.506655 0.894131 0.506655 0.9871 0.506655 0.9871 0.599624 1.12809 1.62705 1.05993 1.62705 1.12809 1.68006 1.05993 1.68006 2.01598 1.62705 2.08414 1.62705 2.01598 1.68006 2.08414 1.68006 2.17202 1.62705 2.17202 1.68006 2.10386 1.62705 2.10386 1.68006 1.11891 1.98143 1.12216 1.96796 1.13235 1.98873 1.13235 1.96066 1.14253 1.96796 1.14578 1.98143 0.894131 0.506655 0.894131 0.599624 0.9871 0.599624 0.068502 0.403731 0.069296 0.491665 0.046136 0.491665 0.094804 0.403731 0.082985 0.491665 0.12049 0.403731 0.114576 0.491665 0.082985 0.491665 0.094804 0.403731 0.063589 0.985982 0.015726 0.925161 0.066015 0.925466 0.015726 0.956212 0.066015 0.925466 0.015726 0.831763 0.063589 0.985982 0.111863 0.985982 0.356664 0.95391 0.356664 0.964052 0.314654 0.984997 0.314654 0.984997 0.284474 0.95391 1.14253 1.97181 1.13235 1.96451 1.13235 1.99258 1.12216 1.97181 1.11891 1.98528 0.49047 0.505035 0.49047 0.6391 0.401764 0.505035 0.401764 0.6391 1.78684 0.902526 1.69497 0.902527 1.78685 0.900236 1.69494 0.9003 1.78685 0.900236 1.78684 0.902526 1.78684 0.902526 1.69497 0.902527 1.78684 0.902526 1.69494 0.9003 1.78685 0.900236 1.78684 0.902526 1.78685 0.900236 1.69497 0.902527 1.78685 0.900236 1.69494 0.9003 1.69497 0.902527 1.78684 0.902526 1.78684 0.902526 1.78685 0.900236 1.78684 0.902526 1.82464 0.844939 1.82464 0.844939 1.82464 0.881088 1.82464 0.881088 1.81774 0.881088 1.81774 0.844939 1.80657 0.863014 1.80657 0.844939 1.80657 0.881088 1.7954 0.881088 1.7954 0.844939 1.78849 0.844939 1.78849 0.881088 1.78849 0.881088 1.78849 0.844939 0.833112 0.835423 0.997254 0.835423 0.833112 1.00053 0.997254 1.00053 0.831653 0.985255 0.670069 0.985255 0.750861 0.848086 0.831653 0.985255 0.670069 0.985255 0.831653 0.985255 0.670069 0.985255 0.664641 0.978729 0.506342 0.978729 0.585491 0.851 0.401764 0.505035 0.49047 0.505035 0.401764 0.6391 0.49047 0.6391 0.49047 0.505035 0.49047 0.6391 0.401764 0.6391 0.401764 0.505035 0.49047 0.505035 0.401764 0.6391 0.49047 0.6391 0.49047 0.505035 0.49047 0.6391 0.401764 0.505035 0.401764 0.6391 0.49047 0.505035 0.49047 0.6391 0.401764 0.6391 0.501716 0.486221 0.501716 0.458825 0.588845 0.486221 0.588844 0.458825 0.501716 0.456463 0.501716 0.431176 0.588845 0.456463 0.588844 0.431176 0.501716 0.365323 0.588844 0.365323 0.501716 0.428679 0.588845 0.428679 0.501716 0.455334 0.501716 0.48273 0.588845 0.455333 0.588844 0.48273 0.501071 0.361174 0.501071 0.325144 0.5882 0.361174 0.5882 0.325144 0.501716 0.280528 0.588844 0.280527 0.501716 0.318161 0.588845 0.318161 0.9871 0.506655 0.9871 0.599624 0.894131 0.599624 0.555359 -0.34041 0.555359 -0.343337 0.539157 -0.33417 0.534791 -0.336531 0.555359 -0.349655 0.542288 -0.304642 0.554886 -0.320791 0.55505 -0.326087 0.555359 -0.337815 0.530919 -0.348823 0.554958 -0.304703 0.512098 -0.308661 0.564372 -0.328895 0.564372 -0.326087 0.519793 -0.335858 0.511925 -0.343506 0.564372 -0.304685 0.564372 -0.320809 0.894131 0.506655 0.9871 0.599624 0.9871 0.506655 0.501716 0.486221 0.588845 0.486221 0.501716 0.458825 0.588844 0.458825 0.501716 0.456463 0.588845 0.456463 0.501716 0.431176 0.588844 0.431176 0.588845 0.428679 0.588844 0.365323 0.501716 0.428679 0.501716 0.365323 0.501716 0.455334 0.588845 0.455333 0.501716 0.48273 0.588844 0.48273 0.501071 0.361174 0.5882 0.361174 0.501071 0.325144 0.5882 0.325144 0.588845 0.318161 0.588844 0.280527 0.501716 0.318161 0.501716 0.280528 0.867934 0.735502 0.868013 0.682344 0.899988 0.682135 0.830805 0.735639 0.830805 0.781508 0.867958 0.781377 0.901782 0.735698 0.830805 0.682372 0.824145 0.682371 0.868013 0.682344 0.824145 0.808067 0.750783 0.781772 0.750877 0.629517 0.790777 0.781838 0.991703 0.752659 0.993329 0.750007 0.992117 0.750671 0.757743 0.629517 0.757743 0.707602 0.790733 0.629603 0.790777 0.707726 0.825363 0.629561 0.899988 0.682135 0.899988 0.735698 0.868013 0.682344 0.867934 0.735502 0.833028 0.682372 0.899988 0.682135 0.867934 0.735502 0.833028 0.735639 0.833028 0.682372 0.833028 0.735639 0.899988 0.735698 0.757743 0.629517 0.757743 0.707602 0.790733 0.629603 0.790777 0.781838 0.825363 0.629508 0.833028 0.682372 0.868013 0.682344 0.833028 0.73625 0.867931 0.780795 0.991119 0.749335 0.991254 0.749226 0.992899 0.749099 0.899988 0.682135 0.899988 0.732046 0.868013 0.682344 0.991254 0.749226 0.991119 0.749335 0.992939 0.749889 0.991227 0.749248 0.992336 0.74961 0.993745 0.749099 0.991119 0.749335 0.991657 0.750278 0.868013 0.682344 0.833028 0.756163 0.833028 0.682372 0.993314 0.759189 0.994874 0.755486 0.993631 0.759351 0.992503 0.758406 0.991913 0.757025 0.996175 0.754903 0.996345 0.752369 0.992095 0.758567 0.995969 0.757715 0.994689 0.75989 0.990606 0.756682 0.984269 0.754576 0.990606 0.756682 0.991913 0.757025 0.992503 0.758406 0.995177 0.760139 0.997078 0.75753 0.996822 0.756266 0.990751 0.756381 0.993314 0.759189 0.995573 0.760341 0.997625 0.75604 0.993839 0.7562 0.994874 0.755486 0.993631 0.759351 0.995969 0.760543 0.992388 0.753779 0.992023 0.751968 0.996175 0.754903 0.995969 0.757715 0.994689 0.75989 0.992032 0.750851 0.995284 0.75389 0.996345 0.752369 0.995177 0.760139 0.997078 0.75753 0.996757 0.760945 0.995573 0.760341 0.996822 0.756266 0.931797 0.735874 0.95512 0.757806 0.93564 0.753558 0.947828 0.701217 0.960416 0.696387 0.952099 0.707481 0.953708 0.670426 0.940533 0.649568 0.95465 0.666669 0.953708 0.670426 0.95465 0.666669 0.940533 0.649568 0.943734 0.647337 0.943734 0.647337 0.952249 0.678424 0.943606 0.665518 0.952249 0.678424 0.943606 0.665518 0.956484 0.650912 0.930138 0.654971 0.930138 0.654971 0.940163 0.642502 0.929043 0.648025 0.91977 0.648751 0.940163 0.642502 0.929043 0.648025 0.940073 0.635809 0.987654 0.756302 0.990027 0.756477 0.990337 0.757671 0.99385 0.756183 0.996339 0.758323 0.994864 0.755773 0.993425 0.759245 0.995508 0.760308 0.996786 0.76096 0.99385 0.756183 0.992576 0.755813 0.994864 0.755773 0.996339 0.758323 0.555395 -0.340374 0.539174 -0.334127 0.555395 -0.343304 0.534802 -0.336491 0.542309 -0.304563 0.554922 -0.320732 0.555086 -0.326034 0.555395 -0.337777 0.555395 -0.34963 0.554994 -0.304625 0.512082 -0.308587 0.530926 -0.348797 0.564419 -0.304607 0.564419 -0.326034 0.564419 -0.32075 0.519787 -0.335817 0.511909 -0.343474 0.573181 0.12652 0.601676 0.135711 0.566697 0.189208 0.602996 0.204992 0.556361 0.236343 0.554182 0.257185 0.510485 0.230029 0.603684 0.259478 0.602996 0.204992 0.601676 0.135711 0.566697 0.189208 0.603684 0.259478 0.573181 0.12652 0.577107 0.026152 0.556361 0.236343 0.554182 0.257185 0.547436 0.121393 0.510485 0.230029 0.531758 0.174191 0.384688 0.452754 0.384688 0.420206 0.411214 0.453372 0.411214 0.420206 0.454564 0.448698 0.411214 0.261434 0.384688 0.261434 0.384688 0.239562 0.454564 0.261434 0.411214 0.372176 0.411214 0.239562 0.454564 0.239562 0.482011 0.261434 0.454564 0.209121 0.482011 0.176763 0.482011 0.209121 0.411214 0.209121 0.454564 0.176763 0.411214 0.176763 0.454564 0.176763 0.411214 0.176763 0.411214 0.209121 0.454564 0.209121 0.454564 0.111069 0.454564 0.111069 0.411214 0.111069 0.411214 0.111069 0.411214 0.067146 0.454564 0.067146 0.411214 0.011895 0.384688 0.067146 0.454564 0.011895 0.482011 0.067146 0.384688 0.011895 0.411214 0.011895 0.411214 0.067146 0.482011 0.011895 0.454564 0.011895 0.454564 0.067146 0.762323 0.473795 0.762324 0.429757 0.801876 0.451776 0.801876 0.495814 0.801876 0.407738 0.762323 0.473795 0.762324 0.429757 0.663362 0.722282 0.641142 0.724469 0.682312 0.718453 0.608338 0.72674 0.607798 0.75936 0.537457 0.758051 0.641403 0.692246 0.536632 0.724891 0.610541 0.699952 0.641363 0.829538 0.641142 0.812423 0.68218 0.810404 0.608879 0.809565 0.607454 0.828444 0.641142 0.784594 0.607798 0.78083 0.593547 0.676151 0.515402 0.752225 0.536322 0.67674 0.536412 0.816476 0.536389 0.793447 0.614413 0.678022 0.643235 0.676632 0.588342 0.642659 0.65739 0.653058 0.656797 0.628943 0.669301 0.659708 0.670753 0.633074 0.384688 0.452754 0.384688 0.420206 0.411214 0.453372 0.411214 0.453372 0.411214 0.261434 0.411214 0.239562 0.384688 0.239562 0.454564 0.261434 0.482011 0.261434 0.454564 0.239562 0.454564 0.176763 0.411214 0.176763 0.454564 0.111069 0.482011 0.176763 0.454564 0.209121 0.48201 0.111069 0.411214 0.111069 0.384688 0.176763 0.454564 0.209121 0.454564 0.176763 0.411214 0.209121 0.411214 0.176763 0.454564 0.111069 0.411214 0.111069 0.411214 0.067146 0.411214 0.011895 0.454564 0.067146 0.384688 0.067146 0.454564 0.011895 0.482011 0.067146 0.384688 0.011895 0.411214 0.011895 0.411214 0.067146 0.482011 0.011895 0.454564 0.011895 0.454564 0.067146 0.762323 0.473795 0.801876 0.451776 0.762324 0.429757 0.801876 0.495814 0.801876 0.407738 0.762323 0.473795 0.762324 0.429757 0.194403 0.933498 0.169888 0.991858 0.169793 0.933498 0.128869 0.505539 0.198793 0.505539 0.128869 0.505539 0.128869 0.583864 0.128869 0.583864 0.198793 0.505539 0.198793 0.583864 0.198793 0.583864 0.798765 0.019955 0.798765 0.068235 0.880206 0.068235 0.713536 0.068235 0.713536 0.019955 2.28088 1.62898 2.28088 1.67365 2.11954 1.62898 2.11954 1.67365 2.28088 1.68052 2.11954 1.68052 2.11954 1.62898 2.28088 1.62898 2.11954 1.67365 2.28088 1.67365 2.11954 1.68052 2.28088 1.68052 1.22772 1.63051 1.22772 1.67256 1.12428 1.63051 1.12428 1.67256 1.22772 1.67846 1.12428 1.67846 2.11954 1.68052 2.28088 1.68052 2.11954 1.67365 2.28088 1.67365 2.28088 1.62898 2.11954 1.62898 2.28088 1.62898 2.11954 1.62898 2.28088 1.67365 2.11954 1.67365 2.11954 1.68052 1.12046 0.586665 1.12046 0.678693 1.01309 0.678693 1.01309 0.586665 1.12046 0.586665 1.01309 0.678693 1.12046 0.586665 1.12046 0.678693 1.01309 0.678693 1.01309 0.586665 1.12046 0.586665 1.01309 0.678693 0.271236 0.846654 0.212203 0.898285 0.318875 0.89464 0.212203 0.846872 0.227599 0.485054 0.219511 0.419228 0.285469 0.485054 0.125089 0.485054 0.285704 0.419228 0.361573 0.485054 0.127038 0.39103 0.219511 0.419228 0.227599 0.485054 0.285469 0.485054 0.285704 0.419228 0.361573 0.390672 1.12428 1.67256 1.147 1.67256 1.12428 1.63051 1.12428 1.67846 1.22772 1.63051 1.22772 1.67846 1.22772 1.67256 1.14575 0.969902 1.13802 0.965087 1.13324 0.977692 0.494943 0.876627 0.476358 0.837238 0.476358 0.886984 0.494943 0.992677 0.381672 0.870552 0.476358 0.837238 0.476358 0.886984 0.381672 0.870552 0.418699 0.821172 0.476358 0.994268 0.381023 0.987855 0.494943 0.876627 0.476358 0.886984 0.476358 0.837238 0.494943 0.992677 0.381672 0.870552 0.476358 0.837238 0.418699 0.821172 0.381672 0.870552 0.476358 0.886984 0.381023 0.987855 0.476358 0.994268 0.641142 0.724469 0.682431 0.722575 0.663362 0.722282 0.68218 0.731293 0.682312 0.718453 0.68218 0.760365 0.681829 0.713297 0.641142 0.760224 0.681305 0.68341 0.68218 0.784463 0.641142 0.784594 0.643235 0.676632 0.68218 0.810404 0.641142 0.812423 0.681935 0.826699 0.715242 0.807656 0.49047 0.6391 0.401764 0.6391 0.49047 0.505035 0.401764 0.505035 0.638344 0.152202 0.703151 0.200684 0.638344 0.200684 0.677386 0.249061 0.719933 0.249061 0.792076 0.200684 0.791683 0.249061 0.880206 0.200684 0.987163 0.200684 0.677766 0.292437 0.637122 0.279556 0.987163 0.249061 0.880206 0.249061 0.880206 0.200684 0.792076 0.200684 0.685116 0.431143 0.791683 0.249061 0.703151 0.200684 0.715035 0.422762 0.708581 0.464703 0.677386 0.249061 0.638344 0.200684 0.638344 0.152202 0.746158 0.427855 0.863075 0.469347 0.818458 0.490344 0.677766 0.292437 0.715035 0.422762 0.738101 0.464703 0.861072 0.490344 0.708581 0.464703 0.685116 0.431143 0.708581 0.491651 0.738101 0.491651 0.857987 0.520116 0.857787 0.581353 0.893468 0.5219 0.893569 0.582605 0.893468 0.5219 0.857987 0.520116 0.894131 0.599624 0.9871 0.599624 0.894131 0.506655 1.89841 0.601171 1.89179 0.515408 1.86084 0.595917 1.84322 0.508074 1.81518 0.516929 1.82885 0.599375 0.88759 -0.400792 0.88759 -0.433841 0.835634 -0.400792 0.891114 -0.483812 0.860581 -0.483812 -0.053514 0.506018 -0.128091 0.506018 -0.053335 0.603154 -0.130271 0.603154 -0.182231 0.603154 -0.181803 0.506018 0.894131 0.599624 0.9871 0.599624 0.9871 0.506655 0.9871 0.599624 0.9871 0.506655 0.894131 0.506655 0.894131 0.599624 0.9871 0.599624 0.894131 0.599624 0.9871 0.599624 0.9871 0.506655 0.9871 0.599624 0.894131 0.506655 0.9871 0.599624 0.894131 0.506655 0.9871 0.506655 0.9871 0.506655 0.894131 0.506655 0.9871 0.599624 0.9871 0.599624 0.9871 0.506655 0.9871 0.599624 0.9871 0.506655 0.894131 0.506655 0.894131 0.506655 0.9871 0.599624 0.894131 0.506655 0.9871 0.599624 0.894131 0.599624 0.9871 0.506655 0.9871 0.599624 0.9871 0.506655 0.894131 0.506655 0.9871 0.599624 0.894131 0.506655 0.894131 0.506655 0.9871 0.599624 0.9871 0.599624 0.9871 0.506655 0.9871 0.506655 0.9871 0.506655 0.894131 0.506655 0.9871 0.506655 0.894131 0.506655 0.9871 0.599624 0.9871 0.506655 0.9871 0.599624 0.894131 0.506655 0.9871 0.506655 0.894131 0.599624 0.9871 0.599624 0.9871 0.506655 0.894131 0.506655 0.9871 0.599624 0.9871 0.599624 0.9871 0.506655 0.9871 0.506655 0.894131 0.599624 0.894131 0.506655 0.894131 0.506655 0.9871 0.599624 0.9871 0.506655 0.894131 0.599624 0.9871 0.599624 0.894131 0.506655 0.9871 0.506655 0.9871 0.506655 0.9871 0.599624 0.9871 0.506655 0.9871 0.599624 0.894131 0.506655 0.894131 0.599624 0.9871 0.599624 0.9871 0.599624 0.894131 0.506655 0.9871 0.506655 0.894131 0.506655 0.9871 0.506655 0.9871 0.599624 0.894131 0.506655 0.9871 0.599624 0.894131 0.506655 0.9871 0.506655 0.9871 0.599624 0.894131 0.599624 0.894131 0.599624 0.894131 0.506655 0.9871 0.506655 0.9871 0.506655 0.9871 0.599624 0.918152 0.530676 0.9871 0.599624 0.9871 0.506655 0.9871 0.599624 0.894131 0.506655 0.894131 0.506655 0.9871 0.506655 0.9871 0.599624 0.894131 0.506655 0.9871 0.506655 0.894131 0.506655 0.9871 0.506655 0.894131 0.599624 0.9871 0.506655 0.9871 0.599624 0.894131 0.599624 0.894131 0.506655 1.89841 0.601171 1.86084 0.595917 1.89179 0.515408 1.84322 0.508074 1.81518 0.516929 1.82885 0.599375 0.88759 -0.400792 0.835634 -0.400792 0.88759 -0.433841 0.891114 -0.483812 0.860581 -0.483812 -0.053514 0.506018 -0.053335 0.603154 -0.128091 0.506018 -0.130271 0.603154 -0.182231 0.603154 -0.181803 0.506018 0.9871 0.506655 0.9871 0.599624 0.894131 0.506655 0.894131 0.599624 0.9871 0.506655 0.9871 0.599624 0.894131 0.506655 0.894131 0.599624 0.401764 0.505035 0.49047 0.505035 0.401764 0.6391 0.894131 0.599624 0.9871 0.599624 0.894131 0.506655 0.49047 0.505035 0.49047 0.6391 0.401764 0.6391 0.004879 0.403731 0.047215 0.403731 0.00621 0.491665 0.047215 0.403731 0.00621 0.491665 0.046136 0.491665 0.004879 0.403731 0.625586 0.511379 0.60743 0.600437 0.684856 0.511378 0.667872 0.600437 0.740237 0.511379 0.724867 0.600437 0.784091 0.511379 0.783631 0.600437 0.828704 0.511379 0.834148 0.600437 0.783631 0.600437 0.784091 0.511379 0.724867 0.600437 0.740237 0.511379 0.667872 0.600437 0.684856 0.511378 0.60743 0.600437 0.625586 0.511379 0.894131 0.506655 0.9871 0.506655 0.9871 0.599624 0.9871 0.506655 0.9871 0.599624 0.894131 0.599624 0.111863 0.985982 0.142621 0.92776 0.156794 0.897289 0.100244 0.834397 0.098949 0.764855 0.142621 0.92776 0.144017 0.985982 0.015726 0.764855 0.100244 0.834397 0.098949 0.764855 0.156794 0.897289 0.284474 0.95391 0.27578 0.984997 0.27578 0.984997 0.244233 0.95391 0.244233 0.984997 0.401764 0.505035 0.49047 0.505035 0.401764 0.6391 0.49047 0.6391 0.401764 0.505035 0.401764 0.505035 0.49047 0.505035 0.401764 0.6391 0.49047 0.6391 0.401764 0.505035 0.9871 0.599624 0.894131 0.599624 0.894131 0.506655 0.9871 0.506655 0.9871 0.599624 0.894131 0.506655 0.894131 0.599624 0.894131 0.506655 0.9871 0.506655 0.894131 0.599624 0.9871 0.599624 0.9871 0.599624 0.894131 0.599624 0.9871 0.506655 0.894131 0.506655 0.9871 0.506655 0.9871 0.599624 0.894131 0.506655 0.894131 0.506655 0.9871 0.506655 0.894131 0.599624 0.9871 0.599624 0.894131 0.506655 0.9871 0.506655 0.894131 0.599624 0.9871 0.599624 0.894131 0.506655 0.9871 0.506655 0.894131 0.599624 0.9871 0.599624 0.9871 0.506655 0.9871 0.599624 0.894131 0.506655 0.894131 0.599624 0.9871 0.506655 0.9871 0.599624 0.894131 0.506655 0.894131 0.599624 0.894131 0.506655 0.9871 0.506655 0.894131 0.599624 0.9871 0.599624 0.894131 0.506655 0.9871 0.506655 0.894131 0.599624 0.9871 0.599624 0.894131 0.506655 0.9871 0.506655 0.894131 0.599624 0.9871 0.599624 0.9871 0.506655 0.9871 0.599624 0.894131 0.506655 0.894131 0.599624 0.894131 0.506655 0.9871 0.506655 0.9871 0.599624 0.894131 0.506655 0.894131 0.599624 0.9871 0.506655 0.9871 0.599624 0.894131 0.506655 0.894131 0.599624 0.575769 -0.309854 0.575769 -0.304604 0.9871 0.599624 0.9871 0.506655 0.894131 0.506655 0.894131 0.506655 0.894131 0.599624 0.9871 0.506655 0.9871 0.599624 0.894131 0.506655 0.894131 0.599624 0.9871 0.506655 0.9871 0.599624 0.894131 0.506655 0.894131 0.599624 0.9871 0.506655 0.9871 0.599624 0.894131 0.599624 0.9871 0.599624 0.894131 0.506655 0.9871 0.506655 0.894131 0.599624 0.9871 0.599624 0.894131 0.506655 0.9871 0.506655 0.894131 0.506655 0.894131 0.599624 0.9871 0.506655 0.9871 0.599624 0.894131 0.506655 0.894131 0.599624 0.9871 0.506655 0.9871 0.599624 0.894131 0.506655 0.894131 0.599624 0.9871 0.506655 0.9871 0.599624 0.894131 0.599624 0.9871 0.599624 0.894131 0.506655 0.9871 0.506655 0.894131 0.599624 0.9871 0.599624 0.894131 0.506655 0.9871 0.506655 0.894131 0.599624 0.9871 0.599624 0.894131 0.506655 0.9871 0.506655 0.894131 0.599624 0.9871 0.599624 0.894131 0.506655 0.9871 0.506655 0.894131 0.599624 0.9871 0.599624 0.894131 0.506655 0.9871 0.506655 0.894131 0.506655 0.894131 0.599624 0.9871 0.506655 0.9871 0.599624 0.894131 0.506655 0.894131 0.599624 0.9871 0.506655 0.9871 0.599624 0.894131 0.506655 0.894131 0.599624 0.9871 0.506655 0.9871 0.599624 0.894131 0.599624 0.9871 0.599624 0.894131 0.506655 0.9871 0.506655 0.899988 0.735698 0.867849 0.808209 0.830805 0.808067 0.901782 0.781508 0.904804 0.808178 0.901663 0.781508 0.751273 0.781772 0.751368 0.629517 0.790777 0.781838 0.790733 0.629603 0.828795 0.781917 0.828795 0.629508 0.867849 0.808209 0.910287 0.682135 0.910287 0.808178 0.790733 0.629603 0.828795 0.781917 0.828795 0.629508 0.907212 0.682135 0.867931 0.75534 0.907212 0.808178 0.825388 0.682371 0.825388 0.808067 0.986565 0.763986 0.989783 0.762135 0.98918 0.760608 0.992337 0.756504 0.993487 0.757574 0.992874 0.752764 0.994988 0.749099 0.790733 0.707689 0.790777 0.781838 0.757649 0.781772 0.755541 0.835128 0.825363 0.707767 0.825363 0.781917 0.825377 0.835128 0.757649 0.781772 0.790777 0.781838 0.757743 0.629517 0.790733 0.629603 0.825363 0.629508 0.825363 0.781917 0.833028 0.682372 0.833028 0.808067 0.868013 0.682344 0.867849 0.808209 0.899988 0.682135 0.899988 0.808178 0.757649 0.781772 0.790777 0.781838 0.757743 0.629517 0.790733 0.629603 0.825363 0.781917 0.825363 0.629508 0.830037 0.682372 0.830037 0.808067 0.867931 0.75534 0.904175 0.808178 0.904175 0.682135 0.872118 0.75534 0.899988 0.781508 0.867958 0.781377 0.899988 0.808178 0.833028 0.781508 0.867849 0.808209 0.833028 0.781508 0.867958 0.781377 0.899988 0.781508 0.833028 0.808067 0.867849 0.808209 0.899988 0.808178 0.833028 0.808067 0.986987 0.764435 0.989602 0.761057 0.990205 0.762584 0.993909 0.758023 0.992759 0.756953 0.992125 0.753108 0.993296 0.753213 0.993751 0.750456 0.992539 0.75112 0.99541 0.749548 0.994365 0.749548 0.825363 0.781917 0.790777 0.781838 0.825363 0.707593 0.790733 0.707689 0.757649 0.781772 0.757503 0.835128 0.757743 0.707602 0.790733 0.629603 0.825363 0.629508 0.825363 0.781917 0.790777 0.781838 0.790733 0.707689 0.757649 0.781772 0.790777 0.781838 0.757503 0.835128 0.825363 0.781917 0.825363 0.835416 0.825363 0.707593 0.825363 0.781917 0.757649 0.781772 0.757743 0.629517 0.790777 0.781838 0.790733 0.629603 0.825363 0.629508 0.825363 0.781917 0.833028 0.682372 0.868013 0.682344 0.833028 0.808067 0.867849 0.808209 0.899988 0.682135 0.899988 0.808178 0.757649 0.781772 0.757743 0.629517 0.790777 0.781838 0.790733 0.629603 0.825363 0.781917 0.825363 0.629508 0.902464 0.682135 0.867931 0.75534 0.902464 0.808178 0.829932 0.682371 0.829932 0.808067 0.986565 0.763986 0.989783 0.762135 0.98918 0.760608 0.992337 0.756504 0.993487 0.757574 0.991703 0.752659 0.992874 0.752764 0.993329 0.750007 0.994988 0.749099 0.992117 0.750671 0.993944 0.749099 0.833028 0.780773 0.867849 0.808209 0.899988 0.808178 0.899988 0.780559 0.833028 0.808067 0.757743 0.629517 0.757649 0.781772 0.790733 0.629603 0.790777 0.781838 0.825363 0.629508 0.825363 0.781917 0.833028 0.682372 0.833028 0.808067 0.868013 0.682344 0.867849 0.808209 0.899988 0.682135 0.899988 0.808178 0.757649 0.781772 0.790777 0.781838 0.757743 0.629517 0.790733 0.629603 0.825363 0.629508 0.825363 0.781917 0.828044 0.682372 0.828044 0.808067 0.867931 0.75534 0.899988 0.808178 0.899988 0.682135 0.986565 0.763986 0.98918 0.760608 0.989783 0.762135 0.993487 0.757574 0.992337 0.756504 0.991703 0.752659 0.992874 0.752764 0.992939 0.749889 0.992117 0.750671 0.994988 0.749099 0.993944 0.749099 0.867931 0.75534 0.899988 0.782905 0.867849 0.808209 0.899988 0.808178 0.833028 0.808067 0.833028 0.753958 0.757649 0.781772 0.757743 0.629517 0.790777 0.781838 0.790733 0.629603 0.757743 0.629517 0.757649 0.781772 0.833028 0.682372 0.868013 0.682344 0.833028 0.808067 0.867849 0.808209 0.899988 0.682135 0.899988 0.808178 0.757649 0.781772 0.757743 0.629517 0.790777 0.781838 0.790733 0.629603 0.825363 0.781917 0.825363 0.629508 0.901845 0.682135 0.867931 0.75534 0.901845 0.808178 0.830551 0.682371 0.830551 0.808067 0.986565 0.763986 0.989783 0.762135 0.98918 0.760608 0.992337 0.756504 0.993487 0.757574 0.991703 0.752659 0.992874 0.752764 0.994988 0.749099 0.992117 0.750671 0.993944 0.749099 0.992899 0.749099 0.757743 0.629517 0.757649 0.781772 0.790733 0.629603 0.790777 0.781838 0.757743 0.629517 0.757649 0.781772 0.833028 0.682372 0.868013 0.682344 0.833028 0.808067 0.867849 0.808209 0.899988 0.682135 0.899988 0.808178 0.991411 0.749099 0.991935 0.783165 0.997385 0.783165 0.997385 0.795912 0.899988 0.682135 0.899988 0.755927 0.899988 0.808178 0.867849 0.808209 0.833028 0.808067 0.986565 0.749099 0.987737 0.752613 0.992787 0.749099 0.994988 0.753766 0.988624 0.755271 0.987788 0.751159 0.990657 0.764917 0.991947 0.749099 0.986565 0.749099 0.992954 0.760113 0.994988 0.749099 0.757649 0.781772 0.757743 0.629517 0.790777 0.781838 0.790733 0.629603 0.825363 0.629508 0.825363 0.781917 0.991935 0.783165 0.997385 0.783165 0.991935 0.795912 0.997385 0.795912 0.997385 0.783165 0.997385 0.795912 0.991935 0.783165 0.991935 0.795912 0.833028 0.808067 0.833028 0.682372 0.867931 0.75534 0.899988 0.682135 0.899988 0.808178 0.992032 0.750851 0.993839 0.7562 0.992388 0.753779 0.995284 0.75389 0.992023 0.751968 0.990751 0.756381 0.997625 0.75604 0.925532 0.770102 0.91977 0.810517 0.925774 0.779942 0.91977 0.828899 0.925774 0.779942 0.925532 0.770102 0.93564 0.753558 0.931797 0.735874 0.95512 0.757806 0.933758 0.739136 0.97367 0.774647 0.91977 0.772635 0.933758 0.739136 0.968251 0.767215 0.946896 0.743066 0.97367 0.774647 0.968251 0.767215 0.946896 0.743066 0.956974 0.744228 0.952099 0.707481 0.947828 0.701217 0.956974 0.744228 0.960416 0.696387 0.95634 0.706097 0.955646 0.703765 0.95634 0.706097 0.973038 0.689803 0.953669 0.695733 0.973038 0.689803 0.953669 0.695733 0.967638 0.69095 0.955646 0.703765 0.978802 0.690988 0.978802 0.690988 0.967638 0.69095 0.956484 0.650912 0.940073 0.635809 0.91977 0.630558 0.91977 0.639574 0.991316 0.751254 0.990027 0.756477 0.992576 0.755813 0.984631 0.75476 0.993431 0.755022 0.995164 0.754555 0.995524 0.753089 0.991316 0.751254 0.993431 0.755022 0.995164 0.754555 0.995524 0.753089 0.564419 -0.328846 0.564419 -0.337116 0.57583 -0.309782 0.57583 -0.304525 0.577107 0.026152 0.547436 0.121393 0.531758 0.174191 0.453186 0.4858 0.454564 0.448698 0.409635 0.4858 0.48201 0.4858 0.411214 0.453372 0.48201 0.463221 0.453186 0.4858 0.454564 0.420206 0.411214 0.420206 0.446923 0.479548 0.411214 0.391129 0.482011 0.448698 0.482011 0.420206 0.454564 0.391129 0.384688 0.391129 0.482011 0.391129 0.454564 0.372176 0.48201 0.372176 0.411214 0.391129 0.411214 0.372176 0.384688 0.372176 0.454564 0.420206 0.454564 0.391129 0.411214 0.261434 0.454564 0.261434 0.454564 0.372176 0.454564 0.239562 0.411214 0.239562 0.482011 0.239562 0.384688 0.209121 0.384688 0.176763 0.48201 0.111069 0.384688 0.111069 0.641142 0.760224 0.68218 0.784463 0.681935 0.826699 0.715242 0.807656 0.681305 0.68341 0.453186 0.4858 0.409635 0.4858 0.454564 0.448698 0.48201 0.4858 0.48201 0.462615 0.454564 0.448698 0.453186 0.4858 0.482011 0.448698 0.454564 0.420206 0.482011 0.420206 0.446923 0.479548 0.411214 0.420206 0.411214 0.420206 0.384688 0.391129 0.454564 0.420206 0.454564 0.391129 0.454564 0.391129 0.482011 0.391129 0.411214 0.391129 0.411214 0.391129 0.411214 0.372176 0.411214 0.372176 0.384688 0.372176 0.48201 0.372176 0.411214 0.261434 0.454564 0.372176 0.454564 0.261434 0.454564 0.372176 0.411214 0.239562 0.384688 0.261434 0.411214 0.209121 0.454564 0.239562 0.384688 0.209121 0.482011 0.239562 0.482011 0.209121 0.384688 0.111069 0.215383 0.991858 0.192993 0.991858 0.21735 0.933498 0.192993 0.991858 0.194403 0.933498 1.13324 0.977692 1.14575 0.985483 1.13802 0.990298 1.1487 0.977692 1.12846 0.990298 1.14575 0.969902 1.12073 0.985483 1.13802 0.965087 1.11778 0.977692 1.12846 0.965087 1.12073 0.969902 0.806656 -0.400791 0.787111 -0.400791 0.841202 -0.483812 0.768574 -0.400791 0.822866 -0.483812 0.723958 -0.400791 0.798503 -0.483812 1.80763 0.605058 1.7947 0.512516 1.79196 0.603584 1.77701 0.513112 1.77693 0.603762 1.75389 0.518918 -0.193246 0.603154 -0.195318 0.506018 -0.208867 0.506018 -0.207562 0.603154 -0.240594 0.506018 -0.241532 0.603154 0.806656 -0.400791 0.787111 -0.400791 0.841202 -0.483812 0.768574 -0.400791 0.822866 -0.483812 0.723958 -0.400791 1.80763 0.605058 1.7947 0.512516 1.79196 0.603584 1.77701 0.513112 1.77693 0.603762 1.75389 0.518918 -0.193246 0.603154 -0.195318 0.506018 -0.208867 0.506018 -0.207562 0.603154 -0.240594 0.506018 -0.241532 0.603154 0.103069 0.688981 0.015726 0.688981 0.103069 0.688981 0.805268 -0.490841 0.722587 -0.400114 0.597089 -0.402383 0.576134 1.52323 0.729629 1.55373 0.631668 1.60967 0.817587 1.58645 0.729629 1.55373 0.748586 1.59282 0.713536 0.019955 0.713536 0.068235 0.638344 0.068235 0.798765 0.019955 0.638344 0.110931 0.798765 0.068235 0.880206 0.068235 0.880206 0.019955 0.713536 0.110931 0.719156 0.134044 0.638344 0.134432 0.987163 0.019955 0.798765 0.110931 0.709238 0.152202 0.798765 0.134044 0.987163 0.068235 0.880206 0.019955 0.880206 0.134044 0.798765 0.152202 0.880206 0.110931 0.987163 0.110931 0.880206 0.110931 0.880206 0.152202 0.987163 0.134044 0.880206 0.134044 0.798765 0.110931 0.987163 0.152202 0.798765 0.134044 0.880206 0.152202 0.798765 0.152202 0.713536 0.110931 0.638344 0.110931 0.638344 0.068235 0.709238 0.152202 0.719156 0.134044 0.638344 0.134432 0.607606 0.514357 0.752388 0.531411 0.605692 0.611826 0.751187 0.611104 0.845018 0.563155 0.752388 0.531411 0.607606 0.514357 0.6067 0.507535 0.732529 0.524052 0.610351 0.599888 0.738477 0.588827 0.827861 0.555898 0.732529 0.524052 0.738477 0.588827 0.610351 0.599888 0.6067 0.507535 1.12046 0.586665 1.01309 0.586665 1.12046 0.678693 1.01309 0.678693 1.12046 0.586665 1.01309 0.586665 1.12046 0.678693 1.01309 0.678693 1.01309 0.586665 1.01309 0.678693 1.12046 0.586665 1.12046 0.678693 1.12046 0.678693 1.12046 0.586665 1.01309 0.586665 1.12046 0.678693 1.01309 0.586665 1.12046 0.586665 1.01309 0.678693 1.12046 0.678693 1.01309 0.586665 1.12046 0.678693 1.01309 0.586665 1.01309 0.678693 0.548586 -0.491449 0.597089 -0.402383 0.805268 -0.490841 0.318875 0.851016 0.318875 0.89464 0.271236 0.846654 0.212203 0.898285 0.212203 0.846872 0.185197 0.862195 0.183308 0.880343 0.387737 1.72935 0.364565 1.80934 0.441873 1.74443 0.41807 1.824 0.441873 1.74443 0.387737 1.72935 0.41807 1.824 0.364565 1.80934 0.318875 0.851016 0.185197 0.862195 0.183308 0.880343 0.41807 1.824 0.364565 1.80934 0.441873 1.74443 0.387737 1.72935 0.364565 1.80934 0.387737 1.72935 0.41807 1.824 0.441873 1.74443 0.835243 0.582518 0.833679 0.515801 0.821776 0.511244 0.821041 0.584988 0.806132 0.513032 0.833679 0.515801 0.80562 0.585675 0.768949 0.519359 0.821776 0.511244 0.771549 0.589718 0.806132 0.513032 0.768949 0.519359 0.229367 0.360681 0.287238 0.360681 0.175216 0.360681 0.175216 0.360681 0.111656 0.360681 0.111656 0.360681 0.017534 0.390672 0.231014 0.246861 0.361573 0.360681 0.287449 0.245133 0.107983 0.246861 0.229367 0.360681 0.175216 0.224418 0.231014 0.246861 0.017534 0.360681 0.287238 0.360681 0.361573 0.245133 0.231014 0.227613 0.361573 0.225692 0.287449 0.225692 0.107983 0.246861 0.017534 0.360681 0.175216 0.224418 0.107983 0.227613 0.231014 0.227613 0.107983 0.207395 0.231014 0.207396 0.175216 0.205798 0.017534 0.245133 0.361573 0.360681 0.287449 0.245133 0.361573 0.245133 0.287449 0.209347 0.107983 0.227613 0.231014 0.207396 0.107983 0.207395 0.175216 0.205798 0.017534 0.245133 0.175216 0.180208 0.017534 0.225692 0.107983 0.180208 0.017534 0.209347 0.017534 0.180208 0.361573 0.225692 0.287449 0.209347 0.287449 0.225692 0.361573 0.209347 0.175216 0.180208 0.017534 0.225692 0.107983 0.180208 0.017534 0.209347 0.017534 0.180208 0.107983 0.098495 0.287449 0.180208 0.231014 0.180208 0.361573 0.209347 0.361573 0.180208 0.287449 0.180208 0.107983 0.098495 0.017534 0.102787 0.231014 0.098495 0.175216 0.088897 0.361573 0.180208 0.231014 0.180208 0.361573 0.10839 0.017534 0.102787 0.107983 0.071956 0.017534 0.071956 0.287449 0.102787 0.231014 0.071956 0.361573 0.10839 0.231014 0.098495 0.175216 0.088897 0.287449 0.102787 0.361573 0.071956 0.107983 0.071956 0.017534 0.071956 0.017534 0.052956 0.175216 0.071956 0.361573 0.071956 0.287449 0.071956 0.287449 0.052956 0.361573 0.052956 0.231014 0.071956 0.017534 0.052956 0.107983 0.052956 0.017534 0.018024 0.287449 0.071956 0.231014 0.052956 0.287449 0.052956 0.361573 0.018024 0.175216 0.071956 0.107983 0.052956 0.017534 0.018024 0.107983 0.018024 0.175216 0.052956 0.361573 0.052956 0.287449 0.018024 0.231014 0.052956 0.107983 0.018024 0.231014 0.018024 0.287449 0.018024 0.175216 0.009223 0.361573 0.018024 0.231014 0.018024 0.175216 0.052956 0.175216 0.009223 0.014575 0.583864 0.01804 0.583864 0.089989 0.583864 0.014575 0.505539 0.089989 0.583864 0.089989 0.505539 0.089989 0.505539 0.01804 0.505539 1.13802 0.990298 1.14575 0.985483 1.12846 0.990298 1.1487 0.977692 1.12073 0.985483 1.11778 0.977692 1.12073 0.969902 1.12846 0.965087 0.494943 0.709691 0.476358 0.715592 0.494943 0.747794 0.494943 0.706942 0.476358 0.747473 0.476358 0.711234 0.476358 0.747473 0.494943 0.747794 0.418699 0.821172 0.444668 0.74683 0.444668 0.74683 0.450869 0.715763 0.447976 0.710561 0.494943 0.992677 0.380293 0.810555 0.476358 0.994268 0.417724 0.741392 0.381023 0.987855 0.494943 0.709691 0.494943 0.747794 0.476358 0.715592 0.494943 0.706942 0.476358 0.747473 0.476358 0.711234 0.476358 0.747473 0.494943 0.747794 0.418699 0.821172 0.444668 0.74683 0.444668 0.74683 0.450869 0.715763 0.447976 0.710561 0.494943 0.992677 0.380293 0.810555 0.476358 0.994268 0.417724 0.741392 0.381023 0.987855 0.715505 0.731578 0.73538 0.721718 0.721116 0.706075 0.735904 0.709265 0.71905 0.679009 0.680433 0.668989 0.738866 0.755419 0.730442 0.664395 0.716195 0.784024 0.716766 0.758958 0.739638 0.782323 0.737169 0.818635 0.638344 0.239504 0.638344 0.239504 0.637122 0.279556 0.863075 0.469347 0.9871 0.506655 0.943251 -0.483812 0.894131 0.599624 0.9871 0.599624 0.9871 0.506655 0.894131 0.506655 0.894131 0.599624 0.9871 0.599624 0.9871 0.506655 0.9871 0.599624 0.918152 0.506655 0.894131 0.506655 0.9871 0.506655 0.9871 0.599624 0.894131 0.599624 0.9871 0.599624 0.9871 0.506655 0.9871 0.506655 0.9871 0.599624 0.894131 0.599624 0.894131 0.599624 0.943251 -0.483812 0.49047 0.6391 0.9871 0.506655 0.9871 0.506655 0.401764 0.505035 0.069296 0.491665 0.068502 0.403731 0.894131 0.599624 0.894131 0.506655 0.144017 0.985982 0.244233 0.984997 0.244233 0.95391 1.12809 1.62705 1.12809 1.68006 1.05993 1.62705 1.05993 1.68006 1.14578 1.98528 0.401764 0.505035 0.49047 0.505035 0.401764 0.6391 0.49047 0.6391 0.9871 0.506655 0.894131 0.599624 0.564372 -0.337155 0.575769 -0.337415 0.575769 -0.32913 0.575769 -0.326087 0.575769 -0.320918 0.894131 0.599624 0.894131 0.506655 0.894131 0.599624 0.9871 0.506655 0.9871 0.599624 0.57583 -0.337375 0.57583 -0.326034 0.57583 -0.329081 0.57583 -0.320858 0.73538 0.721718 0.715505 0.731578 0.682431 0.722575 0.738866 0.755419 0.68218 0.731293 0.716766 0.758958 0.716195 0.784024 0.739638 0.782323 0.68218 0.760365 0.737169 0.818635 0.681829 0.713297 0.721116 0.706075 0.735904 0.709265 0.71905 0.679009 0.730442 0.664395 0.680433 0.668989 0.798503 -0.483812 0.548586 -0.491449 0.748586 1.59282 0.631668 1.60967 0.576134 1.52323 0.638344 0.019955 0.638344 0.019955 2.28088 1.68052 0.722587 -0.400114 0.401764 0.505035 0.49047 0.505035 0.401764 0.6391 0.49047 0.6391 0.49047 0.6391</float_array>
          <technique_common>
            <accessor source="#GeometrySource2-array" count="2012" stride="2">
              <param name="S" type="float"/>
              <param name="T" type="float"/>
            </accessor>
          </technique_common>
        </source>
        <vertices id="Geometry-vertices">
          <input semantic="POSITION" source="#GeometrySource"/>
          <input semantic="NORMAL" source="#GeometrySource1"/>
          <input semantic="TEXCOORD" source="#GeometrySource2"/>
        </vertices>
        <triangles material="VisualMaterial0" count="1975">
          <input semantic="VERTEX" source="#Geometry-vertices" offset="0"/>
          <p>0 1 2 0 3 4 0 5 1 0 4 5 2 1 6 5 4 7 5 8 1 5 7 9 5 9 8 4 10 7 6 11 12 1 8 11 1 11 6 9 7 13 11 14 12 9 14 8 11 8 14 10 15 7 7 15 13 10 16 15 12 14 17 12 17 18 16 19 15 20 15 19 13 15 20 21 22 23 22 24 23 25 26 27 26 28 27 29 30 31 32 33 34 32 35 36 32 34 35 37 38 39 37 40 41 37 39 42 37 42 40 39 38 43 36 35 43 36 43 38 39 43 42 34 33 44 34 45 35 34 44 46 34 46 45 47 48 49 48 50 49 43 51 42 46 52 45 46 44 53 46 53 54 46 54 52 50 55 49 56 55 50 53 57 58 54 59 60 53 58 59 53 59 54 61 62 63 61 60 64 61 64 65 66 67 68 69 67 66 69 70 71 69 72 67 69 71 72 73 74 75 57 76 58 57 77 76 57 68 77 59 78 60 59 58 79 59 79 78 78 80 60 78 79 80 64 60 80 80 79 81 82 83 84 85 86 87 88 87 89 83 89 84 88 89 83 87 90 89 86 90 87 86 91 90 92 89 90 92 90 91 93 94 95 93 96 97 93 97 98 95 99 97 95 100 99 97 101 102 103 104 105 106 107 108 109 110 111 112 113 108 112 114 113 115 116 117 107 118 108 119 120 121 119 122 123 119 124 120 119 125 124 122 126 123 124 123 127 128 129 130 131 132 133 131 134 132 131 135 136 137 138 139 132 136 140 132 141 142 132 142 143 144 145 146 144 147 148 149 150 151 145 152 153 154 155 156 157 158 159 160 161 162 161 163 162 164 165 166 165 167 166 168 169 170 169 171 170 172 173 174 173 175 174 175 176 174 176 177 174 178 179 180 181 182 183 181 184 182 184 185 182 184 186 185 186 187 185 186 188 187 186 189 188 190 191 192 190 193 191 191 194 195 196 194 191 196 197 194 198 199 200 198 201 199 198 202 201 203 204 205 204 206 205 206 207 205 208 209 210 209 211 210 212 213 214 213 215 214 213 216 215 213 217 216 214 215 218 215 219 218 216 219 215 216 220 219 220 221 219 219 221 218 220 222 221 222 223 221 218 221 224 221 225 224 223 225 221 223 226 225 226 227 225 226 228 227 226 229 228 224 225 230 227 231 225 225 231 230 227 228 231 228 232 231 233 234 235 234 236 235 234 237 236 234 238 237 238 239 237 238 240 239 237 239 241 240 242 241 240 243 242 243 244 242 244 245 242 244 246 245 244 247 246 248 249 250 249 251 250 252 253 254 254 255 256 254 257 258 259 260 261 262 263 264 263 265 264 266 267 268 269 270 271 270 272 271 273 274 275 274 276 275 277 278 279 280 281 282 281 283 282 284 285 286 285 287 286 288 289 290 289 291 290 292 293 294 293 295 294 296 297 298 297 299 298 300 301 302 301 303 302 304 305 306 307 308 309 308 310 309 308 311 310 309 310 312 309 312 313 309 313 314 309 314 315 311 316 310 312 317 313 312 310 318 314 319 315 314 313 320 316 321 310 321 318 310 316 322 321 321 322 318 317 323 313 313 323 324 325 326 327 328 329 330 329 331 330 332 333 334 333 335 334 336 337 338 337 339 338 340 341 342 341 343 342 344 345 346 345 347 346 348 349 350 349 351 350 352 353 354 352 355 353 352 356 355 352 357 356 352 358 357 353 355 359 360 361 362 363 364 365 366 367 368 369 370 371 371 372 373 374 375 376 376 377 378 376 379 380 376 380 381 376 381 382 378 377 383 379 384 380 385 386 387 387 388 389 390 391 392 391 393 392 394 395 396 397 398 399 400 401 402 403 404 405 403 406 404 406 407 404 408 409 410 411 412 413 411 414 415 412 416 413 412 417 416 414 418 415 413 416 419 413 419 420 418 421 415 418 422 421 418 423 422 418 424 423 418 425 424 419 426 420 419 427 426 419 428 427 415 421 429 425 430 424 426 427 431 428 432 427 430 433 424 430 434 433 430 435 434 431 427 436 424 433 437 424 437 438 435 439 434 435 440 439 435 441 440 433 442 437 433 434 443 439 444 434 441 445 440 445 446 440 447 446 436 445 448 446 448 436 446 440 446 449 450 451 452 453 454 455 456 457 458 459 460 461 457 462 458 461 460 463 464 465 460 466 458 467 460 465 468 463 460 468 465 469 468 470 471 472 470 472 473 469 474 468 469 473 475 469 475 474 468 474 476 477 478 479 480 481 482 480 479 483 480 483 484 480 484 481 481 484 485 483 479 486 483 486 484 479 487 486 486 488 489 490 491 492 491 493 492 491 494 493 491 495 494 491 496 495 491 497 496 492 493 498 494 495 499 494 500 493 498 493 501 495 502 499 495 496 503 495 504 502 495 503 504 500 505 493 505 501 493 505 506 501 500 506 505 507 508 509 508 510 509 511 512 513 511 514 512 511 509 514 514 509 510 515 516 517 515 517 518 516 519 517 516 520 519 518 517 521 518 521 522 519 523 517 521 524 522 521 525 524 521 517 525 526 527 528 528 529 530 531 532 533 531 534 535 531 536 534 531 533 536 534 537 538 539 540 541 539 542 543 539 543 540 542 544 543 545 546 547 545 547 548 543 544 549 545 550 546 551 546 550 552 549 544 553 554 555 553 555 556 554 557 555 554 558 557 556 555 559 556 559 560 556 560 561 558 562 557 558 563 562 563 561 560 558 564 563 563 564 561 565 566 567 565 567 568 566 569 567 568 567 570 567 571 570 569 571 567 572 573 574 575 576 577 575 578 573 575 577 579 575 580 578 575 579 580 581 582 583 581 584 582 581 585 584 576 586 587 576 587 577 579 588 580 579 577 589 579 589 590 579 590 588 591 590 589 585 591 584 592 584 591 587 584 592 592 589 577 592 591 589 587 592 577 588 593 580 580 593 594 588 590 595 588 596 593 588 595 596 595 597 596 593 596 598 597 599 596 596 599 598 600 601 602 600 603 601 604 605 606 604 607 605 607 608 609 607 609 605 610 611 612 610 613 614 610 612 613 612 615 613 612 611 616 611 617 616 618 613 619 618 619 620 620 619 621 615 622 613 619 613 622 619 622 621 623 621 622 624 625 626 624 627 625 626 625 628 626 628 629 627 630 625 627 631 630 627 632 631 628 633 629 632 634 631 634 629 633 632 635 634 634 635 629 636 637 638 636 639 637 638 637 640 639 641 637 640 637 642 642 637 641 643 644 645 646 647 648 646 648 649 646 649 650 648 651 649 647 651 648 647 652 651 653 651 652 650 653 652 650 649 653 653 649 651 654 655 656 654 657 655 654 658 657 659 660 661 660 662 661 660 663 662 663 664 662 665 666 667 666 668 667 668 669 667 668 670 669 671 672 673 672 674 673 672 675 674 675 676 674 677 678 679 678 680 679 680 681 679 681 682 679 683 684 685 684 686 685 686 687 685 688 689 690 691 692 693 694 695 696 697 698 699 700 701 702 700 703 701 704 705 706 704 707 705 706 705 708 706 708 709 707 710 705 707 711 710 707 712 711 712 713 711 713 714 711 709 715 714 709 714 713 716 717 718 716 719 717 718 717 720 719 721 717 722 717 721 720 717 722 723 724 725 726 727 728 726 728 729 727 730 728 731 732 733 731 733 734 732 735 736 732 736 733 737 738 739 737 740 738 739 738 741 742 743 744 742 744 745 745 746 747 745 744 746 748 749 750 748 751 749 748 750 752 748 753 751 748 752 754 748 755 753 748 754 756 748 0 755 748 756 3 748 3 0 755 0 2 755 757 753 755 2 758 755 758 757 3 759 4 758 2 6 758 760 757 758 761 760 758 6 761 759 10 4 761 6 12 761 18 760 761 12 18 762 760 18 762 763 760 764 765 766 765 767 766 768 769 770 769 771 770 769 772 771 769 773 772 773 774 772 773 33 774 773 775 33 774 33 32 774 36 772 774 32 36 775 776 33 777 41 778 777 772 38 777 37 41 777 38 37 776 779 33 776 780 779 776 781 780 778 41 48 778 48 47 41 40 48 781 782 780 40 42 783 40 50 48 40 783 56 40 56 50 782 784 780 782 70 784 782 785 70 783 42 786 42 51 786 783 786 787 44 57 53 44 780 68 44 68 57 52 54 60 52 60 61 52 61 63 784 70 69 784 66 780 784 69 66 785 788 70 785 789 788 785 790 789 786 51 74 787 786 74 787 74 73 77 68 67 58 76 79 72 71 82 72 82 84 72 84 791 76 792 79 76 793 792 79 792 81 794 88 83 791 84 795 791 795 796 793 797 792 795 798 796 795 799 798 795 84 799 84 89 799 796 798 800 796 800 801 799 89 92 802 803 804 803 805 804 803 806 805 803 807 806 808 809 810 811 812 813 812 814 813 814 815 813 815 816 813 817 818 819 819 820 821 822 823 824 823 825 824 823 826 825 823 827 826 828 829 93 829 830 93 100 831 832 101 833 102 101 103 834 101 834 835 833 836 837 833 837 838 102 839 840 102 841 842 839 843 840 841 844 842 105 845 846 840 847 848 840 849 850 844 851 847 844 852 853 844 854 855 845 856 857 845 858 859 848 860 861 850 862 853 850 863 864 854 865 866 855 867 860 855 868 869 855 870 871 856 872 857 856 873 107 856 874 873 875 864 876 862 877 853 862 878 879 867 880 881 860 882 883 872 107 106 872 884 107 857 885 864 857 886 885 857 887 888 874 889 110 873 112 107 873 109 112 880 890 891 880 891 115 882 115 117 886 119 121 888 122 119 888 121 892 888 893 122 114 894 895 114 896 897 113 123 898 113 899 125 113 900 899 894 901 128 900 902 903 900 904 905 129 906 130 129 137 907 129 131 137 905 908 909 907 910 911 907 911 912 908 913 909 908 914 915 139 138 915 916 917 918 916 919 144 135 149 136 909 920 921 915 917 922 915 146 923 923 924 925 146 926 927 146 928 929 148 930 931 153 931 932 153 932 933 930 934 931 935 936 937 936 938 937 936 939 938 936 940 939 941 942 943 942 944 943 942 945 944 946 947 948 949 950 948 950 951 948 952 953 954 953 955 954 956 957 958 957 959 958 960 961 962 963 964 965 966 967 968 969 970 971 970 183 971 970 181 183 972 973 974 972 975 973 976 977 978 977 979 978 979 980 978 979 981 980 981 982 980 981 983 982 983 984 982 983 985 984 985 986 984 986 987 984 986 988 987 988 989 987 988 990 989 990 991 989 990 992 991 992 993 991 994 995 996 997 998 999 1000 192 1001 1000 190 192 1002 192 1003 193 196 191 192 195 1003 192 191 195 1003 195 1004 197 1005 194 197 1006 1005 195 1007 1004 195 194 1008 195 1009 1007 195 1008 1009 194 1010 1008 1005 1010 194 1011 200 1012 1011 198 200 202 1013 201 202 1014 1013 1014 1015 1013 1016 1017 1018 1017 1019 1018 1020 266 268 1021 1022 1023 1022 1024 1023 1025 277 279 1026 1027 1028 1029 1030 1031 1030 1032 1031 1033 1034 1035 1034 1036 1035 1037 1038 1039 1038 1040 1039 1041 1042 1043 1044 1045 1046 1045 1047 1046 1048 1049 1050 1049 1051 1050 1052 1053 1054 1053 1055 1054 1056 1057 1058 1057 1059 1058 1060 1061 1062 1061 1063 1062 1064 1065 1066 1065 1067 1066 1068 1069 1070 1069 1071 1070 1072 1073 1074 1073 1075 1074 1076 1077 1078 1077 1079 1078 1080 304 306 1081 1082 1083 1082 1084 1083 1085 1086 1087 1086 1088 1087 323 1089 324 323 1090 1089 1091 1092 1093 1094 1095 1096 1095 1097 1096 1098 1099 1100 1099 1101 1100 1102 1103 1104 1103 1105 1104 1106 1107 1108 1107 1109 1108 1110 1111 1112 1111 1113 1112 1114 1115 1116 1115 1117 1116 1118 1119 1120 1119 1121 1120 1122 1123 1124 1123 1125 1124 1126 1127 1128 1127 1129 1128 1130 1131 1132 1131 1133 1132 1134 1135 1136 1135 1137 1136 1138 1139 1140 1139 1141 1140 1142 1143 1144 1143 1145 1144 1146 1147 1148 1147 1149 1148 1150 1151 1152 1151 1153 1152 1154 1155 1156 1155 1157 1156 1158 1159 1160 1159 1161 1160 1162 352 354 356 357 1163 356 1163 1164 358 1165 357 1163 357 1166 357 1167 1166 1168 1169 1170 1169 1171 1170 1171 1172 1170 1171 1173 1172 361 1174 362 361 1175 1174 1175 1176 1174 364 1177 365 1177 1178 365 1177 1179 1178 1180 1181 1182 1181 1183 1184 1185 1186 1187 1186 1188 1187 1186 1189 1188 1189 366 1188 1189 1190 366 1190 367 366 1190 1191 367 370 1192 371 370 1193 1192 370 1194 1193 1194 1195 1193 372 1196 373 372 1193 1196 1193 1197 1196 1193 1198 1197 1199 1200 1201 1200 1202 1201 1200 1203 1202 1200 1204 1203 1205 1206 1207 1206 1208 1207 1208 1209 1207 1208 1210 1209 1211 1212 1213 1212 1214 1213 1212 1215 1214 1215 1216 1214 1217 1218 1219 1220 1221 1222 375 377 376 375 1223 377 1223 1224 377 1223 1225 1224 377 1224 383 381 380 1226 1225 1227 1224 383 1224 1228 1224 1227 1228 384 1229 380 380 1229 1226 384 1230 1229 1227 1231 1228 1230 1232 1229 1230 1233 1232 1226 1229 1234 1234 1229 1232 1235 1236 1237 1236 1238 1237 1236 1239 1238 1239 1240 1238 1240 1241 1238 1240 1242 1241 1240 1243 1242 1241 1242 1244 1242 1245 1244 1246 1247 1248 1247 1249 1248 1247 1250 1249 1247 1251 1250 1249 1250 1252 1249 1252 1253 1249 1253 1254 1249 1254 1255 1249 1255 1256 1252 385 1253 386 1257 387 386 1258 1257 1258 1259 1257 1258 1260 1259 388 1261 389 388 1262 1261 1257 1259 1263 1259 1264 1263 1265 1266 1267 1266 1268 1267 1268 1269 1267 1269 1270 1267 1271 1272 1273 1272 1274 1273 1272 1275 1274 1275 1276 1274 1277 1278 1279 1278 1280 1279 1280 1281 1279 1280 1282 1281 1283 1284 1285 1284 1286 1287 1288 1289 1290 1289 1291 1290 1289 1292 1291 1292 1293 1291 1292 1294 1293 1294 1295 1293 1294 1296 1295 1293 1295 1297 1296 1298 1295 393 1299 392 393 1300 1299 393 1301 1300 393 1302 1301 1299 1300 1303 1304 1305 1306 1305 1307 1306 1307 1308 1306 1307 1309 1308 1310 1311 1312 1311 1313 1312 1313 1314 1312 1313 1315 1314 1316 1317 1318 1317 1319 1318 1317 1320 1319 1317 1321 1320 1322 1323 1324 1324 1325 1326 1327 1328 1329 1328 1330 1329 1328 1331 1330 1331 1332 1330 1332 1333 1330 1332 1334 1333 1332 1335 1334 1333 1334 1336 1334 1337 1336 1334 396 1337 1334 394 396 398 1338 399 398 1339 1338 1339 1340 1338 1339 1341 1340 1338 1340 1342 1338 1342 1343 1344 1345 1346 1345 1347 1346 1347 1348 1346 1348 1349 1346 1350 1351 1352 1351 1353 1352 1351 1354 1353 1354 1355 1353 1356 1357 1358 1357 1359 1358 1359 1360 1358 1359 1361 1360 1362 1363 1364 1363 1365 1366 1367 1368 1369 1368 1370 1369 1368 1371 1370 1371 1372 1370 1371 1373 1372 1373 402 1372 1373 1374 402 1372 402 1375 1374 1376 402 1376 1377 402 1377 400 402 1378 1379 1380 1379 1381 1380 1381 1382 1380 1381 1383 1382 1384 1385 1386 1385 1387 1386 1385 1388 1387 1388 1389 1387 1390 403 405 1391 1392 1393 1394 1395 408 1395 409 408 1395 1396 409 1396 1397 409 1397 1398 409 1399 1400 1401 1400 1402 1401 1400 1403 1402 1404 1405 1406 1407 1408 1409 1410 1411 1412 1411 1413 1412 1413 1414 1412 1414 1415 1412 1416 1417 1418 1417 1419 1418 1420 1421 1422 1421 1423 1422 1424 1425 1426 1426 1427 1428 1429 1430 1431 1430 415 1431 1430 411 415 1430 412 411 1430 1432 412 1431 415 1433 423 424 1434 427 447 436 446 1435 449 1436 1437 1438 1437 1439 1438 1437 1440 1439 1437 1441 1440 1438 1439 1442 1438 1442 1443 1440 452 1439 1440 450 452 1442 1444 1443 1442 1439 1445 1442 1446 1444 1442 1445 1446 1439 1447 1445 1439 1448 1447 1439 452 1448 1444 1446 1449 1444 1449 1450 451 1451 452 452 1451 1448 451 1452 1451 451 1453 1452 1445 1454 1446 1449 1446 1455 1446 1454 1455 1449 1455 1456 1452 455 1451 1452 453 455 1457 1451 455 1448 1451 1457 1456 1455 1458 1455 1459 1458 1455 1460 1459 454 1461 455 454 1462 1461 454 1463 1462 1458 1459 1464 1458 1464 1465 1460 1466 1459 455 1461 1467 1462 1468 1461 1462 458 1468 1462 456 458 1464 1459 1469 1469 1459 1466 1469 1466 460 1464 1469 460 1464 460 459 1468 458 1470 1468 1470 1461 1467 1461 1470 1466 464 460 1470 458 466 462 1471 458 458 1471 467 1471 470 467 1471 471 470 1471 1472 471 471 1472 472 1472 1473 472 476 475 1473 476 474 475 473 472 1474 473 1474 475 1474 1473 475 1474 472 1473 1475 1476 1477 1476 479 1477 1476 477 479 1476 1478 477 1477 479 480 1477 480 482 1477 482 1479 1478 478 477 1479 482 1480 1479 1480 1481 478 487 479 478 1482 487 484 486 489 485 484 489 487 488 486 487 1483 488 1483 1484 488 1483 1485 1484 497 1486 496 497 1487 1486 502 504 1488 502 1488 1489 1490 507 1491 1490 508 507 1491 507 509 1491 509 1492 1492 509 511 1492 511 513 1493 1494 1495 1493 1496 1494 1495 1494 1497 1495 1497 526 1496 1498 1494 1496 530 1498 1496 1499 530 1497 527 526 1497 1494 1500 1497 1501 527 1497 1500 1501 1499 1502 530 1502 528 530 1500 1503 1501 1504 1505 1494 1504 530 1505 1500 1494 1505 1500 1506 1503 1500 1505 1506 527 529 528 1501 1503 1507 527 1507 529 527 1501 1507 1506 1505 1508 1506 1509 1503 1506 1510 1509 1506 1508 1510 1507 1511 529 1507 1503 1512 1503 1509 1512 1507 535 1511 1507 1513 535 1507 1512 1513 530 1514 1505 529 1511 1514 530 529 1514 1508 1505 1515 1514 1515 1505 1514 1511 1515 1508 1515 1510 1513 531 535 1513 1512 1516 1513 532 531 1513 1516 532 1509 1510 538 1509 1517 1512 1509 538 1517 1512 1517 1516 1511 1518 1515 1510 1518 538 1510 1515 1518 1511 535 1518 532 1516 533 1518 534 538 1518 535 534 1517 538 1519 1517 1520 1516 1517 1519 1520 1516 1520 533 536 537 534 536 533 542 536 539 537 536 542 539 1519 548 1520 1519 538 1521 537 1521 538 537 539 541 1519 1521 541 537 541 1521 1519 541 548 533 1522 542 1520 548 547 533 547 1522 533 1520 547 541 540 548 1522 547 546 1522 544 542 1522 1523 544 1522 546 1523 540 545 548 540 543 549 540 550 545 540 1524 550 540 549 1524 1523 546 551 1523 552 544 1523 551 1525 1523 1525 552 1526 575 573 1526 1527 586 1526 586 576 1526 576 575 1528 583 1529 1528 581 583 573 578 1530 582 584 587 582 587 586 578 594 1530 578 580 594 1531 1532 1533 1531 1533 1534 1532 602 1533 1532 600 602 1534 1533 1535 1534 1535 1536 1534 1536 1537 1538 1536 1535 1533 1538 1535 1533 602 1539 1533 1540 1538 1538 1540 1536 1533 1539 1540 1537 1536 1541 1541 1536 603 601 1542 602 602 1542 1539 603 1536 1543 601 603 1543 601 1544 1542 601 1543 1544 1536 1545 1543 1540 1545 1536 1540 1539 1546 1540 1547 1545 1540 1546 1548 1540 1548 1547 1539 1549 1546 1539 1542 1549 1544 1549 1542 1544 1543 1550 1545 1550 1543 1545 1547 1550 1544 1551 1549 1544 1550 1552 1544 1552 1553 1544 1553 1551 1548 1554 1547 1548 1546 1554 1551 1553 1555 1546 1549 1556 1546 1556 1554 1551 1556 1549 1551 1557 1556 1551 1555 1557 1547 1554 1558 1552 1550 1558 1547 1558 1550 1552 604 1553 1552 1558 607 1552 607 604 1555 1559 1557 1560 1553 604 1555 1553 1560 1555 606 1559 1560 604 606 1555 1560 606 1556 1557 608 1556 608 1554 1558 608 607 1558 1554 608 1559 606 1561 1559 1562 1557 1557 1562 608 1559 614 1562 1559 1561 614 1561 610 614 1561 606 1563 1561 611 610 1561 1563 611 1562 1564 608 1562 614 1565 1562 1565 1564 1564 1565 609 1564 609 608 606 605 620 606 620 1563 614 613 1565 605 618 620 1565 613 618 609 1565 618 609 618 605 1563 617 611 1563 621 617 1563 620 621 617 1566 616 617 621 623 617 623 1566 1567 1568 1569 1567 1569 1570 1568 643 1569 1568 644 643 1570 1569 1571 1570 1571 644 645 644 1571 1572 1573 1574 1572 1575 1573 1572 1574 1576 1572 1577 1575 1572 1576 1578 1572 1579 1577 1572 1578 1580 1572 1581 1579 1572 1582 1581 1572 1580 1582 819 821 1583 821 1584 1583 821 1585 1584 1585 1586 1584 1585 1587 1586 1587 1588 1586 1587 1589 1588 816 815 1590 815 1591 1590 1591 1592 1590 1591 1593 1592 1593 1594 1592 1593 1595 1594 826 827 1596 827 1597 1596 1597 1598 1596 1598 1599 1596 1598 1600 1599 1600 1601 1599 942 1602 945 1602 1603 945 1603 1604 945 1603 1605 1604 1605 1606 1604 1605 1607 1606 940 1608 939 1608 1609 939 1608 1610 1609 1610 1611 1609 1610 1612 1611 1612 1613 1611 950 1614 951 1614 1615 951 1614 1616 1615 1614 1617 1616 1617 1618 1616 1617 1619 1618 1004 1007 1620 1007 1621 1620 1007 1009 1622 1007 1622 1621 1623 1624 1625 1626 1627 1628 1629 1630 1631 1632 1633 1634 1632 1635 1633 1634 1633 1636 1635 1637 1633 1635 1638 1637 1635 1639 1638 1636 1633 1640 1633 1637 1640 1636 1640 1641 1636 1641 1642 1641 768 1642 1639 1643 1638 1637 1644 1640 1637 1638 1644 1641 1640 1644 768 1645 769 769 1645 773 1641 1645 768 1641 1644 1646 1641 1646 1645 1643 1647 1638 1643 656 1647 1643 1648 656 1646 1644 1649 1646 1649 1650 1646 1650 1645 1645 1650 773 1638 1651 1644 1638 1647 1651 1644 1651 1649 1648 654 656 1647 1652 1651 1647 656 1653 1647 1653 1652 1649 1654 1650 1650 1654 773 1654 775 773 1652 1653 1655 1652 1655 1651 1649 1651 1655 1649 1655 1654 1653 1656 1655 1653 656 1657 1653 1657 1656 656 655 1657 1654 1658 775 781 776 1658 775 1658 776 1654 1655 1658 1656 1657 1659 1655 1660 1658 1660 782 781 1660 781 1658 1656 1660 1655 1656 1661 1660 1656 1659 1661 1660 1661 782 655 1662 1657 655 657 1662 657 1663 1662 1664 1663 657 1665 785 782 1665 790 785 1659 1665 1661 1661 1665 782 1665 1666 790 1659 1657 1666 1662 1666 1657 1662 1663 1666 1659 1666 1665 1663 1667 1666 790 1666 1667 1668 1669 1670 1669 1671 1670 1669 1672 1671 1670 1671 1673 1673 1671 1672 1670 1673 1674 1675 1676 1677 1676 1678 1677 1676 1679 1678 1679 1680 1681 1680 1682 1681 1680 1683 1682 1684 1685 1686 1685 1687 1686 1688 1689 1690 1689 1691 1690 1692 1693 1694 1693 1695 1694 1696 1697 690 1697 1698 690 1698 688 690 692 1699 693 1700 1701 1702 1701 1703 1702 1704 694 696 698 1705 699 698 1706 1705 1706 1707 1705 1708 1709 1710 1711 1712 1713 1712 1714 1713 1714 1715 1713 1714 1716 1715 1714 1717 1716 1718 1719 1720 1719 1721 1720 1722 1723 1724 1723 1725 1724 1726 700 702 703 1727 701 1727 1728 701 1729 1730 1731 1730 1732 1731 1733 1734 1735 1734 1736 1735 803 1737 807 802 1737 803 802 1738 1737 1738 1739 1737 1739 1740 1737 1739 1741 1740 807 1737 1742 1741 1743 1740 1741 1744 1743 1737 1740 1745 1737 1745 1742 1744 1746 1743 1740 1743 1747 1740 1747 1745 1746 1748 1743 1743 1748 1747 708 715 709 708 705 1749 708 1750 715 708 1749 1750 710 711 1751 705 1752 1749 710 1752 705 710 1751 1753 710 1754 1752 710 1753 1755 710 1755 1754 1749 1752 1756 1750 1749 1756 1750 1757 715 1750 1756 1758 1750 1758 1757 1751 1759 1753 1751 711 1760 711 714 1760 1751 1761 1759 1751 1760 1762 1751 1762 1761 1753 1759 1763 1760 1764 1762 1760 714 1764 1758 1765 1757 1758 1756 1766 1758 1767 1765 1758 1768 1767 1758 1766 1768 1752 1754 1769 1754 1770 1769 1756 1771 1766 1752 1771 1756 1752 1769 1771 1761 1772 1759 1761 1762 1773 1761 1774 1772 1761 1773 1775 1761 1776 1774 1761 1775 1776 1763 1759 1777 1759 1772 1777 1778 1779 1764 1762 1764 1779 1762 1779 1773 1778 1780 1779 1768 1781 1767 1768 1766 1781 1771 1769 1782 1766 1783 1781 1771 1783 1766 1771 1782 1784 1771 1785 1783 1771 1784 1785 1770 1786 1769 1769 1786 1782 1776 1775 1787 1774 1776 1787 1788 1777 1772 1774 1788 1772 1774 1787 1789 1774 1790 1788 1774 1791 1790 1774 1789 1791 1780 1792 1779 1773 1793 1775 1773 1794 1793 1794 1792 1793 1794 1779 1792 1773 1779 1794 1767 1781 1795 1785 1796 1783 1784 1796 1785 1797 1782 1786 1784 1782 1797 1784 1798 1796 1784 1797 1799 1784 1799 1800 1784 1800 1798 1789 1801 1791 1789 1787 1801 1775 1793 1802 1775 1802 1803 1775 1803 1787 1792 1804 1793 1781 1805 1795 1781 1783 1806 1781 1806 1805 1798 1800 1807 1798 1807 1796 1791 1801 1808 1787 1803 1809 1803 1802 1809 1787 1809 1810 1787 1810 1801 1793 1811 1802 1804 1811 1793 1783 1812 1806 1783 1796 1812 1805 1806 1813 1800 1814 1807 1801 1810 1815 1808 1801 1815 1808 1815 1816 1809 1802 1817 1809 1818 1810 1809 1817 1818 1802 1819 1817 1811 1819 1802 1796 1820 1812 1812 1820 1806 1796 1807 1821 1796 1821 1820 1806 1820 1822 1813 1806 1822 1813 1822 1823 1814 1824 1807 1807 1824 1821 1814 1825 1824 1816 1815 1826 1810 1827 1815 1810 1818 1827 1819 1828 1817 1823 1822 1829 1823 1829 1830 1823 1830 1831 1829 1822 1832 1820 1832 1822 1829 1832 1830 1820 1821 1832 1825 1833 1824 1826 1815 1834 1815 1827 1834 1826 1834 1835 1836 1817 1828 1818 1817 1836 1818 1837 1827 1818 1838 1837 1836 1828 1838 1818 1836 1838 1831 1830 1839 1821 1840 1832 1821 1824 1840 1824 1841 1840 1833 1841 1824 1833 1842 1841 1835 1834 1843 1834 1844 1843 1827 1844 1834 1827 1837 1844 1828 1845 1838 1830 1846 1839 1830 1847 1846 1832 1840 1847 1830 1832 1847 1842 1848 1841 1837 1849 1844 1837 1838 1850 1837 1850 1849 1843 1844 1851 1851 1844 1849 1845 1852 1838 1838 1852 1850 1846 1847 1853 1840 1841 1854 1840 1854 1847 1847 1854 1853 1841 1848 1854 1855 1854 1848 1853 1854 1855 1856 1857 1858 1856 1859 1857 1858 1857 1860 1858 1860 1861 1860 1857 1861 1858 1861 1862 1859 1862 1863 1859 1863 1857 1863 1862 1861 1863 1861 1857 1864 1865 725 1864 725 1866 1865 1867 725 1866 725 1868 1867 723 725 1868 725 1869 1869 725 1870 725 1871 1870 724 1871 725 1872 1873 1874 1872 1875 1873 1874 1873 1876 1874 1876 727 1874 727 726 1875 1877 1873 1875 1878 1877 1875 1879 1878 1876 1880 727 1876 1881 1880 1876 1873 1881 1877 1878 1882 1873 1883 1881 1877 1883 1873 1877 1884 1883 1877 1882 1884 1879 731 1878 1879 732 731 1879 1885 732 1880 730 727 1880 1886 730 729 735 1885 1885 735 732 729 728 1887 729 1887 735 1882 1888 1884 1888 1883 1884 1888 1881 1883 1878 731 734 1882 1878 734 1886 734 733 1887 728 1889 1887 1889 735 730 1889 728 736 735 1889 1890 1891 1892 1890 1892 1893 1891 1894 1892 1891 739 1894 1891 737 739 1893 1892 1895 1893 1895 1896 1893 1896 1897 1894 739 1898 1894 1899 1892 1894 1898 1899 1895 1900 1896 1892 1899 1901 1895 1892 1901 1895 1901 1902 1895 1902 1900 1897 1896 742 1897 742 745 1897 745 1903 1898 739 741 1898 741 1904 740 1903 747 1903 745 747 740 747 1905 740 1905 738 1906 1901 1899 1900 1902 1906 1906 1902 1901 1896 743 742 1900 743 1896 1904 744 743 1905 747 1907 1905 1907 738 741 738 1907 747 746 1907 751 753 1908 749 751 1908 749 1908 1909 752 1910 754 752 1911 1910 756 759 3 756 754 1912 754 1910 1912 756 1913 759 756 1912 1913 1909 1908 1914 1911 1915 1910 1915 1912 1910 1915 1913 1912 753 757 1916 1917 1916 1914 1917 1914 1908 753 1917 1908 753 1916 1917 1916 1918 1914 1916 757 763 757 760 763 1916 763 1919 1916 1919 1918 1919 763 762 770 771 1920 771 778 1920 771 772 777 771 777 778 772 36 38 779 44 33 779 780 44 780 66 68 788 789 1921 70 794 71 788 794 70 788 1921 1922 788 1922 794 1922 88 794 1922 87 88 1922 85 87 71 794 83 71 83 82 81 792 1923 809 1924 810 818 820 819 818 1925 820 849 859 875 863 1926 1927 863 1927 1928 889 1929 110 111 110 1929 116 1930 1931 116 1931 1932 896 1933 902 1933 1934 905 1933 1935 1934 904 1936 1937 904 1937 1938 1935 1939 137 1935 1940 1939 1935 916 918 934 1941 1942 934 1942 1943 155 1944 156 943 944 1945 947 949 948 961 1946 962 1947 178 180 964 1948 965 1949 966 968 189 1950 188 189 1951 1950 1951 974 1950 1951 972 974 1952 994 996 1953 997 999 1954 1000 1001 1001 192 1002 1955 1956 1012 1956 1011 1012 1957 1958 1959 1958 1960 1959 1961 203 205 1962 1963 1964 1963 1965 1964 1966 1026 1028 1042 1967 1043 319 1968 315 319 1969 1968 319 1970 1969 320 313 324 320 324 1971 1971 324 1972 1089 1972 324 1973 1091 1093 1974 1975 1976 1975 1977 1976 1487 1978 1486 503 1979 504 1978 1980 1486 1488 504 1981 1981 504 1979 520 523 519 525 517 523 1498 530 1504 1498 1504 1494 1982 1983 1984 1982 1985 1983 1984 1983 1986 1984 1986 573 1984 573 572 1985 1987 1983 1985 1988 1987 1985 1989 1988 1986 1983 1990 1987 1988 1990 1987 1990 1983 1986 1990 573 1989 1991 1988 1990 1526 573 1990 1988 1527 1990 1527 1526 574 573 1992 574 1992 1993 574 1993 1994 1991 1529 1988 1988 1529 1527 1991 1528 1529 1992 1995 1993 1992 1530 1995 1992 573 1530 1993 1995 1996 1994 1993 1996 1527 1529 583 1527 583 586 1995 1997 1996 1995 1530 1997 583 582 586 1530 594 1997 1607 1998 1606 1999 1623 1625 1627 2000 1628 1627 1629 2000 1630 2001 1631 1630 2002 2001 2003 1632 1634 658 1664 657 658 2004 1664 687 2005 685 1709 2006 1710 1755 1770 1754 1755 1753 1763 715 1764 714 715 1778 1764 2007 2008 2009 2008 2010 2009 2011 29 31</p>
        </triangles>
      </mesh>
    </geometry>
    <geometry id="Geometry1" name="mesh_1_Ch_MutoYugi01_obj">
      <mesh>
        <source id="GeometrySource3" name="mesh_1_Ch_MutoYugi01_objPos">
          <float_array id="GeometrySource3-array" count="297">0 10.3549 0.38409 0 10.3771 0.020088 0.492371 10.4417 0.049664 -0.49237 10.4417 0.049664 0.417131 10.3731 0.407887 -0.41713 10.3731 0.407887 0.403874 10.2939 0.495951 -0.403873 10.2939 0.495951 0.216664 10.2043 1.0581 -0.216663 10.2043 1.0581 0 10.1564 1.21881 1.00621 10.6494 0.118717 -1.00621 10.6494 0.118717 0.753378 10.479 0.658381 1.014 10.5846 0.419727 -0.753377 10.479 0.658381 -1.014 10.5846 0.419727 0.484352 10.3615 1.21354 -0.484352 10.3615 1.21354 0 10.3265 1.45401 1.39598 11.0491 0.007817 -1.39598 11.0491 0.007817 -1.12053 10.731 0.91818 -1.40536 11.0343 0.239157 0 10.5311 1.65364 1.12053 10.731 0.91818 1.40536 11.0343 0.239157 -1.27525 11.0848 1.11656 -1.53535 11.4903 0.228042 -0.643294 10.5789 1.42013 0.643295 10.5789 1.42013 -0.90042 11.068 1.64912 0.900421 11.068 1.64912 0 11.068 1.90811 1.27525 11.0848 1.11656 1.53535 11.4903 0.228042 -1.39543 11.5117 0.995089 -1.66015 12.1765 0.301274 0 11.4066 1.73091 1.39543 11.5117 0.995089 1.66015 12.1765 0.301274 -1.20898 11.4854 1.31325 -1.60849 12.546 1.12228 0.916939 11.4066 1.52465 1.20898 11.4854 1.31325 1.60849 12.546 1.12228 -0.916938 11.4066 1.52465 -0.986208 12.7386 1.6775 0.986208 12.7386 1.6775 0 12.6782 1.94039 2.14328 11.4233 -0.074493 2.28976 11.9473 -0.02274 2.22077 11.426 0.074908 2.00311 12.1786 0.001304 1.80579 10.9752 0.114036 1.39598 11.0491 0.007817 1.73747 11.0171 -0.017543 2.31633 11.9106 0.130508 1.40536 11.0343 0.239157 1.96085 12.1544 0.166481 1.66015 12.1765 0.301274 -2.00311 12.1786 0.001304 -1.66015 12.1765 0.301274 -1.39598 11.0491 0.007817 -1.96085 12.1544 0.16648 -2.14328 11.4233 -0.074493 -2.31633 11.9106 0.130508 -2.28976 11.9473 -0.02274 -1.73747 11.0171 -0.017543 -1.40536 11.0343 0.239157 -2.22077 11.426 0.074908 -1.80579 10.9752 0.114035 1.53535 11.4903 0.228042 2.22077 11.426 0.074908 1.96085 12.1544 0.166481 1.80579 10.9752 0.114036 1.66015 12.1765 0.301274 1.40536 11.0343 0.239157 2.31633 11.9106 0.130508 -1.53535 11.4903 0.228042 -1.96085 12.1544 0.16648 -2.22077 11.426 0.074908 -1.66015 12.1765 0.301274 -1.80579 10.9752 0.114035 -1.40536 11.0343 0.239157 -2.31633 11.9106 0.130508 -1.0317 13.132 1.56279 -1.60849 12.546 1.12228 -0.986208 12.7386 1.6775 -0.986208 12.7386 1.6775 0 12.6782 1.94039 1.03352 13.1478 1.55818 0 12.6782 1.94039 0.986208 12.7386 1.6775 0.986208 12.7386 1.6775 1.60849 12.546 1.12228 1.66015 12.1765 0.301274 2.00311 12.1786 0.001304 1.39598 11.0491 0.007817</float_array>
          <technique_common>
            <accessor source="#GeometrySource3-array" count="99" stride="3">
              <param name="X" type="float"/>
              <param name="Y" type="float"/>
              <param name="Z" type="float"/>
            </accessor>
          </technique_common>
        </source>
        <source id="GeometrySource4" name="mesh_1_Ch_MutoYugi01_objNrm">
          <float_array id="GeometrySource4-array" count="297">0 -0.98626 -0.165202 0 -0.993033 -0.117838 0.227928 -0.966761 -0.11585 -0.227928 -0.966761 -0.11585 0.217468 -0.928698 -0.30038 -0.217467 -0.928698 -0.300381 0.289239 -0.950783 -0.111141 -0.289239 -0.950783 -0.11114 0.309858 -0.950241 -0.032096 -0.309858 -0.950241 -0.032096 0 -0.974103 0.226104 0.499638 -0.862433 0.081064 -0.499638 -0.862433 0.081064 0.543798 -0.837024 0.060622 0.61771 -0.786406 0.000613 -0.543798 -0.837024 0.060623 -0.61771 -0.786406 0.000612 0.454105 -0.837226 0.304698 -0.454105 -0.837226 0.304698 0 -0.767609 0.640918 0.699112 -0.621269 0.353931 -0.699113 -0.621269 0.35393 -0.7168 -0.665583 0.207837 -0.729299 -0.505927 0.46061 0 -0.58571 0.810521 0.7168 -0.665583 0.207837 0.729299 -0.505926 0.46061 -0.890002 -0.328265 0.316446 -0.742294 -0.187561 0.643289 -0.474317 -0.641792 0.6026 0.474316 -0.641792 0.6026 -0.454637 -0.06387 0.888384 0.454637 -0.06387 0.888384 0 0.035895 0.999356 0.890002 -0.328265 0.316446 0.742293 -0.187561 0.64329 -0.893764 -0.186022 0.408144 -0.732852 -0.474313 0.487807 0 0.056055 0.998428 0.893764 -0.186022 0.408144 0.732851 -0.474313 0.487808 -0.708709 -0.131564 0.693125 -0.674888 -0.084867 0.733024 0.317919 0.034486 0.94749 0.708709 -0.131564 0.693125 0.674912 -0.084634 0.733028 -0.317919 0.034486 0.94749 -0.462066 -0.053348 0.88524 0.461966 -0.05056 0.885455 0.000282 0.01484 0.99989 0.099991 -0.057886 -0.993303 0.1126 0.157215 -0.981124 0.451785 -0.207892 0.867566 -0.237553 0.306199 -0.921852 0.372501 -0.41618 0.82948 0.699112 -0.621269 0.353931 0.160142 -0.689716 -0.706149 0.411911 -0.001567 0.911223 0.729299 -0.505926 0.46061 0.280667 0.088825 0.955686 0.732851 -0.474313 0.487808 0.237553 0.306199 -0.921852 -0.732852 -0.474313 0.487807 -0.699113 -0.621269 0.35393 -0.280668 0.088825 0.955686 -0.099991 -0.057886 -0.993303 -0.411912 -0.001567 0.911222 -0.112599 0.157215 -0.981124 -0.160142 -0.689715 -0.70615 -0.729299 -0.505927 0.46061 -0.451786 -0.207892 0.867566 -0.372501 -0.41618 0.82948 0.742293 -0.187561 0.64329 0.451785 -0.207892 0.867566 0.280667 0.088825 0.955686 0.372501 -0.41618 0.82948 0.732851 -0.474313 0.487808 0.729299 -0.505926 0.46061 0.411911 -0.001567 0.911223 -0.742294 -0.187561 0.643289 -0.280668 0.088825 0.955686 -0.451786 -0.207892 0.867566 -0.732852 -0.474313 0.487807 -0.372501 -0.41618 0.82948 -0.729299 -0.505927 0.46061 -0.411912 -0.001567 0.911222 -0.475481 0.195116 0.857816 -0.674888 -0.084867 0.733024 -0.462066 -0.053348 0.88524 -0.462066 -0.053348 0.88524 0.000282 0.01484 0.99989 0.486714 0.147082 0.86109 0.000282 0.01484 0.99989 0.461966 -0.05056 0.885455 0.461966 -0.05056 0.885455 0.674912 -0.084634 0.733028 0.732851 -0.474313 0.487808 -0.237553 0.306199 -0.921852 0.699112 -0.621269 0.353931</float_array>
          <technique_common>
            <accessor source="#GeometrySource4-array" count="99" stride="3">
              <param name="X" type="float"/>
              <param name="Y" type="float"/>
              <param name="Z" type="float"/>
            </accessor>
          </technique_common>
        </source>
        <source id="GeometrySource5" name="mesh_1_Ch_MutoYugi01_objUV">
          <float_array id="GeometrySource5-array" count="198">0.5 0.660746 0.5 0.665278 0.924836 0.719558 0.075164 0.719558 0.599785 0.669064 0.400215 0.669064 0.596613 0.67121 0.403387 0.67121 0.551829 0.665112 0.448171 0.665112 0.5 0.65923 0.95556 0.742033 0.044439 0.742033 0.680221 0.678244 0.742565 0.691458 0.31978 0.689511 0.257435 0.691458 0.615865 0.68475 0.384135 0.68475 0.5 0.67748 0.979644 0.795116 0.020356 0.795116 0.241588 0.719302 0.09762 0.793297 0.5 0.719771 0.758412 0.719302 0.902379 0.793297 0.191453 0.785843 0.067961 0.828047 0.332869 0.719335 0.667131 0.719335 0.276233 0.783028 0.723767 0.783028 0.5 0.783028 0.808547 0.785843 0.932039 0.828047 0.16619 0.836316 0.030021 0.931261 0.5 0.823406 0.83381 0.836316 0.969979 0.931261 0.202421 0.833089 0.115223 0.971509 0.727718 0.823406 0.797579 0.833089 0.884777 0.971509 0.272282 0.823406 0.255711 0.992485 0.744289 0.992485 0.5 0.985068 1.04995 0.739003 1.03655 0.777861 1.03902 0.73921 1.05112 0.795005 1.10541 0.70578 1.15007 0.711261 1.11474 0.708889 1.03289 0.775135 1.13853 0.710163 1.05747 0.79616 1.10265 0.79956 1.05112 0.795005 1.10265 0.79956 1.15007 0.711261 1.05747 0.79616 1.04995 0.739003 1.03289 0.775135 1.03655 0.777861 1.11474 0.708889 1.13853 0.710163 1.03902 0.73921 1.10541 0.70578 0.876429 0.56358 0.959458 0.561413 0.929961 0.612458 0.908123 0.526998 0.888189 0.619573 0.867605 0.5239 0.956864 0.593646 0.876429 0.56358 0.929961 0.612458 0.959458 0.561413 0.888189 0.619573 0.908123 0.526998 0.867605 0.5239 0.956864 0.593646 0.89083 0.706305 0.89083 0.805525 0.79161 0.706305 0.89083 0.805525 0.79161 0.706305 0.907803 0.787589 0.835339 0.715125 0.907803 0.715125 0.835339 0.715125 0.907803 0.715125 1.90323 0.805842 1.9662 0.800276 1.84528 0.697937</float_array>
          <technique_common>
            <accessor source="#GeometrySource5-array" count="99" stride="2">
              <param name="S" type="float"/>
              <param name="T" type="float"/>
            </accessor>
          </technique_common>
        </source>
        <vertices id="Geometry1-vertices">
          <input semantic="POSITION" source="#GeometrySource3"/>
          <input semantic="NORMAL" source="#GeometrySource4"/>
          <input semantic="TEXCOORD" source="#GeometrySource5"/>
        </vertices>
        <triangles material="VisualMaterial10" count="120">
          <input semantic="VERTEX" source="#Geometry1-vertices" offset="0"/>
          <p>0 1 2 0 3 1 0 2 4 0 5 3 0 4 6 0 7 5 0 6 8 0 9 7 0 8 10 0 10 9 2 11 4 3 5 12 6 13 8 6 14 13 4 11 14 6 4 14 7 9 15 5 16 12 7 16 5 7 15 16 10 8 17 8 13 17 10 18 9 9 18 15 10 17 19 10 19 18 11 20 14 16 21 12 16 15 22 15 18 22 16 22 23 16 23 21 19 17 24 19 24 18 13 14 25 13 25 17 20 26 14 14 26 25 23 22 27 23 27 28 24 29 18 22 18 29 24 17 30 30 17 25 22 29 31 24 31 29 22 31 27 24 30 32 30 25 32 24 32 33 24 33 31 25 34 32 26 34 25 26 35 34 28 27 36 28 36 37 33 32 38 33 38 31 35 39 34 35 40 39 27 41 36 27 31 41 36 41 42 37 36 42 32 43 38 32 44 43 34 39 44 32 34 44 40 45 39 39 45 44 31 38 46 31 46 41 46 38 47 46 47 41 42 41 47 44 45 48 43 44 48 43 48 38 49 38 48 47 38 49 50 51 52 50 53 51 50 52 54 50 55 53 50 54 56 50 56 55 51 53 57 51 57 52 56 58 55 54 58 56 53 59 57 53 60 59 61 62 63 61 64 62 61 63 65 61 66 64 61 67 66 61 65 67 63 68 65 63 69 68 67 70 66 67 65 70 71 70 65 71 65 68 69 71 68 72 73 74 72 75 73 72 74 76 72 77 75 73 78 74 79 80 81 79 82 80 79 81 83 79 83 84 80 85 81 86 87 88 86 89 90 91 92 93 91 94 95 96 97 98</p>
        </triangles>
      </mesh>
    </geometry>
  </library_geometries>
  <library_controllers>
    <controller id="Controller">
      <skin source="#Geometry">
        <bind_shape_matrix>1 0 0 0 0 1 0 0 0 0 1 0 0 0 0 1</bind_shape_matrix>
        <source id="Controller-joints">
          <Name_array id="Controller-joints-array" count="27">LeftToeBase LeftFoot LeftLeg LeftUpLeg RightToeBase RightFoot RightLeg RightUpLeg Chain02 Chain01 LeftFinger LeftHand LeftForeArm LeftArm LeftShoulder hair Head Neck RightFinger RightHand RightForeArm RightArm RightShoulder Spine1 Spine Hips root</Name_array>
          <technique_common>
            <accessor source="#Controller-joints-array" count="27" stride="1">
              <param name="JOINT" type="Name"/>
            </accessor>
          </technique_common>
        </source>
        <source id="Controller-bind_poses">
          <float_array id="Controller-bind_poses-array" count="432">1 0 -0.00019 -0.690158 0 1 0 -0.493354 0.00019 0 1 -1.025 0 0 0 1 1 0 0 -0.688586 0 1 0 -1.57868 0 0 1 -0.225607 0 0 0 1 1 0 0 -0.688586 0 1 0 -3.21733 0 0 1 -0.225607 0 0 0 1 1 0 0 -0.688586 0 1 0 -5.5443 0 0 1 -0.345082 0 0 0 1 1 0 -0.00019 0.690547 0 1 0 -0.493352 0.00019 0 1 -1.02048 0 0 0 1 1 0 0 0.688586 0 1 0 -1.57868 0 0 1 -0.225607 0 0 0 1 1 0 0 0.688586 0 1 0 -3.21733 0 0 1 -0.225607 0 0 0 1 1 0 0 0.688586 0 1 0 -5.5443 0 0 1 -0.345082 0 0 0 1 1 0 0 0 0 1 0 -7.70632 0 0 1 -1.87638 0 0 0 1 1 0 0 0 0 1 0 -9.60064 0 0 1 -1.07624 0 0 0 1 1 0 0 -6.20971 0 1 0 -9.57562 0 0 1 -0.021956 0 0 0 1 1 0 0 -5.30726 0 1 0 -9.57562 0 0 1 -0.021956 0 0 0 1 1 0 0 -3.22726 0 1 0 -9.57562 0 0 1 -0.021956 0 0 0 1 1 0 0 -1.45581 0 1 0 -9.57562 0 0 1 -0.021956 0 0 0 1 1 0 0 -0.894124 0 1 0 -9.63958 0 0 1 -0.021956 0 0 0 1 1 0 0 0 0 1 0 -13.3552 0 0 1 0.643331 0 0 0 1 1 0 0 0 0 1 0 -10.7189 0 0 1 -0.243879 0 0 0 1 1 0 0 0 0 1 0 -10.0018 0 0 1 -0.091878 0 0 0 1 1 0 0 6.29628 0 1 0 -9.57561 0 0 1 -0.021956 0 0 0 1 1 0 0 5.30726 0 1 0 -9.57561 0 0 1 -0.021956 0 0 0 1 1 0 0 3.22726 0 1 0 -9.57561 0 0 1 -0.021956 0 0 0 1 1 0 0 1.45581 0 1 0 -9.57561 0 0 1 -0.021956 0 0 0 1 1 0 0 0.894123 0 1 0 -9.63957 0 0 1 -0.021956 0 0 0 1 1 0 0 0 0 1 0 -8.16894 0 0 1 -0.418967 0 0 0 1 1 0 0 0 0 1 0 -6.96764 0 0 1 -0.399888 0 0 0 1 1 0 0 0 0 1 0 -6.50883 0 0 1 -0.397268 0 0 0 1 1 0 0 0 0 1 0 0 0 0 1 0 0 0 0 1</float_array>
          <technique_common>
            <accessor source="#Controller-bind_poses-array" count="27" stride="16">
              <param name="TRANSFORM" type="float4x4"/>
            </accessor>
          </technique_common>
        </source>
        <source id="Controller-weights">
          <float_array id="Controller-weights-array" count="3031">1 0.4 0.6 0.5 0.5 0.02 0.87 0.11 0.26 0.14 0.6 0.2 0.2 0.6 0.01 0.06 0.91 0.02 0.2 0.32 0.48 0.26 0.71 0.03 0.25 0.75 0.25 0.75 0.59 0.41 0.38 0.62 0.54 0.46 0.61 0.39 0.47 0.53 0.5 0.5 0.6 0.4 0.01 0.49 0.5 0.26 0.71 0.03 0.67 0.33 0.39 0.61 0.6 0.4 0.47 0.53 0.54 0.46 0.5 0.5 0.87 0.12 0.01 0.59 0.41 0.04 0.7 0.26 0.42 0.58 0.5 0.5 0.55 0.45 0.73 0.27 0.2 0.8 0.5 0.5 0.55 0.45 0.5 0.5 0.38 0.62 0.2 0.36 0.44 0.47 0.53 0.55 0.45 0.1 0.45 0.45 0.48 0.52 0.2 0.8 0.49 0.51 0.55 0.45 0.6 0.4 0.62 0.38 0.42 0.58 0.42 0.58 0.48 0.52 0.28 0.72 0.6 0.4 0.28 0.72 0.55 0.45 0.28 0.72 0.2 0.36 0.44 0.87 0.12 0.01 0.72 0.28 0.8 0.2 0.99 0.01 0.8 0.2 0.8 0.2 0.8 0.2 0.87 0.12 0.01 0.67 0.33 0.6 0.4 0.67 0.33 0.2 0.8 0.5 0.5 0.48 0.52 0.5 0.5 0.53 0.47 0.82 0.18 0.99 0.01 0.9 0.1 0.02 0.98 0.4 0.6 0.05 0.15 0.8 0.04 0.16 0.8 0.4 0.6 0.04 0.16 0.8 0.5 0.5 0.8 0.2 0.8 0.2 0.8 0.2 0.8 0.2 0.8 0.2 0.8 0.2 0.8 0.2 0.8 0.2 0.8 0.2 0.8 0.2 0.8 0.2 0.8 0.2 0.8 0.2 0.8 0.2 0.8 0.2 0.8 0.2 0.8 0.2 0.8 0.2 0.8 0.2 0.8 0.2 0.8 0.2 0.8 0.2 0.8 0.2 0.8 0.2 0.8 0.2 0.8 0.2 0.8 0.2 0.8 0.2 0.8 0.2 0.5 0.5 0.5 0.5 0.5 0.5 0.5 0.5 0.8 0.2 0.5 0.5 0.5 0.5 0.5 0.5 0.5 0.5 0.5 0.5 0.5 0.5 0.8 0.2 0.8 0.2 0.5 0.5 0.5 0.5 0.5 0.5 0.5 0.5 0.8 0.2 0.8 0.2 0.8 0.2 0.8 0.2 0.8 0.2 0.8 0.2 0.8 0.2 0.8 0.2 0.5 0.5 0.8 0.2 0.8 0.2 0.5 0.5 0.4 0.6 0.4 0.6 0.04 0.16 0.8 0.04 0.16 0.8 0.56 0.44 0.22 0.77 0.01 0.66 0.34 0.04 0.7 0.26 0.2 0.8 0.32 0.68 0.5 0.5 0.52 0.48 0.5 0.5 0.02 0.98 0.5 0.5 0.5 0.5 0.7 0.3 0.08 0.92 0.41 0.59 0.3 0.7 0.3 0.7 0.4 0.6 0.05 0.15 0.8 0.4 0.6 0.4 0.6 0.06 0.14 0.8 0.4 0.6 0.5 0.5 0.4 0.6 0.2 0.8 0.5 0.5 0.67 0.33 0.5 0.5 0.5 0.5 0.7 0.3 0.5 0.5 0.08 0.92 0.3 0.7 0.16 0.84 0.5 0.5 0.6 0.4 0.7 0.3 0.7 0.3 0.7 0.3 0.47 0.3 0.23 0.9 0.1 0.9 0.1 0.61 0.36 0.03 0.7 0.3 0.7 0.3 0.7 0.3 0.7 0.3 0.7 0.3 0.7 0.3 0.7 0.3 0.7 0.3 0.9 0.1 0.46 0.54 0.9 0.1 0.5 0.5 0.6 0.4 0.5 0.5 0.5 0.5 0.6 0.4 0.8 0.1 0.1 0.61 0.36 0.03 0.7 0.3 0.7 0.3 0.47 0.53 0.28 0.72 0.19 0.81 0.64 0.36 0.48 0.52 0.5 0.5 0.47 0.53 0.28 0.72 0.64 0.36 0.19 0.81 0.5 0.5 0.48 0.52 0.4 0.6 0.04 0.16 0.8 0.05 0.15 0.8 0.05 0.15 0.8 0.05 0.15 0.8 0.05 0.15 0.8 0.4 0.6 0.06 0.14 0.8 0.05 0.15 0.8 0.4 0.6 0.4 0.6 0.06 0.14 0.8 0.4 0.6 0.4 0.6 0.07 0.13 0.8 0.75 0.25 0.5 0.5 0.02 0.98 0.5 0.5 0.2 0.8 0.3 0.4 0.3 0.1 0.54 0.36 0.01 0.49 0.5 0.03 0.97 0.45 0.55 0.3 0.7 0.35 0.65 0.02 0.98 0.38 0.62 0.2 0.32 0.48 0.2 0.32 0.48 0.3 0.7 0.03 0.97 0.56 0.44 0.45 0.55 0.2 0.8 0.45 0.55 0.53 0.47 0.1 0.54 0.36 0.3 0.4 0.3 0.5 0.5 0.61 0.39 0.5 0.5 0.6 0.4 0.02 0.98 0.46 0.54 0.39 0.61 0.53 0.45 0.02 0.53 0.47 0.66 0.34 0.53 0.45 0.02 0.6 0.4 0.3 0.7 0.34 0.66 0.2 0.36 0.44 0.2 0.41 0.39 0.2 0.36 0.44 0.3 0.7 0.42 0.58 0.2 0.36 0.44 0.42 0.58 0.48 0.52 0.62 0.38 0.4 0.6 0.48 0.52 0.47 0.53 0.48 0.52 0.1 0.45 0.45 0.4 0.6 0.3 0.4 0.3 0.5 0.5 0.42 0.58 0.62 0.38 0.2 0.36 0.44 0.3 0.7 0.47 0.53 0.47 0.53 0.28 0.72 0.48 0.52 0.42 0.58 0.59 0.41 0.55 0.45 0.31 0.69 0.5 0.5 0.39 0.61 0.2 0.8 0.09 0.91 0.05 0.95 0.31 0.69 0.5 0.5 0.62 0.38 0.6 0.4 0.22 0.78 0.47 0.53 0.55 0.45 0.2 0.4 0.4 0.39 0.61 0.62 0.38 0.2 0.17 0.63 0.39 0.61 0.62 0.38 0.39 0.61 0.48 0.52 0.66 0.34 0.6 0.4 0.59 0.41 0.47 0.53 0.47 0.53 0.2 0.4 0.4 0.5 0.5 0.5 0.5 0.43 0.57 0.2 0.17 0.63 0.43 0.57 0.47 0.53 0.48 0.52 0.61 0.39 0.66 0.34 0.04 0.7 0.26 0.72 0.28 0.61 0.39 0.5 0.5 0.38 0.62 0.73 0.27 0.47 0.53 0.2 0.17 0.63 0.5 0.5 0.28 0.72 0.5 0.5 0.28 0.72 0.59 0.41 0.5 0.5 0.5 0.5 0.5 0.5 0.5 0.5 0.2 0.36 0.44 0.61 0.39 0.72 0.28 0.5 0.5 0.5 0.5 0.49 0.51 0.17 0.33 0.5 0.17 0.33 0.5 0.47 0.53 0.43 0.57 0.55 0.45 0.47 0.53 0.4 0.12 0.48 0.4 0.12 0.48 0.39 0.61 0.39 0.61 0.31 0.69 0.48 0.52 0.43 0.57 0.05 0.95 0.09 0.91 0.2 0.8 0.39 0.61 0.47 0.53 0.62 0.38 0.39 0.61 0.39 0.61 0.17 0.33 0.5 0.62 0.38 0.56 0.44 0.48 0.52 0.47 0.53 0.25 0.75 0.56 0.44 0.48 0.52 0.1 0.45 0.45 0.42 0.58 0.62 0.38 0.48 0.52 0.4 0.6 0.48 0.52 0.47 0.53 0.48 0.52 0.4 0.6 0.1 0.45 0.45 0.3 0.4 0.3 0.5 0.5 0.42 0.58 0.2 0.36 0.44 0.62 0.38 0.3 0.7 0.47 0.53 0.47 0.53 0.38 0.62 0.25 0.75 0.25 0.75 0.25 0.75 0.6 0.4 0.79 0.21 0.02 0.79 0.19 0.6 0.4 0.04 0.7 0.26 0.72 0.28 0.83 0.17 0.56 0.44 0.53 0.47 0.99 0.01 0.53 0.47 0.99 0.01 0.92 0.08 0.66 0.34 0.56 0.44 0.99 0.01 0.48 0.52 0.99 0.01 0.8 0.2 0.8 0.2 0.8 0.2 0.8 0.2 0.8 0.2 0.92 0.08 0.48 0.52 0.99 0.01 0.66 0.34 0.49 0.51 0.39 0.61 0.35 0.65 0.35 0.65 0.26 0.74 0.4 0.12 0.48 0.8 0.2 0.2 0.53 0.27 0.04 0.96 0.07 0.93 0.4 0.6 0.38 0.62 0.26 0.74 0.4 0.6 0.2 0.8 0.4 0.6 0.57 0.43 0.8 0.2 0.8 0.2 0.5 0.5 0.38 0.62 0.26 0.74 0.6 0.4 0.6 0.4 0.03 0.26 0.69 0.02 0.6 0.4 0.9 0.1 0.97 0.03 0.96 0.04 0.82 0.18 0.05 0.95 0.07 0.93 0.82 0.18 0.73 0.27 0.05 0.95 0.03 0.97 0.03 0.97 0.73 0.27 0.01 0.99 0.56 0.44 0.05 0.95 0.02 0.98 0.56 0.44 0.01 0.8 0.19 0.05 0.95 0.39 0.61 0.15 0.85 0.35 0.65 0.23 0.77 0.35 0.65 0.23 0.77 0.26 0.74 0.23 0.77 0.2 0.8 0.09 0.91 0.39 0.61 0.15 0.85 0.07 0.93 0.05 0.95 0.15 0.85 0.23 0.77 0.05 0.95 0.03 0.97 0.23 0.77 0.23 0.77 0.23 0.77 0.03 0.97 0.12 0.88 0.01 0.99 0.12 0.88 0.01 0.99 0.05 0.95 0.02 0.98 0.05 0.95 0.02 0.98 0.09 0.91 0.05 0.95 0.05 0.95 0.07 0.93 0.09 0.91 0.15 0.85 0.01 0.99 0.23 0.77 0.12 0.88 0.26 0.74 0.22 0.78 0.12 0.88 0.05 0.95 0.22 0.78 0.31 0.69 0.06 0.14 0.8 0.07 0.13 0.8 0.35 0.65 0.39 0.61 0.5 0.5 0.39 0.61 0.35 0.65 0.15 0.85 0.23 0.77 0.35 0.65 0.26 0.74 0.23 0.77 0.23 0.77 0.2 0.8 0.39 0.61 0.09 0.91 0.15 0.85 0.23 0.77 0.05 0.95 0.15 0.85 0.07 0.93 0.23 0.77 0.03 0.97 0.23 0.77 0.05 0.95 0.23 0.77 0.12 0.88 0.03 0.97 0.01 0.99 0.12 0.88 0.05 0.95 0.01 0.99 0.02 0.98 0.05 0.95 0.09 0.91 0.02 0.98 0.05 0.95 0.15 0.85 0.07 0.93 0.09 0.91 0.05 0.95 0.22 0.78 0.12 0.88 0.26 0.74 0.23 0.77 0.31 0.69 0.05 0.95 0.22 0.78 0.12 0.88 0.05 0.95 0.65 0.35 0.07 0.93 0.57 0.43 0.03 0.97 0.8 0.2 0.05 0.95 0.65 0.35 0.03 0.97 0.01 0.99 0.8 0.2 0.86 0.14 0.01 0.99 0.02 0.98 0.86 0.14 0.64 0.36 0.02 0.98 0.05 0.95 0.64 0.36 0.57 0.43 0.07 0.93 0.57 0.43 0.05 0.95 0.57 0.43 0.8 0.2 0.8 0.2 0.8 0.2 0.8 0.2 0.8 0.2 0.8 0.2 0.8 0.2 0.8 0.2 0.8 0.2 0.8 0.2 0.8 0.2 0.8 0.2 0.8 0.2 0.8 0.2 0.8 0.2 0.8 0.2 0.8 0.2 0.8 0.2 0.8 0.2 0.8 0.2 0.8 0.2 0.8 0.2 0.8 0.2 0.8 0.2 0.8 0.2 0.8 0.2 0.8 0.2 0.8 0.2 0.8 0.2 0.8 0.2 0.8 0.2 0.8 0.2 0.8 0.2 0.8 0.2 0.8 0.2 0.8 0.2 0.8 0.2 0.8 0.2 0.8 0.2 0.8 0.2 0.8 0.2 0.8 0.2 0.8 0.2 0.8 0.2 0.8 0.2 0.8 0.2 0.8 0.2 0.8 0.2 0.8 0.2 0.8 0.2 0.8 0.2 0.8 0.2 0.8 0.2 0.8 0.2 0.8 0.2 0.8 0.2 0.8 0.2 0.8 0.2 0.8 0.2 0.8 0.2 0.8 0.2 0.8 0.2 0.8 0.2 0.8 0.2 0.8 0.2 0.8 0.2 0.8 0.2 0.8 0.2 0.8 0.2 0.8 0.2 0.8 0.2 0.8 0.2 0.8 0.2 0.8 0.2 0.8 0.2 0.8 0.2 0.8 0.2 0.8 0.2 0.8 0.2 0.8 0.2 0.8 0.2 0.8 0.2 0.8 0.2 0.8 0.2 0.8 0.2 0.8 0.2 0.8 0.2 0.8 0.2 0.8 0.2 0.8 0.2 0.8 0.2 0.8 0.2 0.8 0.2 0.8 0.2 0.8 0.2 0.8 0.2 0.8 0.2 0.8 0.2 0.8 0.2 0.8 0.2 0.8 0.2 0.8 0.2 0.8 0.2 0.8 0.2 0.8 0.2 0.8 0.2 0.8 0.2 0.8 0.2 0.8 0.2 0.8 0.2 0.8 0.2 0.8 0.2 0.8 0.2 0.8 0.2 0.8 0.2 0.8 0.2 0.8 0.2 0.8 0.2 0.8 0.2 0.8 0.2 0.8 0.2 0.8 0.2 0.8 0.2 0.8 0.2 0.8 0.2 0.8 0.2 0.8 0.2 0.8 0.2 0.8 0.2 0.8 0.2 0.8 0.2 0.8 0.2 0.8 0.2 0.8 0.2 0.8 0.2 0.8 0.2 0.8 0.2 0.8 0.2 0.8 0.2 0.8 0.2 0.8 0.2 0.8 0.2 0.8 0.2 0.8 0.2 0.8 0.2 0.8 0.2 0.8 0.2 0.8 0.2 0.8 0.2 0.8 0.2 0.8 0.2 0.8 0.2 0.8 0.2 0.8 0.2 0.8 0.2 0.8 0.2 0.8 0.2 0.8 0.2 0.8 0.2 0.8 0.2 0.8 0.2 0.8 0.2 0.8 0.2 0.8 0.2 0.8 0.2 0.8 0.2 0.8 0.2 0.8 0.2 0.8 0.2 0.8 0.2 0.8 0.2 0.8 0.2 0.8 0.2 0.8 0.2 0.8 0.2 0.8 0.2 0.8 0.2 0.8 0.2 0.8 0.2 0.8 0.2 0.8 0.2 0.8 0.2 0.8 0.2 0.8 0.2 0.8 0.2 0.8 0.2 0.8 0.2 0.8 0.2 0.8 0.2 0.8 0.2 0.8 0.2 0.8 0.2 0.8 0.2 0.8 0.2 0.8 0.2 0.8 0.2 0.8 0.2 0.8 0.2 0.8 0.2 0.8 0.2 0.8 0.2 0.8 0.2 0.8 0.2 0.8 0.2 0.8 0.2 0.8 0.2 0.8 0.2 0.8 0.2 0.8 0.2 0.8 0.2 0.8 0.2 0.8 0.2 0.8 0.2 0.8 0.2 0.8 0.2 0.8 0.2 0.8 0.2 0.8 0.2 0.8 0.2 0.8 0.2 0.8 0.2 0.8 0.2 0.8 0.2 0.8 0.2 0.8 0.2 0.8 0.2 0.88 0.12 0.8 0.2 0.8 0.2 0.8 0.2 0.88 0.12 0.8 0.2 0.8 0.2 0.8 0.2 0.8 0.2 0.8 0.2 0.8 0.2 0.8 0.2 0.8 0.2 0.8 0.2 0.8 0.2 0.8 0.2 0.8 0.2 0.8 0.2 0.8 0.2 0.8 0.2 0.8 0.2 0.8 0.2 0.8 0.2 0.8 0.2 0.8 0.2 0.8 0.2 0.8 0.2 0.8 0.2 0.8 0.2 0.8 0.2 0.8 0.2 0.8 0.2 0.8 0.2 0.8 0.2 0.8 0.2 0.8 0.2 0.8 0.2 0.8 0.2 0.8 0.2 0.5 0.5 0.8 0.2 0.5 0.5 0.5 0.5 0.5 0.5 0.5 0.5 0.8 0.2 0.5 0.5 0.5 0.5 0.5 0.5 0.5 0.5 0.5 0.5 0.5 0.5 0.5 0.5 0.5 0.5 0.5 0.5 0.5 0.5 0.7 0.3 0.5 0.5 0.5 0.5 0.5 0.5 0.8 0.2 0.5 0.5 0.5 0.5 0.5 0.5 0.5 0.5 0.8 0.2 0.5 0.5 0.5 0.5 0.5 0.5 0.5 0.5 0.5 0.5 0.5 0.5 0.5 0.5 0.5 0.5 0.5 0.5 0.5 0.5 0.5 0.5 0.5 0.5 0.8 0.2 0.8 0.2 0.8 0.2 0.5 0.5 0.5 0.5 0.5 0.5 0.7 0.3 0.5 0.5 0.5 0.5 0.5 0.5 0.5 0.5 0.5 0.5 0.05 0.15 0.8 0.06 0.14 0.8 0.06 0.14 0.8 0.07 0.13 0.8 0.38 0.62 0.25 0.75 0.25 0.75 0.47 0.53 0.5 0.5 0.54 0.46 0.6 0.4 0.5 0.5 0.55 0.35 0.1 0.39 0.61 0.35 0.65 0.39 0.61 0.61 0.39 0.15 0.85 0.8 0.2 0.27 0.73 0.23 0.77 0.09 0.91 0.24 0.76 0.06 0.94 0.03 0.97 0.05 0.95 0.07 0.93 0.05 0.95 0.23 0.77 0.13 0.87 0.8 0.2 0.8 0.2 0.01 0.99 0.5 0.5 0.5 0.5 0.5 0.5 0.33 0.67 0.16 0.84 0.4 0.6 0.05 0.15 0.8 0.4 0.6 0.07 0.13 0.8 0.06 0.14 0.8 0.47 0.53 0.54 0.46 0.5 0.5 0.6 0.4 0.54 0.36 0.1 0.5 0.5 0.39 0.61 0.8 0.2 0.35 0.65 0.27 0.73 0.61 0.39 0.4 0.6 0.32 0.68 0.09 0.91 0.23 0.77 0.24 0.76 0.13 0.87 0.24 0.76 0.15 0.85 0.05 0.95 0.07 0.93 0.02 0.98 0.05 0.95 0.03 0.97 0.8 0.2 0.06 0.94 0.8 0.2 0.01 0.99 0.5 0.5 0.52 0.48 0.3 0.7 0.5 0.5 0.33 0.67 0.5 0.5 0.41 0.59 0.35 0.65 0.5 0.5 0.48 0.52 0.5 0.5 0.7 0.3 0.7 0.3 0.7 0.3 0.7 0.3 0.7 0.3 0.7 0.3 0.7 0.3 0.7 0.3 0.7 0.3 0.7 0.3 0.7 0.3 0.48 0.52 0.5 0.5 0.7 0.3 0.51 0.49 0.7 0.3 0.4 0.3 0.3 0.7 0.3 0.5 0.5 0.5 0.5 0.5 0.5 0.51 0.49 0.7 0.3 0.4 0.3 0.3 0.49 0.51 0.5 0.5 0.5 0.5 0.5 0.5 0.7 0.3 0.7 0.3 0.48 0.52 0.5 0.5 0.7 0.3 0.51 0.49 0.7 0.3 0.4 0.3 0.3 0.5 0.5 0.5 0.5 0.5 0.5 0.51 0.49 0.7 0.3 0.4 0.3 0.3 0.49 0.51 0.5 0.5 0.5 0.5 0.5 0.5 0.7 0.3 0.7 0.3 0.9 0.1 0.7 0.3 0.4 0.3 0.3 0.6 0.4 0.6 0.4 0.4 0.3 0.3 0.7 0.3 0.5 0.5 0.4 0.3 0.3 0.7 0.3 0.6 0.4 0.7 0.3 0.7 0.3 0.7 0.3 0.7 0.3 0.7 0.3 0.7 0.3 0.69 0.31 0.52 0.48 0.5 0.5 0.7 0.3 0.76 0.24 0.5 0.5 0.4 0.6 0.49 0.51 0.7 0.3 0.69 0.31 0.49 0.51 0.38 0.62 0.5 0.5 0.5 0.5 0.5 0.5 0.46 0.54 0.49 0.51 0.49 0.51 0.5 0.5 0.45 0.55 0.49 0.51 0.46 0.54 0.38 0.62 0.52 0.48 0.7 0.3 0.7 0.3 0.4 0.6 0.5 0.5 0.7 0.3 0.69 0.31 0.7 0.3 0.76 0.24 0.69 0.31 0.5 0.5 0.7 0.3 0.69 0.31 0.7 0.3 0.7 0.3 0.69 0.31 0.7 0.3 0.5 0.5 0.7 0.3 0.7 0.3 0.69 0.31 0.7 0.3 0.7 0.3 0.7 0.3 0.7 0.3 0.7 0.3 0.7 0.3 0.7 0.3 0.7 0.3 0.7 0.3 0.7 0.3 0.7 0.3 0.7 0.3 0.7 0.3 0.7 0.3 0.7 0.3 0.7 0.3 0.7 0.3 0.7 0.3 0.7 0.3 0.7 0.3 0.7 0.3 0.7 0.3 0.7 0.3 0.7 0.3 0.7 0.3 0.47 0.3 0.23 0.7 0.3 0.47 0.53 0.46 0.54 0.9 0.1 0.9 0.1 0.5 0.5 0.5 0.5 0.6 0.4 0.7 0.3 0.8 0.2 0.59 0.41 0.6 0.4 0.8 0.2 0.7 0.3 0.64 0.36 0.47 0.53 0.5 0.5 0.5 0.5 0.59 0.41 0.5 0.5 0.8 0.2 0.6 0.4 0.64 0.36 0.8 0.2 0.5 0.5 0.6 0.4 0.45 0.55 0.47 0.53 0.49 0.51 0.49 0.51 0.5 0.5 0.47 0.53 0.5 0.5 0.7 0.3 0.49 0.51 0.69 0.31 0.5 0.5 0.7 0.3 0.32 0.68 0.36 0.64 0.19 0.81 0.19 0.81 0.31 0.69 0.31 0.69 0.8 0.1 0.1 0.71 0.29 0.37 0.63 0.8 0.2 0.76 0.24 0.32 0.68 0.66 0.34 0.71 0.29 0.37 0.63 0.36 0.64 0.8 0.2 0.55 0.45 0.8 0.2 0.8 0.2 0.76 0.24 0.37 0.63 0.66 0.34 0.57 0.43 0.55 0.45 0.5 0.5 0.5 0.5 0.5 0.5 0.8 0.2 0.37 0.63 0.8 0.2 0.8 0.2 0.5 0.5 0.57 0.43 0.5 0.5 0.5 0.5 0.5 0.5 0.8 0.2 0.21 0.79 0.8 0.2 0.37 0.63 0.5 0.5 0.2 0.8 0.8 0.2 0.5 0.5 0.8 0.2 0.5 0.5 0.21 0.79 0.8 0.2 0.37 0.63 0.5 0.5 0.2 0.8 0.6 0.4 0.2 0.8 0.41 0.59 0.5 0.5 0.2 0.8 0.2 0.8 0.6 0.4 0.54 0.46 0.57 0.43 0.39 0.61 0.2 0.8 0.41 0.59 0.54 0.46 0.54 0.46 0.5 0.5 0.5 0.5 0.53 0.47 0.5 0.5 0.54 0.46 0.57 0.43 0.39 0.61 0.53 0.47 0.5 0.5 0.5 0.5 0.5 0.5 0.5 0.5 0.18 0.82 0.5 0.5 0.5 0.5 0.5 0.5 0.5 0.5 0.5 0.5 0.5 0.5 0.5 0.5 0.5 0.5 0.5 0.5 0.5 0.5 0.5 0.5 0.5 0.5 0.18 0.82 0.5 0.5 0.5 0.5 0.19 0.81 0.05 0.95 0.5 0.5 0.5 0.5 0.5 0.5 0.19 0.81 0.28 0.72 0.5 0.5 0.7 0.3 0.5 0.5 0.28 0.72 0.05 0.95 0.5 0.5 0.7 0.3 0.7 0.3 0.7 0.3 0.7 0.3 0.7 0.3 0.7 0.3 0.7 0.3 0.7 0.3 0.7 0.3 0.7 0.3 0.7 0.3 0.7 0.3 0.7 0.3 0.7 0.3 0.7 0.3 0.5 0.5 0.5 0.5 0.9 0.1 0.5 0.5 0.9 0.1 0.5 0.5 0.9 0.1 0.9 0.1 0.59 0.41 0.8 0.2 0.8 0.2 0.5 0.5 0.5 0.5 0.46 0.54 0.7 0.3 0.49 0.51 0.6 0.4 0.5 0.5 0.5 0.5 0.9 0.1 0.5 0.5 0.5 0.5 0.9 0.1 0.5 0.5 0.9 0.1 0.9 0.1 0.59 0.41 0.8 0.2 0.8 0.2 0.5 0.5 0.5 0.5 0.46 0.54 0.5 0.5 0.49 0.51 0.6 0.4 0.5 0.5 0.06 0.14 0.8 0.06 0.14 0.8 0.06 0.14 0.8 0.06 0.14 0.8 0.06 0.14 0.8 0.06 0.14 0.8 0.07 0.13 0.8 0.06 0.14 0.8 0.06 0.14 0.8 0.06 0.14 0.8 0.06 0.14 0.8 0.07 0.13 0.8 0.2 0.4 0.4 0.2 0.4 0.4 0.22 0.77 0.01 0.53 0.45 0.02 0.73 0.27 0.2 0.4 0.4 0.5 0.5 0.22 0.78 0.26 0.74 0.2 0.41 0.39 0.22 0.77 0.01 0.2 0.4 0.4 0.4 0.12 0.48 0.39 0.61 0.17 0.33 0.5 0.26 0.74 0.22 0.78 0.17 0.33 0.5 0.31 0.69 0.22 0.78 0.2 0.4 0.4 0.38 0.62 0.42 0.58 0.2 0.4 0.4 0.8 0.2 0.22 0.77 0.01 0.01 0.8 0.19 0.8 0.2 0.53 0.45 0.02 0.17 0.33 0.5 0.17 0.33 0.5 0.4 0.51 0.09 0.4 0.51 0.09 0.45 0.45 0.1 0.73 0.25 0.02 0.87 0.12 0.01 0.73 0.25 0.02 0.41 0.19 0.4 0.32 0.28 0.4 0.46 0.34 0.2 0.4 0.4 0.2 0.01 0.8 0.19 0.07 0.93 0.06 0.14 0.8 0.06 0.14 0.8 0.06 0.14 0.8 0.06 0.14 0.8 0.07 0.13 0.8 0.2 0.4 0.4 0.2 0.4 0.4 0.2 0.17 0.63 0.35 0.65 0.26 0.74 0.06 0.14 0.8 0.06 0.14 0.8 0.06 0.14 0.8 0.07 0.13 0.8 0.06 0.14 0.8 0.06 0.14 0.8 0.04 0.16 0.8 0.07 0.13 0.8 0.05 0.15 0.8 0.06 0.14 0.8 0.06 0.14 0.8 0.06 0.14 0.8 0.05 0.15 0.8 0.07 0.13 0.8 0.05 0.15 0.8 0.06 0.14 0.8 0.06 0.14 0.8 0.06 0.14 0.8 0.06 0.14 0.8 0.06 0.14 0.8 0.7 0.3 0.62 0.36 0.02 0.7 0.3 0.47 0.3 0.23 0.62 0.36 0.02 0.7 0.3 0.4 0.3 0.3 0.04 0.59 0.17 0.2 0.04 0.64 0.12 0.2 0.8 0.2 0.05 0.68 0.18 0.09</float_array>
          <technique_common>
            <accessor source="#Controller-weights-array" count="3031" stride="1">
              <param name="WEIGHT" type="float"/>
            </accessor>
          </technique_common>
        </source>
        <joints>
          <input semantic="JOINT" source="#Controller-joints"/>
          <input semantic="INV_BIND_MATRIX" source="#Controller-bind_poses"/>
        </joints>
        <vertex_weights count="2012">
          <input semantic="JOINT" source="#Controller-joints" offset="0"/>
          <input semantic="WEIGHT" source="#Controller-weights" offset="1"/>
          <vcount>1 1 1 2 1 1 1 1 2 1 1 1 1 1 1 1 1 1 1 1 1 1 1 3 1 1 1 3 3 1 4 1 1 3 1 1 1 1 3 1 2 2 2 1 2 2 1 1 1 1 1 2 2 1 1 1 1 1 2 1 1 1 1 2 1 1 1 1 1 1 3 3 2 1 2 2 2 2 1 2 1 3 1 1 2 1 1 1 1 3 1 1 1 1 2 1 1 1 2 2 2 2 2 1 2 2 1 1 1 1 2 3 1 2 2 1 3 2 1 1 1 1 1 1 1 1 1 1 1 2 2 1 1 1 1 2 1 1 2 2 2 2 2 2 1 1 2 1 2 1 2 1 1 2 1 3 1 1 1 1 1 1 1 1 1 1 1 1 1 1 1 1 1 1 1 1 1 3 1 2 1 1 2 2 1 2 1 2 2 3 1 1 2 2 2 2 1 2 1 2 1 1 2 1 1 2 1 1 1 1 1 1 1 1 1 1 1 1 1 1 1 1 1 1 1 1 1 1 1 1 1 1 1 1 1 1 1 1 1 1 1 1 1 1 1 1 1 1 1 1 1 1 1 1 1 1 1 1 1 1 1 1 1 1 2 1 1 2 2 1 1 1 1 1 1 1 1 1 1 1 1 1 1 1 1 1 1 1 1 1 1 1 1 1 1 1 1 1 1 1 1 1 1 1 1 1 2 1 1 1 1 1 1 1 1 2 1 1 1 3 3 1 1 2 3 1 1 2 1 1 1 1 1 1 1 1 1 1 1 1 1 1 1 1 1 1 1 1 1 1 1 1 1 1 1 2 2 2 2 1 1 2 2 1 2 2 1 2 2 1 2 1 2 1 1 2 1 2 1 1 2 2 1 2 2 1 2 1 2 1 1 1 2 2 1 1 2 1 2 1 1 1 2 1 2 2 1 2 1 2 1 1 1 1 1 1 1 2 1 1 1 2 2 2 1 1 1 2 1 2 1 1 1 1 1 1 1 2 2 1 1 1 2 2 2 1 2 1 1 2 1 2 2 1 2 2 1 1 2 1 1 1 2 1 1 1 1 1 1 1 1 2 2 2 2 2 2 1 2 1 1 1 1 1 2 2 1 2 1 1 1 1 1 1 1 1 1 2 1 1 1 1 2 3 3 1 1 1 1 1 1 1 1 2 1 1 1 1 1 1 3 1 1 1 2 3 1 2 1 2 2 1 2 2 1 2 2 2 2 1 2 2 1 1 1 1 1 2 2 1 1 1 1 1 1 1 1 1 1 1 1 1 1 1 1 1 1 1 1 1 1 1 1 2 3 1 1 1 2 1 1 1 2 3 1 1 2 1 1 2 1 1 1 1 2 1 1 1 1 1 1 2 2 2 1 2 2 1 2 2 1 1 1 2 2 1 1 2 1 1 1 1 1 1 1 1 1 1 1 1 1 1 1 1 1 1 1 1 1 1 1 1 1 1 2 2 1 1 1 1 1 1 1 1 1 2 2 2 3 1 1 1 1 1 2 1 1 1 1 1 2 1 1 1 1 1 1 1 1 1 1 1 1 1 1 1 1 3 1 2 2 1 2 2 1 2 2 1 2 2 1 2 2 2 1 2 1 1 2 1 2 2 1 1 2 3 1 1 1 1 1 3 1 1 2 2 1 1 1 2 2 1 1 2 2 2 2 1 1 1 2 2 1 2 2 1 2 2 2 3 1 3 3 3 3 2 3 3 2 2 3 2 2 3 2 2 1 2 2 2 3 3 3 2 2 2 2 2 2 3 3 2 2 2 2 2 2 2 3 3 2 2 2 2 2 2 2 3 2 2 3 2 2 2 3 3 3 2 2 3 1 2 2 2 2 2 2 2 3 2 3 2 2 2 3 2 2 2 2 2 2 2 2 2 2 2 2 2 2 2 2 2 2 2 2 2 3 2 2 3 2 2 2 2 2 2 2 2 2 3 2 2 2 3 2 2 2 2 2 3 2 2 2 2 2 2 3 1 2 1 2 2 2 1 2 2 2 2 2 3 2 2 2 2 2 3 3 2 1 1 2 2 2 3 3 2 2 2 2 2 2 2 2 1 2 2 2 2 2 3 1 1 2 2 2 2 2 2 1 1 2 1 1 1 3 2 2 2 2 2 2 2 2 3 3 2 2 3 2 2 2 2 2 2 1 1 2 2 1 2 2 3 1 2 3 2 2 1 1 2 2 2 2 2 2 2 2 2 2 2 1 2 1 2 1 2 2 1 2 1 2 2 2 2 2 2 2 2 2 3 2 3 2 2 2 2 2 2 2 2 2 2 2 2 2 2 2 2 4 1 2 2 2 1 1 2 2 2 2 2 2 2 2 2 2 2 1 2 2 1 2 2 3 2 2 2 2 2 2 2 2 2 2 2 2 2 2 2 2 2 2 2 2 2 2 2 2 2 2 2 2 2 2 2 2 2 2 2 2 2 2 2 2 2 2 2 2 2 2 3 3 2 2 2 2 2 2 2 2 2 2 2 2 2 2 2 2 2 2 2 2 2 2 2 2 2 2 2 2 2 2 2 2 2 2 2 2 2 2 2 2 2 2 2 2 2 2 2 2 2 2 2 2 2 2 2 2 2 2 2 2 2 2 2 2 2 2 2 2 2 2 2 2 2 2 2 2 2 2 2 2 2 2 2 2 2 2 2 2 2 2 2 2 2 2 2 2 2 2 2 2 2 2 2 2 2 2 2 2 2 2 2 2 2 2 2 2 2 2 2 2 2 2 2 2 2 2 2 2 2 2 2 2 2 2 2 2 2 2 2 2 2 2 2 2 2 2 2 2 2 2 2 2 2 2 2 2 2 2 2 2 2 2 1 1 2 2 2 2 2 2 2 2 2 2 2 2 2 2 2 2 2 2 2 2 2 2 2 2 2 2 2 2 2 2 2 2 2 2 2 2 2 2 2 2 2 2 2 2 2 2 2 2 2 2 2 2 2 2 2 2 2 2 2 2 2 2 2 2 2 2 2 2 2 2 2 2 2 2 2 2 2 2 2 2 2 2 2 2 2 2 2 2 2 2 2 2 2 2 2 2 2 2 2 2 2 2 2 2 2 2 2 2 2 2 2 2 2 2 2 2 2 2 2 2 2 2 2 2 2 2 2 2 2 2 2 2 2 2 2 2 2 2 2 2 2 2 2 2 2 2 2 2 2 2 2 2 2 2 2 2 2 2 2 2 2 2 2 2 2 2 2 2 2 2 2 2 2 2 2 2 2 2 2 2 2 2 2 2 2 2 2 2 1 2 2 2 2 2 2 2 2 2 2 2 2 2 2 2 2 2 2 2 1 2 1 2 2 2 2 2 2 2 1 2 2 2 2 2 2 1 2 2 2 1 2 3 3 3 3 2 2 2 2 2 2 2 2 3 2 2 2 2 2 2 2 2 2 2 2 2 2 2 2 2 2 2 2 2 2 2 2 2 2 1 1 2 3 2 3 3 2 2 2 2 3 2 2 2 2 2 2 2 2 2 2 2 2 2 2 2 2 2 2 2 2 2 2 2 2 2 2 2 2 2 2 1 2 2 2 2 1 2 2 2 2 2 2 2 2 2 2 2 2 2 2 2 2 3 2 2 2 2 2 2 3 2 2 2 2 2 2 2 2 2 2 2 3 2 2 2 2 2 3 2 2 2 2 2 2 1 2 1 2 3 2 2 3 2 2 3 2 2 2 2 2 2 2 2 2 2 2 2 2 2 2 2 2 2 2 2 2 2 2 2 2 2 2 2 2 2 2 2 2 2 2 2 2 2 2 2 2 2 2 2 2 2 2 2 2 2 2 2 1 2 2 2 2 2 2 2 2 2 2 2 2 2 2 2 2 2 2 2 2 2 2 2 2 2 3 2 2 2 1 2 2 2 2 2 2 2 2 2 2 2 2 2 2 2 2 2 2 2 2 2 2 2 2 2 2 2 2 2 2 2 2 2 2 2 2 2 2 2 2 2 3 2 2 2 2 2 2 2 2 2 2 2 2 2 2 2 2 2 2 2 2 2 2 2 2 2 2 2 2 2 2 2 2 2 2 2 2 2 2 2 2 2 2 2 2 2 2 2 2 2 2 2 2 2 2 2 2 2 2 2 2 2 2 2 2 2 2 2 2 2 2 2 2 2 2 2 2 2 2 2 2 2 2 2 2 2 2 2 2 2 2 2 2 2 2 2 2 2 2 2 2 2 2 2 2 2 2 2 2 2 2 2 2 2 2 1 2 2 2 2 2 2 2 2 2 2 2 2 2 2 2 2 2 2 2 2 2 2 2 2 2 2 2 2 2 2 2 2 2 2 2 2 2 3 3 3 3 3 3 3 3 3 3 3 3 3 3 3 3 2 3 2 2 2 3 1 3 3 3 2 3 2 2 3 2 2 3 2 1 2 3 2 3 1 3 2 3 3 3 3 3 3 3 3 1 1 3 3 3 3 3 3 2 3 3 3 3 3 3 3 3 2 2 3 3 3 3 3 3 3 3 3 3 3 3 3 3 3 3 3 3 3 3 2 3 2 1 3 3 2 1 3 4 4 1 2 4 </vcount>
          <v>19 0 19 0 19 0 19 1 18 2 19 0 19 0 19 0 19 0 20 3 19 4 19 0 19 0 19 0 19 0 19 0 19 0 19 0 19 0 19 0 19 0 19 0 19 0 9 0 9 0 24 5 23 6 14 7 9 0 9 0 9 0 23 8 14 9 9 10 23 11 14 12 9 13 9 0 24 14 23 15 9 16 8 17 9 0 23 0 25 18 24 19 23 20 23 0 23 0 23 0 23 0 24 21 23 22 14 23 23 0 24 24 23 25 24 26 23 27 23 28 14 29 23 0 24 30 23 31 14 32 13 33 23 0 23 0 23 0 23 0 23 0 14 34 13 35 23 36 14 37 23 0 23 0 23 0 23 0 23 0 23 38 22 39 23 0 23 0 23 0 23 0 23 40 14 41 23 0 23 0 23 0 23 0 23 0 23 0 25 42 24 43 23 44 24 45 23 46 22 47 23 48 22 49 23 0 23 50 14 51 23 52 14 53 23 54 22 55 22 56 21 57 23 0 23 58 22 59 23 0 23 60 22 61 17 62 23 0 23 0 23 63 22 64 23 0 23 0 23 0 23 0 24 65 23 66 22 67 23 0 23 0 23 0 23 0 24 68 23 69 23 0 23 0 23 0 23 70 22 71 22 72 21 73 23 74 22 75 22 76 21 77 23 78 22 79 23 0 22 80 21 81 22 82 21 83 23 0 23 0 23 0 23 0 24 84 23 85 25 86 24 87 23 88 23 0 23 89 14 90 14 91 13 92 23 0 25 93 24 94 23 95 24 96 23 97 23 0 23 0 23 0 23 0 23 0 23 0 23 0 23 0 23 0 23 0 23 0 14 98 13 99 14 100 13 101 23 0 23 0 23 0 23 0 14 102 13 103 23 0 23 0 23 104 14 105 14 106 13 107 24 108 23 109 24 110 23 111 24 112 23 113 24 114 23 115 23 0 23 0 23 116 14 117 23 0 24 118 23 119 23 0 14 120 13 121 23 0 23 0 24 122 23 123 23 0 25 124 24 125 23 126 23 0 23 0 23 0 23 0 23 0 23 0 23 0 23 0 23 0 23 0 23 0 23 0 23 0 23 0 23 0 23 0 23 0 23 0 23 0 23 0 23 0 23 127 17 128 14 129 23 0 23 130 22 131 23 0 23 0 23 132 17 133 23 134 17 135 23 0 23 136 17 137 23 0 23 138 17 139 23 140 17 141 23 142 22 143 17 144 23 0 23 0 23 145 14 146 23 147 17 148 23 149 22 150 24 151 23 152 23 0 23 153 22 154 23 0 23 155 17 156 23 0 23 0 23 157 22 158 23 0 23 0 23 159 17 160 23 0 23 0 8 0 9 0 8 0 9 0 8 0 8 0 8 0 8 0 8 0 8 0 8 0 8 0 8 0 8 0 8 0 8 0 8 0 8 0 8 0 8 0 8 0 8 0 8 0 8 0 8 0 8 0 8 0 8 0 8 0 8 0 8 0 8 0 8 0 8 0 8 0 8 0 8 0 8 0 8 0 8 0 8 0 8 0 8 0 8 0 8 0 8 0 8 0 8 0 8 0 8 0 8 0 8 0 8 0 8 0 8 0 8 0 9 161 8 162 9 0 9 0 9 163 8 164 9 165 8 166 9 0 9 0 9 0 9 0 9 0 9 0 9 0 9 0 9 0 9 0 9 0 12 0 12 0 12 0 12 0 12 0 12 0 12 0 12 0 12 0 12 0 12 0 12 0 12 0 12 0 12 0 12 0 12 0 12 0 12 0 12 0 12 0 12 0 12 0 12 0 13 0 13 0 14 167 13 168 11 0 11 0 11 0 11 0 11 0 11 0 11 0 11 0 11 169 10 170 11 0 11 0 11 0 12 171 11 172 10 173 12 174 11 175 10 176 11 0 11 0 11 177 10 178 12 179 11 180 10 181 23 0 23 0 23 182 22 183 20 0 20 0 20 0 20 0 20 0 20 0 20 0 20 0 20 0 20 0 20 0 20 0 20 0 20 0 20 0 20 0 20 0 20 0 20 0 20 0 20 0 20 0 20 0 20 0 16 0 16 0 16 0 16 184 15 185 16 186 15 187 16 188 15 189 16 190 15 191 16 0 16 0 16 192 15 193 16 194 15 195 16 0 16 196 15 197 16 198 15 199 16 0 16 200 15 201 16 202 15 203 16 0 16 204 15 205 16 0 16 206 15 207 16 0 16 0 16 208 15 209 16 0 16 210 15 211 16 0 16 0 16 212 15 213 16 214 15 215 16 0 16 216 15 217 16 218 15 219 16 0 16 220 15 221 16 0 16 222 15 223 16 0 16 0 16 0 16 224 15 225 16 226 15 227 16 0 16 0 16 228 15 229 16 0 16 230 15 231 16 0 16 0 16 0 16 232 15 233 16 0 16 234 15 235 16 236 15 237 16 0 16 238 15 239 16 0 16 240 15 241 16 0 16 0 16 0 16 0 16 0 16 0 16 0 16 242 15 243 16 0 16 0 16 0 16 244 15 245 16 246 15 247 16 248 15 249 16 0 16 0 16 0 16 250 15 251 16 0 16 252 15 253 16 0 16 0 16 0 16 0 16 0 16 0 16 0 16 254 15 255 16 256 15 257 16 0 16 0 16 0 16 258 15 259 16 260 15 261 16 262 15 263 16 0 16 264 15 265 16 0 16 0 16 266 15 267 16 0 16 268 15 269 16 270 15 271 16 0 16 272 15 273 16 274 15 275 16 0 16 0 16 276 15 277 16 0 16 0 16 0 16 278 15 279 16 0 16 0 16 0 16 0 16 0 16 0 16 0 16 0 16 280 15 281 16 282 15 283 16 284 15 285 16 286 15 287 16 288 15 289 16 290 15 291 16 0 16 292 15 293 16 0 16 0 16 0 16 0 16 0 16 294 15 295 16 296 15 297 16 0 16 298 15 299 16 0 16 0 19 0 19 0 19 0 19 0 19 0 19 0 19 0 19 300 18 301 19 0 19 0 19 0 19 0 19 302 18 303 20 304 19 305 18 306 20 307 19 308 18 309 19 0 19 0 23 0 23 0 23 0 23 0 23 0 23 0 23 310 14 311 23 0 23 0 23 0 23 0 23 0 23 0 24 312 23 313 22 314 23 0 23 0 23 0 23 315 22 316 24 317 23 318 22 319 23 0 14 320 13 321 23 0 14 322 13 323 14 324 13 325 13 0 13 326 12 327 13 328 12 329 13 0 14 330 13 331 13 332 12 333 13 334 12 335 13 336 12 337 12 0 13 338 12 339 13 340 12 341 12 0 12 0 12 0 12 0 12 0 13 342 12 343 13 344 12 345 12 0 12 0 12 0 12 0 12 0 12 0 12 0 12 0 12 0 12 0 12 0 12 0 12 0 12 0 12 0 12 0 12 0 12 0 12 0 12 0 12 0 12 0 12 0 11 0 11 346 10 347 12 348 11 349 10 350 11 0 11 0 11 0 11 351 10 352 11 0 11 0 11 0 11 353 10 354 12 355 11 356 10 357 11 0 11 0 11 358 10 359 11 0 11 0 12 360 11 361 11 0 11 0 11 0 11 0 11 362 10 363 11 0 11 0 11 0 11 0 11 0 23 0 22 364 21 365 22 366 21 367 23 368 22 369 21 0 21 370 20 371 21 372 20 373 21 0 21 374 20 375 21 376 20 377 20 0 20 0 20 0 21 378 20 379 21 380 20 381 20 0 20 0 21 382 20 383 20 0 20 0 20 0 20 0 20 0 20 0 20 0 20 0 20 0 20 0 20 0 20 0 20 0 20 0 20 0 20 0 20 0 20 0 20 0 20 0 20 0 20 0 20 0 20 0 20 0 23 0 17 384 16 385 23 386 17 387 23 0 23 0 23 0 23 0 23 0 23 0 23 0 23 0 25 0 25 388 24 389 25 390 24 391 25 392 24 393 25 394 24 395 7 396 25 0 25 0 25 0 25 0 25 0 25 397 24 398 25 0 25 0 25 0 25 0 25 0 25 399 24 400 25 0 25 0 25 0 25 0 25 0 25 0 25 0 25 0 25 0 25 0 25 0 25 0 25 0 25 0 25 0 25 0 25 401 24 402 7 403 25 0 25 404 24 405 25 406 24 407 25 0 25 408 24 409 25 410 24 411 25 0 25 412 24 413 25 414 24 415 25 0 25 416 24 417 25 418 24 419 1 0 1 420 0 421 2 422 1 423 1 424 0 425 25 0 25 426 3 427 25 0 25 0 25 428 3 429 25 0 7 430 3 431 25 432 7 433 25 0 25 0 25 434 7 435 25 436 7 437 3 438 25 0 25 0 25 0 25 0 25 0 25 439 24 440 7 441 25 0 25 0 25 442 24 443 25 444 24 445 5 0 5 0 5 0 6 446 5 447 6 448 5 449 5 0 5 0 6 450 5 451 5 452 4 453 6 454 5 455 6 456 5 457 1 0 1 0 1 0 2 458 1 459 2 460 1 461 1 0 1 462 0 463 2 464 1 465 1 0 2 466 1 467 2 468 1 469 19 470 18 471 20 472 19 473 18 474 19 0 20 475 19 476 18 477 20 478 19 479 18 480 20 481 19 482 18 483 20 484 19 485 18 486 19 487 18 488 20 489 19 490 18 491 20 492 19 493 18 494 19 495 18 496 19 497 18 498 20 499 19 500 18 501 19 502 18 503 19 504 18 505 20 506 19 507 18 508 23 509 22 510 23 511 9 512 9 0 23 513 9 514 25 515 24 516 25 517 24 518 25 519 24 520 23 521 25 522 24 523 23 524 25 525 24 526 23 527 25 528 24 529 24 530 23 531 25 532 24 533 25 534 24 535 24 536 23 537 24 538 23 539 25 540 24 541 23 542 25 543 24 544 23 545 25 546 24 547 25 548 24 549 23 550 14 551 24 552 23 553 25 554 24 555 23 556 14 557 23 558 14 559 25 560 24 561 23 562 25 563 24 564 23 565 25 566 24 567 22 568 21 569 23 570 22 571 23 572 22 573 24 574 23 575 23 576 22 577 23 578 22 579 23 580 22 581 17 582 23 583 22 584 23 585 22 586 23 587 22 588 17 589 23 590 22 591 25 592 24 593 25 594 24 595 25 596 24 597 23 598 25 599 24 600 23 601 25 602 24 603 23 604 25 605 24 606 24 607 23 608 25 609 24 610 23 611 23 0 24 612 23 613 24 614 23 615 24 616 23 617 25 618 24 619 25 620 24 621 25 622 24 623 24 624 23 625 25 626 24 627 23 628 25 629 24 630 25 631 24 632 23 633 25 634 24 635 24 636 23 637 24 638 23 639 25 640 24 641 23 642 25 643 24 644 25 645 24 646 25 647 24 648 24 649 23 650 24 651 23 652 24 653 23 654 23 655 22 656 22 657 21 658 22 659 21 660 22 661 21 662 22 663 21 664 22 665 21 666 22 667 21 668 22 669 21 670 22 671 21 672 22 673 21 674 22 675 21 676 23 677 22 678 22 679 21 680 23 681 22 682 22 683 21 684 23 685 22 686 21 687 23 688 22 689 22 690 21 691 23 692 22 693 21 694 23 695 22 696 22 697 21 698 23 699 22 700 23 701 22 702 23 703 22 704 23 705 22 706 23 707 22 708 23 709 22 710 23 711 22 712 23 713 22 714 21 715 23 716 22 717 22 718 21 719 23 720 22 721 23 722 22 723 21 724 23 725 22 726 23 727 22 728 23 729 22 730 23 731 22 732 23 733 22 734 24 735 23 736 22 737 23 738 22 739 23 740 22 741 23 742 22 743 24 744 23 745 23 746 22 747 23 748 22 749 23 750 22 751 21 752 23 0 23 753 22 754 23 0 24 755 23 756 23 757 22 758 24 759 23 760 23 0 23 761 22 762 23 763 22 764 23 765 22 766 23 767 22 768 23 769 22 770 25 771 24 772 23 773 23 774 22 775 23 776 22 777 23 778 22 779 23 780 22 781 14 782 13 783 23 784 14 785 13 786 23 787 14 788 13 789 23 790 14 791 23 0 23 0 23 792 14 793 14 794 13 795 23 796 14 797 23 798 14 799 13 800 23 801 14 802 13 803 23 804 14 805 14 806 13 807 14 808 13 809 23 810 14 811 23 812 14 813 14 814 13 815 14 816 13 817 14 818 13 819 23 0 23 820 14 821 23 822 14 823 14 824 13 825 23 826 14 827 14 828 13 829 23 830 14 831 13 832 23 0 23 0 14 833 13 834 23 835 14 836 23 837 14 838 23 839 14 840 24 841 23 842 23 843 14 844 23 0 23 0 24 845 23 846 23 0 23 0 23 0 25 847 24 848 23 849 24 850 23 851 24 852 23 853 24 854 23 855 25 856 24 857 25 858 24 859 25 860 24 861 24 862 23 863 25 864 24 865 25 866 24 867 23 868 25 869 24 870 23 871 25 872 24 873 24 874 23 875 25 876 24 877 23 878 24 879 23 880 25 881 24 882 25 883 24 884 25 885 24 886 24 887 23 888 24 889 23 890 23 0 23 0 24 891 23 892 24 893 23 894 23 0 23 895 14 896 23 897 14 898 24 899 23 900 14 901 23 0 23 902 22 903 24 904 23 905 22 906 23 907 22 908 23 909 22 910 23 0 23 0 23 911 14 912 23 913 14 914 23 915 14 916 23 917 22 918 23 919 22 920 23 921 22 922 23 923 22 924 23 925 14 926 23 927 14 928 23 929 14 930 23 931 17 932 23 0 23 933 17 934 23 0 23 935 17 936 23 0 23 937 17 938 23 939 17 940 23 0 23 941 17 942 23 0 23 943 22 944 23 945 22 946 23 947 22 948 23 949 22 950 14 951 13 952 14 953 13 954 14 955 13 956 14 957 13 958 14 959 13 960 23 961 14 962 13 963 23 964 14 965 23 966 14 967 13 968 24 969 23 970 24 971 23 972 25 973 24 974 23 975 22 976 23 977 22 978 25 979 24 980 24 981 23 982 25 983 24 984 23 985 22 986 23 987 14 988 23 989 14 990 23 991 22 992 23 993 22 994 23 995 22 996 9 997 8 998 9 999 8 1000 24 1001 23 1002 9 1003 8 1004 9 0 9 1005 8 1006 9 1007 8 1008 9 1009 8 1010 9 0 9 0 9 1011 8 1012 13 1013 12 1014 14 1015 13 1016 14 1017 13 1018 13 1019 12 1020 13 1021 12 1022 14 1023 13 1024 14 1025 13 1026 14 1027 13 1028 13 1029 12 1030 14 1031 13 1032 13 0 13 1033 12 1034 14 1035 13 1036 13 0 14 1037 13 1038 13 1039 12 1040 14 1041 13 1042 12 1043 14 1044 13 1045 14 1046 13 1047 14 1048 13 1049 14 1050 13 1051 14 1052 13 1053 14 1054 13 1055 14 1056 13 1057 14 1058 13 1059 14 1060 13 1061 14 1062 13 1063 14 1064 13 1065 14 1066 13 1067 14 1068 13 1069 14 1070 13 1071 14 1072 13 1073 14 1074 13 1075 14 1076 13 1077 14 1078 13 1079 14 1080 13 1081 14 1082 13 1083 14 1084 13 1085 14 1086 13 1087 14 1088 13 1089 14 1090 13 1091 14 1092 13 1093 14 1094 13 1095 14 1096 13 1097 14 1098 13 1099 14 1100 13 1101 14 1102 13 1103 14 1104 13 1105 14 1106 13 1107 14 1108 13 1109 14 1110 13 1111 14 1112 13 1113 14 1114 13 1115 14 1116 13 1117 14 1118 13 1119 14 1120 13 1121 14 1122 13 1123 14 1124 13 1125 14 1126 13 1127 14 1128 13 1129 14 1130 13 1131 14 1132 13 1133 14 1134 13 1135 12 1136 11 1137 10 1138 12 1139 11 1140 10 1141 22 1142 21 1143 22 1144 21 1145 22 1146 21 1147 22 1148 21 1149 22 1150 21 1151 22 1152 21 1153 22 1154 21 1155 22 1156 21 1157 22 1158 21 1159 22 1160 21 1161 22 1162 21 1163 22 1164 21 1165 22 1166 21 1167 22 1168 21 1169 22 1170 21 1171 22 1172 21 1173 22 1174 21 1175 22 1176 21 1177 22 1178 21 1179 22 1180 21 1181 22 1182 21 1183 22 1184 21 1185 22 1186 21 1187 22 1188 21 1189 22 1190 21 1191 22 1192 21 1193 22 1194 21 1195 22 1196 21 1197 22 1198 21 1199 22 1200 21 1201 22 1202 21 1203 22 1204 21 1205 22 1206 21 1207 22 1208 21 1209 22 1210 21 1211 22 1212 21 1213 22 1214 21 1215 22 1216 21 1217 22 1218 21 1219 22 1220 21 1221 22 1222 21 1223 22 1224 21 1225 22 1226 21 1227 22 1228 21 1229 22 1230 21 1231 22 1232 21 1233 22 1234 21 1235 22 1236 21 1237 21 1238 20 1239 22 1240 21 1241 21 1242 20 1243 22 1244 21 1245 21 1246 20 1247 22 1248 21 1249 21 1250 20 1251 22 1252 21 1253 22 1254 21 1255 21 1256 20 1257 21 1258 20 1259 22 1260 21 1261 22 1262 21 1263 21 1264 20 1265 21 1266 20 1267 22 1268 21 1269 22 1270 21 1271 21 1272 20 1273 21 1274 20 1275 22 1276 21 1277 21 1278 20 1279 22 1280 21 1281 21 1282 20 1283 16 1284 15 1285 16 1286 15 1287 16 1288 15 1289 16 1290 15 1291 16 1292 15 1293 16 1294 15 1295 16 1296 15 1297 16 1298 15 1299 16 1300 15 1301 16 1302 15 1303 16 1304 15 1305 16 1306 15 1307 16 1308 15 1309 16 1310 15 1311 16 1312 15 1313 16 1314 15 1315 16 1316 15 1317 16 1318 15 1319 16 1320 15 1321 16 1322 15 1323 16 1324 15 1325 16 1326 15 1327 16 1328 15 1329 16 1330 15 1331 16 1332 15 1333 16 1334 15 1335 16 1336 15 1337 16 1338 15 1339 16 1340 15 1341 16 1342 15 1343 16 1344 15 1345 16 1346 15 1347 16 1348 15 1349 16 1350 15 1351 16 1352 15 1353 16 1354 15 1355 16 1356 15 1357 16 1358 15 1359 16 1360 15 1361 16 1362 15 1363 16 1364 15 1365 16 1366 15 1367 16 1368 15 1369 16 1370 15 1371 16 1372 15 1373 16 1374 15 1375 16 1376 15 1377 16 1378 15 1379 16 1380 15 1381 16 1382 15 1383 16 1384 15 1385 16 1386 15 1387 16 1388 15 1389 16 1390 15 1391 16 1392 15 1393 16 1394 15 1395 16 1396 15 1397 16 1398 15 1399 16 1400 15 1401 16 1402 15 1403 16 1404 15 1405 16 1406 15 1407 16 1408 15 1409 16 1410 15 1411 16 1412 15 1413 16 1414 15 1415 16 1416 15 1417 16 1418 15 1419 16 1420 15 1421 16 1422 15 1423 16 1424 15 1425 16 1426 15 1427 16 1428 15 1429 16 1430 15 1431 16 1432 15 1433 16 1434 15 1435 16 1436 15 1437 16 1438 15 1439 16 1440 15 1441 16 1442 15 1443 16 1444 15 1445 16 1446 15 1447 16 1448 15 1449 16 1450 15 1451 16 1452 15 1453 16 1454 15 1455 16 1456 15 1457 16 1458 15 1459 16 1460 15 1461 16 1462 15 1463 16 1464 15 1465 16 0 16 0 16 1466 15 1467 16 1468 15 1469 16 1470 15 1471 16 1472 15 1473 16 1474 15 1475 16 1476 15 1477 16 1478 15 1479 16 1480 15 1481 16 1482 15 1483 16 1484 15 1485 16 1486 15 1487 16 1488 15 1489 16 1490 15 1491 16 1492 15 1493 16 1494 15 1495 16 1496 15 1497 16 1498 15 1499 16 1500 15 1501 16 1502 15 1503 16 1504 15 1505 16 1506 15 1507 16 1508 15 1509 16 1510 15 1511 16 1512 15 1513 16 1514 15 1515 16 1516 15 1517 16 1518 15 1519 16 1520 15 1521 16 1522 15 1523 16 1524 15 1525 16 1526 15 1527 16 1528 15 1529 16 1530 15 1531 16 1532 15 1533 16 1534 15 1535 16 1536 15 1537 16 1538 15 1539 16 1540 15 1541 16 1542 15 1543 16 1544 15 1545 16 1546 15 1547 16 1548 15 1549 16 1550 15 1551 16 1552 15 1553 16 1554 15 1555 16 1556 15 1557 16 1558 15 1559 16 1560 15 1561 16 1562 15 1563 16 1564 15 1565 16 1566 15 1567 16 1568 15 1569 16 1570 15 1571 16 1572 15 1573 16 1574 15 1575 16 1576 15 1577 16 1578 15 1579 16 1580 15 1581 16 1582 15 1583 16 1584 15 1585 16 1586 15 1587 16 1588 15 1589 16 1590 15 1591 16 1592 15 1593 16 1594 15 1595 16 1596 15 1597 16 1598 15 1599 16 1600 15 1601 16 1602 15 1603 16 1604 15 1605 16 1606 15 1607 16 1608 15 1609 16 1610 15 1611 16 1612 15 1613 16 1614 15 1615 16 1616 15 1617 16 1618 15 1619 16 1620 15 1621 16 1622 15 1623 16 1624 15 1625 16 1626 15 1627 16 1628 15 1629 16 1630 15 1631 16 1632 15 1633 16 1634 15 1635 16 1636 15 1637 16 1638 15 1639 16 1640 15 1641 16 1642 15 1643 16 1644 15 1645 16 1646 15 1647 16 1648 15 1649 16 1650 15 1651 16 1652 15 1653 16 1654 15 1655 16 1656 15 1657 16 1658 15 1659 16 1660 15 1661 16 1662 15 1663 16 1664 15 1665 16 1666 15 1667 16 1668 15 1669 16 1670 15 1671 16 1672 15 1673 16 1674 15 1675 16 1676 15 1677 16 1678 15 1679 16 1680 15 1681 16 1682 15 1683 16 1684 15 1685 16 1686 15 1687 16 1688 15 1689 16 1690 15 1691 16 1692 15 1693 16 1694 15 1695 16 1696 15 1697 16 1698 15 1699 16 1700 15 1701 16 1702 15 1703 16 1704 15 1705 16 1706 15 1707 16 1708 15 1709 16 1710 15 1711 16 1712 15 1713 16 1714 15 1715 16 1716 15 1717 16 1718 15 1719 16 1720 15 1721 16 1722 15 1723 16 1724 15 1725 16 1726 15 1727 16 1728 15 1729 16 1730 15 1731 16 1732 15 1733 16 1734 15 1735 16 1736 15 1737 16 1738 15 1739 16 1740 15 1741 16 1742 15 1743 16 1744 15 1745 16 1746 15 1747 16 1748 15 1749 16 1750 15 1751 16 1752 15 1753 16 1754 15 1755 16 1756 15 1757 16 1758 15 1759 16 1760 15 1761 16 1762 15 1763 16 1764 15 1765 16 1766 15 1767 16 1768 15 1769 16 1770 15 1771 16 1772 15 1773 16 1774 15 1775 16 1776 15 1777 16 1778 15 1779 16 1780 15 1781 16 1782 15 1783 16 1784 15 1785 16 1786 15 1787 16 1788 15 1789 16 1790 15 1791 16 1792 15 1793 16 1794 15 1795 16 1796 15 1797 16 1798 15 1799 16 1800 15 1801 16 1802 15 1803 16 1804 15 1805 16 1806 15 1807 16 1808 15 1809 16 1810 15 1811 16 1812 15 1813 16 1814 15 1815 16 1816 15 1817 16 1818 15 1819 16 1820 15 1821 16 1822 15 1823 16 1824 15 1825 16 1826 15 1827 16 1828 15 1829 16 1830 15 1831 16 1832 15 1833 16 1834 15 1835 16 1836 15 1837 16 1838 15 1839 16 1840 15 1841 16 0 16 1842 15 1843 16 1844 15 1845 16 1846 15 1847 16 1848 15 1849 16 1850 15 1851 16 1852 15 1853 16 1854 15 1855 16 1856 15 1857 16 1858 15 1859 16 1860 15 1861 16 1862 15 1863 16 1864 15 1865 16 1866 15 1867 16 1868 15 1869 16 1870 15 1871 16 1872 15 1873 16 1874 15 1875 16 1876 15 1877 16 1878 15 1879 16 0 16 1880 15 1881 16 0 16 1882 15 1883 16 1884 15 1885 16 1886 15 1887 16 1888 15 1889 16 1890 15 1891 16 1892 15 1893 16 1894 15 1895 16 0 16 1896 15 1897 16 1898 15 1899 16 1900 15 1901 16 1902 15 1903 16 1904 15 1905 16 1906 15 1907 16 0 16 1908 15 1909 16 1910 15 1911 16 1912 15 1913 16 0 16 1914 15 1915 20 1916 19 1917 18 1918 20 1919 19 1920 18 1921 20 1922 19 1923 18 1924 20 1925 19 1926 18 1927 24 1928 23 1929 24 1930 23 1931 24 1932 23 1933 23 1934 14 1935 14 1936 13 1937 14 1938 13 1939 23 1940 14 1941 14 1942 13 1943 23 1944 14 1945 13 1946 23 1947 14 1948 14 1949 13 1950 14 1951 13 1952 14 1953 13 1954 14 1955 13 1956 14 1957 13 1958 14 1959 13 1960 14 1961 13 1962 14 1963 13 1964 14 1965 13 1966 14 1967 13 1968 14 1969 13 1970 14 1971 13 1972 14 1973 13 1974 14 1975 13 1976 14 1977 13 1978 14 1979 13 1980 13 1981 12 1982 13 1983 12 1984 14 1985 13 1986 13 1987 12 1988 13 1989 12 1990 13 1991 12 1992 13 1993 12 1994 13 1995 12 1996 12 0 12 0 11 1997 10 1998 12 1999 11 2000 10 2001 11 2002 10 2003 12 2004 11 2005 10 2006 12 2007 11 2008 10 2009 23 2010 22 2011 22 2012 21 2013 22 2014 21 2015 23 2016 22 2017 23 2018 22 2019 21 2020 22 2021 21 2022 23 2023 22 2024 22 2025 21 2026 22 2027 21 2028 22 2029 21 2030 22 2031 21 2032 22 2033 21 2034 22 2035 21 2036 22 2037 21 2038 22 2039 21 2040 22 2041 21 2042 22 2043 21 2044 22 2045 21 2046 22 2047 21 2048 22 2049 21 2050 22 2051 21 2052 22 2053 21 2054 22 2055 21 2056 22 2057 21 2058 21 2059 20 2060 22 2061 21 2062 21 2063 20 2064 22 2065 21 2066 21 2067 20 2068 21 2069 20 2070 21 2071 20 2072 21 2073 20 2074 21 2075 20 2076 21 2077 20 2078 21 2079 20 2080 20 0 17 2081 16 2082 17 2083 16 2084 23 2085 17 2086 17 2087 16 2088 23 0 25 2089 24 2090 25 2091 24 2092 25 2093 24 2094 25 2095 24 2096 25 2097 24 2098 25 2099 24 2100 25 2101 24 2102 25 2103 24 2104 25 2105 24 2106 25 2107 24 2108 25 2109 24 2110 25 2111 24 2112 25 2113 24 2114 25 2115 24 2116 25 2117 24 2118 25 2119 24 2120 25 2121 24 2122 7 2123 25 2124 24 2125 25 2126 24 2127 25 2128 24 2129 25 2130 24 2131 25 2132 24 2133 25 2134 24 2135 25 2136 24 2137 7 2138 25 2139 24 2140 25 2141 24 2142 25 2143 24 2144 25 2145 24 2146 25 2147 24 2148 25 2149 24 2150 25 2151 24 2152 25 2153 24 2154 25 2155 24 2156 25 2157 24 2158 25 2159 24 2160 25 2161 24 2162 3 2163 25 2164 24 2165 25 2166 24 2167 25 2168 24 2169 25 2170 24 2171 25 2172 24 2173 25 2174 24 2175 3 2176 25 2177 24 2178 25 2179 24 2180 25 2181 24 2182 25 2183 24 2184 25 2185 24 2186 25 2187 24 2188 25 0 25 2189 24 2190 25 0 25 2191 24 2192 25 2193 24 2194 3 2195 25 2196 24 2197 25 2198 24 2199 25 2200 24 2201 3 2202 25 2203 24 2204 25 2205 24 2206 25 2207 24 2208 7 2209 25 2210 24 2211 25 2212 24 2213 25 2214 24 2215 25 2216 24 2217 25 2218 24 2219 25 2220 24 2221 25 2222 24 2223 25 2224 24 2225 25 2226 24 2227 25 2228 24 2229 25 2230 24 2231 25 2232 24 2233 25 2234 24 2235 25 2236 24 2237 25 2238 24 2239 25 2240 24 2241 25 2242 24 2243 25 2244 24 2245 25 2246 24 2247 25 2248 24 2249 25 2250 24 2251 25 2252 24 2253 25 2254 24 2255 25 2256 24 2257 25 2258 24 2259 25 2260 24 2261 25 2262 24 2263 25 2264 24 2265 25 2266 24 2267 25 2268 24 2269 25 2270 24 2271 25 2272 24 2273 25 2274 24 2275 25 2276 24 2277 25 2278 24 2279 25 2280 24 2281 25 2282 24 2283 25 2284 24 2285 25 2286 24 2287 25 2288 24 2289 25 2290 24 2291 25 2292 24 2293 25 2294 24 2295 25 2296 24 2297 25 2298 24 2299 25 2300 24 2301 25 2302 24 2303 25 2304 24 2305 25 2306 24 2307 25 2308 24 2309 25 2310 24 2311 25 2312 24 2313 25 0 25 2314 24 2315 25 2316 24 2317 25 2318 24 2319 25 2320 24 2321 25 2322 24 2323 25 2324 24 2325 25 2326 24 2327 25 2328 24 2329 25 2330 24 2331 25 2332 24 2333 25 2334 24 2335 25 2336 24 2337 25 2338 24 2339 25 2340 24 2341 25 2342 24 2343 25 2344 24 2345 25 2346 24 2347 25 2348 24 2349 25 2350 24 2351 25 2352 24 2353 25 2354 24 2355 25 2356 24 2357 25 2358 24 2359 25 2360 24 2361 25 2362 24 2363 25 2364 24 2365 7 2366 25 2367 24 2368 6 2369 5 2370 6 2371 5 2372 5 0 5 2373 4 2374 5 2375 4 2376 5 2377 4 2378 5 2379 4 2380 5 2381 4 2382 5 2383 4 2384 5 2385 4 2386 5 2387 4 2388 5 2389 4 2390 5 2391 4 2392 5 2393 4 2394 5 2395 4 2396 2 2397 1 2398 1 2399 0 2400 1 2401 0 2402 1 2403 0 2404 1 2405 0 2406 1 2407 0 2408 1 2409 0 2410 1 2411 0 2412 1 2413 0 2414 1 2415 0 2416 1 2417 0 2418 25 2419 24 2420 25 2421 24 2422 25 2423 24 2424 25 2425 24 2426 25 2427 24 2428 25 2429 24 2430 25 2431 24 2432 25 2433 24 2434 25 2435 24 2436 25 2437 24 2438 25 2439 24 2440 25 2441 24 2442 25 2443 3 2444 25 2445 3 2446 25 2447 7 2448 25 2449 3 2450 25 2451 7 2452 25 2453 3 2454 25 2455 7 2456 3 2457 3 2458 2 2459 25 2460 3 2461 3 2462 2 2463 7 2464 6 2465 25 2466 7 2467 7 2468 6 2469 7 2470 6 2471 25 2472 7 2473 25 2474 7 2475 3 2476 2 2477 3 2478 2 2479 3 2480 2 2481 3 2482 2 2483 3 2484 2 2485 25 2486 3 2487 3 2488 2 2489 7 2490 6 2491 7 2492 6 2493 7 2494 6 2495 7 2496 6 2497 7 2498 6 2499 7 2500 6 2501 25 2502 7 2503 7 2504 6 2505 7 2506 6 2507 3 2508 2 2509 3 2510 2 2511 3 2512 2 2513 3 2514 2 2515 3 2516 2 2517 3 2518 2 2519 7 2520 6 2521 7 2522 6 2523 7 2524 6 2525 7 2526 6 2527 7 2528 6 2529 7 2530 6 2531 7 2532 6 2533 7 2534 6 2535 3 2536 2 2537 3 2538 2 2539 3 2540 2 2541 3 2542 2 2543 3 2544 2 2545 3 2546 2 2547 6 2548 5 2549 7 2550 6 2551 7 2552 6 2553 7 2554 6 2555 3 2556 2 2557 3 2558 2 2559 2 2560 1 2561 6 2562 5 2563 6 2564 5 2565 6 2566 5 2567 7 2568 6 2569 3 2570 2 2571 2 2572 1 2573 2 2574 1 2575 6 2576 5 2577 6 2578 5 2579 6 2580 5 2581 6 2582 5 2583 6 2584 5 2585 2 2586 1 2587 2 2588 1 2589 2 2590 1 2591 2 2592 1 2593 2 2594 1 2595 2 2596 1 2597 6 2598 5 2599 6 2600 5 2601 6 2602 5 2603 2 2604 1 2605 2 2606 1 2607 2 2608 1 2609 2 2610 1 2611 2 2612 1 2613 6 2614 5 2615 6 2616 5 2617 6 2618 5 2619 6 2620 5 2621 6 2622 5 2623 2 2624 1 2625 2 2626 1 2627 2 2628 1 2629 2 2630 1 2631 6 2632 5 2633 6 2634 5 2635 6 2636 5 2637 2 2638 1 2639 2 2640 1 2641 2 2642 1 2643 6 2644 5 2645 6 2646 5 2647 5 2648 4 2649 6 2650 5 2651 2 2652 1 2653 2 2654 1 2655 1 2656 0 2657 25 2658 24 2659 25 2660 24 2661 25 2662 24 2663 25 2664 24 2665 25 2666 24 2667 25 2668 24 2669 25 2670 24 2671 25 2672 24 2673 25 2674 24 2675 25 2676 24 2677 25 2678 24 2679 25 2680 24 2681 25 2682 24 2683 25 2684 24 2685 25 0 25 2686 24 2687 5 2688 4 2689 5 2690 4 2691 5 2692 4 2693 5 2694 4 2695 5 2696 4 2697 5 2698 4 2699 5 2700 4 2701 5 2702 4 2703 5 2704 4 2705 5 2706 4 2707 5 2708 4 2709 5 2710 4 2711 5 2712 4 2713 6 2714 5 2715 5 2716 4 2717 6 2718 5 2719 5 2720 4 2721 6 2722 5 2723 1 2724 0 2725 1 2726 0 2727 1 2728 0 2729 1 2730 0 2731 1 2732 0 2733 1 2734 0 2735 1 2736 0 2737 1 2738 0 2739 1 2740 0 2741 1 2742 0 2743 1 2744 0 2745 1 2746 0 2747 1 2748 0 2749 2 2750 1 2751 1 2752 0 2753 2 2754 1 2755 1 2756 0 2757 2 2758 1 2759 20 2760 19 2761 18 2762 20 2763 19 2764 18 2765 20 2766 19 2767 18 2768 20 2769 19 2770 18 2771 20 2772 19 2773 18 2774 20 2775 19 2776 18 2777 20 2778 19 2779 18 2780 20 2781 19 2782 18 2783 20 2784 19 2785 18 2786 20 2787 19 2788 18 2789 20 2790 19 2791 18 2792 20 2793 19 2794 18 2795 25 2796 24 2797 23 2798 25 2799 24 2800 23 2801 24 2802 23 2803 22 2804 23 2805 22 2806 17 2807 23 2808 22 2809 25 2810 24 2811 23 2812 22 2813 21 2814 22 2815 21 2816 22 2817 21 2818 25 2819 24 2820 23 2821 23 0 24 2822 23 2823 22 2824 25 2825 24 2826 23 2827 23 2828 14 2829 13 2830 14 2831 13 2832 23 2833 14 2834 13 2835 14 2836 13 2837 14 2838 13 2839 23 2840 14 2841 13 2842 14 2843 13 2844 14 2845 13 2846 25 2847 24 2848 23 2849 24 2850 23 2851 23 0 24 2852 23 2853 25 2854 24 2855 23 2856 23 2857 14 2858 24 2859 23 2860 22 2861 23 0 24 2862 23 2863 22 2864 23 2865 17 2866 23 2867 22 2868 17 2869 23 2870 14 2871 13 2872 23 2873 14 2874 13 2875 23 2876 14 2877 13 2878 23 2879 14 2880 13 2881 23 2882 14 2883 13 2884 23 2885 14 2886 13 2887 23 2888 17 2889 14 2890 23 0 23 0 23 2891 14 2892 13 2893 23 2894 14 2895 9 2896 23 2897 14 2898 9 2899 23 2900 17 2901 9 2902 23 2903 14 2904 9 2905 14 2906 13 2907 12 2908 14 2909 13 2910 12 2911 11 2912 10 2913 12 2914 11 2915 10 2916 12 2917 11 2918 10 2919 12 2920 11 2921 10 2922 12 2923 11 2924 10 2925 23 2926 22 2927 21 2928 23 2929 22 2930 21 2931 23 2932 22 2933 21 2934 22 2935 21 2936 22 2937 21 2938 20 2939 19 2940 18 2941 20 2942 19 2943 18 2944 20 2945 19 2946 18 2947 20 2948 19 2949 18 2950 12 2951 11 2952 10 2953 12 2954 11 2955 10 2956 12 2957 11 2958 10 2959 12 2960 11 2961 10 2962 12 2963 11 2964 10 2965 12 2966 11 2967 10 2968 12 2969 11 2970 10 2971 12 2972 11 2973 10 2974 12 2975 11 2976 10 2977 12 2978 11 2979 10 2980 12 2981 11 2982 10 2983 12 2984 11 2985 10 2986 12 2987 11 2988 10 2989 12 2990 11 2991 10 2992 12 2993 11 2994 10 2995 12 2996 11 2997 10 2998 25 2999 24 3000 25 3001 24 3002 3 3003 25 3004 24 3005 25 0 25 3006 24 3007 7 3008 25 3009 24 3010 3 3011 25 3012 24 3013 25 0 25 3014 24 3015 7 3016 24 3017 23 3018 22 3019 9 3020 24 3021 23 3022 14 3023 9 3024 23 0 23 3025 9 3026 24 3027 23 3028 22 3029 9 3030</v>
        </vertex_weights>
      </skin>
      <extra>
        <technique profile="FCOLLADA">
          <user_properties>SkinController</user_properties>
        </technique>
      </extra>
    </controller>
    <controller id="Controller1">
      <skin source="#Geometry1">
        <bind_shape_matrix>1 0 0 0 0 1 0 0 0 0 1 0 0 0 0 1</bind_shape_matrix>
        <source id="Controller1-joints">
          <Name_array id="Controller1-joints-array" count="27">LeftToeBase LeftFoot LeftLeg LeftUpLeg RightToeBase RightFoot RightLeg RightUpLeg Chain02 Chain01 LeftFinger LeftHand LeftForeArm LeftArm LeftShoulder hair Head Neck RightFinger RightHand RightForeArm RightArm RightShoulder Spine1 Spine Hips root</Name_array>
          <technique_common>
            <accessor source="#Controller1-joints-array" count="27" stride="1">
              <param name="JOINT" type="Name"/>
            </accessor>
          </technique_common>
        </source>
        <source id="Controller1-bind_poses">
          <float_array id="Controller1-bind_poses-array" count="432">1 0 -0.00019 -0.690158 0 1 0 -0.493354 0.00019 0 1 -1.025 0 0 0 1 1 0 0 -0.688586 0 1 0 -1.57868 0 0 1 -0.225607 0 0 0 1 1 0 0 -0.688586 0 1 0 -3.21733 0 0 1 -0.225607 0 0 0 1 1 0 0 -0.688586 0 1 0 -5.5443 0 0 1 -0.345082 0 0 0 1 1 0 -0.00019 0.690547 0 1 0 -0.493352 0.00019 0 1 -1.02048 0 0 0 1 1 0 0 0.688586 0 1 0 -1.57868 0 0 1 -0.225607 0 0 0 1 1 0 0 0.688586 0 1 0 -3.21733 0 0 1 -0.225607 0 0 0 1 1 0 0 0.688586 0 1 0 -5.5443 0 0 1 -0.345082 0 0 0 1 1 0 0 0 0 1 0 -7.70632 0 0 1 -1.87638 0 0 0 1 1 0 0 0 0 1 0 -9.60064 0 0 1 -1.07624 0 0 0 1 1 0 0 -6.20971 0 1 0 -9.57562 0 0 1 -0.021956 0 0 0 1 1 0 0 -5.30726 0 1 0 -9.57562 0 0 1 -0.021956 0 0 0 1 1 0 0 -3.22726 0 1 0 -9.57562 0 0 1 -0.021956 0 0 0 1 1 0 0 -1.45581 0 1 0 -9.57562 0 0 1 -0.021956 0 0 0 1 1 0 0 -0.894124 0 1 0 -9.63958 0 0 1 -0.021956 0 0 0 1 1 0 0 0 0 1 0 -13.3552 0 0 1 0.643331 0 0 0 1 1 0 0 0 0 1 0 -10.7189 0 0 1 -0.243879 0 0 0 1 1 0 0 0 0 1 0 -10.0018 0 0 1 -0.091878 0 0 0 1 1 0 0 6.29628 0 1 0 -9.57561 0 0 1 -0.021956 0 0 0 1 1 0 0 5.30726 0 1 0 -9.57561 0 0 1 -0.021956 0 0 0 1 1 0 0 3.22726 0 1 0 -9.57561 0 0 1 -0.021956 0 0 0 1 1 0 0 1.45581 0 1 0 -9.57561 0 0 1 -0.021956 0 0 0 1 1 0 0 0.894123 0 1 0 -9.63957 0 0 1 -0.021956 0 0 0 1 1 0 0 0 0 1 0 -8.16894 0 0 1 -0.418967 0 0 0 1 1 0 0 0 0 1 0 -6.96764 0 0 1 -0.399888 0 0 0 1 1 0 0 0 0 1 0 -6.50883 0 0 1 -0.397268 0 0 0 1 1 0 0 0 0 1 0 0 0 0 1 0 0 0 0 1</float_array>
          <technique_common>
            <accessor source="#Controller1-bind_poses-array" count="27" stride="16">
              <param name="TRANSFORM" type="float4x4"/>
            </accessor>
          </technique_common>
        </source>
        <source id="Controller1-weights">
          <float_array id="Controller1-weights-array" count="1">1</float_array>
          <technique_common>
            <accessor source="#Controller1-weights-array" count="1" stride="1">
              <param name="WEIGHT" type="float"/>
            </accessor>
          </technique_common>
        </source>
        <joints>
          <input semantic="JOINT" source="#Controller1-joints"/>
          <input semantic="INV_BIND_MATRIX" source="#Controller1-bind_poses"/>
        </joints>
        <vertex_weights count="99">
          <input semantic="JOINT" source="#Controller1-joints" offset="0"/>
          <input semantic="WEIGHT" source="#Controller1-weights" offset="1"/>
          <vcount>1 1 1 1 1 1 1 1 1 1 1 1 1 1 1 1 1 1 1 1 1 1 1 1 1 1 1 1 1 1 1 1 1 1 1 1 1 1 1 1 1 1 1 1 1 1 1 1 1 1 1 1 1 1 1 1 1 1 1 1 1 1 1 1 1 1 1 1 1 1 1 1 1 1 1 1 1 1 1 1 1 1 1 1 1 1 1 1 1 1 1 1 1 1 1 1 1 1 1 </vcount>
          <v>16 0 16 0 16 0 16 0 16 0 16 0 16 0 16 0 16 0 16 0 16 0 16 0 16 0 16 0 16 0 16 0 16 0 16 0 16 0 16 0 16 0 16 0 16 0 16 0 16 0 16 0 16 0 16 0 16 0 16 0 16 0 16 0 16 0 16 0 16 0 16 0 16 0 16 0 16 0 16 0 16 0 16 0 16 0 16 0 16 0 16 0 16 0 16 0 16 0 16 0 16 0 16 0 16 0 16 0 16 0 16 0 16 0 16 0 16 0 16 0 16 0 16 0 16 0 16 0 16 0 16 0 16 0 16 0 16 0 16 0 16 0 16 0 16 0 16 0 16 0 16 0 16 0 16 0 16 0 16 0 16 0 16 0 16 0 16 0 16 0 16 0 16 0 16 0 16 0 16 0 16 0 16 0 16 0 16 0 16 0 16 0 16 0 16 0 16 0</v>
        </vertex_weights>
      </skin>
      <extra>
        <technique profile="FCOLLADA">
          <user_properties>SkinController</user_properties>
        </technique>
      </extra>
    </controller>
  </library_controllers>
  <library_visual_scenes>
    <visual_scene id="VisualSceneNode" name="rdmscene">
      <node id="VisualSceneNode1" name="root" sid="root" type="JOINT">
        <matrix>1 0 0 0 0 1 0 0 0 0 1 0 0 0 0 1</matrix>
        <node id="VisualSceneNode2" name="Hips" sid="Hips" type="JOINT">
          <matrix>1 0 0 0 0 1 0 6.50883 0 0 1 0.397268 0 0 0 1</matrix>
          <node id="VisualSceneNode3" name="LeftUpLeg" sid="LeftUpLeg" type="JOINT">
            <matrix>1 0 0 0.688586 0 1 0 -0.964526 0 0 1 -0.052186 0 0 0 1</matrix>
            <node id="VisualSceneNode4" name="LeftLeg" sid="LeftLeg" type="JOINT">
              <matrix>1 0 0 0 0 1 0 -2.32697 0 0 1 -0.119475 0 0 0 1</matrix>
              <node id="VisualSceneNode5" name="LeftFoot" sid="LeftFoot" type="JOINT">
                <matrix>1 0 0 0 0 1 0 -1.63865 0 0 1 0 0 0 0 1</matrix>
                <node id="VisualSceneNode6" name="LeftToeBase" sid="LeftToeBase" type="JOINT">
                  <matrix>1 0 0.00019 0.001766 0 1 0 -1.08533 -0.00019 0 1 0.799261 0 0 0 1</matrix>
                </node>
              </node>
            </node>
          </node>
          <node id="VisualSceneNode7" name="RightUpLeg" sid="RightUpLeg" type="JOINT">
            <matrix>1 0 0 -0.688586 0 1 0 -0.964528 0 0 1 -0.052186 0 0 0 1</matrix>
            <node id="VisualSceneNode8" name="RightLeg" sid="RightLeg" type="JOINT">
              <matrix>1 0 0 0 0 1 0 -2.32697 0 0 1 -0.119475 0 0 0 1</matrix>
              <node id="VisualSceneNode9" name="RightFoot" sid="RightFoot" type="JOINT">
                <matrix>1 0 0 0 0 1 0 -1.63865 0 0 1 0 0 0 0 1</matrix>
                <node id="VisualSceneNode10" name="RightToeBase" sid="RightToeBase" type="JOINT">
                  <matrix>1 0 0.00019 -0.001766 0 1 0 -1.08533 -0.00019 0 1 0.795 0 0 0 1</matrix>
                </node>
              </node>
            </node>
          </node>
          <node id="VisualSceneNode11" name="Spine" sid="Spine" type="JOINT">
            <matrix>1 0 0 0 0 1 0 0.45881 0 0 1 0.00262 0 0 0 1</matrix>
            <node id="VisualSceneNode12" name="Spine1" sid="Spine1" type="JOINT">
              <matrix>1 0 0 0 0 1 0 1.2013 0 0 1 0.019078 0 0 0 1</matrix>
              <node id="VisualSceneNode13" name="Chain01" sid="Chain01" type="JOINT">
                <matrix>1 0 0 0 0 1 0 1.4317 0 0 1 0.657269 0 0 0 1</matrix>
                <node id="VisualSceneNode14" name="Chain02" sid="Chain02" type="JOINT">
                  <matrix>1 0 0 0 0 1 0 -1.89432 0 0 1 0.800141 0 0 0 1</matrix>
                </node>
              </node>
              <node id="VisualSceneNode15" name="LeftShoulder" sid="LeftShoulder" type="JOINT">
                <matrix>1 0 0 0.894124 0 1 0 1.47064 0 0 1 -0.39701 0 0 0 1</matrix>
                <node id="VisualSceneNode16" name="LeftArm" sid="LeftArm" type="JOINT">
                  <matrix>1 0 0 0.561685 0 1 0 -0.063961 0 0 1 0 0 0 0 1</matrix>
                  <node id="VisualSceneNode17" name="LeftForeArm" sid="LeftForeArm" type="JOINT">
                    <matrix>1 0 0 1.77145 0 1 0 0 0 0 1 0 0 0 0 1</matrix>
                    <node id="VisualSceneNode18" name="LeftHand" sid="LeftHand" type="JOINT">
                      <matrix>1 0 0 2.08 0 1 0 0 0 0 1 0 0 0 0 1</matrix>
                      <node id="VisualSceneNode19" name="LeftFinger" sid="LeftFinger" type="JOINT">
                        <matrix>1 0 0 0.90245 0 1 0 0 0 0 1 0 0 0 0 1</matrix>
                      </node>
                    </node>
                  </node>
                </node>
              </node>
              <node id="VisualSceneNode20" name="Neck" sid="Neck" type="JOINT">
                <matrix>1 0 0 0 0 1 0 1.83283 0 0 1 -0.327088 0 0 0 1</matrix>
                <node id="VisualSceneNode21" name="Head" sid="Head" type="JOINT">
                  <matrix>1 0 0 0 0 1 0 0.717162 0 0 1 0.152 0 0 0 1</matrix>
                  <node id="VisualSceneNode22" name="hair" sid="hair" type="JOINT">
                    <matrix>1 0 0 0 0 1 0 2.63629 0 0 1 -0.88721 0 0 0 1</matrix>
                  </node>
                </node>
              </node>
              <node id="VisualSceneNode23" name="RightShoulder" sid="RightShoulder" type="JOINT">
                <matrix>1 0 0 -0.894123 0 1 0 1.47063 0 0 1 -0.39701 0 0 0 1</matrix>
                <node id="VisualSceneNode24" name="RightArm" sid="RightArm" type="JOINT">
                  <matrix>1 0 0 -0.561687 0 1 0 -0.063961 0 0 1 0 0 0 0 1</matrix>
                  <node id="VisualSceneNode25" name="RightForeArm" sid="RightForeArm" type="JOINT">
                    <matrix>1 0 0 -1.77145 0 1 0 0 0 0 1 0 0 0 0 1</matrix>
                    <node id="VisualSceneNode26" name="RightHand" sid="RightHand" type="JOINT">
                      <matrix>1 0 0 -2.08 0 1 0 0 0 0 1 0 0 0 0 1</matrix>
                      <node id="VisualSceneNode27" name="RightFinger" sid="RightFinger" type="JOINT">
                        <matrix>1 0 0 -0.98902 0 1 0 0 0 0 1 0 0 0 0 1</matrix>
                      </node>
                    </node>
                  </node>
                </node>
              </node>
            </node>
          </node>
        </node>
      </node>
      <node id="VisualSceneNode28" name="mesh_0_Ch_MutoYugi01_obj" type="NODE">
        <matrix>1 0 0 0 0 1 0 0 0 0 1 0 0 0 0 1</matrix>
        <instance_controller url="#Controller">
          <skeleton>#VisualSceneNode1</skeleton>
          <bind_material>
            <technique_common>
              <instance_material symbol="VisualMaterial0" target="#VisualMaterial"/>
            </technique_common>
          </bind_material>
        </instance_controller>
      </node>
      <node id="VisualSceneNode29" name="mesh_1_Ch_MutoYugi01_obj" type="NODE">
        <matrix>1 0 0 0 0 1 0 0 0 0 1 0 0 0 0 1</matrix>
        <instance_controller url="#Controller1">
          <skeleton>#VisualSceneNode1</skeleton>
          <bind_material>
            <technique_common>
              <instance_material symbol="VisualMaterial10" target="#VisualMaterial1"/>
            </technique_common>
          </bind_material>
        </instance_controller>
      </node>
    </visual_scene>
  </library_visual_scenes>
  <scene>
    <instance_visual_scene url="#VisualSceneNode"/>
  </scene>
</COLLADA>
