version 1
nodes
  0 "mesh0"  -1
  1 "mesh1"  -1
  2 "root"  -1
  3 "Hips"  2
  4 "LeftUpLeg"  3
  5 "LeftLeg"  4
  6 "LeftFoot"  5
  7 "LeftToeBase"  6
  8 "RightUpLeg"  3
  9 "RightLeg"  8
  10 "RightFoot"  9
  11 "RightToeBase"  10
  12 "Spine"  3
  13 "Spine1"  12
  14 "Chain01"  13
  15 "Chain02"  14
  16 "LeftShoulder"  13
  17 "LeftArm"  16
  18 "LeftForeArm"  17
  19 "LeftHand"  18
  20 "LeftFinger"  19
  21 "Neck"  13
  22 "Head"  21
  23 "hair"  22
  24 "RightShoulder"  13
  25 "RightArm"  24
  26 "RightForeArm"  25
  27 "RightHand"  26
  28 "RightFinger"  27
end
skeleton
time 0
  0 0.000000 0.000000 0.000000 0.000000 0.000000 0.000000
  1 0.000000 0.000000 0.000000 0.000000 0.000000 0.000000
  2 0.000000 0.000000 0.000000 0.000000 -0.000000 0.000000
  3 0.000000 6.508830 0.397268 0.000000 -0.000000 0.000000
  4 0.688586 -0.964526 -0.052186 0.000000 -0.000000 0.000000
  5 0.000000 -2.326970 -0.119475 0.000000 -0.000000 0.000000
  6 0.000000 -1.638650 0.000000 0.000000 -0.000000 0.000000
  7 0.001767 -1.085330 0.799261 0.000000 0.000190 0.000000
  8 -0.688586 -0.964528 -0.052186 0.000000 -0.000000 0.000000
  9 0.000000 -2.326970 -0.119475 0.000000 -0.000000 0.000000
  10 0.000000 -1.638650 0.000000 0.000000 -0.000000 0.000000
  11 -0.001767 -1.085330 0.795000 0.000000 0.000190 0.000000
  12 0.000000 0.458810 0.002620 0.000000 -0.000000 0.000000
  13 0.000000 1.201300 0.019078 0.000000 -0.000000 0.000000
  14 0.000000 1.431700 0.657269 0.000000 -0.000000 0.000000
  15 0.000000 -1.894320 0.800141 0.000000 -0.000000 0.000000
  16 0.894124 1.470640 -0.397010 0.000000 -0.000000 0.000000
  17 0.561685 -0.063961 0.000000 0.000000 -0.000000 0.000000
  18 1.771450 0.000000 0.000000 0.000000 -0.000000 0.000000
  19 2.080000 0.000000 0.000000 0.000000 -0.000000 0.000000
  20 0.902450 0.000000 0.000000 0.000000 -0.000000 0.000000
  21 0.000000 1.832830 -0.327088 0.000000 -0.000000 0.000000
  22 0.000000 0.717162 0.152000 0.000000 -0.000000 0.000000
  23 0.000000 2.636291 -0.887210 0.000000 -0.000000 0.000000
  24 -0.894123 1.470630 -0.397010 0.000000 -0.000000 0.000000
  25 -0.561687 -0.063961 0.000000 0.000000 -0.000000 0.000000
  26 -1.771450 0.000000 0.000000 0.000000 -0.000000 0.000000
  27 -2.080000 0.000000 0.000000 0.000000 -0.000000 0.000000
  28 -0.989020 0.000000 0.000000 0.000000 -0.000000 0.000000
end
triangles
assets/textures/Ch_MutoYugi01_body_tex
  0 -5.956930 9.891970 0.115923 0.026913 0.999174 0.030462 0.608338 0.726740 1 27 1.000000
  0 -5.292880 9.780270 -0.104842 0.321713 0.889399 -0.324763 0.537457 0.758051 1 27 1.000000
  0 -5.955670 9.892540 -0.138552 -0.039066 0.976431 -0.212267 0.607798 0.759360 1 27 1.000000
assets/textures/Ch_MutoYugi01_body_tex
  0 -5.956930 9.891970 0.115923 0.026913 0.999174 0.030462 0.608338 0.726740 1 27 1.000000
  0 -6.231370 9.866860 0.384468 -0.188351 0.690702 0.698180 0.641403 0.692246 2 28 0.600000 27 0.400000
  0 -5.918600 9.849280 0.485395 0.078591 0.542244 0.836537 0.610541 0.699952 1 27 1.000000
assets/textures/Ch_MutoYugi01_body_tex
  0 -5.956930 9.891970 0.115923 0.026913 0.999174 0.030462 0.608338 0.726740 1 27 1.000000
  0 -5.291280 9.775610 0.329818 0.467211 0.607271 0.642601 0.536632 0.724891 1 27 1.000000
  0 -5.292880 9.780270 -0.104842 0.321713 0.889399 -0.324763 0.537457 0.758051 1 27 1.000000
assets/textures/Ch_MutoYugi01_body_tex
  0 -5.956930 9.891970 0.115923 0.026913 0.999174 0.030462 0.608338 0.726740 1 27 1.000000
  0 -5.918600 9.849280 0.485395 0.078591 0.542244 0.836537 0.610541 0.699952 1 27 1.000000
  0 -5.291280 9.775610 0.329818 0.467211 0.607271 0.642601 0.536632 0.724891 1 27 1.000000
assets/textures/Ch_MutoYugi01_body_tex
  0 -5.955670 9.892540 -0.138552 -0.039066 0.976431 -0.212267 0.607798 0.759360 1 27 1.000000
  0 -5.292880 9.780270 -0.104842 0.321713 0.889399 -0.324763 0.537457 0.758051 1 27 1.000000
  0 -5.943520 9.784320 -0.401184 0.053766 0.796018 -0.602880 0.607798 0.780830 1 27 1.000000
assets/textures/Ch_MutoYugi01_body_tex
  0 -5.291280 9.775610 0.329818 0.467211 0.607271 0.642601 0.536632 0.724891 1 27 1.000000
  0 -5.918600 9.849280 0.485395 0.078591 0.542244 0.836537 0.610541 0.699952 1 27 1.000000
  0 -5.608490 9.263050 0.547960 0.220892 0.023927 0.975005 0.593547 0.676151 1 27 1.000000
assets/textures/Ch_MutoYugi01_body_tex
  0 -5.291280 9.775610 0.329818 0.467211 0.607271 0.642601 0.536632 0.724891 1 27 1.000000
  0 -4.847060 9.520820 -0.009892 0.993419 -0.071251 0.089673 0.515402 0.752225 2 27 0.500000 26 0.500000
  0 -5.292880 9.780270 -0.104842 0.321713 0.889399 -0.324763 0.537457 0.758051 1 27 1.000000
assets/textures/Ch_MutoYugi01_body_tex
  0 -5.291280 9.775610 0.329818 0.467211 0.607271 0.642601 0.536632 0.724891 1 27 1.000000
  0 -5.608490 9.263050 0.547960 0.220892 0.023927 0.975005 0.593547 0.676151 1 27 1.000000
  0 -5.291540 9.155970 0.349435 0.696298 -0.369451 0.615366 0.536322 0.676740 1 27 1.000000
assets/textures/Ch_MutoYugi01_body_tex
  0 -5.291280 9.775610 0.329818 0.467211 0.607271 0.642601 0.536632 0.724891 1 27 1.000000
  0 -5.291540 9.155970 0.349435 0.696298 -0.369451 0.615366 0.536322 0.676740 1 27 1.000000
  0 -4.847060 9.520820 -0.009892 0.993419 -0.071251 0.089673 0.515402 0.752225 2 27 0.500000 26 0.500000
assets/textures/Ch_MutoYugi01_body_tex
  0 -5.918600 9.849280 0.485395 0.078591 0.542244 0.836537 0.610541 0.699952 1 27 1.000000
  0 -5.868930 9.379980 0.392205 -0.872866 -0.116927 0.473744 0.614413 0.678022 1 27 1.000000
  0 -5.608490 9.263050 0.547960 0.220892 0.023927 0.975005 0.593547 0.676151 1 27 1.000000
assets/textures/Ch_MutoYugi01_body_tex
  0 -5.943520 9.784320 -0.401184 0.053766 0.796018 -0.602880 0.607798 0.780830 1 27 1.000000
  0 -5.247180 9.573630 -0.407939 0.419467 0.226833 -0.878974 0.536389 0.793447 1 27 1.000000
  0 -5.894010 9.563630 -0.554724 0.103743 0.250199 -0.962620 0.608879 0.809565 1 27 1.000000
assets/textures/Ch_MutoYugi01_body_tex
  0 -5.292880 9.780270 -0.104842 0.321713 0.889399 -0.324763 0.537457 0.758051 1 27 1.000000
  0 -4.847060 9.520820 -0.009892 0.993419 -0.071251 0.089673 0.515402 0.752225 2 27 0.500000 26 0.500000
  0 -5.247180 9.573630 -0.407939 0.419467 0.226833 -0.878974 0.536389 0.793447 1 27 1.000000
assets/textures/Ch_MutoYugi01_body_tex
  0 -5.292880 9.780270 -0.104842 0.321713 0.889399 -0.324763 0.537457 0.758051 1 27 1.000000
  0 -5.247180 9.573630 -0.407939 0.419467 0.226833 -0.878974 0.536389 0.793447 1 27 1.000000
  0 -5.943520 9.784320 -0.401184 0.053766 0.796018 -0.602880 0.607798 0.780830 1 27 1.000000
assets/textures/Ch_MutoYugi01_body_tex
  0 -5.291540 9.155970 0.349435 0.696298 -0.369451 0.615366 0.536322 0.676740 1 27 1.000000
  0 -5.608490 9.263050 0.547960 0.220892 0.023927 0.975005 0.593547 0.676151 1 27 1.000000
  0 -5.581480 9.030010 0.424100 0.256077 -0.880912 0.398018 0.588342 0.642659 1 27 1.000000
assets/textures/Ch_MutoYugi01_body_tex
  0 -5.247180 9.573630 -0.407939 0.419467 0.226833 -0.878974 0.536389 0.793447 1 27 1.000000
  0 -5.296210 9.062470 -0.211444 0.311022 -0.853467 -0.418162 0.536412 0.816476 1 27 1.000000
  0 -5.894010 9.563630 -0.554724 0.103743 0.250199 -0.962620 0.608879 0.809565 1 27 1.000000
assets/textures/Ch_MutoYugi01_body_tex
  0 -5.291540 9.155970 0.349435 0.696298 -0.369451 0.615366 0.536322 0.676740 1 27 1.000000
  0 -5.296210 9.062470 -0.211444 0.311022 -0.853467 -0.418162 0.536412 0.816476 1 27 1.000000
  0 -4.847060 9.520820 -0.009892 0.993419 -0.071251 0.089673 0.515402 0.752225 2 27 0.500000 26 0.500000
assets/textures/Ch_MutoYugi01_body_tex
  0 -5.247180 9.573630 -0.407939 0.419467 0.226833 -0.878974 0.536389 0.793447 1 27 1.000000
  0 -4.847060 9.520820 -0.009892 0.993419 -0.071251 0.089673 0.515402 0.752225 2 27 0.500000 26 0.500000
  0 -5.296210 9.062470 -0.211444 0.311022 -0.853467 -0.418162 0.536412 0.816476 1 27 1.000000
assets/textures/Ch_MutoYugi01_body_tex
  0 -5.868930 9.379980 0.392205 -0.872866 -0.116927 0.473744 0.614413 0.678022 1 27 1.000000
  0 -6.208450 9.045930 0.627532 -0.011215 0.090994 0.995788 0.657390 0.653058 1 27 1.000000
  0 -5.608490 9.263050 0.547960 0.220892 0.023927 0.975005 0.593547 0.676151 1 27 1.000000
assets/textures/Ch_MutoYugi01_body_tex
  0 -5.608490 9.263050 0.547960 0.220892 0.023927 0.975005 0.593547 0.676151 1 27 1.000000
  0 -6.208450 9.045930 0.627532 -0.011215 0.090994 0.995788 0.657390 0.653058 1 27 1.000000
  0 -5.581480 9.030010 0.424100 0.256077 -0.880912 0.398018 0.588342 0.642659 1 27 1.000000
assets/textures/Ch_MutoYugi01_body_tex
  0 -5.868930 9.379980 0.392205 -0.872866 -0.116927 0.473744 0.614413 0.678022 1 27 1.000000
  0 -6.287400 9.101200 0.526676 -0.670488 0.695558 -0.258157 0.669301 0.659708 1 27 1.000000
  0 -6.208450 9.045930 0.627532 -0.011215 0.090994 0.995788 0.657390 0.653058 1 27 1.000000
assets/textures/Ch_MutoYugi01_body_tex
  0 -5.894010 9.563630 -0.554724 0.103743 0.250199 -0.962620 0.608879 0.809565 1 27 1.000000
  0 -5.296210 9.062470 -0.211444 0.311022 -0.853467 -0.418162 0.536412 0.816476 1 27 1.000000
  0 -5.874150 9.169650 -0.388651 -0.232328 -0.868176 -0.438513 0.607454 0.828444 1 27 1.000000
assets/textures/Ch_MutoYugi01_body_tex
  0 -5.894010 9.563630 -0.554724 0.103743 0.250199 -0.962620 0.608879 0.809565 1 27 1.000000
  0 -5.874150 9.169650 -0.388651 -0.232328 -0.868176 -0.438513 0.607454 0.828444 1 27 1.000000
  0 -6.200700 9.387430 -0.386603 -0.263346 -0.827406 -0.496033 0.641363 0.829538 1 27 1.000000
assets/textures/Ch_MutoYugi01_body_tex
  0 -6.287400 9.101200 0.526676 -0.670488 0.695558 -0.258157 0.669301 0.659708 1 27 1.000000
  0 -6.271390 8.951650 0.458266 -0.437358 -0.362834 -0.822842 0.670753 0.633074 1 27 1.000000
  0 -6.208450 9.045930 0.627532 -0.011215 0.090994 0.995788 0.657390 0.653058 1 27 1.000000
assets/textures/Ch_MutoYugi01_body_tex
  0 -6.201310 8.865640 0.548210 0.155684 -0.955623 0.250094 0.656797 0.628943 1 27 1.000000
  0 -6.208450 9.045930 0.627532 -0.011215 0.090994 0.995788 0.657390 0.653058 1 27 1.000000
  0 -6.271390 8.951650 0.458266 -0.437358 -0.362834 -0.822842 0.670753 0.633074 1 27 1.000000
assets/textures/Ch_MutoYugi01_body_tex
  0 -5.581480 9.030010 0.424100 0.256077 -0.880912 0.398018 0.588342 0.642659 1 27 1.000000
  0 -6.208450 9.045930 0.627532 -0.011215 0.090994 0.995788 0.657390 0.653058 1 27 1.000000
  0 -6.201310 8.865640 0.548210 0.155684 -0.955623 0.250094 0.656797 0.628943 1 27 1.000000
assets/textures/Ch_MutoYugi01_body_tex
  0 0.457423 9.037810 1.480200 0.611482 0.240285 0.753892 0.401764 0.505035 1 14 1.000000
  0 0.754927 8.859840 1.285270 0.611482 0.240285 0.753892 0.490470 0.505035 1 14 1.000000
  0 0.561580 9.490060 1.241220 0.611482 0.240285 0.753892 0.401764 0.639100 3 16 0.110000 13 0.870000 12 0.020000
assets/textures/Ch_MutoYugi01_body_tex
  0 0.754927 8.859840 1.285270 0.611482 0.240285 0.753892 0.490470 0.505035 1 14 1.000000
  0 0.877745 9.316440 1.050470 0.611482 0.240285 0.753892 0.490470 0.639100 1 14 1.000000
  0 0.561580 9.490060 1.241220 0.611482 0.240285 0.753892 0.401764 0.639100 3 16 0.110000 13 0.870000 12 0.020000
assets/textures/Ch_MutoYugi01_body_tex
  0 0.489490 9.248210 1.279280 0.172140 0.549529 0.817549 0.401764 0.505035 1 14 1.000000
  0 0.890702 9.188750 1.234770 0.172140 0.549529 0.817549 0.490470 0.505035 1 14 1.000000
  0 0.520390 9.677640 0.984123 0.172140 0.549529 0.817549 0.401764 0.639100 3 16 0.140000 14 0.600000 13 0.260000
assets/textures/Ch_MutoYugi01_body_tex
  0 0.890702 9.188750 1.234770 0.172140 0.549529 0.817549 0.490470 0.505035 1 14 1.000000
  0 0.921601 9.618180 0.939614 0.172140 0.549529 0.817549 0.490470 0.639100 3 16 0.200000 14 0.600000 13 0.200000
  0 0.520390 9.677640 0.984123 0.172140 0.549529 0.817549 0.401764 0.639100 3 16 0.140000 14 0.600000 13 0.260000
assets/textures/Ch_MutoYugi01_body_tex
  0 -0.870852 9.185480 1.169410 -0.229689 0.452975 0.861427 0.401764 0.639100 1 14 1.000000
  0 -0.675759 8.741980 1.454650 -0.229689 0.452975 0.861427 0.401764 0.505035 4 15 0.020000 14 0.910000 13 0.060000 12 0.010000
  0 -0.276132 8.924550 1.465200 -0.229689 0.452975 0.861427 0.490470 0.505035 1 14 1.000000
assets/textures/Ch_MutoYugi01_body_tex
  0 1.323190 8.538200 -0.104556 0.859529 -0.351679 -0.370852 0.793799 0.295456 1 13 1.000000
  0 0.692905 7.986010 -0.429627 0.417792 -0.356229 -0.835793 0.880206 0.249061 3 13 0.480000 12 0.320000 3 0.200000
  0 0.851605 8.538200 -0.663372 0.411656 -0.307479 -0.857902 0.865882 0.295456 1 13 1.000000
assets/textures/Ch_MutoYugi01_body_tex
  0 1.323190 8.538200 -0.104556 0.859529 -0.351679 -0.370852 0.793799 0.295456 1 13 1.000000
  0 1.404230 8.794090 -0.090219 0.832967 -0.527313 -0.167652 0.793799 0.332577 1 13 1.000000
  0 1.288990 8.538200 0.543550 0.952461 -0.273762 0.133688 0.747218 0.295456 1 13 1.000000
assets/textures/Ch_MutoYugi01_body_tex
  0 1.323190 8.538200 -0.104556 0.859529 -0.351679 -0.370852 0.793799 0.295456 1 13 1.000000
  0 0.851605 8.538200 -0.663372 0.411656 -0.307479 -0.857902 0.865882 0.295456 1 13 1.000000
  0 1.404230 8.794090 -0.090219 0.832967 -0.527313 -0.167652 0.793799 0.332577 1 13 1.000000
assets/textures/Ch_MutoYugi01_body_tex
  0 0.988997 9.033450 0.895188 0.429519 0.226636 0.874157 0.691059 0.346074 1 13 1.000000
  0 1.201240 8.523110 0.828929 0.884217 -0.199820 0.422176 0.715035 0.295456 3 16 0.030000 13 0.710000 12 0.260000
  0 1.164610 9.056170 0.811175 0.660471 0.174689 0.730248 0.714733 0.347281 1 13 1.000000
assets/textures/Ch_MutoYugi01_body_tex
  0 0.988997 9.033450 0.895188 0.429519 0.226636 0.874157 0.691059 0.346074 1 13 1.000000
  0 0.709389 9.286770 0.903412 -0.791600 -0.110712 -0.600926 0.667981 0.380893 2 13 0.750000 12 0.250000
  0 0.674862 9.018970 1.023730 -0.808837 0.057910 -0.585174 0.659934 0.346022 2 13 0.750000 12 0.250000
assets/textures/Ch_MutoYugi01_body_tex
  0 0.988997 9.033450 0.895188 0.429519 0.226636 0.874157 0.691059 0.346074 1 13 1.000000
  0 1.164610 9.056170 0.811175 0.660471 0.174689 0.730248 0.714733 0.347281 1 13 1.000000
  0 1.031660 9.312580 0.774505 0.438862 0.396151 0.806514 0.705315 0.385391 2 16 0.410000 13 0.590000
assets/textures/Ch_MutoYugi01_body_tex
  0 0.988997 9.033450 0.895188 0.429519 0.226636 0.874157 0.691059 0.346074 1 13 1.000000
  0 1.031660 9.312580 0.774505 0.438862 0.396151 0.806514 0.705315 0.385391 2 16 0.410000 13 0.590000
  0 0.709389 9.286770 0.903412 -0.791600 -0.110712 -0.600926 0.667981 0.380893 2 13 0.750000 12 0.250000
assets/textures/Ch_MutoYugi01_body_tex
  0 1.164610 9.056170 0.811175 0.660471 0.174689 0.730248 0.714733 0.347281 1 13 1.000000
  0 1.201240 8.523110 0.828929 0.884217 -0.199820 0.422176 0.715035 0.295456 3 16 0.030000 13 0.710000 12 0.260000
  0 1.361080 9.148800 0.531495 0.694573 -0.275688 0.664503 0.762722 0.376154 1 13 1.000000
assets/textures/Ch_MutoYugi01_body_tex
  0 1.288990 8.538200 0.543550 0.952461 -0.273762 0.133688 0.747218 0.295456 1 13 1.000000
  0 1.404230 8.794090 -0.090219 0.832967 -0.527313 -0.167652 0.793799 0.332577 1 13 1.000000
  0 1.361080 9.148800 0.531495 0.694573 -0.275688 0.664503 0.762722 0.376154 1 13 1.000000
assets/textures/Ch_MutoYugi01_body_tex
  0 1.288990 8.538200 0.543550 0.952461 -0.273762 0.133688 0.747218 0.295456 1 13 1.000000
  0 1.361080 9.148800 0.531495 0.694573 -0.275688 0.664503 0.762722 0.376154 1 13 1.000000
  0 1.201240 8.523110 0.828929 0.884217 -0.199820 0.422176 0.715035 0.295456 3 16 0.030000 13 0.710000 12 0.260000
assets/textures/Ch_MutoYugi01_body_tex
  0 1.164610 9.056170 0.811175 0.660471 0.174689 0.730248 0.714733 0.347281 1 13 1.000000
  0 1.361080 9.148800 0.531495 0.694573 -0.275688 0.664503 0.762722 0.376154 1 13 1.000000
  0 1.031660 9.312580 0.774505 0.438862 0.396151 0.806514 0.705315 0.385391 2 16 0.410000 13 0.590000
assets/textures/Ch_MutoYugi01_body_tex
  0 0.851605 8.538200 -0.663372 0.411656 -0.307479 -0.857902 0.865882 0.295456 1 13 1.000000
  0 0.692905 7.986010 -0.429627 0.417792 -0.356229 -0.835793 0.880206 0.249061 3 13 0.480000 12 0.320000 3 0.200000
  0 0.000000 8.538200 -0.784378 0.000000 -0.226990 -0.973897 0.987163 0.295456 2 13 0.620000 12 0.380000
assets/textures/Ch_MutoYugi01_body_tex
  0 0.851605 8.538200 -0.663372 0.411656 -0.307479 -0.857902 0.865882 0.295456 1 13 1.000000
  0 1.184470 9.175490 -0.650376 0.290054 -0.146905 -0.945668 0.820481 0.354313 2 17 0.460000 16 0.540000
  0 1.404230 8.794090 -0.090219 0.832967 -0.527313 -0.167652 0.793799 0.332577 1 13 1.000000
assets/textures/Ch_MutoYugi01_body_tex
  0 0.851605 8.538200 -0.663372 0.411656 -0.307479 -0.857902 0.865882 0.295456 1 13 1.000000
  0 0.000000 8.538200 -0.784378 0.000000 -0.226990 -0.973897 0.987163 0.295456 2 13 0.620000 12 0.380000
  0 0.724755 9.154460 -0.698298 0.140198 0.088536 -0.986157 0.880206 0.351133 1 13 1.000000
assets/textures/Ch_MutoYugi01_body_tex
  0 0.851605 8.538200 -0.663372 0.411656 -0.307479 -0.857902 0.865882 0.295456 1 13 1.000000
  0 0.724755 9.154460 -0.698298 0.140198 0.088536 -0.986157 0.880206 0.351133 1 13 1.000000
  0 1.184470 9.175490 -0.650376 0.290054 -0.146905 -0.945668 0.820481 0.354313 2 17 0.460000 16 0.540000
assets/textures/Ch_MutoYugi01_body_tex
  0 0.926782 9.018970 1.256010 0.372520 0.020315 0.927802 0.611205 0.352952 1 13 1.000000
  0 0.876530 9.018970 1.103940 0.621948 -0.444235 -0.644854 0.629631 0.348601 1 13 1.000000
  0 1.050380 9.286770 1.196470 0.424306 0.310572 0.850594 0.604615 0.396314 1 13 1.000000
assets/textures/Ch_MutoYugi01_body_tex
  0 0.876530 9.018970 1.103940 0.621948 -0.444235 -0.644854 0.629631 0.348601 1 13 1.000000
  0 0.958265 9.286770 0.991177 0.504271 -0.570427 -0.648323 0.635768 0.391873 1 13 1.000000
  0 1.050380 9.286770 1.196470 0.424306 0.310572 0.850594 0.604615 0.396314 1 13 1.000000
assets/textures/Ch_MutoYugi01_body_tex
  0 1.361080 9.148800 0.531495 0.694573 -0.275688 0.664503 0.762722 0.376154 1 13 1.000000
  0 1.198760 9.588250 0.544136 0.248105 0.252949 0.935126 0.746158 0.427855 2 17 0.390000 16 0.610000
  0 1.031660 9.312580 0.774505 0.438862 0.396151 0.806514 0.705315 0.385391 2 16 0.410000 13 0.590000
assets/textures/Ch_MutoYugi01_body_tex
  0 0.724755 9.154460 -0.698298 0.140198 0.088536 -0.986157 0.880206 0.351133 1 13 1.000000
  0 1.047760 9.790050 -0.509022 -0.039229 0.495901 -0.867492 0.820481 0.401481 2 16 0.530000 13 0.470000
  0 1.184470 9.175490 -0.650376 0.290054 -0.146905 -0.945668 0.820481 0.354313 2 17 0.460000 16 0.540000
assets/textures/Ch_MutoYugi01_body_tex
  0 0.724755 9.154460 -0.698298 0.140198 0.088536 -0.986157 0.880206 0.351133 1 13 1.000000
  0 0.000000 8.538200 -0.784378 0.000000 -0.226990 -0.973897 0.987163 0.295456 2 13 0.620000 12 0.380000
  0 0.000000 9.133160 -0.826101 0.000000 0.075886 -0.997117 0.987163 0.351133 1 13 1.000000
assets/textures/Ch_MutoYugi01_body_tex
  0 0.724755 9.154460 -0.698298 0.140198 0.088536 -0.986157 0.880206 0.351133 1 13 1.000000
  0 0.000000 9.133160 -0.826101 0.000000 0.075886 -0.997117 0.987163 0.351133 1 13 1.000000
  0 0.656148 9.779870 -0.606227 0.133408 0.199552 -0.970763 0.880206 0.401481 1 13 1.000000
assets/textures/Ch_MutoYugi01_body_tex
  0 0.724755 9.154460 -0.698298 0.140198 0.088536 -0.986157 0.880206 0.351133 1 13 1.000000
  0 0.656148 9.779870 -0.606227 0.133408 0.199552 -0.970763 0.880206 0.401481 1 13 1.000000
  0 1.047760 9.790050 -0.509022 -0.039229 0.495901 -0.867492 0.820481 0.401481 2 16 0.530000 13 0.470000
assets/textures/Ch_MutoYugi01_body_tex
  0 0.958265 9.286770 0.991177 0.504271 -0.570427 -0.648323 0.635768 0.391873 1 13 1.000000
  0 1.275430 9.618340 0.951341 0.857847 0.057917 0.510631 0.610292 0.446496 1 13 1.000000
  0 1.050380 9.286770 1.196470 0.424306 0.310572 0.850594 0.604615 0.396314 1 13 1.000000
assets/textures/Ch_MutoYugi01_body_tex
  0 1.023930 9.618340 0.775122 0.464036 -0.545717 -0.697756 0.652086 0.442925 1 13 1.000000
  0 1.275430 9.618340 0.951341 0.857847 0.057917 0.510631 0.610292 0.446496 1 13 1.000000
  0 0.958265 9.286770 0.991177 0.504271 -0.570427 -0.648323 0.635768 0.391873 1 13 1.000000
assets/textures/Ch_MutoYugi01_body_tex
  0 0.000000 9.133160 -0.826101 0.000000 0.075886 -0.997117 0.987163 0.351133 1 13 1.000000
  0 -0.724755 9.154460 -0.698298 -0.140198 0.088536 -0.986157 0.880206 0.351133 1 13 1.000000
  0 -0.656148 9.779870 -0.606227 -0.133408 0.199552 -0.970763 0.880206 0.401481 2 24 0.500000 13 0.500000
assets/textures/Ch_MutoYugi01_body_tex
  0 0.656148 9.779870 -0.606227 0.133408 0.199552 -0.970763 0.880206 0.401481 1 13 1.000000
  0 0.000000 9.769240 -0.650229 0.000000 0.183864 -0.982952 0.987163 0.401481 1 13 1.000000
  0 0.593216 9.921940 -0.577479 0.206511 0.463112 -0.861905 0.881909 0.425725 1 13 1.000000
assets/textures/Ch_MutoYugi01_body_tex
  0 0.000000 9.133160 -0.826101 0.000000 0.075886 -0.997117 0.987163 0.351133 1 13 1.000000
  0 -0.656148 9.779870 -0.606227 -0.133408 0.199552 -0.970763 0.880206 0.401481 2 24 0.500000 13 0.500000
  0 0.000000 9.769240 -0.650229 0.000000 0.183864 -0.982952 0.987163 0.401481 1 13 1.000000
assets/textures/Ch_MutoYugi01_body_tex
  0 0.000000 9.133160 -0.826101 0.000000 0.075886 -0.997117 0.987163 0.351133 1 13 1.000000
  0 0.000000 9.769240 -0.650229 0.000000 0.183864 -0.982952 0.987163 0.401481 1 13 1.000000
  0 0.656148 9.779870 -0.606227 0.133408 0.199552 -0.970763 0.880206 0.401481 1 13 1.000000
assets/textures/Ch_MutoYugi01_body_tex
  0 0.797114 9.988790 -0.282476 0.349804 0.764498 -0.541461 0.863075 0.469347 1 13 1.000000
  0 0.970894 10.076300 -0.057915 0.901966 0.080390 -0.424259 0.861072 0.490344 1 13 1.000000
  0 1.197660 10.035100 -0.090246 -0.005816 0.999475 -0.031873 0.818458 0.490344 2 16 0.400000 13 0.600000
assets/textures/Ch_MutoYugi01_body_tex
  0 0.797114 9.988790 -0.282476 0.349804 0.764498 -0.541461 0.863075 0.469347 1 13 1.000000
  0 0.593216 9.921940 -0.577479 0.206511 0.463112 -0.861905 0.881909 0.425725 1 13 1.000000
  0 0.630072 10.150000 -0.423284 0.497199 0.045910 -0.866421 0.918551 0.469027 1 13 1.000000
assets/textures/Ch_MutoYugi01_body_tex
  0 0.797114 9.988790 -0.282476 0.349804 0.764498 -0.541461 0.863075 0.469347 1 13 1.000000
  0 0.630072 10.150000 -0.423284 0.497199 0.045910 -0.866421 0.918551 0.469027 1 13 1.000000
  0 0.970894 10.076300 -0.057915 0.901966 0.080390 -0.424259 0.863075 0.469347 1 13 1.000000
assets/textures/Ch_MutoYugi01_body_tex
  0 -1.323190 8.538200 -0.104556 -0.859529 -0.351679 -0.370852 0.793799 0.295456 1 13 1.000000
  0 -1.404230 8.794090 -0.090219 -0.844849 -0.475971 -0.244297 0.793799 0.332577 1 13 1.000000
  0 -0.851605 8.538200 -0.663372 -0.411656 -0.307479 -0.857902 0.865882 0.295456 1 13 1.000000
assets/textures/Ch_MutoYugi01_body_tex
  0 -1.288990 8.538200 0.543550 -0.952461 -0.273762 0.133688 0.747218 0.295456 1 13 1.000000
  0 -1.404230 8.794090 -0.090219 -0.844849 -0.475971 -0.244297 0.793799 0.332577 1 13 1.000000
  0 -1.323190 8.538200 -0.104556 -0.859529 -0.351679 -0.370852 0.793799 0.295456 1 13 1.000000
assets/textures/Ch_MutoYugi01_body_tex
  0 -1.288990 8.538200 0.543550 -0.952461 -0.273762 0.133688 0.747218 0.295456 1 13 1.000000
  0 -1.030510 7.986010 0.887523 -0.918609 -0.283329 0.275469 0.719933 0.249061 3 13 0.500000 12 0.490000 3 0.010000
  0 -1.201240 8.523110 0.828929 -0.884217 -0.199820 0.422176 0.715035 0.295456 3 24 0.030000 13 0.710000 12 0.260000
assets/textures/Ch_MutoYugi01_body_tex
  0 -1.288990 8.538200 0.543550 -0.952461 -0.273762 0.133688 0.747218 0.295456 1 13 1.000000
  0 -1.361080 9.148800 0.531495 -0.724092 -0.161784 0.670461 0.762722 0.376154 2 24 0.330000 13 0.670000
  0 -1.404230 8.794090 -0.090219 -0.844849 -0.475971 -0.244297 0.793799 0.332577 1 13 1.000000
assets/textures/Ch_MutoYugi01_body_tex
  0 -1.288990 8.538200 0.543550 -0.952461 -0.273762 0.133688 0.747218 0.295456 1 13 1.000000
  0 -1.201240 8.523110 0.828929 -0.884217 -0.199820 0.422176 0.715035 0.295456 3 24 0.030000 13 0.710000 12 0.260000
  0 -1.361080 9.148800 0.531495 -0.724092 -0.161784 0.670461 0.762722 0.376154 2 24 0.330000 13 0.670000
assets/textures/Ch_MutoYugi01_body_tex
  0 0.970894 10.076300 -0.057915 0.901966 0.080390 -0.424259 0.708581 0.491651 1 13 1.000000
  0 1.106140 9.786500 0.360362 -0.137546 0.816366 0.560917 0.738101 0.464703 2 16 0.610000 13 0.390000
  0 1.197660 10.035100 -0.090246 -0.005816 0.999475 -0.031873 0.738101 0.491651 2 16 0.400000 13 0.600000
assets/textures/Ch_MutoYugi01_body_tex
  0 -0.724755 9.154460 -0.698298 -0.140198 0.088536 -0.986157 0.880206 0.351133 1 13 1.000000
  0 -1.047760 9.790050 -0.509022 0.039229 0.495901 -0.867493 0.820481 0.401481 2 24 0.530000 13 0.470000
  0 -0.656148 9.779870 -0.606227 -0.133408 0.199552 -0.970763 0.880206 0.401481 2 24 0.500000 13 0.500000
assets/textures/Ch_MutoYugi01_body_tex
  0 -0.724755 9.154460 -0.698298 -0.140198 0.088536 -0.986157 0.880206 0.351133 1 13 1.000000
  0 -1.184470 9.175490 -0.650376 -0.290054 -0.146905 -0.945668 0.820481 0.354313 2 25 0.460000 24 0.540000
  0 -1.047760 9.790050 -0.509022 0.039229 0.495901 -0.867493 0.820481 0.401481 2 24 0.530000 13 0.470000
assets/textures/Ch_MutoYugi01_body_tex
  0 -0.724755 9.154460 -0.698298 -0.140198 0.088536 -0.986157 0.880206 0.351133 1 13 1.000000
  0 -0.851605 8.538200 -0.663372 -0.411656 -0.307479 -0.857902 0.865882 0.295456 1 13 1.000000
  0 -1.184470 9.175490 -0.650376 -0.290054 -0.146905 -0.945668 0.820481 0.354313 2 25 0.460000 24 0.540000
assets/textures/Ch_MutoYugi01_body_tex
  0 0.000000 9.769240 -0.650229 0.000000 0.183864 -0.982952 0.987163 0.401481 1 13 1.000000
  0 0.000000 9.926330 -0.675673 0.000000 0.347019 -0.937858 0.987163 0.426183 1 13 1.000000
  0 0.593216 9.921940 -0.577479 0.206511 0.463112 -0.861905 0.881909 0.425725 1 13 1.000000
assets/textures/Ch_MutoYugi01_body_tex
  0 0.000000 9.769240 -0.650229 0.000000 0.183864 -0.982952 0.987163 0.401481 1 13 1.000000
  0 -0.656148 9.779870 -0.606227 -0.133408 0.199552 -0.970763 0.880206 0.401481 2 24 0.500000 13 0.500000
  0 -0.593216 9.921940 -0.577479 -0.206511 0.463112 -0.861905 0.881909 0.425725 2 24 0.500000 13 0.500000
assets/textures/Ch_MutoYugi01_body_tex
  0 0.000000 9.769240 -0.650229 0.000000 0.183864 -0.982952 0.987163 0.401481 1 13 1.000000
  0 -0.593216 9.921940 -0.577479 -0.206511 0.463112 -0.861905 0.881909 0.425725 2 24 0.500000 13 0.500000
  0 0.000000 9.926330 -0.675673 0.000000 0.347019 -0.937858 0.987163 0.426183 1 13 1.000000
assets/textures/Ch_MutoYugi01_body_tex
  0 0.000000 9.926330 -0.675673 0.000000 0.347019 -0.937858 0.987163 0.426183 1 13 1.000000
  0 0.000000 10.158800 -0.547464 0.000000 0.075886 -0.997117 0.986480 0.469977 1 13 1.000000
  0 0.593216 9.921940 -0.577479 0.206511 0.463112 -0.861905 0.881909 0.425725 1 13 1.000000
assets/textures/Ch_MutoYugi01_body_tex
  0 0.000000 9.926330 -0.675673 0.000000 0.347019 -0.937858 0.987163 0.426183 1 13 1.000000
  0 -0.593216 9.921940 -0.577479 -0.206511 0.463112 -0.861905 0.881909 0.425725 2 24 0.500000 13 0.500000
  0 0.000000 10.158800 -0.547464 0.000000 0.075886 -0.997117 0.986480 0.469977 1 13 1.000000
assets/textures/Ch_MutoYugi01_body_tex
  0 0.630072 10.150000 -0.423284 0.497199 0.045910 -0.866421 0.918551 0.469027 1 13 1.000000
  0 0.593216 9.921940 -0.577479 0.206511 0.463112 -0.861905 0.881909 0.425725 1 13 1.000000
  0 0.000000 10.158800 -0.547464 0.000000 0.075886 -0.997117 0.986480 0.469977 1 13 1.000000
assets/textures/Ch_MutoYugi01_body_tex
  0 0.000000 10.158800 -0.547464 0.000000 0.075886 -0.997117 0.986480 0.469977 1 13 1.000000
  0 -0.593216 9.921940 -0.577479 -0.206511 0.463112 -0.861905 0.881909 0.425725 2 24 0.500000 13 0.500000
  0 -0.630072 10.150000 -0.423284 -0.497200 0.045910 -0.866421 0.918551 0.469027 3 24 0.120000 21 0.010000 13 0.870000
assets/textures/Ch_MutoYugi01_body_tex
  0 -1.164610 9.056170 0.811175 -0.660470 0.174688 0.730248 0.714733 0.347281 1 13 1.000000
  0 -0.988997 9.033450 0.895188 -0.429519 0.226636 0.874157 0.691059 0.346074 1 13 1.000000
  0 -1.031660 9.312580 0.774505 -0.438862 0.396151 0.806514 0.705315 0.385391 2 24 0.410000 13 0.590000
assets/textures/Ch_MutoYugi01_body_tex
  0 -0.926782 9.018970 1.256010 -0.372520 0.020315 0.927802 0.611205 0.352952 1 13 1.000000
  0 -1.050380 9.286770 1.196470 -0.424306 0.310571 0.850594 0.604615 0.396314 1 13 1.000000
  0 -0.876530 9.018970 1.103940 -0.621948 -0.444235 -0.644854 0.629631 0.348601 1 13 1.000000
assets/textures/Ch_MutoYugi01_body_tex
  0 -0.674862 9.018970 1.023730 0.808838 0.057913 -0.585173 0.659934 0.346022 1 13 1.000000
  0 -0.876530 9.018970 1.103940 -0.621948 -0.444235 -0.644854 0.629631 0.348601 1 13 1.000000
  0 -0.709389 9.286770 0.903412 0.791602 -0.110710 -0.600924 0.667981 0.380893 3 24 0.260000 13 0.700000 12 0.040000
assets/textures/Ch_MutoYugi01_body_tex
  0 -0.988997 9.033450 0.895188 -0.429519 0.226636 0.874157 0.691059 0.346074 1 13 1.000000
  0 -0.709389 9.286770 0.903412 0.791602 -0.110710 -0.600924 0.667981 0.380893 3 24 0.260000 13 0.700000 12 0.040000
  0 -1.031660 9.312580 0.774505 -0.438862 0.396151 0.806514 0.705315 0.385391 2 24 0.410000 13 0.590000
assets/textures/Ch_MutoYugi01_body_tex
  0 -0.674862 9.018970 1.023730 0.808838 0.057913 -0.585173 0.659934 0.346022 1 13 1.000000
  0 -0.709389 9.286770 0.903412 0.791602 -0.110710 -0.600924 0.667981 0.380893 3 24 0.260000 13 0.700000 12 0.040000
  0 -0.988997 9.033450 0.895188 -0.429519 0.226636 0.874157 0.691059 0.346074 1 13 1.000000
assets/textures/Ch_MutoYugi01_body_tex
  0 -0.876530 9.018970 1.103940 -0.621948 -0.444235 -0.644854 0.629631 0.348601 1 13 1.000000
  0 -0.958265 9.286770 0.991177 -0.504272 -0.570427 -0.648323 0.635768 0.391873 1 13 1.000000
  0 -0.709389 9.286770 0.903412 0.791602 -0.110710 -0.600924 0.667981 0.380893 3 24 0.260000 13 0.700000 12 0.040000
assets/textures/Ch_MutoYugi01_body_tex
  0 -1.050380 9.286770 1.196470 -0.424306 0.310571 0.850594 0.604615 0.396314 1 13 1.000000
  0 -0.958265 9.286770 0.991177 -0.504272 -0.570427 -0.648323 0.635768 0.391873 1 13 1.000000
  0 -0.876530 9.018970 1.103940 -0.621948 -0.444235 -0.644854 0.629631 0.348601 1 13 1.000000
assets/textures/Ch_MutoYugi01_body_tex
  0 -1.050380 9.286770 1.196470 -0.424306 0.310571 0.850594 0.604615 0.396314 1 13 1.000000
  0 -1.275430 9.618340 0.951341 -0.857845 0.057915 0.510634 0.610292 0.446496 1 13 1.000000
  0 -0.958265 9.286770 0.991177 -0.504272 -0.570427 -0.648323 0.635768 0.391873 1 13 1.000000
assets/textures/Ch_MutoYugi01_body_tex
  0 -1.023930 9.618340 0.775122 -0.464036 -0.545717 -0.697756 0.652086 0.442925 1 13 1.000000
  0 -0.709389 9.286770 0.903412 0.791602 -0.110710 -0.600924 0.667981 0.380893 3 24 0.260000 13 0.700000 12 0.040000
  0 -0.958265 9.286770 0.991177 -0.504272 -0.570427 -0.648323 0.635768 0.391873 1 13 1.000000
assets/textures/Ch_MutoYugi01_body_tex
  0 -1.023930 9.618340 0.775122 -0.464036 -0.545717 -0.697756 0.652086 0.442925 1 13 1.000000
  0 -0.958265 9.286770 0.991177 -0.504272 -0.570427 -0.648323 0.635768 0.391873 1 13 1.000000
  0 -1.275430 9.618340 0.951341 -0.857845 0.057915 0.510634 0.610292 0.446496 1 13 1.000000
assets/textures/Ch_MutoYugi01_body_tex
  0 -1.223630 8.531060 0.538923 0.954827 0.276456 -0.108987 0.894131 0.506655 1 13 1.000000
  0 -1.056810 7.985370 0.038650 0.900918 0.334906 0.276016 0.987100 0.599624 2 13 0.580000 12 0.420000
  0 -1.257430 8.531060 -0.101360 0.857038 0.366195 0.362473 0.987100 0.506655 1 13 1.000000
assets/textures/Ch_MutoYugi01_body_tex
  0 -1.223630 8.531060 0.538923 0.954827 0.276456 -0.108987 0.894131 0.506655 1 13 1.000000
  0 -1.257430 8.531060 -0.101360 0.857038 0.366195 0.362473 0.894131 0.599624 1 13 1.000000
  0 -1.364580 8.820700 -0.086344 0.815328 0.559963 0.147251 0.987100 0.599624 1 13 1.000000
assets/textures/Ch_MutoYugi01_body_tex
  0 -1.223630 8.531060 0.538923 0.954827 0.276456 -0.108987 0.894131 0.506655 1 13 1.000000
  0 -1.364580 8.820700 -0.086344 0.815328 0.559963 0.147251 0.987100 0.599624 1 13 1.000000
  0 -1.323350 9.159620 0.507700 0.691803 0.316434 -0.649060 0.987100 0.506655 2 24 0.500000 13 0.500000
assets/textures/Ch_MutoYugi01_body_tex
  0 -1.257430 8.531060 -0.101360 0.857038 0.366195 0.362473 0.987100 0.506655 1 13 1.000000
  0 -1.164520 9.160660 -0.614906 0.316464 0.181226 0.931133 0.894131 0.599624 2 25 0.450000 24 0.550000
  0 -1.364580 8.820700 -0.086344 0.815328 0.559963 0.147251 0.987100 0.599624 1 13 1.000000
assets/textures/Ch_MutoYugi01_body_tex
  0 -1.257430 8.531060 -0.101360 0.857038 0.366195 0.362473 0.987100 0.506655 1 13 1.000000
  0 -0.791530 8.531060 -0.653431 0.400642 0.309465 0.862391 0.894131 0.506655 2 24 0.270000 13 0.730000
  0 -1.164520 9.160660 -0.614906 0.316464 0.181226 0.931133 0.894131 0.599624 2 25 0.450000 24 0.550000
assets/textures/Ch_MutoYugi01_body_tex
  0 -1.364580 8.820700 -0.086344 0.815328 0.559963 0.147251 0.987100 0.599624 1 13 1.000000
  0 -1.743340 8.974580 -0.086344 0.418947 0.904694 -0.077544 0.987100 0.506655 2 25 0.800000 24 0.200000
  0 -1.323350 9.159620 0.507700 0.691803 0.316434 -0.649060 0.894131 0.599624 2 24 0.500000 13 0.500000
assets/textures/Ch_MutoYugi01_body_tex
  0 -1.364580 8.820700 -0.086344 0.815328 0.559963 0.147251 0.894131 0.506655 1 13 1.000000
  0 -1.164520 9.160660 -0.614906 0.316464 0.181226 0.931133 0.987100 0.599624 2 25 0.450000 24 0.550000
  0 -1.533670 9.159360 -0.630169 0.262322 0.496285 0.827580 0.987100 0.506655 2 25 0.500000 24 0.500000
assets/textures/Ch_MutoYugi01_body_tex
  0 0.000000 9.747250 -0.608789 0.000000 -0.173630 0.984811 0.894131 0.599624 1 13 1.000000
  0 0.000000 9.118840 -0.789114 0.000000 -0.076964 0.997034 0.894131 0.506655 1 13 1.000000
  0 0.648227 9.757740 -0.596976 -0.117776 -0.183547 0.975930 0.987100 0.599624 1 13 1.000000
assets/textures/Ch_MutoYugi01_body_tex
  0 0.791530 8.531060 -0.653431 -0.400642 0.309464 0.862391 0.987100 0.599624 1 13 1.000000
  0 0.000000 8.531060 -0.747894 0.000000 0.228878 0.973455 0.894131 0.599624 2 13 0.620000 12 0.380000
  0 0.650396 7.985370 -0.403319 -0.419980 0.349678 0.837462 0.987100 0.506655 3 13 0.440000 12 0.360000 3 0.200000
assets/textures/Ch_MutoYugi01_body_tex
  0 0.716007 9.139890 -0.670011 -0.129046 -0.086764 0.987836 0.894131 0.599624 1 13 1.000000
  0 1.035120 9.767800 -0.500944 0.002203 -0.505658 0.862731 0.987100 0.506655 2 16 0.530000 13 0.470000
  0 0.648227 9.757740 -0.596976 -0.117776 -0.183547 0.975930 0.987100 0.599624 1 13 1.000000
assets/textures/Ch_MutoYugi01_body_tex
  0 0.716007 9.139890 -0.670011 -0.129046 -0.086764 0.987836 0.894131 0.599624 1 13 1.000000
  0 1.164520 9.160660 -0.614906 -0.316464 0.181226 0.931133 0.894131 0.506655 2 17 0.450000 16 0.550000
  0 1.035120 9.767800 -0.500944 0.002203 -0.505658 0.862731 0.987100 0.506655 2 16 0.530000 13 0.470000
assets/textures/Ch_MutoYugi01_body_tex
  0 -0.914702 8.476260 1.021950 0.544157 -0.047917 -0.837614 0.987100 0.506655 1 13 1.000000
  0 -0.830614 7.985370 1.039240 0.599034 0.134177 -0.789401 0.894131 0.506655 3 13 0.450000 12 0.450000 3 0.100000
  0 -0.999534 7.985370 0.863108 0.930404 0.262059 -0.256267 0.894131 0.599624 2 13 0.520000 12 0.480000
assets/textures/Ch_MutoYugi01_body_tex
  0 0.000000 9.118840 -0.789114 0.000000 -0.076964 0.997034 0.894131 0.506655 1 13 1.000000
  0 0.716007 9.139890 -0.670011 -0.129046 -0.086764 0.987836 0.987100 0.506655 1 13 1.000000
  0 0.648227 9.757740 -0.596976 -0.117776 -0.183547 0.975930 0.987100 0.599624 1 13 1.000000
assets/textures/Ch_MutoYugi01_body_tex
  0 0.000000 9.902430 -0.633925 0.000000 -0.342552 0.939499 0.894131 0.599624 1 13 1.000000
  0 0.000000 10.148800 -0.528414 0.000000 -0.020068 0.999799 0.987100 0.599624 1 13 1.000000
  0 -0.466034 10.098700 -0.414740 0.471088 -0.013253 0.881986 0.987100 0.506655 1 13 1.000000
assets/textures/Ch_MutoYugi01_body_tex
  0 0.000000 9.902430 -0.633925 0.000000 -0.342552 0.939499 0.894131 0.599624 1 13 1.000000
  0 0.000000 9.747250 -0.608789 0.000000 -0.173630 0.984811 0.894131 0.506655 1 13 1.000000
  0 0.586056 9.898100 -0.568575 -0.243344 -0.491984 0.835904 0.987100 0.599624 1 13 1.000000
assets/textures/Ch_MutoYugi01_body_tex
  0 0.000000 9.902430 -0.633925 0.000000 -0.342552 0.939499 0.894131 0.599624 1 13 1.000000
  0 0.466034 10.098700 -0.414740 -0.471089 -0.013253 0.881986 0.987100 0.506655 1 13 1.000000
  0 0.000000 10.148800 -0.528414 0.000000 -0.020068 0.999799 0.987100 0.599624 1 13 1.000000
assets/textures/Ch_MutoYugi01_body_tex
  0 0.000000 9.902430 -0.633925 0.000000 -0.342552 0.939499 0.894131 0.599624 1 13 1.000000
  0 0.586056 9.898100 -0.568575 -0.243344 -0.491984 0.835904 0.894131 0.506655 1 13 1.000000
  0 0.466034 10.098700 -0.414740 -0.471089 -0.013253 0.881986 0.987100 0.506655 1 13 1.000000
assets/textures/Ch_MutoYugi01_body_tex
  0 0.000000 9.747250 -0.608789 0.000000 -0.173630 0.984811 0.894131 0.506655 1 13 1.000000
  0 0.648227 9.757740 -0.596976 -0.117776 -0.183547 0.975930 0.987100 0.506655 1 13 1.000000
  0 0.586056 9.898100 -0.568575 -0.243344 -0.491984 0.835904 0.987100 0.599624 1 13 1.000000
assets/textures/Ch_MutoYugi01_body_tex
  0 0.466034 10.098700 -0.414740 -0.471089 -0.013253 0.881986 0.987100 0.506655 1 13 1.000000
  0 0.586056 9.898100 -0.568575 -0.243344 -0.491984 0.835904 0.987100 0.599624 1 13 1.000000
  0 0.787492 9.964140 -0.277133 -0.408072 -0.845005 0.345607 0.894131 0.506655 1 13 1.000000
assets/textures/Ch_MutoYugi01_body_tex
  0 1.364580 8.820700 -0.086344 -0.815328 0.559963 0.147251 0.894131 0.506655 1 13 1.000000
  0 1.743340 8.974580 -0.086344 -0.418947 0.904694 -0.077544 0.987100 0.506655 2 17 0.800000 16 0.200000
  0 1.533670 9.159360 -0.630169 -0.262322 0.496285 0.827580 0.894131 0.599624 2 17 0.510000 16 0.490000
assets/textures/Ch_MutoYugi01_body_tex
  0 1.364580 8.820700 -0.086344 -0.815328 0.559963 0.147251 0.987100 0.599624 1 13 1.000000
  0 1.223630 8.531060 0.538923 -0.954827 0.276456 -0.108987 0.894131 0.506655 1 13 1.000000
  0 1.323350 9.159620 0.507700 -0.691803 0.316434 -0.649060 0.987100 0.506655 1 13 1.000000
assets/textures/Ch_MutoYugi01_body_tex
  0 1.364580 8.820700 -0.086344 -0.815328 0.559963 0.147251 0.987100 0.599624 1 13 1.000000
  0 1.257430 8.531060 -0.101360 -0.857038 0.366195 0.362473 0.894131 0.599624 1 13 1.000000
  0 1.223630 8.531060 0.538923 -0.954827 0.276456 -0.108987 0.894131 0.506655 1 13 1.000000
assets/textures/Ch_MutoYugi01_body_tex
  0 1.364580 8.820700 -0.086344 -0.815328 0.559963 0.147251 0.987100 0.599624 1 13 1.000000
  0 1.164520 9.160660 -0.614906 -0.316464 0.181226 0.931133 0.894131 0.599624 2 17 0.450000 16 0.550000
  0 1.257430 8.531060 -0.101360 -0.857038 0.366195 0.362473 0.987100 0.506655 1 13 1.000000
assets/textures/Ch_MutoYugi01_body_tex
  0 1.323350 9.159620 0.507700 -0.691803 0.316434 -0.649060 0.894131 0.599624 1 13 1.000000
  0 1.019210 9.296100 0.767090 -0.476800 -0.383070 -0.791151 0.894131 0.506655 2 16 0.400000 13 0.600000
  0 1.184290 9.568430 0.539502 -0.291767 -0.238480 -0.926283 0.987100 0.599624 2 17 0.380000 16 0.620000
assets/textures/Ch_MutoYugi01_body_tex
  0 1.223630 8.531060 0.538923 -0.954827 0.276456 -0.108987 0.894131 0.506655 1 13 1.000000
  0 1.257430 8.531060 -0.101360 -0.857038 0.366195 0.362473 0.987100 0.506655 1 13 1.000000
  0 1.056810 7.985370 0.038650 -0.900918 0.334906 0.276016 0.987100 0.599624 2 13 0.580000 12 0.420000
assets/textures/Ch_MutoYugi01_body_tex
  0 1.223630 8.531060 0.538923 -0.954827 0.276456 -0.108987 0.894131 0.506655 1 13 1.000000
  0 1.056810 7.985370 0.038650 -0.900918 0.334906 0.276016 0.987100 0.506655 2 13 0.580000 12 0.420000
  0 0.999534 7.985370 0.863108 -0.930404 0.262059 -0.256267 0.987100 0.599624 2 13 0.520000 12 0.480000
assets/textures/Ch_MutoYugi01_body_tex
  0 1.223630 8.531060 0.538923 -0.954827 0.276456 -0.108987 0.894131 0.506655 1 13 1.000000
  0 0.999534 7.985370 0.863108 -0.930404 0.262059 -0.256267 0.987100 0.599624 2 13 0.520000 12 0.480000
  0 1.165300 8.519950 0.809267 -0.893491 0.195119 -0.404478 0.894131 0.599624 2 13 0.720000 12 0.280000
assets/textures/Ch_MutoYugi01_body_tex
  0 1.323350 9.159620 0.507700 -0.691803 0.316434 -0.649060 0.894131 0.506655 1 13 1.000000
  0 1.150550 9.042780 0.803318 -0.696030 -0.140600 -0.704112 0.987100 0.506655 1 13 1.000000
  0 1.019210 9.296100 0.767090 -0.476800 -0.383070 -0.791151 0.987100 0.599624 2 16 0.400000 13 0.600000
assets/textures/Ch_MutoYugi01_body_tex
  0 1.323350 9.159620 0.507700 -0.691803 0.316434 -0.649060 0.894131 0.506655 1 13 1.000000
  0 1.223630 8.531060 0.538923 -0.954827 0.276456 -0.108987 0.987100 0.506655 1 13 1.000000
  0 1.165300 8.519950 0.809267 -0.893491 0.195119 -0.404478 0.987100 0.599624 2 13 0.720000 12 0.280000
assets/textures/Ch_MutoYugi01_body_tex
  0 0.791530 8.531060 -0.653431 -0.400642 0.309464 0.862391 0.894131 0.506655 1 13 1.000000
  0 1.164520 9.160660 -0.614906 -0.316464 0.181226 0.931133 0.987100 0.506655 2 17 0.450000 16 0.550000
  0 0.716007 9.139890 -0.670011 -0.129046 -0.086764 0.987836 0.987100 0.599624 1 13 1.000000
assets/textures/Ch_MutoYugi01_body_tex
  0 1.150550 9.042780 0.803318 -0.696030 -0.140600 -0.704112 0.987100 0.506655 1 13 1.000000
  0 1.323350 9.159620 0.507700 -0.691803 0.316434 -0.649060 0.987100 0.599624 1 13 1.000000
  0 1.165300 8.519950 0.809267 -0.893491 0.195119 -0.404478 0.894131 0.506655 2 13 0.720000 12 0.280000
assets/textures/Ch_MutoYugi01_body_tex
  0 0.791530 8.531060 -0.653431 -0.400642 0.309464 0.862391 0.987100 0.506655 1 13 1.000000
  0 0.650396 7.985370 -0.403319 -0.419980 0.349678 0.837462 0.987100 0.599624 3 13 0.440000 12 0.360000 3 0.200000
  0 1.257430 8.531060 -0.101360 -0.857038 0.366195 0.362473 0.894131 0.506655 1 13 1.000000
assets/textures/Ch_MutoYugi01_body_tex
  0 0.466034 10.098700 -0.414740 -0.471089 -0.013253 0.881986 0.894131 0.506655 1 13 1.000000
  0 0.787492 9.964140 -0.277133 -0.408072 -0.845005 0.345607 0.987100 0.506655 1 13 1.000000
  0 0.877170 9.980240 -0.090590 -0.869196 0.049273 0.492006 0.987100 0.599624 1 13 1.000000
assets/textures/Ch_MutoYugi01_body_tex
  0 -0.777278 9.986690 -0.118981 -0.381776 -0.914485 -0.134032 1.128090 1.627050 1 13 1.000000
  0 -0.588891 9.826440 0.428925 -0.377093 -0.920542 0.101995 1.059930 1.627050 1 13 1.000000
  0 -0.777278 10.417000 0.037593 -0.409338 0.829009 0.381033 1.128090 1.680060 1 13 1.000000
assets/textures/Ch_MutoYugi01_body_tex
  0 -0.588891 9.826440 0.428925 -0.377093 -0.920542 0.101995 1.059930 1.627050 1 13 1.000000
  0 -0.588891 10.256700 0.585500 -0.373563 0.712168 0.594363 1.059930 1.680060 1 13 1.000000
  0 -0.777278 10.417000 0.037593 -0.409338 0.829009 0.381033 1.128090 1.680060 1 13 1.000000
assets/textures/Ch_MutoYugi01_body_tex
  0 -0.588891 9.826440 0.428925 -0.377093 -0.920542 0.101995 2.015980 1.627050 1 13 1.000000
  0 0.000000 9.761600 0.652083 0.000000 -0.967360 0.253408 2.084140 1.627050 1 13 1.000000
  0 -0.588891 10.256700 0.585500 -0.373563 0.712168 0.594363 2.015980 1.680060 1 13 1.000000
assets/textures/Ch_MutoYugi01_body_tex
  0 0.000000 9.761600 0.652083 0.000000 -0.967360 0.253408 2.084140 1.627050 1 13 1.000000
  0 0.000000 10.191900 0.808657 0.000000 0.665977 0.745972 2.084140 1.680060 1 13 1.000000
  0 -0.588891 10.256700 0.585500 -0.373563 0.712168 0.594363 2.015980 1.680060 1 13 1.000000
assets/textures/Ch_MutoYugi01_body_tex
  0 0.588891 9.826440 0.428925 0.377093 -0.920542 0.101994 2.172020 1.627050 1 13 1.000000
  0 0.588891 10.256700 0.585500 0.373563 0.712168 0.594363 2.172020 1.680060 1 13 1.000000
  0 0.000000 9.761600 0.652083 0.000000 -0.967360 0.253408 2.103860 1.627050 1 13 1.000000
assets/textures/Ch_MutoYugi01_body_tex
  0 0.588891 10.256700 0.585500 0.373563 0.712168 0.594363 2.172020 1.680060 1 13 1.000000
  0 0.000000 10.191900 0.808657 0.000000 0.665977 0.745972 2.103860 1.680060 1 13 1.000000
  0 0.000000 9.761600 0.652083 0.000000 -0.967360 0.253408 2.103860 1.627050 1 13 1.000000
assets/textures/Ch_MutoYugi01_body_tex
  0 -0.777278 10.417000 0.037593 -0.409338 0.829009 0.381033 1.118910 1.981430 1 13 1.000000
  0 -0.588891 10.256700 0.585500 -0.373563 0.712168 0.594363 1.122160 1.967960 1 13 1.000000
  0 0.000000 10.499200 -0.259356 0.000000 0.960687 0.277634 1.132350 1.988730 1 13 1.000000
assets/textures/Ch_MutoYugi01_body_tex
  0 -0.588891 10.256700 0.585500 -0.373563 0.712168 0.594363 1.122160 1.967960 1 13 1.000000
  0 0.000000 10.191900 0.808657 0.000000 0.665977 0.745972 1.132350 1.960660 1 13 1.000000
  0 0.000000 10.499200 -0.259356 0.000000 0.960687 0.277634 1.132350 1.988730 1 13 1.000000
assets/textures/Ch_MutoYugi01_body_tex
  0 0.000000 10.191900 0.808657 0.000000 0.665977 0.745972 1.132350 1.960660 1 13 1.000000
  0 0.588891 10.256700 0.585500 0.373563 0.712168 0.594363 1.142530 1.967960 1 13 1.000000
  0 0.000000 10.499200 -0.259356 0.000000 0.960687 0.277634 1.132350 1.988730 1 13 1.000000
assets/textures/Ch_MutoYugi01_body_tex
  0 0.588891 10.256700 0.585500 0.373563 0.712168 0.594363 1.142530 1.967960 1 13 1.000000
  0 0.777278 10.417000 0.037594 0.409338 0.829009 0.381033 1.145780 1.981430 3 21 0.120000 16 0.010000 13 0.870000
  0 0.000000 10.499200 -0.259356 0.000000 0.960687 0.277634 1.132350 1.988730 1 13 1.000000
assets/textures/Ch_MutoYugi01_body_tex
  0 -0.914702 8.476260 1.021950 0.544157 -0.047917 -0.837614 0.894131 0.506655 1 13 1.000000
  0 -0.977059 9.020330 0.886317 0.467847 -0.193683 -0.862326 0.894131 0.599624 2 24 0.280000 13 0.720000
  0 -0.674862 9.018970 1.023730 0.808838 0.057913 -0.585173 0.987100 0.599624 1 13 1.000000
assets/textures/Ch_MutoYugi01_body_tex
  0 0.970894 10.076300 -0.057915 0.901966 0.080390 -0.424259 0.068502 0.403731 1 13 1.000000
  0 1.010350 10.752800 0.025575 -0.431164 0.695909 0.574289 0.069297 0.491665 2 21 0.200000 13 0.800000
  0 1.197150 10.621400 0.458380 -0.546932 0.615264 0.567729 0.046137 0.491665 2 21 0.010000 13 0.990000
assets/textures/Ch_MutoYugi01_body_tex
  0 0.970894 10.076300 -0.057915 0.901966 0.080390 -0.424259 0.068502 0.403731 1 13 1.000000
  0 0.630072 10.150000 -0.423284 0.497199 0.045910 -0.866421 0.094804 0.403731 1 13 1.000000
  0 1.010350 10.752800 0.025575 -0.431164 0.695909 0.574289 0.069297 0.491665 2 21 0.200000 13 0.800000
assets/textures/Ch_MutoYugi01_body_tex
  0 0.630072 10.150000 -0.423284 0.497199 0.045910 -0.866421 0.094804 0.403731 1 13 1.000000
  0 0.603026 10.874400 -0.468770 -0.452154 0.872150 -0.186846 0.082985 0.491665 2 21 0.200000 13 0.800000
  0 1.010350 10.752800 0.025575 -0.431164 0.695909 0.574289 0.069297 0.491665 2 21 0.200000 13 0.800000
assets/textures/Ch_MutoYugi01_body_tex
  0 0.630072 10.150000 -0.423284 0.497199 0.045910 -0.866421 0.094804 0.403731 1 13 1.000000
  0 0.000000 10.158800 -0.547464 0.000000 0.075886 -0.997117 0.120490 0.403731 1 13 1.000000
  0 0.603026 10.874400 -0.468770 -0.452154 0.872150 -0.186846 0.082985 0.491665 2 21 0.200000 13 0.800000
assets/textures/Ch_MutoYugi01_body_tex
  0 0.000000 10.158800 -0.547464 0.000000 0.075886 -0.997117 0.120490 0.403731 1 13 1.000000
  0 0.000000 10.920800 -0.649712 -0.000001 0.296244 -0.955112 0.114576 0.491665 2 21 0.200000 13 0.800000
  0 0.603026 10.874400 -0.468770 -0.452154 0.872150 -0.186846 0.082985 0.491665 2 21 0.200000 13 0.800000
assets/textures/Ch_MutoYugi01_body_tex
  0 0.000000 10.158800 -0.547464 0.000000 0.075886 -0.997117 0.120490 0.403731 1 13 1.000000
  0 -0.603026 10.874400 -0.468770 0.452150 0.872152 -0.186847 0.082985 0.491665 2 21 0.200000 13 0.800000
  0 0.000000 10.920800 -0.649712 -0.000001 0.296244 -0.955112 0.114576 0.491665 2 21 0.200000 13 0.800000
assets/textures/Ch_MutoYugi01_body_tex
  0 0.000000 10.158800 -0.547464 0.000000 0.075886 -0.997117 0.120490 0.403731 1 13 1.000000
  0 -0.630072 10.150000 -0.423284 -0.497200 0.045910 -0.866421 0.094804 0.403731 3 24 0.120000 21 0.010000 13 0.870000
  0 -0.603026 10.874400 -0.468770 0.452150 0.872152 -0.186847 0.082985 0.491665 2 21 0.200000 13 0.800000
assets/textures/Ch_MutoYugi01_body_tex
  0 0.566628 10.025800 0.192628 0.907175 0.413763 0.076384 0.063590 0.985982 1 13 1.000000
  0 0.000000 9.455900 0.818157 0.000000 0.462030 0.886864 0.015727 0.925161 1 13 1.000000
  0 0.681283 9.459370 0.766223 0.273081 0.434132 0.858462 0.066015 0.925466 2 16 0.330000 13 0.670000
assets/textures/Ch_MutoYugi01_body_tex
  0 0.566628 10.025800 0.192628 0.907175 0.413763 0.076384 0.063590 0.985982 1 13 1.000000
  0 0.000000 9.863360 0.601784 0.000000 -0.039527 0.999219 0.015727 0.956212 2 21 0.400000 13 0.600000
  0 0.000000 9.455900 0.818157 0.000000 0.462030 0.886864 0.015727 0.925161 1 13 1.000000
assets/textures/Ch_MutoYugi01_body_tex
  0 0.000000 9.455900 0.818157 0.000000 0.462030 0.886864 0.015727 0.925161 1 13 1.000000
  0 -0.681283 9.459370 0.766223 -0.273081 0.434132 0.858462 0.066015 0.925466 2 24 0.330000 13 0.670000
  0 0.000000 8.427520 1.187270 0.000000 0.046233 0.998931 0.015727 0.831763 2 13 0.800000 12 0.200000
assets/textures/Ch_MutoYugi01_body_tex
  0 -0.566628 10.025800 0.192628 -0.907175 0.413763 0.076384 0.063590 0.985982 1 13 1.000000
  0 -0.681283 9.459370 0.766223 -0.273081 0.434132 0.858462 0.066015 0.925466 2 24 0.330000 13 0.670000
  0 0.000000 9.455900 0.818157 0.000000 0.462030 0.886864 0.015727 0.925161 1 13 1.000000
assets/textures/Ch_MutoYugi01_body_tex
  0 -0.566628 10.025800 0.192628 -0.907175 0.413763 0.076384 0.063590 0.985982 1 13 1.000000
  0 -0.869065 9.871950 0.132781 -0.323810 0.874389 0.361374 0.111863 0.985982 2 24 0.500000 13 0.500000
  0 -0.681283 9.459370 0.766223 -0.273081 0.434132 0.858462 0.066015 0.925466 2 24 0.330000 13 0.670000
assets/textures/Ch_MutoYugi01_body_tex
  0 0.000000 9.878700 -0.415673 0.000000 0.814703 -0.579879 0.356664 0.953910 1 13 1.000000
  0 0.000000 10.206200 -0.382199 0.000000 0.524312 -0.851526 0.356664 0.964052 2 21 0.520000 13 0.480000
  0 0.566628 10.025800 0.192628 0.907175 0.413763 0.076384 0.314654 0.984997 1 13 1.000000
assets/textures/Ch_MutoYugi01_body_tex
  0 0.000000 9.878700 -0.415673 0.000000 0.814703 -0.579879 0.356664 0.953910 1 13 1.000000
  0 -0.566628 10.025800 0.192628 -0.907175 0.413763 0.076384 0.314654 0.984997 1 13 1.000000
  0 0.000000 10.206200 -0.382199 0.000000 0.524312 -0.851526 0.356664 0.964052 2 21 0.520000 13 0.480000
assets/textures/Ch_MutoYugi01_body_tex
  0 0.000000 9.878700 -0.415673 0.000000 0.814703 -0.579879 0.356664 0.953910 1 13 1.000000
  0 -0.801427 9.841940 -0.325892 -0.340579 0.838592 -0.425170 0.284474 0.953910 2 24 0.500000 13 0.500000
  0 -0.566628 10.025800 0.192628 -0.907175 0.413763 0.076384 0.314654 0.984997 1 13 1.000000
assets/textures/Ch_MutoYugi01_body_tex
  0 0.588891 9.826440 0.428925 0.377093 -0.920542 0.101994 1.142530 1.971810 1 13 1.000000
  0 0.000000 9.761600 0.652083 0.000000 -0.967360 0.253408 1.132350 1.964510 1 13 1.000000
  0 0.000000 10.068900 -0.415931 0.000000 -0.960687 -0.277633 1.132350 1.992580 2 21 0.470000 13 0.530000
assets/textures/Ch_MutoYugi01_body_tex
  0 0.000000 9.761600 0.652083 0.000000 -0.967360 0.253408 1.132350 1.964510 1 13 1.000000
  0 -0.588891 9.826440 0.428925 -0.377093 -0.920542 0.101995 1.122160 1.971810 1 13 1.000000
  0 0.000000 10.068900 -0.415931 0.000000 -0.960687 -0.277633 1.132350 1.992580 2 21 0.470000 13 0.530000
assets/textures/Ch_MutoYugi01_body_tex
  0 -0.588891 9.826440 0.428925 -0.377093 -0.920542 0.101995 1.122160 1.971810 1 13 1.000000
  0 -0.777278 9.986690 -0.118981 -0.381776 -0.914485 -0.134032 1.118910 1.985280 1 13 1.000000
  0 0.000000 10.068900 -0.415931 0.000000 -0.960687 -0.277633 1.132350 1.992580 2 21 0.470000 13 0.530000
assets/textures/Ch_MutoYugi01_body_tex
  0 0.276266 7.623500 1.709810 0.043256 0.144992 0.988487 0.490470 0.505035 1 15 1.000000
  0 0.552707 8.065670 1.632850 0.043256 0.144992 0.988487 0.490470 0.639100 1 14 1.000000
  0 -0.069821 7.839000 1.693350 0.043256 0.144992 0.988487 0.401764 0.505035 1 15 1.000000
assets/textures/Ch_MutoYugi01_body_tex
  0 0.552707 8.065670 1.632850 0.043256 0.144992 0.988487 0.490470 0.639100 1 14 1.000000
  0 0.206620 8.281170 1.616390 0.043256 0.144992 0.988487 0.401764 0.639100 1 14 1.000000
  0 -0.069821 7.839000 1.693350 0.043256 0.144992 0.988487 0.401764 0.505035 1 15 1.000000
assets/textures/Ch_MutoYugi01_body_tex
  0 0.243514 7.493500 1.852320 -0.141528 -0.004057 0.989926 1.786840 0.902526 1 15 1.000000
  0 0.391164 7.445870 1.770860 1.000000 0.000000 0.000000 1.694970 0.902527 1 15 1.000000
  0 0.243232 7.639100 1.852820 -0.127371 -0.047034 0.990739 1.786850 0.900236 1 15 1.000000
assets/textures/Ch_MutoYugi01_body_tex
  0 0.391164 7.445870 1.770860 1.000000 0.000000 0.000000 1.694970 0.902527 1 15 1.000000
  0 0.390701 7.687830 1.771840 0.950482 0.310728 -0.005735 1.694940 0.900300 1 15 1.000000
  0 0.243232 7.639100 1.852820 -0.127371 -0.047034 0.990739 1.786850 0.900236 1 15 1.000000
assets/textures/Ch_MutoYugi01_body_tex
  0 0.391164 7.445870 1.770860 1.000000 0.000000 0.000000 1.694970 0.902527 1 15 1.000000
  0 0.242039 7.639500 1.692290 -0.141302 -0.041030 -0.989116 1.786850 0.900236 1 15 1.000000
  0 0.390701 7.687830 1.771840 0.950482 0.310728 -0.005735 1.694940 0.900300 1 15 1.000000
assets/textures/Ch_MutoYugi01_body_tex
  0 0.391164 7.445870 1.770860 1.000000 0.000000 0.000000 1.694970 0.902527 1 15 1.000000
  0 0.242326 7.493850 1.692160 -0.155383 0.002506 -0.987851 1.786840 0.902526 1 15 1.000000
  0 0.242039 7.639500 1.692290 -0.141302 -0.041030 -0.989116 1.786850 0.900236 1 15 1.000000
assets/textures/Ch_MutoYugi01_body_tex
  0 0.243232 7.639100 1.852820 -0.127371 -0.047034 0.990739 1.786850 0.900236 1 15 1.000000
  0 0.390701 7.687830 1.771840 0.950482 0.310728 -0.005735 1.694940 0.900300 1 15 1.000000
  0 0.157481 7.756780 1.853900 -0.074540 -0.116820 0.990352 1.786840 0.902526 1 15 1.000000
assets/textures/Ch_MutoYugi01_body_tex
  0 0.390701 7.687830 1.771840 0.950482 0.310728 -0.005735 1.694940 0.900300 1 15 1.000000
  0 0.248219 7.882970 1.773130 0.586273 0.810107 -0.003165 1.694970 0.902527 1 15 1.000000
  0 0.157481 7.756780 1.853900 -0.074540 -0.116820 0.990352 1.786840 0.902526 1 15 1.000000
assets/textures/Ch_MutoYugi01_body_tex
  0 0.242039 7.639500 1.692290 -0.141302 -0.041030 -0.989116 1.786850 0.900236 1 15 1.000000
  0 0.248219 7.882970 1.773130 0.586273 0.810107 -0.003165 1.694970 0.902527 1 15 1.000000
  0 0.390701 7.687830 1.771840 0.950482 0.310728 -0.005735 1.694940 0.900300 1 15 1.000000
assets/textures/Ch_MutoYugi01_body_tex
  0 0.242039 7.639500 1.692290 -0.141302 -0.041030 -0.989116 1.786850 0.900236 1 15 1.000000
  0 0.156282 7.757230 1.693570 -0.090669 -0.111448 -0.989626 1.786840 0.902526 1 15 1.000000
  0 0.248219 7.882970 1.773130 0.586273 0.810107 -0.003165 1.694970 0.902527 1 15 1.000000
assets/textures/Ch_MutoYugi01_body_tex
  0 0.156282 7.757230 1.693570 -0.090669 -0.111448 -0.989626 1.786840 0.902526 1 15 1.000000
  0 0.018120 7.957340 1.775510 0.006773 0.999977 -0.000068 1.694940 0.900300 1 15 1.000000
  0 0.248219 7.882970 1.773130 0.586273 0.810107 -0.003165 1.694970 0.902527 1 15 1.000000
assets/textures/Ch_MutoYugi01_body_tex
  0 0.248219 7.882970 1.773130 0.586273 0.810107 -0.003165 1.694970 0.902527 1 15 1.000000
  0 0.018120 7.957340 1.775510 0.006773 0.999977 -0.000068 1.694940 0.900300 1 15 1.000000
  0 0.157481 7.756780 1.853900 -0.074540 -0.116820 0.990352 1.786840 0.902526 1 15 1.000000
assets/textures/Ch_MutoYugi01_body_tex
  0 0.156282 7.757230 1.693570 -0.090669 -0.111448 -0.989626 1.786840 0.902526 1 15 1.000000
  0 0.017810 7.801640 1.694610 -0.007274 -0.139006 -0.990265 1.786850 0.900236 1 15 1.000000
  0 0.018120 7.957340 1.775510 0.006773 0.999977 -0.000068 1.694940 0.900300 1 15 1.000000
assets/textures/Ch_MutoYugi01_body_tex
  0 0.017810 7.801640 1.694610 -0.007274 -0.139006 -0.990265 1.786850 0.900236 1 15 1.000000
  0 -0.120495 7.756600 1.695590 0.076264 -0.111713 -0.990810 1.786840 0.902526 1 15 1.000000
  0 0.018120 7.957340 1.775510 0.006773 0.999977 -0.000068 1.694940 0.900300 1 15 1.000000
assets/textures/Ch_MutoYugi01_body_tex
  0 0.157481 7.756780 1.853900 -0.074540 -0.116820 0.990352 1.786840 0.902526 1 15 1.000000
  0 0.018120 7.957340 1.775510 0.006773 0.999977 -0.000068 1.694940 0.900300 1 15 1.000000
  0 0.019004 7.801320 1.855200 0.008545 -0.144204 0.989511 1.786850 0.900236 1 15 1.000000
assets/textures/Ch_MutoYugi01_body_tex
  0 0.018120 7.957340 1.775510 0.006773 0.999977 -0.000068 1.694940 0.900300 1 15 1.000000
  0 -0.211712 7.882080 1.776740 -0.589273 0.807913 0.005869 1.694970 0.902527 1 15 1.000000
  0 0.019004 7.801320 1.855200 0.008545 -0.144204 0.989511 1.786850 0.900236 1 15 1.000000
assets/textures/Ch_MutoYugi01_body_tex
  0 -0.120495 7.756600 1.695590 0.076264 -0.111713 -0.990810 1.786840 0.902526 1 15 1.000000
  0 -0.211712 7.882080 1.776740 -0.589273 0.807913 0.005869 1.694970 0.902527 1 15 1.000000
  0 0.018120 7.957340 1.775510 0.006773 0.999977 -0.000068 1.694940 0.900300 1 15 1.000000
assets/textures/Ch_MutoYugi01_body_tex
  0 -0.120495 7.756600 1.695590 0.076264 -0.111713 -0.990810 1.786840 0.902526 1 15 1.000000
  0 -0.205808 7.638710 1.695880 0.128279 -0.040749 -0.990901 1.786850 0.900236 1 15 1.000000
  0 -0.211712 7.882080 1.776740 -0.589273 0.807913 0.005869 1.694970 0.902527 1 15 1.000000
assets/textures/Ch_MutoYugi01_body_tex
  0 -0.205808 7.638710 1.695880 0.128279 -0.040749 -0.990901 1.786850 0.900236 1 15 1.000000
  0 -0.353453 7.686260 1.777420 -0.951657 0.307053 0.008244 1.694940 0.900300 1 15 1.000000
  0 -0.211712 7.882080 1.776740 -0.589273 0.807913 0.005869 1.694970 0.902527 1 15 1.000000
assets/textures/Ch_MutoYugi01_body_tex
  0 -0.205808 7.638710 1.695880 0.128279 -0.040749 -0.990901 1.786850 0.900236 1 15 1.000000
  0 -0.352978 7.444580 1.776670 -1.000000 0.000000 0.000000 1.694970 0.902527 1 15 1.000000
  0 -0.353453 7.686260 1.777420 -0.951657 0.307053 0.008244 1.694940 0.900300 1 15 1.000000
assets/textures/Ch_MutoYugi01_body_tex
  0 -0.205808 7.638710 1.695880 0.128279 -0.040749 -0.990901 1.786850 0.900236 1 15 1.000000
  0 -0.205521 7.492920 1.695370 0.142684 0.003475 -0.989762 1.786840 0.902526 1 15 1.000000
  0 -0.352978 7.444580 1.776670 -1.000000 0.000000 0.000000 1.694970 0.902527 1 15 1.000000
assets/textures/Ch_MutoYugi01_body_tex
  0 0.019004 7.801320 1.855200 0.008545 -0.144204 0.989511 1.786850 0.900236 1 15 1.000000
  0 -0.211712 7.882080 1.776740 -0.589273 0.807913 0.005869 1.694970 0.902527 1 15 1.000000
  0 -0.119294 7.756250 1.856300 0.089836 -0.116118 0.989164 1.786840 0.902526 1 15 1.000000
assets/textures/Ch_MutoYugi01_body_tex
  0 -0.353453 7.686260 1.777420 -0.951657 0.307053 0.008244 1.694940 0.900300 1 15 1.000000
  0 -0.204600 7.638320 1.856550 0.142115 -0.045797 0.988790 1.786850 0.900236 1 15 1.000000
  0 -0.211712 7.882080 1.776740 -0.589273 0.807913 0.005869 1.694970 0.902527 1 15 1.000000
assets/textures/Ch_MutoYugi01_body_tex
  0 -0.211712 7.882080 1.776740 -0.589273 0.807913 0.005869 1.694970 0.902527 1 15 1.000000
  0 -0.204600 7.638320 1.856550 0.142115 -0.045797 0.988790 1.786850 0.900236 1 15 1.000000
  0 -0.119294 7.756250 1.856300 0.089836 -0.116118 0.989164 1.786840 0.902526 1 15 1.000000
assets/textures/Ch_MutoYugi01_body_tex
  0 -0.353453 7.686260 1.777420 -0.951657 0.307053 0.008244 1.694940 0.900300 1 15 1.000000
  0 -0.352978 7.444580 1.776670 -1.000000 0.000000 0.000000 1.694970 0.902527 1 15 1.000000
  0 -0.204600 7.638320 1.856550 0.142115 -0.045797 0.988790 1.786850 0.900236 1 15 1.000000
assets/textures/Ch_MutoYugi01_body_tex
  0 -0.352978 7.444580 1.776670 -1.000000 0.000000 0.000000 1.694970 0.902527 1 15 1.000000
  0 -0.204310 7.492560 1.856230 0.156940 -0.002390 0.987605 1.786840 0.902526 1 15 1.000000
  0 -0.204600 7.638320 1.856550 0.142115 -0.045797 0.988790 1.786850 0.900236 1 15 1.000000
assets/textures/Ch_MutoYugi01_body_tex
  0 0.243514 7.493500 1.852320 -0.141528 -0.004057 0.989926 1.824640 0.844939 1 15 1.000000
  0 0.243232 7.639100 1.852820 -0.127371 -0.047034 0.990739 1.824640 0.844939 1 15 1.000000
  0 0.242326 7.493850 1.692160 -0.155383 0.002506 -0.987851 1.824640 0.881088 1 15 1.000000
assets/textures/Ch_MutoYugi01_body_tex
  0 0.243232 7.639100 1.852820 -0.127371 -0.047034 0.990739 1.824640 0.844939 1 15 1.000000
  0 0.242039 7.639500 1.692290 -0.141302 -0.041030 -0.989116 1.824640 0.881088 1 15 1.000000
  0 0.242326 7.493850 1.692160 -0.155383 0.002506 -0.987851 1.824640 0.881088 1 15 1.000000
assets/textures/Ch_MutoYugi01_body_tex
  0 0.243232 7.639100 1.852820 -0.127371 -0.047034 0.990739 1.824640 0.844939 1 15 1.000000
  0 0.156282 7.757230 1.693570 -0.090669 -0.111448 -0.989626 1.817740 0.881088 1 15 1.000000
  0 0.242039 7.639500 1.692290 -0.141302 -0.041030 -0.989116 1.824640 0.881088 1 15 1.000000
assets/textures/Ch_MutoYugi01_body_tex
  0 0.243232 7.639100 1.852820 -0.127371 -0.047034 0.990739 1.824640 0.844939 1 15 1.000000
  0 0.157481 7.756780 1.853900 -0.074540 -0.116820 0.990352 1.817740 0.844939 1 15 1.000000
  0 0.156282 7.757230 1.693570 -0.090669 -0.111448 -0.989626 1.817740 0.881088 1 15 1.000000
assets/textures/Ch_MutoYugi01_body_tex
  0 0.157481 7.756780 1.853900 -0.074540 -0.116820 0.990352 1.817740 0.844939 1 15 1.000000
  0 0.018398 7.801480 1.774920 -0.303340 -0.952882 0.000000 1.806570 0.863014 1 15 1.000000
  0 0.156282 7.757230 1.693570 -0.090669 -0.111448 -0.989626 1.817740 0.881088 1 15 1.000000
assets/textures/Ch_MutoYugi01_body_tex
  0 0.157481 7.756780 1.853900 -0.074540 -0.116820 0.990352 1.817740 0.844939 1 15 1.000000
  0 0.019004 7.801320 1.855200 0.008545 -0.144204 0.989511 1.806570 0.844939 1 15 1.000000
  0 0.018398 7.801480 1.774920 -0.303340 -0.952882 0.000000 1.806570 0.863014 1 15 1.000000
assets/textures/Ch_MutoYugi01_body_tex
  0 0.156282 7.757230 1.693570 -0.090669 -0.111448 -0.989626 1.817740 0.881088 1 15 1.000000
  0 0.018398 7.801480 1.774920 -0.303340 -0.952882 0.000000 1.806570 0.863014 1 15 1.000000
  0 0.017810 7.801640 1.694610 -0.007274 -0.139006 -0.990265 1.806570 0.881088 1 15 1.000000
assets/textures/Ch_MutoYugi01_body_tex
  0 0.019004 7.801320 1.855200 0.008545 -0.144204 0.989511 1.806570 0.844939 1 15 1.000000
  0 -0.120495 7.756600 1.695590 0.076264 -0.111713 -0.990810 1.795400 0.881088 1 15 1.000000
  0 0.017810 7.801640 1.694610 -0.007274 -0.139006 -0.990265 1.806570 0.881088 1 15 1.000000
assets/textures/Ch_MutoYugi01_body_tex
  0 0.019004 7.801320 1.855200 0.008545 -0.144204 0.989511 1.806570 0.844939 1 15 1.000000
  0 -0.119294 7.756250 1.856300 0.089836 -0.116118 0.989164 1.795400 0.844939 1 15 1.000000
  0 -0.120495 7.756600 1.695590 0.076264 -0.111713 -0.990810 1.795400 0.881088 1 15 1.000000
assets/textures/Ch_MutoYugi01_body_tex
  0 -0.119294 7.756250 1.856300 0.089836 -0.116118 0.989164 1.795400 0.844939 1 15 1.000000
  0 -0.204600 7.638320 1.856550 0.142115 -0.045797 0.988790 1.788490 0.844939 1 15 1.000000
  0 -0.120495 7.756600 1.695590 0.076264 -0.111713 -0.990810 1.795400 0.881088 1 15 1.000000
assets/textures/Ch_MutoYugi01_body_tex
  0 -0.204600 7.638320 1.856550 0.142115 -0.045797 0.988790 1.788490 0.844939 1 15 1.000000
  0 -0.205808 7.638710 1.695880 0.128279 -0.040749 -0.990901 1.788490 0.881088 1 15 1.000000
  0 -0.120495 7.756600 1.695590 0.076264 -0.111713 -0.990810 1.795400 0.881088 1 15 1.000000
assets/textures/Ch_MutoYugi01_body_tex
  0 -0.204600 7.638320 1.856550 0.142115 -0.045797 0.988790 1.788490 0.844939 1 15 1.000000
  0 -0.205521 7.492920 1.695370 0.142684 0.003475 -0.989762 1.788490 0.881088 1 15 1.000000
  0 -0.205808 7.638710 1.695880 0.128279 -0.040749 -0.990901 1.788490 0.881088 1 15 1.000000
assets/textures/Ch_MutoYugi01_body_tex
  0 -0.204600 7.638320 1.856550 0.142115 -0.045797 0.988790 1.788490 0.844939 1 15 1.000000
  0 -0.204310 7.492560 1.856230 0.156940 -0.002390 0.987605 1.788490 0.844939 1 15 1.000000
  0 -0.205521 7.492920 1.695370 0.142684 0.003475 -0.989762 1.788490 0.881088 1 15 1.000000
assets/textures/Ch_MutoYugi01_body_tex
  0 -0.838513 7.498740 2.641990 -0.339328 0.875094 0.345060 0.833112 0.835423 1 15 1.000000
  0 0.880360 7.501800 2.629180 0.341167 0.876363 0.339991 0.997254 0.835423 1 15 1.000000
  0 -0.851402 7.502930 0.923577 -0.344428 0.876812 -0.335514 0.833112 1.000530 1 15 1.000000
assets/textures/Ch_MutoYugi01_body_tex
  0 0.880360 7.501800 2.629180 0.341167 0.876363 0.339991 0.997254 0.835423 1 15 1.000000
  0 0.867455 7.506300 0.910783 0.336071 0.878093 -0.340602 0.997254 1.000530 1 15 1.000000
  0 -0.851402 7.502930 0.923577 -0.344428 0.876812 -0.335514 0.833112 1.000530 1 15 1.000000
assets/textures/Ch_MutoYugi01_body_tex
  0 -0.838513 7.498740 2.641990 -0.339328 0.875094 0.345060 0.831653 0.985255 1 15 1.000000
  0 -0.851402 7.502930 0.923577 -0.344428 0.876812 -0.335514 0.670069 0.985255 1 15 1.000000
  0 0.016937 6.204230 1.773060 0.004035 -0.999992 0.000000 0.750861 0.848086 1 15 1.000000
assets/textures/Ch_MutoYugi01_body_tex
  0 0.016937 6.204230 1.773060 0.004035 -0.999992 0.000000 0.750861 0.848086 1 15 1.000000
  0 -0.851402 7.502930 0.923577 -0.344428 0.876812 -0.335514 0.831653 0.985255 1 15 1.000000
  0 0.867455 7.506300 0.910783 0.336071 0.878093 -0.340602 0.670069 0.985255 1 15 1.000000
assets/textures/Ch_MutoYugi01_body_tex
  0 0.016937 6.204230 1.773060 0.004035 -0.999992 0.000000 0.750861 0.848086 1 15 1.000000
  0 0.867455 7.506300 0.910783 0.336071 0.878093 -0.340602 0.831653 0.985255 1 15 1.000000
  0 0.880360 7.501800 2.629180 0.341167 0.876363 0.339991 0.670069 0.985255 1 15 1.000000
assets/textures/Ch_MutoYugi01_body_tex
  0 0.880360 7.501800 2.629180 0.341167 0.876363 0.339991 0.664641 0.978729 1 15 1.000000
  0 -0.838513 7.498740 2.641990 -0.339328 0.875094 0.345060 0.506342 0.978729 1 15 1.000000
  0 0.016937 6.204230 1.773060 0.004035 -0.999992 0.000000 0.585491 0.851000 1 15 1.000000
assets/textures/Ch_MutoYugi01_body_tex
  0 -0.174047 7.550610 1.758370 -0.465093 0.076405 0.881958 0.401764 0.505035 1 15 1.000000
  0 0.179814 7.748640 1.927820 -0.465093 0.076405 0.881958 0.490470 0.505035 1 15 1.000000
  0 -0.380925 8.050700 1.605950 -0.465093 0.076405 0.881958 0.401764 0.639100 2 15 0.180000 14 0.820000
assets/textures/Ch_MutoYugi01_body_tex
  0 0.179814 7.748640 1.927820 -0.465093 0.076405 0.881958 0.490470 0.505035 1 15 1.000000
  0 -0.027064 8.248730 1.775400 -0.465093 0.076405 0.881958 0.490470 0.639100 1 14 1.000000
  0 -0.380925 8.050700 1.605950 -0.465093 0.076405 0.881958 0.401764 0.639100 2 15 0.180000 14 0.820000
assets/textures/Ch_MutoYugi01_body_tex
  0 0.032748 8.016490 1.793140 -0.324813 0.081485 0.942262 0.490470 0.505035 1 14 1.000000
  0 -0.195154 8.515850 1.671390 -0.324813 0.081485 0.942262 0.490470 0.639100 2 15 0.010000 14 0.990000
  0 -0.570699 8.317080 1.559120 -0.324813 0.081485 0.942262 0.401764 0.639100 2 15 0.100000 14 0.900000
assets/textures/Ch_MutoYugi01_body_tex
  0 0.239362 8.432320 1.793760 0.736601 0.033610 0.675492 0.401764 0.505035 1 14 1.000000
  0 0.500775 8.183360 1.507700 0.736601 0.033610 0.675492 0.490470 0.505035 1 14 1.000000
  0 0.435750 8.944990 1.540720 0.736601 0.033610 0.675492 0.401764 0.639100 1 14 1.000000
assets/textures/Ch_MutoYugi01_body_tex
  0 0.500775 8.183360 1.507700 0.736601 0.033610 0.675492 0.490470 0.505035 1 14 1.000000
  0 0.719780 8.696040 1.256760 0.736601 0.033610 0.675492 0.490470 0.639100 1 14 1.000000
  0 0.435750 8.944990 1.540720 0.736601 0.033610 0.675492 0.401764 0.639100 1 14 1.000000
assets/textures/Ch_MutoYugi01_body_tex
  0 0.701677 8.541320 1.445330 0.234378 0.243847 0.941066 0.490470 0.505035 1 14 1.000000
  0 0.834641 9.074360 1.274090 0.234378 0.243847 0.941066 0.490470 0.639100 1 14 1.000000
  0 0.319598 8.670540 1.507000 0.234378 0.243847 0.941066 0.401764 0.505035 1 14 1.000000
assets/textures/Ch_MutoYugi01_body_tex
  0 0.834641 9.074360 1.274090 0.234378 0.243847 0.941066 0.490470 0.639100 1 14 1.000000
  0 0.452563 9.203590 1.335760 0.234378 0.243847 0.941066 0.401764 0.639100 1 14 1.000000
  0 0.319598 8.670540 1.507000 0.234378 0.243847 0.941066 0.401764 0.505035 1 14 1.000000
assets/textures/Ch_MutoYugi01_body_tex
  0 -0.279825 8.602030 1.697780 -0.653228 0.098171 0.750770 0.490470 0.505035 1 14 1.000000
  0 -0.433075 9.105010 1.498670 -0.653228 0.098171 0.750770 0.490470 0.639100 1 14 1.000000
  0 -0.743527 8.913410 1.253610 -0.653228 0.098171 0.750770 0.401764 0.639100 1 14 1.000000
assets/textures/Ch_MutoYugi01_body_tex
  0 4.430150 9.274050 -0.466802 -0.138133 -0.484969 -0.863553 0.501716 0.486221 1 18 1.000000
  0 4.430150 9.731930 -0.466802 -0.128531 0.481556 -0.866939 0.501716 0.458825 1 18 1.000000
  0 4.895700 9.239800 -0.523134 -0.150202 -0.475477 -0.866811 0.588845 0.486221 1 18 1.000000
assets/textures/Ch_MutoYugi01_body_tex
  0 4.430150 9.731930 -0.466802 -0.128531 0.481556 -0.866939 0.501716 0.458825 1 18 1.000000
  0 4.895700 9.766180 -0.523134 -0.150203 0.475478 -0.866810 0.588844 0.458825 1 18 1.000000
  0 4.895700 9.239800 -0.523134 -0.150202 -0.475477 -0.866811 0.588845 0.486221 1 18 1.000000
assets/textures/Ch_MutoYugi01_body_tex
  0 4.430150 9.731930 -0.466802 -0.128531 0.481556 -0.866939 0.501716 0.456463 1 18 1.000000
  0 4.430150 9.960880 -0.090219 -0.133129 0.991099 0.000000 0.501716 0.431176 1 18 1.000000
  0 4.895700 9.766180 -0.523134 -0.150203 0.475478 -0.866810 0.588845 0.456463 1 18 1.000000
assets/textures/Ch_MutoYugi01_body_tex
  0 4.430150 9.960880 -0.090219 -0.133129 0.991099 0.000000 0.501716 0.431176 1 18 1.000000
  0 4.895700 10.029400 -0.090219 -0.156125 0.987737 0.000000 0.588844 0.431176 1 18 1.000000
  0 4.895700 9.766180 -0.523134 -0.150203 0.475478 -0.866810 0.588845 0.456463 1 18 1.000000
assets/textures/Ch_MutoYugi01_body_tex
  0 4.430150 9.731930 0.286365 -0.128531 0.481556 0.866939 0.501716 0.365323 1 18 1.000000
  0 4.895700 9.766180 0.342697 -0.150203 0.475478 0.866810 0.588844 0.365323 1 18 1.000000
  0 4.430150 9.960880 -0.090219 -0.133129 0.991099 0.000000 0.501716 0.428679 1 18 1.000000
assets/textures/Ch_MutoYugi01_body_tex
  0 4.895700 9.766180 0.342697 -0.150203 0.475478 0.866810 0.588844 0.365323 1 18 1.000000
  0 4.895700 10.029400 -0.090219 -0.156125 0.987737 0.000000 0.588845 0.428679 1 18 1.000000
  0 4.430150 9.960880 -0.090219 -0.133129 0.991099 0.000000 0.501716 0.428679 1 18 1.000000
assets/textures/Ch_MutoYugi01_body_tex
  0 4.430150 9.731930 0.286365 -0.128531 0.481556 0.866939 0.501716 0.455334 1 18 1.000000
  0 4.430150 9.274050 0.286365 -0.138133 -0.484969 0.863553 0.501716 0.482730 1 18 1.000000
  0 4.895700 9.766180 0.342697 -0.150203 0.475478 0.866810 0.588845 0.455333 1 18 1.000000
assets/textures/Ch_MutoYugi01_body_tex
  0 4.430150 9.274050 0.286365 -0.138133 -0.484969 0.863553 0.501716 0.482730 1 18 1.000000
  0 4.895700 9.239800 0.342697 -0.150202 -0.475477 0.866811 0.588844 0.482730 1 18 1.000000
  0 4.895700 9.766180 0.342697 -0.150203 0.475478 0.866810 0.588845 0.455333 1 18 1.000000
assets/textures/Ch_MutoYugi01_body_tex
  0 4.430150 9.274050 0.286365 -0.138133 -0.484969 0.863553 0.501071 0.361174 1 18 1.000000
  0 4.430150 9.045100 -0.090219 -0.156122 -0.987738 0.000000 0.501071 0.325144 1 18 1.000000
  0 4.895700 9.239800 0.342697 -0.150202 -0.475477 0.866811 0.588200 0.361174 1 18 1.000000
assets/textures/Ch_MutoYugi01_body_tex
  0 4.430150 9.045100 -0.090219 -0.156122 -0.987738 0.000000 0.501071 0.325144 1 18 1.000000
  0 4.895700 8.976610 -0.090219 -0.156122 -0.987738 0.000000 0.588200 0.325144 1 18 1.000000
  0 4.895700 9.239800 0.342697 -0.150202 -0.475477 0.866811 0.588200 0.361174 1 18 1.000000
assets/textures/Ch_MutoYugi01_body_tex
  0 4.430150 9.274050 -0.466802 -0.138133 -0.484969 -0.863553 0.501716 0.280528 1 18 1.000000
  0 4.895700 9.239800 -0.523134 -0.150202 -0.475477 -0.866811 0.588844 0.280527 1 18 1.000000
  0 4.430150 9.045100 -0.090219 -0.156122 -0.987738 0.000000 0.501716 0.318161 1 18 1.000000
assets/textures/Ch_MutoYugi01_body_tex
  0 4.895700 9.239800 -0.523134 -0.150202 -0.475477 -0.866811 0.588844 0.280527 1 18 1.000000
  0 4.895700 8.976610 -0.090219 -0.156122 -0.987738 0.000000 0.588845 0.318161 1 18 1.000000
  0 4.430150 9.045100 -0.090219 -0.156122 -0.987738 0.000000 0.501716 0.318161 1 18 1.000000
assets/textures/Ch_MutoYugi01_body_tex
  0 2.978690 9.654500 0.200196 -0.064437 -0.410294 -0.909674 0.987100 0.506655 1 17 1.000000
  0 3.037220 9.312570 0.199934 -0.008054 0.567889 -0.823066 0.987100 0.599624 1 17 1.000000
  0 2.256640 9.339280 0.216243 -0.098435 0.519529 -0.848764 0.894131 0.599624 2 17 0.980000 16 0.020000
assets/textures/Ch_MutoYugi01_body_tex
  0 6.287400 9.101200 0.526676 0.670488 0.695558 -0.258157 0.555359 -0.340410 1 19 1.000000
  0 6.271390 8.951650 0.458266 0.437358 -0.362834 -0.822842 0.555359 -0.343337 1 19 1.000000
  0 5.868930 9.379980 0.392205 0.872865 -0.116927 0.473745 0.539157 -0.334170 1 19 1.000000
assets/textures/Ch_MutoYugi01_body_tex
  0 6.271390 8.951650 0.458266 0.437358 -0.362834 -0.822842 0.555359 -0.343337 1 19 1.000000
  0 5.703810 9.116580 0.156957 0.388413 -0.876485 -0.284445 0.534791 -0.336531 1 19 1.000000
  0 5.868930 9.379980 0.392205 0.872865 -0.116927 0.473745 0.539157 -0.334170 1 19 1.000000
assets/textures/Ch_MutoYugi01_body_tex
  0 6.271390 8.951650 0.458266 0.437358 -0.362834 -0.822842 0.555359 -0.343337 1 19 1.000000
  0 6.201310 8.865640 0.548210 -0.155684 -0.955624 0.250092 0.555359 -0.349655 1 19 1.000000
  0 5.703810 9.116580 0.156957 0.388413 -0.876485 -0.284445 0.534791 -0.336531 1 19 1.000000
assets/textures/Ch_MutoYugi01_body_tex
  0 5.868930 9.379980 0.392205 0.872865 -0.116927 0.473745 0.539157 -0.334170 1 19 1.000000
  0 5.703810 9.116580 0.156957 0.388413 -0.876485 -0.284445 0.534791 -0.336531 1 19 1.000000
  0 5.874150 9.169650 -0.388651 0.232328 -0.868176 -0.438513 0.542288 -0.304642 1 19 1.000000
assets/textures/Ch_MutoYugi01_body_tex
  0 5.868930 9.379980 0.392205 0.872865 -0.116927 0.473745 0.539157 -0.334170 1 19 1.000000
  0 5.874150 9.169650 -0.388651 0.232328 -0.868176 -0.438513 0.542288 -0.304642 1 19 1.000000
  0 6.198590 9.432540 0.008084 0.309273 -0.916764 0.252773 0.554886 -0.320791 1 19 1.000000
assets/textures/Ch_MutoYugi01_body_tex
  0 5.868930 9.379980 0.392205 0.872865 -0.116927 0.473745 0.539157 -0.334170 1 19 1.000000
  0 6.198590 9.432540 0.008084 0.309273 -0.916764 0.252773 0.554886 -0.320791 1 19 1.000000
  0 6.202950 9.536840 0.228397 0.309273 -0.916764 0.252773 0.555050 -0.326087 1 19 1.000000
assets/textures/Ch_MutoYugi01_body_tex
  0 5.868930 9.379980 0.392205 0.872865 -0.116927 0.473745 0.539157 -0.334170 1 19 1.000000
  0 6.202950 9.536840 0.228397 0.309273 -0.916764 0.252773 0.555050 -0.326087 1 19 1.000000
  0 6.207020 9.641110 0.448710 0.058710 -0.244621 0.967840 0.555359 -0.337815 2 20 0.600000 19 0.400000
assets/textures/Ch_MutoYugi01_body_tex
  0 6.201310 8.865640 0.548210 -0.155684 -0.955624 0.250092 0.555359 -0.349655 1 19 1.000000
  0 5.581480 9.030010 0.424100 -0.256077 -0.880912 0.398018 0.530919 -0.348823 1 19 1.000000
  0 5.703810 9.116580 0.156957 0.388413 -0.876485 -0.284445 0.534791 -0.336531 1 19 1.000000
assets/textures/Ch_MutoYugi01_body_tex
  0 5.874150 9.169650 -0.388651 0.232328 -0.868176 -0.438513 0.542288 -0.304642 1 19 1.000000
  0 6.200700 9.387430 -0.386603 0.263346 -0.827406 -0.496032 0.554958 -0.304703 1 19 1.000000
  0 6.198590 9.432540 0.008084 0.309273 -0.916764 0.252773 0.554886 -0.320791 1 19 1.000000
assets/textures/Ch_MutoYugi01_body_tex
  0 5.874150 9.169650 -0.388651 0.232328 -0.868176 -0.438513 0.542288 -0.304642 1 19 1.000000
  0 5.703810 9.116580 0.156957 0.388413 -0.876485 -0.284445 0.534791 -0.336531 1 19 1.000000
  0 5.296210 9.062470 -0.211444 -0.311022 -0.853467 -0.418162 0.512098 -0.308661 1 19 1.000000
assets/textures/Ch_MutoYugi01_body_tex
  0 6.202950 9.536840 0.228397 0.309273 -0.916764 0.252773 0.555050 -0.326087 1 19 1.000000
  0 6.519510 9.473670 0.287125 -0.187916 -0.731966 -0.654914 0.564372 -0.328895 3 20 0.800000 19 0.150000 18 0.050000
  0 6.207020 9.641110 0.448710 0.058710 -0.244621 0.967840 0.555359 -0.337815 2 20 0.600000 19 0.400000
assets/textures/Ch_MutoYugi01_body_tex
  0 6.202950 9.536840 0.228397 0.309273 -0.916764 0.252773 0.555050 -0.326087 1 19 1.000000
  0 6.198590 9.432540 0.008084 0.309273 -0.916764 0.252773 0.554886 -0.320791 1 19 1.000000
  0 6.464520 9.473240 0.207336 -0.255335 -0.103515 0.961295 0.564372 -0.326087 3 20 0.800000 19 0.160000 18 0.040000
assets/textures/Ch_MutoYugi01_body_tex
  0 5.581480 9.030010 0.424100 -0.256077 -0.880912 0.398018 0.530919 -0.348823 1 19 1.000000
  0 5.415640 9.032470 0.217951 0.004009 -0.999862 -0.016133 0.519793 -0.335858 1 19 1.000000
  0 5.703810 9.116580 0.156957 0.388413 -0.876485 -0.284445 0.534791 -0.336531 1 19 1.000000
assets/textures/Ch_MutoYugi01_body_tex
  0 5.415640 9.032470 0.217951 0.004009 -0.999862 -0.016133 0.519793 -0.335858 1 19 1.000000
  0 5.296210 9.062470 -0.211444 -0.311022 -0.853467 -0.418162 0.512098 -0.308661 1 19 1.000000
  0 5.703810 9.116580 0.156957 0.388413 -0.876485 -0.284445 0.534791 -0.336531 1 19 1.000000
assets/textures/Ch_MutoYugi01_body_tex
  0 5.581480 9.030010 0.424100 -0.256077 -0.880912 0.398018 0.530919 -0.348823 1 19 1.000000
  0 5.291540 9.155970 0.349435 -0.696298 -0.369451 0.615366 0.511925 -0.343506 1 19 1.000000
  0 5.415640 9.032470 0.217951 0.004009 -0.999862 -0.016133 0.519793 -0.335858 1 19 1.000000
assets/textures/Ch_MutoYugi01_body_tex
  0 5.415640 9.032470 0.217951 0.004009 -0.999862 -0.016133 0.519793 -0.335858 1 19 1.000000
  0 5.291540 9.155970 0.349435 -0.696298 -0.369451 0.615366 0.511925 -0.343506 1 19 1.000000
  0 5.296210 9.062470 -0.211444 -0.311022 -0.853467 -0.418162 0.512098 -0.308661 1 19 1.000000
assets/textures/Ch_MutoYugi01_body_tex
  0 6.200700 9.387430 -0.386603 0.263346 -0.827406 -0.496032 0.554958 -0.304703 1 19 1.000000
  0 6.288620 9.361510 -0.366889 -0.479751 -0.771901 -0.417142 0.564372 -0.304685 2 20 0.600000 19 0.400000
  0 6.198590 9.432540 0.008084 0.309273 -0.916764 0.252773 0.554886 -0.320791 1 19 1.000000
assets/textures/Ch_MutoYugi01_body_tex
  0 6.198590 9.432540 0.008084 0.309273 -0.916764 0.252773 0.554886 -0.320791 1 19 1.000000
  0 6.288620 9.361510 -0.366889 -0.479751 -0.771901 -0.417142 0.564372 -0.304685 2 20 0.600000 19 0.400000
  0 6.448740 9.413760 0.008480 -0.831883 -0.467734 0.298657 0.564372 -0.320809 3 20 0.800000 19 0.160000 18 0.040000
assets/textures/Ch_MutoYugi01_body_tex
  0 -0.466034 10.098700 -0.414740 0.471088 -0.013253 0.881986 0.894131 0.506655 1 13 1.000000
  0 -0.877170 9.980240 -0.090590 0.869193 0.049273 0.492012 0.987100 0.599624 1 13 1.000000
  0 -0.787492 9.964140 -0.277133 0.408072 -0.845005 0.345607 0.987100 0.506655 2 24 0.500000 13 0.500000
assets/textures/Ch_MutoYugi01_body_tex
  0 -4.430150 9.274050 -0.466802 0.138133 -0.484969 -0.863553 0.501716 0.486221 1 26 1.000000
  0 -4.895700 9.239800 -0.523134 0.150202 -0.475477 -0.866811 0.588845 0.486221 1 26 1.000000
  0 -4.430150 9.731930 -0.466802 0.128531 0.481556 -0.866939 0.501716 0.458825 1 26 1.000000
assets/textures/Ch_MutoYugi01_body_tex
  0 -4.895700 9.239800 -0.523134 0.150202 -0.475477 -0.866811 0.588845 0.486221 1 26 1.000000
  0 -4.895700 9.766180 -0.523134 0.150203 0.475478 -0.866810 0.588844 0.458825 1 26 1.000000
  0 -4.430150 9.731930 -0.466802 0.128531 0.481556 -0.866939 0.501716 0.458825 1 26 1.000000
assets/textures/Ch_MutoYugi01_body_tex
  0 -4.430150 9.731930 -0.466802 0.128531 0.481556 -0.866939 0.501716 0.456463 1 26 1.000000
  0 -4.895700 9.766180 -0.523134 0.150203 0.475478 -0.866810 0.588845 0.456463 1 26 1.000000
  0 -4.430150 9.960880 -0.090219 0.133129 0.991099 0.000000 0.501716 0.431176 1 26 1.000000
assets/textures/Ch_MutoYugi01_body_tex
  0 -4.895700 9.766180 -0.523134 0.150203 0.475478 -0.866810 0.588845 0.456463 1 26 1.000000
  0 -4.895700 10.029400 -0.090219 0.151155 0.988510 -0.000147 0.588844 0.431176 1 26 1.000000
  0 -4.430150 9.960880 -0.090219 0.133129 0.991099 0.000000 0.501716 0.431176 1 26 1.000000
assets/textures/Ch_MutoYugi01_body_tex
  0 -4.895700 10.029400 -0.090219 0.151155 0.988510 -0.000147 0.588845 0.428679 1 26 1.000000
  0 -4.895700 9.766180 0.342697 0.150203 0.475479 0.866810 0.588844 0.365323 1 26 1.000000
  0 -4.430150 9.960880 -0.090219 0.133129 0.991099 0.000000 0.501716 0.428679 1 26 1.000000
assets/textures/Ch_MutoYugi01_body_tex
  0 -4.895700 9.766180 0.342697 0.150203 0.475479 0.866810 0.588844 0.365323 1 26 1.000000
  0 -4.430150 9.731930 0.286365 0.128531 0.481557 0.866939 0.501716 0.365323 1 26 1.000000
  0 -4.430150 9.960880 -0.090219 0.133129 0.991099 0.000000 0.501716 0.428679 1 26 1.000000
assets/textures/Ch_MutoYugi01_body_tex
  0 -4.430150 9.731930 0.286365 0.128531 0.481557 0.866939 0.501716 0.455334 1 26 1.000000
  0 -4.895700 9.766180 0.342697 0.150203 0.475479 0.866810 0.588845 0.455333 1 26 1.000000
  0 -4.430150 9.274050 0.286365 0.138133 -0.484969 0.863553 0.501716 0.482730 1 26 1.000000
assets/textures/Ch_MutoYugi01_body_tex
  0 -4.895700 9.766180 0.342697 0.150203 0.475479 0.866810 0.588845 0.455333 1 26 1.000000
  0 -4.895700 9.239800 0.342697 0.150202 -0.475477 0.866811 0.588844 0.482730 1 26 1.000000
  0 -4.430150 9.274050 0.286365 0.138133 -0.484969 0.863553 0.501716 0.482730 1 26 1.000000
assets/textures/Ch_MutoYugi01_body_tex
  0 -4.430150 9.274050 0.286365 0.138133 -0.484969 0.863553 0.501071 0.361174 1 26 1.000000
  0 -4.895700 9.239800 0.342697 0.150202 -0.475477 0.866811 0.588200 0.361174 1 26 1.000000
  0 -4.430150 9.045100 -0.090219 0.156122 -0.987738 0.000000 0.501071 0.325144 1 26 1.000000
assets/textures/Ch_MutoYugi01_body_tex
  0 -4.895700 9.239800 0.342697 0.150202 -0.475477 0.866811 0.588200 0.361174 1 26 1.000000
  0 -4.895700 8.976610 -0.090219 0.156122 -0.987738 0.000000 0.588200 0.325144 1 26 1.000000
  0 -4.430150 9.045100 -0.090219 0.156122 -0.987738 0.000000 0.501071 0.325144 1 26 1.000000
assets/textures/Ch_MutoYugi01_body_tex
  0 -4.895700 8.976610 -0.090219 0.156122 -0.987738 0.000000 0.588845 0.318161 1 26 1.000000
  0 -4.895700 9.239800 -0.523134 0.150202 -0.475477 -0.866811 0.588844 0.280527 1 26 1.000000
  0 -4.430150 9.045100 -0.090219 0.156122 -0.987738 0.000000 0.501716 0.318161 1 26 1.000000
assets/textures/Ch_MutoYugi01_body_tex
  0 -4.895700 9.239800 -0.523134 0.150202 -0.475477 -0.866811 0.588844 0.280527 1 26 1.000000
  0 -4.430150 9.274050 -0.466802 0.138133 -0.484969 -0.863553 0.501716 0.280528 1 26 1.000000
  0 -4.430150 9.045100 -0.090219 0.156122 -0.987738 0.000000 0.501716 0.318161 1 26 1.000000
assets/textures/Ch_MutoYugi01_body_tex
  0 0.003519 13.272700 2.084490 0.101232 0.684788 -0.721677 0.867934 0.735502 1 22 1.000000
  0 0.078719 12.994300 1.773550 0.255637 0.743559 -0.617875 0.868013 0.682344 1 22 1.000000
  0 -0.109369 13.012800 1.844790 -0.984791 0.050562 -0.166224 0.899988 0.682135 1 22 1.000000
assets/textures/Ch_MutoYugi01_body_tex
  0 0.003519 13.272700 2.084490 0.101232 0.684788 -0.721677 0.867934 0.735502 1 22 1.000000
  0 0.185328 13.170000 2.099000 0.997697 0.028742 -0.061440 0.830805 0.735639 2 23 0.200000 22 0.800000
  0 0.078719 12.994300 1.773550 0.255637 0.743559 -0.617875 0.868013 0.682344 1 22 1.000000
assets/textures/Ch_MutoYugi01_body_tex
  0 0.003519 13.272700 2.084490 0.101232 0.684788 -0.721677 0.867934 0.735502 1 22 1.000000
  0 0.213381 13.505000 2.423170 0.816917 0.508872 -0.271469 0.830805 0.781508 2 23 0.200000 22 0.800000
  0 0.185328 13.170000 2.099000 0.997697 0.028742 -0.061440 0.830805 0.735639 2 23 0.200000 22 0.800000
assets/textures/Ch_MutoYugi01_body_tex
  0 0.003519 13.272700 2.084490 0.101232 0.684788 -0.721677 0.867934 0.735502 1 22 1.000000
  0 0.022881 13.751200 2.464710 0.091838 0.842779 -0.530367 0.867958 0.781377 2 23 0.200000 22 0.800000
  0 0.213381 13.505000 2.423170 0.816917 0.508872 -0.271469 0.830805 0.781508 2 23 0.200000 22 0.800000
assets/textures/Ch_MutoYugi01_body_tex
  0 0.003519 13.272700 2.084490 0.101232 0.684788 -0.721677 0.867934 0.735502 1 22 1.000000
  0 -0.162459 13.343300 2.256310 -0.977427 0.112185 -0.179029 0.901782 0.735698 2 23 0.200000 22 0.800000
  0 0.022881 13.751200 2.464710 0.091838 0.842779 -0.530367 0.867958 0.781377 2 23 0.200000 22 0.800000
assets/textures/Ch_MutoYugi01_body_tex
  0 0.078719 12.994300 1.773550 0.255637 0.743559 -0.617875 0.868013 0.682344 1 22 1.000000
  0 0.185328 13.170000 2.099000 0.997697 0.028742 -0.061440 0.830805 0.735639 2 23 0.200000 22 0.800000
  0 0.217332 12.880300 1.790270 0.965113 -0.144561 0.218309 0.830805 0.682372 1 22 1.000000
assets/textures/Ch_MutoYugi01_body_tex
  0 0.119688 12.742800 2.197450 -0.004837 -0.591861 -0.806026 0.824145 0.682371 1 22 1.000000
  0 -0.037933 12.786500 2.264200 0.016190 -0.231589 0.972679 0.868013 0.682344 2 23 0.200000 22 0.800000
  0 -0.129465 12.595500 2.387650 0.729007 0.010139 -0.684431 0.824145 0.808067 2 23 0.200000 22 0.800000
assets/textures/Ch_MutoYugi01_body_tex
  0 0.119688 12.742800 2.197450 -0.004837 -0.591861 -0.806026 0.750783 0.781772 1 22 1.000000
  0 0.240745 13.350500 2.505730 0.436043 -0.364026 0.823013 0.750877 0.629517 2 23 0.200000 22 0.800000
  0 -0.037933 12.786500 2.264200 0.016190 -0.231589 0.972679 0.790777 0.781838 2 23 0.200000 22 0.800000
assets/textures/Ch_MutoYugi01_body_tex
  0 0.119688 12.742800 2.197450 -0.004837 -0.591861 -0.806026 0.991703 0.752659 1 22 1.000000
  0 0.014246 13.249700 2.368960 -0.356101 0.017222 -0.934289 0.993329 0.750007 2 23 0.200000 22 0.800000
  0 0.240745 13.350500 2.505730 0.436043 -0.364026 0.823013 0.992117 0.750671 2 23 0.200000 22 0.800000
assets/textures/Ch_MutoYugi01_body_tex
  0 0.217332 12.880300 1.790270 0.965113 -0.144561 0.218309 0.757743 0.629517 1 22 1.000000
  0 0.185328 13.170000 2.099000 0.997697 0.028742 -0.061440 0.757743 0.707602 2 23 0.200000 22 0.800000
  0 0.015296 12.854300 1.907470 -0.034115 -0.764531 0.643684 0.790733 0.629603 1 22 1.000000
assets/textures/Ch_MutoYugi01_body_tex
  0 0.015296 12.854300 1.907470 -0.034115 -0.764531 0.643684 0.790733 0.629603 1 22 1.000000
  0 0.000515 13.137400 2.249530 -0.213335 -0.725105 0.654760 0.790777 0.707726 2 23 0.200000 22 0.800000
  0 -0.109369 13.012800 1.844790 -0.984791 0.050562 -0.166224 0.825363 0.629561 1 22 1.000000
assets/textures/Ch_MutoYugi01_body_tex
  0 0.000000 12.678200 1.940390 0.050878 -0.697536 0.714741 0.899988 0.682135 1 22 1.000000
  0 0.254641 13.049800 2.423200 -0.336090 -0.652222 0.679448 0.899988 0.735698 2 23 0.200000 22 0.800000
  0 0.046535 13.067500 1.804060 -0.042091 0.965433 -0.257229 0.868013 0.682344 1 22 1.000000
assets/textures/Ch_MutoYugi01_body_tex
  0 0.046535 13.067500 1.804060 -0.042091 0.965433 -0.257229 0.868013 0.682344 1 22 1.000000
  0 0.280326 13.548300 2.353960 -0.817808 0.555213 -0.151419 0.867934 0.735502 2 23 0.200000 22 0.800000
  0 0.579804 13.200500 1.683850 -0.470144 0.667475 -0.577444 0.833028 0.682372 1 22 1.000000
assets/textures/Ch_MutoYugi01_body_tex
  0 0.046535 13.067500 1.804060 -0.042091 0.965433 -0.257229 0.868013 0.682344 1 22 1.000000
  0 -0.490866 13.179000 1.668870 0.389069 0.689401 -0.611025 0.899988 0.682135 1 22 1.000000
  0 -0.223120 13.538000 2.346890 0.802526 0.580615 -0.137250 0.867934 0.735502 2 23 0.200000 22 0.800000
assets/textures/Ch_MutoYugi01_body_tex
  0 0.046535 13.067500 1.804060 -0.042091 0.965433 -0.257229 0.868013 0.682344 1 22 1.000000
  0 -0.223120 13.538000 2.346890 0.802526 0.580615 -0.137250 0.867934 0.735502 2 23 0.200000 22 0.800000
  0 -0.172091 13.041500 2.417250 0.480863 -0.551342 0.681758 0.833028 0.735639 2 23 0.200000 22 0.800000
assets/textures/Ch_MutoYugi01_body_tex
  0 0.046535 13.067500 1.804060 -0.042091 0.965433 -0.257229 0.868013 0.682344 1 22 1.000000
  0 -0.172091 13.041500 2.417250 0.480863 -0.551342 0.681758 0.833028 0.735639 2 23 0.200000 22 0.800000
  0 0.000000 12.678200 1.940390 0.050878 -0.697536 0.714741 0.833028 0.682372 1 22 1.000000
assets/textures/Ch_MutoYugi01_body_tex
  0 0.579804 13.200500 1.683850 -0.470144 0.667475 -0.577444 0.833028 0.682372 1 22 1.000000
  0 0.280326 13.548300 2.353960 -0.817808 0.555213 -0.151419 0.867934 0.735502 2 23 0.200000 22 0.800000
  0 0.715412 13.879300 2.280480 -0.556709 0.728677 -0.398880 0.833028 0.735639 2 23 0.200000 22 0.800000
assets/textures/Ch_MutoYugi01_body_tex
  0 -0.490866 13.179000 1.668870 0.389069 0.689401 -0.611025 0.899988 0.682135 1 22 1.000000
  0 -0.673981 13.851400 2.260980 0.485551 0.773020 -0.408265 0.899988 0.735698 2 23 0.200000 22 0.800000
  0 -0.223120 13.538000 2.346890 0.802526 0.580615 -0.137250 0.867934 0.735502 2 23 0.200000 22 0.800000
assets/textures/Ch_MutoYugi01_body_tex
  0 0.000000 12.678200 1.940390 0.050878 -0.697536 0.714741 0.757743 0.629517 1 22 1.000000
  0 -0.172091 13.041500 2.417250 0.480863 -0.551342 0.681758 0.757743 0.707602 2 23 0.200000 22 0.800000
  0 -0.404873 12.840000 1.759080 -0.558064 -0.693214 0.456090 0.790733 0.629603 1 22 1.000000
assets/textures/Ch_MutoYugi01_body_tex
  0 -0.404873 12.840000 1.759080 -0.558064 -0.693214 0.456090 0.790733 0.629603 1 22 1.000000
  0 -0.518959 13.319900 2.375360 -0.609320 -0.684582 0.400096 0.790777 0.781838 2 23 0.200000 22 0.800000
  0 -0.726867 12.952600 1.636510 -0.596480 -0.627091 0.500968 0.825363 0.629508 1 22 1.000000
assets/textures/Ch_MutoYugi01_body_tex
  0 1.209570 13.288200 1.221100 0.076937 0.721296 -0.688341 0.833028 0.682372 1 22 1.000000
  0 0.579804 13.200500 1.683850 -0.470144 0.667475 -0.577444 0.868013 0.682344 1 22 1.000000
  0 1.257170 13.913900 1.910130 0.170739 0.699879 -0.693554 0.833028 0.736250 2 23 0.200000 22 0.800000
assets/textures/Ch_MutoYugi01_body_tex
  0 0.579804 13.200500 1.683850 -0.470144 0.667475 -0.577444 0.868013 0.682344 1 22 1.000000
  0 0.715412 13.879300 2.280480 -0.556709 0.728677 -0.398880 0.867931 0.780795 2 23 0.200000 22 0.800000
  0 1.257170 13.913900 1.910130 0.170739 0.699879 -0.693554 0.833028 0.736250 2 23 0.200000 22 0.800000
assets/textures/Ch_MutoYugi01_body_tex
  0 1.033520 13.147800 1.558180 0.745135 -0.529387 0.405614 0.991119 0.749335 1 22 1.000000
  0 1.209570 13.288200 1.221100 0.076937 0.721296 -0.688341 0.991254 0.749226 1 22 1.000000
  0 1.257170 13.913900 1.910130 0.170739 0.699879 -0.693554 0.992899 0.749099 2 23 0.200000 22 0.800000
assets/textures/Ch_MutoYugi01_body_tex
  0 -1.100350 13.242100 1.417620 0.438720 0.653091 -0.617249 0.899988 0.682135 1 22 1.000000
  0 -1.311780 13.817500 1.872700 0.389069 0.689401 -0.611025 0.899988 0.732046 2 23 0.200000 22 0.800000
  0 -0.490866 13.179000 1.668870 0.389069 0.689401 -0.611025 0.868013 0.682344 1 22 1.000000
assets/textures/Ch_MutoYugi01_body_tex
  0 -1.031700 13.132000 1.562780 -0.515757 -0.560796 0.647690 0.991254 0.749226 1 22 1.000000
  0 -0.726867 12.952600 1.636510 -0.596480 -0.627091 0.500968 0.991119 0.749335 1 22 1.000000
  0 -0.930542 13.695900 2.314090 0.453357 0.288172 -0.843460 0.992939 0.749889 2 23 0.200000 22 0.800000
assets/textures/Ch_MutoYugi01_body_tex
  0 -1.385240 12.790700 1.259370 -0.725433 -0.425292 0.541179 0.991227 0.749248 1 22 1.000000
  0 -1.553170 13.836900 1.824400 0.090758 -0.958165 -0.271447 0.992336 0.749610 2 23 0.200000 22 0.800000
  0 -1.819070 13.946100 1.392160 -0.634512 0.640355 -0.432827 0.993745 0.749099 2 23 0.200000 22 0.800000
assets/textures/Ch_MutoYugi01_body_tex
  0 -1.385240 12.790700 1.259370 -0.725433 -0.425292 0.541179 0.991227 0.749248 1 22 1.000000
  0 -1.031700 13.132000 1.562780 -0.515757 -0.560796 0.647690 0.991119 0.749335 1 22 1.000000
  0 -1.553170 13.836900 1.824400 0.090758 -0.958165 -0.271447 0.992336 0.749610 2 23 0.200000 22 0.800000
assets/textures/Ch_MutoYugi01_body_tex
  0 -1.031700 13.132000 1.562780 -0.515757 -0.560796 0.647690 0.991119 0.749335 1 22 1.000000
  0 -1.311780 13.817500 1.872700 0.389069 0.689401 -0.611025 0.991657 0.750278 2 23 0.200000 22 0.800000
  0 -1.553170 13.836900 1.824400 0.090758 -0.958165 -0.271447 0.992336 0.749610 2 23 0.200000 22 0.800000
assets/textures/Ch_MutoYugi01_body_tex
  0 -1.410830 13.411100 1.265550 0.596065 0.595656 -0.538424 0.868013 0.682344 1 22 1.000000
  0 -1.311780 13.817500 1.872700 0.389069 0.689401 -0.611025 0.833028 0.756163 2 23 0.200000 22 0.800000
  0 -1.100350 13.242100 1.417620 0.438720 0.653091 -0.617249 0.833028 0.682372 1 22 1.000000
assets/textures/Ch_MutoYugi01_body_tex
  0 -1.608490 12.546000 1.122280 -0.674888 -0.084867 0.733024 0.993314 0.759189 1 22 1.000000
  0 -2.918000 12.761800 -0.215061 -0.655144 -0.583116 0.480377 0.994874 0.755486 1 22 1.000000
  0 -1.660150 12.176500 0.301274 -0.732852 -0.474313 0.487807 0.993631 0.759351 1 22 1.000000
assets/textures/Ch_MutoYugi01_body_tex
  0 -1.608490 12.546000 1.122280 -0.674888 -0.084867 0.733024 0.993314 0.759189 1 22 1.000000
  0 -1.033520 13.147800 1.558180 -0.487630 0.143005 0.861259 0.992503 0.758406 1 22 1.000000
  0 -1.172060 14.346100 1.208850 -0.530265 0.170473 0.830517 0.991913 0.757025 1 22 1.000000
assets/textures/Ch_MutoYugi01_body_tex
  0 -2.918000 12.761800 -0.215061 -0.655144 -0.583116 0.480377 0.994874 0.755486 1 22 1.000000
  0 -3.174640 12.324900 -1.392590 -0.746047 -0.532334 0.400042 0.996175 0.754903 1 22 1.000000
  0 -1.660150 12.176500 0.301274 -0.732852 -0.474313 0.487807 0.993631 0.759351 1 22 1.000000
assets/textures/Ch_MutoYugi01_body_tex
  0 -2.918000 12.761800 -0.215061 -0.655144 -0.583116 0.480377 0.994874 0.755486 1 22 1.000000
  0 -4.156290 13.208800 -2.193550 -0.886062 -0.157116 0.436130 0.996345 0.752369 2 23 0.500000 22 0.500000
  0 -3.174640 12.324900 -1.392590 -0.746047 -0.532334 0.400042 0.996175 0.754903 1 22 1.000000
assets/textures/Ch_MutoYugi01_body_tex
  0 -1.033520 13.147800 1.558180 -0.487630 0.143005 0.861259 0.992503 0.758406 1 22 1.000000
  0 0.000000 12.678200 1.940390 0.000000 0.022013 0.999758 0.992095 0.758567 1 22 1.000000
  0 -1.172060 14.346100 1.208850 -0.530265 0.170473 0.830517 0.991913 0.757025 1 22 1.000000
assets/textures/Ch_MutoYugi01_body_tex
  0 -1.660150 12.176500 0.301274 -0.732852 -0.474313 0.487807 0.993631 0.759351 1 22 1.000000
  0 -3.174640 12.324900 -1.392590 -0.746047 -0.532334 0.400042 0.996175 0.754903 1 22 1.000000
  0 -2.258610 11.362100 -0.881648 -0.713070 -0.513254 0.477600 0.995969 0.757715 1 22 1.000000
assets/textures/Ch_MutoYugi01_body_tex
  0 -1.660150 12.176500 0.301274 -0.732852 -0.474313 0.487807 0.993631 0.759351 1 22 1.000000
  0 -2.258610 11.362100 -0.881648 -0.713070 -0.513254 0.477600 0.995969 0.757715 1 22 1.000000
  0 -1.395980 11.049100 0.007818 -0.699113 -0.621269 0.353930 0.994689 0.759890 1 22 1.000000
assets/textures/Ch_MutoYugi01_body_tex
  0 0.000000 12.678200 1.940390 0.000000 0.022013 0.999758 0.992095 0.758567 1 22 1.000000
  0 -0.472291 15.864700 1.364600 -0.296428 0.157259 0.942019 0.990606 0.756682 2 23 0.500000 22 0.500000
  0 -1.172060 14.346100 1.208850 -0.530265 0.170473 0.830517 0.991913 0.757025 1 22 1.000000
assets/textures/Ch_MutoYugi01_body_tex
  0 0.000000 12.678200 1.940390 0.000000 0.022013 0.999758 0.992095 0.758567 1 22 1.000000
  0 0.000000 16.795300 1.291760 0.000000 0.397859 0.917447 0.984269 0.754576 2 23 0.500000 22 0.500000
  0 -0.472291 15.864700 1.364600 -0.296428 0.157259 0.942019 0.990606 0.756682 2 23 0.500000 22 0.500000
assets/textures/Ch_MutoYugi01_body_tex
  0 0.000000 12.678200 1.940390 0.000000 0.022013 0.999758 0.992095 0.758567 1 22 1.000000
  0 0.472291 15.864700 1.364600 0.296428 0.157259 0.942019 0.990606 0.756682 2 23 0.500000 22 0.500000
  0 0.000000 16.795300 1.291760 0.000000 0.397859 0.917447 0.984269 0.754576 2 23 0.500000 22 0.500000
assets/textures/Ch_MutoYugi01_body_tex
  0 0.000000 12.678200 1.940390 0.000000 0.022013 0.999758 0.992095 0.758567 1 22 1.000000
  0 1.172060 14.346100 1.208850 0.530265 0.170473 0.830517 0.991913 0.757025 1 22 1.000000
  0 0.472291 15.864700 1.364600 0.296428 0.157259 0.942019 0.990606 0.756682 2 23 0.500000 22 0.500000
assets/textures/Ch_MutoYugi01_body_tex
  0 0.000000 12.678200 1.940390 0.000000 0.022013 0.999758 0.992095 0.758567 1 22 1.000000
  0 1.033520 13.147800 1.558180 0.486714 0.147082 0.861090 0.992503 0.758406 1 22 1.000000
  0 1.172060 14.346100 1.208850 0.530265 0.170473 0.830517 0.991913 0.757025 1 22 1.000000
assets/textures/Ch_MutoYugi01_body_tex
  0 -2.258610 11.362100 -0.881648 -0.713070 -0.513254 0.477600 0.995969 0.757715 1 22 1.000000
  0 -1.006210 10.649400 0.118717 -0.499638 -0.862433 0.081065 0.995177 0.760139 1 22 1.000000
  0 -1.395980 11.049100 0.007818 -0.699113 -0.621269 0.353930 0.994689 0.759890 1 22 1.000000
assets/textures/Ch_MutoYugi01_body_tex
  0 -2.258610 11.362100 -0.881648 -0.713070 -0.513254 0.477600 0.995969 0.757715 1 22 1.000000
  0 -2.024840 11.016600 -1.814000 -0.289734 -0.938100 -0.189799 0.997078 0.757530 2 23 0.200000 22 0.800000
  0 -1.006210 10.649400 0.118717 -0.499638 -0.862433 0.081065 0.995177 0.760139 1 22 1.000000
assets/textures/Ch_MutoYugi01_body_tex
  0 -2.258610 11.362100 -0.881648 -0.713070 -0.513254 0.477600 0.995969 0.757715 1 22 1.000000
  0 -2.674790 11.489700 -2.056780 -0.634169 -0.735200 0.239395 0.996822 0.756266 1 22 1.000000
  0 -2.024840 11.016600 -1.814000 -0.289734 -0.938100 -0.189799 0.997078 0.757530 2 23 0.200000 22 0.800000
assets/textures/Ch_MutoYugi01_body_tex
  0 -1.172060 14.346100 1.208850 -0.530265 0.170473 0.830517 0.991913 0.757025 1 22 1.000000
  0 -0.472291 15.864700 1.364600 -0.296428 0.157259 0.942019 0.990606 0.756682 2 23 0.500000 22 0.500000
  0 -0.484793 16.238899 1.221310 -0.716992 0.316569 0.621053 0.990751 0.756381 2 23 0.500000 22 0.500000
assets/textures/Ch_MutoYugi01_body_tex
  0 1.033520 13.147800 1.558180 0.486714 0.147082 0.861090 0.992503 0.758406 1 22 1.000000
  0 1.608490 12.546000 1.122280 0.674913 -0.084634 0.733028 0.993314 0.759189 1 22 1.000000
  0 1.172060 14.346100 1.208850 0.530265 0.170473 0.830517 0.991913 0.757025 1 22 1.000000
assets/textures/Ch_MutoYugi01_body_tex
  0 -1.006210 10.649400 0.118717 -0.499638 -0.862433 0.081065 0.995177 0.760139 1 22 1.000000
  0 -2.024840 11.016600 -1.814000 -0.289734 -0.938100 -0.189799 0.997078 0.757530 2 23 0.200000 22 0.800000
  0 -0.492370 10.441700 0.049665 -0.227928 -0.966761 -0.115850 0.995573 0.760341 1 22 1.000000
assets/textures/Ch_MutoYugi01_body_tex
  0 -2.674790 11.489700 -2.056780 -0.634169 -0.735200 0.239395 0.996822 0.756266 1 22 1.000000
  0 -3.462880 11.689300 -3.263970 -0.419919 0.416683 -0.806253 0.997625 0.756040 1 22 1.000000
  0 -2.024840 11.016600 -1.814000 -0.289734 -0.938100 -0.189799 0.997078 0.757530 2 23 0.200000 22 0.800000
assets/textures/Ch_MutoYugi01_body_tex
  0 1.608490 12.546000 1.122280 0.674913 -0.084634 0.733028 0.993314 0.759189 1 22 1.000000
  0 2.617520 13.166900 0.436935 0.730897 -0.001191 0.682486 0.993839 0.756200 1 22 1.000000
  0 1.172060 14.346100 1.208850 0.530265 0.170473 0.830517 0.991913 0.757025 1 22 1.000000
assets/textures/Ch_MutoYugi01_body_tex
  0 1.608490 12.546000 1.122280 0.674913 -0.084634 0.733028 0.993314 0.759189 1 22 1.000000
  0 2.918000 12.761800 -0.215061 0.655144 -0.583116 0.480377 0.994874 0.755486 1 22 1.000000
  0 2.617520 13.166900 0.436935 0.730897 -0.001191 0.682486 0.993839 0.756200 1 22 1.000000
assets/textures/Ch_MutoYugi01_body_tex
  0 1.608490 12.546000 1.122280 0.674913 -0.084634 0.733028 0.993314 0.759189 1 22 1.000000
  0 1.660150 12.176500 0.301274 0.732851 -0.474313 0.487808 0.993631 0.759351 1 22 1.000000
  0 2.918000 12.761800 -0.215061 0.655144 -0.583116 0.480377 0.994874 0.755486 1 22 1.000000
assets/textures/Ch_MutoYugi01_body_tex
  0 -0.492370 10.441700 0.049665 -0.227928 -0.966761 -0.115850 0.995573 0.760341 1 22 1.000000
  0 -2.024840 11.016600 -1.814000 -0.289734 -0.938100 -0.189799 0.997078 0.757530 2 23 0.200000 22 0.800000
  0 0.000000 10.377100 0.020088 0.000000 -0.993033 -0.117838 0.995969 0.760543 1 22 1.000000
assets/textures/Ch_MutoYugi01_body_tex
  0 1.172060 14.346100 1.208850 0.530265 0.170473 0.830517 0.991913 0.757025 1 22 1.000000
  0 2.617520 13.166900 0.436935 0.730897 -0.001191 0.682486 0.993839 0.756200 1 22 1.000000
  0 2.494320 14.897300 -0.009959 0.641910 0.293506 0.708382 0.992388 0.753779 2 23 0.500000 22 0.500000
assets/textures/Ch_MutoYugi01_body_tex
  0 1.172060 14.346100 1.208850 0.530265 0.170473 0.830517 0.991913 0.757025 1 22 1.000000
  0 2.494320 14.897300 -0.009959 0.641910 0.293506 0.708382 0.992388 0.753779 2 23 0.500000 22 0.500000
  0 2.491090 15.431100 -0.391893 0.531940 0.465651 0.707255 0.992023 0.751968 2 23 0.500000 22 0.500000
assets/textures/Ch_MutoYugi01_body_tex
  0 1.660150 12.176500 0.301274 0.732851 -0.474313 0.487808 0.993631 0.759351 1 22 1.000000
  0 3.174640 12.324900 -1.392590 0.745135 -0.529387 0.405614 0.996175 0.754903 1 22 1.000000
  0 2.918000 12.761800 -0.215061 0.655144 -0.583116 0.480377 0.994874 0.755486 1 22 1.000000
assets/textures/Ch_MutoYugi01_body_tex
  0 1.660150 12.176500 0.301274 0.732851 -0.474313 0.487808 0.993631 0.759351 1 22 1.000000
  0 2.258610 11.362100 -0.881648 0.713070 -0.513254 0.477601 0.995969 0.757715 1 22 1.000000
  0 3.174640 12.324900 -1.392590 0.745135 -0.529387 0.405614 0.996175 0.754903 1 22 1.000000
assets/textures/Ch_MutoYugi01_body_tex
  0 1.660150 12.176500 0.301274 0.732851 -0.474313 0.487808 0.993631 0.759351 1 22 1.000000
  0 1.395980 11.049100 0.007818 0.699112 -0.621269 0.353931 0.994689 0.759890 1 22 1.000000
  0 2.258610 11.362100 -0.881648 0.713070 -0.513254 0.477601 0.995969 0.757715 1 22 1.000000
assets/textures/Ch_MutoYugi01_body_tex
  0 2.617520 13.166900 0.436935 0.730897 -0.001191 0.682486 0.993839 0.756200 1 22 1.000000
  0 3.619500 15.709800 -1.510540 0.911952 -0.084887 0.401419 0.992032 0.750851 2 23 0.500000 22 0.500000
  0 2.494320 14.897300 -0.009959 0.641910 0.293506 0.708382 0.992388 0.753779 2 23 0.500000 22 0.500000
assets/textures/Ch_MutoYugi01_body_tex
  0 2.617520 13.166900 0.436935 0.730897 -0.001191 0.682486 0.993839 0.756200 1 22 1.000000
  0 2.918000 12.761800 -0.215061 0.655144 -0.583116 0.480377 0.994874 0.755486 1 22 1.000000
  0 3.470730 13.218600 -0.687113 0.782135 0.305331 0.543174 0.995284 0.753890 2 23 0.500000 22 0.500000
assets/textures/Ch_MutoYugi01_body_tex
  0 3.174640 12.324900 -1.392590 0.745135 -0.529387 0.405614 0.996175 0.754903 1 22 1.000000
  0 4.156290 13.208800 -2.193550 0.886062 -0.157117 0.436129 0.996345 0.752369 2 23 0.500000 22 0.500000
  0 2.918000 12.761800 -0.215061 0.655144 -0.583116 0.480377 0.994874 0.755486 1 22 1.000000
assets/textures/Ch_MutoYugi01_body_tex
  0 1.395980 11.049100 0.007818 0.699112 -0.621269 0.353931 0.994689 0.759890 1 22 1.000000
  0 1.006210 10.649400 0.118717 0.499638 -0.862433 0.081065 0.995177 0.760139 1 22 1.000000
  0 2.258610 11.362100 -0.881648 0.713070 -0.513254 0.477601 0.995969 0.757715 1 22 1.000000
assets/textures/Ch_MutoYugi01_body_tex
  0 1.006210 10.649400 0.118717 0.499638 -0.862433 0.081065 0.995177 0.760139 1 22 1.000000
  0 2.024840 11.016600 -1.814000 0.289734 -0.938100 -0.189799 0.997078 0.757530 2 23 0.200000 22 0.800000
  0 2.258610 11.362100 -0.881648 0.713070 -0.513254 0.477601 0.995969 0.757715 1 22 1.000000
assets/textures/Ch_MutoYugi01_body_tex
  0 0.000000 10.506900 -1.270470 0.000000 -0.977181 -0.212409 0.996757 0.760945 1 22 1.000000
  0 2.024840 11.016600 -1.814000 0.289734 -0.938100 -0.189799 0.997078 0.757530 2 23 0.200000 22 0.800000
  0 0.000000 10.377100 0.020088 0.000000 -0.993033 -0.117838 0.995969 0.760543 1 22 1.000000
assets/textures/Ch_MutoYugi01_body_tex
  0 1.006210 10.649400 0.118717 0.499638 -0.862433 0.081065 0.995177 0.760139 1 22 1.000000
  0 0.492370 10.441700 0.049665 0.227928 -0.966761 -0.115850 0.995573 0.760341 1 22 1.000000
  0 2.024840 11.016600 -1.814000 0.289734 -0.938100 -0.189799 0.997078 0.757530 2 23 0.200000 22 0.800000
assets/textures/Ch_MutoYugi01_body_tex
  0 0.492370 10.441700 0.049665 0.227928 -0.966761 -0.115850 0.995573 0.760341 1 22 1.000000
  0 0.000000 10.377100 0.020088 0.000000 -0.993033 -0.117838 0.995969 0.760543 1 22 1.000000
  0 2.024840 11.016600 -1.814000 0.289734 -0.938100 -0.189799 0.997078 0.757530 2 23 0.200000 22 0.800000
assets/textures/Ch_MutoYugi01_body_tex
  0 2.258610 11.362100 -0.881648 0.713070 -0.513254 0.477601 0.995969 0.757715 1 22 1.000000
  0 2.024840 11.016600 -1.814000 0.289734 -0.938100 -0.189799 0.997078 0.757530 2 23 0.200000 22 0.800000
  0 2.674790 11.489700 -2.056780 0.634169 -0.735200 0.239395 0.996822 0.756266 2 23 0.200000 22 0.800000
assets/textures/Ch_MutoYugi01_body_tex
  0 1.172060 14.346100 1.208850 0.530265 0.170473 0.830517 0.931797 0.735874 1 22 1.000000
  0 2.491090 15.431100 -0.391893 0.531940 0.465651 0.707255 0.955120 0.757806 2 23 0.500000 22 0.500000
  0 1.384410 15.250900 0.467369 0.545324 0.838145 0.011646 0.935640 0.753558 2 23 0.500000 22 0.500000
assets/textures/Ch_MutoYugi01_body_tex
  0 2.617520 13.166900 0.436935 0.730897 -0.001191 0.682486 0.947828 0.701217 1 22 1.000000
  0 3.470730 13.218600 -0.687113 0.782135 0.305331 0.543174 0.960416 0.696387 2 23 0.500000 22 0.500000
  0 2.999030 13.854800 -1.205420 0.850745 0.223765 -0.475565 0.952099 0.707481 2 23 0.500000 22 0.500000
assets/textures/Ch_MutoYugi01_body_tex
  0 3.174640 12.324900 -1.392590 0.745135 -0.529387 0.405614 0.953708 0.670426 1 22 1.000000
  0 2.258610 11.362100 -0.881648 0.713070 -0.513254 0.477601 0.940533 0.649568 1 22 1.000000
  0 3.002890 11.864000 -1.775190 0.689201 -0.323918 -0.648135 0.954650 0.666669 2 23 0.200000 22 0.800000
assets/textures/Ch_MutoYugi01_body_tex
  0 -3.174640 12.324900 -1.392590 -0.746047 -0.532334 0.400042 0.953708 0.670426 1 22 1.000000
  0 -3.002890 11.864000 -1.775190 -0.689201 -0.323918 -0.648135 0.954650 0.666669 1 22 1.000000
  0 -2.258610 11.362100 -0.881648 -0.713070 -0.513254 0.477600 0.940533 0.649568 1 22 1.000000
assets/textures/Ch_MutoYugi01_body_tex
  0 2.258610 11.362100 -0.881648 0.713070 -0.513254 0.477601 0.940533 0.649568 1 22 1.000000
  0 2.674790 11.489700 -2.056780 0.634169 -0.735200 0.239395 0.943734 0.647337 2 23 0.200000 22 0.800000
  0 3.002890 11.864000 -1.775190 0.689201 -0.323918 -0.648135 0.954650 0.666669 2 23 0.200000 22 0.800000
assets/textures/Ch_MutoYugi01_body_tex
  0 -2.258610 11.362100 -0.881648 -0.713070 -0.513254 0.477600 0.940533 0.649568 1 22 1.000000
  0 -3.002890 11.864000 -1.775190 -0.689201 -0.323918 -0.648135 0.954650 0.666669 1 22 1.000000
  0 -2.674790 11.489700 -2.056780 -0.634169 -0.735200 0.239395 0.943734 0.647337 1 22 1.000000
assets/textures/Ch_MutoYugi01_body_tex
  0 -2.782390 12.657900 -1.489060 0.485393 0.122043 -0.865736 0.952249 0.678424 1 22 1.000000
  0 -2.305070 12.135700 -1.877280 -0.301259 0.561747 -0.770509 0.943606 0.665518 1 22 1.000000
  0 -3.002890 11.864000 -1.775190 -0.689201 -0.323918 -0.648135 0.954650 0.666669 1 22 1.000000
assets/textures/Ch_MutoYugi01_body_tex
  0 2.782390 12.657900 -1.489060 -0.485393 0.122043 -0.865736 0.952249 0.678424 1 22 1.000000
  0 3.002890 11.864000 -1.775190 0.689201 -0.323918 -0.648135 0.954650 0.666669 2 23 0.200000 22 0.800000
  0 2.305070 12.135700 -1.877280 0.301259 0.561747 -0.770508 0.943606 0.665518 1 22 1.000000
assets/textures/Ch_MutoYugi01_body_tex
  0 -3.002890 11.864000 -1.775190 -0.689201 -0.323918 -0.648135 0.954650 0.666669 1 22 1.000000
  0 -2.305070 12.135700 -1.877280 -0.301259 0.561747 -0.770509 0.943606 0.665518 1 22 1.000000
  0 -3.462880 11.689300 -3.263970 -0.419919 0.416683 -0.806253 0.956484 0.650912 1 22 1.000000
assets/textures/Ch_MutoYugi01_body_tex
  0 -2.674790 11.489700 -2.056780 -0.634169 -0.735200 0.239395 0.943734 0.647337 1 22 1.000000
  0 -3.002890 11.864000 -1.775190 -0.689201 -0.323918 -0.648135 0.954650 0.666669 1 22 1.000000
  0 -3.462880 11.689300 -3.263970 -0.419919 0.416683 -0.806253 0.956484 0.650912 1 22 1.000000
assets/textures/Ch_MutoYugi01_body_tex
  0 -2.305070 12.135700 -1.877280 -0.301259 0.561747 -0.770509 0.943606 0.665518 1 22 1.000000
  0 -1.705140 11.890100 -2.214920 -0.047358 0.508765 -0.859602 0.930138 0.654971 1 22 1.000000
  0 -3.462880 11.689300 -3.263970 -0.419919 0.416683 -0.806253 0.956484 0.650912 1 22 1.000000
assets/textures/Ch_MutoYugi01_body_tex
  0 1.705140 11.890100 -2.214920 0.047358 0.508765 -0.859602 0.930138 0.654971 1 22 1.000000
  0 2.031880 11.295700 -2.508620 0.015132 -0.771385 -0.636189 0.940163 0.642502 2 23 0.200000 22 0.800000
  0 0.910539 11.259200 -2.821300 0.344338 -0.683834 -0.643275 0.929043 0.648025 2 23 0.200000 22 0.800000
assets/textures/Ch_MutoYugi01_body_tex
  0 1.705140 11.890100 -2.214920 0.047358 0.508765 -0.859602 0.930138 0.654971 1 22 1.000000
  0 0.910539 11.259200 -2.821300 0.344338 -0.683834 -0.643275 0.929043 0.648025 2 23 0.200000 22 0.800000
  0 0.000000 11.545600 -3.041370 0.000000 0.765593 -0.643326 0.919770 0.648751 2 23 0.200000 22 0.800000
assets/textures/Ch_MutoYugi01_body_tex
  0 -1.705140 11.890100 -2.214920 -0.047358 0.508765 -0.859602 0.930138 0.654971 1 22 1.000000
  0 -2.031880 11.295700 -2.508620 -0.015132 -0.771385 -0.636189 0.940163 0.642502 2 23 0.200000 22 0.800000
  0 -3.462880 11.689300 -3.263970 -0.419919 0.416683 -0.806253 0.956484 0.650912 1 22 1.000000
assets/textures/Ch_MutoYugi01_body_tex
  0 -1.705140 11.890100 -2.214920 -0.047358 0.508765 -0.859602 0.930138 0.654971 1 22 1.000000
  0 0.000000 11.545600 -3.041370 0.000000 0.765593 -0.643326 0.919770 0.648751 2 23 0.200000 22 0.800000
  0 -0.910539 11.259200 -2.821300 -0.344338 -0.683834 -0.643275 0.929043 0.648025 2 23 0.200000 22 0.800000
assets/textures/Ch_MutoYugi01_body_tex
  0 -1.705140 11.890100 -2.214920 -0.047358 0.508765 -0.859602 0.930138 0.654971 1 22 1.000000
  0 -0.910539 11.259200 -2.821300 -0.344338 -0.683834 -0.643275 0.929043 0.648025 2 23 0.200000 22 0.800000
  0 -2.031880 11.295700 -2.508620 -0.015132 -0.771385 -0.636189 0.940163 0.642502 2 23 0.200000 22 0.800000
assets/textures/Ch_MutoYugi01_body_tex
  0 -3.462880 11.689300 -3.263970 -0.419919 0.416683 -0.806253 0.956484 0.650912 1 22 1.000000
  0 -2.031880 11.295700 -2.508620 -0.015132 -0.771385 -0.636189 0.940163 0.642502 2 23 0.200000 22 0.800000
  0 -2.024840 11.016600 -1.814000 -0.289734 -0.938100 -0.189799 0.940073 0.635809 2 23 0.200000 22 0.800000
assets/textures/Ch_MutoYugi01_body_tex
  0 0.000000 14.929300 -1.133740 0.000000 0.798108 -0.602515 0.987654 0.756302 1 22 1.000000
  0 1.358940 14.564800 -0.996622 -0.012723 0.798400 -0.601994 0.990027 0.756477 2 23 0.500000 22 0.500000
  0 0.000000 14.020600 -2.669380 0.000000 0.436387 -0.899759 0.990337 0.757671 1 22 1.000000
assets/textures/Ch_MutoYugi01_body_tex
  0 -1.221320 12.295500 -2.384440 -0.343010 0.047535 -0.938128 0.993850 0.756183 1 22 1.000000
  0 -1.705140 11.890100 -2.214920 -0.047358 0.508765 -0.859602 0.996339 0.758323 1 22 1.000000
  0 -2.305070 12.135700 -1.877280 -0.301259 0.561747 -0.770509 0.994864 0.755773 1 22 1.000000
assets/textures/Ch_MutoYugi01_body_tex
  0 -1.221320 12.295500 -2.384440 -0.343010 0.047535 -0.938128 0.993850 0.756183 1 22 1.000000
  0 0.000000 14.020600 -2.669380 0.000000 0.436387 -0.899759 0.990337 0.757671 1 22 1.000000
  0 0.000000 12.155400 -2.522260 0.000000 -0.151803 -0.988411 0.993425 0.759245 1 22 1.000000
assets/textures/Ch_MutoYugi01_body_tex
  0 -1.221320 12.295500 -2.384440 -0.343010 0.047535 -0.938128 0.993850 0.756183 1 22 1.000000
  0 0.000000 12.155400 -2.522260 0.000000 -0.151803 -0.988411 0.993425 0.759245 1 22 1.000000
  0 0.000000 11.775500 -2.395660 0.000000 0.461188 -0.887303 0.995508 0.760308 2 23 0.200000 22 0.800000
assets/textures/Ch_MutoYugi01_body_tex
  0 -1.221320 12.295500 -2.384440 -0.343010 0.047535 -0.938128 0.993850 0.756183 1 22 1.000000
  0 0.000000 11.775500 -2.395660 0.000000 0.461188 -0.887303 0.995508 0.760308 2 23 0.200000 22 0.800000
  0 -1.705140 11.890100 -2.214920 -0.047358 0.508765 -0.859602 0.996339 0.758323 1 22 1.000000
assets/textures/Ch_MutoYugi01_body_tex
  0 -1.705140 11.890100 -2.214920 -0.047358 0.508765 -0.859602 0.996339 0.758323 1 22 1.000000
  0 0.000000 11.775500 -2.395660 0.000000 0.461188 -0.887303 0.995508 0.760308 2 23 0.200000 22 0.800000
  0 0.000000 11.545600 -3.041370 0.000000 0.765593 -0.643326 0.996786 0.760960 2 23 0.200000 22 0.800000
assets/textures/Ch_MutoYugi01_body_tex
  0 0.000000 12.155400 -2.522260 0.000000 -0.151803 -0.988411 0.993425 0.759245 1 22 1.000000
  0 0.000000 14.020600 -2.669380 0.000000 0.436387 -0.899759 0.990337 0.757671 1 22 1.000000
  0 1.221320 12.295500 -2.384440 0.343010 0.047535 -0.938128 0.993850 0.756183 1 22 1.000000
assets/textures/Ch_MutoYugi01_body_tex
  0 0.000000 12.155400 -2.522260 0.000000 -0.151803 -0.988411 0.993425 0.759245 1 22 1.000000
  0 1.221320 12.295500 -2.384440 0.343010 0.047535 -0.938128 0.993850 0.756183 1 22 1.000000
  0 0.000000 11.775500 -2.395660 0.000000 0.461188 -0.887303 0.995508 0.760308 2 23 0.200000 22 0.800000
assets/textures/Ch_MutoYugi01_body_tex
  0 0.000000 14.020600 -2.669380 0.000000 0.436387 -0.899759 0.990337 0.757671 1 22 1.000000
  0 2.999030 13.854800 -1.205420 0.850745 0.223765 -0.475565 0.992576 0.755813 2 23 0.500000 22 0.500000
  0 1.221320 12.295500 -2.384440 0.343010 0.047535 -0.938128 0.993850 0.756183 1 22 1.000000
assets/textures/Ch_MutoYugi01_body_tex
  0 1.221320 12.295500 -2.384440 0.343010 0.047535 -0.938128 0.993850 0.756183 1 22 1.000000
  0 2.305070 12.135700 -1.877280 0.301259 0.561747 -0.770508 0.994864 0.755773 1 22 1.000000
  0 1.705140 11.890100 -2.214920 0.047358 0.508765 -0.859602 0.996339 0.758323 1 22 1.000000
assets/textures/Ch_MutoYugi01_body_tex
  0 -6.287400 9.101200 0.526676 -0.670488 0.695558 -0.258157 0.555395 -0.340374 1 27 1.000000
  0 -5.868930 9.379980 0.392205 -0.872866 -0.116927 0.473744 0.539174 -0.334127 1 27 1.000000
  0 -6.271390 8.951650 0.458266 -0.437358 -0.362834 -0.822842 0.555395 -0.343304 1 27 1.000000
assets/textures/Ch_MutoYugi01_body_tex
  0 -5.868930 9.379980 0.392205 -0.872866 -0.116927 0.473744 0.539174 -0.334127 1 27 1.000000
  0 -5.703810 9.116580 0.156957 -0.388413 -0.876486 -0.284444 0.534802 -0.336491 1 27 1.000000
  0 -6.271390 8.951650 0.458266 -0.437358 -0.362834 -0.822842 0.555395 -0.343304 1 27 1.000000
assets/textures/Ch_MutoYugi01_body_tex
  0 -5.868930 9.379980 0.392205 -0.872866 -0.116927 0.473744 0.539174 -0.334127 1 27 1.000000
  0 -5.874150 9.169650 -0.388651 -0.232328 -0.868176 -0.438513 0.542309 -0.304563 1 27 1.000000
  0 -5.703810 9.116580 0.156957 -0.388413 -0.876486 -0.284444 0.534802 -0.336491 1 27 1.000000
assets/textures/Ch_MutoYugi01_body_tex
  0 -5.868930 9.379980 0.392205 -0.872866 -0.116927 0.473744 0.539174 -0.334127 1 27 1.000000
  0 -6.198590 9.432540 0.008084 -0.309273 -0.916764 0.252773 0.554922 -0.320732 1 27 1.000000
  0 -5.874150 9.169650 -0.388651 -0.232328 -0.868176 -0.438513 0.542309 -0.304563 1 27 1.000000
assets/textures/Ch_MutoYugi01_body_tex
  0 -5.868930 9.379980 0.392205 -0.872866 -0.116927 0.473744 0.539174 -0.334127 1 27 1.000000
  0 -6.202950 9.536840 0.228397 -0.309273 -0.916764 0.252773 0.555086 -0.326034 1 27 1.000000
  0 -6.198590 9.432540 0.008084 -0.309273 -0.916764 0.252773 0.554922 -0.320732 1 27 1.000000
assets/textures/Ch_MutoYugi01_body_tex
  0 -5.868930 9.379980 0.392205 -0.872866 -0.116927 0.473744 0.539174 -0.334127 1 27 1.000000
  0 -6.207020 9.641110 0.448710 -0.058710 -0.244621 0.967840 0.555395 -0.337777 2 28 0.600000 27 0.400000
  0 -6.202950 9.536840 0.228397 -0.309273 -0.916764 0.252773 0.555086 -0.326034 1 27 1.000000
assets/textures/Ch_MutoYugi01_body_tex
  0 -6.271390 8.951650 0.458266 -0.437358 -0.362834 -0.822842 0.555395 -0.343304 1 27 1.000000
  0 -5.703810 9.116580 0.156957 -0.388413 -0.876486 -0.284444 0.534802 -0.336491 1 27 1.000000
  0 -6.201310 8.865640 0.548210 0.155684 -0.955623 0.250094 0.555395 -0.349630 1 27 1.000000
assets/textures/Ch_MutoYugi01_body_tex
  0 -5.874150 9.169650 -0.388651 -0.232328 -0.868176 -0.438513 0.542309 -0.304563 1 27 1.000000
  0 -6.198590 9.432540 0.008084 -0.309273 -0.916764 0.252773 0.554922 -0.320732 1 27 1.000000
  0 -6.200700 9.387430 -0.386603 -0.263346 -0.827406 -0.496033 0.554994 -0.304625 1 27 1.000000
assets/textures/Ch_MutoYugi01_body_tex
  0 -5.874150 9.169650 -0.388651 -0.232328 -0.868176 -0.438513 0.542309 -0.304563 1 27 1.000000
  0 -5.296210 9.062470 -0.211444 0.311022 -0.853467 -0.418162 0.512082 -0.308587 1 27 1.000000
  0 -5.703810 9.116580 0.156957 -0.388413 -0.876486 -0.284444 0.534802 -0.336491 1 27 1.000000
assets/textures/Ch_MutoYugi01_body_tex
  0 -6.201310 8.865640 0.548210 0.155684 -0.955623 0.250094 0.555395 -0.349630 1 27 1.000000
  0 -5.703810 9.116580 0.156957 -0.388413 -0.876486 -0.284444 0.534802 -0.336491 1 27 1.000000
  0 -5.581480 9.030010 0.424100 0.256077 -0.880912 0.398018 0.530926 -0.348797 1 27 1.000000
assets/textures/Ch_MutoYugi01_body_tex
  0 -6.198590 9.432540 0.008084 -0.309273 -0.916764 0.252773 0.554922 -0.320732 1 27 1.000000
  0 -6.288620 9.361510 -0.366889 0.479751 -0.771901 -0.417142 0.564419 -0.304607 2 28 0.600000 27 0.400000
  0 -6.200700 9.387430 -0.386603 -0.263346 -0.827406 -0.496033 0.554994 -0.304625 1 27 1.000000
assets/textures/Ch_MutoYugi01_body_tex
  0 -6.198590 9.432540 0.008084 -0.309273 -0.916764 0.252773 0.554922 -0.320732 1 27 1.000000
  0 -6.202950 9.536840 0.228397 -0.309273 -0.916764 0.252773 0.555086 -0.326034 1 27 1.000000
  0 -6.464520 9.473240 0.207336 0.255334 -0.103515 0.961296 0.564419 -0.326034 3 28 0.800000 27 0.160000 26 0.040000
assets/textures/Ch_MutoYugi01_body_tex
  0 -6.198590 9.432540 0.008084 -0.309273 -0.916764 0.252773 0.554922 -0.320732 1 27 1.000000
  0 -6.448740 9.413760 0.008480 0.831883 -0.467735 0.298657 0.564419 -0.320750 3 28 0.800000 27 0.160000 26 0.040000
  0 -6.288620 9.361510 -0.366889 0.479751 -0.771901 -0.417142 0.564419 -0.304607 2 28 0.600000 27 0.400000
assets/textures/Ch_MutoYugi01_body_tex
  0 -6.198590 9.432540 0.008084 -0.309273 -0.916764 0.252773 0.554922 -0.320732 1 27 1.000000
  0 -6.464520 9.473240 0.207336 0.255334 -0.103515 0.961296 0.564419 -0.326034 3 28 0.800000 27 0.160000 26 0.040000
  0 -6.448740 9.413760 0.008480 0.831883 -0.467735 0.298657 0.564419 -0.320750 3 28 0.800000 27 0.160000 26 0.040000
assets/textures/Ch_MutoYugi01_body_tex
  0 -5.296210 9.062470 -0.211444 0.311022 -0.853467 -0.418162 0.512082 -0.308587 1 27 1.000000
  0 -5.415640 9.032470 0.217951 0.004009 -0.999862 -0.016133 0.519787 -0.335817 1 27 1.000000
  0 -5.703810 9.116580 0.156957 -0.388413 -0.876486 -0.284444 0.534802 -0.336491 1 27 1.000000
assets/textures/Ch_MutoYugi01_body_tex
  0 -5.415640 9.032470 0.217951 0.004009 -0.999862 -0.016133 0.519787 -0.335817 1 27 1.000000
  0 -5.581480 9.030010 0.424100 0.256077 -0.880912 0.398018 0.530926 -0.348797 1 27 1.000000
  0 -5.703810 9.116580 0.156957 -0.388413 -0.876486 -0.284444 0.534802 -0.336491 1 27 1.000000
assets/textures/Ch_MutoYugi01_body_tex
  0 -5.415640 9.032470 0.217951 0.004009 -0.999862 -0.016133 0.519787 -0.335817 1 27 1.000000
  0 -5.291540 9.155970 0.349435 0.696298 -0.369451 0.615366 0.511909 -0.343474 1 27 1.000000
  0 -5.581480 9.030010 0.424100 0.256077 -0.880912 0.398018 0.530926 -0.348797 1 27 1.000000
assets/textures/Ch_MutoYugi01_body_tex
  0 -5.296210 9.062470 -0.211444 0.311022 -0.853467 -0.418162 0.512082 -0.308587 1 27 1.000000
  0 -5.291540 9.155970 0.349435 0.696298 -0.369451 0.615366 0.511909 -0.343474 1 27 1.000000
  0 -5.415640 9.032470 0.217951 0.004009 -0.999862 -0.016133 0.519787 -0.335817 1 27 1.000000
assets/textures/Ch_MutoYugi01_body_tex
  0 0.775815 9.018970 1.151660 -0.617523 0.373058 0.692454 0.573181 0.126520 1 13 1.000000
  0 0.926782 9.018970 1.256010 0.372520 0.020315 0.927802 0.601676 0.135711 1 13 1.000000
  0 0.895574 9.307890 1.023840 -0.494494 0.563261 0.661977 0.566697 0.189208 1 13 1.000000
assets/textures/Ch_MutoYugi01_body_tex
  0 0.926782 9.018970 1.256010 0.372520 0.020315 0.927802 0.601676 0.135711 1 13 1.000000
  0 1.050380 9.286770 1.196470 0.424306 0.310572 0.850594 0.602996 0.204992 1 13 1.000000
  0 0.895574 9.307890 1.023840 -0.494494 0.563261 0.661977 0.566697 0.189208 1 13 1.000000
assets/textures/Ch_MutoYugi01_body_tex
  0 0.993519 9.635360 0.826888 -0.429738 0.656423 0.620027 0.556361 0.236343 1 13 1.000000
  0 1.023930 9.618340 0.775122 0.464036 -0.545717 -0.697756 0.554182 0.257185 1 13 1.000000
  0 0.773491 9.618340 0.658279 -0.959342 0.209500 0.189136 0.510485 0.230029 2 16 0.440000 13 0.560000
assets/textures/Ch_MutoYugi01_body_tex
  0 0.993519 9.635360 0.826888 -0.429738 0.656423 0.620027 0.556361 0.236343 1 13 1.000000
  0 1.275430 9.618340 0.951341 0.857847 0.057917 0.510631 0.603684 0.259478 1 13 1.000000
  0 1.023930 9.618340 0.775122 0.464036 -0.545717 -0.697756 0.554182 0.257185 1 13 1.000000
assets/textures/Ch_MutoYugi01_body_tex
  0 0.993519 9.635360 0.826888 -0.429738 0.656423 0.620027 0.556361 0.236343 1 13 1.000000
  0 0.895574 9.307890 1.023840 -0.494494 0.563261 0.661977 0.566697 0.189208 1 13 1.000000
  0 1.275430 9.618340 0.951341 0.857847 0.057917 0.510631 0.603684 0.259478 1 13 1.000000
assets/textures/Ch_MutoYugi01_body_tex
  0 1.275430 9.618340 0.951341 0.857847 0.057917 0.510631 0.603684 0.259478 1 13 1.000000
  0 0.895574 9.307890 1.023840 -0.494494 0.563261 0.661977 0.566697 0.189208 1 13 1.000000
  0 1.050380 9.286770 1.196470 0.424306 0.310572 0.850594 0.602996 0.204992 1 13 1.000000
assets/textures/Ch_MutoYugi01_body_tex
  0 -1.050380 9.286770 1.196470 -0.424306 0.310571 0.850594 0.602996 0.204992 1 13 1.000000
  0 -0.926782 9.018970 1.256010 -0.372520 0.020315 0.927802 0.601676 0.135711 1 13 1.000000
  0 -0.895574 9.307890 1.023840 0.494493 0.563261 0.661977 0.566697 0.189208 1 13 1.000000
assets/textures/Ch_MutoYugi01_body_tex
  0 -1.050380 9.286770 1.196470 -0.424306 0.310571 0.850594 0.602996 0.204992 1 13 1.000000
  0 -0.895574 9.307890 1.023840 0.494493 0.563261 0.661977 0.566697 0.189208 1 13 1.000000
  0 -1.275430 9.618340 0.951341 -0.857845 0.057915 0.510634 0.603684 0.259478 1 13 1.000000
assets/textures/Ch_MutoYugi01_body_tex
  0 -0.926782 9.018970 1.256010 -0.372520 0.020315 0.927802 0.601676 0.135711 1 13 1.000000
  0 -0.775815 9.018970 1.151660 0.617523 0.373058 0.692454 0.573181 0.126520 1 13 1.000000
  0 -0.895574 9.307890 1.023840 0.494493 0.563261 0.661977 0.566697 0.189208 1 13 1.000000
assets/textures/Ch_MutoYugi01_body_tex
  0 -0.926782 9.018970 1.256010 -0.372520 0.020315 0.927802 0.601676 0.135711 1 13 1.000000
  0 -0.585862 8.392330 1.218390 0.833433 0.160924 0.528671 0.577107 0.026152 3 24 0.010000 13 0.770000 12 0.220000
  0 -0.775815 9.018970 1.151660 0.617523 0.373058 0.692454 0.573181 0.126520 1 13 1.000000
assets/textures/Ch_MutoYugi01_body_tex
  0 -1.275430 9.618340 0.951341 -0.857845 0.057915 0.510634 0.603684 0.259478 1 13 1.000000
  0 -0.895574 9.307890 1.023840 0.494493 0.563261 0.661977 0.566697 0.189208 1 13 1.000000
  0 -0.993519 9.635360 0.826888 0.429738 0.656423 0.620027 0.556361 0.236343 1 13 1.000000
assets/textures/Ch_MutoYugi01_body_tex
  0 -1.275430 9.618340 0.951341 -0.857845 0.057915 0.510634 0.603684 0.259478 1 13 1.000000
  0 -0.993519 9.635360 0.826888 0.429738 0.656423 0.620027 0.556361 0.236343 1 13 1.000000
  0 -1.023930 9.618340 0.775122 -0.464036 -0.545717 -0.697756 0.554182 0.257185 1 13 1.000000
assets/textures/Ch_MutoYugi01_body_tex
  0 -0.775815 9.018970 1.151660 0.617523 0.373058 0.692454 0.573181 0.126520 1 13 1.000000
  0 -0.674862 9.018970 1.023730 0.808838 0.057913 -0.585173 0.547436 0.121393 1 13 1.000000
  0 -0.895574 9.307890 1.023840 0.494493 0.563261 0.661977 0.566697 0.189208 1 13 1.000000
assets/textures/Ch_MutoYugi01_body_tex
  0 -0.993519 9.635360 0.826888 0.429738 0.656423 0.620027 0.556361 0.236343 1 13 1.000000
  0 -0.773491 9.618340 0.658279 0.955384 0.223279 0.193362 0.510485 0.230029 2 24 0.340000 13 0.660000
  0 -1.023930 9.618340 0.775122 -0.464036 -0.545717 -0.697756 0.554182 0.257185 1 13 1.000000
assets/textures/Ch_MutoYugi01_body_tex
  0 -0.993519 9.635360 0.826888 0.429738 0.656423 0.620027 0.556361 0.236343 1 13 1.000000
  0 -0.709389 9.286770 0.903412 0.791602 -0.110710 -0.600924 0.531758 0.174191 3 24 0.260000 13 0.700000 12 0.040000
  0 -0.773491 9.618340 0.658279 0.955384 0.223279 0.193362 0.510485 0.230029 2 24 0.340000 13 0.660000
assets/textures/Ch_MutoYugi01_body_tex
  0 -0.993519 9.635360 0.826888 0.429738 0.656423 0.620027 0.556361 0.236343 1 13 1.000000
  0 -0.895574 9.307890 1.023840 0.494493 0.563261 0.661977 0.566697 0.189208 1 13 1.000000
  0 -0.709389 9.286770 0.903412 0.791602 -0.110710 -0.600924 0.531758 0.174191 3 24 0.260000 13 0.700000 12 0.040000
assets/textures/Ch_MutoYugi01_body_tex
  0 1.404230 8.794090 -0.090219 0.832967 -0.527313 -0.167652 0.384688 0.452754 1 13 1.000000
  0 1.748520 8.955140 -0.090219 0.441705 -0.894942 0.063057 0.384688 0.420206 2 17 0.800000 16 0.200000
  0 1.361080 9.148800 0.531495 0.694573 -0.275688 0.664503 0.411214 0.453372 1 13 1.000000
assets/textures/Ch_MutoYugi01_body_tex
  0 1.361080 9.148800 0.531495 0.694573 -0.275688 0.664503 0.411214 0.453372 1 13 1.000000
  0 1.771360 9.283910 0.376186 0.343779 -0.466018 0.815256 0.411214 0.420206 2 17 0.680000 16 0.320000
  0 1.445320 9.976020 0.478937 0.182082 0.478631 0.858929 0.454564 0.448698 2 17 0.500000 16 0.500000
assets/textures/Ch_MutoYugi01_body_tex
  0 3.102660 9.290960 0.223597 -0.038197 -0.559273 0.828103 0.411214 0.261434 1 17 1.000000
  0 3.133290 9.140940 -0.090219 -0.013489 -0.999909 0.000000 0.384688 0.261434 2 18 0.480000 17 0.520000
  0 3.267710 9.148740 -0.090219 0.080913 -0.996721 0.000000 0.384688 0.239562 2 18 0.500000 17 0.500000
assets/textures/Ch_MutoYugi01_body_tex
  0 3.102660 9.290960 0.223597 -0.038197 -0.559273 0.828103 0.411214 0.261434 1 17 1.000000
  0 3.041410 9.666730 0.223596 -0.082725 0.417182 0.905050 0.454564 0.261434 1 17 1.000000
  0 2.285730 9.336830 0.240741 0.089372 -0.507112 0.857234 0.411214 0.372176 2 17 0.980000 16 0.020000
assets/textures/Ch_MutoYugi01_body_tex
  0 3.102660 9.290960 0.223597 -0.038197 -0.559273 0.828103 0.411214 0.261434 1 17 1.000000
  0 3.247550 9.297020 0.244750 0.039278 -0.524293 0.850632 0.411214 0.239562 2 18 0.500000 17 0.500000
  0 3.041410 9.666730 0.223596 -0.082725 0.417182 0.905050 0.454564 0.261434 1 17 1.000000
assets/textures/Ch_MutoYugi01_body_tex
  0 3.102660 9.290960 0.223597 -0.038197 -0.559273 0.828103 0.411214 0.261434 1 17 1.000000
  0 3.267710 9.148740 -0.090219 0.080913 -0.996721 0.000000 0.384688 0.239562 2 18 0.500000 17 0.500000
  0 3.247550 9.297020 0.244750 0.039278 -0.524293 0.850632 0.411214 0.239562 2 18 0.500000 17 0.500000
assets/textures/Ch_MutoYugi01_body_tex
  0 3.041410 9.666730 0.223596 -0.082725 0.417182 0.905050 0.454564 0.261434 1 17 1.000000
  0 3.207230 9.753470 0.321353 -0.060006 0.477038 0.876832 0.454564 0.239562 2 18 0.500000 17 0.500000
  0 3.010780 9.854610 -0.090219 -0.098094 0.995177 0.000000 0.482011 0.261434 2 18 0.300000 17 0.700000
assets/textures/Ch_MutoYugi01_body_tex
  0 3.417420 9.716120 0.225268 0.227820 0.504427 0.832857 0.454564 0.209121 1 18 1.000000
  0 3.719860 9.873210 -0.090219 -0.057749 0.998331 0.000000 0.482011 0.176763 2 18 0.920000 17 0.080000
  0 3.386630 9.905000 -0.090219 0.273264 0.961939 0.000000 0.482011 0.209121 2 18 0.590000 17 0.410000
assets/textures/Ch_MutoYugi01_body_tex
  0 3.417420 9.716120 0.225268 0.227820 0.504427 0.832857 0.454564 0.209121 1 18 1.000000
  0 3.479000 9.338350 0.225268 0.128900 -0.470130 0.873134 0.411214 0.209121 1 18 1.000000
  0 3.719860 9.688600 0.213443 -0.066115 0.496458 0.865539 0.454564 0.176763 1 18 1.000000
assets/textures/Ch_MutoYugi01_body_tex
  0 3.417420 9.716120 0.225268 0.227820 0.504427 0.832857 0.454564 0.209121 1 18 1.000000
  0 3.719860 9.688600 0.213443 -0.066115 0.496458 0.865539 0.454564 0.176763 1 18 1.000000
  0 3.719860 9.873210 -0.090219 -0.057749 0.998331 0.000000 0.482011 0.176763 2 18 0.920000 17 0.080000
assets/textures/Ch_MutoYugi01_body_tex
  0 3.479000 9.338350 0.225268 0.128900 -0.470130 0.873134 0.411214 0.209121 1 18 1.000000
  0 3.719860 9.349840 0.213443 -0.093312 -0.464426 0.880682 0.411214 0.176763 1 18 1.000000
  0 3.719860 9.688600 0.213443 -0.066115 0.496458 0.865539 0.454564 0.176763 1 18 1.000000
assets/textures/Ch_MutoYugi01_body_tex
  0 3.719860 9.688600 -0.393881 -0.066115 0.496457 -0.865540 0.454564 0.176763 1 18 1.000000
  0 3.719860 9.349840 -0.393881 -0.093312 -0.464426 -0.880682 0.411214 0.176763 1 18 1.000000
  0 3.479000 9.338350 -0.405705 0.128899 -0.470130 -0.873134 0.411214 0.209121 2 18 0.700000 17 0.300000
assets/textures/Ch_MutoYugi01_body_tex
  0 3.719860 9.688600 -0.393881 -0.066115 0.496457 -0.865540 0.454564 0.176763 1 18 1.000000
  0 3.479000 9.338350 -0.405705 0.128899 -0.470130 -0.873134 0.411214 0.209121 2 18 0.700000 17 0.300000
  0 3.417420 9.716120 -0.405705 0.227820 0.504428 -0.832857 0.454564 0.209121 2 18 0.700000 17 0.300000
assets/textures/Ch_MutoYugi01_body_tex
  0 3.719860 9.688600 0.213443 -0.066115 0.496458 0.865539 0.454564 0.176763 1 18 1.000000
  0 3.719860 9.349840 0.213443 -0.093312 -0.464426 0.880682 0.411214 0.176763 1 18 1.000000
  0 4.430150 9.731930 0.286365 -0.128531 0.481556 0.866939 0.454564 0.111069 1 18 1.000000
assets/textures/Ch_MutoYugi01_body_tex
  0 3.719860 9.688600 -0.393881 -0.066115 0.496457 -0.865540 0.454564 0.176763 1 18 1.000000
  0 4.430150 9.731930 -0.466802 -0.128531 0.481556 -0.866939 0.454564 0.111069 1 18 1.000000
  0 3.719860 9.349840 -0.393881 -0.093312 -0.464426 -0.880682 0.411214 0.176763 1 18 1.000000
assets/textures/Ch_MutoYugi01_body_tex
  0 4.430150 9.274050 -0.466802 -0.138133 -0.484969 -0.863553 0.411214 0.111069 1 18 1.000000
  0 3.719860 9.349840 -0.393881 -0.093312 -0.464426 -0.880682 0.411214 0.176763 1 18 1.000000
  0 4.430150 9.731930 -0.466802 -0.128531 0.481556 -0.866939 0.454564 0.111069 1 18 1.000000
assets/textures/Ch_MutoYugi01_body_tex
  0 4.430150 9.274050 0.286365 -0.138133 -0.484969 0.863553 0.411214 0.111069 1 18 1.000000
  0 4.430150 9.731930 0.286365 -0.128531 0.481556 0.866939 0.454564 0.111069 1 18 1.000000
  0 3.719860 9.349840 0.213443 -0.093312 -0.464426 0.880682 0.411214 0.176763 1 18 1.000000
assets/textures/Ch_MutoYugi01_body_tex
  0 4.895700 9.239800 -0.523134 -0.150202 -0.475477 -0.866811 0.411214 0.067146 1 18 1.000000
  0 4.895700 9.766180 -0.523134 -0.150203 0.475478 -0.866810 0.454564 0.067146 1 18 1.000000
  0 5.177210 9.215500 -0.563101 0.490090 -0.420476 -0.763552 0.411214 0.011896 1 18 1.000000
assets/textures/Ch_MutoYugi01_body_tex
  0 4.895700 9.239800 -0.523134 -0.150202 -0.475477 -0.866811 0.411214 0.067146 1 18 1.000000
  0 5.177210 9.215500 -0.563101 0.490090 -0.420476 -0.763552 0.411214 0.011896 1 18 1.000000
  0 4.895700 8.976610 -0.090219 -0.156122 -0.987738 0.000000 0.384688 0.067146 1 18 1.000000
assets/textures/Ch_MutoYugi01_body_tex
  0 4.895700 9.766180 -0.523134 -0.150203 0.475478 -0.866810 0.454564 0.067146 1 18 1.000000
  0 5.177210 9.790480 -0.563101 0.490090 0.420476 -0.763552 0.454564 0.011896 1 18 1.000000
  0 5.177210 9.215500 -0.563101 0.490090 -0.420476 -0.763552 0.411214 0.011896 1 18 1.000000
assets/textures/Ch_MutoYugi01_body_tex
  0 4.895700 9.766180 -0.523134 -0.150203 0.475478 -0.866810 0.454564 0.067146 1 18 1.000000
  0 4.895700 10.029400 -0.090219 -0.156125 0.987737 0.000000 0.482011 0.067146 1 18 1.000000
  0 5.177210 9.790480 -0.563101 0.490090 0.420476 -0.763552 0.454564 0.011896 1 18 1.000000
assets/textures/Ch_MutoYugi01_body_tex
  0 4.895700 8.976610 -0.090219 -0.156122 -0.987738 0.000000 0.384688 0.067146 1 18 1.000000
  0 5.177210 9.215500 -0.563101 0.490090 -0.420476 -0.763552 0.411214 0.011896 1 18 1.000000
  0 5.177210 8.928020 -0.090219 0.491510 -0.870872 0.000000 0.384688 0.011896 1 18 1.000000
assets/textures/Ch_MutoYugi01_body_tex
  0 4.895700 8.976610 -0.090219 -0.156122 -0.987738 0.000000 0.384688 0.067146 1 18 1.000000
  0 5.177210 8.928020 -0.090219 0.491510 -0.870872 0.000000 0.384688 0.011896 1 18 1.000000
  0 5.177210 9.215500 0.382664 0.490090 -0.420476 0.763552 0.411214 0.011896 1 18 1.000000
assets/textures/Ch_MutoYugi01_body_tex
  0 4.895700 8.976610 -0.090219 -0.156122 -0.987738 0.000000 0.384688 0.067146 1 18 1.000000
  0 5.177210 9.215500 0.382664 0.490090 -0.420476 0.763552 0.411214 0.011896 1 18 1.000000
  0 4.895700 9.239800 0.342697 -0.150202 -0.475477 0.866811 0.411214 0.067146 1 18 1.000000
assets/textures/Ch_MutoYugi01_body_tex
  0 4.895700 10.029400 -0.090219 -0.156125 0.987737 0.000000 0.482011 0.067146 1 18 1.000000
  0 5.177210 10.078000 -0.090219 0.491512 0.870871 0.000000 0.482011 0.011896 1 18 1.000000
  0 5.177210 9.790480 -0.563101 0.490090 0.420476 -0.763552 0.454564 0.011896 1 18 1.000000
assets/textures/Ch_MutoYugi01_body_tex
  0 4.895700 10.029400 -0.090219 -0.156125 0.987737 0.000000 0.482011 0.067146 1 18 1.000000
  0 5.177210 9.790480 0.382664 0.490090 0.420476 0.763552 0.454564 0.011896 1 18 1.000000
  0 5.177210 10.078000 -0.090219 0.491512 0.870871 0.000000 0.482011 0.011896 1 18 1.000000
assets/textures/Ch_MutoYugi01_body_tex
  0 5.177210 9.790480 0.382664 0.490090 0.420476 0.763552 0.454564 0.011896 1 18 1.000000
  0 4.895700 9.239800 0.342697 -0.150202 -0.475477 0.866811 0.411214 0.067146 1 18 1.000000
  0 5.177210 9.215500 0.382664 0.490090 -0.420476 0.763552 0.411214 0.011896 1 18 1.000000
assets/textures/Ch_MutoYugi01_body_tex
  0 4.895700 10.029400 -0.090219 -0.156125 0.987737 0.000000 0.482011 0.067146 1 18 1.000000
  0 4.895700 9.766180 0.342697 -0.150203 0.475478 0.866810 0.454564 0.067146 1 18 1.000000
  0 5.177210 9.790480 0.382664 0.490090 0.420476 0.763552 0.454564 0.011896 1 18 1.000000
assets/textures/Ch_MutoYugi01_body_tex
  0 5.177210 9.790480 0.382664 0.490090 0.420476 0.763552 0.454564 0.011896 1 18 1.000000
  0 4.895700 9.766180 0.342697 -0.150203 0.475478 0.866810 0.454564 0.067146 1 18 1.000000
  0 4.895700 9.239800 0.342697 -0.150202 -0.475477 0.866811 0.411214 0.067146 1 18 1.000000
assets/textures/Ch_MutoYugi01_body_tex
  0 5.177210 9.215500 -0.563101 0.490090 -0.420476 -0.763552 0.762323 0.473795 1 18 1.000000
  0 5.177210 9.790480 -0.563101 0.490090 0.420476 -0.763552 0.762324 0.429757 1 18 1.000000
  0 5.177210 9.502990 -0.090219 1.000000 0.000000 0.000000 0.801876 0.451776 1 18 1.000000
assets/textures/Ch_MutoYugi01_body_tex
  0 5.177210 9.215500 -0.563101 0.490090 -0.420476 -0.763552 0.762323 0.473795 1 18 1.000000
  0 5.177210 9.502990 -0.090219 1.000000 0.000000 0.000000 0.801876 0.451776 1 18 1.000000
  0 5.177210 8.928020 -0.090219 0.491510 -0.870872 0.000000 0.801876 0.495814 1 18 1.000000
assets/textures/Ch_MutoYugi01_body_tex
  0 5.177210 9.790480 -0.563101 0.490090 0.420476 -0.763552 0.762324 0.429757 1 18 1.000000
  0 5.177210 10.078000 -0.090219 0.491512 0.870871 0.000000 0.801876 0.407738 1 18 1.000000
  0 5.177210 9.502990 -0.090219 1.000000 0.000000 0.000000 0.801876 0.451776 1 18 1.000000
assets/textures/Ch_MutoYugi01_body_tex
  0 5.177210 8.928020 -0.090219 0.491510 -0.870872 0.000000 0.801876 0.495814 1 18 1.000000
  0 5.177210 9.502990 -0.090219 1.000000 0.000000 0.000000 0.801876 0.451776 1 18 1.000000
  0 5.177210 9.215500 0.382664 0.490090 -0.420476 0.763552 0.762323 0.473795 1 18 1.000000
assets/textures/Ch_MutoYugi01_body_tex
  0 5.177210 9.502990 -0.090219 1.000000 0.000000 0.000000 0.801876 0.451776 1 18 1.000000
  0 5.177210 9.790480 0.382664 0.490090 0.420476 0.763552 0.762324 0.429757 1 18 1.000000
  0 5.177210 9.215500 0.382664 0.490090 -0.420476 0.763552 0.762323 0.473795 1 18 1.000000
assets/textures/Ch_MutoYugi01_body_tex
  0 5.177210 10.078000 -0.090219 0.491512 0.870871 0.000000 0.801876 0.407738 1 18 1.000000
  0 5.177210 9.790480 0.382664 0.490090 0.420476 0.763552 0.762324 0.429757 1 18 1.000000
  0 5.177210 9.502990 -0.090219 1.000000 0.000000 0.000000 0.801876 0.451776 1 18 1.000000
assets/textures/Ch_MutoYugi01_body_tex
  0 6.202950 9.536840 0.228397 0.309273 -0.916764 0.252773 0.663362 0.722282 1 19 1.000000
  0 6.241870 9.820980 0.179128 0.471598 0.855935 -0.212062 0.641142 0.724469 2 20 0.600000 19 0.400000
  0 6.519510 9.473670 0.287125 -0.187916 -0.731966 -0.654914 0.682312 0.718453 3 20 0.800000 19 0.150000 18 0.050000
assets/textures/Ch_MutoYugi01_body_tex
  0 5.956930 9.891970 0.115923 -0.026913 0.999174 0.030461 0.608338 0.726740 1 19 1.000000
  0 5.955670 9.892540 -0.138552 0.039066 0.976431 -0.212267 0.607798 0.759360 1 19 1.000000
  0 5.292880 9.780270 -0.104842 -0.321713 0.889399 -0.324762 0.537457 0.758051 1 19 1.000000
assets/textures/Ch_MutoYugi01_body_tex
  0 5.956930 9.891970 0.115923 -0.026913 0.999174 0.030461 0.608338 0.726740 1 19 1.000000
  0 6.231370 9.866860 0.384468 0.188351 0.690702 0.698180 0.641403 0.692246 2 20 0.600000 19 0.400000
  0 6.241870 9.820980 0.179128 0.471598 0.855935 -0.212062 0.641142 0.724469 2 20 0.600000 19 0.400000
assets/textures/Ch_MutoYugi01_body_tex
  0 5.956930 9.891970 0.115923 -0.026913 0.999174 0.030461 0.608338 0.726740 1 19 1.000000
  0 5.292880 9.780270 -0.104842 -0.321713 0.889399 -0.324762 0.537457 0.758051 1 19 1.000000
  0 5.291280 9.775610 0.329818 -0.467211 0.607271 0.642601 0.536632 0.724891 1 19 1.000000
assets/textures/Ch_MutoYugi01_body_tex
  0 5.956930 9.891970 0.115923 -0.026913 0.999174 0.030461 0.608338 0.726740 1 19 1.000000
  0 5.918600 9.849280 0.485395 -0.078591 0.542245 0.836537 0.610541 0.699952 1 19 1.000000
  0 6.231370 9.866860 0.384468 0.188351 0.690702 0.698180 0.641403 0.692246 2 20 0.600000 19 0.400000
assets/textures/Ch_MutoYugi01_body_tex
  0 5.956930 9.891970 0.115923 -0.026913 0.999174 0.030461 0.608338 0.726740 1 19 1.000000
  0 5.291280 9.775610 0.329818 -0.467211 0.607271 0.642601 0.536632 0.724891 1 19 1.000000
  0 5.918600 9.849280 0.485395 -0.078591 0.542245 0.836537 0.610541 0.699952 1 19 1.000000
assets/textures/Ch_MutoYugi01_body_tex
  0 6.200700 9.387430 -0.386603 0.263346 -0.827406 -0.496032 0.641363 0.829538 1 19 1.000000
  0 6.170330 9.552880 -0.509463 0.317553 0.097180 -0.943248 0.641142 0.812423 2 20 0.600000 19 0.400000
  0 6.435570 9.465170 -0.430680 0.595432 0.110640 -0.795751 0.682180 0.810404 3 20 0.800000 19 0.140000 18 0.060000
assets/textures/Ch_MutoYugi01_body_tex
  0 6.200700 9.387430 -0.386603 0.263346 -0.827406 -0.496032 0.641363 0.829538 1 19 1.000000
  0 5.894010 9.563630 -0.554724 -0.103743 0.250199 -0.962620 0.608879 0.809565 1 19 1.000000
  0 6.170330 9.552880 -0.509463 0.317553 0.097180 -0.943248 0.641142 0.812423 2 20 0.600000 19 0.400000
assets/textures/Ch_MutoYugi01_body_tex
  0 6.200700 9.387430 -0.386603 0.263346 -0.827406 -0.496032 0.641363 0.829538 1 19 1.000000
  0 5.874150 9.169650 -0.388651 0.232328 -0.868176 -0.438513 0.607454 0.828444 1 19 1.000000
  0 5.894010 9.563630 -0.554724 -0.103743 0.250199 -0.962620 0.608879 0.809565 1 19 1.000000
assets/textures/Ch_MutoYugi01_body_tex
  0 5.955670 9.892540 -0.138552 0.039066 0.976431 -0.212267 0.607798 0.759360 1 19 1.000000
  0 6.206180 9.706420 -0.345819 0.429781 0.753881 -0.496943 0.641142 0.784594 2 20 0.600000 19 0.400000
  0 5.943520 9.784320 -0.401184 -0.053766 0.796019 -0.602879 0.607798 0.780830 1 19 1.000000
assets/textures/Ch_MutoYugi01_body_tex
  0 5.955670 9.892540 -0.138552 0.039066 0.976431 -0.212267 0.607798 0.759360 1 19 1.000000
  0 5.943520 9.784320 -0.401184 -0.053766 0.796019 -0.602879 0.607798 0.780830 1 19 1.000000
  0 5.292880 9.780270 -0.104842 -0.321713 0.889399 -0.324762 0.537457 0.758051 1 19 1.000000
assets/textures/Ch_MutoYugi01_body_tex
  0 5.291280 9.775610 0.329818 -0.467211 0.607271 0.642601 0.536632 0.724891 1 19 1.000000
  0 5.608490 9.263050 0.547960 -0.220892 0.023927 0.975005 0.593547 0.676151 1 19 1.000000
  0 5.918600 9.849280 0.485395 -0.078591 0.542245 0.836537 0.610541 0.699952 1 19 1.000000
assets/textures/Ch_MutoYugi01_body_tex
  0 5.291280 9.775610 0.329818 -0.467211 0.607271 0.642601 0.536632 0.724891 1 19 1.000000
  0 5.292880 9.780270 -0.104842 -0.321713 0.889399 -0.324762 0.537457 0.758051 1 19 1.000000
  0 4.847060 9.520820 -0.009892 -0.993420 -0.071250 0.089673 0.515402 0.752225 2 19 0.500000 18 0.500000
assets/textures/Ch_MutoYugi01_body_tex
  0 5.291280 9.775610 0.329818 -0.467211 0.607271 0.642601 0.536632 0.724891 1 19 1.000000
  0 4.847060 9.520820 -0.009892 -0.993420 -0.071250 0.089673 0.515402 0.752225 2 19 0.500000 18 0.500000
  0 5.291540 9.155970 0.349435 -0.696298 -0.369451 0.615366 0.536322 0.676740 1 19 1.000000
assets/textures/Ch_MutoYugi01_body_tex
  0 5.291280 9.775610 0.329818 -0.467211 0.607271 0.642601 0.536632 0.724891 1 19 1.000000
  0 5.291540 9.155970 0.349435 -0.696298 -0.369451 0.615366 0.536322 0.676740 1 19 1.000000
  0 5.608490 9.263050 0.547960 -0.220892 0.023927 0.975005 0.593547 0.676151 1 19 1.000000
assets/textures/Ch_MutoYugi01_body_tex
  0 5.296210 9.062470 -0.211444 -0.311022 -0.853467 -0.418162 0.536412 0.816476 1 19 1.000000
  0 5.291540 9.155970 0.349435 -0.696298 -0.369451 0.615366 0.536322 0.676740 1 19 1.000000
  0 4.847060 9.520820 -0.009892 -0.993420 -0.071250 0.089673 0.515402 0.752225 2 19 0.500000 18 0.500000
assets/textures/Ch_MutoYugi01_body_tex
  0 5.874150 9.169650 -0.388651 0.232328 -0.868176 -0.438513 0.607454 0.828444 1 19 1.000000
  0 5.296210 9.062470 -0.211444 -0.311022 -0.853467 -0.418162 0.536412 0.816476 1 19 1.000000
  0 5.894010 9.563630 -0.554724 -0.103743 0.250199 -0.962620 0.608879 0.809565 1 19 1.000000
assets/textures/Ch_MutoYugi01_body_tex
  0 5.247180 9.573630 -0.407939 -0.419467 0.226833 -0.878974 0.536389 0.793447 1 19 1.000000
  0 5.894010 9.563630 -0.554724 -0.103743 0.250199 -0.962620 0.608879 0.809565 1 19 1.000000
  0 5.296210 9.062470 -0.211444 -0.311022 -0.853467 -0.418162 0.536412 0.816476 1 19 1.000000
assets/textures/Ch_MutoYugi01_body_tex
  0 5.943520 9.784320 -0.401184 -0.053766 0.796019 -0.602879 0.607798 0.780830 1 19 1.000000
  0 5.894010 9.563630 -0.554724 -0.103743 0.250199 -0.962620 0.608879 0.809565 1 19 1.000000
  0 5.247180 9.573630 -0.407939 -0.419467 0.226833 -0.878974 0.536389 0.793447 1 19 1.000000
assets/textures/Ch_MutoYugi01_body_tex
  0 5.247180 9.573630 -0.407939 -0.419467 0.226833 -0.878974 0.536389 0.793447 1 19 1.000000
  0 4.847060 9.520820 -0.009892 -0.993420 -0.071250 0.089673 0.515402 0.752225 2 19 0.500000 18 0.500000
  0 5.292880 9.780270 -0.104842 -0.321713 0.889399 -0.324762 0.537457 0.758051 1 19 1.000000
assets/textures/Ch_MutoYugi01_body_tex
  0 5.247180 9.573630 -0.407939 -0.419467 0.226833 -0.878974 0.536389 0.793447 1 19 1.000000
  0 5.296210 9.062470 -0.211444 -0.311022 -0.853467 -0.418162 0.536412 0.816476 1 19 1.000000
  0 4.847060 9.520820 -0.009892 -0.993420 -0.071250 0.089673 0.515402 0.752225 2 19 0.500000 18 0.500000
assets/textures/Ch_MutoYugi01_body_tex
  0 5.943520 9.784320 -0.401184 -0.053766 0.796019 -0.602879 0.607798 0.780830 1 19 1.000000
  0 5.247180 9.573630 -0.407939 -0.419467 0.226833 -0.878974 0.536389 0.793447 1 19 1.000000
  0 5.292880 9.780270 -0.104842 -0.321713 0.889399 -0.324762 0.537457 0.758051 1 19 1.000000
assets/textures/Ch_MutoYugi01_body_tex
  0 5.608490 9.263050 0.547960 -0.220892 0.023927 0.975005 0.593547 0.676151 1 19 1.000000
  0 5.868930 9.379980 0.392205 0.872865 -0.116927 0.473745 0.614413 0.678022 1 19 1.000000
  0 5.918600 9.849280 0.485395 -0.078591 0.542245 0.836537 0.610541 0.699952 1 19 1.000000
assets/textures/Ch_MutoYugi01_body_tex
  0 5.918600 9.849280 0.485395 -0.078591 0.542245 0.836537 0.610541 0.699952 1 19 1.000000
  0 5.868930 9.379980 0.392205 0.872865 -0.116927 0.473745 0.614413 0.678022 1 19 1.000000
  0 6.207020 9.641110 0.448710 0.058710 -0.244621 0.967840 0.643235 0.676632 2 20 0.600000 19 0.400000
assets/textures/Ch_MutoYugi01_body_tex
  0 5.608490 9.263050 0.547960 -0.220892 0.023927 0.975005 0.593547 0.676151 1 19 1.000000
  0 5.291540 9.155970 0.349435 -0.696298 -0.369451 0.615366 0.536322 0.676740 1 19 1.000000
  0 5.581480 9.030010 0.424100 -0.256077 -0.880912 0.398018 0.588342 0.642659 1 19 1.000000
assets/textures/Ch_MutoYugi01_body_tex
  0 5.608490 9.263050 0.547960 -0.220892 0.023927 0.975005 0.593547 0.676151 1 19 1.000000
  0 6.208450 9.045930 0.627532 0.011214 0.090993 0.995789 0.657390 0.653058 1 19 1.000000
  0 5.868930 9.379980 0.392205 0.872865 -0.116927 0.473745 0.614413 0.678022 1 19 1.000000
assets/textures/Ch_MutoYugi01_body_tex
  0 5.608490 9.263050 0.547960 -0.220892 0.023927 0.975005 0.593547 0.676151 1 19 1.000000
  0 5.581480 9.030010 0.424100 -0.256077 -0.880912 0.398018 0.588342 0.642659 1 19 1.000000
  0 6.208450 9.045930 0.627532 0.011214 0.090993 0.995789 0.657390 0.653058 1 19 1.000000
assets/textures/Ch_MutoYugi01_body_tex
  0 5.581480 9.030010 0.424100 -0.256077 -0.880912 0.398018 0.588342 0.642659 1 19 1.000000
  0 6.201310 8.865640 0.548210 -0.155684 -0.955624 0.250092 0.656797 0.628943 1 19 1.000000
  0 6.208450 9.045930 0.627532 0.011214 0.090993 0.995789 0.657390 0.653058 1 19 1.000000
assets/textures/Ch_MutoYugi01_body_tex
  0 5.868930 9.379980 0.392205 0.872865 -0.116927 0.473745 0.614413 0.678022 1 19 1.000000
  0 6.208450 9.045930 0.627532 0.011214 0.090993 0.995789 0.657390 0.653058 1 19 1.000000
  0 6.287400 9.101200 0.526676 0.670488 0.695558 -0.258157 0.669301 0.659708 1 19 1.000000
assets/textures/Ch_MutoYugi01_body_tex
  0 6.201310 8.865640 0.548210 -0.155684 -0.955624 0.250092 0.656797 0.628943 1 19 1.000000
  0 6.271390 8.951650 0.458266 0.437358 -0.362834 -0.822842 0.670753 0.633074 1 19 1.000000
  0 6.208450 9.045930 0.627532 0.011214 0.090993 0.995789 0.657390 0.653058 1 19 1.000000
assets/textures/Ch_MutoYugi01_body_tex
  0 6.208450 9.045930 0.627532 0.011214 0.090993 0.995789 0.657390 0.653058 1 19 1.000000
  0 6.271390 8.951650 0.458266 0.437358 -0.362834 -0.822842 0.670753 0.633074 1 19 1.000000
  0 6.287400 9.101200 0.526676 0.670488 0.695558 -0.258157 0.669301 0.659708 1 19 1.000000
assets/textures/Ch_MutoYugi01_body_tex
  0 -1.404230 8.794090 -0.090219 -0.844849 -0.475971 -0.244297 0.384688 0.452754 1 13 1.000000
  0 -1.748520 8.955140 -0.090219 -0.434878 -0.899370 -0.044882 0.384688 0.420206 2 25 0.800000 24 0.200000
  0 -1.529080 9.148530 -0.659374 -0.270380 -0.489084 -0.829272 0.411214 0.453372 2 25 0.500000 24 0.500000
assets/textures/Ch_MutoYugi01_body_tex
  0 -1.404230 8.794090 -0.090219 -0.844849 -0.475971 -0.244297 0.384688 0.452754 1 13 1.000000
  0 -1.361080 9.148800 0.531495 -0.724092 -0.161784 0.670461 0.411214 0.453372 2 24 0.330000 13 0.670000
  0 -1.748520 8.955140 -0.090219 -0.434878 -0.899370 -0.044882 0.384688 0.420206 2 25 0.800000 24 0.200000
assets/textures/Ch_MutoYugi01_body_tex
  0 -3.102660 9.290960 0.223597 0.038197 -0.559272 0.828104 0.411214 0.261434 1 25 1.000000
  0 -3.247550 9.297020 0.244750 -0.039278 -0.524293 0.850632 0.411214 0.239562 2 26 0.500000 25 0.500000
  0 -3.267710 9.148740 -0.090219 -0.080913 -0.996721 0.000000 0.384688 0.239562 2 26 0.500000 25 0.500000
assets/textures/Ch_MutoYugi01_body_tex
  0 -3.102660 9.290960 0.223597 0.038197 -0.559272 0.828104 0.411214 0.261434 1 25 1.000000
  0 -3.041410 9.666730 0.223596 0.082725 0.417182 0.905050 0.454564 0.261434 1 25 1.000000
  0 -3.247550 9.297020 0.244750 -0.039278 -0.524293 0.850632 0.411214 0.239562 2 26 0.500000 25 0.500000
assets/textures/Ch_MutoYugi01_body_tex
  0 -3.041410 9.666730 0.223596 0.082725 0.417182 0.905050 0.454564 0.261434 1 25 1.000000
  0 -3.010780 9.854610 -0.090219 0.099818 0.995006 0.000000 0.482011 0.261434 2 26 0.300000 25 0.700000
  0 -3.207230 9.753470 0.321353 0.060006 0.477038 0.876832 0.454564 0.239562 2 26 0.500000 25 0.500000
assets/textures/Ch_MutoYugi01_body_tex
  0 -3.041410 9.666730 0.223596 0.082725 0.417182 0.905050 0.454564 0.261434 1 25 1.000000
  0 -3.207230 9.753470 0.321353 0.060006 0.477038 0.876832 0.454564 0.239562 2 26 0.500000 25 0.500000
  0 -3.247550 9.297020 0.244750 -0.039278 -0.524293 0.850632 0.411214 0.239562 2 26 0.500000 25 0.500000
assets/textures/Ch_MutoYugi01_body_tex
  0 -3.719860 9.688600 -0.393881 0.059361 0.492683 -0.868182 0.454564 0.176763 1 26 1.000000
  0 -3.719860 9.349840 -0.393881 0.093312 -0.464426 -0.880682 0.411214 0.176763 1 26 1.000000
  0 -4.430150 9.731930 -0.466802 0.128531 0.481556 -0.866939 0.454564 0.111069 1 26 1.000000
assets/textures/Ch_MutoYugi01_body_tex
  0 -3.719860 9.688600 -0.393881 0.059361 0.492683 -0.868182 0.454564 0.176763 1 26 1.000000
  0 -3.719860 9.873210 -0.090219 0.057749 0.998331 0.000000 0.482011 0.176763 2 26 0.920000 25 0.080000
  0 -3.417420 9.716120 -0.405705 -0.227820 0.504427 -0.832857 0.454564 0.209121 2 26 0.700000 25 0.300000
assets/textures/Ch_MutoYugi01_body_tex
  0 -3.719860 9.688600 -0.393881 0.059361 0.492683 -0.868182 0.454564 0.176763 1 26 1.000000
  0 -4.430150 9.731930 -0.466802 0.128531 0.481556 -0.866939 0.454564 0.111069 1 26 1.000000
  0 -3.719860 9.873210 -0.090219 0.057749 0.998331 0.000000 0.482011 0.176763 2 26 0.920000 25 0.080000
assets/textures/Ch_MutoYugi01_body_tex
  0 -4.430150 9.731930 -0.466802 0.128531 0.481556 -0.866939 0.454564 0.111069 1 26 1.000000
  0 -4.430150 9.960880 -0.090219 0.133129 0.991099 0.000000 0.482010 0.111069 1 26 1.000000
  0 -3.719860 9.873210 -0.090219 0.057749 0.998331 0.000000 0.482011 0.176763 2 26 0.920000 25 0.080000
assets/textures/Ch_MutoYugi01_body_tex
  0 -4.430150 9.731930 -0.466802 0.128531 0.481556 -0.866939 0.454564 0.111069 1 26 1.000000
  0 -3.719860 9.349840 -0.393881 0.093312 -0.464426 -0.880682 0.411214 0.176763 1 26 1.000000
  0 -4.430150 9.274050 -0.466802 0.138133 -0.484969 -0.863553 0.411214 0.111069 1 26 1.000000
assets/textures/Ch_MutoYugi01_body_tex
  0 -3.719860 9.349840 -0.393881 0.093312 -0.464426 -0.880682 0.411214 0.176763 1 26 1.000000
  0 -3.719860 9.153800 -0.090219 0.117134 -0.993116 0.000000 0.384688 0.176763 2 26 0.840000 25 0.160000
  0 -4.430150 9.274050 -0.466802 0.138133 -0.484969 -0.863553 0.411214 0.111069 1 26 1.000000
assets/textures/Ch_MutoYugi01_body_tex
  0 -3.417420 9.716120 0.225268 -0.227820 0.504427 0.832857 0.454564 0.209121 1 26 1.000000
  0 -3.719860 9.873210 -0.090219 0.057749 0.998331 0.000000 0.482011 0.176763 2 26 0.920000 25 0.080000
  0 -3.719860 9.688600 0.213443 0.066115 0.496458 0.865539 0.454564 0.176763 1 26 1.000000
assets/textures/Ch_MutoYugi01_body_tex
  0 -3.417420 9.716120 0.225268 -0.227820 0.504427 0.832857 0.454564 0.209121 1 26 1.000000
  0 -3.719860 9.688600 0.213443 0.066115 0.496458 0.865539 0.454564 0.176763 1 26 1.000000
  0 -3.479000 9.338350 0.225268 -0.128900 -0.470130 0.873134 0.411214 0.209121 1 26 1.000000
assets/textures/Ch_MutoYugi01_body_tex
  0 -3.479000 9.338350 0.225268 -0.128900 -0.470130 0.873134 0.411214 0.209121 1 26 1.000000
  0 -3.719860 9.688600 0.213443 0.066115 0.496458 0.865539 0.454564 0.176763 1 26 1.000000
  0 -3.719860 9.349840 0.213443 0.093312 -0.464426 0.880682 0.411214 0.176763 1 26 1.000000
assets/textures/Ch_MutoYugi01_body_tex
  0 -4.430150 9.960880 -0.090219 0.133129 0.991099 0.000000 0.482010 0.111069 1 26 1.000000
  0 -4.430150 9.731930 0.286365 0.128531 0.481557 0.866939 0.454564 0.111069 1 26 1.000000
  0 -3.719860 9.873210 -0.090219 0.057749 0.998331 0.000000 0.482011 0.176763 2 26 0.920000 25 0.080000
assets/textures/Ch_MutoYugi01_body_tex
  0 -3.719860 9.688600 0.213443 0.066115 0.496458 0.865539 0.454564 0.176763 1 26 1.000000
  0 -3.719860 9.873210 -0.090219 0.057749 0.998331 0.000000 0.482011 0.176763 2 26 0.920000 25 0.080000
  0 -4.430150 9.731930 0.286365 0.128531 0.481557 0.866939 0.454564 0.111069 1 26 1.000000
assets/textures/Ch_MutoYugi01_body_tex
  0 -3.719860 9.688600 0.213443 0.066115 0.496458 0.865539 0.454564 0.176763 1 26 1.000000
  0 -4.430150 9.731930 0.286365 0.128531 0.481557 0.866939 0.454564 0.111069 1 26 1.000000
  0 -3.719860 9.349840 0.213443 0.093312 -0.464426 0.880682 0.411214 0.176763 1 26 1.000000
assets/textures/Ch_MutoYugi01_body_tex
  0 -4.430150 9.274050 0.286365 0.138133 -0.484969 0.863553 0.411214 0.111069 1 26 1.000000
  0 -3.719860 9.349840 0.213443 0.093312 -0.464426 0.880682 0.411214 0.176763 1 26 1.000000
  0 -4.430150 9.731930 0.286365 0.128531 0.481557 0.866939 0.454564 0.111069 1 26 1.000000
assets/textures/Ch_MutoYugi01_body_tex
  0 -4.895700 9.239800 -0.523134 0.150202 -0.475477 -0.866811 0.411214 0.067146 1 26 1.000000
  0 -5.177210 9.215500 -0.563101 -0.490090 -0.420476 -0.763552 0.411214 0.011896 1 26 1.000000
  0 -4.895700 9.766180 -0.523134 0.150203 0.475478 -0.866810 0.454564 0.067146 1 26 1.000000
assets/textures/Ch_MutoYugi01_body_tex
  0 -4.895700 9.239800 -0.523134 0.150202 -0.475477 -0.866811 0.411214 0.067146 1 26 1.000000
  0 -4.895700 8.976610 -0.090219 0.156122 -0.987738 0.000000 0.384688 0.067146 1 26 1.000000
  0 -5.177210 9.215500 -0.563101 -0.490090 -0.420476 -0.763552 0.411214 0.011896 1 26 1.000000
assets/textures/Ch_MutoYugi01_body_tex
  0 -4.895700 9.766180 -0.523134 0.150203 0.475478 -0.866810 0.454564 0.067146 1 26 1.000000
  0 -5.177210 9.215500 -0.563101 -0.490090 -0.420476 -0.763552 0.411214 0.011896 1 26 1.000000
  0 -5.177210 9.790480 -0.563101 -0.490090 0.420476 -0.763552 0.454564 0.011896 1 26 1.000000
assets/textures/Ch_MutoYugi01_body_tex
  0 -4.895700 9.766180 -0.523134 0.150203 0.475478 -0.866810 0.454564 0.067146 1 26 1.000000
  0 -5.177210 9.790480 -0.563101 -0.490090 0.420476 -0.763552 0.454564 0.011896 1 26 1.000000
  0 -4.895700 10.029400 -0.090219 0.151155 0.988510 -0.000147 0.482011 0.067146 1 26 1.000000
assets/textures/Ch_MutoYugi01_body_tex
  0 -4.895700 8.976610 -0.090219 0.156122 -0.987738 0.000000 0.384688 0.067146 1 26 1.000000
  0 -5.177210 8.928020 -0.090219 -0.491510 -0.870872 0.000000 0.384688 0.011896 1 26 1.000000
  0 -5.177210 9.215500 -0.563101 -0.490090 -0.420476 -0.763552 0.411214 0.011896 1 26 1.000000
assets/textures/Ch_MutoYugi01_body_tex
  0 -4.895700 8.976610 -0.090219 0.156122 -0.987738 0.000000 0.384688 0.067146 1 26 1.000000
  0 -5.177210 9.215500 0.382664 -0.490090 -0.420476 0.763552 0.411214 0.011896 1 26 1.000000
  0 -5.177210 8.928020 -0.090219 -0.491510 -0.870872 0.000000 0.384688 0.011896 1 26 1.000000
assets/textures/Ch_MutoYugi01_body_tex
  0 -4.895700 8.976610 -0.090219 0.156122 -0.987738 0.000000 0.384688 0.067146 1 26 1.000000
  0 -4.895700 9.239800 0.342697 0.150202 -0.475477 0.866811 0.411214 0.067146 1 26 1.000000
  0 -5.177210 9.215500 0.382664 -0.490090 -0.420476 0.763552 0.411214 0.011896 1 26 1.000000
assets/textures/Ch_MutoYugi01_body_tex
  0 -5.177210 9.790480 -0.563101 -0.490090 0.420476 -0.763552 0.454564 0.011896 1 26 1.000000
  0 -5.177210 10.078000 -0.090219 -0.491512 0.870871 0.000000 0.482011 0.011896 1 26 1.000000
  0 -4.895700 10.029400 -0.090219 0.151155 0.988510 -0.000147 0.482011 0.067146 1 26 1.000000
assets/textures/Ch_MutoYugi01_body_tex
  0 -4.895700 9.239800 0.342697 0.150202 -0.475477 0.866811 0.411214 0.067146 1 26 1.000000
  0 -5.177210 9.790480 0.382664 -0.490090 0.420476 0.763552 0.454564 0.011896 1 26 1.000000
  0 -5.177210 9.215500 0.382664 -0.490090 -0.420476 0.763552 0.411214 0.011896 1 26 1.000000
assets/textures/Ch_MutoYugi01_body_tex
  0 -5.177210 9.790480 0.382664 -0.490090 0.420476 0.763552 0.454564 0.011896 1 26 1.000000
  0 -4.895700 10.029400 -0.090219 0.151155 0.988510 -0.000147 0.482011 0.067146 1 26 1.000000
  0 -5.177210 10.078000 -0.090219 -0.491512 0.870871 0.000000 0.482011 0.011896 1 26 1.000000
assets/textures/Ch_MutoYugi01_body_tex
  0 -4.895700 9.239800 0.342697 0.150202 -0.475477 0.866811 0.411214 0.067146 1 26 1.000000
  0 -4.895700 9.766180 0.342697 0.150203 0.475479 0.866810 0.454564 0.067146 1 26 1.000000
  0 -5.177210 9.790480 0.382664 -0.490090 0.420476 0.763552 0.454564 0.011896 1 26 1.000000
assets/textures/Ch_MutoYugi01_body_tex
  0 -5.177210 9.790480 0.382664 -0.490090 0.420476 0.763552 0.454564 0.011896 1 26 1.000000
  0 -4.895700 9.766180 0.342697 0.150203 0.475479 0.866810 0.454564 0.067146 1 26 1.000000
  0 -4.895700 10.029400 -0.090219 0.151155 0.988510 -0.000147 0.482011 0.067146 1 26 1.000000
assets/textures/Ch_MutoYugi01_body_tex
  0 -5.177210 9.215500 -0.563101 -0.490090 -0.420476 -0.763552 0.762323 0.473795 1 26 1.000000
  0 -5.177210 9.502990 -0.090219 -1.000000 0.000000 0.000000 0.801876 0.451776 1 26 1.000000
  0 -5.177210 9.790480 -0.563101 -0.490090 0.420476 -0.763552 0.762324 0.429757 1 26 1.000000
assets/textures/Ch_MutoYugi01_body_tex
  0 -5.177210 9.215500 -0.563101 -0.490090 -0.420476 -0.763552 0.762323 0.473795 1 26 1.000000
  0 -5.177210 8.928020 -0.090219 -0.491510 -0.870872 0.000000 0.801876 0.495814 1 26 1.000000
  0 -5.177210 9.502990 -0.090219 -1.000000 0.000000 0.000000 0.801876 0.451776 1 26 1.000000
assets/textures/Ch_MutoYugi01_body_tex
  0 -5.177210 9.790480 -0.563101 -0.490090 0.420476 -0.763552 0.762324 0.429757 1 26 1.000000
  0 -5.177210 9.502990 -0.090219 -1.000000 0.000000 0.000000 0.801876 0.451776 1 26 1.000000
  0 -5.177210 10.078000 -0.090219 -0.491512 0.870871 0.000000 0.801876 0.407738 1 26 1.000000
assets/textures/Ch_MutoYugi01_body_tex
  0 -5.177210 8.928020 -0.090219 -0.491510 -0.870872 0.000000 0.801876 0.495814 1 26 1.000000
  0 -5.177210 9.215500 0.382664 -0.490090 -0.420476 0.763552 0.762323 0.473795 1 26 1.000000
  0 -5.177210 9.502990 -0.090219 -1.000000 0.000000 0.000000 0.801876 0.451776 1 26 1.000000
assets/textures/Ch_MutoYugi01_body_tex
  0 -5.177210 10.078000 -0.090219 -0.491512 0.870871 0.000000 0.801876 0.407738 1 26 1.000000
  0 -5.177210 9.502990 -0.090219 -1.000000 0.000000 0.000000 0.801876 0.451776 1 26 1.000000
  0 -5.177210 9.790480 0.382664 -0.490090 0.420476 0.763552 0.762324 0.429757 1 26 1.000000
assets/textures/Ch_MutoYugi01_body_tex
  0 -5.177210 9.790480 0.382664 -0.490090 0.420476 0.763552 0.762324 0.429757 1 26 1.000000
  0 -5.177210 9.502990 -0.090219 -1.000000 0.000000 0.000000 0.801876 0.451776 1 26 1.000000
  0 -5.177210 9.215500 0.382664 -0.490090 -0.420476 0.763552 0.762323 0.473795 1 26 1.000000
assets/textures/Ch_MutoYugi01_body_tex
  0 0.566628 10.025800 0.192628 0.907175 0.413763 0.076384 0.194403 0.933498 1 13 1.000000
  0 0.000000 10.535200 0.820830 0.000000 -0.271024 0.962573 0.169888 0.991858 2 22 0.500000 21 0.500000
  0 0.000000 9.863360 0.601784 0.000000 -0.039527 0.999219 0.169793 0.933498 2 21 0.400000 13 0.600000
assets/textures/Ch_MutoYugi01_body_tex
  0 -0.233757 9.737040 0.635934 -0.727149 -0.661605 -0.183120 0.128869 0.505539 1 13 1.000000
  0 0.233757 9.737040 0.635934 0.727149 -0.661605 -0.183120 0.198793 0.505539 1 13 1.000000
  0 -0.233757 9.706130 0.747611 -0.234603 -0.465946 0.853144 0.128869 0.505539 1 13 1.000000
assets/textures/Ch_MutoYugi01_body_tex
  0 -0.233757 9.737040 0.635934 -0.727149 -0.661605 -0.183120 0.128869 0.505539 1 13 1.000000
  0 -0.233757 9.706130 0.747611 -0.234603 -0.465946 0.853144 0.128869 0.505539 1 13 1.000000
  0 -0.233757 10.183400 0.879712 -0.234602 -0.039035 0.971308 0.128869 0.583864 1 13 1.000000
assets/textures/Ch_MutoYugi01_body_tex
  0 -0.233757 9.737040 0.635934 -0.727149 -0.661605 -0.183120 0.128869 0.505539 1 13 1.000000
  0 -0.233757 10.183400 0.879712 -0.234602 -0.039035 0.971308 0.128869 0.583864 1 13 1.000000
  0 -0.233757 10.214300 0.768034 -0.727149 0.661603 0.183126 0.128869 0.583864 1 13 1.000000
assets/textures/Ch_MutoYugi01_body_tex
  0 -0.233757 9.706130 0.747611 -0.234603 -0.465946 0.853144 0.128869 0.505539 1 13 1.000000
  0 0.233757 9.706130 0.747611 0.234603 -0.465946 0.853144 0.198793 0.505539 1 13 1.000000
  0 -0.233757 10.183400 0.879712 -0.234602 -0.039035 0.971308 0.128869 0.583864 1 13 1.000000
assets/textures/Ch_MutoYugi01_body_tex
  0 0.233757 9.737040 0.635934 0.727149 -0.661605 -0.183120 0.198793 0.505539 1 13 1.000000
  0 0.233757 9.706130 0.747611 0.234603 -0.465946 0.853144 0.198793 0.505539 1 13 1.000000
  0 -0.233757 9.706130 0.747611 -0.234603 -0.465946 0.853144 0.128869 0.505539 1 13 1.000000
assets/textures/Ch_MutoYugi01_body_tex
  0 0.233757 9.737040 0.635934 0.727149 -0.661605 -0.183120 0.198793 0.505539 1 13 1.000000
  0 0.233757 10.214300 0.768034 0.727149 0.661603 0.183126 0.198793 0.583864 1 13 1.000000
  0 0.233757 9.706130 0.747611 0.234603 -0.465946 0.853144 0.198793 0.505539 1 13 1.000000
assets/textures/Ch_MutoYugi01_body_tex
  0 0.233757 10.183400 0.879712 0.234602 -0.039035 0.971308 0.198793 0.583864 1 13 1.000000
  0 0.233757 9.706130 0.747611 0.234603 -0.465946 0.853144 0.198793 0.505539 1 13 1.000000
  0 0.233757 10.214300 0.768034 0.727149 0.661603 0.183126 0.198793 0.583864 1 13 1.000000
assets/textures/Ch_MutoYugi01_body_tex
  0 -0.233757 10.214300 0.768034 -0.727149 0.661603 0.183126 0.128869 0.583864 1 13 1.000000
  0 0.233757 10.183400 0.879712 0.234602 -0.039035 0.971308 0.198793 0.583864 1 13 1.000000
  0 0.233757 10.214300 0.768034 0.727149 0.661603 0.183126 0.198793 0.583864 1 13 1.000000
assets/textures/Ch_MutoYugi01_body_tex
  0 -0.233757 10.214300 0.768034 -0.727149 0.661603 0.183126 0.128869 0.583864 1 13 1.000000
  0 -0.233757 10.183400 0.879712 -0.234602 -0.039035 0.971308 0.128869 0.583864 1 13 1.000000
  0 0.233757 10.183400 0.879712 0.234602 -0.039035 0.971308 0.198793 0.583864 1 13 1.000000
assets/textures/Ch_MutoYugi01_body_tex
  0 0.233757 10.183400 0.879712 0.234602 -0.039035 0.971308 0.198793 0.583864 1 13 1.000000
  0 -0.233757 10.183400 0.879712 -0.234602 -0.039035 0.971308 0.128869 0.583864 1 13 1.000000
  0 0.233757 9.706130 0.747611 0.234603 -0.465946 0.853144 0.198793 0.505539 1 13 1.000000
assets/textures/Ch_MutoYugi01_body_tex
  0 -2.045750 5.515560 -0.052706 0.726214 -0.683327 -0.075343 0.798765 0.019955 1 3 1.000000
  0 -1.538530 6.299000 -0.038026 -0.838523 0.497323 -0.222596 0.798765 0.068236 2 12 0.300000 3 0.700000
  0 -1.155920 6.353670 -0.736946 -0.567005 0.493601 -0.659442 0.880206 0.068235 2 12 0.300000 3 0.700000
assets/textures/Ch_MutoYugi01_body_tex
  0 -2.045750 5.515560 -0.052706 0.726214 -0.683327 -0.075343 0.798765 0.019955 1 3 1.000000
  0 -1.206790 6.242570 1.111000 -0.734119 0.381921 0.561431 0.713536 0.068235 2 12 0.300000 3 0.700000
  0 -1.538530 6.299000 -0.038026 -0.838523 0.497323 -0.222596 0.798765 0.068236 2 12 0.300000 3 0.700000
assets/textures/Ch_MutoYugi01_body_tex
  0 -2.045750 5.515560 -0.052706 0.726214 -0.683327 -0.075343 0.798765 0.019955 1 3 1.000000
  0 -1.394000 5.263650 1.424430 0.701569 -0.665840 -0.253888 0.713536 0.019955 3 12 0.300000 8 0.230000 3 0.470000
  0 -1.206790 6.242570 1.111000 -0.734119 0.381921 0.561431 0.713536 0.068235 2 12 0.300000 3 0.700000
assets/textures/Ch_MutoYugi01_body_tex
  0 1.052770 6.367410 0.777447 0.799039 0.119301 0.589325 2.280880 1.628980 1 3 1.000000
  0 0.975962 6.734160 0.781812 0.684042 0.204653 0.700146 2.280880 1.673650 1 3 1.000000
  0 0.000000 6.371150 1.124150 0.000000 -0.076964 0.997034 2.119540 1.628980 1 3 1.000000
assets/textures/Ch_MutoYugi01_body_tex
  0 0.975962 6.734160 0.781812 0.684042 0.204653 0.700146 2.280880 1.673650 1 3 1.000000
  0 0.000000 6.732570 1.094620 0.000000 0.145185 0.989405 2.119540 1.673650 1 3 1.000000
  0 0.000000 6.371150 1.124150 0.000000 -0.076964 0.997034 2.119540 1.628980 1 3 1.000000
assets/textures/Ch_MutoYugi01_body_tex
  0 0.975962 6.734160 0.781812 0.684042 0.204653 0.700146 2.280880 1.673650 1 3 1.000000
  0 0.912752 6.763900 0.746929 0.358700 0.142369 0.922532 2.280880 1.680520 1 3 1.000000
  0 0.000000 6.732570 1.094620 0.000000 0.145185 0.989405 2.119540 1.673650 1 3 1.000000
assets/textures/Ch_MutoYugi01_body_tex
  0 0.912752 6.763900 0.746929 0.358700 0.142369 0.922532 2.280880 1.680520 1 3 1.000000
  0 0.000000 6.756490 1.071030 0.000000 0.022013 0.999758 2.119540 1.680520 2 12 0.100000 3 0.900000
  0 0.000000 6.732570 1.094620 0.000000 0.145185 0.989405 2.119540 1.673650 1 3 1.000000
assets/textures/Ch_MutoYugi01_body_tex
  0 -1.052770 6.367410 0.777447 -0.799039 0.119301 0.589325 2.119540 1.628980 1 3 1.000000
  0 0.000000 6.371150 1.124150 0.000000 -0.076964 0.997034 2.280880 1.628980 1 3 1.000000
  0 -0.975962 6.734160 0.781812 -0.684042 0.204653 0.700146 2.119540 1.673650 1 3 1.000000
assets/textures/Ch_MutoYugi01_body_tex
  0 0.000000 6.371150 1.124150 0.000000 -0.076964 0.997034 2.280880 1.628980 1 3 1.000000
  0 0.000000 6.732570 1.094620 0.000000 0.145185 0.989405 2.280880 1.673650 1 3 1.000000
  0 -0.975962 6.734160 0.781812 -0.684042 0.204653 0.700146 2.119540 1.673650 1 3 1.000000
assets/textures/Ch_MutoYugi01_body_tex
  0 0.000000 6.732570 1.094620 0.000000 0.145185 0.989405 2.280880 1.673650 1 3 1.000000
  0 -0.912752 6.763900 0.746929 -0.358700 0.142370 0.922532 2.119540 1.680520 1 3 1.000000
  0 -0.975962 6.734160 0.781812 -0.684042 0.204653 0.700146 2.119540 1.673650 1 3 1.000000
assets/textures/Ch_MutoYugi01_body_tex
  0 0.000000 6.732570 1.094620 0.000000 0.145185 0.989405 2.280880 1.673650 1 3 1.000000
  0 0.000000 6.756490 1.071030 0.000000 0.022013 0.999758 2.280880 1.680520 2 12 0.100000 3 0.900000
  0 -0.912752 6.763900 0.746929 -0.358700 0.142370 0.922532 2.119540 1.680520 1 3 1.000000
assets/textures/Ch_MutoYugi01_body_tex
  0 1.110390 6.367980 -0.060756 0.682571 0.156587 -0.713847 1.227720 1.630510 1 3 1.000000
  0 1.044290 6.740710 0.037072 0.741528 0.335726 -0.580882 1.227720 1.672560 1 3 1.000000
  0 1.052770 6.367410 0.777447 0.799039 0.119301 0.589325 1.124280 1.630510 1 3 1.000000
assets/textures/Ch_MutoYugi01_body_tex
  0 1.044290 6.740710 0.037072 0.741528 0.335726 -0.580882 1.227720 1.672560 1 3 1.000000
  0 0.975962 6.734160 0.781812 0.684042 0.204653 0.700146 1.124280 1.672560 1 3 1.000000
  0 1.052770 6.367410 0.777447 0.799039 0.119301 0.589325 1.124280 1.630510 1 3 1.000000
assets/textures/Ch_MutoYugi01_body_tex
  0 1.044290 6.740710 0.037072 0.741528 0.335726 -0.580882 1.227720 1.672560 1 3 1.000000
  0 0.992527 6.771780 0.074723 0.307637 0.917781 -0.251074 1.227720 1.678460 1 3 1.000000
  0 0.975962 6.734160 0.781812 0.684042 0.204653 0.700146 1.124280 1.672560 1 3 1.000000
assets/textures/Ch_MutoYugi01_body_tex
  0 0.992527 6.771780 0.074723 0.307637 0.917781 -0.251074 1.227720 1.678460 1 3 1.000000
  0 0.912752 6.763900 0.746929 0.358700 0.142369 0.922532 1.124280 1.678460 1 3 1.000000
  0 0.975962 6.734160 0.781812 0.684042 0.204653 0.700146 1.124280 1.672560 1 3 1.000000
assets/textures/Ch_MutoYugi01_body_tex
  0 0.000000 6.757390 -0.324746 0.000000 0.888336 -0.459195 2.119540 1.680520 1 3 1.000000
  0 0.992527 6.771780 0.074723 0.307637 0.917781 -0.251074 2.280880 1.680520 1 3 1.000000
  0 0.000000 6.727220 -0.386042 0.000000 0.333915 -0.942603 2.119540 1.673650 1 3 1.000000
assets/textures/Ch_MutoYugi01_body_tex
  0 0.992527 6.771780 0.074723 0.307637 0.917781 -0.251074 2.280880 1.680520 1 3 1.000000
  0 1.044290 6.740710 0.037072 0.741528 0.335726 -0.580882 2.280880 1.673650 1 3 1.000000
  0 0.000000 6.727220 -0.386042 0.000000 0.333915 -0.942603 2.119540 1.673650 1 3 1.000000
assets/textures/Ch_MutoYugi01_body_tex
  0 1.044290 6.740710 0.037072 0.741528 0.335726 -0.580882 2.280880 1.673650 1 3 1.000000
  0 1.110390 6.367980 -0.060756 0.682571 0.156587 -0.713847 2.280880 1.628980 1 3 1.000000
  0 0.000000 6.727220 -0.386042 0.000000 0.333915 -0.942603 2.119540 1.673650 1 3 1.000000
assets/textures/Ch_MutoYugi01_body_tex
  0 1.110390 6.367980 -0.060756 0.682571 0.156587 -0.713847 2.280880 1.628980 1 3 1.000000
  0 0.000000 6.359060 -0.453273 0.000000 0.115029 -0.993362 2.119540 1.628980 1 3 1.000000
  0 0.000000 6.727220 -0.386042 0.000000 0.333915 -0.942603 2.119540 1.673650 1 3 1.000000
assets/textures/Ch_MutoYugi01_body_tex
  0 0.000000 6.359060 -0.453273 0.000000 0.115029 -0.993362 2.280880 1.628980 1 3 1.000000
  0 -1.110390 6.367980 -0.060756 -0.682571 0.156587 -0.713847 2.119540 1.628980 1 3 1.000000
  0 0.000000 6.727220 -0.386042 0.000000 0.333915 -0.942603 2.280880 1.673650 1 3 1.000000
assets/textures/Ch_MutoYugi01_body_tex
  0 -1.110390 6.367980 -0.060756 -0.682571 0.156587 -0.713847 2.119540 1.628980 1 3 1.000000
  0 -1.044290 6.740710 0.037072 -0.741528 0.335726 -0.580882 2.119540 1.673650 1 3 1.000000
  0 0.000000 6.727220 -0.386042 0.000000 0.333915 -0.942603 2.280880 1.673650 1 3 1.000000
assets/textures/Ch_MutoYugi01_body_tex
  0 -1.044290 6.740710 0.037072 -0.741528 0.335726 -0.580882 2.119540 1.673650 1 3 1.000000
  0 -0.992527 6.771780 0.074723 -0.307636 0.917781 -0.251074 2.119540 1.680520 3 12 0.360000 8 0.030000 3 0.610000
  0 0.000000 6.727220 -0.386042 0.000000 0.333915 -0.942603 2.280880 1.673650 1 3 1.000000
assets/textures/Ch_MutoYugi01_body_tex
  0 -1.149690 5.621310 0.851242 -0.444880 -0.717128 0.536479 1.120460 0.586665 1 3 1.000000
  0 -1.181800 6.171890 0.854536 -0.605469 0.577132 0.548021 1.120460 0.678693 2 12 0.300000 3 0.700000
  0 -1.437040 6.138370 0.269871 -0.803591 0.595178 -0.002215 1.013090 0.678693 2 12 0.300000 3 0.700000
assets/textures/Ch_MutoYugi01_body_tex
  0 -1.149690 5.621310 0.851242 -0.444880 -0.717128 0.536479 1.013090 0.586665 1 3 1.000000
  0 -0.424648 5.717350 1.217170 -0.093619 -0.643542 0.759664 1.120460 0.586665 2 12 0.300000 3 0.700000
  0 -1.181800 6.171890 0.854536 -0.605469 0.577132 0.548021 1.013090 0.678693 2 12 0.300000 3 0.700000
assets/textures/Ch_MutoYugi01_body_tex
  0 1.098930 5.940390 0.870678 0.620246 -0.566763 0.542287 1.120460 0.586665 1 3 1.000000
  0 1.019090 6.490960 0.873972 0.434612 0.713214 0.549944 1.120460 0.678693 2 12 0.300000 3 0.700000
  0 0.336167 6.389800 1.227890 0.084984 0.624996 0.775988 1.013090 0.678693 2 12 0.300000 3 0.700000
assets/textures/Ch_MutoYugi01_body_tex
  0 1.098930 5.940390 0.870678 0.620246 -0.566763 0.542287 1.013090 0.586665 1 3 1.000000
  0 1.363260 5.982190 0.290601 0.830889 -0.556432 0.002523 1.120460 0.586665 2 12 0.300000 3 0.700000
  0 1.019090 6.490960 0.873972 0.434612 0.713214 0.549944 1.013090 0.678693 2 12 0.300000 3 0.700000
assets/textures/Ch_MutoYugi01_body_tex
  0 1.530950 0.021254 0.432874 0.156122 -0.987738 0.000000 0.271236 0.846654 1 6 1.000000
  0 0.223994 0.021254 1.769270 -0.171056 -0.983223 0.063340 0.212203 0.898285 2 7 0.100000 6 0.900000
  0 0.200548 0.021254 -0.687909 -0.140062 -0.951171 -0.275056 0.318875 0.894640 2 6 0.540000 5 0.460000
assets/textures/Ch_MutoYugi01_body_tex
  0 1.530950 0.021254 0.432874 0.156122 -0.987738 0.000000 0.271236 0.846654 1 6 1.000000
  0 1.348790 0.021254 1.769270 0.289452 -0.951321 0.105861 0.212203 0.846872 2 7 0.100000 6 0.900000
  0 0.223994 0.021254 1.769270 -0.171056 -0.983223 0.063340 0.212203 0.898285 2 7 0.100000 6 0.900000
assets/textures/Ch_MutoYugi01_body_tex
  0 1.052770 6.367410 0.777447 0.799039 0.119301 0.589325 0.227599 0.485054 1 3 1.000000
  0 1.191630 5.644100 0.718235 0.782313 -0.022423 0.622482 0.219511 0.419228 2 4 0.500000 3 0.500000
  0 1.110390 6.367980 -0.060756 0.682571 0.156587 -0.713847 0.285469 0.485054 1 3 1.000000
assets/textures/Ch_MutoYugi01_body_tex
  0 1.052770 6.367410 0.777447 0.799039 0.119301 0.589325 0.227599 0.485054 1 3 1.000000
  0 0.000000 6.371150 1.124150 0.000000 -0.076964 0.997034 0.125089 0.485054 1 3 1.000000
  0 1.191630 5.644100 0.718235 0.782313 -0.022423 0.622482 0.219511 0.419228 2 4 0.500000 3 0.500000
assets/textures/Ch_MutoYugi01_body_tex
  0 1.110390 6.367980 -0.060756 0.682571 0.156587 -0.713847 0.285469 0.485054 1 3 1.000000
  0 1.191630 5.644100 0.718235 0.782313 -0.022423 0.622482 0.219511 0.419228 2 4 0.500000 3 0.500000
  0 1.224910 5.644100 -0.060949 0.701406 0.088367 -0.707263 0.285704 0.419228 2 4 0.400000 3 0.600000
assets/textures/Ch_MutoYugi01_body_tex
  0 1.110390 6.367980 -0.060756 0.682571 0.156587 -0.713847 0.285469 0.485054 1 3 1.000000
  0 1.224910 5.644100 -0.060949 0.701406 0.088367 -0.707263 0.285704 0.419228 2 4 0.400000 3 0.600000
  0 0.000000 6.359060 -0.453273 0.000000 0.115029 -0.993362 0.361573 0.485054 1 3 1.000000
assets/textures/Ch_MutoYugi01_body_tex
  0 0.000000 6.371150 1.124150 0.000000 -0.076964 0.997034 0.125089 0.485054 1 3 1.000000
  0 0.000000 5.265570 0.881179 0.000000 -0.355695 0.934602 0.127038 0.391030 2 8 0.500000 4 0.500000
  0 1.191630 5.644100 0.718235 0.782313 -0.022423 0.622482 0.219511 0.419228 2 4 0.500000 3 0.500000
assets/textures/Ch_MutoYugi01_body_tex
  0 0.000000 6.371150 1.124150 0.000000 -0.076964 0.997034 0.125089 0.485054 1 3 1.000000
  0 -1.191630 5.644100 0.718235 -0.782313 -0.022423 0.622482 0.219511 0.419228 2 8 0.500000 3 0.500000
  0 0.000000 5.265570 0.881179 0.000000 -0.355695 0.934602 0.127038 0.391030 2 8 0.500000 4 0.500000
assets/textures/Ch_MutoYugi01_body_tex
  0 0.000000 6.371150 1.124150 0.000000 -0.076964 0.997034 0.125089 0.485054 1 3 1.000000
  0 -1.052770 6.367410 0.777447 -0.799039 0.119301 0.589325 0.227599 0.485054 1 3 1.000000
  0 -1.191630 5.644100 0.718235 -0.782313 -0.022423 0.622482 0.219511 0.419228 2 8 0.500000 3 0.500000
assets/textures/Ch_MutoYugi01_body_tex
  0 -1.052770 6.367410 0.777447 -0.799039 0.119301 0.589325 0.227599 0.485054 1 3 1.000000
  0 -1.110390 6.367980 -0.060756 -0.682571 0.156587 -0.713847 0.285469 0.485054 1 3 1.000000
  0 -1.191630 5.644100 0.718235 -0.782313 -0.022423 0.622482 0.219511 0.419228 2 8 0.500000 3 0.500000
assets/textures/Ch_MutoYugi01_body_tex
  0 -1.110390 6.367980 -0.060756 -0.682571 0.156587 -0.713847 0.285469 0.485054 1 3 1.000000
  0 -1.224910 5.644100 -0.060949 -0.701406 0.088367 -0.707263 0.285704 0.419228 2 8 0.400000 3 0.600000
  0 -1.191630 5.644100 0.718235 -0.782313 -0.022423 0.622482 0.219511 0.419228 2 8 0.500000 3 0.500000
assets/textures/Ch_MutoYugi01_body_tex
  0 0.000000 6.359060 -0.453273 0.000000 0.115029 -0.993362 0.361573 0.485054 1 3 1.000000
  0 0.000000 5.359810 -0.522144 0.000000 -0.027616 -0.999619 0.361573 0.390672 3 8 0.100000 4 0.100000 3 0.800000
  0 -1.224910 5.644100 -0.060949 -0.701406 0.088367 -0.707263 0.285704 0.419228 2 8 0.400000 3 0.600000
assets/textures/Ch_MutoYugi01_body_tex
  0 0.000000 6.359060 -0.453273 0.000000 0.115029 -0.993362 0.361573 0.485054 1 3 1.000000
  0 -1.224910 5.644100 -0.060949 -0.701406 0.088367 -0.707263 0.285704 0.419228 2 8 0.400000 3 0.600000
  0 -1.110390 6.367980 -0.060756 -0.682571 0.156587 -0.713847 0.285469 0.485054 1 3 1.000000
assets/textures/Ch_MutoYugi01_body_tex
  0 -0.975962 6.734160 0.781812 -0.684042 0.204653 0.700146 1.124280 1.672560 1 3 1.000000
  0 -0.990971 6.735600 0.618226 -0.955078 0.285459 0.079613 1.147000 1.672560 1 3 1.000000
  0 -1.052770 6.367410 0.777447 -0.799039 0.119301 0.589325 1.124280 1.630510 1 3 1.000000
assets/textures/Ch_MutoYugi01_body_tex
  0 -0.975962 6.734160 0.781812 -0.684042 0.204653 0.700146 1.124280 1.672560 1 3 1.000000
  0 -0.912752 6.763900 0.746929 -0.358700 0.142370 0.922532 1.124280 1.678460 1 3 1.000000
  0 -0.990971 6.735600 0.618226 -0.955078 0.285459 0.079613 1.147000 1.672560 1 3 1.000000
assets/textures/Ch_MutoYugi01_body_tex
  0 -1.052770 6.367410 0.777447 -0.799039 0.119301 0.589325 1.124280 1.630510 1 3 1.000000
  0 -0.990971 6.735600 0.618226 -0.955078 0.285459 0.079613 1.147000 1.672560 1 3 1.000000
  0 -1.110390 6.367980 -0.060756 -0.682571 0.156587 -0.713847 1.227720 1.630510 1 3 1.000000
assets/textures/Ch_MutoYugi01_body_tex
  0 -0.912752 6.763900 0.746929 -0.358700 0.142370 0.922532 1.124280 1.678460 1 3 1.000000
  0 -0.992527 6.771780 0.074723 -0.307636 0.917781 -0.251074 1.227720 1.678460 3 12 0.360000 8 0.030000 3 0.610000
  0 -0.990971 6.735600 0.618226 -0.955078 0.285459 0.079613 1.147000 1.672560 1 3 1.000000
assets/textures/Ch_MutoYugi01_body_tex
  0 -1.044290 6.740710 0.037072 -0.741528 0.335726 -0.580882 1.227720 1.672560 1 3 1.000000
  0 -0.990971 6.735600 0.618226 -0.955078 0.285459 0.079613 1.147000 1.672560 1 3 1.000000
  0 -0.992527 6.771780 0.074723 -0.307636 0.917781 -0.251074 1.227720 1.678460 3 12 0.360000 8 0.030000 3 0.610000
assets/textures/Ch_MutoYugi01_body_tex
  0 -1.110390 6.367980 -0.060756 -0.682571 0.156587 -0.713847 1.227720 1.630510 1 3 1.000000
  0 -0.990971 6.735600 0.618226 -0.955078 0.285459 0.079613 1.147000 1.672560 1 3 1.000000
  0 -1.044290 6.740710 0.037072 -0.741528 0.335726 -0.580882 1.227720 1.672560 1 3 1.000000
assets/textures/Ch_MutoYugi01_body_tex
  0 1.098930 5.940390 0.870678 0.620246 -0.566763 0.542287 1.145750 0.969902 1 3 1.000000
  0 0.416016 5.839230 1.224600 0.260345 -0.584154 0.768755 1.138020 0.965087 2 12 0.300000 3 0.700000
  0 0.003034 5.784990 0.278589 0.140800 -0.990020 -0.005943 1.133240 0.977692 2 12 0.300000 3 0.700000
assets/textures/Ch_MutoYugi01_body_tex
  0 -1.530950 0.021254 0.432874 -0.156122 -0.987738 0.000000 0.494943 0.876627 1 10 1.000000
  0 -1.590940 0.280917 0.895718 -0.988217 0.026081 0.150818 0.476358 0.837238 1 10 1.000000
  0 -1.544140 0.286590 0.244414 -0.990544 0.123269 -0.060226 0.476358 0.886984 1 10 1.000000
assets/textures/Ch_MutoYugi01_body_tex
  0 -1.530950 0.021254 0.432874 -0.156122 -0.987738 0.000000 0.494943 0.876627 1 10 1.000000
  0 -1.544140 0.286590 0.244414 -0.990544 0.123269 -0.060226 0.476358 0.886984 1 10 1.000000
  0 -1.450570 0.021254 -0.687909 -0.311022 -0.853467 -0.418162 0.494943 0.992677 2 10 0.530000 9 0.470000
assets/textures/Ch_MutoYugi01_body_tex
  0 -1.590940 0.280917 0.895718 -0.988217 0.026081 0.150818 0.476358 0.837238 1 10 1.000000
  0 -1.388930 1.019560 0.452895 -0.924134 0.367037 0.106113 0.381672 0.870552 2 10 0.720000 9 0.280000
  0 -1.544140 0.286590 0.244414 -0.990544 0.123269 -0.060226 0.476358 0.886984 1 10 1.000000
assets/textures/Ch_MutoYugi01_body_tex
  0 -0.127258 0.280917 0.895718 0.996130 -0.080958 0.034227 0.476358 0.837238 1 10 1.000000
  0 -0.138130 0.286590 0.244414 0.998122 -0.059354 -0.015139 0.476358 0.886984 1 10 1.000000
  0 -0.181410 1.019560 0.452895 0.970298 0.222545 0.094843 0.381672 0.870552 2 10 0.810000 9 0.190000
assets/textures/Ch_MutoYugi01_body_tex
  0 -0.127258 0.280917 0.895718 0.996130 -0.080958 0.034227 0.476358 0.837238 1 10 1.000000
  0 -0.181410 1.019560 0.452895 0.970298 0.222545 0.094843 0.381672 0.870552 2 10 0.810000 9 0.190000
  0 -0.212806 0.725327 1.092860 0.803522 0.533594 0.263874 0.418699 0.821172 2 11 0.360000 10 0.640000
assets/textures/Ch_MutoYugi01_body_tex
  0 -0.138130 0.286590 0.244414 0.998122 -0.059354 -0.015139 0.476358 0.886984 1 10 1.000000
  0 -0.180605 0.290183 -0.706673 0.616980 -0.007598 -0.786942 0.476358 0.994268 2 10 0.520000 9 0.480000
  0 -0.245124 1.025580 -0.745871 0.630599 0.110192 -0.768246 0.381023 0.987855 2 10 0.500000 9 0.500000
assets/textures/Ch_MutoYugi01_body_tex
  0 -0.138130 0.286590 0.244414 0.998122 -0.059354 -0.015139 0.476358 0.886984 1 10 1.000000
  0 -0.245124 1.025580 -0.745871 0.630599 0.110192 -0.768246 0.381023 0.987855 2 10 0.500000 9 0.500000
  0 -0.181410 1.019560 0.452895 0.970298 0.222545 0.094843 0.381672 0.870552 2 10 0.810000 9 0.190000
assets/textures/Ch_MutoYugi01_body_tex
  0 1.530950 0.021254 0.432874 0.156122 -0.987738 0.000000 0.494943 0.876627 1 6 1.000000
  0 1.544140 0.286590 0.244414 0.990544 0.123269 -0.060226 0.476358 0.886984 1 6 1.000000
  0 1.590940 0.280917 0.895718 0.988217 0.026081 0.150818 0.476358 0.837238 1 6 1.000000
assets/textures/Ch_MutoYugi01_body_tex
  0 1.530950 0.021254 0.432874 0.156122 -0.987738 0.000000 0.494943 0.876627 1 6 1.000000
  0 1.450570 0.021254 -0.687909 0.311022 -0.853467 -0.418162 0.494943 0.992677 2 6 0.530000 5 0.470000
  0 1.544140 0.286590 0.244414 0.990544 0.123269 -0.060226 0.476358 0.886984 1 6 1.000000
assets/textures/Ch_MutoYugi01_body_tex
  0 1.590940 0.280917 0.895718 0.988217 0.026081 0.150818 0.476358 0.837238 1 6 1.000000
  0 1.544140 0.286590 0.244414 0.990544 0.123269 -0.060226 0.476358 0.886984 1 6 1.000000
  0 1.388930 1.019560 0.452895 0.924134 0.367037 0.106113 0.381672 0.870552 2 6 0.720000 5 0.280000
assets/textures/Ch_MutoYugi01_body_tex
  0 0.127258 0.280917 0.895718 -0.996130 -0.080959 0.034227 0.476358 0.837238 1 6 1.000000
  0 0.212806 0.725327 1.092860 -0.803522 0.533594 0.263874 0.418699 0.821172 2 7 0.360000 6 0.640000
  0 0.181410 1.019560 0.452895 -0.970298 0.222545 0.094843 0.381672 0.870552 2 6 0.810000 5 0.190000
assets/textures/Ch_MutoYugi01_body_tex
  0 0.127258 0.280917 0.895718 -0.996130 -0.080959 0.034227 0.476358 0.837238 1 6 1.000000
  0 0.181410 1.019560 0.452895 -0.970298 0.222545 0.094843 0.381672 0.870552 2 6 0.810000 5 0.190000
  0 0.138130 0.286590 0.244414 -0.998122 -0.059354 -0.015139 0.476358 0.886984 1 6 1.000000
assets/textures/Ch_MutoYugi01_body_tex
  0 0.138130 0.286590 0.244414 -0.998122 -0.059354 -0.015139 0.476358 0.886984 1 6 1.000000
  0 0.245124 1.025580 -0.745871 -0.639586 0.095568 -0.762756 0.381023 0.987855 2 6 0.500000 5 0.500000
  0 0.180605 0.290183 -0.706673 -0.616980 -0.007598 -0.786942 0.476358 0.994268 2 6 0.520000 5 0.480000
assets/textures/Ch_MutoYugi01_body_tex
  0 0.138130 0.286590 0.244414 -0.998122 -0.059354 -0.015139 0.476358 0.886984 1 6 1.000000
  0 0.181410 1.019560 0.452895 -0.970298 0.222545 0.094843 0.381672 0.870552 2 6 0.810000 5 0.190000
  0 0.245124 1.025580 -0.745871 -0.639586 0.095568 -0.762756 0.381023 0.987855 2 6 0.500000 5 0.500000
assets/textures/Ch_MutoYugi01_body_tex
  0 -6.241870 9.820980 0.179128 -0.471598 0.855936 -0.212061 0.641142 0.724469 2 28 0.600000 27 0.400000
  0 -6.464520 9.473240 0.207336 0.255334 -0.103515 0.961296 0.682431 0.722575 3 28 0.800000 27 0.160000 26 0.040000
  0 -6.202950 9.536840 0.228397 -0.309273 -0.916764 0.252773 0.663362 0.722282 1 27 1.000000
assets/textures/Ch_MutoYugi01_body_tex
  0 -6.241870 9.820980 0.179128 -0.471598 0.855936 -0.212061 0.641142 0.724469 2 28 0.600000 27 0.400000
  0 -6.635050 9.513270 0.186556 -0.818464 0.405310 0.407236 0.682180 0.731293 3 28 0.800000 27 0.150000 26 0.050000
  0 -6.464520 9.473240 0.207336 0.255334 -0.103515 0.961296 0.682431 0.722575 3 28 0.800000 27 0.160000 26 0.040000
assets/textures/Ch_MutoYugi01_body_tex
  0 -6.241870 9.820980 0.179128 -0.471598 0.855936 -0.212061 0.641142 0.724469 2 28 0.600000 27 0.400000
  0 -6.202950 9.536840 0.228397 -0.309273 -0.916764 0.252773 0.663362 0.722282 1 27 1.000000
  0 -6.519510 9.473670 0.287125 0.187915 -0.731966 -0.654915 0.682312 0.718453 3 28 0.800000 27 0.150000 26 0.050000
assets/textures/Ch_MutoYugi01_body_tex
  0 -6.241870 9.820980 0.179128 -0.471598 0.855936 -0.212061 0.641142 0.724469 2 28 0.600000 27 0.400000
  0 -6.636610 9.515650 -0.019038 -0.914127 0.351832 -0.201461 0.682180 0.760365 3 28 0.800000 27 0.150000 26 0.050000
  0 -6.635050 9.513270 0.186556 -0.818464 0.405310 0.407236 0.682180 0.731293 3 28 0.800000 27 0.150000 26 0.050000
assets/textures/Ch_MutoYugi01_body_tex
  0 -6.241870 9.820980 0.179128 -0.471598 0.855936 -0.212061 0.641142 0.724469 2 28 0.600000 27 0.400000
  0 -6.519510 9.473670 0.287125 0.187915 -0.731966 -0.654915 0.682312 0.718453 3 28 0.800000 27 0.150000 26 0.050000
  0 -6.647830 9.692580 0.235966 -0.405492 0.405846 -0.819064 0.681829 0.713297 3 28 0.800000 27 0.150000 26 0.050000
assets/textures/Ch_MutoYugi01_body_tex
  0 -6.241870 9.820980 0.179128 -0.471598 0.855936 -0.212061 0.641142 0.724469 2 28 0.600000 27 0.400000
  0 -6.224990 9.821580 -0.107628 -0.472313 0.862368 -0.182324 0.641142 0.760224 2 28 0.600000 27 0.400000
  0 -6.636610 9.515650 -0.019038 -0.914127 0.351832 -0.201461 0.682180 0.760365 3 28 0.800000 27 0.150000 26 0.050000
assets/textures/Ch_MutoYugi01_body_tex
  0 -6.241870 9.820980 0.179128 -0.471598 0.855936 -0.212061 0.641142 0.724469 2 28 0.600000 27 0.400000
  0 -6.647830 9.692580 0.235966 -0.405492 0.405846 -0.819064 0.681829 0.713297 3 28 0.800000 27 0.150000 26 0.050000
  0 -6.641250 9.737770 0.415757 -0.405375 0.760300 0.507559 0.681305 0.683410 3 28 0.800000 27 0.140000 26 0.060000
assets/textures/Ch_MutoYugi01_body_tex
  0 -6.241870 9.820980 0.179128 -0.471598 0.855936 -0.212061 0.641142 0.724469 2 28 0.600000 27 0.400000
  0 -5.956930 9.891970 0.115923 0.026913 0.999174 0.030462 0.608338 0.726740 1 27 1.000000
  0 -6.224990 9.821580 -0.107628 -0.472313 0.862368 -0.182324 0.641142 0.760224 2 28 0.600000 27 0.400000
assets/textures/Ch_MutoYugi01_body_tex
  0 -6.241870 9.820980 0.179128 -0.471598 0.855936 -0.212061 0.641142 0.724469 2 28 0.600000 27 0.400000
  0 -6.641250 9.737770 0.415757 -0.405375 0.760300 0.507559 0.681305 0.683410 3 28 0.800000 27 0.140000 26 0.060000
  0 -6.231370 9.866860 0.384468 -0.188351 0.690702 0.698180 0.641403 0.692246 2 28 0.600000 27 0.400000
assets/textures/Ch_MutoYugi01_body_tex
  0 -6.241870 9.820980 0.179128 -0.471598 0.855936 -0.212061 0.641142 0.724469 2 28 0.600000 27 0.400000
  0 -6.231370 9.866860 0.384468 -0.188351 0.690702 0.698180 0.641403 0.692246 2 28 0.600000 27 0.400000
  0 -5.956930 9.891970 0.115923 0.026913 0.999174 0.030462 0.608338 0.726740 1 27 1.000000
assets/textures/Ch_MutoYugi01_body_tex
  0 -6.224990 9.821580 -0.107628 -0.472313 0.862368 -0.182324 0.641142 0.760224 2 28 0.600000 27 0.400000
  0 -5.956930 9.891970 0.115923 0.026913 0.999174 0.030462 0.608338 0.726740 1 27 1.000000
  0 -5.955670 9.892540 -0.138552 -0.039066 0.976431 -0.212267 0.607798 0.759360 1 27 1.000000
assets/textures/Ch_MutoYugi01_body_tex
  0 -6.224990 9.821580 -0.107628 -0.472313 0.862368 -0.182324 0.641142 0.760224 2 28 0.600000 27 0.400000
  0 -6.539880 9.513510 -0.279297 -0.834791 0.322003 -0.446586 0.682180 0.784463 3 28 0.800000 27 0.150000 26 0.050000
  0 -6.636610 9.515650 -0.019038 -0.914127 0.351832 -0.201461 0.682180 0.760365 3 28 0.800000 27 0.150000 26 0.050000
assets/textures/Ch_MutoYugi01_body_tex
  0 -6.224990 9.821580 -0.107628 -0.472313 0.862368 -0.182324 0.641142 0.760224 2 28 0.600000 27 0.400000
  0 -5.955670 9.892540 -0.138552 -0.039066 0.976431 -0.212267 0.607798 0.759360 1 27 1.000000
  0 -6.206180 9.706420 -0.345819 -0.429781 0.753881 -0.496942 0.641142 0.784594 2 28 0.600000 27 0.400000
assets/textures/Ch_MutoYugi01_body_tex
  0 -6.224990 9.821580 -0.107628 -0.472313 0.862368 -0.182324 0.641142 0.760224 2 28 0.600000 27 0.400000
  0 -6.206180 9.706420 -0.345819 -0.429781 0.753881 -0.496942 0.641142 0.784594 2 28 0.600000 27 0.400000
  0 -6.539880 9.513510 -0.279297 -0.834791 0.322003 -0.446586 0.682180 0.784463 3 28 0.800000 27 0.150000 26 0.050000
assets/textures/Ch_MutoYugi01_body_tex
  0 -6.231370 9.866860 0.384468 -0.188351 0.690702 0.698180 0.641403 0.692246 2 28 0.600000 27 0.400000
  0 -6.207020 9.641110 0.448710 -0.058710 -0.244621 0.967840 0.643235 0.676632 2 28 0.600000 27 0.400000
  0 -5.918600 9.849280 0.485395 0.078591 0.542244 0.836537 0.610541 0.699952 1 27 1.000000
assets/textures/Ch_MutoYugi01_body_tex
  0 -6.206180 9.706420 -0.345819 -0.429781 0.753881 -0.496942 0.641142 0.784594 2 28 0.600000 27 0.400000
  0 -5.955670 9.892540 -0.138552 -0.039066 0.976431 -0.212267 0.607798 0.759360 1 27 1.000000
  0 -5.943520 9.784320 -0.401184 0.053766 0.796018 -0.602880 0.607798 0.780830 1 27 1.000000
assets/textures/Ch_MutoYugi01_body_tex
  0 -6.206180 9.706420 -0.345819 -0.429781 0.753881 -0.496942 0.641142 0.784594 2 28 0.600000 27 0.400000
  0 -6.435570 9.465170 -0.430680 -0.595432 0.110640 -0.795751 0.682180 0.810404 3 28 0.800000 27 0.140000 26 0.060000
  0 -6.539880 9.513510 -0.279297 -0.834791 0.322003 -0.446586 0.682180 0.784463 3 28 0.800000 27 0.150000 26 0.050000
assets/textures/Ch_MutoYugi01_body_tex
  0 -6.206180 9.706420 -0.345819 -0.429781 0.753881 -0.496942 0.641142 0.784594 2 28 0.600000 27 0.400000
  0 -6.170330 9.552880 -0.509463 -0.317552 0.097181 -0.943248 0.641142 0.812423 2 28 0.600000 27 0.400000
  0 -6.435570 9.465170 -0.430680 -0.595432 0.110640 -0.795751 0.682180 0.810404 3 28 0.800000 27 0.140000 26 0.060000
assets/textures/Ch_MutoYugi01_body_tex
  0 -6.206180 9.706420 -0.345819 -0.429781 0.753881 -0.496942 0.641142 0.784594 2 28 0.600000 27 0.400000
  0 -5.943520 9.784320 -0.401184 0.053766 0.796018 -0.602880 0.607798 0.780830 1 27 1.000000
  0 -6.170330 9.552880 -0.509463 -0.317552 0.097181 -0.943248 0.641142 0.812423 2 28 0.600000 27 0.400000
assets/textures/Ch_MutoYugi01_body_tex
  0 -6.207020 9.641110 0.448710 -0.058710 -0.244621 0.967840 0.643235 0.676632 2 28 0.600000 27 0.400000
  0 -5.868930 9.379980 0.392205 -0.872866 -0.116927 0.473744 0.614413 0.678022 1 27 1.000000
  0 -5.918600 9.849280 0.485395 0.078591 0.542244 0.836537 0.610541 0.699952 1 27 1.000000
assets/textures/Ch_MutoYugi01_body_tex
  0 -6.170330 9.552880 -0.509463 -0.317552 0.097181 -0.943248 0.641142 0.812423 2 28 0.600000 27 0.400000
  0 -5.943520 9.784320 -0.401184 0.053766 0.796018 -0.602880 0.607798 0.780830 1 27 1.000000
  0 -5.894010 9.563630 -0.554724 0.103743 0.250199 -0.962620 0.608879 0.809565 1 27 1.000000
assets/textures/Ch_MutoYugi01_body_tex
  0 -6.170330 9.552880 -0.509463 -0.317552 0.097181 -0.943248 0.641142 0.812423 2 28 0.600000 27 0.400000
  0 -6.200700 9.387430 -0.386603 -0.263346 -0.827406 -0.496033 0.641363 0.829538 1 27 1.000000
  0 -6.435570 9.465170 -0.430680 -0.595432 0.110640 -0.795751 0.682180 0.810404 3 28 0.800000 27 0.140000 26 0.060000
assets/textures/Ch_MutoYugi01_body_tex
  0 -6.170330 9.552880 -0.509463 -0.317552 0.097181 -0.943248 0.641142 0.812423 2 28 0.600000 27 0.400000
  0 -5.894010 9.563630 -0.554724 0.103743 0.250199 -0.962620 0.608879 0.809565 1 27 1.000000
  0 -6.200700 9.387430 -0.386603 -0.263346 -0.827406 -0.496033 0.641363 0.829538 1 27 1.000000
assets/textures/Ch_MutoYugi01_body_tex
  0 -6.288620 9.361510 -0.366889 0.479751 -0.771901 -0.417142 0.681935 0.826699 2 28 0.600000 27 0.400000
  0 -6.435570 9.465170 -0.430680 -0.595432 0.110640 -0.795751 0.682180 0.810404 3 28 0.800000 27 0.140000 26 0.060000
  0 -6.200700 9.387430 -0.386603 -0.263346 -0.827406 -0.496033 0.641363 0.829538 1 27 1.000000
assets/textures/Ch_MutoYugi01_body_tex
  0 -6.288620 9.361510 -0.366889 0.479751 -0.771901 -0.417142 0.681935 0.826699 2 28 0.600000 27 0.400000
  0 -6.448880 8.977840 -0.256406 -0.560379 -0.400260 -0.725098 0.715242 0.807656 3 28 0.800000 27 0.130000 26 0.070000
  0 -6.435570 9.465170 -0.430680 -0.595432 0.110640 -0.795751 0.682180 0.810404 3 28 0.800000 27 0.140000 26 0.060000
assets/textures/Ch_MutoYugi01_body_tex
  0 -0.473785 9.586660 0.953571 0.227820 0.504427 0.832857 0.490470 0.639100 2 24 0.250000 13 0.750000
  0 -0.887134 9.540470 1.095540 0.227820 0.504427 0.832857 0.401764 0.639100 2 14 0.500000 13 0.500000
  0 -0.334190 9.102180 1.202390 0.227820 0.504427 0.832857 0.490470 0.505035 1 14 1.000000
assets/textures/Ch_MutoYugi01_body_tex
  0 -0.887134 9.540470 1.095540 0.227820 0.504427 0.832857 0.401764 0.639100 2 14 0.500000 13 0.500000
  0 -0.747540 9.055990 1.344360 0.227820 0.504427 0.832857 0.401764 0.505035 2 14 0.980000 13 0.020000
  0 -0.334190 9.102180 1.202390 0.227820 0.504427 0.832857 0.490470 0.505035 1 14 1.000000
assets/textures/Ch_MutoYugi01_body_tex
  0 0.492009 7.159530 1.081820 -0.977835 -0.196742 -0.071628 0.638344 0.152202 2 12 0.500000 3 0.500000
  0 0.864313 7.474430 0.907545 0.884217 -0.199820 0.422176 0.703151 0.200684 2 12 0.800000 3 0.200000
  0 0.539805 7.459000 1.125880 -0.836737 -0.226676 0.498486 0.638344 0.200684 3 13 0.300000 12 0.400000 3 0.300000
assets/textures/Ch_MutoYugi01_body_tex
  0 0.864313 7.474430 0.907545 0.884217 -0.199820 0.422176 0.703151 0.200684 2 12 0.800000 3 0.200000
  0 0.849787 7.986010 1.073110 0.541170 -0.134908 0.830021 0.677386 0.249061 3 13 0.360000 12 0.540000 3 0.100000
  0 0.539805 7.459000 1.125880 -0.836737 -0.226676 0.498486 0.638344 0.200684 3 13 0.300000 12 0.400000 3 0.300000
assets/textures/Ch_MutoYugi01_body_tex
  0 0.864313 7.474430 0.907545 0.884217 -0.199820 0.422176 0.703151 0.200684 2 12 0.800000 3 0.200000
  0 1.030510 7.986010 0.887523 0.918609 -0.283329 0.275469 0.719933 0.249061 3 13 0.500000 12 0.490000 3 0.010000
  0 0.849787 7.986010 1.073110 0.541170 -0.134908 0.830021 0.677386 0.249061 3 13 0.360000 12 0.540000 3 0.100000
assets/textures/Ch_MutoYugi01_body_tex
  0 0.864313 7.474430 0.907545 0.884217 -0.199820 0.422176 0.703151 0.200684 2 12 0.800000 3 0.200000
  0 0.995433 7.576680 0.049771 0.968383 -0.172470 -0.180244 0.792076 0.200684 2 12 0.970000 3 0.030000
  0 1.030510 7.986010 0.887523 0.918609 -0.283329 0.275469 0.719933 0.249061 3 13 0.500000 12 0.490000 3 0.010000
assets/textures/Ch_MutoYugi01_body_tex
  0 0.995433 7.576680 0.049771 0.968383 -0.172470 -0.180244 0.792076 0.200684 2 12 0.970000 3 0.030000
  0 1.113260 7.986010 0.033468 0.896821 -0.358185 -0.259644 0.791683 0.249061 2 13 0.550000 12 0.450000
  0 1.030510 7.986010 0.887523 0.918609 -0.283329 0.275469 0.719933 0.249061 3 13 0.500000 12 0.490000 3 0.010000
assets/textures/Ch_MutoYugi01_body_tex
  0 0.995433 7.576680 0.049771 0.968383 -0.172470 -0.180244 0.792076 0.200684 2 12 0.970000 3 0.030000
  0 0.692905 7.986010 -0.429627 0.417792 -0.356229 -0.835793 0.880206 0.249061 3 13 0.480000 12 0.320000 3 0.200000
  0 1.113260 7.986010 0.033468 0.896821 -0.358185 -0.259644 0.791683 0.249061 2 13 0.550000 12 0.450000
assets/textures/Ch_MutoYugi01_body_tex
  0 0.995433 7.576680 0.049771 0.968383 -0.172470 -0.180244 0.792076 0.200684 2 12 0.970000 3 0.030000
  0 0.682874 7.549180 -0.343736 0.450723 -0.148987 -0.880143 0.880206 0.200684 2 12 0.700000 3 0.300000
  0 0.692905 7.986010 -0.429627 0.417792 -0.356229 -0.835793 0.880206 0.249061 3 13 0.480000 12 0.320000 3 0.200000
assets/textures/Ch_MutoYugi01_body_tex
  0 1.113260 7.986010 0.033468 0.896821 -0.358185 -0.259644 0.791683 0.249061 2 13 0.550000 12 0.450000
  0 0.692905 7.986010 -0.429627 0.417792 -0.356229 -0.835793 0.880206 0.249061 3 13 0.480000 12 0.320000 3 0.200000
  0 1.323190 8.538200 -0.104556 0.859529 -0.351679 -0.370852 0.793799 0.295456 1 13 1.000000
assets/textures/Ch_MutoYugi01_body_tex
  0 1.113260 7.986010 0.033468 0.896821 -0.358185 -0.259644 0.791683 0.249061 2 13 0.550000 12 0.450000
  0 1.288990 8.538200 0.543550 0.952461 -0.273762 0.133688 0.747218 0.295456 1 13 1.000000
  0 1.030510 7.986010 0.887523 0.918609 -0.283329 0.275469 0.719933 0.249061 3 13 0.500000 12 0.490000 3 0.010000
assets/textures/Ch_MutoYugi01_body_tex
  0 1.113260 7.986010 0.033468 0.896821 -0.358185 -0.259644 0.791683 0.249061 2 13 0.550000 12 0.450000
  0 1.323190 8.538200 -0.104556 0.859529 -0.351679 -0.370852 0.793799 0.295456 1 13 1.000000
  0 1.288990 8.538200 0.543550 0.952461 -0.273762 0.133688 0.747218 0.295456 1 13 1.000000
assets/textures/Ch_MutoYugi01_body_tex
  0 0.682874 7.549180 -0.343736 0.450723 -0.148987 -0.880143 0.880206 0.200684 2 12 0.700000 3 0.300000
  0 0.000000 7.545940 -0.463078 0.000000 -0.151803 -0.988411 0.987163 0.200684 2 12 0.650000 3 0.350000
  0 0.692905 7.986010 -0.429627 0.417792 -0.356229 -0.835793 0.880206 0.249061 3 13 0.480000 12 0.320000 3 0.200000
assets/textures/Ch_MutoYugi01_body_tex
  0 0.932153 8.482730 1.061030 0.499059 0.073230 0.863468 0.677766 0.292437 2 13 0.980000 12 0.020000
  0 0.674862 9.018970 1.023730 -0.808837 0.057910 -0.585174 0.659934 0.346022 2 13 0.750000 12 0.250000
  0 0.585862 8.392330 1.218390 -0.833432 0.160924 0.528673 0.637122 0.279556 2 13 0.620000 12 0.380000
assets/textures/Ch_MutoYugi01_body_tex
  0 0.932153 8.482730 1.061030 0.499059 0.073230 0.863468 0.677766 0.292437 2 13 0.980000 12 0.020000
  0 1.030510 7.986010 0.887523 0.918609 -0.283329 0.275469 0.719933 0.249061 3 13 0.500000 12 0.490000 3 0.010000
  0 1.201240 8.523110 0.828929 0.884217 -0.199820 0.422176 0.715035 0.295456 3 16 0.030000 13 0.710000 12 0.260000
assets/textures/Ch_MutoYugi01_body_tex
  0 0.932153 8.482730 1.061030 0.499059 0.073230 0.863468 0.677766 0.292437 2 13 0.980000 12 0.020000
  0 0.988997 9.033450 0.895188 0.429519 0.226636 0.874157 0.691059 0.346074 1 13 1.000000
  0 0.674862 9.018970 1.023730 -0.808837 0.057910 -0.585174 0.659934 0.346022 2 13 0.750000 12 0.250000
assets/textures/Ch_MutoYugi01_body_tex
  0 0.932153 8.482730 1.061030 0.499059 0.073230 0.863468 0.677766 0.292437 2 13 0.980000 12 0.020000
  0 1.201240 8.523110 0.828929 0.884217 -0.199820 0.422176 0.715035 0.295456 3 16 0.030000 13 0.710000 12 0.260000
  0 0.988997 9.033450 0.895188 0.429519 0.226636 0.874157 0.691059 0.346074 1 13 1.000000
assets/textures/Ch_MutoYugi01_body_tex
  0 0.000000 7.545940 -0.463078 0.000000 -0.151803 -0.988411 0.987163 0.200684 2 12 0.650000 3 0.350000
  0 0.000000 7.986010 -0.544128 0.000000 -0.328352 -0.944556 0.987163 0.249061 3 13 0.480000 12 0.320000 3 0.200000
  0 0.692905 7.986010 -0.429627 0.417792 -0.356229 -0.835793 0.880206 0.249061 3 13 0.480000 12 0.320000 3 0.200000
assets/textures/Ch_MutoYugi01_body_tex
  0 0.000000 7.545940 -0.463078 0.000000 -0.151803 -0.988411 0.987163 0.200684 2 12 0.650000 3 0.350000
  0 -0.692905 7.986010 -0.429627 -0.417792 -0.356229 -0.835793 0.880206 0.249061 3 13 0.480000 12 0.320000 3 0.200000
  0 0.000000 7.986010 -0.544128 0.000000 -0.328352 -0.944556 0.987163 0.249061 3 13 0.480000 12 0.320000 3 0.200000
assets/textures/Ch_MutoYugi01_body_tex
  0 0.000000 7.545940 -0.463078 0.000000 -0.151803 -0.988411 0.987163 0.200684 2 12 0.650000 3 0.350000
  0 -0.682874 7.549180 -0.343736 -0.450723 -0.148987 -0.880143 0.880206 0.200684 2 12 0.700000 3 0.300000
  0 -0.692905 7.986010 -0.429627 -0.417792 -0.356229 -0.835793 0.880206 0.249061 3 13 0.480000 12 0.320000 3 0.200000
assets/textures/Ch_MutoYugi01_body_tex
  0 0.585862 8.392330 1.218390 -0.833432 0.160924 0.528673 0.637122 0.279556 2 13 0.620000 12 0.380000
  0 0.674862 9.018970 1.023730 -0.808837 0.057910 -0.585174 0.659934 0.346022 2 13 0.750000 12 0.250000
  0 0.876530 9.018970 1.103940 0.621948 -0.444235 -0.644854 0.629631 0.348601 1 13 1.000000
assets/textures/Ch_MutoYugi01_body_tex
  0 0.585862 8.392330 1.218390 -0.833432 0.160924 0.528673 0.637122 0.279556 2 13 0.620000 12 0.380000
  0 0.876530 9.018970 1.103940 0.621948 -0.444235 -0.644854 0.629631 0.348601 1 13 1.000000
  0 0.926782 9.018970 1.256010 0.372520 0.020315 0.927802 0.611205 0.352952 1 13 1.000000
assets/textures/Ch_MutoYugi01_body_tex
  0 0.674862 9.018970 1.023730 -0.808837 0.057910 -0.585174 0.659934 0.346022 2 13 0.750000 12 0.250000
  0 0.709389 9.286770 0.903412 -0.791600 -0.110712 -0.600926 0.667981 0.380893 2 13 0.750000 12 0.250000
  0 0.876530 9.018970 1.103940 0.621948 -0.444235 -0.644854 0.629631 0.348601 1 13 1.000000
assets/textures/Ch_MutoYugi01_body_tex
  0 -0.682874 7.549180 -0.343736 -0.450723 -0.148987 -0.880143 0.880206 0.200684 2 12 0.700000 3 0.300000
  0 -0.995433 7.576680 0.049771 -0.968383 -0.172470 -0.180244 0.792076 0.200684 2 12 0.970000 3 0.030000
  0 -0.692905 7.986010 -0.429627 -0.417792 -0.356229 -0.835793 0.880206 0.249061 3 13 0.480000 12 0.320000 3 0.200000
assets/textures/Ch_MutoYugi01_body_tex
  0 0.709389 9.286770 0.903412 -0.791600 -0.110712 -0.600926 0.667981 0.380893 2 13 0.750000 12 0.250000
  0 1.031660 9.312580 0.774505 0.438862 0.396151 0.806514 0.705315 0.385391 2 16 0.410000 13 0.590000
  0 0.773491 9.618340 0.658279 -0.959342 0.209500 0.189136 0.685116 0.431143 2 16 0.440000 13 0.560000
assets/textures/Ch_MutoYugi01_body_tex
  0 0.709389 9.286770 0.903412 -0.791600 -0.110712 -0.600926 0.667981 0.380893 2 13 0.750000 12 0.250000
  0 0.958265 9.286770 0.991177 0.504271 -0.570427 -0.648323 0.635768 0.391873 1 13 1.000000
  0 0.876530 9.018970 1.103940 0.621948 -0.444235 -0.644854 0.629631 0.348601 1 13 1.000000
assets/textures/Ch_MutoYugi01_body_tex
  0 0.709389 9.286770 0.903412 -0.791600 -0.110712 -0.600926 0.667981 0.380893 2 13 0.750000 12 0.250000
  0 0.773491 9.618340 0.658279 -0.959342 0.209500 0.189136 0.685116 0.431143 2 16 0.440000 13 0.560000
  0 1.023930 9.618340 0.775122 0.464036 -0.545717 -0.697756 0.652086 0.442925 1 13 1.000000
assets/textures/Ch_MutoYugi01_body_tex
  0 0.709389 9.286770 0.903412 -0.791600 -0.110712 -0.600926 0.667981 0.380893 2 13 0.750000 12 0.250000
  0 1.023930 9.618340 0.775122 0.464036 -0.545717 -0.697756 0.652086 0.442925 1 13 1.000000
  0 0.958265 9.286770 0.991177 0.504271 -0.570427 -0.648323 0.635768 0.391873 1 13 1.000000
assets/textures/Ch_MutoYugi01_body_tex
  0 -0.995433 7.576680 0.049771 -0.968383 -0.172470 -0.180244 0.792076 0.200684 2 12 0.970000 3 0.030000
  0 -1.113260 7.986010 0.033468 -0.896821 -0.358185 -0.259644 0.791683 0.249061 2 13 0.550000 12 0.450000
  0 -0.692905 7.986010 -0.429627 -0.417792 -0.356229 -0.835793 0.880206 0.249061 3 13 0.480000 12 0.320000 3 0.200000
assets/textures/Ch_MutoYugi01_body_tex
  0 -0.995433 7.576680 0.049771 -0.968383 -0.172470 -0.180244 0.792076 0.200684 2 12 0.970000 3 0.030000
  0 -1.030510 7.986010 0.887523 -0.918609 -0.283329 0.275469 0.719933 0.249061 3 13 0.500000 12 0.490000 3 0.010000
  0 -1.113260 7.986010 0.033468 -0.896821 -0.358185 -0.259644 0.791683 0.249061 2 13 0.550000 12 0.450000
assets/textures/Ch_MutoYugi01_body_tex
  0 -0.995433 7.576680 0.049771 -0.968383 -0.172470 -0.180244 0.792076 0.200684 2 12 0.970000 3 0.030000
  0 -0.864313 7.474430 0.907545 -0.884217 -0.199820 0.422176 0.703151 0.200684 2 12 0.800000 3 0.200000
  0 -1.030510 7.986010 0.887523 -0.918609 -0.283329 0.275469 0.719933 0.249061 3 13 0.500000 12 0.490000 3 0.010000
assets/textures/Ch_MutoYugi01_body_tex
  0 0.773491 9.618340 0.658279 -0.959342 0.209500 0.189136 0.685116 0.431143 2 16 0.440000 13 0.560000
  0 1.031660 9.312580 0.774505 0.438862 0.396151 0.806514 0.705315 0.385391 2 16 0.410000 13 0.590000
  0 1.083860 9.558640 0.584219 0.445456 0.442847 0.778110 0.715035 0.422762 2 16 0.550000 13 0.450000
assets/textures/Ch_MutoYugi01_body_tex
  0 1.031660 9.312580 0.774505 0.438862 0.396151 0.806514 0.705315 0.385391 2 16 0.410000 13 0.590000
  0 1.198760 9.588250 0.544136 0.248105 0.252949 0.935126 0.746158 0.427855 2 17 0.390000 16 0.610000
  0 1.083860 9.558640 0.584219 0.445456 0.442847 0.778110 0.715035 0.422762 2 16 0.550000 13 0.450000
assets/textures/Ch_MutoYugi01_body_tex
  0 0.773491 9.618340 0.658279 -0.959342 0.209500 0.189136 0.685116 0.431143 2 16 0.440000 13 0.560000
  0 1.083860 9.558640 0.584219 0.445456 0.442847 0.778110 0.715035 0.422762 2 16 0.550000 13 0.450000
  0 0.968331 9.881280 0.369025 0.982769 -0.173858 0.062755 0.708581 0.464703 2 16 0.470000 13 0.530000
assets/textures/Ch_MutoYugi01_body_tex
  0 0.000000 8.538200 -0.784378 0.000000 -0.226990 -0.973897 0.987163 0.295456 2 13 0.620000 12 0.380000
  0 -0.724755 9.154460 -0.698298 -0.140198 0.088536 -0.986157 0.880206 0.351133 1 13 1.000000
  0 0.000000 9.133160 -0.826101 0.000000 0.075886 -0.997117 0.987163 0.351133 1 13 1.000000
assets/textures/Ch_MutoYugi01_body_tex
  0 0.000000 8.538200 -0.784378 0.000000 -0.226990 -0.973897 0.987163 0.295456 2 13 0.620000 12 0.380000
  0 -0.692905 7.986010 -0.429627 -0.417792 -0.356229 -0.835793 0.880206 0.249061 3 13 0.480000 12 0.320000 3 0.200000
  0 -0.851605 8.538200 -0.663372 -0.411656 -0.307479 -0.857902 0.865882 0.295456 1 13 1.000000
assets/textures/Ch_MutoYugi01_body_tex
  0 0.000000 8.538200 -0.784378 0.000000 -0.226990 -0.973897 0.987163 0.295456 2 13 0.620000 12 0.380000
  0 -0.851605 8.538200 -0.663372 -0.411656 -0.307479 -0.857902 0.865882 0.295456 1 13 1.000000
  0 -0.724755 9.154460 -0.698298 -0.140198 0.088536 -0.986157 0.880206 0.351133 1 13 1.000000
assets/textures/Ch_MutoYugi01_body_tex
  0 1.047760 9.790050 -0.509022 -0.039229 0.495901 -0.867492 0.820481 0.401481 2 16 0.530000 13 0.470000
  0 0.656148 9.779870 -0.606227 0.133408 0.199552 -0.970763 0.880206 0.401481 1 13 1.000000
  0 0.593216 9.921940 -0.577479 0.206511 0.463112 -0.861905 0.881909 0.425725 1 13 1.000000
assets/textures/Ch_MutoYugi01_body_tex
  0 1.047760 9.790050 -0.509022 -0.039229 0.495901 -0.867492 0.820481 0.401481 2 16 0.530000 13 0.470000
  0 0.593216 9.921940 -0.577479 0.206511 0.463112 -0.861905 0.881909 0.425725 1 13 1.000000
  0 0.797114 9.988790 -0.282476 0.349804 0.764498 -0.541461 0.863075 0.469347 1 13 1.000000
assets/textures/Ch_MutoYugi01_body_tex
  0 1.047760 9.790050 -0.509022 -0.039229 0.495901 -0.867492 0.820481 0.401481 2 16 0.530000 13 0.470000
  0 0.797114 9.988790 -0.282476 0.349804 0.764498 -0.541461 0.863075 0.469347 1 13 1.000000
  0 1.197660 10.035100 -0.090246 -0.005816 0.999475 -0.031873 0.818458 0.490344 2 16 0.400000 13 0.600000
assets/textures/Ch_MutoYugi01_body_tex
  0 -1.113260 7.986010 0.033468 -0.896821 -0.358185 -0.259644 0.791683 0.249061 2 13 0.550000 12 0.450000
  0 -1.030510 7.986010 0.887523 -0.918609 -0.283329 0.275469 0.719933 0.249061 3 13 0.500000 12 0.490000 3 0.010000
  0 -1.288990 8.538200 0.543550 -0.952461 -0.273762 0.133688 0.747218 0.295456 1 13 1.000000
assets/textures/Ch_MutoYugi01_body_tex
  0 -1.113260 7.986010 0.033468 -0.896821 -0.358185 -0.259644 0.791683 0.249061 2 13 0.550000 12 0.450000
  0 -1.323190 8.538200 -0.104556 -0.859529 -0.351679 -0.370852 0.793799 0.295456 1 13 1.000000
  0 -0.692905 7.986010 -0.429627 -0.417792 -0.356229 -0.835793 0.880206 0.249061 3 13 0.480000 12 0.320000 3 0.200000
assets/textures/Ch_MutoYugi01_body_tex
  0 -1.113260 7.986010 0.033468 -0.896821 -0.358185 -0.259644 0.791683 0.249061 2 13 0.550000 12 0.450000
  0 -1.288990 8.538200 0.543550 -0.952461 -0.273762 0.133688 0.747218 0.295456 1 13 1.000000
  0 -1.323190 8.538200 -0.104556 -0.859529 -0.351679 -0.370852 0.793799 0.295456 1 13 1.000000
assets/textures/Ch_MutoYugi01_body_tex
  0 -0.864313 7.474430 0.907545 -0.884217 -0.199820 0.422176 0.703151 0.200684 2 12 0.800000 3 0.200000
  0 -0.849787 7.986010 1.073110 -0.541170 -0.134908 0.830021 0.677386 0.249061 3 13 0.360000 12 0.540000 3 0.100000
  0 -1.030510 7.986010 0.887523 -0.918609 -0.283329 0.275469 0.719933 0.249061 3 13 0.500000 12 0.490000 3 0.010000
assets/textures/Ch_MutoYugi01_body_tex
  0 -0.864313 7.474430 0.907545 -0.884217 -0.199820 0.422176 0.703151 0.200684 2 12 0.800000 3 0.200000
  0 -0.539805 7.459000 1.125880 0.836737 -0.226673 0.498489 0.638344 0.200684 3 13 0.300000 12 0.400000 3 0.300000
  0 -0.849787 7.986010 1.073110 -0.541170 -0.134908 0.830021 0.677386 0.249061 3 13 0.360000 12 0.540000 3 0.100000
assets/textures/Ch_MutoYugi01_body_tex
  0 -0.864313 7.474430 0.907545 -0.884217 -0.199820 0.422176 0.703151 0.200684 2 12 0.800000 3 0.200000
  0 -0.492009 7.159530 1.081820 0.977815 -0.196880 -0.071526 0.638344 0.152202 2 12 0.500000 3 0.500000
  0 -0.539805 7.459000 1.125880 0.836737 -0.226673 0.498489 0.638344 0.200684 3 13 0.300000 12 0.400000 3 0.300000
assets/textures/Ch_MutoYugi01_body_tex
  0 1.083860 9.558640 0.584219 0.445456 0.442847 0.778110 0.715035 0.422762 2 16 0.550000 13 0.450000
  0 1.198760 9.588250 0.544136 0.248105 0.252949 0.935126 0.746158 0.427855 2 17 0.390000 16 0.610000
  0 1.106140 9.786500 0.360362 -0.137546 0.816366 0.560917 0.738101 0.464703 2 16 0.610000 13 0.390000
assets/textures/Ch_MutoYugi01_body_tex
  0 0.968331 9.881280 0.369025 0.982769 -0.173858 0.062755 0.708581 0.464703 2 16 0.470000 13 0.530000
  0 1.083860 9.558640 0.584219 0.445456 0.442847 0.778110 0.715035 0.422762 2 16 0.550000 13 0.450000
  0 1.106140 9.786500 0.360362 -0.137546 0.816366 0.560917 0.738101 0.464703 2 16 0.610000 13 0.390000
assets/textures/Ch_MutoYugi01_body_tex
  0 0.968331 9.881280 0.369025 0.982769 -0.173858 0.062755 0.708581 0.464703 2 16 0.470000 13 0.530000
  0 1.106140 9.786500 0.360362 -0.137546 0.816366 0.560917 0.738101 0.464703 2 16 0.610000 13 0.390000
  0 0.970894 10.076300 -0.057915 0.901966 0.080390 -0.424259 0.708581 0.491651 1 13 1.000000
assets/textures/Ch_MutoYugi01_body_tex
  0 -1.184470 9.175490 -0.650376 -0.290054 -0.146905 -0.945668 0.820481 0.354313 2 25 0.460000 24 0.540000
  0 -0.851605 8.538200 -0.663372 -0.411656 -0.307479 -0.857902 0.865882 0.295456 1 13 1.000000
  0 -1.404230 8.794090 -0.090219 -0.844849 -0.475971 -0.244297 0.793799 0.332577 1 13 1.000000
assets/textures/Ch_MutoYugi01_body_tex
  0 -0.656148 9.779870 -0.606227 -0.133408 0.199552 -0.970763 0.880206 0.401481 2 24 0.500000 13 0.500000
  0 -1.047760 9.790050 -0.509022 0.039229 0.495901 -0.867493 0.820481 0.401481 2 24 0.530000 13 0.470000
  0 -0.593216 9.921940 -0.577479 -0.206511 0.463112 -0.861905 0.881909 0.425725 2 24 0.500000 13 0.500000
assets/textures/Ch_MutoYugi01_body_tex
  0 -1.361080 9.148800 0.531495 -0.724092 -0.161784 0.670461 0.762722 0.376154 2 24 0.330000 13 0.670000
  0 -1.201240 8.523110 0.828929 -0.884217 -0.199820 0.422176 0.715035 0.295456 3 24 0.030000 13 0.710000 12 0.260000
  0 -1.164610 9.056170 0.811175 -0.660470 0.174688 0.730248 0.714733 0.347281 1 13 1.000000
assets/textures/Ch_MutoYugi01_body_tex
  0 -1.361080 9.148800 0.531495 -0.724092 -0.161784 0.670461 0.762722 0.376154 2 24 0.330000 13 0.670000
  0 -1.164610 9.056170 0.811175 -0.660470 0.174688 0.730248 0.714733 0.347281 1 13 1.000000
  0 -1.031660 9.312580 0.774505 -0.438862 0.396151 0.806514 0.705315 0.385391 2 24 0.410000 13 0.590000
assets/textures/Ch_MutoYugi01_body_tex
  0 -1.361080 9.148800 0.531495 -0.724092 -0.161784 0.670461 0.762722 0.376154 2 24 0.330000 13 0.670000
  0 -1.031660 9.312580 0.774505 -0.438862 0.396151 0.806514 0.705315 0.385391 2 24 0.410000 13 0.590000
  0 -1.198760 9.588250 0.544136 -0.248105 0.252949 0.935126 0.746158 0.427855 2 25 0.390000 24 0.610000
assets/textures/Ch_MutoYugi01_body_tex
  0 -1.047760 9.790050 -0.509022 0.039229 0.495901 -0.867493 0.820481 0.401481 2 24 0.530000 13 0.470000
  0 -0.797114 9.988790 -0.282476 -0.349803 0.764497 -0.541463 0.863075 0.469347 2 24 0.500000 13 0.500000
  0 -0.593216 9.921940 -0.577479 -0.206511 0.463112 -0.861905 0.881909 0.425725 2 24 0.500000 13 0.500000
assets/textures/Ch_MutoYugi01_body_tex
  0 -1.047760 9.790050 -0.509022 0.039229 0.495901 -0.867493 0.820481 0.401481 2 24 0.530000 13 0.470000
  0 -1.197660 10.035100 -0.090246 0.007378 0.999468 -0.031767 0.818458 0.490344 2 24 0.400000 13 0.600000
  0 -0.797114 9.988790 -0.282476 -0.349803 0.764497 -0.541463 0.863075 0.469347 2 24 0.500000 13 0.500000
assets/textures/Ch_MutoYugi01_body_tex
  0 -0.593216 9.921940 -0.577479 -0.206511 0.463112 -0.861905 0.881909 0.425725 2 24 0.500000 13 0.500000
  0 -0.797114 9.988790 -0.282476 -0.349803 0.764497 -0.541463 0.863075 0.469347 2 24 0.500000 13 0.500000
  0 -0.630072 10.150000 -0.423284 -0.497200 0.045910 -0.866421 0.918551 0.469027 3 24 0.120000 21 0.010000 13 0.870000
assets/textures/Ch_MutoYugi01_body_tex
  0 -0.932153 8.482730 1.061030 -0.499059 0.073230 0.863468 0.677766 0.292437 2 13 0.980000 12 0.020000
  0 -0.674862 9.018970 1.023730 0.808838 0.057913 -0.585173 0.659934 0.346022 1 13 1.000000
  0 -0.988997 9.033450 0.895188 -0.429519 0.226636 0.874157 0.691059 0.346074 1 13 1.000000
assets/textures/Ch_MutoYugi01_body_tex
  0 -1.198760 9.588250 0.544136 -0.248105 0.252949 0.935126 0.746158 0.427855 2 25 0.390000 24 0.610000
  0 -1.031660 9.312580 0.774505 -0.438862 0.396151 0.806514 0.705315 0.385391 2 24 0.410000 13 0.590000
  0 -1.083860 9.558640 0.584219 -0.445456 0.442847 0.778110 0.715035 0.422762 2 24 0.540000 13 0.460000
assets/textures/Ch_MutoYugi01_body_tex
  0 -1.198760 9.588250 0.544136 -0.248105 0.252949 0.935126 0.746158 0.427855 2 25 0.390000 24 0.610000
  0 -1.083860 9.558640 0.584219 -0.445456 0.442847 0.778110 0.715035 0.422762 2 24 0.540000 13 0.460000
  0 -1.106140 9.786500 0.360362 0.137544 0.816366 0.560918 0.738101 0.464703 2 24 0.610000 13 0.390000
assets/textures/Ch_MutoYugi01_body_tex
  0 -1.197660 10.035100 -0.090246 0.007378 0.999468 -0.031767 0.818458 0.490344 2 24 0.400000 13 0.600000
  0 -0.970894 10.076300 -0.057915 -0.901967 0.080390 -0.424257 0.861072 0.490344 3 24 0.450000 21 0.020000 13 0.530000
  0 -0.797114 9.988790 -0.282476 -0.349803 0.764497 -0.541463 0.863075 0.469347 2 24 0.500000 13 0.500000
assets/textures/Ch_MutoYugi01_body_tex
  0 -1.083860 9.558640 0.584219 -0.445456 0.442847 0.778110 0.715035 0.422762 2 24 0.540000 13 0.460000
  0 -0.968327 9.881280 0.369025 -0.980726 -0.186164 0.059328 0.708581 0.464703 2 24 0.470000 13 0.530000
  0 -1.106140 9.786500 0.360362 0.137544 0.816366 0.560918 0.738101 0.464703 2 24 0.610000 13 0.390000
assets/textures/Ch_MutoYugi01_body_tex
  0 -1.083860 9.558640 0.584219 -0.445456 0.442847 0.778110 0.715035 0.422762 2 24 0.540000 13 0.460000
  0 -0.773491 9.618340 0.658279 0.955384 0.223279 0.193362 0.685116 0.431143 2 24 0.340000 13 0.660000
  0 -0.968327 9.881280 0.369025 -0.980726 -0.186164 0.059328 0.708581 0.464703 2 24 0.470000 13 0.530000
assets/textures/Ch_MutoYugi01_body_tex
  0 -1.083860 9.558640 0.584219 -0.445456 0.442847 0.778110 0.715035 0.422762 2 24 0.540000 13 0.460000
  0 -1.031660 9.312580 0.774505 -0.438862 0.396151 0.806514 0.705315 0.385391 2 24 0.410000 13 0.590000
  0 -0.773491 9.618340 0.658279 0.955384 0.223279 0.193362 0.685116 0.431143 2 24 0.340000 13 0.660000
assets/textures/Ch_MutoYugi01_body_tex
  0 -1.031660 9.312580 0.774505 -0.438862 0.396151 0.806514 0.705315 0.385391 2 24 0.410000 13 0.590000
  0 -0.709389 9.286770 0.903412 0.791602 -0.110710 -0.600924 0.667981 0.380893 3 24 0.260000 13 0.700000 12 0.040000
  0 -0.773491 9.618340 0.658279 0.955384 0.223279 0.193362 0.685116 0.431143 2 24 0.340000 13 0.660000
assets/textures/Ch_MutoYugi01_body_tex
  0 -1.106140 9.786500 0.360362 0.137544 0.816366 0.560918 0.738101 0.464703 2 24 0.610000 13 0.390000
  0 -0.968327 9.881280 0.369025 -0.980726 -0.186164 0.059328 0.708581 0.464703 2 24 0.470000 13 0.530000
  0 -0.970894 10.076300 -0.057915 -0.901967 0.080390 -0.424257 0.708581 0.491651 3 24 0.450000 21 0.020000 13 0.530000
assets/textures/Ch_MutoYugi01_body_tex
  0 -1.106140 9.786500 0.360362 0.137544 0.816366 0.560918 0.738101 0.464703 2 24 0.610000 13 0.390000
  0 -0.970894 10.076300 -0.057915 -0.901967 0.080390 -0.424257 0.708581 0.491651 3 24 0.450000 21 0.020000 13 0.530000
  0 -1.197660 10.035100 -0.090246 0.007378 0.999468 -0.031767 0.738101 0.491651 2 24 0.400000 13 0.600000
assets/textures/Ch_MutoYugi01_body_tex
  0 -0.773491 9.618340 0.658279 0.955384 0.223279 0.193362 0.685116 0.431143 2 24 0.340000 13 0.660000
  0 -0.709389 9.286770 0.903412 0.791602 -0.110710 -0.600924 0.667981 0.380893 3 24 0.260000 13 0.700000 12 0.040000
  0 -1.023930 9.618340 0.775122 -0.464036 -0.545717 -0.697756 0.652086 0.442925 1 13 1.000000
assets/textures/Ch_MutoYugi01_body_tex
  0 -0.650212 7.554080 -0.329140 0.444142 0.118383 0.888101 0.857987 0.520116 2 12 0.700000 3 0.300000
  0 0.000000 7.550870 -0.438798 0.000000 0.126941 0.991910 0.857787 0.581353 2 12 0.660000 3 0.340000
  0 -0.650396 7.985370 -0.403319 0.419981 0.349678 0.837461 0.893468 0.521900 3 13 0.440000 12 0.360000 3 0.200000
assets/textures/Ch_MutoYugi01_body_tex
  0 0.000000 7.550870 -0.438798 0.000000 0.126941 0.991910 0.857787 0.581353 2 12 0.660000 3 0.340000
  0 0.000000 7.985370 -0.506536 0.000000 0.326361 0.945245 0.893569 0.582605 3 13 0.390000 12 0.410000 3 0.200000
  0 -0.650396 7.985370 -0.403319 0.419981 0.349678 0.837461 0.893468 0.521900 3 13 0.440000 12 0.360000 3 0.200000
assets/textures/Ch_MutoYugi01_body_tex
  0 0.000000 7.550870 -0.438798 0.000000 0.126941 0.991910 0.857787 0.581353 2 12 0.660000 3 0.340000
  0 0.650396 7.985370 -0.403319 -0.419980 0.349678 0.837462 0.893468 0.521900 3 13 0.440000 12 0.360000 3 0.200000
  0 0.000000 7.985370 -0.506536 0.000000 0.326361 0.945245 0.893569 0.582605 3 13 0.390000 12 0.410000 3 0.200000
assets/textures/Ch_MutoYugi01_body_tex
  0 0.000000 7.550870 -0.438798 0.000000 0.126941 0.991910 0.857787 0.581353 2 12 0.660000 3 0.340000
  0 0.650212 7.554080 -0.329140 -0.444142 0.118383 0.888101 0.857987 0.520116 2 12 0.700000 3 0.300000
  0 0.650396 7.985370 -0.403319 -0.419980 0.349678 0.837462 0.893468 0.521900 3 13 0.440000 12 0.360000 3 0.200000
assets/textures/Ch_MutoYugi01_body_tex
  0 -1.056810 7.985370 0.038650 0.900918 0.334906 0.276016 0.894131 0.599624 2 13 0.580000 12 0.420000
  0 -0.650396 7.985370 -0.403319 0.419981 0.349678 0.837461 0.987100 0.599624 3 13 0.440000 12 0.360000 3 0.200000
  0 -1.257430 8.531060 -0.101360 0.857038 0.366195 0.362473 0.894131 0.506655 1 13 1.000000
assets/textures/Ch_MutoYugi01_body_tex
  0 -1.056810 7.985370 0.038650 0.900918 0.334906 0.276016 1.898410 0.601171 2 13 0.580000 12 0.420000
  0 -0.999534 7.985370 0.863108 0.930404 0.262059 -0.256267 1.891790 0.515408 2 13 0.520000 12 0.480000
  0 -0.966815 7.581350 0.050320 0.970905 0.139886 0.194357 1.860840 0.595917 2 13 0.380000 12 0.620000
assets/textures/Ch_MutoYugi01_body_tex
  0 -0.999534 7.985370 0.863108 0.930404 0.262059 -0.256267 1.891790 0.515408 2 13 0.520000 12 0.480000
  0 -0.846617 7.479990 0.868927 0.904876 0.169795 -0.390346 1.843220 0.508074 2 12 0.600000 3 0.400000
  0 -0.966815 7.581350 0.050320 0.970905 0.139886 0.194357 1.860840 0.595917 2 13 0.380000 12 0.620000
assets/textures/Ch_MutoYugi01_body_tex
  0 -0.846617 7.479990 0.868927 0.904876 0.169795 -0.390346 1.843220 0.508074 2 12 0.600000 3 0.400000
  0 -0.877300 7.192640 0.780477 0.869801 -0.298347 -0.392983 1.815180 0.516929 2 12 0.520000 3 0.480000
  0 -0.966815 7.581350 0.050320 0.970905 0.139886 0.194357 1.860840 0.595917 2 13 0.380000 12 0.620000
assets/textures/Ch_MutoYugi01_body_tex
  0 -0.877300 7.192640 0.780477 0.869801 -0.298347 -0.392983 1.815180 0.516929 2 12 0.520000 3 0.480000
  0 -0.986257 7.258950 0.041207 0.941674 -0.291922 0.167427 1.828850 0.599375 2 12 0.530000 3 0.470000
  0 -0.966815 7.581350 0.050320 0.970905 0.139886 0.194357 1.860840 0.595917 2 13 0.380000 12 0.620000
assets/textures/Ch_MutoYugi01_body_tex
  0 -0.999534 7.985370 0.863108 0.930404 0.262059 -0.256267 0.887590 -0.400792 2 13 0.520000 12 0.480000
  0 -0.830614 7.985370 1.039240 0.599034 0.134177 -0.789401 0.887590 -0.433841 3 13 0.450000 12 0.450000 3 0.100000
  0 -0.846617 7.479990 0.868927 0.904876 0.169795 -0.390346 0.835634 -0.400792 2 12 0.600000 3 0.400000
assets/textures/Ch_MutoYugi01_body_tex
  0 -0.846617 7.479990 0.868927 0.904876 0.169795 -0.390346 0.835634 -0.400792 2 12 0.600000 3 0.400000
  0 -0.539805 7.459000 1.125880 0.836737 -0.226673 0.498489 0.891114 -0.483812 3 13 0.300000 12 0.400000 3 0.300000
  0 -0.492009 7.159530 1.081820 0.977815 -0.196880 -0.071526 0.860581 -0.483812 2 12 0.500000 3 0.500000
assets/textures/Ch_MutoYugi01_body_tex
  0 -1.056810 7.985370 0.038650 0.900918 0.334906 0.276016 -0.053514 0.506018 2 13 0.580000 12 0.420000
  0 -0.966815 7.581350 0.050320 0.970905 0.139886 0.194357 -0.128091 0.506018 2 13 0.380000 12 0.620000
  0 -0.650396 7.985370 -0.403319 0.419981 0.349678 0.837461 -0.053336 0.603154 3 13 0.440000 12 0.360000 3 0.200000
assets/textures/Ch_MutoYugi01_body_tex
  0 -0.966815 7.581350 0.050320 0.970905 0.139886 0.194357 -0.128091 0.506018 2 13 0.380000 12 0.620000
  0 -0.650212 7.554080 -0.329140 0.444142 0.118383 0.888101 -0.130271 0.603154 2 12 0.700000 3 0.300000
  0 -0.650396 7.985370 -0.403319 0.419981 0.349678 0.837461 -0.053336 0.603154 3 13 0.440000 12 0.360000 3 0.200000
assets/textures/Ch_MutoYugi01_body_tex
  0 -0.966815 7.581350 0.050320 0.970905 0.139886 0.194357 -0.128091 0.506018 2 13 0.380000 12 0.620000
  0 -0.688135 7.252000 -0.254619 0.474213 -0.205409 0.856113 -0.182231 0.603154 2 12 0.530000 3 0.470000
  0 -0.650212 7.554080 -0.329140 0.444142 0.118383 0.888101 -0.130271 0.603154 2 12 0.700000 3 0.300000
assets/textures/Ch_MutoYugi01_body_tex
  0 -0.966815 7.581350 0.050320 0.970905 0.139886 0.194357 -0.128091 0.506018 2 13 0.380000 12 0.620000
  0 -0.986257 7.258950 0.041207 0.941674 -0.291922 0.167427 -0.181803 0.506018 2 12 0.530000 3 0.470000
  0 -0.688135 7.252000 -0.254619 0.474213 -0.205409 0.856113 -0.182231 0.603154 2 12 0.530000 3 0.470000
assets/textures/Ch_MutoYugi01_body_tex
  0 -1.165300 8.519950 0.809267 0.893491 0.195119 -0.404478 0.894131 0.599624 2 13 0.720000 12 0.280000
  0 -0.999534 7.985370 0.863108 0.930404 0.262059 -0.256267 0.987100 0.599624 2 13 0.520000 12 0.480000
  0 -1.223630 8.531060 0.538923 0.954827 0.276456 -0.108987 0.894131 0.506655 1 13 1.000000
assets/textures/Ch_MutoYugi01_body_tex
  0 -0.999534 7.985370 0.863108 0.930404 0.262059 -0.256267 0.987100 0.599624 2 13 0.520000 12 0.480000
  0 -1.056810 7.985370 0.038650 0.900918 0.334906 0.276016 0.987100 0.506655 2 13 0.580000 12 0.420000
  0 -1.223630 8.531060 0.538923 0.954827 0.276456 -0.108987 0.894131 0.506655 1 13 1.000000
assets/textures/Ch_MutoYugi01_body_tex
  0 -0.791530 8.531060 -0.653431 0.400642 0.309465 0.862391 0.894131 0.506655 2 24 0.270000 13 0.730000
  0 -0.716007 9.139890 -0.670011 0.129046 -0.086764 0.987836 0.987100 0.599624 2 24 0.410000 13 0.590000
  0 -1.164520 9.160660 -0.614906 0.316464 0.181226 0.931133 0.987100 0.506655 2 25 0.450000 24 0.550000
assets/textures/Ch_MutoYugi01_body_tex
  0 -1.743340 8.974580 -0.086344 0.418947 0.904694 -0.077544 0.987100 0.506655 2 25 0.800000 24 0.200000
  0 -1.765170 9.288720 0.359303 0.325297 0.472720 -0.818974 0.894131 0.506655 2 25 0.690000 24 0.310000
  0 -1.323350 9.159620 0.507700 0.691803 0.316434 -0.649060 0.894131 0.599624 2 24 0.500000 13 0.500000
assets/textures/Ch_MutoYugi01_body_tex
  0 -1.743340 8.974580 -0.086344 0.418947 0.904694 -0.077544 0.987100 0.506655 2 25 0.800000 24 0.200000
  0 -1.364580 8.820700 -0.086344 0.815328 0.559963 0.147251 0.894131 0.506655 1 13 1.000000
  0 -1.533670 9.159360 -0.630169 0.262322 0.496285 0.827580 0.894131 0.599624 2 25 0.500000 24 0.500000
assets/textures/Ch_MutoYugi01_body_tex
  0 -1.743340 8.974580 -0.086344 0.418947 0.904694 -0.077544 0.987100 0.506655 2 25 0.800000 24 0.200000
  0 -1.533670 9.159360 -0.630169 0.262322 0.496285 0.827580 0.894131 0.599624 2 25 0.500000 24 0.500000
  0 -1.765170 9.288720 -0.531990 0.351374 0.474241 0.807237 0.987100 0.599624 2 25 0.610000 24 0.390000
assets/textures/Ch_MutoYugi01_body_tex
  0 -1.765170 9.288720 0.359303 0.325297 0.472720 -0.818974 0.894131 0.506655 2 25 0.690000 24 0.310000
  0 -1.743340 8.974580 -0.086344 0.418947 0.904694 -0.077544 0.894131 0.599624 2 25 0.800000 24 0.200000
  0 -2.113760 9.140920 -0.086344 0.318040 0.948077 0.000000 0.987100 0.599624 2 25 0.910000 24 0.090000
assets/textures/Ch_MutoYugi01_body_tex
  0 -1.765170 9.288720 0.359303 0.325297 0.472720 -0.818974 0.894131 0.506655 2 25 0.690000 24 0.310000
  0 -2.113760 9.140920 -0.086344 0.318040 0.948077 0.000000 0.987100 0.599624 2 25 0.910000 24 0.090000
  0 -2.095140 9.363460 0.300267 0.308940 0.489631 -0.815364 0.987100 0.506655 2 25 0.950000 24 0.050000
assets/textures/Ch_MutoYugi01_body_tex
  0 -1.323350 9.159620 0.507700 0.691803 0.316434 -0.649060 0.894131 0.599624 2 24 0.500000 13 0.500000
  0 -1.765170 9.288720 0.359303 0.325297 0.472720 -0.818974 0.987100 0.599624 2 25 0.690000 24 0.310000
  0 -1.453640 9.950020 0.457481 0.157623 -0.653004 -0.740770 0.894131 0.506655 2 25 0.500000 24 0.500000
assets/textures/Ch_MutoYugi01_body_tex
  0 -1.323350 9.159620 0.507700 0.691803 0.316434 -0.649060 0.894131 0.599624 2 24 0.500000 13 0.500000
  0 -1.184290 9.568430 0.539502 0.291767 -0.238480 -0.926282 0.987100 0.599624 2 25 0.380000 24 0.620000
  0 -1.019210 9.296100 0.767090 0.476800 -0.383070 -0.791151 0.894131 0.506655 2 24 0.400000 13 0.600000
assets/textures/Ch_MutoYugi01_body_tex
  0 -1.765170 9.288720 0.359303 0.325297 0.472720 -0.818974 0.987100 0.599624 2 25 0.690000 24 0.310000
  0 -1.808830 9.738340 0.359303 0.163174 -0.392000 -0.905379 0.987100 0.506655 2 25 0.780000 24 0.220000
  0 -1.453640 9.950020 0.457481 0.157623 -0.653004 -0.740770 0.894131 0.506655 2 25 0.500000 24 0.500000
assets/textures/Ch_MutoYugi01_body_tex
  0 -1.184290 9.568430 0.539502 0.291767 -0.238480 -0.926282 0.987100 0.599624 2 25 0.380000 24 0.620000
  0 -1.070780 9.539180 0.579101 0.473349 -0.456426 -0.753403 0.987100 0.506655 2 24 0.530000 13 0.470000
  0 -1.019210 9.296100 0.767090 0.476800 -0.383070 -0.791151 0.894131 0.506655 2 24 0.400000 13 0.600000
assets/textures/Ch_MutoYugi01_body_tex
  0 -1.533670 9.159360 -0.630169 0.262322 0.496285 0.827580 0.987100 0.506655 2 25 0.500000 24 0.500000
  0 -1.164520 9.160660 -0.614906 0.316464 0.181226 0.931133 0.894131 0.506655 2 25 0.450000 24 0.550000
  0 -1.453640 9.949800 -0.630169 0.046053 -0.683482 0.728514 0.987100 0.599624 3 25 0.400000 24 0.400000 13 0.200000
assets/textures/Ch_MutoYugi01_body_tex
  0 -1.453640 9.950020 0.457481 0.157623 -0.653004 -0.740770 0.894131 0.506655 2 25 0.500000 24 0.500000
  0 -1.092780 9.764290 0.357946 -0.138395 -0.892366 -0.429569 0.987100 0.599624 2 24 0.610000 13 0.390000
  0 -1.184290 9.568430 0.539502 0.291767 -0.238480 -0.926282 0.987100 0.506655 2 25 0.380000 24 0.620000
assets/textures/Ch_MutoYugi01_body_tex
  0 -1.453640 9.950020 0.457481 0.157623 -0.653004 -0.740770 0.894131 0.506655 2 25 0.500000 24 0.500000
  0 -1.424050 9.999840 -0.086344 0.060263 -0.998174 -0.004041 0.987100 0.599624 3 25 0.630000 24 0.170000 13 0.200000
  0 -1.092780 9.764290 0.357946 -0.138395 -0.892366 -0.429569 0.987100 0.506655 2 24 0.610000 13 0.390000
assets/textures/Ch_MutoYugi01_body_tex
  0 -1.070780 9.539180 0.579101 0.473349 -0.456426 -0.753403 0.987100 0.506655 2 24 0.530000 13 0.470000
  0 -1.184290 9.568430 0.539502 0.291767 -0.238480 -0.926282 0.894131 0.506655 2 25 0.380000 24 0.620000
  0 -1.092780 9.764290 0.357946 -0.138395 -0.892366 -0.429569 0.987100 0.599624 2 24 0.610000 13 0.390000
assets/textures/Ch_MutoYugi01_body_tex
  0 -1.070780 9.539180 0.579101 0.473349 -0.456426 -0.753403 0.987100 0.506655 2 24 0.530000 13 0.470000
  0 -1.092780 9.764290 0.357946 -0.138395 -0.892366 -0.429569 0.894131 0.506655 2 24 0.610000 13 0.390000
  0 -0.868491 9.821090 0.356552 0.976567 0.211540 0.039606 0.987100 0.599624 2 24 0.520000 13 0.480000
assets/textures/Ch_MutoYugi01_body_tex
  0 -1.070780 9.539180 0.579101 0.473349 -0.456426 -0.753403 0.987100 0.506655 2 24 0.530000 13 0.470000
  0 -0.773491 9.618340 0.658279 0.955384 0.223279 0.193362 0.894131 0.506655 2 24 0.340000 13 0.660000
  0 -1.019210 9.296100 0.767090 0.476800 -0.383070 -0.791151 0.987100 0.599624 2 24 0.400000 13 0.600000
assets/textures/Ch_MutoYugi01_body_tex
  0 -1.164520 9.160660 -0.614906 0.316464 0.181226 0.931133 0.894131 0.506655 2 25 0.450000 24 0.550000
  0 -0.716007 9.139890 -0.670011 0.129046 -0.086764 0.987836 0.894131 0.599624 2 24 0.410000 13 0.590000
  0 -1.035120 9.767800 -0.500944 0.002203 -0.505658 0.862731 0.987100 0.506655 2 24 0.530000 13 0.470000
assets/textures/Ch_MutoYugi01_body_tex
  0 -1.164520 9.160660 -0.614906 0.316464 0.181226 0.931133 0.894131 0.506655 2 25 0.450000 24 0.550000
  0 -1.035120 9.767800 -0.500944 0.002203 -0.505658 0.862731 0.987100 0.599624 2 24 0.530000 13 0.470000
  0 -1.453640 9.949800 -0.630169 0.046053 -0.683482 0.728514 0.987100 0.506655 3 25 0.400000 24 0.400000 13 0.200000
assets/textures/Ch_MutoYugi01_body_tex
  0 -1.184290 9.568430 0.539502 0.291767 -0.238480 -0.926282 0.987100 0.506655 2 25 0.380000 24 0.620000
  0 -1.323350 9.159620 0.507700 0.691803 0.316434 -0.649060 0.894131 0.506655 2 24 0.500000 13 0.500000
  0 -1.453640 9.950020 0.457481 0.157623 -0.653004 -0.740770 0.987100 0.599624 2 25 0.500000 24 0.500000
assets/textures/Ch_MutoYugi01_body_tex
  0 -1.092780 9.764290 0.357946 -0.138395 -0.892366 -0.429569 0.987100 0.506655 2 24 0.610000 13 0.390000
  0 -1.035120 9.888190 -0.087223 0.080913 -0.996721 0.000000 0.894131 0.506655 2 24 0.570000 13 0.430000
  0 -0.868491 9.821090 0.356552 0.976567 0.211540 0.039606 0.987100 0.599624 2 24 0.520000 13 0.480000
assets/textures/Ch_MutoYugi01_body_tex
  0 -1.092780 9.764290 0.357946 -0.138395 -0.892366 -0.429569 0.987100 0.506655 2 24 0.610000 13 0.390000
  0 -1.424050 9.999840 -0.086344 0.060263 -0.998174 -0.004041 0.894131 0.506655 3 25 0.630000 24 0.170000 13 0.200000
  0 -1.035120 9.888190 -0.087223 0.080913 -0.996721 0.000000 0.987100 0.599624 2 24 0.570000 13 0.430000
assets/textures/Ch_MutoYugi01_body_tex
  0 -0.773491 9.618340 0.658279 0.955384 0.223279 0.193362 0.894131 0.506655 2 24 0.340000 13 0.660000
  0 -1.070780 9.539180 0.579101 0.473349 -0.456426 -0.753403 0.987100 0.599624 2 24 0.530000 13 0.470000
  0 -0.868491 9.821090 0.356552 0.976567 0.211540 0.039606 0.987100 0.506655 2 24 0.520000 13 0.480000
assets/textures/Ch_MutoYugi01_body_tex
  0 -1.019210 9.296100 0.767090 0.476800 -0.383070 -0.791151 0.987100 0.599624 2 24 0.400000 13 0.600000
  0 -1.150550 9.042780 0.803318 0.696031 -0.140600 -0.704111 0.987100 0.506655 2 24 0.390000 13 0.610000
  0 -1.323350 9.159620 0.507700 0.691803 0.316434 -0.649060 0.894131 0.506655 2 24 0.500000 13 0.500000
assets/textures/Ch_MutoYugi01_body_tex
  0 -1.019210 9.296100 0.767090 0.476800 -0.383070 -0.791151 0.987100 0.599624 2 24 0.400000 13 0.600000
  0 -0.773491 9.618340 0.658279 0.955384 0.223279 0.193362 0.987100 0.506655 2 24 0.340000 13 0.660000
  0 -0.709389 9.286770 0.903412 0.791602 -0.110710 -0.600924 0.894131 0.506655 3 24 0.260000 13 0.700000 12 0.040000
assets/textures/Ch_MutoYugi01_body_tex
  0 -1.019210 9.296100 0.767090 0.476800 -0.383070 -0.791151 0.987100 0.599624 2 24 0.400000 13 0.600000
  0 -0.977059 9.020330 0.886317 0.467847 -0.193683 -0.862326 0.987100 0.506655 2 24 0.280000 13 0.720000
  0 -1.150550 9.042780 0.803318 0.696031 -0.140600 -0.704111 0.894131 0.506655 2 24 0.390000 13 0.610000
assets/textures/Ch_MutoYugi01_body_tex
  0 -0.716007 9.139890 -0.670011 0.129046 -0.086764 0.987836 0.894131 0.599624 2 24 0.410000 13 0.590000
  0 -0.648227 9.757740 -0.596976 0.117776 -0.183547 0.975930 0.987100 0.599624 2 24 0.500000 13 0.500000
  0 -1.035120 9.767800 -0.500944 0.002203 -0.505658 0.862731 0.987100 0.506655 2 24 0.530000 13 0.470000
assets/textures/Ch_MutoYugi01_body_tex
  0 -0.716007 9.139890 -0.670011 0.129046 -0.086764 0.987836 0.894131 0.599624 2 24 0.410000 13 0.590000
  0 0.000000 8.531060 -0.747894 0.000000 0.228878 0.973455 0.987100 0.506655 2 13 0.620000 12 0.380000
  0 0.000000 9.118840 -0.789114 0.000000 -0.076964 0.997034 0.894131 0.506655 1 13 1.000000
assets/textures/Ch_MutoYugi01_body_tex
  0 -0.716007 9.139890 -0.670011 0.129046 -0.086764 0.987836 0.894131 0.599624 2 24 0.410000 13 0.590000
  0 -0.791530 8.531060 -0.653431 0.400642 0.309465 0.862391 0.987100 0.599624 2 24 0.270000 13 0.730000
  0 0.000000 8.531060 -0.747894 0.000000 0.228878 0.973455 0.987100 0.506655 2 13 0.620000 12 0.380000
assets/textures/Ch_MutoYugi01_body_tex
  0 -1.035120 9.767800 -0.500944 0.002203 -0.505658 0.862731 0.894131 0.506655 2 24 0.530000 13 0.470000
  0 -1.035120 9.888190 -0.087223 0.080913 -0.996721 0.000000 0.987100 0.599624 2 24 0.570000 13 0.430000
  0 -1.424050 9.999840 -0.086344 0.060263 -0.998174 -0.004041 0.987100 0.506655 3 25 0.630000 24 0.170000 13 0.200000
assets/textures/Ch_MutoYugi01_body_tex
  0 -1.035120 9.888190 -0.087223 0.080913 -0.996721 0.000000 0.894131 0.506655 2 24 0.570000 13 0.430000
  0 -0.877170 9.980240 -0.090590 0.869193 0.049273 0.492012 0.894131 0.599624 1 13 1.000000
  0 -0.868491 9.821090 0.356552 0.976567 0.211540 0.039606 0.987100 0.599624 2 24 0.520000 13 0.480000
assets/textures/Ch_MutoYugi01_body_tex
  0 -1.035120 9.888190 -0.087223 0.080913 -0.996721 0.000000 0.894131 0.506655 2 24 0.570000 13 0.430000
  0 -0.787492 9.964140 -0.277133 0.408072 -0.845005 0.345607 0.987100 0.599624 2 24 0.500000 13 0.500000
  0 -0.877170 9.980240 -0.090590 0.869193 0.049273 0.492012 0.987100 0.506655 1 13 1.000000
assets/textures/Ch_MutoYugi01_body_tex
  0 -1.150550 9.042780 0.803318 0.696031 -0.140600 -0.704111 0.987100 0.506655 2 24 0.390000 13 0.610000
  0 -1.165300 8.519950 0.809267 0.893491 0.195119 -0.404478 0.894131 0.506655 2 13 0.720000 12 0.280000
  0 -1.323350 9.159620 0.507700 0.691803 0.316434 -0.649060 0.987100 0.599624 2 24 0.500000 13 0.500000
assets/textures/Ch_MutoYugi01_body_tex
  0 -1.323350 9.159620 0.507700 0.691803 0.316434 -0.649060 0.894131 0.506655 2 24 0.500000 13 0.500000
  0 -1.165300 8.519950 0.809267 0.893491 0.195119 -0.404478 0.987100 0.599624 2 13 0.720000 12 0.280000
  0 -1.223630 8.531060 0.538923 0.954827 0.276456 -0.108987 0.987100 0.506655 1 13 1.000000
assets/textures/Ch_MutoYugi01_body_tex
  0 -0.648227 9.757740 -0.596976 0.117776 -0.183547 0.975930 0.987100 0.599624 2 24 0.500000 13 0.500000
  0 0.000000 9.118840 -0.789114 0.000000 -0.076964 0.997034 0.894131 0.506655 1 13 1.000000
  0 0.000000 9.747250 -0.608789 0.000000 -0.173630 0.984811 0.894131 0.599624 1 13 1.000000
assets/textures/Ch_MutoYugi01_body_tex
  0 -0.648227 9.757740 -0.596976 0.117776 -0.183547 0.975930 0.987100 0.599624 2 24 0.500000 13 0.500000
  0 -0.716007 9.139890 -0.670011 0.129046 -0.086764 0.987836 0.987100 0.506655 2 24 0.410000 13 0.590000
  0 0.000000 9.118840 -0.789114 0.000000 -0.076964 0.997034 0.894131 0.506655 1 13 1.000000
assets/textures/Ch_MutoYugi01_body_tex
  0 -1.035120 9.767800 -0.500944 0.002203 -0.505658 0.862731 0.987100 0.506655 2 24 0.530000 13 0.470000
  0 -0.787492 9.964140 -0.277133 0.408072 -0.845005 0.345607 0.894131 0.599624 2 24 0.500000 13 0.500000
  0 -1.035120 9.888190 -0.087223 0.080913 -0.996721 0.000000 0.987100 0.599624 2 24 0.570000 13 0.430000
assets/textures/Ch_MutoYugi01_body_tex
  0 -1.035120 9.767800 -0.500944 0.002203 -0.505658 0.862731 0.987100 0.506655 2 24 0.530000 13 0.470000
  0 -0.586056 9.898100 -0.568575 0.243344 -0.491984 0.835904 0.894131 0.506655 2 24 0.500000 13 0.500000
  0 -0.787492 9.964140 -0.277133 0.408072 -0.845005 0.345607 0.894131 0.599624 2 24 0.500000 13 0.500000
assets/textures/Ch_MutoYugi01_body_tex
  0 -1.035120 9.767800 -0.500944 0.002203 -0.505658 0.862731 0.987100 0.506655 2 24 0.530000 13 0.470000
  0 -0.648227 9.757740 -0.596976 0.117776 -0.183547 0.975930 0.894131 0.506655 2 24 0.500000 13 0.500000
  0 -0.586056 9.898100 -0.568575 0.243344 -0.491984 0.835904 0.987100 0.599624 2 24 0.500000 13 0.500000
assets/textures/Ch_MutoYugi01_body_tex
  0 -0.791530 8.531060 -0.653431 0.400642 0.309465 0.862391 0.987100 0.599624 2 24 0.270000 13 0.730000
  0 -0.650396 7.985370 -0.403319 0.419981 0.349678 0.837461 0.987100 0.506655 3 13 0.440000 12 0.360000 3 0.200000
  0 0.000000 8.531060 -0.747894 0.000000 0.228878 0.973455 0.894131 0.599624 2 13 0.620000 12 0.380000
assets/textures/Ch_MutoYugi01_body_tex
  0 0.000000 8.531060 -0.747894 0.000000 0.228878 0.973455 0.987100 0.506655 2 13 0.620000 12 0.380000
  0 0.716007 9.139890 -0.670011 -0.129046 -0.086764 0.987836 0.894131 0.599624 1 13 1.000000
  0 0.000000 9.118840 -0.789114 0.000000 -0.076964 0.997034 0.894131 0.506655 1 13 1.000000
assets/textures/Ch_MutoYugi01_body_tex
  0 0.000000 8.531060 -0.747894 0.000000 0.228878 0.973455 0.987100 0.506655 2 13 0.620000 12 0.380000
  0 0.791530 8.531060 -0.653431 -0.400642 0.309464 0.862391 0.987100 0.599624 1 13 1.000000
  0 0.716007 9.139890 -0.670011 -0.129046 -0.086764 0.987836 0.894131 0.599624 1 13 1.000000
assets/textures/Ch_MutoYugi01_body_tex
  0 -1.165300 8.519950 0.809267 0.893491 0.195119 -0.404478 0.894131 0.506655 2 13 0.720000 12 0.280000
  0 -1.150550 9.042780 0.803318 0.696031 -0.140600 -0.704111 0.894131 0.599624 2 24 0.390000 13 0.610000
  0 -0.977059 9.020330 0.886317 0.467847 -0.193683 -0.862326 0.987100 0.599624 2 24 0.280000 13 0.720000
assets/textures/Ch_MutoYugi01_body_tex
  0 -1.165300 8.519950 0.809267 0.893491 0.195119 -0.404478 0.894131 0.506655 2 13 0.720000 12 0.280000
  0 -0.977059 9.020330 0.886317 0.467847 -0.193683 -0.862326 0.987100 0.599624 2 24 0.280000 13 0.720000
  0 -0.914702 8.476260 1.021950 0.544157 -0.047917 -0.837614 0.987100 0.506655 1 13 1.000000
assets/textures/Ch_MutoYugi01_body_tex
  0 -1.165300 8.519950 0.809267 0.893491 0.195119 -0.404478 0.987100 0.599624 2 13 0.720000 12 0.280000
  0 -0.914702 8.476260 1.021950 0.544157 -0.047917 -0.837614 0.987100 0.506655 1 13 1.000000
  0 -0.999534 7.985370 0.863108 0.930404 0.262059 -0.256267 0.894131 0.599624 2 13 0.520000 12 0.480000
assets/textures/Ch_MutoYugi01_body_tex
  0 -0.586056 9.898100 -0.568575 0.243344 -0.491984 0.835904 0.894131 0.506655 2 24 0.500000 13 0.500000
  0 0.000000 9.902430 -0.633925 0.000000 -0.342552 0.939499 0.894131 0.599624 1 13 1.000000
  0 -0.466034 10.098700 -0.414740 0.471088 -0.013253 0.881986 0.987100 0.506655 1 13 1.000000
assets/textures/Ch_MutoYugi01_body_tex
  0 -0.586056 9.898100 -0.568575 0.243344 -0.491984 0.835904 0.987100 0.599624 2 24 0.500000 13 0.500000
  0 0.000000 9.747250 -0.608789 0.000000 -0.173630 0.984811 0.894131 0.506655 1 13 1.000000
  0 0.000000 9.902430 -0.633925 0.000000 -0.342552 0.939499 0.894131 0.599624 1 13 1.000000
assets/textures/Ch_MutoYugi01_body_tex
  0 -0.586056 9.898100 -0.568575 0.243344 -0.491984 0.835904 0.987100 0.599624 2 24 0.500000 13 0.500000
  0 -0.466034 10.098700 -0.414740 0.471088 -0.013253 0.881986 0.987100 0.506655 1 13 1.000000
  0 -0.787492 9.964140 -0.277133 0.408072 -0.845005 0.345607 0.894131 0.506655 2 24 0.500000 13 0.500000
assets/textures/Ch_MutoYugi01_body_tex
  0 -0.586056 9.898100 -0.568575 0.243344 -0.491984 0.835904 0.987100 0.599624 2 24 0.500000 13 0.500000
  0 -0.648227 9.757740 -0.596976 0.117776 -0.183547 0.975930 0.987100 0.506655 2 24 0.500000 13 0.500000
  0 0.000000 9.747250 -0.608789 0.000000 -0.173630 0.984811 0.894131 0.506655 1 13 1.000000
assets/textures/Ch_MutoYugi01_body_tex
  0 1.164520 9.160660 -0.614906 -0.316464 0.181226 0.931133 0.894131 0.506655 2 17 0.450000 16 0.550000
  0 1.533670 9.159360 -0.630169 -0.262322 0.496285 0.827580 0.987100 0.506655 2 17 0.510000 16 0.490000
  0 1.453640 9.949800 -0.630169 -0.042669 -0.682716 0.729437 0.987100 0.599624 3 17 0.500000 16 0.330000 13 0.170000
assets/textures/Ch_MutoYugi01_body_tex
  0 1.164520 9.160660 -0.614906 -0.316464 0.181226 0.931133 0.894131 0.506655 2 17 0.450000 16 0.550000
  0 1.453640 9.949800 -0.630169 -0.042669 -0.682716 0.729437 0.987100 0.506655 3 17 0.500000 16 0.330000 13 0.170000
  0 1.035120 9.767800 -0.500944 0.002203 -0.505658 0.862731 0.987100 0.599624 2 16 0.530000 13 0.470000
assets/textures/Ch_MutoYugi01_body_tex
  0 1.035120 9.767800 -0.500944 0.002203 -0.505658 0.862731 0.987100 0.506655 2 16 0.530000 13 0.470000
  0 0.586056 9.898100 -0.568575 -0.243344 -0.491984 0.835904 0.987100 0.599624 1 13 1.000000
  0 0.648227 9.757740 -0.596976 -0.117776 -0.183547 0.975930 0.894131 0.506655 1 13 1.000000
assets/textures/Ch_MutoYugi01_body_tex
  0 1.035120 9.767800 -0.500944 0.002203 -0.505658 0.862731 0.987100 0.506655 2 16 0.530000 13 0.470000
  0 0.787492 9.964140 -0.277133 -0.408072 -0.845005 0.345607 0.894131 0.599624 1 13 1.000000
  0 0.586056 9.898100 -0.568575 -0.243344 -0.491984 0.835904 0.894131 0.506655 1 13 1.000000
assets/textures/Ch_MutoYugi01_body_tex
  0 1.035120 9.767800 -0.500944 0.002203 -0.505658 0.862731 0.987100 0.506655 2 16 0.530000 13 0.470000
  0 1.035120 9.888190 -0.087223 -0.080913 -0.996721 0.000000 0.987100 0.599624 2 16 0.570000 13 0.430000
  0 0.787492 9.964140 -0.277133 -0.408072 -0.845005 0.345607 0.894131 0.599624 1 13 1.000000
assets/textures/Ch_MutoYugi01_body_tex
  0 1.533670 9.159360 -0.630169 -0.262322 0.496285 0.827580 0.987100 0.506655 2 17 0.510000 16 0.490000
  0 1.164520 9.160660 -0.614906 -0.316464 0.181226 0.931133 0.987100 0.599624 2 17 0.450000 16 0.550000
  0 1.364580 8.820700 -0.086344 -0.815328 0.559963 0.147251 0.894131 0.506655 1 13 1.000000
assets/textures/Ch_MutoYugi01_body_tex
  0 1.035120 9.888190 -0.087223 -0.080913 -0.996721 0.000000 0.987100 0.599624 2 16 0.570000 13 0.430000
  0 1.035120 9.767800 -0.500944 0.002203 -0.505658 0.862731 0.894131 0.506655 2 16 0.530000 13 0.470000
  0 1.433200 9.997410 -0.086344 -0.062284 -0.998050 -0.004197 0.987100 0.506655 3 17 0.480000 16 0.120000 13 0.400000
assets/textures/Ch_MutoYugi01_body_tex
  0 1.035120 9.888190 -0.087223 -0.080913 -0.996721 0.000000 0.987100 0.599624 2 16 0.570000 13 0.430000
  0 1.433200 9.997410 -0.086344 -0.062284 -0.998050 -0.004197 0.894131 0.506655 3 17 0.480000 16 0.120000 13 0.400000
  0 1.092780 9.764290 0.357946 0.136181 -0.894335 -0.426168 0.987100 0.506655 2 16 0.610000 13 0.390000
assets/textures/Ch_MutoYugi01_body_tex
  0 1.743340 8.974580 -0.086344 -0.418947 0.904694 -0.077544 0.987100 0.506655 2 17 0.800000 16 0.200000
  0 1.765170 9.288720 -0.531990 -0.351374 0.474241 0.807237 0.987100 0.599624 2 17 0.610000 16 0.390000
  0 1.533670 9.159360 -0.630169 -0.262322 0.496285 0.827580 0.894131 0.599624 2 17 0.510000 16 0.490000
assets/textures/Ch_MutoYugi01_body_tex
  0 1.743340 8.974580 -0.086344 -0.418947 0.904694 -0.077544 0.987100 0.506655 2 17 0.800000 16 0.200000
  0 1.323350 9.159620 0.507700 -0.691803 0.316434 -0.649060 0.894131 0.599624 1 13 1.000000
  0 1.765170 9.288720 0.359303 -0.325298 0.472720 -0.818973 0.894131 0.506655 2 17 0.690000 16 0.310000
assets/textures/Ch_MutoYugi01_body_tex
  0 1.743340 8.974580 -0.086344 -0.418947 0.904694 -0.077544 0.987100 0.506655 2 17 0.800000 16 0.200000
  0 1.364580 8.820700 -0.086344 -0.815328 0.559963 0.147251 0.987100 0.599624 1 13 1.000000
  0 1.323350 9.159620 0.507700 -0.691803 0.316434 -0.649060 0.894131 0.599624 1 13 1.000000
assets/textures/Ch_MutoYugi01_body_tex
  0 1.092780 9.764290 0.357946 0.136181 -0.894335 -0.426168 0.987100 0.506655 2 16 0.610000 13 0.390000
  0 0.868476 9.821090 0.356552 -0.978525 0.201871 0.041680 0.987100 0.599624 2 16 0.520000 13 0.480000
  0 1.035120 9.888190 -0.087223 -0.080913 -0.996721 0.000000 0.894131 0.506655 2 16 0.570000 13 0.430000
assets/textures/Ch_MutoYugi01_body_tex
  0 1.765170 9.288720 0.359303 -0.325298 0.472720 -0.818973 0.894131 0.506655 2 17 0.690000 16 0.310000
  0 2.095140 9.363460 0.300267 -0.308635 0.491082 -0.814606 0.987100 0.506655 2 17 0.950000 16 0.050000
  0 2.113760 9.140920 -0.086344 -0.318040 0.948077 0.000000 0.987100 0.599624 2 17 0.910000 16 0.090000
assets/textures/Ch_MutoYugi01_body_tex
  0 1.765170 9.288720 0.359303 -0.325298 0.472720 -0.818973 0.894131 0.506655 2 17 0.690000 16 0.310000
  0 2.113760 9.140920 -0.086344 -0.318040 0.948077 0.000000 0.987100 0.599624 2 17 0.910000 16 0.090000
  0 1.743340 8.974580 -0.086344 -0.418947 0.904694 -0.077544 0.894131 0.599624 2 17 0.800000 16 0.200000
assets/textures/Ch_MutoYugi01_body_tex
  0 0.868476 9.821090 0.356552 -0.978525 0.201871 0.041680 0.987100 0.599624 2 16 0.520000 13 0.480000
  0 0.877170 9.980240 -0.090590 -0.869196 0.049273 0.492006 0.894131 0.599624 1 13 1.000000
  0 1.035120 9.888190 -0.087223 -0.080913 -0.996721 0.000000 0.894131 0.506655 2 16 0.570000 13 0.430000
assets/textures/Ch_MutoYugi01_body_tex
  0 0.868476 9.821090 0.356552 -0.978525 0.201871 0.041680 0.987100 0.599624 2 16 0.520000 13 0.480000
  0 1.092780 9.764290 0.357946 0.136181 -0.894335 -0.426168 0.894131 0.506655 2 16 0.610000 13 0.390000
  0 1.070780 9.539180 0.579101 -0.473347 -0.456429 -0.753402 0.987100 0.506655 2 16 0.530000 13 0.470000
assets/textures/Ch_MutoYugi01_body_tex
  0 1.184290 9.568430 0.539502 -0.291767 -0.238480 -0.926283 0.987100 0.599624 2 17 0.380000 16 0.620000
  0 1.019210 9.296100 0.767090 -0.476800 -0.383070 -0.791151 0.894131 0.506655 2 16 0.400000 13 0.600000
  0 1.070780 9.539180 0.579101 -0.473347 -0.456429 -0.753402 0.987100 0.506655 2 16 0.530000 13 0.470000
assets/textures/Ch_MutoYugi01_body_tex
  0 1.184290 9.568430 0.539502 -0.291767 -0.238480 -0.926283 0.987100 0.506655 2 17 0.380000 16 0.620000
  0 1.092780 9.764290 0.357946 0.136181 -0.894335 -0.426168 0.987100 0.599624 2 16 0.610000 13 0.390000
  0 1.360410 9.902040 0.431764 0.502966 -0.793084 -0.343573 0.918152 0.530676 2 17 0.610000 16 0.390000
assets/textures/Ch_MutoYugi01_body_tex
  0 1.184290 9.568430 0.539502 -0.291767 -0.238480 -0.926283 0.987100 0.506655 2 17 0.380000 16 0.620000
  0 1.453640 9.950020 0.457481 -0.155410 -0.651779 -0.742315 0.987100 0.599624 3 17 0.500000 16 0.330000 13 0.170000
  0 1.323350 9.159620 0.507700 -0.691803 0.316434 -0.649060 0.894131 0.506655 1 13 1.000000
assets/textures/Ch_MutoYugi01_body_tex
  0 1.164520 9.160660 -0.614906 -0.316464 0.181226 0.931133 0.894131 0.599624 2 17 0.450000 16 0.550000
  0 0.791530 8.531060 -0.653431 -0.400642 0.309464 0.862391 0.894131 0.506655 1 13 1.000000
  0 1.257430 8.531060 -0.101360 -0.857038 0.366195 0.362473 0.987100 0.506655 1 13 1.000000
assets/textures/Ch_MutoYugi01_body_tex
  0 1.035120 9.888190 -0.087223 -0.080913 -0.996721 0.000000 0.894131 0.506655 2 16 0.570000 13 0.430000
  0 0.877170 9.980240 -0.090590 -0.869196 0.049273 0.492006 0.987100 0.506655 1 13 1.000000
  0 0.787492 9.964140 -0.277133 -0.408072 -0.845005 0.345607 0.987100 0.599624 1 13 1.000000
assets/textures/Ch_MutoYugi01_body_tex
  0 1.070780 9.539180 0.579101 -0.473347 -0.456429 -0.753402 0.987100 0.506655 2 16 0.530000 13 0.470000
  0 1.092780 9.764290 0.357946 0.136181 -0.894335 -0.426168 0.987100 0.599624 2 16 0.610000 13 0.390000
  0 1.184290 9.568430 0.539502 -0.291767 -0.238480 -0.926283 0.894131 0.506655 2 17 0.380000 16 0.620000
assets/textures/Ch_MutoYugi01_body_tex
  0 1.070780 9.539180 0.579101 -0.473347 -0.456429 -0.753402 0.987100 0.506655 2 16 0.530000 13 0.470000
  0 1.019210 9.296100 0.767090 -0.476800 -0.383070 -0.791151 0.987100 0.599624 2 16 0.400000 13 0.600000
  0 0.773491 9.618340 0.658279 -0.959342 0.209500 0.189136 0.894131 0.506655 2 16 0.440000 13 0.560000
assets/textures/Ch_MutoYugi01_body_tex
  0 0.773491 9.618340 0.658279 -0.959342 0.209500 0.189136 0.894131 0.506655 2 16 0.440000 13 0.560000
  0 0.868476 9.821090 0.356552 -0.978525 0.201871 0.041680 0.987100 0.506655 2 16 0.520000 13 0.480000
  0 1.070780 9.539180 0.579101 -0.473347 -0.456429 -0.753402 0.987100 0.599624 2 16 0.530000 13 0.470000
assets/textures/Ch_MutoYugi01_body_tex
  0 1.019210 9.296100 0.767090 -0.476800 -0.383070 -0.791151 0.987100 0.599624 2 16 0.400000 13 0.600000
  0 0.709389 9.286770 0.903412 -0.791600 -0.110712 -0.600926 0.894131 0.506655 2 13 0.750000 12 0.250000
  0 0.773491 9.618340 0.658279 -0.959342 0.209500 0.189136 0.987100 0.506655 2 16 0.440000 13 0.560000
assets/textures/Ch_MutoYugi01_body_tex
  0 1.019210 9.296100 0.767090 -0.476800 -0.383070 -0.791151 0.987100 0.599624 2 16 0.400000 13 0.600000
  0 1.150550 9.042780 0.803318 -0.696030 -0.140600 -0.704112 0.894131 0.506655 1 13 1.000000
  0 0.977059 9.020330 0.886317 -0.467847 -0.193683 -0.862326 0.987100 0.506655 1 13 1.000000
assets/textures/Ch_MutoYugi01_body_tex
  0 1.165300 8.519950 0.809267 -0.893491 0.195119 -0.404478 0.987100 0.599624 2 13 0.720000 12 0.280000
  0 0.999534 7.985370 0.863108 -0.930404 0.262059 -0.256267 0.894131 0.599624 2 13 0.520000 12 0.480000
  0 0.914702 8.476260 1.021950 -0.544157 -0.047917 -0.837614 0.987100 0.506655 1 13 1.000000
assets/textures/Ch_MutoYugi01_body_tex
  0 1.165300 8.519950 0.809267 -0.893491 0.195119 -0.404478 0.894131 0.506655 2 13 0.720000 12 0.280000
  0 0.914702 8.476260 1.021950 -0.544157 -0.047917 -0.837614 0.987100 0.506655 1 13 1.000000
  0 0.977059 9.020330 0.886317 -0.467847 -0.193683 -0.862326 0.987100 0.599624 1 13 1.000000
assets/textures/Ch_MutoYugi01_body_tex
  0 1.165300 8.519950 0.809267 -0.893491 0.195119 -0.404478 0.894131 0.506655 2 13 0.720000 12 0.280000
  0 0.977059 9.020330 0.886317 -0.467847 -0.193683 -0.862326 0.987100 0.599624 1 13 1.000000
  0 1.150550 9.042780 0.803318 -0.696030 -0.140600 -0.704112 0.894131 0.599624 1 13 1.000000
assets/textures/Ch_MutoYugi01_body_tex
  0 0.999534 7.985370 0.863108 -0.930404 0.262059 -0.256267 0.894131 0.599624 2 13 0.520000 12 0.480000
  0 0.830614 7.985370 1.039240 -0.599035 0.134177 -0.789401 0.894131 0.506655 3 13 0.450000 12 0.450000 3 0.100000
  0 0.914702 8.476260 1.021950 -0.544157 -0.047917 -0.837614 0.987100 0.506655 1 13 1.000000
assets/textures/Ch_MutoYugi01_body_tex
  0 1.056810 7.985370 0.038650 -0.900918 0.334906 0.276016 1.898410 0.601171 2 13 0.580000 12 0.420000
  0 0.966815 7.581350 0.050320 -0.970905 0.139886 0.194357 1.860840 0.595917 2 13 0.380000 12 0.620000
  0 0.999534 7.985370 0.863108 -0.930404 0.262059 -0.256267 1.891790 0.515408 2 13 0.520000 12 0.480000
assets/textures/Ch_MutoYugi01_body_tex
  0 0.966815 7.581350 0.050320 -0.970905 0.139886 0.194357 1.860840 0.595917 2 13 0.380000 12 0.620000
  0 0.846617 7.479990 0.868927 -0.904876 0.169795 -0.390346 1.843220 0.508074 2 12 0.600000 3 0.400000
  0 0.999534 7.985370 0.863108 -0.930404 0.262059 -0.256267 1.891790 0.515408 2 13 0.520000 12 0.480000
assets/textures/Ch_MutoYugi01_body_tex
  0 0.966815 7.581350 0.050320 -0.970905 0.139886 0.194357 1.860840 0.595917 2 13 0.380000 12 0.620000
  0 0.877300 7.192640 0.780477 -0.869793 -0.298354 -0.392996 1.815180 0.516929 2 12 0.520000 3 0.480000
  0 0.846617 7.479990 0.868927 -0.904876 0.169795 -0.390346 1.843220 0.508074 2 12 0.600000 3 0.400000
assets/textures/Ch_MutoYugi01_body_tex
  0 0.966815 7.581350 0.050320 -0.970905 0.139886 0.194357 1.860840 0.595917 2 13 0.380000 12 0.620000
  0 0.986257 7.258950 0.041207 -0.941674 -0.291922 0.167427 1.828850 0.599375 2 12 0.530000 3 0.470000
  0 0.877300 7.192640 0.780477 -0.869793 -0.298354 -0.392996 1.815180 0.516929 2 12 0.520000 3 0.480000
assets/textures/Ch_MutoYugi01_body_tex
  0 0.999534 7.985370 0.863108 -0.930404 0.262059 -0.256267 0.887590 -0.400792 2 13 0.520000 12 0.480000
  0 0.846617 7.479990 0.868927 -0.904876 0.169795 -0.390346 0.835634 -0.400792 2 12 0.600000 3 0.400000
  0 0.830614 7.985370 1.039240 -0.599035 0.134177 -0.789401 0.887590 -0.433841 3 13 0.450000 12 0.450000 3 0.100000
assets/textures/Ch_MutoYugi01_body_tex
  0 0.846617 7.479990 0.868927 -0.904876 0.169795 -0.390346 0.835634 -0.400792 2 12 0.600000 3 0.400000
  0 0.539805 7.459000 1.125880 -0.836737 -0.226676 0.498486 0.891114 -0.483812 3 13 0.300000 12 0.400000 3 0.300000
  0 0.830614 7.985370 1.039240 -0.599035 0.134177 -0.789401 0.887590 -0.433841 3 13 0.450000 12 0.450000 3 0.100000
assets/textures/Ch_MutoYugi01_body_tex
  0 0.846617 7.479990 0.868927 -0.904876 0.169795 -0.390346 0.835634 -0.400792 2 12 0.600000 3 0.400000
  0 0.492009 7.159530 1.081820 -0.977835 -0.196742 -0.071628 0.860581 -0.483812 2 12 0.500000 3 0.500000
  0 0.539805 7.459000 1.125880 -0.836737 -0.226676 0.498486 0.891114 -0.483812 3 13 0.300000 12 0.400000 3 0.300000
assets/textures/Ch_MutoYugi01_body_tex
  0 1.056810 7.985370 0.038650 -0.900918 0.334906 0.276016 -0.053514 0.506018 2 13 0.580000 12 0.420000
  0 0.650396 7.985370 -0.403319 -0.419980 0.349678 0.837462 -0.053336 0.603154 3 13 0.440000 12 0.360000 3 0.200000
  0 0.966815 7.581350 0.050320 -0.970905 0.139886 0.194357 -0.128091 0.506018 2 13 0.380000 12 0.620000
assets/textures/Ch_MutoYugi01_body_tex
  0 0.650212 7.554080 -0.329140 -0.444142 0.118383 0.888101 -0.130271 0.603154 2 12 0.700000 3 0.300000
  0 0.688135 7.252000 -0.254619 -0.474213 -0.205409 0.856113 -0.182231 0.603154 2 12 0.530000 3 0.470000
  0 0.966815 7.581350 0.050320 -0.970905 0.139886 0.194357 -0.128091 0.506018 2 13 0.380000 12 0.620000
assets/textures/Ch_MutoYugi01_body_tex
  0 0.688135 7.252000 -0.254619 -0.474213 -0.205409 0.856113 -0.182231 0.603154 2 12 0.530000 3 0.470000
  0 0.986257 7.258950 0.041207 -0.941674 -0.291922 0.167427 -0.181803 0.506018 2 12 0.530000 3 0.470000
  0 0.966815 7.581350 0.050320 -0.970905 0.139886 0.194357 -0.128091 0.506018 2 13 0.380000 12 0.620000
assets/textures/Ch_MutoYugi01_body_tex
  0 0.585862 8.392330 1.218390 -0.833432 0.160924 0.528673 0.987100 0.506655 2 13 0.620000 12 0.380000
  0 0.674862 9.018970 1.023730 -0.808837 0.057910 -0.585174 0.987100 0.599624 2 13 0.750000 12 0.250000
  0 0.914702 8.476260 1.021950 -0.544157 -0.047917 -0.837614 0.894131 0.506655 1 13 1.000000
assets/textures/Ch_MutoYugi01_body_tex
  0 0.674862 9.018970 1.023730 -0.808837 0.057910 -0.585174 0.987100 0.599624 2 13 0.750000 12 0.250000
  0 0.977059 9.020330 0.886317 -0.467847 -0.193683 -0.862326 0.894131 0.599624 1 13 1.000000
  0 0.914702 8.476260 1.021950 -0.544157 -0.047917 -0.837614 0.894131 0.506655 1 13 1.000000
assets/textures/Ch_MutoYugi01_body_tex
  0 0.674862 9.018970 1.023730 -0.808837 0.057910 -0.585174 0.987100 0.506655 2 13 0.750000 12 0.250000
  0 0.709389 9.286770 0.903412 -0.791600 -0.110712 -0.600926 0.987100 0.599624 2 13 0.750000 12 0.250000
  0 0.977059 9.020330 0.886317 -0.467847 -0.193683 -0.862326 0.894131 0.506655 1 13 1.000000
assets/textures/Ch_MutoYugi01_body_tex
  0 0.709389 9.286770 0.903412 -0.791600 -0.110712 -0.600926 0.987100 0.599624 2 13 0.750000 12 0.250000
  0 1.019210 9.296100 0.767090 -0.476800 -0.383070 -0.791151 0.894131 0.599624 2 16 0.400000 13 0.600000
  0 0.977059 9.020330 0.886317 -0.467847 -0.193683 -0.862326 0.894131 0.506655 1 13 1.000000
assets/textures/Ch_MutoYugi01_body_tex
  0 0.495920 9.698620 0.948753 0.174832 0.785277 0.593948 0.401764 0.505035 2 16 0.210000 13 0.790000
  0 0.893030 9.679650 0.856930 0.174832 0.785277 0.593948 0.490470 0.505035 3 16 0.190000 13 0.790000 12 0.020000
  0 0.418081 10.020900 0.545565 0.174832 0.785277 0.593948 0.401764 0.639100 1 13 1.000000
assets/textures/Ch_MutoYugi01_body_tex
  0 -1.019210 9.296100 0.767090 0.476800 -0.383070 -0.791151 0.894131 0.599624 2 24 0.400000 13 0.600000
  0 -0.709389 9.286770 0.903412 0.791602 -0.110710 -0.600924 0.987100 0.599624 3 24 0.260000 13 0.700000 12 0.040000
  0 -0.977059 9.020330 0.886317 0.467847 -0.193683 -0.862326 0.894131 0.506655 2 24 0.280000 13 0.720000
assets/textures/Ch_MutoYugi01_body_tex
  0 -0.413982 9.662990 0.956298 -0.203703 0.728937 0.653572 0.490470 0.505035 2 24 0.170000 13 0.830000
  0 -0.461896 10.029500 0.532614 -0.203703 0.728937 0.653572 0.490470 0.639100 1 13 1.000000
  0 -0.890533 9.937540 0.501559 -0.203703 0.728937 0.653572 0.401764 0.639100 1 13 1.000000
assets/textures/Ch_MutoYugi01_body_tex
  0 0.773491 9.618340 0.658279 -0.959342 0.209500 0.189136 0.004879 0.403731 2 16 0.440000 13 0.560000
  0 0.968331 9.881280 0.369025 0.982769 -0.173858 0.062755 0.047215 0.403731 2 16 0.470000 13 0.530000
  0 1.164540 10.496700 1.038800 -0.297315 0.305825 0.904475 0.006210 0.491665 2 16 0.010000 13 0.990000
assets/textures/Ch_MutoYugi01_body_tex
  0 0.968331 9.881280 0.369025 0.982769 -0.173858 0.062755 0.047215 0.403731 2 16 0.470000 13 0.530000
  0 1.197150 10.621400 0.458380 -0.546932 0.615264 0.567729 0.046137 0.491665 2 21 0.010000 13 0.990000
  0 1.164540 10.496700 1.038800 -0.297315 0.305825 0.904475 0.006210 0.491665 2 16 0.010000 13 0.990000
assets/textures/Ch_MutoYugi01_body_tex
  0 0.968331 9.881280 0.369025 0.982769 -0.173858 0.062755 0.047215 0.403731 2 16 0.470000 13 0.530000
  0 0.970894 10.076300 -0.057915 0.901966 0.080390 -0.424259 0.068502 0.403731 1 13 1.000000
  0 1.197150 10.621400 0.458380 -0.546932 0.615264 0.567729 0.046137 0.491665 2 21 0.010000 13 0.990000
assets/textures/Ch_MutoYugi01_body_tex
  0 -0.968327 9.881280 0.369025 -0.980726 -0.186164 0.059328 0.047215 0.403731 2 24 0.470000 13 0.530000
  0 -1.164540 10.496700 1.106990 0.297380 0.305851 0.904445 0.006210 0.491665 2 24 0.010000 13 0.990000
  0 -1.197150 10.621400 0.458380 0.546041 0.613662 0.570314 0.046137 0.491665 2 24 0.080000 13 0.920000
assets/textures/Ch_MutoYugi01_body_tex
  0 -0.968327 9.881280 0.369025 -0.980726 -0.186164 0.059328 0.047215 0.403731 2 24 0.470000 13 0.530000
  0 -0.773491 9.618340 0.658279 0.955384 0.223279 0.193362 0.004879 0.403731 2 24 0.340000 13 0.660000
  0 -1.164540 10.496700 1.106990 0.297380 0.305851 0.904445 0.006210 0.491665 2 24 0.010000 13 0.990000
assets/textures/Ch_MutoYugi01_body_tex
  0 0.773491 9.618340 0.658279 -0.959342 0.209500 0.189136 0.625586 0.511379 2 16 0.440000 13 0.560000
  0 1.164540 10.496700 1.038800 -0.297315 0.305825 0.904475 0.607430 0.600437 2 16 0.010000 13 0.990000
  0 0.868476 9.821090 0.356552 -0.978525 0.201871 0.041680 0.684856 0.511378 2 16 0.520000 13 0.480000
assets/textures/Ch_MutoYugi01_body_tex
  0 1.164540 10.496700 1.038800 -0.297315 0.305825 0.904475 0.607430 0.600437 2 16 0.010000 13 0.990000
  0 1.197150 10.621400 0.458380 -0.546932 0.615264 0.567729 0.667872 0.600437 2 21 0.010000 13 0.990000
  0 0.868476 9.821090 0.356552 -0.978525 0.201871 0.041680 0.684856 0.511378 2 16 0.520000 13 0.480000
assets/textures/Ch_MutoYugi01_body_tex
  0 1.197150 10.621400 0.458380 -0.546932 0.615264 0.567729 0.667872 0.600437 2 21 0.010000 13 0.990000
  0 0.877170 9.980240 -0.090590 -0.869196 0.049273 0.492006 0.740237 0.511379 1 13 1.000000
  0 0.868476 9.821090 0.356552 -0.978525 0.201871 0.041680 0.684856 0.511378 2 16 0.520000 13 0.480000
assets/textures/Ch_MutoYugi01_body_tex
  0 1.197150 10.621400 0.458380 -0.546932 0.615264 0.567729 0.667872 0.600437 2 21 0.010000 13 0.990000
  0 1.010350 10.752800 0.025575 -0.431164 0.695909 0.574289 0.724867 0.600437 2 21 0.200000 13 0.800000
  0 0.877170 9.980240 -0.090590 -0.869196 0.049273 0.492006 0.740237 0.511379 1 13 1.000000
assets/textures/Ch_MutoYugi01_body_tex
  0 1.010350 10.752800 0.025575 -0.431164 0.695909 0.574289 0.724867 0.600437 2 21 0.200000 13 0.800000
  0 0.466034 10.098700 -0.414740 -0.471089 -0.013253 0.881986 0.784091 0.511379 1 13 1.000000
  0 0.877170 9.980240 -0.090590 -0.869196 0.049273 0.492006 0.740237 0.511379 1 13 1.000000
assets/textures/Ch_MutoYugi01_body_tex
  0 1.010350 10.752800 0.025575 -0.431164 0.695909 0.574289 0.724867 0.600437 2 21 0.200000 13 0.800000
  0 0.603026 10.874400 -0.468770 -0.452154 0.872150 -0.186846 0.783631 0.600437 2 21 0.200000 13 0.800000
  0 0.466034 10.098700 -0.414740 -0.471089 -0.013253 0.881986 0.784091 0.511379 1 13 1.000000
assets/textures/Ch_MutoYugi01_body_tex
  0 0.603026 10.874400 -0.468770 -0.452154 0.872150 -0.186846 0.783631 0.600437 2 21 0.200000 13 0.800000
  0 0.000000 10.148800 -0.528414 0.000000 -0.020068 0.999799 0.828704 0.511379 1 13 1.000000
  0 0.466034 10.098700 -0.414740 -0.471089 -0.013253 0.881986 0.784091 0.511379 1 13 1.000000
assets/textures/Ch_MutoYugi01_body_tex
  0 0.603026 10.874400 -0.468770 -0.452154 0.872150 -0.186846 0.783631 0.600437 2 21 0.200000 13 0.800000
  0 0.000000 10.920800 -0.649712 -0.000001 0.296244 -0.955112 0.834148 0.600437 2 21 0.200000 13 0.800000
  0 0.000000 10.148800 -0.528414 0.000000 -0.020068 0.999799 0.828704 0.511379 1 13 1.000000
assets/textures/Ch_MutoYugi01_body_tex
  0 0.000000 10.920800 -0.649712 -0.000001 0.296244 -0.955112 0.834148 0.600437 2 21 0.200000 13 0.800000
  0 -0.603026 10.874400 -0.468770 0.452150 0.872152 -0.186847 0.783631 0.600437 2 21 0.200000 13 0.800000
  0 0.000000 10.148800 -0.528414 0.000000 -0.020068 0.999799 0.828704 0.511379 1 13 1.000000
assets/textures/Ch_MutoYugi01_body_tex
  0 -0.603026 10.874400 -0.468770 0.452150 0.872152 -0.186847 0.783631 0.600437 2 21 0.200000 13 0.800000
  0 -0.466034 10.098700 -0.414740 0.471088 -0.013253 0.881986 0.784091 0.511379 1 13 1.000000
  0 0.000000 10.148800 -0.528414 0.000000 -0.020068 0.999799 0.828704 0.511379 1 13 1.000000
assets/textures/Ch_MutoYugi01_body_tex
  0 -0.603026 10.874400 -0.468770 0.452150 0.872152 -0.186847 0.783631 0.600437 2 21 0.200000 13 0.800000
  0 -1.010350 10.752800 0.025575 0.431163 0.695873 0.574333 0.724867 0.600437 2 21 0.200000 13 0.800000
  0 -0.466034 10.098700 -0.414740 0.471088 -0.013253 0.881986 0.784091 0.511379 1 13 1.000000
assets/textures/Ch_MutoYugi01_body_tex
  0 -1.010350 10.752800 0.025575 0.431163 0.695873 0.574333 0.724867 0.600437 2 21 0.200000 13 0.800000
  0 -0.877170 9.980240 -0.090590 0.869193 0.049273 0.492012 0.740237 0.511379 1 13 1.000000
  0 -0.466034 10.098700 -0.414740 0.471088 -0.013253 0.881986 0.784091 0.511379 1 13 1.000000
assets/textures/Ch_MutoYugi01_body_tex
  0 -1.010350 10.752800 0.025575 0.431163 0.695873 0.574333 0.724867 0.600437 2 21 0.200000 13 0.800000
  0 -1.197150 10.621400 0.458380 0.546041 0.613662 0.570314 0.667872 0.600437 2 24 0.080000 13 0.920000
  0 -0.877170 9.980240 -0.090590 0.869193 0.049273 0.492012 0.740237 0.511379 1 13 1.000000
assets/textures/Ch_MutoYugi01_body_tex
  0 -1.197150 10.621400 0.458380 0.546041 0.613662 0.570314 0.667872 0.600437 2 24 0.080000 13 0.920000
  0 -0.868491 9.821090 0.356552 0.976567 0.211540 0.039606 0.684856 0.511378 2 24 0.520000 13 0.480000
  0 -0.877170 9.980240 -0.090590 0.869193 0.049273 0.492012 0.740237 0.511379 1 13 1.000000
assets/textures/Ch_MutoYugi01_body_tex
  0 -1.197150 10.621400 0.458380 0.546041 0.613662 0.570314 0.667872 0.600437 2 24 0.080000 13 0.920000
  0 -1.164540 10.496700 1.106990 0.297380 0.305851 0.904445 0.607430 0.600437 2 24 0.010000 13 0.990000
  0 -0.868491 9.821090 0.356552 0.976567 0.211540 0.039606 0.684856 0.511378 2 24 0.520000 13 0.480000
assets/textures/Ch_MutoYugi01_body_tex
  0 -1.164540 10.496700 1.106990 0.297380 0.305851 0.904445 0.607430 0.600437 2 24 0.010000 13 0.990000
  0 -0.773491 9.618340 0.658279 0.955384 0.223279 0.193362 0.625586 0.511379 2 24 0.340000 13 0.660000
  0 -0.868491 9.821090 0.356552 0.976567 0.211540 0.039606 0.684856 0.511378 2 24 0.520000 13 0.480000
assets/textures/Ch_MutoYugi01_body_tex
  0 1.533670 9.159360 -0.630169 -0.262322 0.496285 0.827580 0.894131 0.506655 2 17 0.510000 16 0.490000
  0 1.765170 9.288720 -0.531990 -0.351374 0.474241 0.807237 0.987100 0.506655 2 17 0.610000 16 0.390000
  0 1.808830 9.738340 -0.531991 -0.123336 -0.452894 0.882992 0.987100 0.599624 2 17 0.650000 16 0.350000
assets/textures/Ch_MutoYugi01_body_tex
  0 1.808830 9.738340 -0.531991 -0.123336 -0.452894 0.882992 0.987100 0.506655 2 17 0.650000 16 0.350000
  0 1.845790 10.008200 -0.086344 0.117134 -0.993116 0.000000 0.987100 0.599624 2 17 0.740000 16 0.260000
  0 1.433200 9.997410 -0.086344 -0.062284 -0.998050 -0.004197 0.894131 0.599624 3 17 0.480000 16 0.120000 13 0.400000
assets/textures/Ch_MutoYugi01_body_tex
  0 0.869065 9.871950 0.132781 0.323810 0.874388 0.361375 0.111863 0.985982 2 16 0.200000 13 0.800000
  0 0.681283 9.459370 0.766223 0.273081 0.434132 0.858462 0.066015 0.925466 2 16 0.330000 13 0.670000
  0 1.169740 9.485520 0.524889 0.479070 0.420345 0.770586 0.142621 0.927760 3 17 0.270000 16 0.530000 13 0.200000
assets/textures/Ch_MutoYugi01_body_tex
  0 0.869065 9.871950 0.132781 0.323810 0.874388 0.361375 0.111863 0.985982 2 16 0.200000 13 0.800000
  0 0.566628 10.025800 0.192628 0.907175 0.413763 0.076384 0.063590 0.985982 1 13 1.000000
  0 0.681283 9.459370 0.766223 0.273081 0.434132 0.858462 0.066015 0.925466 2 16 0.330000 13 0.670000
assets/textures/Ch_MutoYugi01_body_tex
  0 1.206320 9.025480 0.519289 0.561362 0.226238 0.796046 0.156794 0.897289 2 13 0.960000 12 0.040000
  0 0.681283 9.459370 0.766223 0.273081 0.434132 0.858462 0.066015 0.925466 2 16 0.330000 13 0.670000
  0 0.972696 8.511050 0.940788 0.300076 0.084264 0.950186 0.100244 0.834397 2 13 0.930000 12 0.070000
assets/textures/Ch_MutoYugi01_body_tex
  0 0.000000 9.863360 0.601784 0.000000 -0.039527 0.999219 0.015727 0.956212 2 21 0.400000 13 0.600000
  0 -0.566628 10.025800 0.192628 -0.907175 0.413763 0.076384 0.063590 0.985982 1 13 1.000000
  0 0.000000 9.455900 0.818157 0.000000 0.462030 0.886864 0.015727 0.925161 1 13 1.000000
assets/textures/Ch_MutoYugi01_body_tex
  0 0.681283 9.459370 0.766223 0.273081 0.434132 0.858462 0.066015 0.925466 2 16 0.330000 13 0.670000
  0 0.000000 8.427520 1.187270 0.000000 0.046233 0.998931 0.015727 0.831763 2 13 0.800000 12 0.200000
  0 0.972696 8.511050 0.940788 0.300076 0.084264 0.950186 0.100244 0.834397 2 13 0.930000 12 0.070000
assets/textures/Ch_MutoYugi01_body_tex
  0 0.681283 9.459370 0.766223 0.273081 0.434132 0.858462 0.066015 0.925466 2 16 0.330000 13 0.670000
  0 0.000000 9.455900 0.818157 0.000000 0.462030 0.886864 0.015727 0.925161 1 13 1.000000
  0 0.000000 8.427520 1.187270 0.000000 0.046233 0.998931 0.015727 0.831763 2 13 0.800000 12 0.200000
assets/textures/Ch_MutoYugi01_body_tex
  0 0.972696 8.511050 0.940788 0.300076 0.084264 0.950186 0.100244 0.834397 2 13 0.930000 12 0.070000
  0 0.000000 8.427520 1.187270 0.000000 0.046233 0.998931 0.015727 0.831763 2 13 0.800000 12 0.200000
  0 0.832308 7.692620 0.896983 0.269813 -0.097833 0.957930 0.098949 0.764855 2 12 0.600000 3 0.400000
assets/textures/Ch_MutoYugi01_body_tex
  0 -0.869065 9.871950 0.132781 -0.323810 0.874389 0.361374 0.111863 0.985982 2 24 0.500000 13 0.500000
  0 -1.169740 9.485520 0.524889 -0.479069 0.420345 0.770586 0.142621 0.927760 2 24 0.620000 13 0.380000
  0 -0.681283 9.459370 0.766223 -0.273081 0.434132 0.858462 0.066015 0.925466 2 24 0.330000 13 0.670000
assets/textures/Ch_MutoYugi01_body_tex
  0 -0.869065 9.871950 0.132781 -0.323810 0.874389 0.361374 0.111863 0.985982 2 24 0.500000 13 0.500000
  0 -1.135210 9.852920 0.131952 -0.067115 0.921956 0.381434 0.144017 0.985982 2 24 0.740000 13 0.260000
  0 -1.169740 9.485520 0.524889 -0.479069 0.420345 0.770586 0.142621 0.927760 2 24 0.620000 13 0.380000
assets/textures/Ch_MutoYugi01_body_tex
  0 0.000000 8.427520 1.187270 0.000000 0.046233 0.998931 0.015727 0.831763 2 13 0.800000 12 0.200000
  0 0.000000 7.712320 1.142850 0.000000 -0.089762 0.995963 0.015727 0.764855 2 12 0.600000 3 0.400000
  0 0.832308 7.692620 0.896983 0.269813 -0.097833 0.957930 0.098949 0.764855 2 12 0.600000 3 0.400000
assets/textures/Ch_MutoYugi01_body_tex
  0 0.000000 8.427520 1.187270 0.000000 0.046233 0.998931 0.015727 0.831763 2 13 0.800000 12 0.200000
  0 -0.681283 9.459370 0.766223 -0.273081 0.434132 0.858462 0.066015 0.925466 2 24 0.330000 13 0.670000
  0 -0.972696 8.511050 0.940788 -0.300076 0.084263 0.950186 0.100244 0.834397 2 13 0.800000 12 0.200000
assets/textures/Ch_MutoYugi01_body_tex
  0 0.000000 8.427520 1.187270 0.000000 0.046233 0.998931 0.015727 0.831763 2 13 0.800000 12 0.200000
  0 -0.832308 7.692620 0.896983 -0.269813 -0.097833 0.957930 0.098949 0.764855 2 12 0.600000 3 0.400000
  0 0.000000 7.712320 1.142850 0.000000 -0.089762 0.995963 0.015727 0.764855 2 12 0.600000 3 0.400000
assets/textures/Ch_MutoYugi01_body_tex
  0 0.000000 8.427520 1.187270 0.000000 0.046233 0.998931 0.015727 0.831763 2 13 0.800000 12 0.200000
  0 -0.972696 8.511050 0.940788 -0.300076 0.084263 0.950186 0.100244 0.834397 2 13 0.800000 12 0.200000
  0 -0.832308 7.692620 0.896983 -0.269813 -0.097833 0.957930 0.098949 0.764855 2 12 0.600000 3 0.400000
assets/textures/Ch_MutoYugi01_body_tex
  0 -0.681283 9.459370 0.766223 -0.273081 0.434132 0.858462 0.066015 0.925466 2 24 0.330000 13 0.670000
  0 -1.206320 9.025480 0.519289 -0.561361 0.226238 0.796046 0.156794 0.897289 2 24 0.430000 13 0.570000
  0 -0.972696 8.511050 0.940788 -0.300076 0.084263 0.950186 0.100244 0.834397 2 13 0.800000 12 0.200000
assets/textures/Ch_MutoYugi01_body_tex
  0 -1.169740 9.485520 0.524889 -0.479069 0.420345 0.770586 0.142621 0.927760 2 24 0.620000 13 0.380000
  0 -1.206320 9.025480 0.519289 -0.561361 0.226238 0.796046 0.156794 0.897289 2 24 0.430000 13 0.570000
  0 -0.681283 9.459370 0.766223 -0.273081 0.434132 0.858462 0.066015 0.925466 2 24 0.330000 13 0.670000
assets/textures/Ch_MutoYugi01_body_tex
  0 0.801427 9.841940 -0.325892 0.340578 0.838592 -0.425170 0.284474 0.953910 2 16 0.200000 13 0.800000
  0 0.566628 10.025800 0.192628 0.907175 0.413763 0.076384 0.314654 0.984997 1 13 1.000000
  0 0.869065 9.871950 0.132781 0.323810 0.874388 0.361375 0.275780 0.984997 2 16 0.200000 13 0.800000
assets/textures/Ch_MutoYugi01_body_tex
  0 0.801427 9.841940 -0.325892 0.340578 0.838592 -0.425170 0.284474 0.953910 2 16 0.200000 13 0.800000
  0 0.000000 9.878700 -0.415673 0.000000 0.814703 -0.579879 0.356664 0.953910 1 13 1.000000
  0 0.566628 10.025800 0.192628 0.907175 0.413763 0.076384 0.314654 0.984997 1 13 1.000000
assets/textures/Ch_MutoYugi01_body_tex
  0 -0.801427 9.841940 -0.325892 -0.340579 0.838592 -0.425170 0.284474 0.953910 2 24 0.500000 13 0.500000
  0 -0.869065 9.871950 0.132781 -0.323810 0.874389 0.361374 0.275780 0.984997 2 24 0.500000 13 0.500000
  0 -0.566628 10.025800 0.192628 -0.907175 0.413763 0.076384 0.314654 0.984997 1 13 1.000000
assets/textures/Ch_MutoYugi01_body_tex
  0 -0.801427 9.841940 -0.325892 -0.340579 0.838592 -0.425170 0.284474 0.953910 2 24 0.500000 13 0.500000
  0 -1.120410 9.815240 -0.306023 -0.083059 0.993263 -0.080806 0.244233 0.953910 2 24 0.620000 13 0.380000
  0 -0.869065 9.871950 0.132781 -0.323810 0.874389 0.361374 0.275780 0.984997 2 24 0.500000 13 0.500000
assets/textures/Ch_MutoYugi01_body_tex
  0 -1.120410 9.815240 -0.306023 -0.083059 0.993263 -0.080806 0.244233 0.953910 2 24 0.620000 13 0.380000
  0 -1.135210 9.852920 0.131952 -0.067115 0.921956 0.381434 0.244233 0.984997 2 24 0.740000 13 0.260000
  0 -0.869065 9.871950 0.132781 -0.323810 0.874389 0.361374 0.275780 0.984997 2 24 0.500000 13 0.500000
assets/textures/Ch_MutoYugi01_body_tex
  0 0.135072 8.083770 1.771230 0.530325 0.049642 0.846340 0.401764 0.505035 2 15 0.400000 14 0.600000
  0 0.451427 7.907400 1.583340 0.530325 0.049642 0.846340 0.490470 0.505035 2 15 0.400000 14 0.600000
  0 0.314099 8.553770 1.631480 0.530325 0.049642 0.846340 0.401764 0.639100 4 15 0.020000 14 0.690000 13 0.260000 12 0.030000
assets/textures/Ch_MutoYugi01_body_tex
  0 0.451427 7.907400 1.583340 0.530325 0.049642 0.846340 0.490470 0.505035 2 15 0.400000 14 0.600000
  0 0.630454 8.377400 1.443590 0.530325 0.049642 0.846340 0.490470 0.639100 1 14 1.000000
  0 0.314099 8.553770 1.631480 0.530325 0.049642 0.846340 0.401764 0.639100 4 15 0.020000 14 0.690000 13 0.260000 12 0.030000
assets/textures/Ch_MutoYugi01_body_tex
  0 -0.342797 7.817720 1.680870 -0.324813 0.081485 0.942262 0.401764 0.505035 2 15 0.400000 14 0.600000
  0 0.032748 8.016490 1.793140 -0.324813 0.081485 0.942262 0.490470 0.505035 1 14 1.000000
  0 -0.570699 8.317080 1.559120 -0.324813 0.081485 0.942262 0.401764 0.639100 2 15 0.100000 14 0.900000
assets/textures/Ch_MutoYugi01_body_tex
  0 -0.520697 8.124030 1.564430 -0.479561 0.102104 0.871548 0.401764 0.505035 2 15 0.100000 14 0.900000
  0 -0.160439 8.302710 1.741730 -0.479561 0.102104 0.871548 0.490470 0.505035 2 15 0.030000 14 0.970000
  0 -0.696763 8.634500 1.407750 -0.479561 0.102104 0.871548 0.401764 0.639100 1 14 1.000000
assets/textures/Ch_MutoYugi01_body_tex
  0 -0.160439 8.302710 1.741730 -0.479561 0.102104 0.871548 0.490470 0.505035 2 15 0.030000 14 0.970000
  0 -0.336504 8.813170 1.585050 -0.479561 0.102104 0.871548 0.490470 0.639100 1 14 1.000000
  0 -0.696763 8.634500 1.407750 -0.479561 0.102104 0.871548 0.401764 0.639100 1 14 1.000000
assets/textures/Ch_MutoYugi01_body_tex
  0 -0.590276 8.410430 1.452720 -0.653228 0.098171 0.750770 0.401764 0.505035 2 15 0.040000 14 0.960000
  0 -0.279825 8.602030 1.697780 -0.653228 0.098171 0.750770 0.490470 0.505035 1 14 1.000000
  0 -0.743527 8.913410 1.253610 -0.653228 0.098171 0.750770 0.401764 0.639100 1 14 1.000000
assets/textures/Ch_MutoYugi01_body_tex
  0 2.978690 9.654500 -0.386192 -0.061584 -0.414777 0.907837 0.987100 0.599624 2 18 0.180000 17 0.820000
  0 2.256640 9.723780 -0.402574 -0.322816 -0.470748 0.821088 0.894131 0.599624 2 17 0.950000 16 0.050000
  0 2.256640 9.339280 -0.402574 -0.090734 0.515464 0.852094 0.894131 0.506655 2 17 0.930000 16 0.070000
assets/textures/Ch_MutoYugi01_body_tex
  0 2.978690 9.654500 -0.386192 -0.061584 -0.414777 0.907837 0.987100 0.506655 2 18 0.180000 17 0.820000
  0 2.949430 9.834020 -0.086344 -0.104223 -0.994537 -0.005810 0.987100 0.599624 2 18 0.270000 17 0.730000
  0 2.256640 9.723780 -0.402574 -0.322816 -0.470748 0.821088 0.894131 0.506655 2 17 0.950000 16 0.050000
assets/textures/Ch_MutoYugi01_body_tex
  0 2.949430 9.834020 -0.086344 -0.104223 -0.994537 -0.005810 0.987100 0.599624 2 18 0.270000 17 0.730000
  0 2.256640 9.916030 -0.086344 -0.438424 -0.898754 -0.005087 0.894131 0.599624 2 17 0.970000 16 0.030000
  0 2.256640 9.723780 -0.402574 -0.322816 -0.470748 0.821088 0.894131 0.506655 2 17 0.950000 16 0.050000
assets/textures/Ch_MutoYugi01_body_tex
  0 2.256640 9.916030 -0.086344 -0.438424 -0.898754 -0.005087 0.894131 0.506655 2 17 0.970000 16 0.030000
  0 2.949430 9.834020 -0.086344 -0.104223 -0.994537 -0.005810 0.987100 0.506655 2 18 0.270000 17 0.730000
  0 2.256640 9.706020 0.229887 -0.321154 -0.446939 -0.834929 0.894131 0.599624 2 17 0.990000 16 0.010000
assets/textures/Ch_MutoYugi01_body_tex
  0 2.949430 9.834020 -0.086344 -0.104223 -0.994537 -0.005810 0.987100 0.506655 2 18 0.270000 17 0.730000
  0 2.978690 9.654500 0.200196 -0.064437 -0.410294 -0.909674 0.987100 0.599624 1 17 1.000000
  0 2.256640 9.706020 0.229887 -0.321154 -0.446939 -0.834929 0.894131 0.599624 2 17 0.990000 16 0.010000
assets/textures/Ch_MutoYugi01_body_tex
  0 3.066480 9.159930 -0.086344 0.010780 0.999872 -0.011854 0.987100 0.599624 2 18 0.440000 17 0.560000
  0 2.256640 9.162590 -0.086344 -0.018508 0.999728 -0.014207 0.894131 0.599624 2 17 0.950000 16 0.050000
  0 3.037220 9.312570 0.199934 -0.008054 0.567889 -0.823066 0.987100 0.506655 1 17 1.000000
assets/textures/Ch_MutoYugi01_body_tex
  0 2.256640 9.162590 -0.086344 -0.018508 0.999728 -0.014207 0.894131 0.599624 2 17 0.950000 16 0.050000
  0 2.256640 9.339280 0.216243 -0.098435 0.519529 -0.848764 0.894131 0.506655 2 17 0.980000 16 0.020000
  0 3.037220 9.312570 0.199934 -0.008054 0.567889 -0.823066 0.987100 0.506655 1 17 1.000000
assets/textures/Ch_MutoYugi01_body_tex
  0 3.066480 9.159930 -0.086344 0.010780 0.999872 -0.011854 0.987100 0.506655 2 18 0.440000 17 0.560000
  0 3.037220 9.295450 -0.386192 -0.002458 0.578582 0.815620 0.987100 0.599624 3 18 0.190000 17 0.800000 16 0.010000
  0 2.256640 9.162590 -0.086344 -0.018508 0.999728 -0.014207 0.894131 0.506655 2 17 0.950000 16 0.050000
assets/textures/Ch_MutoYugi01_body_tex
  0 1.765170 9.288720 -0.531990 -0.351374 0.474241 0.807237 0.894131 0.506655 2 17 0.610000 16 0.390000
  0 2.095130 9.363460 -0.472954 -0.304671 0.501504 0.809734 0.987100 0.506655 2 17 0.850000 16 0.150000
  0 1.808830 9.738340 -0.531991 -0.123336 -0.452894 0.882992 0.894131 0.599624 2 17 0.650000 16 0.350000
assets/textures/Ch_MutoYugi01_body_tex
  0 2.095130 9.363460 -0.472954 -0.304671 0.501504 0.809734 0.987100 0.506655 2 17 0.850000 16 0.150000
  0 2.057250 9.831830 -0.585542 -0.150312 -0.503895 0.850586 0.987100 0.599624 2 17 0.770000 16 0.230000
  0 1.808830 9.738340 -0.531991 -0.123336 -0.452894 0.882992 0.894131 0.599624 2 17 0.650000 16 0.350000
assets/textures/Ch_MutoYugi01_body_tex
  0 1.808830 9.738340 -0.531991 -0.123336 -0.452894 0.882992 0.894131 0.506655 2 17 0.650000 16 0.350000
  0 2.057250 9.831830 -0.585542 -0.150312 -0.503895 0.850586 0.987100 0.506655 2 17 0.770000 16 0.230000
  0 1.845790 10.008200 -0.086344 0.117134 -0.993116 0.000000 0.894131 0.599624 2 17 0.740000 16 0.260000
assets/textures/Ch_MutoYugi01_body_tex
  0 2.057250 9.831830 -0.585542 -0.150312 -0.503895 0.850586 0.987100 0.506655 2 17 0.770000 16 0.230000
  0 2.038120 10.185900 -0.086344 -0.117134 -0.993116 0.000000 0.987100 0.599624 2 17 0.770000 16 0.230000
  0 1.845790 10.008200 -0.086344 0.117134 -0.993116 0.000000 0.894131 0.599624 2 17 0.740000 16 0.260000
assets/textures/Ch_MutoYugi01_body_tex
  0 1.743340 8.974580 -0.086344 -0.418947 0.904694 -0.077544 0.894131 0.506655 2 17 0.800000 16 0.200000
  0 2.113760 9.140920 -0.086344 -0.318040 0.948077 0.000000 0.987100 0.506655 2 17 0.910000 16 0.090000
  0 1.765170 9.288720 -0.531990 -0.351374 0.474241 0.807237 0.894131 0.599624 2 17 0.610000 16 0.390000
assets/textures/Ch_MutoYugi01_body_tex
  0 2.113760 9.140920 -0.086344 -0.318040 0.948077 0.000000 0.987100 0.506655 2 17 0.910000 16 0.090000
  0 2.095130 9.363460 -0.472954 -0.304671 0.501504 0.809734 0.987100 0.599624 2 17 0.850000 16 0.150000
  0 1.765170 9.288720 -0.531990 -0.351374 0.474241 0.807237 0.894131 0.599624 2 17 0.610000 16 0.390000
assets/textures/Ch_MutoYugi01_body_tex
  0 2.256640 9.339280 -0.402574 -0.090734 0.515464 0.852094 0.987100 0.506655 2 17 0.930000 16 0.070000
  0 2.256640 9.723780 -0.402574 -0.322816 -0.470748 0.821088 0.987100 0.599624 2 17 0.950000 16 0.050000
  0 2.095130 9.363460 -0.472954 -0.304671 0.501504 0.809734 0.894131 0.506655 2 17 0.850000 16 0.150000
assets/textures/Ch_MutoYugi01_body_tex
  0 2.256640 9.723780 -0.402574 -0.322816 -0.470748 0.821088 0.987100 0.599624 2 17 0.950000 16 0.050000
  0 2.057250 9.831830 -0.585542 -0.150312 -0.503895 0.850586 0.894131 0.599624 2 17 0.770000 16 0.230000
  0 2.095130 9.363460 -0.472954 -0.304671 0.501504 0.809734 0.894131 0.506655 2 17 0.850000 16 0.150000
assets/textures/Ch_MutoYugi01_body_tex
  0 2.256640 9.723780 -0.402574 -0.322816 -0.470748 0.821088 0.987100 0.506655 2 17 0.950000 16 0.050000
  0 2.256640 9.916030 -0.086344 -0.438424 -0.898754 -0.005087 0.987100 0.599624 2 17 0.970000 16 0.030000
  0 2.057250 9.831830 -0.585542 -0.150312 -0.503895 0.850586 0.894131 0.506655 2 17 0.770000 16 0.230000
assets/textures/Ch_MutoYugi01_body_tex
  0 2.256640 9.916030 -0.086344 -0.438424 -0.898754 -0.005087 0.987100 0.599624 2 17 0.970000 16 0.030000
  0 2.038120 10.185900 -0.086344 -0.117134 -0.993116 0.000000 0.894131 0.599624 2 17 0.770000 16 0.230000
  0 2.057250 9.831830 -0.585542 -0.150312 -0.503895 0.850586 0.894131 0.506655 2 17 0.770000 16 0.230000
assets/textures/Ch_MutoYugi01_body_tex
  0 2.038120 10.185900 -0.086344 -0.117134 -0.993116 0.000000 0.894131 0.506655 2 17 0.770000 16 0.230000
  0 2.256640 9.916030 -0.086344 -0.438424 -0.898754 -0.005087 0.987100 0.506655 2 17 0.970000 16 0.030000
  0 2.072140 9.838750 0.390190 -0.175319 -0.519536 -0.836269 0.894131 0.599624 2 17 0.880000 16 0.120000
assets/textures/Ch_MutoYugi01_body_tex
  0 2.256640 9.916030 -0.086344 -0.438424 -0.898754 -0.005087 0.987100 0.506655 2 17 0.970000 16 0.030000
  0 2.256640 9.706020 0.229887 -0.321154 -0.446939 -0.834929 0.987100 0.599624 2 17 0.990000 16 0.010000
  0 2.072140 9.838750 0.390190 -0.175319 -0.519536 -0.836269 0.894131 0.599624 2 17 0.880000 16 0.120000
assets/textures/Ch_MutoYugi01_body_tex
  0 2.072140 9.838750 0.390190 -0.175319 -0.519536 -0.836269 0.894131 0.506655 2 17 0.880000 16 0.120000
  0 2.256640 9.706020 0.229887 -0.321154 -0.446939 -0.834929 0.987100 0.506655 2 17 0.990000 16 0.010000
  0 2.095140 9.363460 0.300267 -0.308635 0.491082 -0.814606 0.894131 0.599624 2 17 0.950000 16 0.050000
assets/textures/Ch_MutoYugi01_body_tex
  0 2.256640 9.706020 0.229887 -0.321154 -0.446939 -0.834929 0.987100 0.506655 2 17 0.990000 16 0.010000
  0 2.256640 9.339280 0.216243 -0.098435 0.519529 -0.848764 0.987100 0.599624 2 17 0.980000 16 0.020000
  0 2.095140 9.363460 0.300267 -0.308635 0.491082 -0.814606 0.894131 0.599624 2 17 0.950000 16 0.050000
assets/textures/Ch_MutoYugi01_body_tex
  0 2.095140 9.363460 0.300267 -0.308635 0.491082 -0.814606 0.894131 0.506655 2 17 0.950000 16 0.050000
  0 2.256640 9.339280 0.216243 -0.098435 0.519529 -0.848764 0.987100 0.506655 2 17 0.980000 16 0.020000
  0 2.113760 9.140920 -0.086344 -0.318040 0.948077 0.000000 0.894131 0.599624 2 17 0.910000 16 0.090000
assets/textures/Ch_MutoYugi01_body_tex
  0 2.256640 9.339280 0.216243 -0.098435 0.519529 -0.848764 0.987100 0.506655 2 17 0.980000 16 0.020000
  0 2.256640 9.162590 -0.086344 -0.018508 0.999728 -0.014207 0.987100 0.599624 2 17 0.950000 16 0.050000
  0 2.113760 9.140920 -0.086344 -0.318040 0.948077 0.000000 0.894131 0.599624 2 17 0.910000 16 0.090000
assets/textures/Ch_MutoYugi01_body_tex
  0 2.256640 9.162590 -0.086344 -0.018508 0.999728 -0.014207 0.987100 0.506655 2 17 0.950000 16 0.050000
  0 2.256640 9.339280 -0.402574 -0.090734 0.515464 0.852094 0.987100 0.599624 2 17 0.930000 16 0.070000
  0 2.113760 9.140920 -0.086344 -0.318040 0.948077 0.000000 0.894131 0.506655 2 17 0.910000 16 0.090000
assets/textures/Ch_MutoYugi01_body_tex
  0 2.256640 9.339280 -0.402574 -0.090734 0.515464 0.852094 0.987100 0.599624 2 17 0.930000 16 0.070000
  0 2.095130 9.363460 -0.472954 -0.304671 0.501504 0.809734 0.894131 0.599624 2 17 0.850000 16 0.150000
  0 2.113760 9.140920 -0.086344 -0.318040 0.948077 0.000000 0.894131 0.506655 2 17 0.910000 16 0.090000
assets/textures/Ch_MutoYugi01_body_tex
  0 2.256640 9.706020 0.229887 -0.321154 -0.446939 -0.834929 0.894131 0.506655 2 17 0.990000 16 0.010000
  0 2.978690 9.654500 0.200196 -0.064437 -0.410294 -0.909674 0.987100 0.506655 1 17 1.000000
  0 2.256640 9.339280 0.216243 -0.098435 0.519529 -0.848764 0.894131 0.599624 2 17 0.980000 16 0.020000
assets/textures/Ch_MutoYugi01_body_tex
  0 2.038120 10.185900 -0.086344 -0.117134 -0.993116 0.000000 0.987100 0.506655 2 17 0.770000 16 0.230000
  0 2.072140 9.838750 0.390190 -0.175319 -0.519536 -0.836269 0.987100 0.599624 2 17 0.880000 16 0.120000
  0 1.845790 10.008200 -0.086344 0.117134 -0.993116 0.000000 0.894131 0.506655 2 17 0.740000 16 0.260000
assets/textures/Ch_MutoYugi01_body_tex
  0 2.072140 9.838750 0.390190 -0.175319 -0.519536 -0.836269 0.987100 0.599624 2 17 0.880000 16 0.120000
  0 1.808830 9.738340 0.359303 -0.157426 -0.389062 -0.907661 0.894131 0.599624 2 17 0.780000 16 0.220000
  0 1.845790 10.008200 -0.086344 0.117134 -0.993116 0.000000 0.894131 0.506655 2 17 0.740000 16 0.260000
assets/textures/Ch_MutoYugi01_body_tex
  0 2.072140 9.838750 0.390190 -0.175319 -0.519536 -0.836269 0.987100 0.506655 2 17 0.880000 16 0.120000
  0 2.095140 9.363460 0.300267 -0.308635 0.491082 -0.814606 0.987100 0.599624 2 17 0.950000 16 0.050000
  0 1.808830 9.738340 0.359303 -0.157426 -0.389062 -0.907661 0.894131 0.506655 2 17 0.780000 16 0.220000
assets/textures/Ch_MutoYugi01_body_tex
  0 2.095140 9.363460 0.300267 -0.308635 0.491082 -0.814606 0.987100 0.599624 2 17 0.950000 16 0.050000
  0 1.765170 9.288720 0.359303 -0.325298 0.472720 -0.818973 0.894131 0.599624 2 17 0.690000 16 0.310000
  0 1.808830 9.738340 0.359303 -0.157426 -0.389062 -0.907661 0.894131 0.506655 2 17 0.780000 16 0.220000
assets/textures/Ch_MutoYugi01_body_tex
  0 6.288620 9.361510 -0.366889 -0.479751 -0.771901 -0.417142 0.564372 -0.304685 2 20 0.600000 19 0.400000
  0 6.370420 8.986990 -0.094871 -0.903495 -0.316810 0.288668 0.575769 -0.309854 3 20 0.800000 19 0.140000 18 0.060000
  0 6.448740 9.413760 0.008480 -0.831883 -0.467734 0.298657 0.564372 -0.320809 3 20 0.800000 19 0.160000 18 0.040000
assets/textures/Ch_MutoYugi01_body_tex
  0 6.288620 9.361510 -0.366889 -0.479751 -0.771901 -0.417142 0.564372 -0.304685 2 20 0.600000 19 0.400000
  0 6.343410 8.996330 -0.217083 -0.559659 -0.510557 -0.652774 0.575769 -0.304604 3 20 0.800000 19 0.130000 18 0.070000
  0 6.370420 8.986990 -0.094871 -0.903495 -0.316810 0.288668 0.575769 -0.309854 3 20 0.800000 19 0.140000 18 0.060000
assets/textures/Ch_MutoYugi01_body_tex
  0 -1.808830 9.738340 -0.531991 0.124052 -0.455637 0.881479 0.987100 0.599624 2 25 0.650000 24 0.350000
  0 -1.765170 9.288720 -0.531990 0.351374 0.474241 0.807237 0.987100 0.506655 2 25 0.610000 24 0.390000
  0 -1.533670 9.159360 -0.630169 0.262322 0.496285 0.827580 0.894131 0.506655 2 25 0.500000 24 0.500000
assets/textures/Ch_MutoYugi01_body_tex
  0 -1.765170 9.288720 -0.531990 0.351374 0.474241 0.807237 0.894131 0.506655 2 25 0.610000 24 0.390000
  0 -1.808830 9.738340 -0.531991 0.124052 -0.455637 0.881479 0.894131 0.599624 2 25 0.650000 24 0.350000
  0 -2.095130 9.363460 -0.472954 0.304671 0.501504 0.809734 0.987100 0.506655 2 25 0.850000 24 0.150000
assets/textures/Ch_MutoYugi01_body_tex
  0 -1.808830 9.738340 -0.531991 0.124052 -0.455637 0.881479 0.894131 0.599624 2 25 0.650000 24 0.350000
  0 -2.057250 9.831830 -0.585542 0.150312 -0.503895 0.850586 0.987100 0.599624 2 25 0.770000 24 0.230000
  0 -2.095130 9.363460 -0.472954 0.304671 0.501504 0.809734 0.987100 0.506655 2 25 0.850000 24 0.150000
assets/textures/Ch_MutoYugi01_body_tex
  0 -1.808830 9.738340 -0.531991 0.124052 -0.455637 0.881479 0.894131 0.506655 2 25 0.650000 24 0.350000
  0 -1.845790 10.008200 -0.086344 -0.104223 -0.994537 -0.005810 0.894131 0.599624 2 25 0.740000 24 0.260000
  0 -2.057250 9.831830 -0.585542 0.150312 -0.503895 0.850586 0.987100 0.506655 2 25 0.770000 24 0.230000
assets/textures/Ch_MutoYugi01_body_tex
  0 -1.845790 10.008200 -0.086344 -0.104223 -0.994537 -0.005810 0.894131 0.599624 2 25 0.740000 24 0.260000
  0 -2.038120 10.185900 -0.086344 0.117134 -0.993116 0.000000 0.987100 0.599624 2 25 0.770000 24 0.230000
  0 -2.057250 9.831830 -0.585542 0.150312 -0.503895 0.850586 0.987100 0.506655 2 25 0.770000 24 0.230000
assets/textures/Ch_MutoYugi01_body_tex
  0 -1.743340 8.974580 -0.086344 0.418947 0.904694 -0.077544 0.894131 0.506655 2 25 0.800000 24 0.200000
  0 -1.765170 9.288720 -0.531990 0.351374 0.474241 0.807237 0.894131 0.599624 2 25 0.610000 24 0.390000
  0 -2.113760 9.140920 -0.086344 0.318040 0.948077 0.000000 0.987100 0.506655 2 25 0.910000 24 0.090000
assets/textures/Ch_MutoYugi01_body_tex
  0 -1.765170 9.288720 -0.531990 0.351374 0.474241 0.807237 0.894131 0.599624 2 25 0.610000 24 0.390000
  0 -2.095130 9.363460 -0.472954 0.304671 0.501504 0.809734 0.987100 0.599624 2 25 0.850000 24 0.150000
  0 -2.113760 9.140920 -0.086344 0.318040 0.948077 0.000000 0.987100 0.506655 2 25 0.910000 24 0.090000
assets/textures/Ch_MutoYugi01_body_tex
  0 -2.057250 9.831830 -0.585542 0.150312 -0.503895 0.850586 0.894131 0.599624 2 25 0.770000 24 0.230000
  0 -2.256640 9.723780 -0.402574 0.322816 -0.470748 0.821088 0.987100 0.599624 2 25 0.950000 24 0.050000
  0 -2.095130 9.363460 -0.472954 0.304671 0.501504 0.809734 0.894131 0.506655 2 25 0.850000 24 0.150000
assets/textures/Ch_MutoYugi01_body_tex
  0 -2.256640 9.723780 -0.402574 0.322816 -0.470748 0.821088 0.987100 0.599624 2 25 0.950000 24 0.050000
  0 -2.256640 9.339280 -0.402574 0.090734 0.515464 0.852094 0.987100 0.506655 2 25 0.930000 24 0.070000
  0 -2.095130 9.363460 -0.472954 0.304671 0.501504 0.809734 0.894131 0.506655 2 25 0.850000 24 0.150000
assets/textures/Ch_MutoYugi01_body_tex
  0 -2.038120 10.185900 -0.086344 0.117134 -0.993116 0.000000 0.894131 0.599624 2 25 0.770000 24 0.230000
  0 -2.256640 9.916030 -0.086344 0.436098 -0.899881 -0.005795 0.987100 0.599624 2 25 0.970000 24 0.030000
  0 -2.057250 9.831830 -0.585542 0.150312 -0.503895 0.850586 0.894131 0.506655 2 25 0.770000 24 0.230000
assets/textures/Ch_MutoYugi01_body_tex
  0 -2.256640 9.916030 -0.086344 0.436098 -0.899881 -0.005795 0.987100 0.599624 2 25 0.970000 24 0.030000
  0 -2.256640 9.723780 -0.402574 0.322816 -0.470748 0.821088 0.987100 0.506655 2 25 0.950000 24 0.050000
  0 -2.057250 9.831830 -0.585542 0.150312 -0.503895 0.850586 0.894131 0.506655 2 25 0.770000 24 0.230000
assets/textures/Ch_MutoYugi01_body_tex
  0 -2.038120 10.185900 -0.086344 0.117134 -0.993116 0.000000 0.894131 0.506655 2 25 0.770000 24 0.230000
  0 -2.072140 9.835290 0.384755 0.177635 -0.517323 -0.837152 0.894131 0.599624 2 25 0.880000 24 0.120000
  0 -2.256640 9.916030 -0.086344 0.436098 -0.899881 -0.005795 0.987100 0.506655 2 25 0.970000 24 0.030000
assets/textures/Ch_MutoYugi01_body_tex
  0 -2.072140 9.835290 0.384755 0.177635 -0.517323 -0.837152 0.894131 0.599624 2 25 0.880000 24 0.120000
  0 -2.256640 9.706020 0.229887 0.315822 -0.447590 -0.836612 0.987100 0.599624 2 25 0.990000 24 0.010000
  0 -2.256640 9.916030 -0.086344 0.436098 -0.899881 -0.005795 0.987100 0.506655 2 25 0.970000 24 0.030000
assets/textures/Ch_MutoYugi01_body_tex
  0 -2.072140 9.835290 0.384755 0.177635 -0.517323 -0.837152 0.894131 0.506655 2 25 0.880000 24 0.120000
  0 -2.095140 9.363460 0.300267 0.308940 0.489631 -0.815364 0.894131 0.599624 2 25 0.950000 24 0.050000
  0 -2.256640 9.706020 0.229887 0.315822 -0.447590 -0.836612 0.987100 0.506655 2 25 0.990000 24 0.010000
assets/textures/Ch_MutoYugi01_body_tex
  0 -2.095140 9.363460 0.300267 0.308940 0.489631 -0.815364 0.894131 0.599624 2 25 0.950000 24 0.050000
  0 -2.256640 9.339280 0.216243 0.096914 0.519309 -0.849074 0.987100 0.599624 2 25 0.980000 24 0.020000
  0 -2.256640 9.706020 0.229887 0.315822 -0.447590 -0.836612 0.987100 0.506655 2 25 0.990000 24 0.010000
assets/textures/Ch_MutoYugi01_body_tex
  0 -2.095140 9.363460 0.300267 0.308940 0.489631 -0.815364 0.894131 0.506655 2 25 0.950000 24 0.050000
  0 -2.113760 9.140920 -0.086344 0.318040 0.948077 0.000000 0.894131 0.599624 2 25 0.910000 24 0.090000
  0 -2.256640 9.339280 0.216243 0.096914 0.519309 -0.849074 0.987100 0.506655 2 25 0.980000 24 0.020000
assets/textures/Ch_MutoYugi01_body_tex
  0 -2.113760 9.140920 -0.086344 0.318040 0.948077 0.000000 0.894131 0.599624 2 25 0.910000 24 0.090000
  0 -2.256640 9.162590 -0.086344 0.010780 0.999872 -0.011854 0.987100 0.599624 2 25 0.950000 24 0.050000
  0 -2.256640 9.339280 0.216243 0.096914 0.519309 -0.849074 0.987100 0.506655 2 25 0.980000 24 0.020000
assets/textures/Ch_MutoYugi01_body_tex
  0 -2.095130 9.363460 -0.472954 0.304671 0.501504 0.809734 0.894131 0.599624 2 25 0.850000 24 0.150000
  0 -2.256640 9.339280 -0.402574 0.090734 0.515464 0.852094 0.987100 0.599624 2 25 0.930000 24 0.070000
  0 -2.113760 9.140920 -0.086344 0.318040 0.948077 0.000000 0.894131 0.506655 2 25 0.910000 24 0.090000
assets/textures/Ch_MutoYugi01_body_tex
  0 -2.256640 9.339280 -0.402574 0.090734 0.515464 0.852094 0.987100 0.599624 2 25 0.930000 24 0.070000
  0 -2.256640 9.162590 -0.086344 0.010780 0.999872 -0.011854 0.987100 0.506655 2 25 0.950000 24 0.050000
  0 -2.113760 9.140920 -0.086344 0.318040 0.948077 0.000000 0.894131 0.506655 2 25 0.910000 24 0.090000
assets/textures/Ch_MutoYugi01_body_tex
  0 -1.808830 9.738340 0.359303 0.163174 -0.392000 -0.905379 0.894131 0.599624 2 25 0.780000 24 0.220000
  0 -2.072140 9.835290 0.384755 0.177635 -0.517323 -0.837152 0.987100 0.599624 2 25 0.880000 24 0.120000
  0 -1.845790 10.008200 -0.086344 -0.104223 -0.994537 -0.005810 0.894131 0.506655 2 25 0.740000 24 0.260000
assets/textures/Ch_MutoYugi01_body_tex
  0 -2.072140 9.835290 0.384755 0.177635 -0.517323 -0.837152 0.987100 0.599624 2 25 0.880000 24 0.120000
  0 -2.038120 10.185900 -0.086344 0.117134 -0.993116 0.000000 0.987100 0.506655 2 25 0.770000 24 0.230000
  0 -1.845790 10.008200 -0.086344 -0.104223 -0.994537 -0.005810 0.894131 0.506655 2 25 0.740000 24 0.260000
assets/textures/Ch_MutoYugi01_body_tex
  0 -1.765170 9.288720 0.359303 0.325297 0.472720 -0.818974 0.894131 0.599624 2 25 0.690000 24 0.310000
  0 -2.095140 9.363460 0.300267 0.308940 0.489631 -0.815364 0.987100 0.599624 2 25 0.950000 24 0.050000
  0 -1.808830 9.738340 0.359303 0.163174 -0.392000 -0.905379 0.894131 0.506655 2 25 0.780000 24 0.220000
assets/textures/Ch_MutoYugi01_body_tex
  0 -2.095140 9.363460 0.300267 0.308940 0.489631 -0.815364 0.987100 0.599624 2 25 0.950000 24 0.050000
  0 -2.072140 9.835290 0.384755 0.177635 -0.517323 -0.837152 0.987100 0.506655 2 25 0.880000 24 0.120000
  0 -1.808830 9.738340 0.359303 0.163174 -0.392000 -0.905379 0.894131 0.506655 2 25 0.780000 24 0.220000
assets/textures/Ch_MutoYugi01_body_tex
  0 -2.256640 9.723780 -0.402574 0.322816 -0.470748 0.821088 0.894131 0.599624 2 25 0.950000 24 0.050000
  0 -2.978690 9.654500 -0.386192 0.061584 -0.414777 0.907837 0.987100 0.599624 2 26 0.350000 25 0.650000
  0 -2.256640 9.339280 -0.402574 0.090734 0.515464 0.852094 0.894131 0.506655 2 25 0.930000 24 0.070000
assets/textures/Ch_MutoYugi01_body_tex
  0 -2.978690 9.654500 -0.386192 0.061584 -0.414777 0.907837 0.987100 0.599624 2 26 0.350000 25 0.650000
  0 -3.037220 9.295450 -0.386192 -0.002458 0.578582 0.815620 0.987100 0.506655 2 26 0.430000 25 0.570000
  0 -2.256640 9.339280 -0.402574 0.090734 0.515464 0.852094 0.894131 0.506655 2 25 0.930000 24 0.070000
assets/textures/Ch_MutoYugi01_body_tex
  0 -2.256640 9.916030 -0.086344 0.436098 -0.899881 -0.005795 0.894131 0.599624 2 25 0.970000 24 0.030000
  0 -2.949430 9.834020 -0.086344 0.110187 -0.993788 -0.015634 0.987100 0.599624 2 26 0.200000 25 0.800000
  0 -2.256640 9.723780 -0.402574 0.322816 -0.470748 0.821088 0.894131 0.506655 2 25 0.950000 24 0.050000
assets/textures/Ch_MutoYugi01_body_tex
  0 -2.949430 9.834020 -0.086344 0.110187 -0.993788 -0.015634 0.987100 0.599624 2 26 0.200000 25 0.800000
  0 -2.978690 9.654500 -0.386192 0.061584 -0.414777 0.907837 0.987100 0.506655 2 26 0.350000 25 0.650000
  0 -2.256640 9.723780 -0.402574 0.322816 -0.470748 0.821088 0.894131 0.506655 2 25 0.950000 24 0.050000
assets/textures/Ch_MutoYugi01_body_tex
  0 -2.256640 9.916030 -0.086344 0.436098 -0.899881 -0.005795 0.894131 0.506655 2 25 0.970000 24 0.030000
  0 -2.256640 9.706020 0.229887 0.315822 -0.447590 -0.836612 0.894131 0.599624 2 25 0.990000 24 0.010000
  0 -2.949430 9.834020 -0.086344 0.110187 -0.993788 -0.015634 0.987100 0.506655 2 26 0.200000 25 0.800000
assets/textures/Ch_MutoYugi01_body_tex
  0 -2.256640 9.706020 0.229887 0.315822 -0.447590 -0.836612 0.894131 0.599624 2 25 0.990000 24 0.010000
  0 -2.978690 9.654500 0.200196 0.064437 -0.410294 -0.909674 0.987100 0.599624 2 26 0.140000 25 0.860000
  0 -2.949430 9.834020 -0.086344 0.110187 -0.993788 -0.015634 0.987100 0.506655 2 26 0.200000 25 0.800000
assets/textures/Ch_MutoYugi01_body_tex
  0 -2.256640 9.706020 0.229887 0.315822 -0.447590 -0.836612 0.894131 0.506655 2 25 0.990000 24 0.010000
  0 -2.256640 9.339280 0.216243 0.096914 0.519309 -0.849074 0.894131 0.599624 2 25 0.980000 24 0.020000
  0 -2.978690 9.654500 0.200196 0.064437 -0.410294 -0.909674 0.987100 0.506655 2 26 0.140000 25 0.860000
assets/textures/Ch_MutoYugi01_body_tex
  0 -2.256640 9.339280 0.216243 0.096914 0.519309 -0.849074 0.894131 0.599624 2 25 0.980000 24 0.020000
  0 -3.037220 9.312570 0.199934 0.008054 0.567889 -0.823066 0.987100 0.599624 2 26 0.360000 25 0.640000
  0 -2.978690 9.654500 0.200196 0.064437 -0.410294 -0.909674 0.987100 0.506655 2 26 0.140000 25 0.860000
assets/textures/Ch_MutoYugi01_body_tex
  0 -2.256640 9.339280 0.216243 0.096914 0.519309 -0.849074 0.894131 0.506655 2 25 0.980000 24 0.020000
  0 -2.256640 9.162590 -0.086344 0.010780 0.999872 -0.011854 0.894131 0.599624 2 25 0.950000 24 0.050000
  0 -3.037220 9.312570 0.199934 0.008054 0.567889 -0.823066 0.987100 0.506655 2 26 0.360000 25 0.640000
assets/textures/Ch_MutoYugi01_body_tex
  0 -2.256640 9.162590 -0.086344 0.010780 0.999872 -0.011854 0.894131 0.599624 2 25 0.950000 24 0.050000
  0 -3.066480 9.159930 -0.086344 -0.018508 0.999728 -0.014207 0.987100 0.599624 2 26 0.430000 25 0.570000
  0 -3.037220 9.312570 0.199934 0.008054 0.567889 -0.823066 0.987100 0.506655 2 26 0.360000 25 0.640000
assets/textures/Ch_MutoYugi01_body_tex
  0 -2.256640 9.339280 -0.402574 0.090734 0.515464 0.852094 0.894131 0.599624 2 25 0.930000 24 0.070000
  0 -3.037220 9.295450 -0.386192 -0.002458 0.578582 0.815620 0.987100 0.599624 2 26 0.430000 25 0.570000
  0 -2.256640 9.162590 -0.086344 0.010780 0.999872 -0.011854 0.894131 0.506655 2 25 0.950000 24 0.050000
assets/textures/Ch_MutoYugi01_body_tex
  0 -3.037220 9.295450 -0.386192 -0.002458 0.578582 0.815620 0.987100 0.599624 2 26 0.430000 25 0.570000
  0 -3.066480 9.159930 -0.086344 -0.018508 0.999728 -0.014207 0.987100 0.506655 2 26 0.430000 25 0.570000
  0 -2.256640 9.162590 -0.086344 0.010780 0.999872 -0.011854 0.894131 0.506655 2 25 0.950000 24 0.050000
assets/textures/Ch_MutoYugi01_body_tex
  0 -0.162459 13.343300 2.256310 -0.977427 0.112185 -0.179029 0.899988 0.735698 2 23 0.200000 22 0.800000
  0 0.003519 13.272700 2.084490 0.101232 0.684788 -0.721677 0.867934 0.735502 1 22 1.000000
  0 -0.109369 13.012800 1.844790 -0.984791 0.050562 -0.166224 0.899988 0.682135 1 22 1.000000
assets/textures/Ch_MutoYugi01_body_tex
  0 0.213381 13.505000 2.423170 0.816917 0.508872 -0.271469 0.830805 0.781508 2 23 0.200000 22 0.800000
  0 0.022881 13.751200 2.464710 0.091838 0.842779 -0.530367 0.867958 0.781377 2 23 0.200000 22 0.800000
  0 0.043200 13.489700 2.580300 0.160437 -0.237850 0.957960 0.867849 0.808209 2 23 0.200000 22 0.800000
assets/textures/Ch_MutoYugi01_body_tex
  0 0.213381 13.505000 2.423170 0.816917 0.508872 -0.271469 0.830805 0.781508 2 23 0.200000 22 0.800000
  0 0.043200 13.489700 2.580300 0.160437 -0.237850 0.957960 0.867849 0.808209 2 23 0.200000 22 0.800000
  0 0.240745 13.350500 2.505730 0.436043 -0.364026 0.823013 0.830805 0.808067 2 23 0.200000 22 0.800000
assets/textures/Ch_MutoYugi01_body_tex
  0 -0.162459 13.343300 2.256310 -0.977427 0.112185 -0.179029 0.901782 0.735698 2 23 0.200000 22 0.800000
  0 -0.148924 13.861700 2.605580 -0.567385 0.813347 -0.128616 0.901782 0.781508 2 23 0.200000 22 0.800000
  0 0.022881 13.751200 2.464710 0.091838 0.842779 -0.530367 0.867958 0.781377 2 23 0.200000 22 0.800000
assets/textures/Ch_MutoYugi01_body_tex
  0 0.043200 13.489700 2.580300 0.160437 -0.237850 0.957960 0.867849 0.808209 2 23 0.200000 22 0.800000
  0 0.022881 13.751200 2.464710 0.091838 0.842779 -0.530367 0.867958 0.781377 2 23 0.200000 22 0.800000
  0 -0.150308 13.609800 2.633980 -0.417625 -0.081426 0.904964 0.904804 0.808178 2 23 0.200000 22 0.800000
assets/textures/Ch_MutoYugi01_body_tex
  0 0.022881 13.751200 2.464710 0.091838 0.842779 -0.530367 0.867958 0.781377 2 23 0.200000 22 0.800000
  0 -0.148924 13.861700 2.605580 -0.567385 0.813347 -0.128616 0.901663 0.781508 2 23 0.200000 22 0.800000
  0 -0.150308 13.609800 2.633980 -0.417625 -0.081426 0.904964 0.904804 0.808178 2 23 0.200000 22 0.800000
assets/textures/Ch_MutoYugi01_body_tex
  0 0.022287 12.001600 2.111410 0.381969 0.403708 -0.831336 0.751273 0.781772 2 23 0.200000 22 0.800000
  0 -0.129465 12.595500 2.387650 0.729007 0.010139 -0.684431 0.751368 0.629517 2 23 0.200000 22 0.800000
  0 -0.143608 12.020900 2.142420 -0.194761 -0.423160 0.884875 0.790777 0.781838 2 23 0.200000 22 0.800000
assets/textures/Ch_MutoYugi01_body_tex
  0 -0.129465 12.595500 2.387650 0.729007 0.010139 -0.684431 0.751368 0.629517 2 23 0.200000 22 0.800000
  0 -0.366821 12.605900 2.362320 -0.288109 -0.120491 0.949987 0.790733 0.629603 2 23 0.200000 22 0.800000
  0 -0.143608 12.020900 2.142420 -0.194761 -0.423160 0.884875 0.790777 0.781838 2 23 0.200000 22 0.800000
assets/textures/Ch_MutoYugi01_body_tex
  0 -0.366821 12.605900 2.362320 -0.288109 -0.120491 0.949987 0.790733 0.629603 2 23 0.200000 22 0.800000
  0 -0.301304 12.017800 2.068450 0.021640 0.344066 -0.938696 0.828795 0.781917 2 23 0.200000 22 0.800000
  0 -0.143608 12.020900 2.142420 -0.194761 -0.423160 0.884875 0.790777 0.781838 2 23 0.200000 22 0.800000
assets/textures/Ch_MutoYugi01_body_tex
  0 -0.366821 12.605900 2.362320 -0.288109 -0.120491 0.949987 0.790733 0.629603 2 23 0.200000 22 0.800000
  0 -0.579358 12.573500 2.232240 -0.094380 0.344181 -0.934148 0.828795 0.629508 2 23 0.200000 22 0.800000
  0 -0.301304 12.017800 2.068450 0.021640 0.344066 -0.938696 0.828795 0.781917 2 23 0.200000 22 0.800000
assets/textures/Ch_MutoYugi01_body_tex
  0 -0.037933 12.786500 2.264200 0.016190 -0.231589 0.972679 0.868013 0.682344 2 23 0.200000 22 0.800000
  0 -0.366821 12.605900 2.362320 -0.288109 -0.120491 0.949987 0.867849 0.808209 2 23 0.200000 22 0.800000
  0 -0.129465 12.595500 2.387650 0.729007 0.010139 -0.684431 0.824145 0.808067 2 23 0.200000 22 0.800000
assets/textures/Ch_MutoYugi01_body_tex
  0 -0.037933 12.786500 2.264200 0.016190 -0.231589 0.972679 0.868013 0.682344 2 23 0.200000 22 0.800000
  0 -0.167561 12.789400 2.227090 -0.666401 0.615126 -0.421343 0.910287 0.682135 2 23 0.200000 22 0.800000
  0 -0.366821 12.605900 2.362320 -0.288109 -0.120491 0.949987 0.867849 0.808209 2 23 0.200000 22 0.800000
assets/textures/Ch_MutoYugi01_body_tex
  0 -0.167561 12.789400 2.227090 -0.666401 0.615126 -0.421343 0.910287 0.682135 2 23 0.200000 22 0.800000
  0 -0.579358 12.573500 2.232240 -0.094380 0.344181 -0.934148 0.910287 0.808178 2 23 0.200000 22 0.800000
  0 -0.366821 12.605900 2.362320 -0.288109 -0.120491 0.949987 0.867849 0.808209 2 23 0.200000 22 0.800000
assets/textures/Ch_MutoYugi01_body_tex
  0 0.240745 13.350500 2.505730 0.436043 -0.364026 0.823013 0.750877 0.629517 2 23 0.200000 22 0.800000
  0 0.043200 13.489700 2.580300 0.160437 -0.237850 0.957960 0.790733 0.629603 2 23 0.200000 22 0.800000
  0 -0.037933 12.786500 2.264200 0.016190 -0.231589 0.972679 0.790777 0.781838 2 23 0.200000 22 0.800000
assets/textures/Ch_MutoYugi01_body_tex
  0 0.043200 13.489700 2.580300 0.160437 -0.237850 0.957960 0.790733 0.629603 2 23 0.200000 22 0.800000
  0 -0.167561 12.789400 2.227090 -0.666401 0.615126 -0.421343 0.828795 0.781917 2 23 0.200000 22 0.800000
  0 -0.037933 12.786500 2.264200 0.016190 -0.231589 0.972679 0.790777 0.781838 2 23 0.200000 22 0.800000
assets/textures/Ch_MutoYugi01_body_tex
  0 0.043200 13.489700 2.580300 0.160437 -0.237850 0.957960 0.790733 0.629603 2 23 0.200000 22 0.800000
  0 -0.150308 13.609800 2.633980 -0.417625 -0.081426 0.904964 0.828795 0.629508 2 23 0.200000 22 0.800000
  0 -0.167561 12.789400 2.227090 -0.666401 0.615126 -0.421343 0.828795 0.781917 2 23 0.200000 22 0.800000
assets/textures/Ch_MutoYugi01_body_tex
  0 0.022287 12.001600 2.111410 0.381969 0.403708 -0.831336 0.907212 0.682135 2 23 0.200000 22 0.800000
  0 -0.143608 12.020900 2.142420 -0.194761 -0.423160 0.884875 0.867931 0.755340 2 23 0.200000 22 0.800000
  0 0.152292 11.600900 2.022130 0.156540 0.135637 -0.978314 0.907212 0.808178 2 23 0.200000 22 0.800000
assets/textures/Ch_MutoYugi01_body_tex
  0 -0.143608 12.020900 2.142420 -0.194761 -0.423160 0.884875 0.867931 0.755340 2 23 0.200000 22 0.800000
  0 -0.301304 12.017800 2.068450 0.021640 0.344066 -0.938696 0.825388 0.682371 2 23 0.200000 22 0.800000
  0 0.152292 11.600900 2.022130 0.156540 0.135637 -0.978314 0.825388 0.808067 2 23 0.200000 22 0.800000
assets/textures/Ch_MutoYugi01_body_tex
  0 0.152292 11.600900 2.022130 0.156540 0.135637 -0.978314 0.986565 0.763986 2 23 0.200000 22 0.800000
  0 -0.301304 12.017800 2.068450 0.021640 0.344066 -0.938696 0.989783 0.762135 2 23 0.200000 22 0.800000
  0 0.022287 12.001600 2.111410 0.381969 0.403708 -0.831336 0.989180 0.760608 2 23 0.200000 22 0.800000
assets/textures/Ch_MutoYugi01_body_tex
  0 -0.301304 12.017800 2.068450 0.021640 0.344066 -0.938696 0.989783 0.762135 2 23 0.200000 22 0.800000
  0 -0.129465 12.595500 2.387650 0.729007 0.010139 -0.684431 0.992337 0.756504 2 23 0.200000 22 0.800000
  0 0.022287 12.001600 2.111410 0.381969 0.403708 -0.831336 0.989180 0.760608 2 23 0.200000 22 0.800000
assets/textures/Ch_MutoYugi01_body_tex
  0 -0.301304 12.017800 2.068450 0.021640 0.344066 -0.938696 0.989783 0.762135 2 23 0.200000 22 0.800000
  0 -0.579358 12.573500 2.232240 -0.094380 0.344181 -0.934148 0.993487 0.757574 2 23 0.200000 22 0.800000
  0 -0.129465 12.595500 2.387650 0.729007 0.010139 -0.684431 0.992337 0.756504 2 23 0.200000 22 0.800000
assets/textures/Ch_MutoYugi01_body_tex
  0 -0.579358 12.573500 2.232240 -0.094380 0.344181 -0.934148 0.993487 0.757574 2 23 0.200000 22 0.800000
  0 0.119688 12.742800 2.197450 -0.004837 -0.591861 -0.806026 0.991703 0.752659 1 22 1.000000
  0 -0.129465 12.595500 2.387650 0.729007 0.010139 -0.684431 0.992337 0.756504 2 23 0.200000 22 0.800000
assets/textures/Ch_MutoYugi01_body_tex
  0 -0.579358 12.573500 2.232240 -0.094380 0.344181 -0.934148 0.993487 0.757574 2 23 0.200000 22 0.800000
  0 -0.167561 12.789400 2.227090 -0.666401 0.615126 -0.421343 0.992874 0.752764 2 23 0.200000 22 0.800000
  0 0.119688 12.742800 2.197450 -0.004837 -0.591861 -0.806026 0.991703 0.752659 1 22 1.000000
assets/textures/Ch_MutoYugi01_body_tex
  0 -0.167561 12.789400 2.227090 -0.666401 0.615126 -0.421343 0.992874 0.752764 2 23 0.200000 22 0.800000
  0 0.014246 13.249700 2.368960 -0.356101 0.017222 -0.934289 0.993329 0.750007 2 23 0.200000 22 0.800000
  0 0.119688 12.742800 2.197450 -0.004837 -0.591861 -0.806026 0.991703 0.752659 1 22 1.000000
assets/textures/Ch_MutoYugi01_body_tex
  0 -0.167561 12.789400 2.227090 -0.666401 0.615126 -0.421343 0.992874 0.752764 2 23 0.200000 22 0.800000
  0 -0.150308 13.609800 2.633980 -0.417625 -0.081426 0.904964 0.994988 0.749099 2 23 0.200000 22 0.800000
  0 0.014246 13.249700 2.368960 -0.356101 0.017222 -0.934289 0.993329 0.750007 2 23 0.200000 22 0.800000
assets/textures/Ch_MutoYugi01_body_tex
  0 0.185328 13.170000 2.099000 0.997697 0.028742 -0.061440 0.757743 0.707602 2 23 0.200000 22 0.800000
  0 0.000515 13.137400 2.249530 -0.213335 -0.725105 0.654760 0.790733 0.707689 2 23 0.200000 22 0.800000
  0 0.015296 12.854300 1.907470 -0.034115 -0.764531 0.643684 0.790733 0.629603 1 22 1.000000
assets/textures/Ch_MutoYugi01_body_tex
  0 0.185328 13.170000 2.099000 0.997697 0.028742 -0.061440 0.757743 0.707602 2 23 0.200000 22 0.800000
  0 0.014246 13.249700 2.368960 -0.356101 0.017222 -0.934289 0.790777 0.781838 2 23 0.200000 22 0.800000
  0 0.000515 13.137400 2.249530 -0.213335 -0.725105 0.654760 0.790733 0.707689 2 23 0.200000 22 0.800000
assets/textures/Ch_MutoYugi01_body_tex
  0 0.185328 13.170000 2.099000 0.997697 0.028742 -0.061440 0.757743 0.707602 2 23 0.200000 22 0.800000
  0 0.213381 13.505000 2.423170 0.816917 0.508872 -0.271469 0.757649 0.781772 2 23 0.200000 22 0.800000
  0 0.014246 13.249700 2.368960 -0.356101 0.017222 -0.934289 0.790777 0.781838 2 23 0.200000 22 0.800000
assets/textures/Ch_MutoYugi01_body_tex
  0 0.213381 13.505000 2.423170 0.816917 0.508872 -0.271469 0.757649 0.781772 2 23 0.200000 22 0.800000
  0 0.240745 13.350500 2.505730 0.436043 -0.364026 0.823013 0.755541 0.835128 2 23 0.200000 22 0.800000
  0 0.014246 13.249700 2.368960 -0.356101 0.017222 -0.934289 0.790777 0.781838 2 23 0.200000 22 0.800000
assets/textures/Ch_MutoYugi01_body_tex
  0 0.000515 13.137400 2.249530 -0.213335 -0.725105 0.654760 0.790777 0.707726 2 23 0.200000 22 0.800000
  0 -0.162459 13.343300 2.256310 -0.977427 0.112185 -0.179029 0.825363 0.707767 2 23 0.200000 22 0.800000
  0 -0.109369 13.012800 1.844790 -0.984791 0.050562 -0.166224 0.825363 0.629561 1 22 1.000000
assets/textures/Ch_MutoYugi01_body_tex
  0 0.000515 13.137400 2.249530 -0.213335 -0.725105 0.654760 0.790777 0.707726 2 23 0.200000 22 0.800000
  0 0.014246 13.249700 2.368960 -0.356101 0.017222 -0.934289 0.790777 0.781838 2 23 0.200000 22 0.800000
  0 -0.162459 13.343300 2.256310 -0.977427 0.112185 -0.179029 0.825363 0.707767 2 23 0.200000 22 0.800000
assets/textures/Ch_MutoYugi01_body_tex
  0 0.014246 13.249700 2.368960 -0.356101 0.017222 -0.934289 0.790777 0.781838 2 23 0.200000 22 0.800000
  0 -0.148924 13.861700 2.605580 -0.567385 0.813347 -0.128616 0.825363 0.781917 2 23 0.200000 22 0.800000
  0 -0.162459 13.343300 2.256310 -0.977427 0.112185 -0.179029 0.825363 0.707767 2 23 0.200000 22 0.800000
assets/textures/Ch_MutoYugi01_body_tex
  0 0.014246 13.249700 2.368960 -0.356101 0.017222 -0.934289 0.790777 0.781838 2 23 0.200000 22 0.800000
  0 -0.150308 13.609800 2.633980 -0.417625 -0.081426 0.904964 0.825377 0.835128 2 23 0.200000 22 0.800000
  0 -0.148924 13.861700 2.605580 -0.567385 0.813347 -0.128616 0.825363 0.781917 2 23 0.200000 22 0.800000
assets/textures/Ch_MutoYugi01_body_tex
  0 2.344620 12.158400 0.867634 -0.796158 -0.219495 -0.563874 0.757649 0.781772 2 23 0.200000 22 0.800000
  0 2.480250 12.281600 0.957805 0.689245 -0.412299 0.595778 0.790777 0.781838 2 23 0.200000 22 0.800000
  0 1.816780 12.378600 1.610640 -0.332245 -0.934020 -0.131227 0.757743 0.629517 2 23 0.200000 22 0.800000
assets/textures/Ch_MutoYugi01_body_tex
  0 2.480250 12.281600 0.957805 0.689245 -0.412299 0.595778 0.790777 0.781838 2 23 0.200000 22 0.800000
  0 1.972490 12.559900 1.686230 0.536296 -0.025467 0.843646 0.790733 0.629603 2 23 0.200000 22 0.800000
  0 1.816780 12.378600 1.610640 -0.332245 -0.934020 -0.131227 0.757743 0.629517 2 23 0.200000 22 0.800000
assets/textures/Ch_MutoYugi01_body_tex
  0 2.480250 12.281600 0.957805 0.689245 -0.412299 0.595778 0.790777 0.781838 2 23 0.200000 22 0.800000
  0 2.075930 12.710800 1.463070 -0.191326 0.861200 -0.470880 0.825363 0.629508 2 23 0.200000 22 0.800000
  0 1.972490 12.559900 1.686230 0.536296 -0.025467 0.843646 0.790733 0.629603 2 23 0.200000 22 0.800000
assets/textures/Ch_MutoYugi01_body_tex
  0 2.480250 12.281600 0.957805 0.689245 -0.412299 0.595778 0.790777 0.781838 2 23 0.200000 22 0.800000
  0 2.495960 12.416300 0.904054 -0.374939 0.715562 -0.589400 0.825363 0.781917 2 23 0.200000 22 0.800000
  0 2.075930 12.710800 1.463070 -0.191326 0.861200 -0.470880 0.825363 0.629508 2 23 0.200000 22 0.800000
assets/textures/Ch_MutoYugi01_body_tex
  0 0.798860 12.565400 2.025150 -0.420368 -0.790027 -0.446259 0.833028 0.682372 2 23 0.200000 22 0.800000
  0 1.816780 12.378600 1.610640 -0.332245 -0.934020 -0.131227 0.833028 0.808067 2 23 0.200000 22 0.800000
  0 1.068650 12.723800 2.062280 0.738444 -0.344848 0.579466 0.868013 0.682344 2 23 0.200000 22 0.800000
assets/textures/Ch_MutoYugi01_body_tex
  0 1.816780 12.378600 1.610640 -0.332245 -0.934020 -0.131227 0.833028 0.808067 2 23 0.200000 22 0.800000
  0 1.972490 12.559900 1.686230 0.536296 -0.025467 0.843646 0.867849 0.808209 2 23 0.200000 22 0.800000
  0 1.068650 12.723800 2.062280 0.738444 -0.344848 0.579466 0.868013 0.682344 2 23 0.200000 22 0.800000
assets/textures/Ch_MutoYugi01_body_tex
  0 1.972490 12.559900 1.686230 0.536296 -0.025467 0.843646 0.867849 0.808209 2 23 0.200000 22 0.800000
  0 1.096530 12.862600 1.888590 0.205244 0.768898 -0.605534 0.899988 0.682135 2 23 0.200000 22 0.800000
  0 1.068650 12.723800 2.062280 0.738444 -0.344848 0.579466 0.868013 0.682344 2 23 0.200000 22 0.800000
assets/textures/Ch_MutoYugi01_body_tex
  0 1.972490 12.559900 1.686230 0.536296 -0.025467 0.843646 0.867849 0.808209 2 23 0.200000 22 0.800000
  0 2.075930 12.710800 1.463070 -0.191326 0.861200 -0.470880 0.899988 0.808178 2 23 0.200000 22 0.800000
  0 1.096530 12.862600 1.888590 0.205244 0.768898 -0.605534 0.899988 0.682135 2 23 0.200000 22 0.800000
assets/textures/Ch_MutoYugi01_body_tex
  0 0.798860 12.565400 2.025150 -0.420368 -0.790027 -0.446259 0.757649 0.781772 2 23 0.200000 22 0.800000
  0 1.068650 12.723800 2.062280 0.738444 -0.344848 0.579466 0.790777 0.781838 2 23 0.200000 22 0.800000
  0 0.570885 13.274400 3.225710 0.105736 -0.587742 0.802109 0.757743 0.629517 2 23 0.200000 22 0.800000
assets/textures/Ch_MutoYugi01_body_tex
  0 1.068650 12.723800 2.062280 0.738444 -0.344848 0.579466 0.790777 0.781838 2 23 0.200000 22 0.800000
  0 0.814156 13.873100 3.380690 0.686932 -0.140625 0.712986 0.790733 0.629603 2 23 0.200000 22 0.800000
  0 0.570885 13.274400 3.225710 0.105736 -0.587742 0.802109 0.757743 0.629517 2 23 0.200000 22 0.800000
assets/textures/Ch_MutoYugi01_body_tex
  0 1.068650 12.723800 2.062280 0.738444 -0.344848 0.579466 0.790777 0.781838 2 23 0.200000 22 0.800000
  0 1.096530 12.862600 1.888590 0.205244 0.768898 -0.605534 0.825363 0.781917 2 23 0.200000 22 0.800000
  0 0.814156 13.873100 3.380690 0.686932 -0.140625 0.712986 0.790733 0.629603 2 23 0.200000 22 0.800000
assets/textures/Ch_MutoYugi01_body_tex
  0 1.096530 12.862600 1.888590 0.205244 0.768898 -0.605534 0.825363 0.781917 2 23 0.200000 22 0.800000
  0 0.989181 14.284100 3.198550 0.820794 0.523346 0.228922 0.825363 0.629508 2 23 0.200000 22 0.800000
  0 0.814156 13.873100 3.380690 0.686932 -0.140625 0.712986 0.790733 0.629603 2 23 0.200000 22 0.800000
assets/textures/Ch_MutoYugi01_body_tex
  0 2.344620 12.158400 0.867634 -0.796158 -0.219495 -0.563874 0.830037 0.682372 2 23 0.200000 22 0.800000
  0 2.944570 11.973200 0.107748 -0.632522 0.310810 -0.709446 0.830037 0.808067 2 23 0.200000 22 0.800000
  0 2.480250 12.281600 0.957805 0.689245 -0.412299 0.595778 0.867931 0.755340 2 23 0.200000 22 0.800000
assets/textures/Ch_MutoYugi01_body_tex
  0 2.944570 11.973200 0.107748 -0.632522 0.310810 -0.709446 0.904175 0.808178 2 23 0.200000 22 0.800000
  0 2.495960 12.416300 0.904054 -0.374939 0.715562 -0.589400 0.904175 0.682135 2 23 0.200000 22 0.800000
  0 2.480250 12.281600 0.957805 0.689245 -0.412299 0.595778 0.872118 0.755340 2 23 0.200000 22 0.800000
assets/textures/Ch_MutoYugi01_body_tex
  0 0.254641 13.049800 2.423200 -0.336090 -0.652222 0.679448 0.899988 0.735698 2 23 0.200000 22 0.800000
  0 0.280326 13.548300 2.353960 -0.817808 0.555213 -0.151419 0.867934 0.735502 2 23 0.200000 22 0.800000
  0 0.046535 13.067500 1.804060 -0.042091 0.965433 -0.257229 0.868013 0.682344 1 22 1.000000
assets/textures/Ch_MutoYugi01_body_tex
  0 0.254641 13.049800 2.423200 -0.336090 -0.652222 0.679448 0.899988 0.735698 2 23 0.200000 22 0.800000
  0 0.437811 13.233400 2.890360 -0.858164 -0.171095 0.484026 0.899988 0.781508 2 23 0.200000 22 0.800000
  0 0.280326 13.548300 2.353960 -0.817808 0.555213 -0.151419 0.867934 0.735502 2 23 0.200000 22 0.800000
assets/textures/Ch_MutoYugi01_body_tex
  0 0.437811 13.233400 2.890360 -0.858164 -0.171095 0.484026 0.899988 0.781508 2 23 0.200000 22 0.800000
  0 0.523347 13.811800 2.830890 -0.867749 0.450563 0.209774 0.867958 0.781377 2 23 0.200000 22 0.800000
  0 0.280326 13.548300 2.353960 -0.817808 0.555213 -0.151419 0.867934 0.735502 2 23 0.200000 22 0.800000
assets/textures/Ch_MutoYugi01_body_tex
  0 0.437811 13.233400 2.890360 -0.858164 -0.171095 0.484026 0.899988 0.781508 2 23 0.200000 22 0.800000
  0 0.570885 13.274400 3.225710 0.105736 -0.587742 0.802109 0.899988 0.808178 2 23 0.200000 22 0.800000
  0 0.523347 13.811800 2.830890 -0.867749 0.450563 0.209774 0.867958 0.781377 2 23 0.200000 22 0.800000
assets/textures/Ch_MutoYugi01_body_tex
  0 0.280326 13.548300 2.353960 -0.817808 0.555213 -0.151419 0.867934 0.735502 2 23 0.200000 22 0.800000
  0 0.523347 13.811800 2.830890 -0.867749 0.450563 0.209774 0.867958 0.781377 2 23 0.200000 22 0.800000
  0 0.715412 13.879300 2.280480 -0.556709 0.728677 -0.398880 0.833028 0.735639 2 23 0.200000 22 0.800000
assets/textures/Ch_MutoYugi01_body_tex
  0 -0.172091 13.041500 2.417250 0.480863 -0.551342 0.681758 0.833028 0.735639 2 23 0.200000 22 0.800000
  0 -0.223120 13.538000 2.346890 0.802526 0.580615 -0.137250 0.867934 0.735502 2 23 0.200000 22 0.800000
  0 -0.373700 13.217000 2.878950 0.854917 -0.126578 0.503085 0.833028 0.781508 2 23 0.200000 22 0.800000
assets/textures/Ch_MutoYugi01_body_tex
  0 0.570885 13.274400 3.225710 0.105736 -0.587742 0.802109 0.899988 0.808178 2 23 0.200000 22 0.800000
  0 0.814156 13.873100 3.380690 0.686932 -0.140625 0.712986 0.867849 0.808209 2 23 0.200000 22 0.800000
  0 0.523347 13.811800 2.830890 -0.867749 0.450563 0.209774 0.867958 0.781377 2 23 0.200000 22 0.800000
assets/textures/Ch_MutoYugi01_body_tex
  0 0.715412 13.879300 2.280480 -0.556709 0.728677 -0.398880 0.833028 0.735639 2 23 0.200000 22 0.800000
  0 0.523347 13.811800 2.830890 -0.867749 0.450563 0.209774 0.867958 0.781377 2 23 0.200000 22 0.800000
  0 0.789923 14.126200 2.709740 -0.039066 0.976431 -0.212267 0.833028 0.781508 2 23 0.200000 22 0.800000
assets/textures/Ch_MutoYugi01_body_tex
  0 0.523347 13.811800 2.830890 -0.867749 0.450563 0.209774 0.867958 0.781377 2 23 0.200000 22 0.800000
  0 0.814156 13.873100 3.380690 0.686932 -0.140625 0.712986 0.867849 0.808209 2 23 0.200000 22 0.800000
  0 0.789923 14.126200 2.709740 -0.039066 0.976431 -0.212267 0.833028 0.781508 2 23 0.200000 22 0.800000
assets/textures/Ch_MutoYugi01_body_tex
  0 -0.673981 13.851400 2.260980 0.485551 0.773020 -0.408265 0.899988 0.735698 2 23 0.200000 22 0.800000
  0 -0.488996 13.791500 2.816690 0.839399 0.494775 0.224960 0.867958 0.781377 2 23 0.200000 22 0.800000
  0 -0.223120 13.538000 2.346890 0.802526 0.580615 -0.137250 0.867934 0.735502 2 23 0.200000 22 0.800000
assets/textures/Ch_MutoYugi01_body_tex
  0 -0.223120 13.538000 2.346890 0.802526 0.580615 -0.137250 0.867934 0.735502 2 23 0.200000 22 0.800000
  0 -0.488996 13.791500 2.816690 0.839399 0.494775 0.224960 0.867958 0.781377 2 23 0.200000 22 0.800000
  0 -0.373700 13.217000 2.878950 0.854917 -0.126578 0.503085 0.833028 0.781508 2 23 0.200000 22 0.800000
assets/textures/Ch_MutoYugi01_body_tex
  0 -0.673981 13.851400 2.260980 0.485551 0.773020 -0.408265 0.899988 0.735698 2 23 0.200000 22 0.800000
  0 -0.769750 14.094800 2.687880 0.003799 0.978039 -0.208388 0.899988 0.781508 2 23 0.200000 22 0.800000
  0 -0.488996 13.791500 2.816690 0.839399 0.494775 0.224960 0.867958 0.781377 2 23 0.200000 22 0.800000
assets/textures/Ch_MutoYugi01_body_tex
  0 0.814156 13.873100 3.380690 0.686932 -0.140625 0.712986 0.867849 0.808209 2 23 0.200000 22 0.800000
  0 0.989181 14.284100 3.198550 0.820794 0.523346 0.228922 0.833028 0.808067 2 23 0.200000 22 0.800000
  0 0.789923 14.126200 2.709740 -0.039066 0.976431 -0.212267 0.833028 0.781508 2 23 0.200000 22 0.800000
assets/textures/Ch_MutoYugi01_body_tex
  0 -0.769750 14.094800 2.687880 0.003799 0.978039 -0.208388 0.899988 0.781508 2 23 0.200000 22 0.800000
  0 -0.793109 13.840700 3.358150 -0.671873 -0.212933 0.709398 0.867849 0.808209 2 23 0.200000 22 0.800000
  0 -0.488996 13.791500 2.816690 0.839399 0.494775 0.224960 0.867958 0.781377 2 23 0.200000 22 0.800000
assets/textures/Ch_MutoYugi01_body_tex
  0 -0.769750 14.094800 2.687880 0.003799 0.978039 -0.208388 0.899988 0.781508 2 23 0.200000 22 0.800000
  0 -0.986467 14.244600 3.170840 -0.867931 0.332299 0.369152 0.899988 0.808178 2 23 0.200000 22 0.800000
  0 -0.793109 13.840700 3.358150 -0.671873 -0.212933 0.709398 0.867849 0.808209 2 23 0.200000 22 0.800000
assets/textures/Ch_MutoYugi01_body_tex
  0 -0.373700 13.217000 2.878950 0.854917 -0.126578 0.503085 0.833028 0.781508 2 23 0.200000 22 0.800000
  0 -0.488996 13.791500 2.816690 0.839399 0.494775 0.224960 0.867958 0.781377 2 23 0.200000 22 0.800000
  0 -0.515158 13.253000 3.210490 -0.214944 -0.534045 0.817677 0.833028 0.808067 2 23 0.200000 22 0.800000
assets/textures/Ch_MutoYugi01_body_tex
  0 -0.515158 13.253000 3.210490 -0.214944 -0.534045 0.817677 0.833028 0.808067 2 23 0.200000 22 0.800000
  0 -0.488996 13.791500 2.816690 0.839399 0.494775 0.224960 0.867958 0.781377 2 23 0.200000 22 0.800000
  0 -0.793109 13.840700 3.358150 -0.671873 -0.212933 0.709398 0.867849 0.808209 2 23 0.200000 22 0.800000
assets/textures/Ch_MutoYugi01_body_tex
  0 2.944570 11.973200 0.107748 -0.632522 0.310810 -0.709446 0.986987 0.764435 2 23 0.200000 22 0.800000
  0 2.344620 12.158400 0.867634 -0.796158 -0.219495 -0.563874 0.989602 0.761057 2 23 0.200000 22 0.800000
  0 2.495960 12.416300 0.904054 -0.374939 0.715562 -0.589400 0.990205 0.762584 2 23 0.200000 22 0.800000
assets/textures/Ch_MutoYugi01_body_tex
  0 2.344620 12.158400 0.867634 -0.796158 -0.219495 -0.563874 0.989602 0.761057 2 23 0.200000 22 0.800000
  0 2.075930 12.710800 1.463070 -0.191326 0.861200 -0.470880 0.993909 0.758023 2 23 0.200000 22 0.800000
  0 2.495960 12.416300 0.904054 -0.374939 0.715562 -0.589400 0.990205 0.762584 2 23 0.200000 22 0.800000
assets/textures/Ch_MutoYugi01_body_tex
  0 2.344620 12.158400 0.867634 -0.796158 -0.219495 -0.563874 0.989602 0.761057 2 23 0.200000 22 0.800000
  0 1.816780 12.378600 1.610640 -0.332245 -0.934020 -0.131227 0.992759 0.756953 2 23 0.200000 22 0.800000
  0 2.075930 12.710800 1.463070 -0.191326 0.861200 -0.470880 0.993909 0.758023 2 23 0.200000 22 0.800000
assets/textures/Ch_MutoYugi01_body_tex
  0 1.816780 12.378600 1.610640 -0.332245 -0.934020 -0.131227 0.992759 0.756953 2 23 0.200000 22 0.800000
  0 0.798860 12.565400 2.025150 -0.420368 -0.790027 -0.446259 0.992125 0.753108 2 23 0.200000 22 0.800000
  0 2.075930 12.710800 1.463070 -0.191326 0.861200 -0.470880 0.993909 0.758023 2 23 0.200000 22 0.800000
assets/textures/Ch_MutoYugi01_body_tex
  0 0.798860 12.565400 2.025150 -0.420368 -0.790027 -0.446259 0.992125 0.753108 2 23 0.200000 22 0.800000
  0 1.096530 12.862600 1.888590 0.205244 0.768898 -0.605534 0.993296 0.753213 2 23 0.200000 22 0.800000
  0 2.075930 12.710800 1.463070 -0.191326 0.861200 -0.470880 0.993909 0.758023 2 23 0.200000 22 0.800000
assets/textures/Ch_MutoYugi01_body_tex
  0 0.798860 12.565400 2.025150 -0.420368 -0.790027 -0.446259 0.992125 0.753108 2 23 0.200000 22 0.800000
  0 0.684194 13.445000 2.727130 -0.490522 0.326881 -0.807798 0.993751 0.750456 2 23 0.200000 22 0.800000
  0 1.096530 12.862600 1.888590 0.205244 0.768898 -0.605534 0.993296 0.753213 2 23 0.200000 22 0.800000
assets/textures/Ch_MutoYugi01_body_tex
  0 0.798860 12.565400 2.025150 -0.420368 -0.790027 -0.446259 0.992125 0.753108 2 23 0.200000 22 0.800000
  0 0.570885 13.274400 3.225710 0.105736 -0.587742 0.802109 0.992539 0.751120 2 23 0.200000 22 0.800000
  0 0.684194 13.445000 2.727130 -0.490522 0.326881 -0.807798 0.993751 0.750456 2 23 0.200000 22 0.800000
assets/textures/Ch_MutoYugi01_body_tex
  0 1.096530 12.862600 1.888590 0.205244 0.768898 -0.605534 0.993296 0.753213 2 23 0.200000 22 0.800000
  0 0.684194 13.445000 2.727130 -0.490522 0.326881 -0.807798 0.993751 0.750456 2 23 0.200000 22 0.800000
  0 0.989181 14.284100 3.198550 0.820794 0.523346 0.228922 0.995410 0.749548 2 23 0.200000 22 0.800000
assets/textures/Ch_MutoYugi01_body_tex
  0 0.684194 13.445000 2.727130 -0.490522 0.326881 -0.807798 0.993751 0.750456 2 23 0.200000 22 0.800000
  0 0.789923 14.126200 2.709740 -0.039066 0.976431 -0.212267 0.994365 0.749548 2 23 0.200000 22 0.800000
  0 0.989181 14.284100 3.198550 0.820794 0.523346 0.228922 0.995410 0.749548 2 23 0.200000 22 0.800000
assets/textures/Ch_MutoYugi01_body_tex
  0 0.789923 14.126200 2.709740 -0.039066 0.976431 -0.212267 0.825363 0.781917 2 23 0.200000 22 0.800000
  0 0.684194 13.445000 2.727130 -0.490522 0.326881 -0.807798 0.790777 0.781838 2 23 0.200000 22 0.800000
  0 0.715412 13.879300 2.280480 -0.556709 0.728677 -0.398880 0.825363 0.707593 2 23 0.200000 22 0.800000
assets/textures/Ch_MutoYugi01_body_tex
  0 0.684194 13.445000 2.727130 -0.490522 0.326881 -0.807798 0.790777 0.781838 2 23 0.200000 22 0.800000
  0 0.586905 13.342200 2.390810 0.634704 -0.676029 0.374347 0.790733 0.707689 2 23 0.200000 22 0.800000
  0 0.715412 13.879300 2.280480 -0.556709 0.728677 -0.398880 0.825363 0.707593 2 23 0.200000 22 0.800000
assets/textures/Ch_MutoYugi01_body_tex
  0 0.684194 13.445000 2.727130 -0.490522 0.326881 -0.807798 0.790777 0.781838 2 23 0.200000 22 0.800000
  0 0.437811 13.233400 2.890360 -0.858164 -0.171095 0.484026 0.757649 0.781772 2 23 0.200000 22 0.800000
  0 0.586905 13.342200 2.390810 0.634704 -0.676029 0.374347 0.790733 0.707689 2 23 0.200000 22 0.800000
assets/textures/Ch_MutoYugi01_body_tex
  0 0.684194 13.445000 2.727130 -0.490522 0.326881 -0.807798 0.790777 0.781838 2 23 0.200000 22 0.800000
  0 0.570885 13.274400 3.225710 0.105736 -0.587742 0.802109 0.757503 0.835128 2 23 0.200000 22 0.800000
  0 0.437811 13.233400 2.890360 -0.858164 -0.171095 0.484026 0.757649 0.781772 2 23 0.200000 22 0.800000
assets/textures/Ch_MutoYugi01_body_tex
  0 0.586905 13.342200 2.390810 0.634704 -0.676029 0.374347 0.790733 0.707689 2 23 0.200000 22 0.800000
  0 0.437811 13.233400 2.890360 -0.858164 -0.171095 0.484026 0.757649 0.781772 2 23 0.200000 22 0.800000
  0 0.254641 13.049800 2.423200 -0.336090 -0.652222 0.679448 0.757743 0.707602 2 23 0.200000 22 0.800000
assets/textures/Ch_MutoYugi01_body_tex
  0 0.586905 13.342200 2.390810 0.634704 -0.676029 0.374347 0.790733 0.707689 2 23 0.200000 22 0.800000
  0 0.254641 13.049800 2.423200 -0.336090 -0.652222 0.679448 0.757743 0.707602 2 23 0.200000 22 0.800000
  0 0.579804 12.917500 1.705350 0.573334 -0.694761 0.434275 0.790733 0.629603 1 22 1.000000
assets/textures/Ch_MutoYugi01_body_tex
  0 0.586905 13.342200 2.390810 0.634704 -0.676029 0.374347 0.790733 0.707689 2 23 0.200000 22 0.800000
  0 0.579804 12.917500 1.705350 0.573334 -0.694761 0.434275 0.790733 0.629603 1 22 1.000000
  0 1.033520 13.147800 1.558180 0.745135 -0.529387 0.405614 0.825363 0.629508 1 22 1.000000
assets/textures/Ch_MutoYugi01_body_tex
  0 0.586905 13.342200 2.390810 0.634704 -0.676029 0.374347 0.790733 0.707689 2 23 0.200000 22 0.800000
  0 1.033520 13.147800 1.558180 0.745135 -0.529387 0.405614 0.825363 0.629508 1 22 1.000000
  0 0.978969 13.734300 2.340840 -0.365746 0.243361 -0.898335 0.825363 0.781917 2 23 0.200000 22 0.800000
assets/textures/Ch_MutoYugi01_body_tex
  0 0.586905 13.342200 2.390810 0.634704 -0.676029 0.374347 0.790733 0.707689 2 23 0.200000 22 0.800000
  0 0.978969 13.734300 2.340840 -0.365746 0.243361 -0.898335 0.825363 0.781917 2 23 0.200000 22 0.800000
  0 0.670844 13.564600 2.734030 -0.041999 -0.462530 0.885608 0.790777 0.781838 2 23 0.200000 22 0.800000
assets/textures/Ch_MutoYugi01_body_tex
  0 0.254641 13.049800 2.423200 -0.336090 -0.652222 0.679448 0.757743 0.707602 2 23 0.200000 22 0.800000
  0 0.000000 12.678200 1.940390 0.050878 -0.697536 0.714741 0.757743 0.629517 1 22 1.000000
  0 0.579804 12.917500 1.705350 0.573334 -0.694761 0.434275 0.790733 0.629603 1 22 1.000000
assets/textures/Ch_MutoYugi01_body_tex
  0 -0.172091 13.041500 2.417250 0.480863 -0.551342 0.681758 0.757743 0.707602 2 23 0.200000 22 0.800000
  0 -0.518959 13.319900 2.375360 -0.609320 -0.684582 0.400096 0.790733 0.707689 2 23 0.200000 22 0.800000
  0 -0.404873 12.840000 1.759080 -0.558064 -0.693214 0.456090 0.790733 0.629603 1 22 1.000000
assets/textures/Ch_MutoYugi01_body_tex
  0 -0.172091 13.041500 2.417250 0.480863 -0.551342 0.681758 0.757743 0.707602 2 23 0.200000 22 0.800000
  0 -0.373700 13.217000 2.878950 0.854917 -0.126578 0.503085 0.757649 0.781772 2 23 0.200000 22 0.800000
  0 -0.518959 13.319900 2.375360 -0.609320 -0.684582 0.400096 0.790733 0.707689 2 23 0.200000 22 0.800000
assets/textures/Ch_MutoYugi01_body_tex
  0 -0.373700 13.217000 2.878950 0.854917 -0.126578 0.503085 0.757649 0.781772 2 23 0.200000 22 0.800000
  0 -0.627990 13.418600 2.708750 0.499636 0.318453 -0.805575 0.790777 0.781838 2 23 0.200000 22 0.800000
  0 -0.518959 13.319900 2.375360 -0.609320 -0.684582 0.400096 0.790733 0.707689 2 23 0.200000 22 0.800000
assets/textures/Ch_MutoYugi01_body_tex
  0 -0.373700 13.217000 2.878950 0.854917 -0.126578 0.503085 0.757649 0.781772 2 23 0.200000 22 0.800000
  0 -0.515158 13.253000 3.210490 -0.214944 -0.534045 0.817677 0.757503 0.835128 2 23 0.200000 22 0.800000
  0 -0.627990 13.418600 2.708750 0.499636 0.318453 -0.805575 0.790777 0.781838 2 23 0.200000 22 0.800000
assets/textures/Ch_MutoYugi01_body_tex
  0 -0.518959 13.319900 2.375360 -0.609320 -0.684582 0.400096 0.790777 0.781838 2 23 0.200000 22 0.800000
  0 -0.930542 13.695900 2.314090 0.453357 0.288172 -0.843460 0.825363 0.781917 2 23 0.200000 22 0.800000
  0 -0.726867 12.952600 1.636510 -0.596480 -0.627091 0.500968 0.825363 0.629508 1 22 1.000000
assets/textures/Ch_MutoYugi01_body_tex
  0 -0.518959 13.319900 2.375360 -0.609320 -0.684582 0.400096 0.790777 0.781838 2 23 0.200000 22 0.800000
  0 -0.621185 13.458500 2.715920 0.093312 -0.464426 0.880682 0.825363 0.835416 2 23 0.200000 22 0.800000
  0 -0.930542 13.695900 2.314090 0.453357 0.288172 -0.843460 0.825363 0.781917 2 23 0.200000 22 0.800000
assets/textures/Ch_MutoYugi01_body_tex
  0 -0.518959 13.319900 2.375360 -0.609320 -0.684582 0.400096 0.790733 0.707689 2 23 0.200000 22 0.800000
  0 -0.627990 13.418600 2.708750 0.499636 0.318453 -0.805575 0.790777 0.781838 2 23 0.200000 22 0.800000
  0 -0.673981 13.851400 2.260980 0.485551 0.773020 -0.408265 0.825363 0.707593 2 23 0.200000 22 0.800000
assets/textures/Ch_MutoYugi01_body_tex
  0 -0.627990 13.418600 2.708750 0.499636 0.318453 -0.805575 0.790777 0.781838 2 23 0.200000 22 0.800000
  0 -0.769750 14.094800 2.687880 0.003799 0.978039 -0.208388 0.825363 0.781917 2 23 0.200000 22 0.800000
  0 -0.673981 13.851400 2.260980 0.485551 0.773020 -0.408265 0.825363 0.707593 2 23 0.200000 22 0.800000
assets/textures/Ch_MutoYugi01_body_tex
  0 -1.168320 11.022500 1.310030 0.938964 0.219119 -0.265204 0.757649 0.781772 2 23 0.200000 22 0.800000
  0 -1.185230 12.137300 1.789900 0.968590 -0.238458 0.070508 0.757743 0.629517 2 23 0.200000 22 0.800000
  0 -1.426490 11.142600 1.146330 -0.787920 -0.349860 0.506735 0.790777 0.781838 2 23 0.200000 22 0.800000
assets/textures/Ch_MutoYugi01_body_tex
  0 -1.185230 12.137300 1.789900 0.968590 -0.238458 0.070508 0.757743 0.629517 2 23 0.200000 22 0.800000
  0 -1.563820 12.371200 1.665950 -0.778043 -0.043429 0.626709 0.790733 0.629603 2 23 0.200000 22 0.800000
  0 -1.426490 11.142600 1.146330 -0.787920 -0.349860 0.506735 0.790777 0.781838 2 23 0.200000 22 0.800000
assets/textures/Ch_MutoYugi01_body_tex
  0 -1.563820 12.371200 1.665950 -0.778043 -0.043429 0.626709 0.790733 0.629603 2 23 0.200000 22 0.800000
  0 -1.699110 12.421200 1.296220 0.292586 0.395247 -0.870732 0.825363 0.629508 2 23 0.200000 22 0.800000
  0 -1.426490 11.142600 1.146330 -0.787920 -0.349860 0.506735 0.790777 0.781838 2 23 0.200000 22 0.800000
assets/textures/Ch_MutoYugi01_body_tex
  0 -1.699110 12.421200 1.296220 0.292586 0.395247 -0.870732 0.825363 0.629508 2 23 0.200000 22 0.800000
  0 -1.455200 11.148500 0.921792 0.582594 0.286744 -0.760501 0.825363 0.781917 2 23 0.200000 22 0.800000
  0 -1.426490 11.142600 1.146330 -0.787920 -0.349860 0.506735 0.790777 0.781838 2 23 0.200000 22 0.800000
assets/textures/Ch_MutoYugi01_body_tex
  0 -0.651016 12.491000 2.124500 0.147402 -0.720424 -0.677689 0.833028 0.682372 2 23 0.200000 22 0.800000
  0 -0.863557 12.672000 2.051050 -0.785486 -0.311579 0.534724 0.868013 0.682344 2 23 0.200000 22 0.800000
  0 -1.185230 12.137300 1.789900 0.968590 -0.238458 0.070508 0.833028 0.808067 2 23 0.200000 22 0.800000
assets/textures/Ch_MutoYugi01_body_tex
  0 -0.863557 12.672000 2.051050 -0.785486 -0.311579 0.534724 0.868013 0.682344 2 23 0.200000 22 0.800000
  0 -1.563820 12.371200 1.665950 -0.778043 -0.043429 0.626709 0.867849 0.808209 2 23 0.200000 22 0.800000
  0 -1.185230 12.137300 1.789900 0.968590 -0.238458 0.070508 0.833028 0.808067 2 23 0.200000 22 0.800000
assets/textures/Ch_MutoYugi01_body_tex
  0 -0.863557 12.672000 2.051050 -0.785486 -0.311579 0.534724 0.868013 0.682344 2 23 0.200000 22 0.800000
  0 -0.975640 12.790400 1.893490 -0.237273 0.709571 -0.663484 0.899988 0.682135 2 23 0.200000 22 0.800000
  0 -1.563820 12.371200 1.665950 -0.778043 -0.043429 0.626709 0.867849 0.808209 2 23 0.200000 22 0.800000
assets/textures/Ch_MutoYugi01_body_tex
  0 -0.975640 12.790400 1.893490 -0.237273 0.709571 -0.663484 0.899988 0.682135 2 23 0.200000 22 0.800000
  0 -1.699110 12.421200 1.296220 0.292586 0.395247 -0.870732 0.899988 0.808178 2 23 0.200000 22 0.800000
  0 -1.563820 12.371200 1.665950 -0.778043 -0.043429 0.626709 0.867849 0.808209 2 23 0.200000 22 0.800000
assets/textures/Ch_MutoYugi01_body_tex
  0 -0.651016 12.491000 2.124500 0.147402 -0.720424 -0.677689 0.757649 0.781772 2 23 0.200000 22 0.800000
  0 -0.515158 13.253000 3.210490 -0.214944 -0.534045 0.817677 0.757743 0.629517 2 23 0.200000 22 0.800000
  0 -0.863557 12.672000 2.051050 -0.785486 -0.311579 0.534724 0.790777 0.781838 2 23 0.200000 22 0.800000
assets/textures/Ch_MutoYugi01_body_tex
  0 -0.515158 13.253000 3.210490 -0.214944 -0.534045 0.817677 0.757743 0.629517 2 23 0.200000 22 0.800000
  0 -0.793109 13.840700 3.358150 -0.671873 -0.212933 0.709398 0.790733 0.629603 2 23 0.200000 22 0.800000
  0 -0.863557 12.672000 2.051050 -0.785486 -0.311579 0.534724 0.790777 0.781838 2 23 0.200000 22 0.800000
assets/textures/Ch_MutoYugi01_body_tex
  0 -0.793109 13.840700 3.358150 -0.671873 -0.212933 0.709398 0.790733 0.629603 2 23 0.200000 22 0.800000
  0 -0.975640 12.790400 1.893490 -0.237273 0.709571 -0.663484 0.825363 0.781917 2 23 0.200000 22 0.800000
  0 -0.863557 12.672000 2.051050 -0.785486 -0.311579 0.534724 0.790777 0.781838 2 23 0.200000 22 0.800000
assets/textures/Ch_MutoYugi01_body_tex
  0 -0.793109 13.840700 3.358150 -0.671873 -0.212933 0.709398 0.790733 0.629603 2 23 0.200000 22 0.800000
  0 -0.986467 14.244600 3.170840 -0.867931 0.332299 0.369152 0.825363 0.629508 2 23 0.200000 22 0.800000
  0 -0.975640 12.790400 1.893490 -0.237273 0.709571 -0.663484 0.825363 0.781917 2 23 0.200000 22 0.800000
assets/textures/Ch_MutoYugi01_body_tex
  0 -1.168320 11.022500 1.310030 0.938964 0.219119 -0.265204 0.902464 0.682135 2 23 0.200000 22 0.800000
  0 -1.426490 11.142600 1.146330 -0.787920 -0.349860 0.506735 0.867931 0.755340 2 23 0.200000 22 0.800000
  0 -0.849200 10.131900 0.994097 0.831364 0.356110 -0.426638 0.902464 0.808178 2 23 0.200000 22 0.800000
assets/textures/Ch_MutoYugi01_body_tex
  0 -1.426490 11.142600 1.146330 -0.787920 -0.349860 0.506735 0.867931 0.755340 2 23 0.200000 22 0.800000
  0 -1.455200 11.148500 0.921792 0.582594 0.286744 -0.760501 0.829932 0.682371 2 23 0.200000 22 0.800000
  0 -0.849200 10.131900 0.994097 0.831364 0.356110 -0.426638 0.829932 0.808067 2 23 0.200000 22 0.800000
assets/textures/Ch_MutoYugi01_body_tex
  0 -0.849200 10.131900 0.994097 0.831364 0.356110 -0.426638 0.986565 0.763986 2 23 0.200000 22 0.800000
  0 -1.455200 11.148500 0.921792 0.582594 0.286744 -0.760501 0.989783 0.762135 2 23 0.200000 22 0.800000
  0 -1.168320 11.022500 1.310030 0.938964 0.219119 -0.265204 0.989180 0.760608 2 23 0.200000 22 0.800000
assets/textures/Ch_MutoYugi01_body_tex
  0 -1.455200 11.148500 0.921792 0.582594 0.286744 -0.760501 0.989783 0.762135 2 23 0.200000 22 0.800000
  0 -1.185230 12.137300 1.789900 0.968590 -0.238458 0.070508 0.992337 0.756504 2 23 0.200000 22 0.800000
  0 -1.168320 11.022500 1.310030 0.938964 0.219119 -0.265204 0.989180 0.760608 2 23 0.200000 22 0.800000
assets/textures/Ch_MutoYugi01_body_tex
  0 -1.455200 11.148500 0.921792 0.582594 0.286744 -0.760501 0.989783 0.762135 2 23 0.200000 22 0.800000
  0 -1.699110 12.421200 1.296220 0.292586 0.395247 -0.870732 0.993487 0.757574 2 23 0.200000 22 0.800000
  0 -1.185230 12.137300 1.789900 0.968590 -0.238458 0.070508 0.992337 0.756504 2 23 0.200000 22 0.800000
assets/textures/Ch_MutoYugi01_body_tex
  0 -1.699110 12.421200 1.296220 0.292586 0.395247 -0.870732 0.993487 0.757574 2 23 0.200000 22 0.800000
  0 -0.651016 12.491000 2.124500 0.147402 -0.720424 -0.677689 0.991703 0.752659 2 23 0.200000 22 0.800000
  0 -1.185230 12.137300 1.789900 0.968590 -0.238458 0.070508 0.992337 0.756504 2 23 0.200000 22 0.800000
assets/textures/Ch_MutoYugi01_body_tex
  0 -1.699110 12.421200 1.296220 0.292586 0.395247 -0.870732 0.993487 0.757574 2 23 0.200000 22 0.800000
  0 -0.975640 12.790400 1.893490 -0.237273 0.709571 -0.663484 0.992874 0.752764 2 23 0.200000 22 0.800000
  0 -0.651016 12.491000 2.124500 0.147402 -0.720424 -0.677689 0.991703 0.752659 2 23 0.200000 22 0.800000
assets/textures/Ch_MutoYugi01_body_tex
  0 -0.975640 12.790400 1.893490 -0.237273 0.709571 -0.663484 0.992874 0.752764 2 23 0.200000 22 0.800000
  0 -0.627990 13.418600 2.708750 0.499636 0.318453 -0.805575 0.993329 0.750007 2 23 0.200000 22 0.800000
  0 -0.651016 12.491000 2.124500 0.147402 -0.720424 -0.677689 0.991703 0.752659 2 23 0.200000 22 0.800000
assets/textures/Ch_MutoYugi01_body_tex
  0 -0.975640 12.790400 1.893490 -0.237273 0.709571 -0.663484 0.992874 0.752764 2 23 0.200000 22 0.800000
  0 -0.986467 14.244600 3.170840 -0.867931 0.332299 0.369152 0.994988 0.749099 2 23 0.200000 22 0.800000
  0 -0.627990 13.418600 2.708750 0.499636 0.318453 -0.805575 0.993329 0.750007 2 23 0.200000 22 0.800000
assets/textures/Ch_MutoYugi01_body_tex
  0 -0.651016 12.491000 2.124500 0.147402 -0.720424 -0.677689 0.991703 0.752659 2 23 0.200000 22 0.800000
  0 -0.627990 13.418600 2.708750 0.499636 0.318453 -0.805575 0.993329 0.750007 2 23 0.200000 22 0.800000
  0 -0.515158 13.253000 3.210490 -0.214944 -0.534045 0.817677 0.992117 0.750671 2 23 0.200000 22 0.800000
assets/textures/Ch_MutoYugi01_body_tex
  0 -0.986467 14.244600 3.170840 -0.867931 0.332299 0.369152 0.994988 0.749099 2 23 0.200000 22 0.800000
  0 -0.769750 14.094800 2.687880 0.003799 0.978039 -0.208388 0.993944 0.749099 2 23 0.200000 22 0.800000
  0 -0.627990 13.418600 2.708750 0.499636 0.318453 -0.805575 0.993329 0.750007 2 23 0.200000 22 0.800000
assets/textures/Ch_MutoYugi01_body_tex
  0 0.715412 13.879300 2.280480 -0.556709 0.728677 -0.398880 0.867931 0.780795 2 23 0.200000 22 0.800000
  0 1.311970 14.342300 2.292470 -0.414321 0.884048 -0.216328 0.833028 0.780773 2 23 0.200000 22 0.800000
  0 1.257170 13.913900 1.910130 0.170739 0.699879 -0.693554 0.833028 0.736250 2 23 0.200000 22 0.800000
assets/textures/Ch_MutoYugi01_body_tex
  0 0.715412 13.879300 2.280480 -0.556709 0.728677 -0.398880 0.867931 0.780795 2 23 0.200000 22 0.800000
  0 1.055230 14.165700 2.892020 0.471426 -0.084335 0.877864 0.867849 0.808209 2 23 0.200000 22 0.800000
  0 1.311970 14.342300 2.292470 -0.414321 0.884048 -0.216328 0.833028 0.780773 2 23 0.200000 22 0.800000
assets/textures/Ch_MutoYugi01_body_tex
  0 0.715412 13.879300 2.280480 -0.556709 0.728677 -0.398880 0.867931 0.780795 2 23 0.200000 22 0.800000
  0 0.670844 13.564600 2.734030 -0.041999 -0.462530 0.885608 0.899988 0.808178 2 23 0.200000 22 0.800000
  0 1.055230 14.165700 2.892020 0.471426 -0.084335 0.877864 0.867849 0.808209 2 23 0.200000 22 0.800000
assets/textures/Ch_MutoYugi01_body_tex
  0 0.715412 13.879300 2.280480 -0.556709 0.728677 -0.398880 0.867931 0.780795 2 23 0.200000 22 0.800000
  0 0.586905 13.342200 2.390810 0.634704 -0.676029 0.374347 0.899988 0.780559 2 23 0.200000 22 0.800000
  0 0.670844 13.564600 2.734030 -0.041999 -0.462530 0.885608 0.899988 0.808178 2 23 0.200000 22 0.800000
assets/textures/Ch_MutoYugi01_body_tex
  0 1.311970 14.342300 2.292470 -0.414321 0.884048 -0.216328 0.833028 0.780773 2 23 0.200000 22 0.800000
  0 1.055230 14.165700 2.892020 0.471426 -0.084335 0.877864 0.867849 0.808209 2 23 0.200000 22 0.800000
  0 1.425930 14.580900 2.712640 0.518197 0.837707 0.172393 0.833028 0.808067 2 23 0.200000 22 0.800000
assets/textures/Ch_MutoYugi01_body_tex
  0 2.148610 12.727500 1.411630 -0.010600 -0.939592 0.342132 0.757743 0.629517 2 23 0.200000 22 0.800000
  0 2.526600 12.438700 0.941753 -0.779509 -0.509250 -0.364734 0.757649 0.781772 2 23 0.200000 22 0.800000
  0 2.355260 12.972600 1.439450 0.594890 0.208854 0.776200 0.790733 0.629603 2 23 0.200000 22 0.800000
assets/textures/Ch_MutoYugi01_body_tex
  0 2.526600 12.438700 0.941753 -0.779509 -0.509250 -0.364734 0.757649 0.781772 2 23 0.200000 22 0.800000
  0 2.725650 12.557000 0.827233 0.820321 -0.103590 0.562444 0.790777 0.781838 2 23 0.200000 22 0.800000
  0 2.355260 12.972600 1.439450 0.594890 0.208854 0.776200 0.790733 0.629603 2 23 0.200000 22 0.800000
assets/textures/Ch_MutoYugi01_body_tex
  0 2.725650 12.557000 0.827233 0.820321 -0.103590 0.562444 0.790777 0.781838 2 23 0.200000 22 0.800000
  0 2.408510 13.063600 1.128860 -0.204599 0.682901 -0.701275 0.825363 0.629508 2 23 0.200000 22 0.800000
  0 2.355260 12.972600 1.439450 0.594890 0.208854 0.776200 0.790733 0.629603 2 23 0.200000 22 0.800000
assets/textures/Ch_MutoYugi01_body_tex
  0 2.725650 12.557000 0.827233 0.820321 -0.103590 0.562444 0.790777 0.781838 2 23 0.200000 22 0.800000
  0 2.770830 12.632400 0.679633 -0.538015 0.399295 -0.742363 0.825363 0.781917 2 23 0.200000 22 0.800000
  0 2.408510 13.063600 1.128860 -0.204599 0.682901 -0.701275 0.825363 0.629508 2 23 0.200000 22 0.800000
assets/textures/Ch_MutoYugi01_body_tex
  0 1.081020 12.815500 1.839110 -0.576608 -0.811996 0.090473 0.833028 0.682372 2 23 0.200000 22 0.800000
  0 2.148610 12.727500 1.411630 -0.010600 -0.939592 0.342132 0.833028 0.808067 2 23 0.200000 22 0.800000
  0 1.432680 13.148100 1.898600 0.609378 -0.372807 0.699767 0.868013 0.682344 2 23 0.200000 22 0.800000
assets/textures/Ch_MutoYugi01_body_tex
  0 2.148610 12.727500 1.411630 -0.010600 -0.939592 0.342132 0.833028 0.808067 2 23 0.200000 22 0.800000
  0 2.355260 12.972600 1.439450 0.594890 0.208854 0.776200 0.867849 0.808209 2 23 0.200000 22 0.800000
  0 1.432680 13.148100 1.898600 0.609378 -0.372807 0.699767 0.868013 0.682344 2 23 0.200000 22 0.800000
assets/textures/Ch_MutoYugi01_body_tex
  0 2.355260 12.972600 1.439450 0.594890 0.208854 0.776200 0.867849 0.808209 2 23 0.200000 22 0.800000
  0 1.536620 13.224000 1.608340 -0.147033 0.722196 -0.675880 0.899988 0.682135 2 23 0.200000 22 0.800000
  0 1.432680 13.148100 1.898600 0.609378 -0.372807 0.699767 0.868013 0.682344 2 23 0.200000 22 0.800000
assets/textures/Ch_MutoYugi01_body_tex
  0 2.355260 12.972600 1.439450 0.594890 0.208854 0.776200 0.867849 0.808209 2 23 0.200000 22 0.800000
  0 2.408510 13.063600 1.128860 -0.204599 0.682901 -0.701275 0.899988 0.808178 2 23 0.200000 22 0.800000
  0 1.536620 13.224000 1.608340 -0.147033 0.722196 -0.675880 0.899988 0.682135 2 23 0.200000 22 0.800000
assets/textures/Ch_MutoYugi01_body_tex
  0 1.081020 12.815500 1.839110 -0.576608 -0.811996 0.090473 0.757649 0.781772 2 23 0.200000 22 0.800000
  0 1.432680 13.148100 1.898600 0.609378 -0.372807 0.699767 0.790777 0.781838 2 23 0.200000 22 0.800000
  0 0.670844 13.564600 2.734030 -0.041999 -0.462530 0.885608 0.757743 0.629517 2 23 0.200000 22 0.800000
assets/textures/Ch_MutoYugi01_body_tex
  0 1.432680 13.148100 1.898600 0.609378 -0.372807 0.699767 0.790777 0.781838 2 23 0.200000 22 0.800000
  0 1.055230 14.165700 2.892020 0.471426 -0.084335 0.877864 0.790733 0.629603 2 23 0.200000 22 0.800000
  0 0.670844 13.564600 2.734030 -0.041999 -0.462530 0.885608 0.757743 0.629517 2 23 0.200000 22 0.800000
assets/textures/Ch_MutoYugi01_body_tex
  0 1.432680 13.148100 1.898600 0.609378 -0.372807 0.699767 0.790777 0.781838 2 23 0.200000 22 0.800000
  0 1.425930 14.580900 2.712640 0.518197 0.837707 0.172393 0.825363 0.629508 2 23 0.200000 22 0.800000
  0 1.055230 14.165700 2.892020 0.471426 -0.084335 0.877864 0.790733 0.629603 2 23 0.200000 22 0.800000
assets/textures/Ch_MutoYugi01_body_tex
  0 1.432680 13.148100 1.898600 0.609378 -0.372807 0.699767 0.790777 0.781838 2 23 0.200000 22 0.800000
  0 1.536620 13.224000 1.608340 -0.147033 0.722196 -0.675880 0.825363 0.781917 2 23 0.200000 22 0.800000
  0 1.425930 14.580900 2.712640 0.518197 0.837707 0.172393 0.825363 0.629508 2 23 0.200000 22 0.800000
assets/textures/Ch_MutoYugi01_body_tex
  0 2.526600 12.438700 0.941753 -0.779509 -0.509250 -0.364734 0.828044 0.682372 2 23 0.200000 22 0.800000
  0 3.136750 11.951200 -0.007378 -0.791893 0.045774 -0.608942 0.828044 0.808067 2 23 0.200000 22 0.800000
  0 2.725650 12.557000 0.827233 0.820321 -0.103590 0.562444 0.867931 0.755340 2 23 0.200000 22 0.800000
assets/textures/Ch_MutoYugi01_body_tex
  0 2.725650 12.557000 0.827233 0.820321 -0.103590 0.562444 0.867931 0.755340 2 23 0.200000 22 0.800000
  0 3.136750 11.951200 -0.007378 -0.791893 0.045774 -0.608942 0.899988 0.808178 2 23 0.200000 22 0.800000
  0 2.770830 12.632400 0.679633 -0.538015 0.399295 -0.742363 0.899988 0.682135 2 23 0.200000 22 0.800000
assets/textures/Ch_MutoYugi01_body_tex
  0 3.136750 11.951200 -0.007378 -0.791893 0.045774 -0.608942 0.986565 0.763986 2 23 0.200000 22 0.800000
  0 2.526600 12.438700 0.941753 -0.779509 -0.509250 -0.364734 0.989180 0.760608 2 23 0.200000 22 0.800000
  0 2.770830 12.632400 0.679633 -0.538015 0.399295 -0.742363 0.989783 0.762135 2 23 0.200000 22 0.800000
assets/textures/Ch_MutoYugi01_body_tex
  0 2.526600 12.438700 0.941753 -0.779509 -0.509250 -0.364734 0.989180 0.760608 2 23 0.200000 22 0.800000
  0 2.408510 13.063600 1.128860 -0.204599 0.682901 -0.701275 0.993487 0.757574 2 23 0.200000 22 0.800000
  0 2.770830 12.632400 0.679633 -0.538015 0.399295 -0.742363 0.989783 0.762135 2 23 0.200000 22 0.800000
assets/textures/Ch_MutoYugi01_body_tex
  0 2.526600 12.438700 0.941753 -0.779509 -0.509250 -0.364734 0.989180 0.760608 2 23 0.200000 22 0.800000
  0 2.148610 12.727500 1.411630 -0.010600 -0.939592 0.342132 0.992337 0.756504 2 23 0.200000 22 0.800000
  0 2.408510 13.063600 1.128860 -0.204599 0.682901 -0.701275 0.993487 0.757574 2 23 0.200000 22 0.800000
assets/textures/Ch_MutoYugi01_body_tex
  0 2.148610 12.727500 1.411630 -0.010600 -0.939592 0.342132 0.992337 0.756504 2 23 0.200000 22 0.800000
  0 1.081020 12.815500 1.839110 -0.576608 -0.811996 0.090473 0.991703 0.752659 2 23 0.200000 22 0.800000
  0 2.408510 13.063600 1.128860 -0.204599 0.682901 -0.701275 0.993487 0.757574 2 23 0.200000 22 0.800000
assets/textures/Ch_MutoYugi01_body_tex
  0 1.081020 12.815500 1.839110 -0.576608 -0.811996 0.090473 0.991703 0.752659 2 23 0.200000 22 0.800000
  0 1.536620 13.224000 1.608340 -0.147033 0.722196 -0.675880 0.992874 0.752764 2 23 0.200000 22 0.800000
  0 2.408510 13.063600 1.128860 -0.204599 0.682901 -0.701275 0.993487 0.757574 2 23 0.200000 22 0.800000
assets/textures/Ch_MutoYugi01_body_tex
  0 1.081020 12.815500 1.839110 -0.576608 -0.811996 0.090473 0.991703 0.752659 2 23 0.200000 22 0.800000
  0 0.978969 13.734300 2.340840 -0.365746 0.243361 -0.898335 0.992939 0.749889 2 23 0.200000 22 0.800000
  0 1.536620 13.224000 1.608340 -0.147033 0.722196 -0.675880 0.992874 0.752764 2 23 0.200000 22 0.800000
assets/textures/Ch_MutoYugi01_body_tex
  0 1.081020 12.815500 1.839110 -0.576608 -0.811996 0.090473 0.991703 0.752659 2 23 0.200000 22 0.800000
  0 0.670844 13.564600 2.734030 -0.041999 -0.462530 0.885608 0.992117 0.750671 2 23 0.200000 22 0.800000
  0 0.978969 13.734300 2.340840 -0.365746 0.243361 -0.898335 0.992939 0.749889 2 23 0.200000 22 0.800000
assets/textures/Ch_MutoYugi01_body_tex
  0 1.536620 13.224000 1.608340 -0.147033 0.722196 -0.675880 0.992874 0.752764 2 23 0.200000 22 0.800000
  0 0.978969 13.734300 2.340840 -0.365746 0.243361 -0.898335 0.992939 0.749889 2 23 0.200000 22 0.800000
  0 1.425930 14.580900 2.712640 0.518197 0.837707 0.172393 0.994988 0.749099 2 23 0.200000 22 0.800000
assets/textures/Ch_MutoYugi01_body_tex
  0 0.978969 13.734300 2.340840 -0.365746 0.243361 -0.898335 0.992939 0.749889 2 23 0.200000 22 0.800000
  0 1.311970 14.342300 2.292470 -0.414321 0.884048 -0.216328 0.993944 0.749099 2 23 0.200000 22 0.800000
  0 1.425930 14.580900 2.712640 0.518197 0.837707 0.172393 0.994988 0.749099 2 23 0.200000 22 0.800000
assets/textures/Ch_MutoYugi01_body_tex
  0 0.978969 13.734300 2.340840 -0.365746 0.243361 -0.898335 0.992939 0.749889 2 23 0.200000 22 0.800000
  0 1.257170 13.913900 1.910130 0.170739 0.699879 -0.693554 0.992899 0.749099 2 23 0.200000 22 0.800000
  0 1.311970 14.342300 2.292470 -0.414321 0.884048 -0.216328 0.993944 0.749099 2 23 0.200000 22 0.800000
assets/textures/Ch_MutoYugi01_body_tex
  0 0.978969 13.734300 2.340840 -0.365746 0.243361 -0.898335 0.992939 0.749889 2 23 0.200000 22 0.800000
  0 1.033520 13.147800 1.558180 0.745135 -0.529387 0.405614 0.991119 0.749335 1 22 1.000000
  0 1.257170 13.913900 1.910130 0.170739 0.699879 -0.693554 0.992899 0.749099 2 23 0.200000 22 0.800000
assets/textures/Ch_MutoYugi01_body_tex
  0 -1.311780 13.817500 1.872700 0.389069 0.689401 -0.611025 0.899988 0.732046 2 23 0.200000 22 0.800000
  0 -0.673981 13.851400 2.260980 0.485551 0.773020 -0.408265 0.867931 0.755340 2 23 0.200000 22 0.800000
  0 -0.490866 13.179000 1.668870 0.389069 0.689401 -0.611025 0.868013 0.682344 1 22 1.000000
assets/textures/Ch_MutoYugi01_body_tex
  0 -1.311780 13.817500 1.872700 0.389069 0.689401 -0.611025 0.899988 0.732046 2 23 0.200000 22 0.800000
  0 -1.347700 14.292600 2.308410 0.369456 0.921285 -0.121394 0.899988 0.782905 2 23 0.200000 22 0.800000
  0 -0.673981 13.851400 2.260980 0.485551 0.773020 -0.408265 0.867931 0.755340 2 23 0.200000 22 0.800000
assets/textures/Ch_MutoYugi01_body_tex
  0 -1.347700 14.292600 2.308410 0.369456 0.921285 -0.121394 0.899988 0.782905 2 23 0.200000 22 0.800000
  0 -1.040270 14.043000 2.862640 -0.494684 -0.116979 0.861164 0.867849 0.808209 2 23 0.200000 22 0.800000
  0 -0.673981 13.851400 2.260980 0.485551 0.773020 -0.408265 0.867931 0.755340 2 23 0.200000 22 0.800000
assets/textures/Ch_MutoYugi01_body_tex
  0 -1.347700 14.292600 2.308410 0.369456 0.921285 -0.121394 0.899988 0.782905 2 23 0.200000 22 0.800000
  0 -1.429290 14.443300 2.672580 -0.556581 0.785545 0.270438 0.899988 0.808178 2 23 0.200000 22 0.800000
  0 -1.040270 14.043000 2.862640 -0.494684 -0.116979 0.861164 0.867849 0.808209 2 23 0.200000 22 0.800000
assets/textures/Ch_MutoYugi01_body_tex
  0 -0.673981 13.851400 2.260980 0.485551 0.773020 -0.408265 0.867931 0.755340 2 23 0.200000 22 0.800000
  0 -1.040270 14.043000 2.862640 -0.494684 -0.116979 0.861164 0.867849 0.808209 2 23 0.200000 22 0.800000
  0 -0.621185 13.458500 2.715920 0.093312 -0.464426 0.880682 0.833028 0.808067 2 23 0.200000 22 0.800000
assets/textures/Ch_MutoYugi01_body_tex
  0 -0.673981 13.851400 2.260980 0.485551 0.773020 -0.408265 0.867931 0.755340 2 23 0.200000 22 0.800000
  0 -0.621185 13.458500 2.715920 0.093312 -0.464426 0.880682 0.833028 0.808067 2 23 0.200000 22 0.800000
  0 -0.518959 13.319900 2.375360 -0.609320 -0.684582 0.400096 0.833028 0.753958 2 23 0.200000 22 0.800000
assets/textures/Ch_MutoYugi01_body_tex
  0 -1.653950 11.562600 0.753996 0.963285 0.133195 -0.233112 0.757649 0.781772 2 23 0.200000 22 0.800000
  0 -1.687260 12.410800 1.273040 0.689609 -0.636812 0.344833 0.757743 0.629517 2 23 0.200000 22 0.800000
  0 -1.982540 11.719300 0.653969 -0.708051 -0.451345 0.543095 0.790777 0.781838 2 23 0.200000 22 0.800000
assets/textures/Ch_MutoYugi01_body_tex
  0 -1.687260 12.410800 1.273040 0.689609 -0.636812 0.344833 0.757743 0.629517 2 23 0.200000 22 0.800000
  0 -2.081470 12.654900 1.357330 -0.700991 -0.132570 0.700741 0.790733 0.629603 2 23 0.200000 22 0.800000
  0 -1.982540 11.719300 0.653969 -0.708051 -0.451345 0.543095 0.790777 0.781838 2 23 0.200000 22 0.800000
assets/textures/Ch_MutoYugi01_body_tex
  0 -2.081470 12.654900 1.357330 -0.700991 -0.132570 0.700741 0.790733 0.629603 2 23 0.200000 22 0.800000
  0 -2.133620 12.743500 1.045260 -0.098175 0.659178 -0.745551 0.757743 0.629517 2 23 0.200000 22 0.800000
  0 -1.982540 11.719300 0.653969 -0.708051 -0.451345 0.543095 0.790777 0.781838 2 23 0.200000 22 0.800000
assets/textures/Ch_MutoYugi01_body_tex
  0 -2.133620 12.743500 1.045260 -0.098175 0.659178 -0.745551 0.757743 0.629517 2 23 0.200000 22 0.800000
  0 -2.011200 11.678800 0.424130 0.409173 0.469204 -0.782576 0.757649 0.781772 2 23 0.200000 22 0.800000
  0 -1.982540 11.719300 0.653969 -0.708051 -0.451345 0.543095 0.790777 0.781838 2 23 0.200000 22 0.800000
assets/textures/Ch_MutoYugi01_body_tex
  0 -0.880254 12.745700 1.863760 0.301833 -0.881599 0.362877 0.833028 0.682372 2 23 0.200000 22 0.800000
  0 -1.250410 13.064200 1.913150 -0.609616 -0.450124 0.652500 0.868013 0.682344 2 23 0.200000 22 0.800000
  0 -1.687260 12.410800 1.273040 0.689609 -0.636812 0.344833 0.833028 0.808067 2 23 0.200000 22 0.800000
assets/textures/Ch_MutoYugi01_body_tex
  0 -1.250410 13.064200 1.913150 -0.609616 -0.450124 0.652500 0.868013 0.682344 2 23 0.200000 22 0.800000
  0 -2.081470 12.654900 1.357330 -0.700991 -0.132570 0.700741 0.867849 0.808209 2 23 0.200000 22 0.800000
  0 -1.687260 12.410800 1.273040 0.689609 -0.636812 0.344833 0.833028 0.808067 2 23 0.200000 22 0.800000
assets/textures/Ch_MutoYugi01_body_tex
  0 -1.250410 13.064200 1.913150 -0.609616 -0.450124 0.652500 0.868013 0.682344 2 23 0.200000 22 0.800000
  0 -1.352750 13.135700 1.619990 0.015574 0.725297 -0.688259 0.899988 0.682135 2 23 0.200000 22 0.800000
  0 -2.081470 12.654900 1.357330 -0.700991 -0.132570 0.700741 0.867849 0.808209 2 23 0.200000 22 0.800000
assets/textures/Ch_MutoYugi01_body_tex
  0 -1.352750 13.135700 1.619990 0.015574 0.725297 -0.688259 0.899988 0.682135 2 23 0.200000 22 0.800000
  0 -2.133620 12.743500 1.045260 -0.098175 0.659178 -0.745551 0.899988 0.808178 2 23 0.200000 22 0.800000
  0 -2.081470 12.654900 1.357330 -0.700991 -0.132570 0.700741 0.867849 0.808209 2 23 0.200000 22 0.800000
assets/textures/Ch_MutoYugi01_body_tex
  0 -0.880254 12.745700 1.863760 0.301833 -0.881599 0.362877 0.757649 0.781772 2 23 0.200000 22 0.800000
  0 -0.621185 13.458500 2.715920 0.093312 -0.464426 0.880682 0.757743 0.629517 2 23 0.200000 22 0.800000
  0 -1.250410 13.064200 1.913150 -0.609616 -0.450124 0.652500 0.790777 0.781838 2 23 0.200000 22 0.800000
assets/textures/Ch_MutoYugi01_body_tex
  0 -0.621185 13.458500 2.715920 0.093312 -0.464426 0.880682 0.757743 0.629517 2 23 0.200000 22 0.800000
  0 -1.040270 14.043000 2.862640 -0.494684 -0.116979 0.861164 0.790733 0.629603 2 23 0.200000 22 0.800000
  0 -1.250410 13.064200 1.913150 -0.609616 -0.450124 0.652500 0.790777 0.781838 2 23 0.200000 22 0.800000
assets/textures/Ch_MutoYugi01_body_tex
  0 -1.040270 14.043000 2.862640 -0.494684 -0.116979 0.861164 0.790733 0.629603 2 23 0.200000 22 0.800000
  0 -1.352750 13.135700 1.619990 0.015574 0.725297 -0.688259 0.825363 0.781917 2 23 0.200000 22 0.800000
  0 -1.250410 13.064200 1.913150 -0.609616 -0.450124 0.652500 0.790777 0.781838 2 23 0.200000 22 0.800000
assets/textures/Ch_MutoYugi01_body_tex
  0 -1.040270 14.043000 2.862640 -0.494684 -0.116979 0.861164 0.790733 0.629603 2 23 0.200000 22 0.800000
  0 -1.429290 14.443300 2.672580 -0.556581 0.785545 0.270438 0.825363 0.629508 2 23 0.200000 22 0.800000
  0 -1.352750 13.135700 1.619990 0.015574 0.725297 -0.688259 0.825363 0.781917 2 23 0.200000 22 0.800000
assets/textures/Ch_MutoYugi01_body_tex
  0 -1.653950 11.562600 0.753996 0.963285 0.133195 -0.233112 0.901845 0.682135 2 23 0.200000 22 0.800000
  0 -1.982540 11.719300 0.653969 -0.708051 -0.451345 0.543095 0.867931 0.755340 2 23 0.200000 22 0.800000
  0 -1.648460 10.179600 -0.286260 0.807101 0.310027 -0.502465 0.901845 0.808178 2 23 0.200000 22 0.800000
assets/textures/Ch_MutoYugi01_body_tex
  0 -1.982540 11.719300 0.653969 -0.708051 -0.451345 0.543095 0.867931 0.755340 2 23 0.200000 22 0.800000
  0 -2.011200 11.678800 0.424130 0.409173 0.469204 -0.782576 0.830551 0.682371 2 23 0.200000 22 0.800000
  0 -1.648460 10.179600 -0.286260 0.807101 0.310027 -0.502465 0.830551 0.808067 2 23 0.200000 22 0.800000
assets/textures/Ch_MutoYugi01_body_tex
  0 -1.648460 10.179600 -0.286260 0.807101 0.310027 -0.502465 0.986565 0.763986 2 23 0.200000 22 0.800000
  0 -2.011200 11.678800 0.424130 0.409173 0.469204 -0.782576 0.989783 0.762135 2 23 0.200000 22 0.800000
  0 -1.653950 11.562600 0.753996 0.963285 0.133195 -0.233112 0.989180 0.760608 2 23 0.200000 22 0.800000
assets/textures/Ch_MutoYugi01_body_tex
  0 -2.011200 11.678800 0.424130 0.409173 0.469204 -0.782576 0.989783 0.762135 2 23 0.200000 22 0.800000
  0 -1.687260 12.410800 1.273040 0.689609 -0.636812 0.344833 0.992337 0.756504 2 23 0.200000 22 0.800000
  0 -1.653950 11.562600 0.753996 0.963285 0.133195 -0.233112 0.989180 0.760608 2 23 0.200000 22 0.800000
assets/textures/Ch_MutoYugi01_body_tex
  0 -2.011200 11.678800 0.424130 0.409173 0.469204 -0.782576 0.989783 0.762135 2 23 0.200000 22 0.800000
  0 -2.133620 12.743500 1.045260 -0.098175 0.659178 -0.745551 0.993487 0.757574 2 23 0.200000 22 0.800000
  0 -1.687260 12.410800 1.273040 0.689609 -0.636812 0.344833 0.992337 0.756504 2 23 0.200000 22 0.800000
assets/textures/Ch_MutoYugi01_body_tex
  0 -2.133620 12.743500 1.045260 -0.098175 0.659178 -0.745551 0.993487 0.757574 2 23 0.200000 22 0.800000
  0 -0.880254 12.745700 1.863760 0.301833 -0.881599 0.362877 0.991703 0.752659 2 23 0.200000 22 0.800000
  0 -1.687260 12.410800 1.273040 0.689609 -0.636812 0.344833 0.992337 0.756504 2 23 0.200000 22 0.800000
assets/textures/Ch_MutoYugi01_body_tex
  0 -2.133620 12.743500 1.045260 -0.098175 0.659178 -0.745551 0.993487 0.757574 2 23 0.200000 22 0.800000
  0 -1.352750 13.135700 1.619990 0.015574 0.725297 -0.688259 0.992874 0.752764 2 23 0.200000 22 0.800000
  0 -0.880254 12.745700 1.863760 0.301833 -0.881599 0.362877 0.991703 0.752659 2 23 0.200000 22 0.800000
assets/textures/Ch_MutoYugi01_body_tex
  0 -1.352750 13.135700 1.619990 0.015574 0.725297 -0.688259 0.992874 0.752764 2 23 0.200000 22 0.800000
  0 -0.930542 13.695900 2.314090 0.453357 0.288172 -0.843460 0.992939 0.749889 2 23 0.200000 22 0.800000
  0 -0.880254 12.745700 1.863760 0.301833 -0.881599 0.362877 0.991703 0.752659 2 23 0.200000 22 0.800000
assets/textures/Ch_MutoYugi01_body_tex
  0 -1.352750 13.135700 1.619990 0.015574 0.725297 -0.688259 0.992874 0.752764 2 23 0.200000 22 0.800000
  0 -1.429290 14.443300 2.672580 -0.556581 0.785545 0.270438 0.994988 0.749099 2 23 0.200000 22 0.800000
  0 -0.930542 13.695900 2.314090 0.453357 0.288172 -0.843460 0.992939 0.749889 2 23 0.200000 22 0.800000
assets/textures/Ch_MutoYugi01_body_tex
  0 -0.880254 12.745700 1.863760 0.301833 -0.881599 0.362877 0.991703 0.752659 2 23 0.200000 22 0.800000
  0 -0.930542 13.695900 2.314090 0.453357 0.288172 -0.843460 0.992939 0.749889 2 23 0.200000 22 0.800000
  0 -0.621185 13.458500 2.715920 0.093312 -0.464426 0.880682 0.992117 0.750671 2 23 0.200000 22 0.800000
assets/textures/Ch_MutoYugi01_body_tex
  0 -1.429290 14.443300 2.672580 -0.556581 0.785545 0.270438 0.994988 0.749099 2 23 0.200000 22 0.800000
  0 -1.347700 14.292600 2.308410 0.369456 0.921285 -0.121394 0.993944 0.749099 2 23 0.200000 22 0.800000
  0 -0.930542 13.695900 2.314090 0.453357 0.288172 -0.843460 0.992939 0.749889 2 23 0.200000 22 0.800000
assets/textures/Ch_MutoYugi01_body_tex
  0 -1.347700 14.292600 2.308410 0.369456 0.921285 -0.121394 0.993944 0.749099 2 23 0.200000 22 0.800000
  0 -1.311780 13.817500 1.872700 0.389069 0.689401 -0.611025 0.992899 0.749099 2 23 0.200000 22 0.800000
  0 -0.930542 13.695900 2.314090 0.453357 0.288172 -0.843460 0.992939 0.749889 2 23 0.200000 22 0.800000
assets/textures/Ch_MutoYugi01_body_tex
  0 -1.311780 13.817500 1.872700 0.389069 0.689401 -0.611025 0.992899 0.749099 2 23 0.200000 22 0.800000
  0 -1.031700 13.132000 1.562780 -0.515757 -0.560796 0.647690 0.991254 0.749226 1 22 1.000000
  0 -0.930542 13.695900 2.314090 0.453357 0.288172 -0.843460 0.992939 0.749889 2 23 0.200000 22 0.800000
assets/textures/Ch_MutoYugi01_body_tex
  0 -1.835040 14.461300 1.923040 -0.912641 0.375479 0.161562 0.757743 0.629517 2 23 0.200000 22 0.800000
  0 -1.818210 13.396800 1.521540 -0.221859 0.586080 -0.779288 0.757649 0.781772 2 23 0.200000 22 0.800000
  0 -1.568970 14.284800 2.181530 -0.606657 -0.078390 0.791089 0.790733 0.629603 2 23 0.200000 22 0.800000
assets/textures/Ch_MutoYugi01_body_tex
  0 -1.818210 13.396800 1.521540 -0.221859 0.586080 -0.779288 0.757649 0.781772 2 23 0.200000 22 0.800000
  0 -1.801960 13.312700 1.772880 -0.588167 -0.304174 0.749358 0.790777 0.781838 2 23 0.200000 22 0.800000
  0 -1.568970 14.284800 2.181530 -0.606657 -0.078390 0.791089 0.790733 0.629603 2 23 0.200000 22 0.800000
assets/textures/Ch_MutoYugi01_body_tex
  0 -1.801960 13.312700 1.772880 -0.588167 -0.304174 0.749358 0.790777 0.781838 2 23 0.200000 22 0.800000
  0 -1.391050 14.166500 2.367930 -0.088023 -0.356586 0.930107 0.757743 0.629517 2 23 0.200000 22 0.800000
  0 -1.568970 14.284800 2.181530 -0.606657 -0.078390 0.791089 0.790733 0.629603 2 23 0.200000 22 0.800000
assets/textures/Ch_MutoYugi01_body_tex
  0 -1.801960 13.312700 1.772880 -0.588167 -0.304174 0.749358 0.790777 0.781838 2 23 0.200000 22 0.800000
  0 -1.490290 13.031600 1.622050 0.242188 -0.899733 0.363077 0.757649 0.781772 2 23 0.200000 22 0.800000
  0 -1.391050 14.166500 2.367930 -0.088023 -0.356586 0.930107 0.757743 0.629517 2 23 0.200000 22 0.800000
assets/textures/Ch_MutoYugi01_body_tex
  0 -1.490290 13.031600 1.622050 0.242188 -0.899733 0.363077 0.833028 0.682372 2 23 0.200000 22 0.800000
  0 -1.801960 13.312700 1.772880 -0.588167 -0.304174 0.749358 0.868013 0.682344 2 23 0.200000 22 0.800000
  0 -2.332460 12.790900 1.138520 0.628190 -0.755824 -0.184682 0.833028 0.808067 2 23 0.200000 22 0.800000
assets/textures/Ch_MutoYugi01_body_tex
  0 -1.801960 13.312700 1.772880 -0.588167 -0.304174 0.749358 0.868013 0.682344 2 23 0.200000 22 0.800000
  0 -2.457760 13.041700 1.245630 -0.663363 -0.130486 0.736833 0.867849 0.808209 2 23 0.200000 22 0.800000
  0 -2.332460 12.790900 1.138520 0.628190 -0.755824 -0.184682 0.833028 0.808067 2 23 0.200000 22 0.800000
assets/textures/Ch_MutoYugi01_body_tex
  0 -1.801960 13.312700 1.772880 -0.588167 -0.304174 0.749358 0.868013 0.682344 2 23 0.200000 22 0.800000
  0 -1.818210 13.396800 1.521540 -0.221859 0.586080 -0.779288 0.899988 0.682135 2 23 0.200000 22 0.800000
  0 -2.457760 13.041700 1.245630 -0.663363 -0.130486 0.736833 0.867849 0.808209 2 23 0.200000 22 0.800000
assets/textures/Ch_MutoYugi01_body_tex
  0 -1.818210 13.396800 1.521540 -0.221859 0.586080 -0.779288 0.899988 0.682135 2 23 0.200000 22 0.800000
  0 -2.422380 13.135300 1.083310 0.205055 0.544432 -0.813355 0.899988 0.808178 2 23 0.200000 22 0.800000
  0 -2.457760 13.041700 1.245630 -0.663363 -0.130486 0.736833 0.867849 0.808209 2 23 0.200000 22 0.800000
assets/textures/Ch_MutoYugi01_body_tex
  0 -1.791560 13.174100 0.689334 -0.930459 -0.264239 0.253820 0.991411 0.749099 2 23 0.120000 22 0.880000
  0 -1.385240 12.790700 1.259370 -0.725433 -0.425292 0.541179 0.991227 0.749248 1 22 1.000000
  0 -1.819070 13.946100 1.392160 -0.634512 0.640355 -0.432827 0.993745 0.749099 2 23 0.200000 22 0.800000
assets/textures/Ch_MutoYugi01_body_tex
  0 -3.183070 11.749900 -0.396293 0.846126 -0.093728 -0.524677 0.991935 0.783165 2 23 0.200000 22 0.800000
  0 -2.681920 12.553600 0.584118 0.470034 0.469206 -0.747605 0.997385 0.783165 2 23 0.200000 22 0.800000
  0 -2.665780 12.313200 0.583869 0.841511 -0.527814 -0.115205 0.997385 0.795912 2 23 0.200000 22 0.800000
assets/textures/Ch_MutoYugi01_body_tex
  0 -1.791560 13.174100 0.689334 -0.930459 -0.264239 0.253820 0.899988 0.682135 2 23 0.120000 22 0.880000
  0 -1.819070 13.946100 1.392160 -0.634512 0.640355 -0.432827 0.899988 0.755927 2 23 0.200000 22 0.800000
  0 -1.410830 13.411100 1.265550 0.596065 0.595656 -0.538424 0.868013 0.682344 1 22 1.000000
assets/textures/Ch_MutoYugi01_body_tex
  0 -1.819070 13.946100 1.392160 -0.634512 0.640355 -0.432827 0.899988 0.755927 2 23 0.200000 22 0.800000
  0 -1.311780 13.817500 1.872700 0.389069 0.689401 -0.611025 0.833028 0.756163 2 23 0.200000 22 0.800000
  0 -1.410830 13.411100 1.265550 0.596065 0.595656 -0.538424 0.868013 0.682344 1 22 1.000000
assets/textures/Ch_MutoYugi01_body_tex
  0 -1.819070 13.946100 1.392160 -0.634512 0.640355 -0.432827 0.899988 0.755927 2 23 0.200000 22 0.800000
  0 -1.835040 14.461300 1.923040 -0.912641 0.375479 0.161562 0.899988 0.808178 2 23 0.200000 22 0.800000
  0 -1.311780 13.817500 1.872700 0.389069 0.689401 -0.611025 0.833028 0.756163 2 23 0.200000 22 0.800000
assets/textures/Ch_MutoYugi01_body_tex
  0 -1.835040 14.461300 1.923040 -0.912641 0.375479 0.161562 0.899988 0.808178 2 23 0.200000 22 0.800000
  0 -1.568970 14.284800 2.181530 -0.606657 -0.078390 0.791089 0.867849 0.808209 2 23 0.200000 22 0.800000
  0 -1.311780 13.817500 1.872700 0.389069 0.689401 -0.611025 0.833028 0.756163 2 23 0.200000 22 0.800000
assets/textures/Ch_MutoYugi01_body_tex
  0 -1.568970 14.284800 2.181530 -0.606657 -0.078390 0.791089 0.867849 0.808209 2 23 0.200000 22 0.800000
  0 -1.391050 14.166500 2.367930 -0.088023 -0.356586 0.930107 0.833028 0.808067 2 23 0.200000 22 0.800000
  0 -1.311780 13.817500 1.872700 0.389069 0.689401 -0.611025 0.833028 0.756163 2 23 0.200000 22 0.800000
assets/textures/Ch_MutoYugi01_body_tex
  0 -1.835040 14.461300 1.923040 -0.912641 0.375479 0.161562 0.986565 0.749099 2 23 0.200000 22 0.800000
  0 -1.553170 13.836900 1.824400 0.090758 -0.958165 -0.271447 0.987737 0.752613 2 23 0.200000 22 0.800000
  0 -1.818210 13.396800 1.521540 -0.221859 0.586080 -0.779288 0.992787 0.749099 2 23 0.200000 22 0.800000
assets/textures/Ch_MutoYugi01_body_tex
  0 -1.553170 13.836900 1.824400 0.090758 -0.958165 -0.271447 0.987737 0.752613 2 23 0.200000 22 0.800000
  0 -1.490290 13.031600 1.622050 0.242188 -0.899733 0.363077 0.994988 0.753766 2 23 0.200000 22 0.800000
  0 -1.818210 13.396800 1.521540 -0.221859 0.586080 -0.779288 0.992787 0.749099 2 23 0.200000 22 0.800000
assets/textures/Ch_MutoYugi01_body_tex
  0 -1.553170 13.836900 1.824400 0.090758 -0.958165 -0.271447 0.987737 0.752613 2 23 0.200000 22 0.800000
  0 -1.391050 14.166500 2.367930 -0.088023 -0.356586 0.930107 0.988624 0.755271 2 23 0.200000 22 0.800000
  0 -1.490290 13.031600 1.622050 0.242188 -0.899733 0.363077 0.994988 0.753766 2 23 0.200000 22 0.800000
assets/textures/Ch_MutoYugi01_body_tex
  0 -1.553170 13.836900 1.824400 0.090758 -0.958165 -0.271447 0.987788 0.751159 2 23 0.200000 22 0.800000
  0 -1.835040 14.461300 1.923040 -0.912641 0.375479 0.161562 0.990657 0.764917 2 23 0.200000 22 0.800000
  0 -1.819070 13.946100 1.392160 -0.634512 0.640355 -0.432827 0.991947 0.749099 2 23 0.200000 22 0.800000
assets/textures/Ch_MutoYugi01_body_tex
  0 -1.391050 14.166500 2.367930 -0.088023 -0.356586 0.930107 0.986565 0.749099 2 23 0.200000 22 0.800000
  0 -1.553170 13.836900 1.824400 0.090758 -0.958165 -0.271447 0.992954 0.760113 2 23 0.200000 22 0.800000
  0 -1.311780 13.817500 1.872700 0.389069 0.689401 -0.611025 0.994988 0.749099 2 23 0.200000 22 0.800000
assets/textures/Ch_MutoYugi01_body_tex
  0 -2.665780 12.313200 0.583869 0.841511 -0.527814 -0.115205 0.757649 0.781772 2 23 0.200000 22 0.800000
  0 -2.332460 12.790900 1.138520 0.628190 -0.755824 -0.184682 0.757743 0.629517 2 23 0.200000 22 0.800000
  0 -2.714770 12.487400 0.681559 -0.829475 -0.159014 0.535430 0.790777 0.781838 2 23 0.200000 22 0.800000
assets/textures/Ch_MutoYugi01_body_tex
  0 -2.332460 12.790900 1.138520 0.628190 -0.755824 -0.184682 0.757743 0.629517 2 23 0.200000 22 0.800000
  0 -2.457760 13.041700 1.245630 -0.663363 -0.130486 0.736833 0.790733 0.629603 2 23 0.200000 22 0.800000
  0 -2.714770 12.487400 0.681559 -0.829475 -0.159014 0.535430 0.790777 0.781838 2 23 0.200000 22 0.800000
assets/textures/Ch_MutoYugi01_body_tex
  0 -2.457760 13.041700 1.245630 -0.663363 -0.130486 0.736833 0.790733 0.629603 2 23 0.200000 22 0.800000
  0 -2.422380 13.135300 1.083310 0.205055 0.544432 -0.813355 0.825363 0.629508 2 23 0.200000 22 0.800000
  0 -2.714770 12.487400 0.681559 -0.829475 -0.159014 0.535430 0.790777 0.781838 2 23 0.200000 22 0.800000
assets/textures/Ch_MutoYugi01_body_tex
  0 -2.422380 13.135300 1.083310 0.205055 0.544432 -0.813355 0.825363 0.629508 2 23 0.200000 22 0.800000
  0 -2.681920 12.553600 0.584118 0.470034 0.469206 -0.747605 0.825363 0.781917 2 23 0.200000 22 0.800000
  0 -2.714770 12.487400 0.681559 -0.829475 -0.159014 0.535430 0.790777 0.781838 2 23 0.200000 22 0.800000
assets/textures/Ch_MutoYugi01_body_tex
  0 -2.422380 13.135300 1.083310 0.205055 0.544432 -0.813355 0.991935 0.783165 2 23 0.200000 22 0.800000
  0 -1.818210 13.396800 1.521540 -0.221859 0.586080 -0.779288 0.997385 0.783165 2 23 0.200000 22 0.800000
  0 -2.332460 12.790900 1.138520 0.628190 -0.755824 -0.184682 0.991935 0.795912 2 23 0.200000 22 0.800000
assets/textures/Ch_MutoYugi01_body_tex
  0 -1.818210 13.396800 1.521540 -0.221859 0.586080 -0.779288 0.997385 0.783165 2 23 0.200000 22 0.800000
  0 -1.490290 13.031600 1.622050 0.242188 -0.899733 0.363077 0.997385 0.795912 2 23 0.200000 22 0.800000
  0 -2.332460 12.790900 1.138520 0.628190 -0.755824 -0.184682 0.991935 0.795912 2 23 0.200000 22 0.800000
assets/textures/Ch_MutoYugi01_body_tex
  0 -2.422380 13.135300 1.083310 0.205055 0.544432 -0.813355 0.997385 0.783165 2 23 0.200000 22 0.800000
  0 -2.332460 12.790900 1.138520 0.628190 -0.755824 -0.184682 0.997385 0.795912 2 23 0.200000 22 0.800000
  0 -2.681920 12.553600 0.584118 0.470034 0.469206 -0.747605 0.991935 0.783165 2 23 0.200000 22 0.800000
assets/textures/Ch_MutoYugi01_body_tex
  0 -2.332460 12.790900 1.138520 0.628190 -0.755824 -0.184682 0.997385 0.795912 2 23 0.200000 22 0.800000
  0 -2.665780 12.313200 0.583869 0.841511 -0.527814 -0.115205 0.991935 0.795912 2 23 0.200000 22 0.800000
  0 -2.681920 12.553600 0.584118 0.470034 0.469206 -0.747605 0.991935 0.783165 2 23 0.200000 22 0.800000
assets/textures/Ch_MutoYugi01_body_tex
  0 -3.183070 11.749900 -0.396293 0.846126 -0.093728 -0.524677 0.833028 0.808067 2 23 0.200000 22 0.800000
  0 -2.665780 12.313200 0.583869 0.841511 -0.527814 -0.115205 0.833028 0.682372 2 23 0.200000 22 0.800000
  0 -2.714770 12.487400 0.681559 -0.829475 -0.159014 0.535430 0.867931 0.755340 2 23 0.200000 22 0.800000
assets/textures/Ch_MutoYugi01_body_tex
  0 -2.714770 12.487400 0.681559 -0.829475 -0.159014 0.535430 0.867931 0.755340 2 23 0.200000 22 0.800000
  0 -2.681920 12.553600 0.584118 0.470034 0.469206 -0.747605 0.899988 0.682135 2 23 0.200000 22 0.800000
  0 -3.183070 11.749900 -0.396293 0.846126 -0.093728 -0.524677 0.899988 0.808178 2 23 0.200000 22 0.800000
assets/textures/Ch_MutoYugi01_body_tex
  0 -3.619500 15.709800 -1.510540 -0.911952 -0.084888 0.401419 0.992032 0.750851 2 23 0.500000 22 0.500000
  0 -2.617520 13.166900 0.436935 -0.730898 -0.001191 0.682486 0.993839 0.756200 2 23 0.200000 22 0.800000
  0 -2.494320 14.897300 -0.009959 -0.641910 0.293505 0.708382 0.992388 0.753779 2 23 0.500000 22 0.500000
assets/textures/Ch_MutoYugi01_body_tex
  0 -2.617520 13.166900 0.436935 -0.730898 -0.001191 0.682486 0.993839 0.756200 2 23 0.200000 22 0.800000
  0 -1.172060 14.346100 1.208850 -0.530265 0.170473 0.830517 0.991913 0.757025 1 22 1.000000
  0 -2.494320 14.897300 -0.009959 -0.641910 0.293505 0.708382 0.992388 0.753779 2 23 0.500000 22 0.500000
assets/textures/Ch_MutoYugi01_body_tex
  0 -2.617520 13.166900 0.436935 -0.730898 -0.001191 0.682486 0.993839 0.756200 2 23 0.200000 22 0.800000
  0 -1.608490 12.546000 1.122280 -0.674888 -0.084867 0.733024 0.993314 0.759189 1 22 1.000000
  0 -1.172060 14.346100 1.208850 -0.530265 0.170473 0.830517 0.991913 0.757025 1 22 1.000000
assets/textures/Ch_MutoYugi01_body_tex
  0 -2.617520 13.166900 0.436935 -0.730898 -0.001191 0.682486 0.993839 0.756200 2 23 0.200000 22 0.800000
  0 -2.918000 12.761800 -0.215061 -0.655144 -0.583116 0.480377 0.994874 0.755486 1 22 1.000000
  0 -1.608490 12.546000 1.122280 -0.674888 -0.084867 0.733024 0.993314 0.759189 1 22 1.000000
assets/textures/Ch_MutoYugi01_body_tex
  0 -2.617520 13.166900 0.436935 -0.730898 -0.001191 0.682486 0.993839 0.756200 2 23 0.200000 22 0.800000
  0 -3.470730 13.218600 -0.687113 -0.782135 0.305330 0.543174 0.995284 0.753890 2 23 0.500000 22 0.500000
  0 -2.918000 12.761800 -0.215061 -0.655144 -0.583116 0.480377 0.994874 0.755486 1 22 1.000000
assets/textures/Ch_MutoYugi01_body_tex
  0 -2.494320 14.897300 -0.009959 -0.641910 0.293505 0.708382 0.992388 0.753779 2 23 0.500000 22 0.500000
  0 -1.172060 14.346100 1.208850 -0.530265 0.170473 0.830517 0.991913 0.757025 1 22 1.000000
  0 -2.491090 15.431100 -0.391893 -0.531939 0.465651 0.707255 0.992023 0.751968 2 23 0.500000 22 0.500000
assets/textures/Ch_MutoYugi01_body_tex
  0 0.472291 15.864700 1.364600 0.296428 0.157259 0.942019 0.990606 0.756682 2 23 0.500000 22 0.500000
  0 1.172060 14.346100 1.208850 0.530265 0.170473 0.830517 0.991913 0.757025 1 22 1.000000
  0 0.484793 16.238899 1.221310 0.716992 0.316569 0.621053 0.990751 0.756381 2 23 0.500000 22 0.500000
assets/textures/Ch_MutoYugi01_body_tex
  0 -2.024840 11.016600 -1.814000 -0.289734 -0.938100 -0.189799 0.997078 0.757530 2 23 0.200000 22 0.800000
  0 0.000000 10.506900 -1.270470 0.000000 -0.977181 -0.212409 0.996757 0.760945 1 22 1.000000
  0 0.000000 10.377100 0.020088 0.000000 -0.993033 -0.117838 0.995969 0.760543 1 22 1.000000
assets/textures/Ch_MutoYugi01_body_tex
  0 2.024840 11.016600 -1.814000 0.289734 -0.938100 -0.189799 0.997078 0.757530 2 23 0.200000 22 0.800000
  0 3.462880 11.689300 -3.263970 0.419920 0.416683 -0.806252 0.997625 0.756040 2 23 0.200000 22 0.800000
  0 2.674790 11.489700 -2.056780 0.634169 -0.735200 0.239395 0.996822 0.756266 2 23 0.200000 22 0.800000
assets/textures/Ch_MutoYugi01_body_tex
  0 -0.472291 15.864700 1.364600 -0.296428 0.157259 0.942019 0.925532 0.770102 2 23 0.500000 22 0.500000
  0 0.000000 16.795300 1.291760 0.000000 0.397859 0.917447 0.919770 0.810517 2 23 0.500000 22 0.500000
  0 -0.484793 16.238899 1.221310 -0.716992 0.316569 0.621053 0.925774 0.779942 2 23 0.500000 22 0.500000
assets/textures/Ch_MutoYugi01_body_tex
  0 0.000000 16.795300 1.291760 0.000000 0.397859 0.917447 0.919770 0.810517 2 23 0.500000 22 0.500000
  0 0.000000 17.489599 1.122830 0.003799 0.978039 -0.208388 0.919770 0.828899 2 23 0.500000 22 0.500000
  0 -0.484793 16.238899 1.221310 -0.716992 0.316569 0.621053 0.925774 0.779942 2 23 0.500000 22 0.500000
assets/textures/Ch_MutoYugi01_body_tex
  0 0.000000 16.795300 1.291760 0.000000 0.397859 0.917447 0.919770 0.810517 2 23 0.500000 22 0.500000
  0 0.484793 16.238899 1.221310 0.716992 0.316569 0.621053 0.925774 0.779942 2 23 0.500000 22 0.500000
  0 0.000000 17.489599 1.122830 0.003799 0.978039 -0.208388 0.919770 0.828899 2 23 0.500000 22 0.500000
assets/textures/Ch_MutoYugi01_body_tex
  0 0.000000 16.795300 1.291760 0.000000 0.397859 0.917447 0.919770 0.810517 2 23 0.500000 22 0.500000
  0 0.472291 15.864700 1.364600 0.296428 0.157259 0.942019 0.925532 0.770102 2 23 0.500000 22 0.500000
  0 0.484793 16.238899 1.221310 0.716992 0.316569 0.621053 0.925774 0.779942 2 23 0.500000 22 0.500000
assets/textures/Ch_MutoYugi01_body_tex
  0 -0.484793 16.238899 1.221310 -0.716992 0.316569 0.621053 0.925774 0.779942 2 23 0.500000 22 0.500000
  0 0.000000 17.489599 1.122830 0.003799 0.978039 -0.208388 0.919770 0.828899 2 23 0.500000 22 0.500000
  0 -1.384410 15.250900 0.467369 -0.545324 0.838145 0.011646 0.935640 0.753558 2 23 0.500000 22 0.500000
assets/textures/Ch_MutoYugi01_body_tex
  0 -0.484793 16.238899 1.221310 -0.716992 0.316569 0.621053 0.925774 0.779942 2 23 0.500000 22 0.500000
  0 -1.384410 15.250900 0.467369 -0.545324 0.838145 0.011646 0.935640 0.753558 2 23 0.500000 22 0.500000
  0 -1.172060 14.346100 1.208850 -0.530265 0.170473 0.830517 0.931797 0.735874 1 22 1.000000
assets/textures/Ch_MutoYugi01_body_tex
  0 0.484793 16.238899 1.221310 0.716992 0.316569 0.621053 0.925774 0.779942 2 23 0.500000 22 0.500000
  0 1.384410 15.250900 0.467369 0.545324 0.838145 0.011646 0.935640 0.753558 2 23 0.500000 22 0.500000
  0 0.000000 17.489599 1.122830 0.003799 0.978039 -0.208388 0.919770 0.828899 2 23 0.500000 22 0.500000
assets/textures/Ch_MutoYugi01_body_tex
  0 0.484793 16.238899 1.221310 0.716992 0.316569 0.621053 0.925774 0.779942 2 23 0.500000 22 0.500000
  0 1.172060 14.346100 1.208850 0.530265 0.170473 0.830517 0.931797 0.735874 1 22 1.000000
  0 1.384410 15.250900 0.467369 0.545324 0.838145 0.011646 0.935640 0.753558 2 23 0.500000 22 0.500000
assets/textures/Ch_MutoYugi01_body_tex
  0 -1.384410 15.250900 0.467369 -0.545324 0.838145 0.011646 0.935640 0.753558 2 23 0.500000 22 0.500000
  0 -2.491090 15.431100 -0.391893 -0.531939 0.465651 0.707255 0.955120 0.757806 2 23 0.500000 22 0.500000
  0 -1.172060 14.346100 1.208850 -0.530265 0.170473 0.830517 0.931797 0.735874 1 22 1.000000
assets/textures/Ch_MutoYugi01_body_tex
  0 -1.384410 15.250900 0.467369 -0.545324 0.838145 0.011646 0.935640 0.753558 2 23 0.500000 22 0.500000
  0 0.000000 17.489599 1.122830 0.003799 0.978039 -0.208388 0.919770 0.828899 2 23 0.500000 22 0.500000
  0 -1.358940 14.564800 -0.996622 0.012723 0.798399 -0.601994 0.933758 0.739136 2 23 0.500000 22 0.500000
assets/textures/Ch_MutoYugi01_body_tex
  0 -1.384410 15.250900 0.467369 -0.545324 0.838145 0.011646 0.935640 0.753558 2 23 0.500000 22 0.500000
  0 -4.057190 16.101101 -1.990680 -0.349510 0.827556 -0.439310 0.973670 0.774647 2 23 0.500000 22 0.500000
  0 -2.491090 15.431100 -0.391893 -0.531939 0.465651 0.707255 0.955120 0.757806 2 23 0.500000 22 0.500000
assets/textures/Ch_MutoYugi01_body_tex
  0 -1.384410 15.250900 0.467369 -0.545324 0.838145 0.011646 0.935640 0.753558 2 23 0.500000 22 0.500000
  0 -1.358940 14.564800 -0.996622 0.012723 0.798399 -0.601994 0.933758 0.739136 2 23 0.500000 22 0.500000
  0 -4.057190 16.101101 -1.990680 -0.349510 0.827556 -0.439310 0.973670 0.774647 2 23 0.500000 22 0.500000
assets/textures/Ch_MutoYugi01_body_tex
  0 0.000000 17.489599 1.122830 0.003799 0.978039 -0.208388 0.919770 0.828899 2 23 0.500000 22 0.500000
  0 0.000000 16.021700 0.012238 0.000000 0.627584 -0.778549 0.919770 0.772635 2 23 0.300000 22 0.700000
  0 -1.358940 14.564800 -0.996622 0.012723 0.798399 -0.601994 0.933758 0.739136 2 23 0.500000 22 0.500000
assets/textures/Ch_MutoYugi01_body_tex
  0 0.000000 17.489599 1.122830 0.003799 0.978039 -0.208388 0.919770 0.828899 2 23 0.500000 22 0.500000
  0 1.358940 14.564800 -0.996622 -0.012723 0.798400 -0.601994 0.933758 0.739136 2 23 0.500000 22 0.500000
  0 0.000000 16.021700 0.012238 0.000000 0.627584 -0.778549 0.919770 0.772635 2 23 0.300000 22 0.700000
assets/textures/Ch_MutoYugi01_body_tex
  0 0.000000 17.489599 1.122830 0.003799 0.978039 -0.208388 0.919770 0.828899 2 23 0.500000 22 0.500000
  0 1.384410 15.250900 0.467369 0.545324 0.838145 0.011646 0.935640 0.753558 2 23 0.500000 22 0.500000
  0 1.358940 14.564800 -0.996622 -0.012723 0.798400 -0.601994 0.933758 0.739136 2 23 0.500000 22 0.500000
assets/textures/Ch_MutoYugi01_body_tex
  0 -2.491090 15.431100 -0.391893 -0.531939 0.465651 0.707255 0.955120 0.757806 2 23 0.500000 22 0.500000
  0 -4.057190 16.101101 -1.990680 -0.349510 0.827556 -0.439310 0.973670 0.774647 2 23 0.500000 22 0.500000
  0 -3.619500 15.709800 -1.510540 -0.911952 -0.084888 0.401419 0.968251 0.767215 2 23 0.500000 22 0.500000
assets/textures/Ch_MutoYugi01_body_tex
  0 -2.491090 15.431100 -0.391893 -0.531939 0.465651 0.707255 0.955120 0.757806 2 23 0.500000 22 0.500000
  0 -3.619500 15.709800 -1.510540 -0.911952 -0.084888 0.401419 0.968251 0.767215 2 23 0.500000 22 0.500000
  0 -2.494320 14.897300 -0.009959 -0.641910 0.293505 0.708382 0.946896 0.743066 2 23 0.500000 22 0.500000
assets/textures/Ch_MutoYugi01_body_tex
  0 2.491090 15.431100 -0.391893 0.531940 0.465651 0.707255 0.955120 0.757806 2 23 0.500000 22 0.500000
  0 4.057190 16.101101 -1.990680 0.349510 0.827557 -0.439309 0.973670 0.774647 2 23 0.200000 22 0.800000
  0 1.384410 15.250900 0.467369 0.545324 0.838145 0.011646 0.935640 0.753558 2 23 0.500000 22 0.500000
assets/textures/Ch_MutoYugi01_body_tex
  0 1.384410 15.250900 0.467369 0.545324 0.838145 0.011646 0.935640 0.753558 2 23 0.500000 22 0.500000
  0 4.057190 16.101101 -1.990680 0.349510 0.827557 -0.439309 0.973670 0.774647 2 23 0.200000 22 0.800000
  0 1.358940 14.564800 -0.996622 -0.012723 0.798400 -0.601994 0.933758 0.739136 2 23 0.500000 22 0.500000
assets/textures/Ch_MutoYugi01_body_tex
  0 2.491090 15.431100 -0.391893 0.531940 0.465651 0.707255 0.955120 0.757806 2 23 0.500000 22 0.500000
  0 3.619500 15.709800 -1.510540 0.911952 -0.084887 0.401419 0.968251 0.767215 2 23 0.500000 22 0.500000
  0 4.057190 16.101101 -1.990680 0.349510 0.827557 -0.439309 0.973670 0.774647 2 23 0.200000 22 0.800000
assets/textures/Ch_MutoYugi01_body_tex
  0 2.491090 15.431100 -0.391893 0.531940 0.465651 0.707255 0.955120 0.757806 2 23 0.500000 22 0.500000
  0 2.494320 14.897300 -0.009959 0.641910 0.293506 0.708382 0.946896 0.743066 2 23 0.500000 22 0.500000
  0 3.619500 15.709800 -1.510540 0.911952 -0.084887 0.401419 0.968251 0.767215 2 23 0.500000 22 0.500000
assets/textures/Ch_MutoYugi01_body_tex
  0 -1.358940 14.564800 -0.996622 0.012723 0.798399 -0.601994 0.933758 0.739136 2 23 0.500000 22 0.500000
  0 -3.391800 15.522900 -1.507190 0.231848 -0.315396 -0.920202 0.956974 0.744228 2 23 0.500000 22 0.500000
  0 -4.057190 16.101101 -1.990680 -0.349510 0.827556 -0.439310 0.973670 0.774647 2 23 0.500000 22 0.500000
assets/textures/Ch_MutoYugi01_body_tex
  0 -3.619500 15.709800 -1.510540 -0.911952 -0.084888 0.401419 0.968251 0.767215 2 23 0.500000 22 0.500000
  0 -4.057190 16.101101 -1.990680 -0.349510 0.827556 -0.439310 0.973670 0.774647 2 23 0.500000 22 0.500000
  0 -2.999030 13.854800 -1.205420 -0.850745 0.223765 -0.475565 0.952099 0.707481 2 23 0.500000 22 0.500000
assets/textures/Ch_MutoYugi01_body_tex
  0 -4.057190 16.101101 -1.990680 -0.349510 0.827556 -0.439310 0.973670 0.774647 2 23 0.500000 22 0.500000
  0 -3.391800 15.522900 -1.507190 0.231848 -0.315396 -0.920202 0.956974 0.744228 2 23 0.500000 22 0.500000
  0 -2.999030 13.854800 -1.205420 -0.850745 0.223765 -0.475565 0.952099 0.707481 2 23 0.500000 22 0.500000
assets/textures/Ch_MutoYugi01_body_tex
  0 -3.619500 15.709800 -1.510540 -0.911952 -0.084888 0.401419 0.968251 0.767215 2 23 0.500000 22 0.500000
  0 -2.999030 13.854800 -1.205420 -0.850745 0.223765 -0.475565 0.952099 0.707481 2 23 0.500000 22 0.500000
  0 -2.617520 13.166900 0.436935 -0.730898 -0.001191 0.682486 0.947828 0.701217 2 23 0.200000 22 0.800000
assets/textures/Ch_MutoYugi01_body_tex
  0 3.619500 15.709800 -1.510540 0.911952 -0.084887 0.401419 0.968251 0.767215 2 23 0.500000 22 0.500000
  0 2.999030 13.854800 -1.205420 0.850745 0.223765 -0.475565 0.952099 0.707481 2 23 0.500000 22 0.500000
  0 4.057190 16.101101 -1.990680 0.349510 0.827557 -0.439309 0.973670 0.774647 2 23 0.200000 22 0.800000
assets/textures/Ch_MutoYugi01_body_tex
  0 3.619500 15.709800 -1.510540 0.911952 -0.084887 0.401419 0.968251 0.767215 2 23 0.500000 22 0.500000
  0 2.617520 13.166900 0.436935 0.730897 -0.001191 0.682486 0.947828 0.701217 1 22 1.000000
  0 2.999030 13.854800 -1.205420 0.850745 0.223765 -0.475565 0.952099 0.707481 2 23 0.500000 22 0.500000
assets/textures/Ch_MutoYugi01_body_tex
  0 3.391800 15.522900 -1.507190 -0.231848 -0.315395 -0.920202 0.956974 0.744228 2 23 0.500000 22 0.500000
  0 4.057190 16.101101 -1.990680 0.349510 0.827557 -0.439309 0.973670 0.774647 2 23 0.200000 22 0.800000
  0 2.999030 13.854800 -1.205420 0.850745 0.223765 -0.475565 0.952099 0.707481 2 23 0.500000 22 0.500000
assets/textures/Ch_MutoYugi01_body_tex
  0 1.358940 14.564800 -0.996622 -0.012723 0.798400 -0.601994 0.933758 0.739136 2 23 0.500000 22 0.500000
  0 4.057190 16.101101 -1.990680 0.349510 0.827557 -0.439309 0.973670 0.774647 2 23 0.200000 22 0.800000
  0 3.391800 15.522900 -1.507190 -0.231848 -0.315395 -0.920202 0.956974 0.744228 2 23 0.500000 22 0.500000
assets/textures/Ch_MutoYugi01_body_tex
  0 -2.617520 13.166900 0.436935 -0.730898 -0.001191 0.682486 0.947828 0.701217 2 23 0.200000 22 0.800000
  0 -2.999030 13.854800 -1.205420 -0.850745 0.223765 -0.475565 0.952099 0.707481 2 23 0.500000 22 0.500000
  0 -3.470730 13.218600 -0.687113 -0.782135 0.305330 0.543174 0.960416 0.696387 2 23 0.500000 22 0.500000
assets/textures/Ch_MutoYugi01_body_tex
  0 -2.999030 13.854800 -1.205420 -0.850745 0.223765 -0.475565 0.952099 0.707481 2 23 0.500000 22 0.500000
  0 -3.471820 13.791300 -1.594520 -0.574045 0.752980 0.321704 0.956340 0.706097 2 23 0.500000 22 0.500000
  0 -3.470730 13.218600 -0.687113 -0.782135 0.305330 0.543174 0.960416 0.696387 2 23 0.500000 22 0.500000
assets/textures/Ch_MutoYugi01_body_tex
  0 -2.999030 13.854800 -1.205420 -0.850745 0.223765 -0.475565 0.952099 0.707481 2 23 0.500000 22 0.500000
  0 -3.176420 13.772600 -1.536200 0.471379 0.432130 -0.768808 0.955646 0.703765 2 23 0.500000 22 0.500000
  0 -3.471820 13.791300 -1.594520 -0.574045 0.752980 0.321704 0.956340 0.706097 2 23 0.500000 22 0.500000
assets/textures/Ch_MutoYugi01_body_tex
  0 3.470730 13.218600 -0.687113 0.782135 0.305331 0.543174 0.960416 0.696387 2 23 0.500000 22 0.500000
  0 3.471820 13.791300 -1.594520 0.574046 0.752980 0.321703 0.956340 0.706097 2 23 0.500000 22 0.500000
  0 2.999030 13.854800 -1.205420 0.850745 0.223765 -0.475565 0.952099 0.707481 2 23 0.500000 22 0.500000
assets/textures/Ch_MutoYugi01_body_tex
  0 3.470730 13.218600 -0.687113 0.782135 0.305331 0.543174 0.960416 0.696387 2 23 0.500000 22 0.500000
  0 4.156290 13.208800 -2.193550 0.886062 -0.157117 0.436129 0.973038 0.689803 2 23 0.500000 22 0.500000
  0 3.471820 13.791300 -1.594520 0.574046 0.752980 0.321703 0.956340 0.706097 2 23 0.500000 22 0.500000
assets/textures/Ch_MutoYugi01_body_tex
  0 3.470730 13.218600 -0.687113 0.782135 0.305331 0.543174 0.960416 0.696387 2 23 0.500000 22 0.500000
  0 2.918000 12.761800 -0.215061 0.655144 -0.583116 0.480377 0.953669 0.695733 1 22 1.000000
  0 4.156290 13.208800 -2.193550 0.886062 -0.157117 0.436129 0.973038 0.689803 2 23 0.500000 22 0.500000
assets/textures/Ch_MutoYugi01_body_tex
  0 -3.470730 13.218600 -0.687113 -0.782135 0.305330 0.543174 0.960416 0.696387 2 23 0.500000 22 0.500000
  0 -3.471820 13.791300 -1.594520 -0.574045 0.752980 0.321704 0.956340 0.706097 2 23 0.500000 22 0.500000
  0 -4.156290 13.208800 -2.193550 -0.886062 -0.157116 0.436130 0.973038 0.689803 2 23 0.500000 22 0.500000
assets/textures/Ch_MutoYugi01_body_tex
  0 -3.470730 13.218600 -0.687113 -0.782135 0.305330 0.543174 0.960416 0.696387 2 23 0.500000 22 0.500000
  0 -4.156290 13.208800 -2.193550 -0.886062 -0.157116 0.436130 0.973038 0.689803 2 23 0.500000 22 0.500000
  0 -2.918000 12.761800 -0.215061 -0.655144 -0.583116 0.480377 0.953669 0.695733 1 22 1.000000
assets/textures/Ch_MutoYugi01_body_tex
  0 -3.176420 13.772600 -1.536200 0.471379 0.432130 -0.768808 0.955646 0.703765 2 23 0.500000 22 0.500000
  0 -3.682590 13.536000 -2.223040 0.606187 0.219253 -0.764504 0.967638 0.690950 2 23 0.500000 22 0.500000
  0 -3.471820 13.791300 -1.594520 -0.574045 0.752980 0.321704 0.956340 0.706097 2 23 0.500000 22 0.500000
assets/textures/Ch_MutoYugi01_body_tex
  0 2.999030 13.854800 -1.205420 0.850745 0.223765 -0.475565 0.952099 0.707481 2 23 0.500000 22 0.500000
  0 3.471820 13.791300 -1.594520 0.574046 0.752980 0.321703 0.956340 0.706097 2 23 0.500000 22 0.500000
  0 3.176420 13.772600 -1.536200 -0.471379 0.432129 -0.768808 0.955646 0.703765 2 23 0.500000 22 0.500000
assets/textures/Ch_MutoYugi01_body_tex
  0 4.156290 13.208800 -2.193550 0.886062 -0.157117 0.436129 0.973038 0.689803 2 23 0.500000 22 0.500000
  0 4.666170 13.585900 -2.900050 0.075324 0.202927 -0.976292 0.978802 0.690988 2 23 0.500000 22 0.500000
  0 3.471820 13.791300 -1.594520 0.574046 0.752980 0.321703 0.956340 0.706097 2 23 0.500000 22 0.500000
assets/textures/Ch_MutoYugi01_body_tex
  0 4.156290 13.208800 -2.193550 0.886062 -0.157117 0.436129 0.973038 0.689803 2 23 0.500000 22 0.500000
  0 3.002890 11.864000 -1.775190 0.689201 -0.323918 -0.648135 0.954650 0.666669 2 23 0.200000 22 0.800000
  0 4.666170 13.585900 -2.900050 0.075324 0.202927 -0.976292 0.978802 0.690988 2 23 0.500000 22 0.500000
assets/textures/Ch_MutoYugi01_body_tex
  0 4.156290 13.208800 -2.193550 0.886062 -0.157117 0.436129 0.973038 0.689803 2 23 0.500000 22 0.500000
  0 3.174640 12.324900 -1.392590 0.745135 -0.529387 0.405614 0.953708 0.670426 1 22 1.000000
  0 3.002890 11.864000 -1.775190 0.689201 -0.323918 -0.648135 0.954650 0.666669 2 23 0.200000 22 0.800000
assets/textures/Ch_MutoYugi01_body_tex
  0 -4.156290 13.208800 -2.193550 -0.886062 -0.157116 0.436130 0.973038 0.689803 2 23 0.500000 22 0.500000
  0 -3.471820 13.791300 -1.594520 -0.574045 0.752980 0.321704 0.956340 0.706097 2 23 0.500000 22 0.500000
  0 -4.666170 13.585900 -2.900050 -0.075324 0.202928 -0.976292 0.978802 0.690988 2 23 0.500000 22 0.500000
assets/textures/Ch_MutoYugi01_body_tex
  0 -4.666170 13.585900 -2.900050 -0.075324 0.202928 -0.976292 0.978802 0.690988 2 23 0.500000 22 0.500000
  0 -3.471820 13.791300 -1.594520 -0.574045 0.752980 0.321704 0.956340 0.706097 2 23 0.500000 22 0.500000
  0 -3.682590 13.536000 -2.223040 0.606187 0.219253 -0.764504 0.967638 0.690950 2 23 0.500000 22 0.500000
assets/textures/Ch_MutoYugi01_body_tex
  0 -4.666170 13.585900 -2.900050 -0.075324 0.202928 -0.976292 0.978802 0.690988 2 23 0.500000 22 0.500000
  0 -3.682590 13.536000 -2.223040 0.606187 0.219253 -0.764504 0.967638 0.690950 2 23 0.500000 22 0.500000
  0 -3.002890 11.864000 -1.775190 -0.689201 -0.323918 -0.648135 0.954650 0.666669 1 22 1.000000
assets/textures/Ch_MutoYugi01_body_tex
  0 -4.156290 13.208800 -2.193550 -0.886062 -0.157116 0.436130 0.973038 0.689803 2 23 0.500000 22 0.500000
  0 -4.666170 13.585900 -2.900050 -0.075324 0.202928 -0.976292 0.978802 0.690988 2 23 0.500000 22 0.500000
  0 -3.002890 11.864000 -1.775190 -0.689201 -0.323918 -0.648135 0.954650 0.666669 1 22 1.000000
assets/textures/Ch_MutoYugi01_body_tex
  0 -4.156290 13.208800 -2.193550 -0.886062 -0.157116 0.436130 0.973038 0.689803 2 23 0.500000 22 0.500000
  0 -3.002890 11.864000 -1.775190 -0.689201 -0.323918 -0.648135 0.954650 0.666669 1 22 1.000000
  0 -3.174640 12.324900 -1.392590 -0.746047 -0.532334 0.400042 0.953708 0.670426 1 22 1.000000
assets/textures/Ch_MutoYugi01_body_tex
  0 4.666170 13.585900 -2.900050 0.075324 0.202927 -0.976292 0.978802 0.690988 2 23 0.500000 22 0.500000
  0 3.002890 11.864000 -1.775190 0.689201 -0.323918 -0.648135 0.954650 0.666669 2 23 0.200000 22 0.800000
  0 3.682590 13.536000 -2.223040 -0.606186 0.219253 -0.764504 0.967638 0.690950 2 23 0.500000 22 0.500000
assets/textures/Ch_MutoYugi01_body_tex
  0 4.666170 13.585900 -2.900050 0.075324 0.202927 -0.976292 0.978802 0.690988 2 23 0.500000 22 0.500000
  0 3.682590 13.536000 -2.223040 -0.606186 0.219253 -0.764504 0.967638 0.690950 2 23 0.500000 22 0.500000
  0 3.471820 13.791300 -1.594520 0.574046 0.752980 0.321703 0.956340 0.706097 2 23 0.500000 22 0.500000
assets/textures/Ch_MutoYugi01_body_tex
  0 3.176420 13.772600 -1.536200 -0.471379 0.432129 -0.768808 0.955646 0.703765 2 23 0.500000 22 0.500000
  0 3.471820 13.791300 -1.594520 0.574046 0.752980 0.321703 0.956340 0.706097 2 23 0.500000 22 0.500000
  0 3.682590 13.536000 -2.223040 -0.606186 0.219253 -0.764504 0.967638 0.690950 2 23 0.500000 22 0.500000
assets/textures/Ch_MutoYugi01_body_tex
  0 -3.682590 13.536000 -2.223040 0.606187 0.219253 -0.764504 0.967638 0.690950 2 23 0.500000 22 0.500000
  0 -2.782390 12.657900 -1.489060 0.485393 0.122043 -0.865736 0.952249 0.678424 1 22 1.000000
  0 -3.002890 11.864000 -1.775190 -0.689201 -0.323918 -0.648135 0.954650 0.666669 1 22 1.000000
assets/textures/Ch_MutoYugi01_body_tex
  0 3.682590 13.536000 -2.223040 -0.606186 0.219253 -0.764504 0.967638 0.690950 2 23 0.500000 22 0.500000
  0 3.002890 11.864000 -1.775190 0.689201 -0.323918 -0.648135 0.954650 0.666669 2 23 0.200000 22 0.800000
  0 2.782390 12.657900 -1.489060 -0.485393 0.122043 -0.865736 0.952249 0.678424 1 22 1.000000
assets/textures/Ch_MutoYugi01_body_tex
  0 2.674790 11.489700 -2.056780 0.634169 -0.735200 0.239395 0.943734 0.647337 2 23 0.200000 22 0.800000
  0 3.462880 11.689300 -3.263970 0.419920 0.416683 -0.806252 0.956484 0.650912 2 23 0.200000 22 0.800000
  0 3.002890 11.864000 -1.775190 0.689201 -0.323918 -0.648135 0.954650 0.666669 2 23 0.200000 22 0.800000
assets/textures/Ch_MutoYugi01_body_tex
  0 3.002890 11.864000 -1.775190 0.689201 -0.323918 -0.648135 0.954650 0.666669 2 23 0.200000 22 0.800000
  0 3.462880 11.689300 -3.263970 0.419920 0.416683 -0.806252 0.956484 0.650912 2 23 0.200000 22 0.800000
  0 2.305070 12.135700 -1.877280 0.301259 0.561747 -0.770508 0.943606 0.665518 1 22 1.000000
assets/textures/Ch_MutoYugi01_body_tex
  0 3.462880 11.689300 -3.263970 0.419920 0.416683 -0.806252 0.956484 0.650912 2 23 0.200000 22 0.800000
  0 1.705140 11.890100 -2.214920 0.047358 0.508765 -0.859602 0.930138 0.654971 1 22 1.000000
  0 2.305070 12.135700 -1.877280 0.301259 0.561747 -0.770508 0.943606 0.665518 1 22 1.000000
assets/textures/Ch_MutoYugi01_body_tex
  0 3.462880 11.689300 -3.263970 0.419920 0.416683 -0.806252 0.956484 0.650912 2 23 0.200000 22 0.800000
  0 2.031880 11.295700 -2.508620 0.015132 -0.771385 -0.636189 0.940163 0.642502 2 23 0.200000 22 0.800000
  0 1.705140 11.890100 -2.214920 0.047358 0.508765 -0.859602 0.930138 0.654971 1 22 1.000000
assets/textures/Ch_MutoYugi01_body_tex
  0 3.462880 11.689300 -3.263970 0.419920 0.416683 -0.806252 0.956484 0.650912 2 23 0.200000 22 0.800000
  0 2.024840 11.016600 -1.814000 0.289734 -0.938100 -0.189799 0.940073 0.635809 2 23 0.200000 22 0.800000
  0 2.031880 11.295700 -2.508620 0.015132 -0.771385 -0.636189 0.940163 0.642502 2 23 0.200000 22 0.800000
assets/textures/Ch_MutoYugi01_body_tex
  0 2.031880 11.295700 -2.508620 0.015132 -0.771385 -0.636189 0.940163 0.642502 2 23 0.200000 22 0.800000
  0 2.024840 11.016600 -1.814000 0.289734 -0.938100 -0.189799 0.940073 0.635809 2 23 0.200000 22 0.800000
  0 0.910539 11.259200 -2.821300 0.344338 -0.683834 -0.643275 0.929043 0.648025 2 23 0.200000 22 0.800000
assets/textures/Ch_MutoYugi01_body_tex
  0 2.024840 11.016600 -1.814000 0.289734 -0.938100 -0.189799 0.940073 0.635809 2 23 0.200000 22 0.800000
  0 0.000000 10.506900 -1.270470 0.000000 -0.977181 -0.212409 0.919770 0.630558 1 22 1.000000
  0 0.910539 11.259200 -2.821300 0.344338 -0.683834 -0.643275 0.929043 0.648025 2 23 0.200000 22 0.800000
assets/textures/Ch_MutoYugi01_body_tex
  0 -2.024840 11.016600 -1.814000 -0.289734 -0.938100 -0.189799 0.940073 0.635809 2 23 0.200000 22 0.800000
  0 -0.910539 11.259200 -2.821300 -0.344338 -0.683834 -0.643275 0.929043 0.648025 2 23 0.200000 22 0.800000
  0 0.000000 10.506900 -1.270470 0.000000 -0.977181 -0.212409 0.919770 0.630558 1 22 1.000000
assets/textures/Ch_MutoYugi01_body_tex
  0 -2.024840 11.016600 -1.814000 -0.289734 -0.938100 -0.189799 0.940073 0.635809 2 23 0.200000 22 0.800000
  0 -2.031880 11.295700 -2.508620 -0.015132 -0.771385 -0.636189 0.940163 0.642502 2 23 0.200000 22 0.800000
  0 -0.910539 11.259200 -2.821300 -0.344338 -0.683834 -0.643275 0.929043 0.648025 2 23 0.200000 22 0.800000
assets/textures/Ch_MutoYugi01_body_tex
  0 0.000000 11.545600 -3.041370 0.000000 0.765593 -0.643326 0.919770 0.648751 2 23 0.200000 22 0.800000
  0 0.910539 11.259200 -2.821300 0.344338 -0.683834 -0.643275 0.929043 0.648025 2 23 0.200000 22 0.800000
  0 0.000000 11.229500 -3.682000 0.000000 -0.557064 -0.830470 0.919770 0.639574 2 23 0.200000 22 0.800000
assets/textures/Ch_MutoYugi01_body_tex
  0 0.000000 11.545600 -3.041370 0.000000 0.765593 -0.643326 0.919770 0.648751 2 23 0.200000 22 0.800000
  0 0.000000 11.229500 -3.682000 0.000000 -0.557064 -0.830470 0.919770 0.639574 2 23 0.200000 22 0.800000
  0 -0.910539 11.259200 -2.821300 -0.344338 -0.683834 -0.643275 0.929043 0.648025 2 23 0.200000 22 0.800000
assets/textures/Ch_MutoYugi01_body_tex
  0 0.000000 11.229500 -3.682000 0.000000 -0.557064 -0.830470 0.919770 0.639574 2 23 0.200000 22 0.800000
  0 0.000000 10.506900 -1.270470 0.000000 -0.977181 -0.212409 0.919770 0.630558 1 22 1.000000
  0 -0.910539 11.259200 -2.821300 -0.344338 -0.683834 -0.643275 0.929043 0.648025 2 23 0.200000 22 0.800000
assets/textures/Ch_MutoYugi01_body_tex
  0 0.000000 11.229500 -3.682000 0.000000 -0.557064 -0.830470 0.919770 0.639574 2 23 0.200000 22 0.800000
  0 0.910539 11.259200 -2.821300 0.344338 -0.683834 -0.643275 0.929043 0.648025 2 23 0.200000 22 0.800000
  0 0.000000 10.506900 -1.270470 0.000000 -0.977181 -0.212409 0.919770 0.630558 1 22 1.000000
assets/textures/Ch_MutoYugi01_body_tex
  0 -3.391800 15.522900 -1.507190 0.231848 -0.315396 -0.920202 0.991316 0.751254 2 23 0.500000 22 0.500000
  0 -1.358940 14.564800 -0.996622 0.012723 0.798399 -0.601994 0.990027 0.756477 2 23 0.500000 22 0.500000
  0 -2.999030 13.854800 -1.205420 -0.850745 0.223765 -0.475565 0.992576 0.755813 2 23 0.500000 22 0.500000
assets/textures/Ch_MutoYugi01_body_tex
  0 -1.358940 14.564800 -0.996622 0.012723 0.798399 -0.601994 0.990027 0.756477 2 23 0.500000 22 0.500000
  0 0.000000 14.020600 -2.669380 0.000000 0.436387 -0.899759 0.990337 0.757671 1 22 1.000000
  0 -2.999030 13.854800 -1.205420 -0.850745 0.223765 -0.475565 0.992576 0.755813 2 23 0.500000 22 0.500000
assets/textures/Ch_MutoYugi01_body_tex
  0 -1.358940 14.564800 -0.996622 0.012723 0.798399 -0.601994 0.990027 0.756477 2 23 0.500000 22 0.500000
  0 0.000000 14.929300 -1.133740 0.000000 0.798108 -0.602515 0.987654 0.756302 1 22 1.000000
  0 0.000000 14.020600 -2.669380 0.000000 0.436387 -0.899759 0.990337 0.757671 1 22 1.000000
assets/textures/Ch_MutoYugi01_body_tex
  0 -1.358940 14.564800 -0.996622 0.012723 0.798399 -0.601994 0.990027 0.756477 2 23 0.500000 22 0.500000
  0 0.000000 16.021700 0.012238 0.000000 0.627584 -0.778549 0.984631 0.754760 2 23 0.300000 22 0.700000
  0 0.000000 14.929300 -1.133740 0.000000 0.798108 -0.602515 0.987654 0.756302 1 22 1.000000
assets/textures/Ch_MutoYugi01_body_tex
  0 -2.999030 13.854800 -1.205420 -0.850745 0.223765 -0.475565 0.992576 0.755813 2 23 0.500000 22 0.500000
  0 0.000000 14.020600 -2.669380 0.000000 0.436387 -0.899759 0.990337 0.757671 1 22 1.000000
  0 -1.221320 12.295500 -2.384440 -0.343010 0.047535 -0.938128 0.993850 0.756183 1 22 1.000000
assets/textures/Ch_MutoYugi01_body_tex
  0 -2.999030 13.854800 -1.205420 -0.850745 0.223765 -0.475565 0.992576 0.755813 2 23 0.500000 22 0.500000
  0 -1.221320 12.295500 -2.384440 -0.343010 0.047535 -0.938128 0.993850 0.756183 1 22 1.000000
  0 -2.305070 12.135700 -1.877280 -0.301259 0.561747 -0.770509 0.994864 0.755773 1 22 1.000000
assets/textures/Ch_MutoYugi01_body_tex
  0 -2.999030 13.854800 -1.205420 -0.850745 0.223765 -0.475565 0.992576 0.755813 2 23 0.500000 22 0.500000
  0 -2.305070 12.135700 -1.877280 -0.301259 0.561747 -0.770509 0.994864 0.755773 1 22 1.000000
  0 -3.176420 13.772600 -1.536200 0.471379 0.432130 -0.768808 0.993431 0.755022 2 23 0.500000 22 0.500000
assets/textures/Ch_MutoYugi01_body_tex
  0 0.000000 16.021700 0.012238 0.000000 0.627584 -0.778549 0.984631 0.754760 2 23 0.300000 22 0.700000
  0 1.358940 14.564800 -0.996622 -0.012723 0.798400 -0.601994 0.990027 0.756477 2 23 0.500000 22 0.500000
  0 0.000000 14.929300 -1.133740 0.000000 0.798108 -0.602515 0.987654 0.756302 1 22 1.000000
assets/textures/Ch_MutoYugi01_body_tex
  0 -3.176420 13.772600 -1.536200 0.471379 0.432130 -0.768808 0.993431 0.755022 2 23 0.500000 22 0.500000
  0 -2.305070 12.135700 -1.877280 -0.301259 0.561747 -0.770509 0.994864 0.755773 1 22 1.000000
  0 -2.782390 12.657900 -1.489060 0.485393 0.122043 -0.865736 0.995164 0.754555 1 22 1.000000
assets/textures/Ch_MutoYugi01_body_tex
  0 -3.176420 13.772600 -1.536200 0.471379 0.432130 -0.768808 0.993431 0.755022 2 23 0.500000 22 0.500000
  0 -2.782390 12.657900 -1.489060 0.485393 0.122043 -0.865736 0.995164 0.754555 1 22 1.000000
  0 -3.682590 13.536000 -2.223040 0.606187 0.219253 -0.764504 0.995524 0.753089 2 23 0.500000 22 0.500000
assets/textures/Ch_MutoYugi01_body_tex
  0 1.358940 14.564800 -0.996622 -0.012723 0.798400 -0.601994 0.990027 0.756477 2 23 0.500000 22 0.500000
  0 2.999030 13.854800 -1.205420 0.850745 0.223765 -0.475565 0.992576 0.755813 2 23 0.500000 22 0.500000
  0 0.000000 14.020600 -2.669380 0.000000 0.436387 -0.899759 0.990337 0.757671 1 22 1.000000
assets/textures/Ch_MutoYugi01_body_tex
  0 1.358940 14.564800 -0.996622 -0.012723 0.798400 -0.601994 0.990027 0.756477 2 23 0.500000 22 0.500000
  0 3.391800 15.522900 -1.507190 -0.231848 -0.315395 -0.920202 0.991316 0.751254 2 23 0.500000 22 0.500000
  0 2.999030 13.854800 -1.205420 0.850745 0.223765 -0.475565 0.992576 0.755813 2 23 0.500000 22 0.500000
assets/textures/Ch_MutoYugi01_body_tex
  0 0.000000 11.775500 -2.395660 0.000000 0.461188 -0.887303 0.995508 0.760308 2 23 0.200000 22 0.800000
  0 1.221320 12.295500 -2.384440 0.343010 0.047535 -0.938128 0.993850 0.756183 1 22 1.000000
  0 1.705140 11.890100 -2.214920 0.047358 0.508765 -0.859602 0.996339 0.758323 1 22 1.000000
assets/textures/Ch_MutoYugi01_body_tex
  0 0.000000 11.545600 -3.041370 0.000000 0.765593 -0.643326 0.996786 0.760960 2 23 0.200000 22 0.800000
  0 0.000000 11.775500 -2.395660 0.000000 0.461188 -0.887303 0.995508 0.760308 2 23 0.200000 22 0.800000
  0 1.705140 11.890100 -2.214920 0.047358 0.508765 -0.859602 0.996339 0.758323 1 22 1.000000
assets/textures/Ch_MutoYugi01_body_tex
  0 2.999030 13.854800 -1.205420 0.850745 0.223765 -0.475565 0.992576 0.755813 2 23 0.500000 22 0.500000
  0 2.305070 12.135700 -1.877280 0.301259 0.561747 -0.770508 0.994864 0.755773 1 22 1.000000
  0 1.221320 12.295500 -2.384440 0.343010 0.047535 -0.938128 0.993850 0.756183 1 22 1.000000
assets/textures/Ch_MutoYugi01_body_tex
  0 2.999030 13.854800 -1.205420 0.850745 0.223765 -0.475565 0.992576 0.755813 2 23 0.500000 22 0.500000
  0 3.176420 13.772600 -1.536200 -0.471379 0.432129 -0.768808 0.993431 0.755022 2 23 0.500000 22 0.500000
  0 2.305070 12.135700 -1.877280 0.301259 0.561747 -0.770508 0.994864 0.755773 1 22 1.000000
assets/textures/Ch_MutoYugi01_body_tex
  0 3.176420 13.772600 -1.536200 -0.471379 0.432129 -0.768808 0.993431 0.755022 2 23 0.500000 22 0.500000
  0 2.782390 12.657900 -1.489060 -0.485393 0.122043 -0.865736 0.995164 0.754555 1 22 1.000000
  0 2.305070 12.135700 -1.877280 0.301259 0.561747 -0.770508 0.994864 0.755773 1 22 1.000000
assets/textures/Ch_MutoYugi01_body_tex
  0 3.176420 13.772600 -1.536200 -0.471379 0.432129 -0.768808 0.993431 0.755022 2 23 0.500000 22 0.500000
  0 3.682590 13.536000 -2.223040 -0.606186 0.219253 -0.764504 0.995524 0.753089 2 23 0.500000 22 0.500000
  0 2.782390 12.657900 -1.489060 -0.485393 0.122043 -0.865736 0.995164 0.754555 1 22 1.000000
assets/textures/Ch_MutoYugi01_body_tex
  0 -6.207020 9.641110 0.448710 -0.058710 -0.244621 0.967840 0.555395 -0.337777 2 28 0.600000 27 0.400000
  0 -6.519510 9.473670 0.287125 0.187915 -0.731966 -0.654915 0.564419 -0.328846 3 28 0.800000 27 0.150000 26 0.050000
  0 -6.202950 9.536840 0.228397 -0.309273 -0.916764 0.252773 0.555086 -0.326034 1 27 1.000000
assets/textures/Ch_MutoYugi01_body_tex
  0 -6.207020 9.641110 0.448710 -0.058710 -0.244621 0.967840 0.555395 -0.337777 2 28 0.600000 27 0.400000
  0 -6.540670 9.552250 0.459736 0.178763 -0.279540 0.943346 0.564419 -0.337116 3 28 0.800000 27 0.140000 26 0.060000
  0 -6.519510 9.473670 0.287125 0.187915 -0.731966 -0.654915 0.564419 -0.328846 3 28 0.800000 27 0.150000 26 0.050000
assets/textures/Ch_MutoYugi01_body_tex
  0 -6.288620 9.361510 -0.366889 0.479751 -0.771901 -0.417142 0.564419 -0.304607 2 28 0.600000 27 0.400000
  0 -6.448740 9.413760 0.008480 0.831883 -0.467735 0.298657 0.564419 -0.320750 3 28 0.800000 27 0.160000 26 0.040000
  0 -6.370420 8.986990 -0.094871 0.903495 -0.316810 0.288666 0.575830 -0.309782 3 28 0.800000 27 0.140000 26 0.060000
assets/textures/Ch_MutoYugi01_body_tex
  0 -6.288620 9.361510 -0.366889 0.479751 -0.771901 -0.417142 0.564419 -0.304607 2 28 0.600000 27 0.400000
  0 -6.370420 8.986990 -0.094871 0.903495 -0.316810 0.288666 0.575830 -0.309782 3 28 0.800000 27 0.140000 26 0.060000
  0 -6.343410 8.996330 -0.217083 0.559658 -0.510557 -0.652775 0.575830 -0.304525 3 28 0.800000 27 0.130000 26 0.070000
assets/textures/Ch_MutoYugi01_body_tex
  0 0.585862 8.392330 1.218390 -0.833432 0.160924 0.528673 0.577107 0.026152 2 13 0.620000 12 0.380000
  0 0.775815 9.018970 1.151660 -0.617523 0.373058 0.692454 0.573181 0.126520 1 13 1.000000
  0 0.674862 9.018970 1.023730 -0.808837 0.057910 -0.585174 0.547436 0.121393 2 13 0.750000 12 0.250000
assets/textures/Ch_MutoYugi01_body_tex
  0 0.585862 8.392330 1.218390 -0.833432 0.160924 0.528673 0.577107 0.026152 2 13 0.620000 12 0.380000
  0 0.926782 9.018970 1.256010 0.372520 0.020315 0.927802 0.601676 0.135711 1 13 1.000000
  0 0.775815 9.018970 1.151660 -0.617523 0.373058 0.692454 0.573181 0.126520 1 13 1.000000
assets/textures/Ch_MutoYugi01_body_tex
  0 0.674862 9.018970 1.023730 -0.808837 0.057910 -0.585174 0.547436 0.121393 2 13 0.750000 12 0.250000
  0 0.775815 9.018970 1.151660 -0.617523 0.373058 0.692454 0.573181 0.126520 1 13 1.000000
  0 0.895574 9.307890 1.023840 -0.494494 0.563261 0.661977 0.566697 0.189208 1 13 1.000000
assets/textures/Ch_MutoYugi01_body_tex
  0 0.674862 9.018970 1.023730 -0.808837 0.057910 -0.585174 0.547436 0.121393 2 13 0.750000 12 0.250000
  0 0.895574 9.307890 1.023840 -0.494494 0.563261 0.661977 0.566697 0.189208 1 13 1.000000
  0 0.709389 9.286770 0.903412 -0.791600 -0.110712 -0.600926 0.531758 0.174191 2 13 0.750000 12 0.250000
assets/textures/Ch_MutoYugi01_body_tex
  0 0.709389 9.286770 0.903412 -0.791600 -0.110712 -0.600926 0.531758 0.174191 2 13 0.750000 12 0.250000
  0 0.895574 9.307890 1.023840 -0.494494 0.563261 0.661977 0.566697 0.189208 1 13 1.000000
  0 0.993519 9.635360 0.826888 -0.429738 0.656423 0.620027 0.556361 0.236343 1 13 1.000000
assets/textures/Ch_MutoYugi01_body_tex
  0 0.709389 9.286770 0.903412 -0.791600 -0.110712 -0.600926 0.531758 0.174191 2 13 0.750000 12 0.250000
  0 0.993519 9.635360 0.826888 -0.429738 0.656423 0.620027 0.556361 0.236343 1 13 1.000000
  0 0.773491 9.618340 0.658279 -0.959342 0.209500 0.189136 0.510485 0.230029 2 16 0.440000 13 0.560000
assets/textures/Ch_MutoYugi01_body_tex
  0 1.047760 9.790050 -0.509022 -0.039229 0.495901 -0.867492 0.453186 0.485800 2 16 0.530000 13 0.470000
  0 1.445320 9.975780 -0.659374 0.059361 0.492683 -0.868182 0.454564 0.448698 2 17 0.500000 16 0.500000
  0 1.184470 9.175490 -0.650376 0.290054 -0.146905 -0.945668 0.409635 0.485800 2 17 0.460000 16 0.540000
assets/textures/Ch_MutoYugi01_body_tex
  0 1.047760 9.790050 -0.509022 -0.039229 0.495901 -0.867492 0.453186 0.485800 2 16 0.530000 13 0.470000
  0 1.197660 10.035100 -0.090246 -0.005816 0.999475 -0.031873 0.482010 0.485800 2 16 0.400000 13 0.600000
  0 1.445320 9.975780 -0.659374 0.059361 0.492683 -0.868182 0.454564 0.448698 2 17 0.500000 16 0.500000
assets/textures/Ch_MutoYugi01_body_tex
  0 1.184470 9.175490 -0.650376 0.290054 -0.146905 -0.945668 0.409635 0.485800 2 17 0.460000 16 0.540000
  0 1.445320 9.975780 -0.659374 0.059361 0.492683 -0.868182 0.454564 0.448698 2 17 0.500000 16 0.500000
  0 1.529080 9.148530 -0.659374 0.270380 -0.489084 -0.829272 0.411214 0.453372 2 17 0.500000 16 0.500000
assets/textures/Ch_MutoYugi01_body_tex
  0 1.184470 9.175490 -0.650376 0.290054 -0.146905 -0.945668 0.409635 0.485800 2 17 0.460000 16 0.540000
  0 1.529080 9.148530 -0.659374 0.270380 -0.489084 -0.829272 0.411214 0.453372 2 17 0.500000 16 0.500000
  0 1.404230 8.794090 -0.090219 0.832967 -0.527313 -0.167652 0.384688 0.452754 1 13 1.000000
assets/textures/Ch_MutoYugi01_body_tex
  0 1.197660 10.035100 -0.090246 -0.005816 0.999475 -0.031873 0.482010 0.485800 2 16 0.400000 13 0.600000
  0 1.421560 10.026400 -0.090229 -0.773868 0.633347 -0.000134 0.482010 0.463221 3 17 0.100000 16 0.350000 13 0.550000
  0 1.445320 9.975780 -0.659374 0.059361 0.492683 -0.868182 0.454564 0.448698 2 17 0.500000 16 0.500000
assets/textures/Ch_MutoYugi01_body_tex
  0 1.197660 10.035100 -0.090246 -0.005816 0.999475 -0.031873 0.482010 0.485800 2 16 0.400000 13 0.600000
  0 1.445320 9.976020 0.478937 0.182082 0.478631 0.858929 0.454564 0.448698 2 17 0.500000 16 0.500000
  0 1.421560 10.026400 -0.090229 -0.773868 0.633347 -0.000134 0.482010 0.463221 3 17 0.100000 16 0.350000 13 0.550000
assets/textures/Ch_MutoYugi01_body_tex
  0 1.197660 10.035100 -0.090246 -0.005816 0.999475 -0.031873 0.482010 0.485800 2 16 0.400000 13 0.600000
  0 1.106140 9.786500 0.360362 -0.137546 0.816366 0.560917 0.453186 0.485800 2 16 0.610000 13 0.390000
  0 1.445320 9.976020 0.478937 0.182082 0.478631 0.858929 0.454564 0.448698 2 17 0.500000 16 0.500000
assets/textures/Ch_MutoYugi01_body_tex
  0 1.529080 9.148530 -0.659374 0.270380 -0.489084 -0.829272 0.411214 0.453372 2 17 0.500000 16 0.500000
  0 1.748520 8.955140 -0.090219 0.441705 -0.894942 0.063057 0.384688 0.420206 2 17 0.800000 16 0.200000
  0 1.404230 8.794090 -0.090219 0.832967 -0.527313 -0.167652 0.384688 0.452754 1 13 1.000000
assets/textures/Ch_MutoYugi01_body_tex
  0 1.529080 9.148530 -0.659374 0.270380 -0.489084 -0.829272 0.411214 0.453372 2 17 0.500000 16 0.500000
  0 1.445320 9.975780 -0.659374 0.059361 0.492683 -0.868182 0.454564 0.448698 2 17 0.500000 16 0.500000
  0 1.817060 9.754480 -0.556623 0.131491 0.292227 -0.947266 0.454564 0.420206 2 17 0.650000 16 0.350000
assets/textures/Ch_MutoYugi01_body_tex
  0 1.529080 9.148530 -0.659374 0.270380 -0.489084 -0.829272 0.411214 0.453372 2 17 0.500000 16 0.500000
  0 1.771360 9.283910 -0.556623 0.354128 -0.460442 -0.813994 0.411214 0.420206 2 17 0.610000 16 0.390000
  0 1.748520 8.955140 -0.090219 0.441705 -0.894942 0.063057 0.384688 0.420206 2 17 0.800000 16 0.200000
assets/textures/Ch_MutoYugi01_body_tex
  0 1.529080 9.148530 -0.659374 0.270380 -0.489084 -0.829272 0.411214 0.453372 2 17 0.500000 16 0.500000
  0 1.817060 9.754480 -0.556623 0.131491 0.292227 -0.947266 0.454564 0.420206 2 17 0.650000 16 0.350000
  0 1.771360 9.283910 -0.556623 0.354128 -0.460442 -0.813994 0.411214 0.420206 2 17 0.610000 16 0.390000
assets/textures/Ch_MutoYugi01_body_tex
  0 1.106140 9.786500 0.360362 -0.137546 0.816366 0.560917 0.453186 0.485800 2 16 0.610000 13 0.390000
  0 1.198760 9.588250 0.544136 0.248105 0.252949 0.935126 0.446923 0.479548 2 17 0.390000 16 0.610000
  0 1.445320 9.976020 0.478937 0.182082 0.478631 0.858929 0.454564 0.448698 2 17 0.500000 16 0.500000
assets/textures/Ch_MutoYugi01_body_tex
  0 1.198760 9.588250 0.544136 0.248105 0.252949 0.935126 0.446923 0.479548 2 17 0.390000 16 0.610000
  0 1.361080 9.148800 0.531495 0.694573 -0.275688 0.664503 0.411214 0.453372 1 13 1.000000
  0 1.445320 9.976020 0.478937 0.182082 0.478631 0.858929 0.454564 0.448698 2 17 0.500000 16 0.500000
assets/textures/Ch_MutoYugi01_body_tex
  0 1.817060 9.754480 -0.556623 0.131491 0.292227 -0.947266 0.454564 0.420206 2 17 0.650000 16 0.350000
  0 2.116700 9.362130 -0.494837 0.298396 -0.499473 -0.813318 0.411214 0.391129 2 17 0.850000 16 0.150000
  0 1.771360 9.283910 -0.556623 0.354128 -0.460442 -0.813994 0.411214 0.420206 2 17 0.610000 16 0.390000
assets/textures/Ch_MutoYugi01_body_tex
  0 1.483680 10.378600 -0.090219 0.151155 0.988510 -0.000147 0.482011 0.448698 2 17 0.200000 16 0.800000
  0 1.839900 10.037000 -0.090219 0.006773 0.999977 -0.000068 0.482011 0.420206 2 17 0.730000 16 0.270000
  0 1.445320 9.975780 -0.659374 0.059361 0.492683 -0.868182 0.454564 0.448698 2 17 0.500000 16 0.500000
assets/textures/Ch_MutoYugi01_body_tex
  0 1.483680 10.378600 -0.090219 0.151155 0.988510 -0.000147 0.482011 0.448698 2 17 0.200000 16 0.800000
  0 1.445320 9.976020 0.478937 0.182082 0.478631 0.858929 0.454564 0.448698 2 17 0.500000 16 0.500000
  0 1.839900 10.037000 -0.090219 0.006773 0.999977 -0.000068 0.482011 0.420206 2 17 0.730000 16 0.270000
assets/textures/Ch_MutoYugi01_body_tex
  0 1.817060 9.754480 -0.556623 0.131491 0.292227 -0.947266 0.454564 0.420206 2 17 0.650000 16 0.350000
  0 1.445320 9.975780 -0.659374 0.059361 0.492683 -0.868182 0.454564 0.448698 2 17 0.500000 16 0.500000
  0 1.839900 10.037000 -0.090219 0.006773 0.999977 -0.000068 0.482011 0.420206 2 17 0.730000 16 0.270000
assets/textures/Ch_MutoYugi01_body_tex
  0 1.817060 9.754480 -0.556623 0.131491 0.292227 -0.947266 0.454564 0.420206 2 17 0.650000 16 0.350000
  0 2.077050 9.852320 -0.612669 0.151783 0.504799 -0.849788 0.454564 0.391129 2 17 0.770000 16 0.230000
  0 2.116700 9.362130 -0.494837 0.298396 -0.499473 -0.813318 0.411214 0.391129 2 17 0.850000 16 0.150000
assets/textures/Ch_MutoYugi01_body_tex
  0 1.817060 9.754480 -0.556623 0.131491 0.292227 -0.947266 0.454564 0.420206 2 17 0.650000 16 0.350000
  0 1.839900 10.037000 -0.090219 0.006773 0.999977 -0.000068 0.482011 0.420206 2 17 0.730000 16 0.270000
  0 2.077050 9.852320 -0.612669 0.151783 0.504799 -0.849788 0.454564 0.391129 2 17 0.770000 16 0.230000
assets/textures/Ch_MutoYugi01_body_tex
  0 1.748520 8.955140 -0.090219 0.441705 -0.894942 0.063057 0.384688 0.420206 2 17 0.800000 16 0.200000
  0 1.771360 9.283910 0.376186 0.343779 -0.466018 0.815256 0.411214 0.420206 2 17 0.680000 16 0.320000
  0 1.361080 9.148800 0.531495 0.694573 -0.275688 0.664503 0.411214 0.453372 1 13 1.000000
assets/textures/Ch_MutoYugi01_body_tex
  0 1.771360 9.283910 -0.556623 0.354128 -0.460442 -0.813994 0.411214 0.420206 2 17 0.610000 16 0.390000
  0 2.116700 9.362130 -0.494837 0.298396 -0.499473 -0.813318 0.411214 0.391129 2 17 0.850000 16 0.150000
  0 2.136190 9.121170 -0.090219 0.303340 -0.952882 0.000000 0.384688 0.391129 2 17 0.910000 16 0.090000
assets/textures/Ch_MutoYugi01_body_tex
  0 1.748520 8.955140 -0.090219 0.441705 -0.894942 0.063057 0.384688 0.420206 2 17 0.800000 16 0.200000
  0 2.136190 9.121170 -0.090219 0.303340 -0.952882 0.000000 0.384688 0.391129 2 17 0.910000 16 0.090000
  0 1.771360 9.283910 0.376186 0.343779 -0.466018 0.815256 0.411214 0.420206 2 17 0.680000 16 0.320000
assets/textures/Ch_MutoYugi01_body_tex
  0 1.748520 8.955140 -0.090219 0.441705 -0.894942 0.063057 0.384688 0.420206 2 17 0.800000 16 0.200000
  0 1.771360 9.283910 -0.556623 0.354128 -0.460442 -0.813994 0.411214 0.420206 2 17 0.610000 16 0.390000
  0 2.136190 9.121170 -0.090219 0.303340 -0.952882 0.000000 0.384688 0.391129 2 17 0.910000 16 0.090000
assets/textures/Ch_MutoYugi01_body_tex
  0 2.077050 9.852320 -0.612669 0.151783 0.504799 -0.849788 0.454564 0.391129 2 17 0.770000 16 0.230000
  0 1.839900 10.037000 -0.090219 0.006773 0.999977 -0.000068 0.482011 0.420206 2 17 0.730000 16 0.270000
  0 2.046270 10.232900 -0.090219 0.099818 0.995006 0.000000 0.482011 0.391129 2 17 0.760000 16 0.240000
assets/textures/Ch_MutoYugi01_body_tex
  0 2.077050 9.852320 -0.612669 0.151783 0.504799 -0.849788 0.454564 0.391129 2 17 0.770000 16 0.230000
  0 2.285730 9.739240 -0.421179 0.325297 0.472720 -0.818974 0.454564 0.372176 2 17 0.940000 16 0.060000
  0 2.116700 9.362130 -0.494837 0.298396 -0.499473 -0.813318 0.411214 0.391129 2 17 0.850000 16 0.150000
assets/textures/Ch_MutoYugi01_body_tex
  0 2.077050 9.852320 -0.612669 0.151783 0.504799 -0.849788 0.454564 0.391129 2 17 0.770000 16 0.230000
  0 2.285730 9.940450 -0.090219 0.436001 0.899946 0.000000 0.482010 0.372176 2 17 0.970000 16 0.030000
  0 2.285730 9.739240 -0.421179 0.325297 0.472720 -0.818974 0.454564 0.372176 2 17 0.940000 16 0.060000
assets/textures/Ch_MutoYugi01_body_tex
  0 2.077050 9.852320 -0.612669 0.151783 0.504799 -0.849788 0.454564 0.391129 2 17 0.770000 16 0.230000
  0 2.046270 10.232900 -0.090219 0.099818 0.995006 0.000000 0.482011 0.391129 2 17 0.760000 16 0.240000
  0 2.285730 9.940450 -0.090219 0.436001 0.899946 0.000000 0.482010 0.372176 2 17 0.970000 16 0.030000
assets/textures/Ch_MutoYugi01_body_tex
  0 2.136190 9.121170 -0.090219 0.303340 -0.952882 0.000000 0.384688 0.391129 2 17 0.910000 16 0.090000
  0 2.116700 9.362130 0.314400 0.298397 -0.499472 0.813319 0.411214 0.391129 2 17 0.950000 16 0.050000
  0 1.771360 9.283910 0.376186 0.343779 -0.466018 0.815256 0.411214 0.420206 2 17 0.680000 16 0.320000
assets/textures/Ch_MutoYugi01_body_tex
  0 2.136190 9.121170 -0.090219 0.303340 -0.952882 0.000000 0.384688 0.391129 2 17 0.910000 16 0.090000
  0 2.116700 9.362130 -0.494837 0.298396 -0.499473 -0.813318 0.411214 0.391129 2 17 0.850000 16 0.150000
  0 2.285730 9.336830 -0.421179 0.089372 -0.507112 -0.857234 0.411214 0.372176 2 17 0.930000 16 0.070000
assets/textures/Ch_MutoYugi01_body_tex
  0 2.116700 9.362130 -0.494837 0.298396 -0.499473 -0.813318 0.411214 0.391129 2 17 0.850000 16 0.150000
  0 2.285730 9.739240 -0.421179 0.325297 0.472720 -0.818974 0.454564 0.372176 2 17 0.940000 16 0.060000
  0 2.285730 9.336830 -0.421179 0.089372 -0.507112 -0.857234 0.411214 0.372176 2 17 0.930000 16 0.070000
assets/textures/Ch_MutoYugi01_body_tex
  0 2.136190 9.121170 -0.090219 0.303340 -0.952882 0.000000 0.384688 0.391129 2 17 0.910000 16 0.090000
  0 2.285730 9.336830 0.240741 0.089372 -0.507112 0.857234 0.411214 0.372176 2 17 0.980000 16 0.020000
  0 2.116700 9.362130 0.314400 0.298397 -0.499472 0.813319 0.411214 0.391129 2 17 0.950000 16 0.050000
assets/textures/Ch_MutoYugi01_body_tex
  0 2.136190 9.121170 -0.090219 0.303340 -0.952882 0.000000 0.384688 0.391129 2 17 0.910000 16 0.090000
  0 2.285730 9.135620 -0.090219 0.004035 -0.999992 0.000000 0.384688 0.372176 2 17 0.950000 16 0.050000
  0 2.285730 9.336830 0.240741 0.089372 -0.507112 0.857234 0.411214 0.372176 2 17 0.980000 16 0.020000
assets/textures/Ch_MutoYugi01_body_tex
  0 2.136190 9.121170 -0.090219 0.303340 -0.952882 0.000000 0.384688 0.391129 2 17 0.910000 16 0.090000
  0 2.285730 9.336830 -0.421179 0.089372 -0.507112 -0.857234 0.411214 0.372176 2 17 0.930000 16 0.070000
  0 2.285730 9.135620 -0.090219 0.004035 -0.999992 0.000000 0.384688 0.372176 2 17 0.950000 16 0.050000
assets/textures/Ch_MutoYugi01_body_tex
  0 1.445320 9.976020 0.478937 0.182082 0.478631 0.858929 0.454564 0.448698 2 17 0.500000 16 0.500000
  0 1.817060 9.754480 0.376186 0.151559 0.260152 0.953599 0.454564 0.420206 2 17 0.770000 16 0.230000
  0 1.839900 10.037000 -0.090219 0.006773 0.999977 -0.000068 0.482011 0.420206 2 17 0.730000 16 0.270000
assets/textures/Ch_MutoYugi01_body_tex
  0 1.771360 9.283910 0.376186 0.343779 -0.466018 0.815256 0.411214 0.420206 2 17 0.680000 16 0.320000
  0 2.116700 9.362130 0.314400 0.298397 -0.499472 0.813319 0.411214 0.391129 2 17 0.950000 16 0.050000
  0 1.817060 9.754480 0.376186 0.151559 0.260152 0.953599 0.454564 0.420206 2 17 0.770000 16 0.230000
assets/textures/Ch_MutoYugi01_body_tex
  0 1.445320 9.976020 0.478937 0.182082 0.478631 0.858929 0.454564 0.448698 2 17 0.500000 16 0.500000
  0 1.771360 9.283910 0.376186 0.343779 -0.466018 0.815256 0.411214 0.420206 2 17 0.680000 16 0.320000
  0 1.817060 9.754480 0.376186 0.151559 0.260152 0.953599 0.454564 0.420206 2 17 0.770000 16 0.230000
assets/textures/Ch_MutoYugi01_body_tex
  0 2.046270 10.232900 -0.090219 0.099818 0.995006 0.000000 0.482011 0.391129 2 17 0.760000 16 0.240000
  0 1.839900 10.037000 -0.090219 0.006773 0.999977 -0.000068 0.482011 0.420206 2 17 0.730000 16 0.270000
  0 2.077050 9.852320 0.432232 0.151783 0.504799 0.849788 0.454564 0.391129 2 17 0.870000 16 0.130000
assets/textures/Ch_MutoYugi01_body_tex
  0 1.817060 9.754480 0.376186 0.151559 0.260152 0.953599 0.454564 0.420206 2 17 0.770000 16 0.230000
  0 2.077050 9.852320 0.432232 0.151783 0.504799 0.849788 0.454564 0.391129 2 17 0.870000 16 0.130000
  0 1.839900 10.037000 -0.090219 0.006773 0.999977 -0.000068 0.482011 0.420206 2 17 0.730000 16 0.270000
assets/textures/Ch_MutoYugi01_body_tex
  0 1.817060 9.754480 0.376186 0.151559 0.260152 0.953599 0.454564 0.420206 2 17 0.770000 16 0.230000
  0 2.116700 9.362130 0.314400 0.298397 -0.499472 0.813319 0.411214 0.391129 2 17 0.950000 16 0.050000
  0 2.077050 9.852320 0.432232 0.151783 0.504799 0.849788 0.454564 0.391129 2 17 0.870000 16 0.130000
assets/textures/Ch_MutoYugi01_body_tex
  0 2.046270 10.232900 -0.090219 0.099818 0.995006 0.000000 0.482011 0.391129 2 17 0.760000 16 0.240000
  0 2.077050 9.852320 0.432232 0.151783 0.504799 0.849788 0.454564 0.391129 2 17 0.870000 16 0.130000
  0 2.285730 9.940450 -0.090219 0.436001 0.899946 0.000000 0.482010 0.372176 2 17 0.970000 16 0.030000
assets/textures/Ch_MutoYugi01_body_tex
  0 2.285730 9.135620 -0.090219 0.004035 -0.999992 0.000000 0.384688 0.372176 2 17 0.950000 16 0.050000
  0 3.102660 9.290960 0.223597 -0.038197 -0.559273 0.828103 0.411214 0.261434 1 17 1.000000
  0 2.285730 9.336830 0.240741 0.089372 -0.507112 0.857234 0.411214 0.372176 2 17 0.980000 16 0.020000
assets/textures/Ch_MutoYugi01_body_tex
  0 2.285730 9.135620 -0.090219 0.004035 -0.999992 0.000000 0.384688 0.372176 2 17 0.950000 16 0.050000
  0 2.285730 9.336830 -0.421179 0.089372 -0.507112 -0.857234 0.411214 0.372176 2 17 0.930000 16 0.070000
  0 3.102660 9.290960 -0.404034 -0.038197 -0.559273 -0.828103 0.411214 0.261434 2 18 0.200000 17 0.800000
assets/textures/Ch_MutoYugi01_body_tex
  0 2.285730 9.135620 -0.090219 0.004035 -0.999992 0.000000 0.384688 0.372176 2 17 0.950000 16 0.050000
  0 3.133290 9.140940 -0.090219 -0.013489 -0.999909 0.000000 0.384688 0.261434 2 18 0.480000 17 0.520000
  0 3.102660 9.290960 0.223597 -0.038197 -0.559273 0.828103 0.411214 0.261434 1 17 1.000000
assets/textures/Ch_MutoYugi01_body_tex
  0 2.285730 9.135620 -0.090219 0.004035 -0.999992 0.000000 0.384688 0.372176 2 17 0.950000 16 0.050000
  0 3.102660 9.290960 -0.404034 -0.038197 -0.559273 -0.828103 0.411214 0.261434 2 18 0.200000 17 0.800000
  0 3.133290 9.140940 -0.090219 -0.013489 -0.999909 0.000000 0.384688 0.261434 2 18 0.480000 17 0.520000
assets/textures/Ch_MutoYugi01_body_tex
  0 2.285730 9.739240 -0.421179 0.325297 0.472720 -0.818974 0.454564 0.372176 2 17 0.940000 16 0.060000
  0 2.285730 9.940450 -0.090219 0.436001 0.899946 0.000000 0.482010 0.372176 2 17 0.970000 16 0.030000
  0 3.010780 9.854610 -0.090219 -0.098094 0.995177 0.000000 0.482011 0.261434 2 18 0.300000 17 0.700000
assets/textures/Ch_MutoYugi01_body_tex
  0 2.285730 9.739240 -0.421179 0.325297 0.472720 -0.818974 0.454564 0.372176 2 17 0.940000 16 0.060000
  0 3.041410 9.666730 -0.404034 -0.082725 0.417181 -0.905051 0.454564 0.261434 2 18 0.200000 17 0.800000
  0 2.285730 9.336830 -0.421179 0.089372 -0.507112 -0.857234 0.411214 0.372176 2 17 0.930000 16 0.070000
assets/textures/Ch_MutoYugi01_body_tex
  0 2.285730 9.739240 -0.421179 0.325297 0.472720 -0.818974 0.454564 0.372176 2 17 0.940000 16 0.060000
  0 3.010780 9.854610 -0.090219 -0.098094 0.995177 0.000000 0.482011 0.261434 2 18 0.300000 17 0.700000
  0 3.041410 9.666730 -0.404034 -0.082725 0.417181 -0.905051 0.454564 0.261434 2 18 0.200000 17 0.800000
assets/textures/Ch_MutoYugi01_body_tex
  0 2.285730 9.336830 -0.421179 0.089372 -0.507112 -0.857234 0.411214 0.372176 2 17 0.930000 16 0.070000
  0 3.041410 9.666730 -0.404034 -0.082725 0.417181 -0.905051 0.454564 0.261434 2 18 0.200000 17 0.800000
  0 3.102660 9.290960 -0.404034 -0.038197 -0.559273 -0.828103 0.411214 0.261434 2 18 0.200000 17 0.800000
assets/textures/Ch_MutoYugi01_body_tex
  0 2.116700 9.362130 0.314400 0.298397 -0.499472 0.813319 0.411214 0.391129 2 17 0.950000 16 0.050000
  0 2.285730 9.739240 0.240741 0.325298 0.472720 0.818973 0.454564 0.372176 2 17 0.990000 16 0.010000
  0 2.077050 9.852320 0.432232 0.151783 0.504799 0.849788 0.454564 0.391129 2 17 0.870000 16 0.130000
assets/textures/Ch_MutoYugi01_body_tex
  0 2.285730 9.940450 -0.090219 0.436001 0.899946 0.000000 0.482010 0.372176 2 17 0.970000 16 0.030000
  0 2.285730 9.739240 0.240741 0.325298 0.472720 0.818973 0.454564 0.372176 2 17 0.990000 16 0.010000
  0 3.010780 9.854610 -0.090219 -0.098094 0.995177 0.000000 0.482011 0.261434 2 18 0.300000 17 0.700000
assets/textures/Ch_MutoYugi01_body_tex
  0 2.285730 9.940450 -0.090219 0.436001 0.899946 0.000000 0.482010 0.372176 2 17 0.970000 16 0.030000
  0 2.077050 9.852320 0.432232 0.151783 0.504799 0.849788 0.454564 0.391129 2 17 0.870000 16 0.130000
  0 2.285730 9.739240 0.240741 0.325298 0.472720 0.818973 0.454564 0.372176 2 17 0.990000 16 0.010000
assets/textures/Ch_MutoYugi01_body_tex
  0 2.116700 9.362130 0.314400 0.298397 -0.499472 0.813319 0.411214 0.391129 2 17 0.950000 16 0.050000
  0 2.285730 9.336830 0.240741 0.089372 -0.507112 0.857234 0.411214 0.372176 2 17 0.980000 16 0.020000
  0 2.285730 9.739240 0.240741 0.325298 0.472720 0.818973 0.454564 0.372176 2 17 0.990000 16 0.010000
assets/textures/Ch_MutoYugi01_body_tex
  0 3.133290 9.140940 -0.090219 -0.013489 -0.999909 0.000000 0.384688 0.261434 2 18 0.480000 17 0.520000
  0 3.102660 9.290960 -0.404034 -0.038197 -0.559273 -0.828103 0.411214 0.261434 2 18 0.200000 17 0.800000
  0 3.267710 9.148740 -0.090219 0.080913 -0.996721 0.000000 0.384688 0.239562 2 18 0.500000 17 0.500000
assets/textures/Ch_MutoYugi01_body_tex
  0 2.285730 9.739240 0.240741 0.325298 0.472720 0.818973 0.454564 0.372176 2 17 0.990000 16 0.010000
  0 3.041410 9.666730 0.223596 -0.082725 0.417182 0.905050 0.454564 0.261434 1 17 1.000000
  0 3.010780 9.854610 -0.090219 -0.098094 0.995177 0.000000 0.482011 0.261434 2 18 0.300000 17 0.700000
assets/textures/Ch_MutoYugi01_body_tex
  0 2.285730 9.739240 0.240741 0.325298 0.472720 0.818973 0.454564 0.372176 2 17 0.990000 16 0.010000
  0 2.285730 9.336830 0.240741 0.089372 -0.507112 0.857234 0.411214 0.372176 2 17 0.980000 16 0.020000
  0 3.041410 9.666730 0.223596 -0.082725 0.417182 0.905050 0.454564 0.261434 1 17 1.000000
assets/textures/Ch_MutoYugi01_body_tex
  0 3.041410 9.666730 -0.404034 -0.082725 0.417181 -0.905051 0.454564 0.261434 2 18 0.200000 17 0.800000
  0 3.010780 9.854610 -0.090219 -0.098094 0.995177 0.000000 0.482011 0.261434 2 18 0.300000 17 0.700000
  0 3.207230 9.753470 -0.501791 -0.060006 0.477038 -0.876832 0.454564 0.239562 2 18 0.500000 17 0.500000
assets/textures/Ch_MutoYugi01_body_tex
  0 3.041410 9.666730 -0.404034 -0.082725 0.417181 -0.905051 0.454564 0.261434 2 18 0.200000 17 0.800000
  0 3.247550 9.297020 -0.425188 0.039277 -0.524293 -0.850632 0.411214 0.239562 2 18 0.500000 17 0.500000
  0 3.102660 9.290960 -0.404034 -0.038197 -0.559273 -0.828103 0.411214 0.261434 2 18 0.200000 17 0.800000
assets/textures/Ch_MutoYugi01_body_tex
  0 3.041410 9.666730 -0.404034 -0.082725 0.417181 -0.905051 0.454564 0.261434 2 18 0.200000 17 0.800000
  0 3.207230 9.753470 -0.501791 -0.060006 0.477038 -0.876832 0.454564 0.239562 2 18 0.500000 17 0.500000
  0 3.247550 9.297020 -0.425188 0.039277 -0.524293 -0.850632 0.411214 0.239562 2 18 0.500000 17 0.500000
assets/textures/Ch_MutoYugi01_body_tex
  0 3.102660 9.290960 -0.404034 -0.038197 -0.559273 -0.828103 0.411214 0.261434 2 18 0.200000 17 0.800000
  0 3.247550 9.297020 -0.425188 0.039277 -0.524293 -0.850632 0.411214 0.239562 2 18 0.500000 17 0.500000
  0 3.267710 9.148740 -0.090219 0.080913 -0.996721 0.000000 0.384688 0.239562 2 18 0.500000 17 0.500000
assets/textures/Ch_MutoYugi01_body_tex
  0 3.247550 9.297020 0.244750 0.039278 -0.524293 0.850632 0.411214 0.239562 2 18 0.500000 17 0.500000
  0 3.207230 9.753470 0.321353 -0.060006 0.477038 0.876832 0.454564 0.239562 2 18 0.500000 17 0.500000
  0 3.041410 9.666730 0.223596 -0.082725 0.417182 0.905050 0.454564 0.261434 1 17 1.000000
assets/textures/Ch_MutoYugi01_body_tex
  0 3.247550 9.297020 0.244750 0.039278 -0.524293 0.850632 0.411214 0.239562 2 18 0.500000 17 0.500000
  0 3.267710 9.148740 -0.090219 0.080913 -0.996721 0.000000 0.384688 0.239562 2 18 0.500000 17 0.500000
  0 3.479000 9.338350 0.225268 0.128900 -0.470130 0.873134 0.411214 0.209121 1 18 1.000000
assets/textures/Ch_MutoYugi01_body_tex
  0 3.247550 9.297020 0.244750 0.039278 -0.524293 0.850632 0.411214 0.239562 2 18 0.500000 17 0.500000
  0 3.417420 9.716120 0.225268 0.227820 0.504427 0.832857 0.454564 0.209121 1 18 1.000000
  0 3.207230 9.753470 0.321353 -0.060006 0.477038 0.876832 0.454564 0.239562 2 18 0.500000 17 0.500000
assets/textures/Ch_MutoYugi01_body_tex
  0 3.247550 9.297020 0.244750 0.039278 -0.524293 0.850632 0.411214 0.239562 2 18 0.500000 17 0.500000
  0 3.479000 9.338350 0.225268 0.128900 -0.470130 0.873134 0.411214 0.209121 1 18 1.000000
  0 3.417420 9.716120 0.225268 0.227820 0.504427 0.832857 0.454564 0.209121 1 18 1.000000
assets/textures/Ch_MutoYugi01_body_tex
  0 3.207230 9.753470 -0.501791 -0.060006 0.477038 -0.876832 0.454564 0.239562 2 18 0.500000 17 0.500000
  0 3.417420 9.716120 -0.405705 0.227820 0.504428 -0.832857 0.454564 0.209121 2 18 0.700000 17 0.300000
  0 3.247550 9.297020 -0.425188 0.039277 -0.524293 -0.850632 0.411214 0.239562 2 18 0.500000 17 0.500000
assets/textures/Ch_MutoYugi01_body_tex
  0 3.207230 9.753470 -0.501791 -0.060006 0.477038 -0.876832 0.454564 0.239562 2 18 0.500000 17 0.500000
  0 3.010780 9.854610 -0.090219 -0.098094 0.995177 0.000000 0.482011 0.261434 2 18 0.300000 17 0.700000
  0 3.187070 10.002700 -0.090219 -0.122801 0.992431 0.000000 0.482011 0.239562 2 18 0.500000 17 0.500000
assets/textures/Ch_MutoYugi01_body_tex
  0 3.207230 9.753470 0.321353 -0.060006 0.477038 0.876832 0.454564 0.239562 2 18 0.500000 17 0.500000
  0 3.187070 10.002700 -0.090219 -0.122801 0.992431 0.000000 0.482011 0.239562 2 18 0.500000 17 0.500000
  0 3.010780 9.854610 -0.090219 -0.098094 0.995177 0.000000 0.482011 0.261434 2 18 0.300000 17 0.700000
assets/textures/Ch_MutoYugi01_body_tex
  0 3.207230 9.753470 0.321353 -0.060006 0.477038 0.876832 0.454564 0.239562 2 18 0.500000 17 0.500000
  0 3.417420 9.716120 0.225268 0.227820 0.504427 0.832857 0.454564 0.209121 1 18 1.000000
  0 3.386630 9.905000 -0.090219 0.273264 0.961939 0.000000 0.482011 0.209121 2 18 0.590000 17 0.410000
assets/textures/Ch_MutoYugi01_body_tex
  0 3.207230 9.753470 -0.501791 -0.060006 0.477038 -0.876832 0.454564 0.239562 2 18 0.500000 17 0.500000
  0 3.187070 10.002700 -0.090219 -0.122801 0.992431 0.000000 0.482011 0.239562 2 18 0.500000 17 0.500000
  0 3.386630 9.905000 -0.090219 0.273264 0.961939 0.000000 0.482011 0.209121 2 18 0.590000 17 0.410000
assets/textures/Ch_MutoYugi01_body_tex
  0 3.207230 9.753470 0.321353 -0.060006 0.477038 0.876832 0.454564 0.239562 2 18 0.500000 17 0.500000
  0 3.386630 9.905000 -0.090219 0.273264 0.961939 0.000000 0.482011 0.209121 2 18 0.590000 17 0.410000
  0 3.187070 10.002700 -0.090219 -0.122801 0.992431 0.000000 0.482011 0.239562 2 18 0.500000 17 0.500000
assets/textures/Ch_MutoYugi01_body_tex
  0 3.207230 9.753470 -0.501791 -0.060006 0.477038 -0.876832 0.454564 0.239562 2 18 0.500000 17 0.500000
  0 3.386630 9.905000 -0.090219 0.273264 0.961939 0.000000 0.482011 0.209121 2 18 0.590000 17 0.410000
  0 3.417420 9.716120 -0.405705 0.227820 0.504428 -0.832857 0.454564 0.209121 2 18 0.700000 17 0.300000
assets/textures/Ch_MutoYugi01_body_tex
  0 3.267710 9.148740 -0.090219 0.080913 -0.996721 0.000000 0.384688 0.239562 2 18 0.500000 17 0.500000
  0 3.509790 9.153470 -0.090219 0.080913 -0.996721 0.000000 0.384688 0.209121 2 18 0.670000 17 0.330000
  0 3.479000 9.338350 0.225268 0.128900 -0.470130 0.873134 0.411214 0.209121 1 18 1.000000
assets/textures/Ch_MutoYugi01_body_tex
  0 3.247550 9.297020 -0.425188 0.039277 -0.524293 -0.850632 0.411214 0.239562 2 18 0.500000 17 0.500000
  0 3.417420 9.716120 -0.405705 0.227820 0.504428 -0.832857 0.454564 0.209121 2 18 0.700000 17 0.300000
  0 3.479000 9.338350 -0.405705 0.128899 -0.470130 -0.873134 0.411214 0.209121 2 18 0.700000 17 0.300000
assets/textures/Ch_MutoYugi01_body_tex
  0 3.267710 9.148740 -0.090219 0.080913 -0.996721 0.000000 0.384688 0.239562 2 18 0.500000 17 0.500000
  0 3.479000 9.338350 -0.405705 0.128899 -0.470130 -0.873134 0.411214 0.209121 2 18 0.700000 17 0.300000
  0 3.509790 9.153470 -0.090219 0.080913 -0.996721 0.000000 0.384688 0.209121 2 18 0.670000 17 0.330000
assets/textures/Ch_MutoYugi01_body_tex
  0 3.267710 9.148740 -0.090219 0.080913 -0.996721 0.000000 0.384688 0.239562 2 18 0.500000 17 0.500000
  0 3.247550 9.297020 -0.425188 0.039277 -0.524293 -0.850632 0.411214 0.239562 2 18 0.500000 17 0.500000
  0 3.479000 9.338350 -0.405705 0.128899 -0.470130 -0.873134 0.411214 0.209121 2 18 0.700000 17 0.300000
assets/textures/Ch_MutoYugi01_body_tex
  0 3.386630 9.905000 -0.090219 0.273264 0.961939 0.000000 0.482011 0.209121 2 18 0.590000 17 0.410000
  0 3.719860 9.873210 -0.090219 -0.057749 0.998331 0.000000 0.482011 0.176763 2 18 0.920000 17 0.080000
  0 3.417420 9.716120 -0.405705 0.227820 0.504428 -0.832857 0.454564 0.209121 2 18 0.700000 17 0.300000
assets/textures/Ch_MutoYugi01_body_tex
  0 3.509790 9.153470 -0.090219 0.080913 -0.996721 0.000000 0.384688 0.209121 2 18 0.670000 17 0.330000
  0 3.479000 9.338350 -0.405705 0.128899 -0.470130 -0.873134 0.411214 0.209121 2 18 0.700000 17 0.300000
  0 3.719860 9.349840 -0.393881 -0.093312 -0.464426 -0.880682 0.411214 0.176763 1 18 1.000000
assets/textures/Ch_MutoYugi01_body_tex
  0 3.509790 9.153470 -0.090219 0.080913 -0.996721 0.000000 0.384688 0.209121 2 18 0.670000 17 0.330000
  0 3.719860 9.349840 0.213443 -0.093312 -0.464426 0.880682 0.411214 0.176763 1 18 1.000000
  0 3.479000 9.338350 0.225268 0.128900 -0.470130 0.873134 0.411214 0.209121 1 18 1.000000
assets/textures/Ch_MutoYugi01_body_tex
  0 3.509790 9.153470 -0.090219 0.080913 -0.996721 0.000000 0.384688 0.209121 2 18 0.670000 17 0.330000
  0 3.719860 9.153800 -0.090219 -0.117134 -0.993116 0.000000 0.384688 0.176763 2 18 0.840000 17 0.160000
  0 3.719860 9.349840 0.213443 -0.093312 -0.464426 0.880682 0.411214 0.176763 1 18 1.000000
assets/textures/Ch_MutoYugi01_body_tex
  0 3.509790 9.153470 -0.090219 0.080913 -0.996721 0.000000 0.384688 0.209121 2 18 0.670000 17 0.330000
  0 3.719860 9.349840 -0.393881 -0.093312 -0.464426 -0.880682 0.411214 0.176763 1 18 1.000000
  0 3.719860 9.153800 -0.090219 -0.117134 -0.993116 0.000000 0.384688 0.176763 2 18 0.840000 17 0.160000
assets/textures/Ch_MutoYugi01_body_tex
  0 3.719860 9.873210 -0.090219 -0.057749 0.998331 0.000000 0.482011 0.176763 2 18 0.920000 17 0.080000
  0 3.719860 9.688600 -0.393881 -0.066115 0.496457 -0.865540 0.454564 0.176763 1 18 1.000000
  0 3.417420 9.716120 -0.405705 0.227820 0.504428 -0.832857 0.454564 0.209121 2 18 0.700000 17 0.300000
assets/textures/Ch_MutoYugi01_body_tex
  0 3.719860 9.873210 -0.090219 -0.057749 0.998331 0.000000 0.482011 0.176763 2 18 0.920000 17 0.080000
  0 3.719860 9.688600 0.213443 -0.066115 0.496458 0.865539 0.454564 0.176763 1 18 1.000000
  0 4.430150 9.731930 0.286365 -0.128531 0.481556 0.866939 0.454564 0.111069 1 18 1.000000
assets/textures/Ch_MutoYugi01_body_tex
  0 3.719860 9.873210 -0.090219 -0.057749 0.998331 0.000000 0.482011 0.176763 2 18 0.920000 17 0.080000
  0 4.430150 9.731930 -0.466802 -0.128531 0.481556 -0.866939 0.454564 0.111069 1 18 1.000000
  0 3.719860 9.688600 -0.393881 -0.066115 0.496457 -0.865540 0.454564 0.176763 1 18 1.000000
assets/textures/Ch_MutoYugi01_body_tex
  0 3.719860 9.873210 -0.090219 -0.057749 0.998331 0.000000 0.482011 0.176763 2 18 0.920000 17 0.080000
  0 4.430150 9.960880 -0.090219 -0.133129 0.991099 0.000000 0.482010 0.111069 1 18 1.000000
  0 4.430150 9.731930 -0.466802 -0.128531 0.481556 -0.866939 0.454564 0.111069 1 18 1.000000
assets/textures/Ch_MutoYugi01_body_tex
  0 3.719860 9.873210 -0.090219 -0.057749 0.998331 0.000000 0.482011 0.176763 2 18 0.920000 17 0.080000
  0 4.430150 9.731930 0.286365 -0.128531 0.481556 0.866939 0.454564 0.111069 1 18 1.000000
  0 4.430150 9.960880 -0.090219 -0.133129 0.991099 0.000000 0.482010 0.111069 1 18 1.000000
assets/textures/Ch_MutoYugi01_body_tex
  0 3.719860 9.153800 -0.090219 -0.117134 -0.993116 0.000000 0.384688 0.176763 2 18 0.840000 17 0.160000
  0 3.719860 9.349840 -0.393881 -0.093312 -0.464426 -0.880682 0.411214 0.176763 1 18 1.000000
  0 4.430150 9.274050 -0.466802 -0.138133 -0.484969 -0.863553 0.411214 0.111069 1 18 1.000000
assets/textures/Ch_MutoYugi01_body_tex
  0 3.719860 9.153800 -0.090219 -0.117134 -0.993116 0.000000 0.384688 0.176763 2 18 0.840000 17 0.160000
  0 4.430150 9.274050 0.286365 -0.138133 -0.484969 0.863553 0.411214 0.111069 1 18 1.000000
  0 3.719860 9.349840 0.213443 -0.093312 -0.464426 0.880682 0.411214 0.176763 1 18 1.000000
assets/textures/Ch_MutoYugi01_body_tex
  0 3.719860 9.153800 -0.090219 -0.117134 -0.993116 0.000000 0.384688 0.176763 2 18 0.840000 17 0.160000
  0 4.430150 9.274050 -0.466802 -0.138133 -0.484969 -0.863553 0.411214 0.111069 1 18 1.000000
  0 4.430150 9.045100 -0.090219 -0.156122 -0.987738 0.000000 0.384688 0.111069 1 18 1.000000
assets/textures/Ch_MutoYugi01_body_tex
  0 3.719860 9.153800 -0.090219 -0.117134 -0.993116 0.000000 0.384688 0.176763 2 18 0.840000 17 0.160000
  0 4.430150 9.045100 -0.090219 -0.156122 -0.987738 0.000000 0.384688 0.111069 1 18 1.000000
  0 4.430150 9.274050 0.286365 -0.138133 -0.484969 0.863553 0.411214 0.111069 1 18 1.000000
assets/textures/Ch_MutoYugi01_body_tex
  0 6.224990 9.821580 -0.107628 0.472313 0.862368 -0.182325 0.641142 0.760224 2 20 0.600000 19 0.400000
  0 5.956930 9.891970 0.115923 -0.026913 0.999174 0.030461 0.608338 0.726740 1 19 1.000000
  0 6.241870 9.820980 0.179128 0.471598 0.855935 -0.212062 0.641142 0.724469 2 20 0.600000 19 0.400000
assets/textures/Ch_MutoYugi01_body_tex
  0 6.224990 9.821580 -0.107628 0.472313 0.862368 -0.182325 0.641142 0.760224 2 20 0.600000 19 0.400000
  0 6.539880 9.513510 -0.279297 0.834790 0.322002 -0.446587 0.682180 0.784463 3 20 0.800000 19 0.150000 18 0.050000
  0 6.206180 9.706420 -0.345819 0.429781 0.753881 -0.496943 0.641142 0.784594 2 20 0.600000 19 0.400000
assets/textures/Ch_MutoYugi01_body_tex
  0 6.224990 9.821580 -0.107628 0.472313 0.862368 -0.182325 0.641142 0.760224 2 20 0.600000 19 0.400000
  0 6.206180 9.706420 -0.345819 0.429781 0.753881 -0.496943 0.641142 0.784594 2 20 0.600000 19 0.400000
  0 5.955670 9.892540 -0.138552 0.039066 0.976431 -0.212267 0.607798 0.759360 1 19 1.000000
assets/textures/Ch_MutoYugi01_body_tex
  0 6.224990 9.821580 -0.107628 0.472313 0.862368 -0.182325 0.641142 0.760224 2 20 0.600000 19 0.400000
  0 5.955670 9.892540 -0.138552 0.039066 0.976431 -0.212267 0.607798 0.759360 1 19 1.000000
  0 5.956930 9.891970 0.115923 -0.026913 0.999174 0.030461 0.608338 0.726740 1 19 1.000000
assets/textures/Ch_MutoYugi01_body_tex
  0 6.288620 9.361510 -0.366889 -0.479751 -0.771901 -0.417142 0.681935 0.826699 2 20 0.600000 19 0.400000
  0 6.435570 9.465170 -0.430680 0.595432 0.110640 -0.795751 0.682180 0.810404 3 20 0.800000 19 0.140000 18 0.060000
  0 6.448880 8.977840 -0.256406 0.560380 -0.400261 -0.725097 0.715242 0.807656 3 20 0.800000 19 0.130000 18 0.070000
assets/textures/Ch_MutoYugi01_body_tex
  0 6.288620 9.361510 -0.366889 -0.479751 -0.771901 -0.417142 0.681935 0.826699 2 20 0.600000 19 0.400000
  0 6.200700 9.387430 -0.386603 0.263346 -0.827406 -0.496032 0.641363 0.829538 1 19 1.000000
  0 6.435570 9.465170 -0.430680 0.595432 0.110640 -0.795751 0.682180 0.810404 3 20 0.800000 19 0.140000 18 0.060000
assets/textures/Ch_MutoYugi01_body_tex
  0 6.241870 9.820980 0.179128 0.471598 0.855935 -0.212062 0.641142 0.724469 2 20 0.600000 19 0.400000
  0 6.231370 9.866860 0.384468 0.188351 0.690702 0.698180 0.641403 0.692246 2 20 0.600000 19 0.400000
  0 6.641250 9.737770 0.415757 0.405374 0.760300 0.507558 0.681305 0.683410 3 20 0.800000 19 0.140000 18 0.060000
assets/textures/Ch_MutoYugi01_body_tex
  0 6.170330 9.552880 -0.509463 0.317553 0.097180 -0.943248 0.641142 0.812423 2 20 0.600000 19 0.400000
  0 5.894010 9.563630 -0.554724 -0.103743 0.250199 -0.962620 0.608879 0.809565 1 19 1.000000
  0 5.943520 9.784320 -0.401184 -0.053766 0.796019 -0.602879 0.607798 0.780830 1 19 1.000000
assets/textures/Ch_MutoYugi01_body_tex
  0 6.170330 9.552880 -0.509463 0.317553 0.097180 -0.943248 0.641142 0.812423 2 20 0.600000 19 0.400000
  0 5.943520 9.784320 -0.401184 -0.053766 0.796019 -0.602879 0.607798 0.780830 1 19 1.000000
  0 6.206180 9.706420 -0.345819 0.429781 0.753881 -0.496943 0.641142 0.784594 2 20 0.600000 19 0.400000
assets/textures/Ch_MutoYugi01_body_tex
  0 6.231370 9.866860 0.384468 0.188351 0.690702 0.698180 0.641403 0.692246 2 20 0.600000 19 0.400000
  0 6.207020 9.641110 0.448710 0.058710 -0.244621 0.967840 0.643235 0.676632 2 20 0.600000 19 0.400000
  0 6.641250 9.737770 0.415757 0.405374 0.760300 0.507558 0.681305 0.683410 3 20 0.800000 19 0.140000 18 0.060000
assets/textures/Ch_MutoYugi01_body_tex
  0 6.231370 9.866860 0.384468 0.188351 0.690702 0.698180 0.641403 0.692246 2 20 0.600000 19 0.400000
  0 5.918600 9.849280 0.485395 -0.078591 0.542245 0.836537 0.610541 0.699952 1 19 1.000000
  0 6.207020 9.641110 0.448710 0.058710 -0.244621 0.967840 0.643235 0.676632 2 20 0.600000 19 0.400000
assets/textures/Ch_MutoYugi01_body_tex
  0 -1.047760 9.790050 -0.509022 0.039229 0.495901 -0.867493 0.453186 0.485800 2 24 0.530000 13 0.470000
  0 -1.184470 9.175490 -0.650376 -0.290054 -0.146905 -0.945668 0.409635 0.485800 2 25 0.460000 24 0.540000
  0 -1.445320 9.975780 -0.659374 -0.066115 0.496457 -0.865540 0.454564 0.448698 2 25 0.500000 24 0.500000
assets/textures/Ch_MutoYugi01_body_tex
  0 -1.047760 9.790050 -0.509022 0.039229 0.495901 -0.867493 0.453186 0.485800 2 24 0.530000 13 0.470000
  0 -1.445320 9.975780 -0.659374 -0.066115 0.496457 -0.865540 0.454564 0.448698 2 25 0.500000 24 0.500000
  0 -1.197660 10.035100 -0.090246 0.007378 0.999468 -0.031767 0.482010 0.485800 2 24 0.400000 13 0.600000
assets/textures/Ch_MutoYugi01_body_tex
  0 -1.184470 9.175490 -0.650376 -0.290054 -0.146905 -0.945668 0.409635 0.485800 2 25 0.460000 24 0.540000
  0 -1.529080 9.148530 -0.659374 -0.270380 -0.489084 -0.829272 0.411214 0.453372 2 25 0.500000 24 0.500000
  0 -1.445320 9.975780 -0.659374 -0.066115 0.496457 -0.865540 0.454564 0.448698 2 25 0.500000 24 0.500000
assets/textures/Ch_MutoYugi01_body_tex
  0 -1.184470 9.175490 -0.650376 -0.290054 -0.146905 -0.945668 0.409635 0.485800 2 25 0.460000 24 0.540000
  0 -1.404230 8.794090 -0.090219 -0.844849 -0.475971 -0.244297 0.384688 0.452754 1 13 1.000000
  0 -1.529080 9.148530 -0.659374 -0.270380 -0.489084 -0.829272 0.411214 0.453372 2 25 0.500000 24 0.500000
assets/textures/Ch_MutoYugi01_body_tex
  0 -1.197660 10.035100 -0.090246 0.007378 0.999468 -0.031767 0.482010 0.485800 2 24 0.400000 13 0.600000
  0 -1.445320 9.975780 -0.659374 -0.066115 0.496457 -0.865540 0.454564 0.448698 2 25 0.500000 24 0.500000
  0 -1.424050 10.027600 -0.090229 0.774924 0.632054 -0.000133 0.482010 0.462615 3 25 0.100000 24 0.360000 13 0.540000
assets/textures/Ch_MutoYugi01_body_tex
  0 -1.197660 10.035100 -0.090246 0.007378 0.999468 -0.031767 0.482010 0.485800 2 24 0.400000 13 0.600000
  0 -1.424050 10.027600 -0.090229 0.774924 0.632054 -0.000133 0.482010 0.462615 3 25 0.100000 24 0.360000 13 0.540000
  0 -1.445320 9.976020 0.478937 -0.182661 0.478805 0.858709 0.454564 0.448698 2 25 0.500000 24 0.500000
assets/textures/Ch_MutoYugi01_body_tex
  0 -1.197660 10.035100 -0.090246 0.007378 0.999468 -0.031767 0.482010 0.485800 2 24 0.400000 13 0.600000
  0 -1.445320 9.976020 0.478937 -0.182661 0.478805 0.858709 0.454564 0.448698 2 25 0.500000 24 0.500000
  0 -1.106140 9.786500 0.360362 0.137544 0.816366 0.560918 0.453186 0.485800 2 24 0.610000 13 0.390000
assets/textures/Ch_MutoYugi01_body_tex
  0 -1.483870 10.378600 -0.090219 -0.156125 0.987737 0.000000 0.482011 0.448698 2 25 0.200000 24 0.800000
  0 -1.445320 9.976020 0.478937 -0.182661 0.478805 0.858709 0.454564 0.448698 2 25 0.500000 24 0.500000
  0 -1.424050 10.027600 -0.090229 0.774924 0.632054 -0.000133 0.482010 0.462615 3 25 0.100000 24 0.360000 13 0.540000
assets/textures/Ch_MutoYugi01_body_tex
  0 -1.445320 9.975780 -0.659374 -0.066115 0.496457 -0.865540 0.454564 0.448698 2 25 0.500000 24 0.500000
  0 -1.483870 10.378600 -0.090219 -0.156125 0.987737 0.000000 0.482011 0.448698 2 25 0.200000 24 0.800000
  0 -1.424050 10.027600 -0.090229 0.774924 0.632054 -0.000133 0.482010 0.462615 3 25 0.100000 24 0.360000 13 0.540000
assets/textures/Ch_MutoYugi01_body_tex
  0 -1.445320 9.975780 -0.659374 -0.066115 0.496457 -0.865540 0.454564 0.448698 2 25 0.500000 24 0.500000
  0 -1.529080 9.148530 -0.659374 -0.270380 -0.489084 -0.829272 0.411214 0.453372 2 25 0.500000 24 0.500000
  0 -1.817060 9.754480 -0.556623 -0.131491 0.292226 -0.947267 0.454564 0.420206 2 25 0.650000 24 0.350000
assets/textures/Ch_MutoYugi01_body_tex
  0 -1.445320 9.975780 -0.659374 -0.066115 0.496457 -0.865540 0.454564 0.448698 2 25 0.500000 24 0.500000
  0 -1.839900 10.037000 -0.090219 -0.006805 0.999977 -0.000068 0.482011 0.420206 2 25 0.730000 24 0.270000
  0 -1.483870 10.378600 -0.090219 -0.156125 0.987737 0.000000 0.482011 0.448698 2 25 0.200000 24 0.800000
assets/textures/Ch_MutoYugi01_body_tex
  0 -1.483870 10.378600 -0.090219 -0.156125 0.987737 0.000000 0.482011 0.448698 2 25 0.200000 24 0.800000
  0 -1.839900 10.037000 -0.090219 -0.006805 0.999977 -0.000068 0.482011 0.420206 2 25 0.730000 24 0.270000
  0 -1.445320 9.976020 0.478937 -0.182661 0.478805 0.858709 0.454564 0.448698 2 25 0.500000 24 0.500000
assets/textures/Ch_MutoYugi01_body_tex
  0 -1.445320 9.975780 -0.659374 -0.066115 0.496457 -0.865540 0.454564 0.448698 2 25 0.500000 24 0.500000
  0 -1.817060 9.754480 -0.556623 -0.131491 0.292226 -0.947267 0.454564 0.420206 2 25 0.650000 24 0.350000
  0 -1.839900 10.037000 -0.090219 -0.006805 0.999977 -0.000068 0.482011 0.420206 2 25 0.730000 24 0.270000
assets/textures/Ch_MutoYugi01_body_tex
  0 -1.106140 9.786500 0.360362 0.137544 0.816366 0.560918 0.453186 0.485800 2 24 0.610000 13 0.390000
  0 -1.445320 9.976020 0.478937 -0.182661 0.478805 0.858709 0.454564 0.448698 2 25 0.500000 24 0.500000
  0 -1.198760 9.588250 0.544136 -0.248105 0.252949 0.935126 0.446923 0.479548 2 25 0.390000 24 0.610000
assets/textures/Ch_MutoYugi01_body_tex
  0 -1.198760 9.588250 0.544136 -0.248105 0.252949 0.935126 0.446923 0.479548 2 25 0.390000 24 0.610000
  0 -1.445320 9.976020 0.478937 -0.182661 0.478805 0.858709 0.454564 0.448698 2 25 0.500000 24 0.500000
  0 -1.361080 9.148800 0.531495 -0.724092 -0.161784 0.670461 0.411214 0.453372 2 24 0.330000 13 0.670000
assets/textures/Ch_MutoYugi01_body_tex
  0 -1.748520 8.955140 -0.090219 -0.434878 -0.899370 -0.044882 0.384688 0.420206 2 25 0.800000 24 0.200000
  0 -1.771360 9.283910 -0.556623 -0.354128 -0.460442 -0.813994 0.411214 0.420206 2 25 0.600000 24 0.400000
  0 -1.529080 9.148530 -0.659374 -0.270380 -0.489084 -0.829272 0.411214 0.453372 2 25 0.500000 24 0.500000
assets/textures/Ch_MutoYugi01_body_tex
  0 -1.529080 9.148530 -0.659374 -0.270380 -0.489084 -0.829272 0.411214 0.453372 2 25 0.500000 24 0.500000
  0 -1.771360 9.283910 -0.556623 -0.354128 -0.460442 -0.813994 0.411214 0.420206 2 25 0.600000 24 0.400000
  0 -1.817060 9.754480 -0.556623 -0.131491 0.292226 -0.947267 0.454564 0.420206 2 25 0.650000 24 0.350000
assets/textures/Ch_MutoYugi01_body_tex
  0 -1.361080 9.148800 0.531495 -0.724092 -0.161784 0.670461 0.411214 0.453372 2 24 0.330000 13 0.670000
  0 -1.445320 9.976020 0.478937 -0.182661 0.478805 0.858709 0.454564 0.448698 2 25 0.500000 24 0.500000
  0 -1.771360 9.283910 0.376186 -0.329234 -0.388622 0.860568 0.411214 0.420206 2 25 0.680000 24 0.320000
assets/textures/Ch_MutoYugi01_body_tex
  0 -1.748520 8.955140 -0.090219 -0.434878 -0.899370 -0.044882 0.384688 0.420206 2 25 0.800000 24 0.200000
  0 -1.361080 9.148800 0.531495 -0.724092 -0.161784 0.670461 0.411214 0.453372 2 24 0.330000 13 0.670000
  0 -1.771360 9.283910 0.376186 -0.329234 -0.388622 0.860568 0.411214 0.420206 2 25 0.680000 24 0.320000
assets/textures/Ch_MutoYugi01_body_tex
  0 -1.748520 8.955140 -0.090219 -0.434878 -0.899370 -0.044882 0.384688 0.420206 2 25 0.800000 24 0.200000
  0 -2.136190 9.121170 -0.090219 -0.303340 -0.952882 0.000000 0.384688 0.391129 2 25 0.910000 24 0.090000
  0 -1.771360 9.283910 -0.556623 -0.354128 -0.460442 -0.813994 0.411214 0.420206 2 25 0.600000 24 0.400000
assets/textures/Ch_MutoYugi01_body_tex
  0 -1.748520 8.955140 -0.090219 -0.434878 -0.899370 -0.044882 0.384688 0.420206 2 25 0.800000 24 0.200000
  0 -1.771360 9.283910 0.376186 -0.329234 -0.388622 0.860568 0.411214 0.420206 2 25 0.680000 24 0.320000
  0 -2.136190 9.121170 -0.090219 -0.303340 -0.952882 0.000000 0.384688 0.391129 2 25 0.910000 24 0.090000
assets/textures/Ch_MutoYugi01_body_tex
  0 -1.445320 9.976020 0.478937 -0.182661 0.478805 0.858709 0.454564 0.448698 2 25 0.500000 24 0.500000
  0 -1.817060 9.754480 0.376186 -0.151559 0.260152 0.953599 0.454564 0.420206 2 25 0.770000 24 0.230000
  0 -1.771360 9.283910 0.376186 -0.329234 -0.388622 0.860568 0.411214 0.420206 2 25 0.680000 24 0.320000
assets/textures/Ch_MutoYugi01_body_tex
  0 -1.839900 10.037000 -0.090219 -0.006805 0.999977 -0.000068 0.482011 0.420206 2 25 0.730000 24 0.270000
  0 -1.817060 9.754480 0.376186 -0.151559 0.260152 0.953599 0.454564 0.420206 2 25 0.770000 24 0.230000
  0 -1.445320 9.976020 0.478937 -0.182661 0.478805 0.858709 0.454564 0.448698 2 25 0.500000 24 0.500000
assets/textures/Ch_MutoYugi01_body_tex
  0 -1.839900 10.037000 -0.090219 -0.006805 0.999977 -0.000068 0.482011 0.420206 2 25 0.730000 24 0.270000
  0 -1.817060 9.754480 -0.556623 -0.131491 0.292226 -0.947267 0.454564 0.420206 2 25 0.650000 24 0.350000
  0 -2.077050 9.852320 -0.612669 -0.151783 0.504799 -0.849788 0.454564 0.391129 2 25 0.760000 24 0.240000
assets/textures/Ch_MutoYugi01_body_tex
  0 -1.839900 10.037000 -0.090219 -0.006805 0.999977 -0.000068 0.482011 0.420206 2 25 0.730000 24 0.270000
  0 -2.077050 9.852320 0.432232 -0.151783 0.504799 0.849788 0.454564 0.391129 2 25 0.870000 24 0.130000
  0 -1.817060 9.754480 0.376186 -0.151559 0.260152 0.953599 0.454564 0.420206 2 25 0.770000 24 0.230000
assets/textures/Ch_MutoYugi01_body_tex
  0 -1.839900 10.037000 -0.090219 -0.006805 0.999977 -0.000068 0.482011 0.420206 2 25 0.730000 24 0.270000
  0 -2.077050 9.852320 -0.612669 -0.151783 0.504799 -0.849788 0.454564 0.391129 2 25 0.760000 24 0.240000
  0 -2.046270 10.232900 -0.090219 -0.098094 0.995177 0.000000 0.482011 0.391129 2 25 0.760000 24 0.240000
assets/textures/Ch_MutoYugi01_body_tex
  0 -1.839900 10.037000 -0.090219 -0.006805 0.999977 -0.000068 0.482011 0.420206 2 25 0.730000 24 0.270000
  0 -2.046270 10.232900 -0.090219 -0.098094 0.995177 0.000000 0.482011 0.391129 2 25 0.760000 24 0.240000
  0 -2.077050 9.852320 0.432232 -0.151783 0.504799 0.849788 0.454564 0.391129 2 25 0.870000 24 0.130000
assets/textures/Ch_MutoYugi01_body_tex
  0 -1.817060 9.754480 -0.556623 -0.131491 0.292226 -0.947267 0.454564 0.420206 2 25 0.650000 24 0.350000
  0 -2.116700 9.362130 -0.494837 -0.298396 -0.499473 -0.813318 0.411214 0.391129 2 25 0.850000 24 0.150000
  0 -2.077050 9.852320 -0.612669 -0.151783 0.504799 -0.849788 0.454564 0.391129 2 25 0.760000 24 0.240000
assets/textures/Ch_MutoYugi01_body_tex
  0 -1.817060 9.754480 -0.556623 -0.131491 0.292226 -0.947267 0.454564 0.420206 2 25 0.650000 24 0.350000
  0 -1.771360 9.283910 -0.556623 -0.354128 -0.460442 -0.813994 0.411214 0.420206 2 25 0.600000 24 0.400000
  0 -2.116700 9.362130 -0.494837 -0.298396 -0.499473 -0.813318 0.411214 0.391129 2 25 0.850000 24 0.150000
assets/textures/Ch_MutoYugi01_body_tex
  0 -2.136190 9.121170 -0.090219 -0.303340 -0.952882 0.000000 0.384688 0.391129 2 25 0.910000 24 0.090000
  0 -2.116700 9.362130 -0.494837 -0.298396 -0.499473 -0.813318 0.411214 0.391129 2 25 0.850000 24 0.150000
  0 -1.771360 9.283910 -0.556623 -0.354128 -0.460442 -0.813994 0.411214 0.420206 2 25 0.600000 24 0.400000
assets/textures/Ch_MutoYugi01_body_tex
  0 -2.136190 9.121170 -0.090219 -0.303340 -0.952882 0.000000 0.384688 0.391129 2 25 0.910000 24 0.090000
  0 -1.771360 9.283910 0.376186 -0.329234 -0.388622 0.860568 0.411214 0.420206 2 25 0.680000 24 0.320000
  0 -2.116700 9.362130 0.314400 -0.298397 -0.499472 0.813318 0.411214 0.391129 2 25 0.950000 24 0.050000
assets/textures/Ch_MutoYugi01_body_tex
  0 -1.817060 9.754480 0.376186 -0.151559 0.260152 0.953599 0.454564 0.420206 2 25 0.770000 24 0.230000
  0 -2.116700 9.362130 0.314400 -0.298397 -0.499472 0.813318 0.411214 0.391129 2 25 0.950000 24 0.050000
  0 -1.771360 9.283910 0.376186 -0.329234 -0.388622 0.860568 0.411214 0.420206 2 25 0.680000 24 0.320000
assets/textures/Ch_MutoYugi01_body_tex
  0 -1.817060 9.754480 0.376186 -0.151559 0.260152 0.953599 0.454564 0.420206 2 25 0.770000 24 0.230000
  0 -2.077050 9.852320 0.432232 -0.151783 0.504799 0.849788 0.454564 0.391129 2 25 0.870000 24 0.130000
  0 -2.116700 9.362130 0.314400 -0.298397 -0.499472 0.813318 0.411214 0.391129 2 25 0.950000 24 0.050000
assets/textures/Ch_MutoYugi01_body_tex
  0 -2.136190 9.121170 -0.090219 -0.303340 -0.952882 0.000000 0.384688 0.391129 2 25 0.910000 24 0.090000
  0 -2.285730 9.336830 -0.421179 -0.089372 -0.507112 -0.857234 0.411214 0.372176 2 25 0.930000 24 0.070000
  0 -2.116700 9.362130 -0.494837 -0.298396 -0.499473 -0.813318 0.411214 0.391129 2 25 0.850000 24 0.150000
assets/textures/Ch_MutoYugi01_body_tex
  0 -2.136190 9.121170 -0.090219 -0.303340 -0.952882 0.000000 0.384688 0.391129 2 25 0.910000 24 0.090000
  0 -2.116700 9.362130 0.314400 -0.298397 -0.499472 0.813318 0.411214 0.391129 2 25 0.950000 24 0.050000
  0 -2.285730 9.336830 0.240741 -0.089372 -0.507111 0.857234 0.411214 0.372176 2 25 0.980000 24 0.020000
assets/textures/Ch_MutoYugi01_body_tex
  0 -2.136190 9.121170 -0.090219 -0.303340 -0.952882 0.000000 0.384688 0.391129 2 25 0.910000 24 0.090000
  0 -2.285730 9.336830 0.240741 -0.089372 -0.507111 0.857234 0.411214 0.372176 2 25 0.980000 24 0.020000
  0 -2.285730 9.135620 -0.090219 0.004035 -0.999992 0.000000 0.384688 0.372176 2 25 0.950000 24 0.050000
assets/textures/Ch_MutoYugi01_body_tex
  0 -2.136190 9.121170 -0.090219 -0.303340 -0.952882 0.000000 0.384688 0.391129 2 25 0.910000 24 0.090000
  0 -2.285730 9.135620 -0.090219 0.004035 -0.999992 0.000000 0.384688 0.372176 2 25 0.950000 24 0.050000
  0 -2.285730 9.336830 -0.421179 -0.089372 -0.507112 -0.857234 0.411214 0.372176 2 25 0.930000 24 0.070000
assets/textures/Ch_MutoYugi01_body_tex
  0 -2.046270 10.232900 -0.090219 -0.098094 0.995177 0.000000 0.482011 0.391129 2 25 0.760000 24 0.240000
  0 -2.285730 9.940450 -0.090219 -0.436001 0.899946 0.000000 0.482010 0.372176 2 25 0.970000 24 0.030000
  0 -2.077050 9.852320 0.432232 -0.151783 0.504799 0.849788 0.454564 0.391129 2 25 0.870000 24 0.130000
assets/textures/Ch_MutoYugi01_body_tex
  0 -2.046270 10.232900 -0.090219 -0.098094 0.995177 0.000000 0.482011 0.391129 2 25 0.760000 24 0.240000
  0 -2.077050 9.852320 -0.612669 -0.151783 0.504799 -0.849788 0.454564 0.391129 2 25 0.760000 24 0.240000
  0 -2.285730 9.940450 -0.090219 -0.436001 0.899946 0.000000 0.482010 0.372176 2 25 0.970000 24 0.030000
assets/textures/Ch_MutoYugi01_body_tex
  0 -2.285730 9.336830 -0.421179 -0.089372 -0.507112 -0.857234 0.411214 0.372176 2 25 0.930000 24 0.070000
  0 -2.285730 9.135620 -0.090219 0.004035 -0.999992 0.000000 0.384688 0.372176 2 25 0.950000 24 0.050000
  0 -3.102660 9.290960 -0.404034 0.038197 -0.559273 -0.828103 0.411214 0.261434 2 26 0.200000 25 0.800000
assets/textures/Ch_MutoYugi01_body_tex
  0 -2.077050 9.852320 -0.612669 -0.151783 0.504799 -0.849788 0.454564 0.391129 2 25 0.760000 24 0.240000
  0 -2.116700 9.362130 -0.494837 -0.298396 -0.499473 -0.813318 0.411214 0.391129 2 25 0.850000 24 0.150000
  0 -2.285730 9.739240 -0.421179 -0.325298 0.472720 -0.818973 0.454564 0.372176 2 25 0.940000 24 0.060000
assets/textures/Ch_MutoYugi01_body_tex
  0 -2.077050 9.852320 -0.612669 -0.151783 0.504799 -0.849788 0.454564 0.391129 2 25 0.760000 24 0.240000
  0 -2.285730 9.739240 -0.421179 -0.325298 0.472720 -0.818973 0.454564 0.372176 2 25 0.940000 24 0.060000
  0 -2.285730 9.940450 -0.090219 -0.436001 0.899946 0.000000 0.482010 0.372176 2 25 0.970000 24 0.030000
assets/textures/Ch_MutoYugi01_body_tex
  0 -2.285730 9.336830 -0.421179 -0.089372 -0.507112 -0.857234 0.411214 0.372176 2 25 0.930000 24 0.070000
  0 -2.285730 9.739240 -0.421179 -0.325298 0.472720 -0.818973 0.454564 0.372176 2 25 0.940000 24 0.060000
  0 -2.116700 9.362130 -0.494837 -0.298396 -0.499473 -0.813318 0.411214 0.391129 2 25 0.850000 24 0.150000
assets/textures/Ch_MutoYugi01_body_tex
  0 -2.285730 9.336830 -0.421179 -0.089372 -0.507112 -0.857234 0.411214 0.372176 2 25 0.930000 24 0.070000
  0 -3.041410 9.666730 -0.404034 0.082725 0.417181 -0.905051 0.454564 0.261434 2 26 0.200000 25 0.800000
  0 -2.285730 9.739240 -0.421179 -0.325298 0.472720 -0.818973 0.454564 0.372176 2 25 0.940000 24 0.060000
assets/textures/Ch_MutoYugi01_body_tex
  0 -2.285730 9.336830 -0.421179 -0.089372 -0.507112 -0.857234 0.411214 0.372176 2 25 0.930000 24 0.070000
  0 -3.102660 9.290960 -0.404034 0.038197 -0.559273 -0.828103 0.411214 0.261434 2 26 0.200000 25 0.800000
  0 -3.041410 9.666730 -0.404034 0.082725 0.417181 -0.905051 0.454564 0.261434 2 26 0.200000 25 0.800000
assets/textures/Ch_MutoYugi01_body_tex
  0 -2.077050 9.852320 0.432232 -0.151783 0.504799 0.849788 0.454564 0.391129 2 25 0.870000 24 0.130000
  0 -2.285730 9.940450 -0.090219 -0.436001 0.899946 0.000000 0.482010 0.372176 2 25 0.970000 24 0.030000
  0 -2.285730 9.739240 0.240741 -0.325298 0.472720 0.818973 0.454564 0.372176 2 25 0.990000 24 0.010000
assets/textures/Ch_MutoYugi01_body_tex
  0 -2.285730 9.336830 0.240741 -0.089372 -0.507111 0.857234 0.411214 0.372176 2 25 0.980000 24 0.020000
  0 -2.116700 9.362130 0.314400 -0.298397 -0.499472 0.813318 0.411214 0.391129 2 25 0.950000 24 0.050000
  0 -2.285730 9.739240 0.240741 -0.325298 0.472720 0.818973 0.454564 0.372176 2 25 0.990000 24 0.010000
assets/textures/Ch_MutoYugi01_body_tex
  0 -2.077050 9.852320 0.432232 -0.151783 0.504799 0.849788 0.454564 0.391129 2 25 0.870000 24 0.130000
  0 -2.285730 9.739240 0.240741 -0.325298 0.472720 0.818973 0.454564 0.372176 2 25 0.990000 24 0.010000
  0 -2.116700 9.362130 0.314400 -0.298397 -0.499472 0.813318 0.411214 0.391129 2 25 0.950000 24 0.050000
assets/textures/Ch_MutoYugi01_body_tex
  0 -2.285730 9.336830 0.240741 -0.089372 -0.507111 0.857234 0.411214 0.372176 2 25 0.980000 24 0.020000
  0 -3.102660 9.290960 0.223597 0.038197 -0.559272 0.828104 0.411214 0.261434 1 25 1.000000
  0 -2.285730 9.135620 -0.090219 0.004035 -0.999992 0.000000 0.384688 0.372176 2 25 0.950000 24 0.050000
assets/textures/Ch_MutoYugi01_body_tex
  0 -2.285730 9.336830 0.240741 -0.089372 -0.507111 0.857234 0.411214 0.372176 2 25 0.980000 24 0.020000
  0 -2.285730 9.739240 0.240741 -0.325298 0.472720 0.818973 0.454564 0.372176 2 25 0.990000 24 0.010000
  0 -3.041410 9.666730 0.223596 0.082725 0.417182 0.905050 0.454564 0.261434 1 25 1.000000
assets/textures/Ch_MutoYugi01_body_tex
  0 -2.285730 9.336830 0.240741 -0.089372 -0.507111 0.857234 0.411214 0.372176 2 25 0.980000 24 0.020000
  0 -3.041410 9.666730 0.223596 0.082725 0.417182 0.905050 0.454564 0.261434 1 25 1.000000
  0 -3.102660 9.290960 0.223597 0.038197 -0.559272 0.828104 0.411214 0.261434 1 25 1.000000
assets/textures/Ch_MutoYugi01_body_tex
  0 -3.102660 9.290960 -0.404034 0.038197 -0.559273 -0.828103 0.411214 0.261434 2 26 0.200000 25 0.800000
  0 -3.247550 9.297020 -0.425188 -0.039278 -0.524294 -0.850631 0.411214 0.239562 2 26 0.500000 25 0.500000
  0 -3.041410 9.666730 -0.404034 0.082725 0.417181 -0.905051 0.454564 0.261434 2 26 0.200000 25 0.800000
assets/textures/Ch_MutoYugi01_body_tex
  0 -3.133290 9.140940 -0.090219 0.004035 -0.999992 0.000000 0.384688 0.261434 2 26 0.480000 25 0.520000
  0 -2.285730 9.135620 -0.090219 0.004035 -0.999992 0.000000 0.384688 0.372176 2 25 0.950000 24 0.050000
  0 -3.102660 9.290960 0.223597 0.038197 -0.559272 0.828104 0.411214 0.261434 1 25 1.000000
assets/textures/Ch_MutoYugi01_body_tex
  0 -3.102660 9.290960 -0.404034 0.038197 -0.559273 -0.828103 0.411214 0.261434 2 26 0.200000 25 0.800000
  0 -2.285730 9.135620 -0.090219 0.004035 -0.999992 0.000000 0.384688 0.372176 2 25 0.950000 24 0.050000
  0 -3.133290 9.140940 -0.090219 0.004035 -0.999992 0.000000 0.384688 0.261434 2 26 0.480000 25 0.520000
assets/textures/Ch_MutoYugi01_body_tex
  0 -3.102660 9.290960 -0.404034 0.038197 -0.559273 -0.828103 0.411214 0.261434 2 26 0.200000 25 0.800000
  0 -3.267710 9.148740 -0.090219 -0.080913 -0.996721 0.000000 0.384688 0.239562 2 26 0.500000 25 0.500000
  0 -3.247550 9.297020 -0.425188 -0.039278 -0.524294 -0.850631 0.411214 0.239562 2 26 0.500000 25 0.500000
assets/textures/Ch_MutoYugi01_body_tex
  0 -3.133290 9.140940 -0.090219 0.004035 -0.999992 0.000000 0.384688 0.261434 2 26 0.480000 25 0.520000
  0 -3.102660 9.290960 0.223597 0.038197 -0.559272 0.828104 0.411214 0.261434 1 25 1.000000
  0 -3.267710 9.148740 -0.090219 -0.080913 -0.996721 0.000000 0.384688 0.239562 2 26 0.500000 25 0.500000
assets/textures/Ch_MutoYugi01_body_tex
  0 -3.102660 9.290960 -0.404034 0.038197 -0.559273 -0.828103 0.411214 0.261434 2 26 0.200000 25 0.800000
  0 -3.133290 9.140940 -0.090219 0.004035 -0.999992 0.000000 0.384688 0.261434 2 26 0.480000 25 0.520000
  0 -3.267710 9.148740 -0.090219 -0.080913 -0.996721 0.000000 0.384688 0.239562 2 26 0.500000 25 0.500000
assets/textures/Ch_MutoYugi01_body_tex
  0 -2.285730 9.739240 -0.421179 -0.325298 0.472720 -0.818973 0.454564 0.372176 2 25 0.940000 24 0.060000
  0 -3.041410 9.666730 -0.404034 0.082725 0.417181 -0.905051 0.454564 0.261434 2 26 0.200000 25 0.800000
  0 -3.010780 9.854610 -0.090219 0.099818 0.995006 0.000000 0.482011 0.261434 2 26 0.300000 25 0.700000
assets/textures/Ch_MutoYugi01_body_tex
  0 -2.285730 9.739240 -0.421179 -0.325298 0.472720 -0.818973 0.454564 0.372176 2 25 0.940000 24 0.060000
  0 -3.010780 9.854610 -0.090219 0.099818 0.995006 0.000000 0.482011 0.261434 2 26 0.300000 25 0.700000
  0 -2.285730 9.940450 -0.090219 -0.436001 0.899946 0.000000 0.482010 0.372176 2 25 0.970000 24 0.030000
assets/textures/Ch_MutoYugi01_body_tex
  0 -2.285730 9.739240 0.240741 -0.325298 0.472720 0.818973 0.454564 0.372176 2 25 0.990000 24 0.010000
  0 -3.010780 9.854610 -0.090219 0.099818 0.995006 0.000000 0.482011 0.261434 2 26 0.300000 25 0.700000
  0 -3.041410 9.666730 0.223596 0.082725 0.417182 0.905050 0.454564 0.261434 1 25 1.000000
assets/textures/Ch_MutoYugi01_body_tex
  0 -2.285730 9.739240 0.240741 -0.325298 0.472720 0.818973 0.454564 0.372176 2 25 0.990000 24 0.010000
  0 -2.285730 9.940450 -0.090219 -0.436001 0.899946 0.000000 0.482010 0.372176 2 25 0.970000 24 0.030000
  0 -3.010780 9.854610 -0.090219 0.099818 0.995006 0.000000 0.482011 0.261434 2 26 0.300000 25 0.700000
assets/textures/Ch_MutoYugi01_body_tex
  0 -3.247550 9.297020 -0.425188 -0.039278 -0.524294 -0.850631 0.411214 0.239562 2 26 0.500000 25 0.500000
  0 -3.267710 9.148740 -0.090219 -0.080913 -0.996721 0.000000 0.384688 0.239562 2 26 0.500000 25 0.500000
  0 -3.479000 9.338350 -0.405705 -0.128899 -0.470130 -0.873134 0.411214 0.209121 2 26 0.700000 25 0.300000
assets/textures/Ch_MutoYugi01_body_tex
  0 -3.247550 9.297020 -0.425188 -0.039278 -0.524294 -0.850631 0.411214 0.239562 2 26 0.500000 25 0.500000
  0 -3.207230 9.753470 -0.501791 0.060006 0.477038 -0.876832 0.454564 0.239562 2 26 0.500000 25 0.500000
  0 -3.041410 9.666730 -0.404034 0.082725 0.417181 -0.905051 0.454564 0.261434 2 26 0.200000 25 0.800000
assets/textures/Ch_MutoYugi01_body_tex
  0 -3.041410 9.666730 -0.404034 0.082725 0.417181 -0.905051 0.454564 0.261434 2 26 0.200000 25 0.800000
  0 -3.207230 9.753470 -0.501791 0.060006 0.477038 -0.876832 0.454564 0.239562 2 26 0.500000 25 0.500000
  0 -3.010780 9.854610 -0.090219 0.099818 0.995006 0.000000 0.482011 0.261434 2 26 0.300000 25 0.700000
assets/textures/Ch_MutoYugi01_body_tex
  0 -3.247550 9.297020 -0.425188 -0.039278 -0.524294 -0.850631 0.411214 0.239562 2 26 0.500000 25 0.500000
  0 -3.417420 9.716120 -0.405705 -0.227820 0.504427 -0.832857 0.454564 0.209121 2 26 0.700000 25 0.300000
  0 -3.207230 9.753470 -0.501791 0.060006 0.477038 -0.876832 0.454564 0.239562 2 26 0.500000 25 0.500000
assets/textures/Ch_MutoYugi01_body_tex
  0 -3.247550 9.297020 -0.425188 -0.039278 -0.524294 -0.850631 0.411214 0.239562 2 26 0.500000 25 0.500000
  0 -3.479000 9.338350 -0.405705 -0.128899 -0.470130 -0.873134 0.411214 0.209121 2 26 0.700000 25 0.300000
  0 -3.417420 9.716120 -0.405705 -0.227820 0.504427 -0.832857 0.454564 0.209121 2 26 0.700000 25 0.300000
assets/textures/Ch_MutoYugi01_body_tex
  0 -3.479000 9.338350 -0.405705 -0.128899 -0.470130 -0.873134 0.411214 0.209121 2 26 0.700000 25 0.300000
  0 -3.719860 9.688600 -0.393881 0.059361 0.492683 -0.868182 0.454564 0.176763 1 26 1.000000
  0 -3.417420 9.716120 -0.405705 -0.227820 0.504427 -0.832857 0.454564 0.209121 2 26 0.700000 25 0.300000
assets/textures/Ch_MutoYugi01_body_tex
  0 -3.479000 9.338350 -0.405705 -0.128899 -0.470130 -0.873134 0.411214 0.209121 2 26 0.700000 25 0.300000
  0 -3.267710 9.148740 -0.090219 -0.080913 -0.996721 0.000000 0.384688 0.239562 2 26 0.500000 25 0.500000
  0 -3.509790 9.153470 -0.090219 -0.080913 -0.996721 0.000000 0.384688 0.209121 2 26 0.670000 25 0.330000
assets/textures/Ch_MutoYugi01_body_tex
  0 -3.479000 9.338350 -0.405705 -0.128899 -0.470130 -0.873134 0.411214 0.209121 2 26 0.700000 25 0.300000
  0 -3.719860 9.349840 -0.393881 0.093312 -0.464426 -0.880682 0.411214 0.176763 1 26 1.000000
  0 -3.719860 9.688600 -0.393881 0.059361 0.492683 -0.868182 0.454564 0.176763 1 26 1.000000
assets/textures/Ch_MutoYugi01_body_tex
  0 -3.479000 9.338350 -0.405705 -0.128899 -0.470130 -0.873134 0.411214 0.209121 2 26 0.700000 25 0.300000
  0 -3.509790 9.153470 -0.090219 -0.080913 -0.996721 0.000000 0.384688 0.209121 2 26 0.670000 25 0.330000
  0 -3.719860 9.349840 -0.393881 0.093312 -0.464426 -0.880682 0.411214 0.176763 1 26 1.000000
assets/textures/Ch_MutoYugi01_body_tex
  0 -3.207230 9.753470 -0.501791 0.060006 0.477038 -0.876832 0.454564 0.239562 2 26 0.500000 25 0.500000
  0 -3.187070 10.002700 -0.090219 0.122801 0.992431 0.000000 0.482011 0.239562 2 26 0.500000 25 0.500000
  0 -3.010780 9.854610 -0.090219 0.099818 0.995006 0.000000 0.482011 0.261434 2 26 0.300000 25 0.700000
assets/textures/Ch_MutoYugi01_body_tex
  0 -3.207230 9.753470 -0.501791 0.060006 0.477038 -0.876832 0.454564 0.239562 2 26 0.500000 25 0.500000
  0 -3.417420 9.716120 -0.405705 -0.227820 0.504427 -0.832857 0.454564 0.209121 2 26 0.700000 25 0.300000
  0 -3.386630 9.905000 -0.090219 -0.273264 0.961939 0.000000 0.482011 0.209121 2 26 0.590000 25 0.410000
assets/textures/Ch_MutoYugi01_body_tex
  0 -3.207230 9.753470 -0.501791 0.060006 0.477038 -0.876832 0.454564 0.239562 2 26 0.500000 25 0.500000
  0 -3.386630 9.905000 -0.090219 -0.273264 0.961939 0.000000 0.482011 0.209121 2 26 0.590000 25 0.410000
  0 -3.187070 10.002700 -0.090219 0.122801 0.992431 0.000000 0.482011 0.239562 2 26 0.500000 25 0.500000
assets/textures/Ch_MutoYugi01_body_tex
  0 -3.187070 10.002700 -0.090219 0.122801 0.992431 0.000000 0.482011 0.239562 2 26 0.500000 25 0.500000
  0 -3.386630 9.905000 -0.090219 -0.273264 0.961939 0.000000 0.482011 0.209121 2 26 0.590000 25 0.410000
  0 -3.207230 9.753470 0.321353 0.060006 0.477038 0.876832 0.454564 0.239562 2 26 0.500000 25 0.500000
assets/textures/Ch_MutoYugi01_body_tex
  0 -3.187070 10.002700 -0.090219 0.122801 0.992431 0.000000 0.482011 0.239562 2 26 0.500000 25 0.500000
  0 -3.207230 9.753470 0.321353 0.060006 0.477038 0.876832 0.454564 0.239562 2 26 0.500000 25 0.500000
  0 -3.010780 9.854610 -0.090219 0.099818 0.995006 0.000000 0.482011 0.261434 2 26 0.300000 25 0.700000
assets/textures/Ch_MutoYugi01_body_tex
  0 -3.267710 9.148740 -0.090219 -0.080913 -0.996721 0.000000 0.384688 0.239562 2 26 0.500000 25 0.500000
  0 -3.247550 9.297020 0.244750 -0.039278 -0.524293 0.850632 0.411214 0.239562 2 26 0.500000 25 0.500000
  0 -3.479000 9.338350 0.225268 -0.128900 -0.470130 0.873134 0.411214 0.209121 1 26 1.000000
assets/textures/Ch_MutoYugi01_body_tex
  0 -3.267710 9.148740 -0.090219 -0.080913 -0.996721 0.000000 0.384688 0.239562 2 26 0.500000 25 0.500000
  0 -3.479000 9.338350 0.225268 -0.128900 -0.470130 0.873134 0.411214 0.209121 1 26 1.000000
  0 -3.509790 9.153470 -0.090219 -0.080913 -0.996721 0.000000 0.384688 0.209121 2 26 0.670000 25 0.330000
assets/textures/Ch_MutoYugi01_body_tex
  0 -3.417420 9.716120 -0.405705 -0.227820 0.504427 -0.832857 0.454564 0.209121 2 26 0.700000 25 0.300000
  0 -3.719860 9.873210 -0.090219 0.057749 0.998331 0.000000 0.482011 0.176763 2 26 0.920000 25 0.080000
  0 -3.386630 9.905000 -0.090219 -0.273264 0.961939 0.000000 0.482011 0.209121 2 26 0.590000 25 0.410000
assets/textures/Ch_MutoYugi01_body_tex
  0 -3.247550 9.297020 0.244750 -0.039278 -0.524293 0.850632 0.411214 0.239562 2 26 0.500000 25 0.500000
  0 -3.417420 9.716120 0.225268 -0.227820 0.504427 0.832857 0.454564 0.209121 1 26 1.000000
  0 -3.479000 9.338350 0.225268 -0.128900 -0.470130 0.873134 0.411214 0.209121 1 26 1.000000
assets/textures/Ch_MutoYugi01_body_tex
  0 -3.386630 9.905000 -0.090219 -0.273264 0.961939 0.000000 0.482011 0.209121 2 26 0.590000 25 0.410000
  0 -3.719860 9.873210 -0.090219 0.057749 0.998331 0.000000 0.482011 0.176763 2 26 0.920000 25 0.080000
  0 -3.417420 9.716120 0.225268 -0.227820 0.504427 0.832857 0.454564 0.209121 1 26 1.000000
assets/textures/Ch_MutoYugi01_body_tex
  0 -3.207230 9.753470 0.321353 0.060006 0.477038 0.876832 0.454564 0.239562 2 26 0.500000 25 0.500000
  0 -3.386630 9.905000 -0.090219 -0.273264 0.961939 0.000000 0.482011 0.209121 2 26 0.590000 25 0.410000
  0 -3.417420 9.716120 0.225268 -0.227820 0.504427 0.832857 0.454564 0.209121 1 26 1.000000
assets/textures/Ch_MutoYugi01_body_tex
  0 -3.207230 9.753470 0.321353 0.060006 0.477038 0.876832 0.454564 0.239562 2 26 0.500000 25 0.500000
  0 -3.417420 9.716120 0.225268 -0.227820 0.504427 0.832857 0.454564 0.209121 1 26 1.000000
  0 -3.247550 9.297020 0.244750 -0.039278 -0.524293 0.850632 0.411214 0.239562 2 26 0.500000 25 0.500000
assets/textures/Ch_MutoYugi01_body_tex
  0 -3.509790 9.153470 -0.090219 -0.080913 -0.996721 0.000000 0.384688 0.209121 2 26 0.670000 25 0.330000
  0 -3.719860 9.153800 -0.090219 0.117134 -0.993116 0.000000 0.384688 0.176763 2 26 0.840000 25 0.160000
  0 -3.719860 9.349840 -0.393881 0.093312 -0.464426 -0.880682 0.411214 0.176763 1 26 1.000000
assets/textures/Ch_MutoYugi01_body_tex
  0 -3.509790 9.153470 -0.090219 -0.080913 -0.996721 0.000000 0.384688 0.209121 2 26 0.670000 25 0.330000
  0 -3.719860 9.349840 0.213443 0.093312 -0.464426 0.880682 0.411214 0.176763 1 26 1.000000
  0 -3.719860 9.153800 -0.090219 0.117134 -0.993116 0.000000 0.384688 0.176763 2 26 0.840000 25 0.160000
assets/textures/Ch_MutoYugi01_body_tex
  0 -3.509790 9.153470 -0.090219 -0.080913 -0.996721 0.000000 0.384688 0.209121 2 26 0.670000 25 0.330000
  0 -3.479000 9.338350 0.225268 -0.128900 -0.470130 0.873134 0.411214 0.209121 1 26 1.000000
  0 -3.719860 9.349840 0.213443 0.093312 -0.464426 0.880682 0.411214 0.176763 1 26 1.000000
assets/textures/Ch_MutoYugi01_body_tex
  0 -3.719860 9.153800 -0.090219 0.117134 -0.993116 0.000000 0.384688 0.176763 2 26 0.840000 25 0.160000
  0 -4.430150 9.045100 -0.090219 0.156122 -0.987738 0.000000 0.384688 0.111069 1 26 1.000000
  0 -4.430150 9.274050 -0.466802 0.138133 -0.484969 -0.863553 0.411214 0.111069 1 26 1.000000
assets/textures/Ch_MutoYugi01_body_tex
  0 -3.719860 9.153800 -0.090219 0.117134 -0.993116 0.000000 0.384688 0.176763 2 26 0.840000 25 0.160000
  0 -3.719860 9.349840 0.213443 0.093312 -0.464426 0.880682 0.411214 0.176763 1 26 1.000000
  0 -4.430150 9.274050 0.286365 0.138133 -0.484969 0.863553 0.411214 0.111069 1 26 1.000000
assets/textures/Ch_MutoYugi01_body_tex
  0 -3.719860 9.153800 -0.090219 0.117134 -0.993116 0.000000 0.384688 0.176763 2 26 0.840000 25 0.160000
  0 -4.430150 9.274050 0.286365 0.138133 -0.484969 0.863553 0.411214 0.111069 1 26 1.000000
  0 -4.430150 9.045100 -0.090219 0.156122 -0.987738 0.000000 0.384688 0.111069 1 26 1.000000
assets/textures/Ch_MutoYugi01_body_tex
  0 0.000000 10.826800 -0.241011 -0.000001 0.296244 -0.955112 0.215383 0.991858 2 22 0.650000 21 0.350000
  0 0.517966 10.687400 0.390671 0.999189 0.002116 0.040218 0.192993 0.991858 2 22 0.500000 21 0.500000
  0 0.000000 10.206200 -0.382199 0.000000 0.524312 -0.851526 0.217350 0.933498 2 21 0.520000 13 0.480000
assets/textures/Ch_MutoYugi01_body_tex
  0 0.000000 10.826800 -0.241011 -0.000001 0.296244 -0.955112 0.215383 0.991858 2 22 0.650000 21 0.350000
  0 0.000000 10.206200 -0.382199 0.000000 0.524312 -0.851526 0.217350 0.933498 2 21 0.520000 13 0.480000
  0 -0.517966 10.687400 0.390671 -0.999189 0.002116 0.040218 0.192993 0.991858 2 22 0.500000 21 0.500000
assets/textures/Ch_MutoYugi01_body_tex
  0 0.517966 10.687400 0.390671 0.999189 0.002116 0.040218 0.192993 0.991858 2 22 0.500000 21 0.500000
  0 0.566628 10.025800 0.192628 0.907175 0.413763 0.076384 0.194403 0.933498 1 13 1.000000
  0 0.000000 10.206200 -0.382199 0.000000 0.524312 -0.851526 0.217350 0.933498 2 21 0.520000 13 0.480000
assets/textures/Ch_MutoYugi01_body_tex
  0 0.517966 10.687400 0.390671 0.999189 0.002116 0.040218 0.192993 0.991858 2 22 0.500000 21 0.500000
  0 0.000000 10.535200 0.820830 0.000000 -0.271024 0.962573 0.169888 0.991858 2 22 0.500000 21 0.500000
  0 0.566628 10.025800 0.192628 0.907175 0.413763 0.076384 0.194403 0.933498 1 13 1.000000
assets/textures/Ch_MutoYugi01_body_tex
  0 -0.517966 10.687400 0.390671 -0.999189 0.002116 0.040218 0.192993 0.991858 2 22 0.500000 21 0.500000
  0 0.000000 10.206200 -0.382199 0.000000 0.524312 -0.851526 0.217350 0.933498 2 21 0.520000 13 0.480000
  0 -0.566628 10.025800 0.192628 -0.907175 0.413763 0.076384 0.194403 0.933498 1 13 1.000000
assets/textures/Ch_MutoYugi01_body_tex
  0 -0.517966 10.687400 0.390671 -0.999189 0.002116 0.040218 0.192993 0.991858 2 22 0.500000 21 0.500000
  0 -0.566628 10.025800 0.192628 -0.907175 0.413763 0.076384 0.194403 0.933498 1 13 1.000000
  0 0.000000 10.535200 0.820830 0.000000 -0.271024 0.962573 0.169888 0.991858 2 22 0.500000 21 0.500000
assets/textures/Ch_MutoYugi01_body_tex
  0 0.000000 9.863360 0.601784 0.000000 -0.039527 0.999219 0.169793 0.933498 2 21 0.400000 13 0.600000
  0 0.000000 10.535200 0.820830 0.000000 -0.271024 0.962573 0.169888 0.991858 2 22 0.500000 21 0.500000
  0 -0.566628 10.025800 0.192628 -0.907175 0.413763 0.076384 0.194403 0.933498 1 13 1.000000
assets/textures/Ch_MutoYugi01_body_tex
  0 -0.076816 6.335570 0.281883 -0.143525 0.989629 0.005920 1.133240 0.977692 2 12 0.300000 3 0.700000
  0 1.028170 6.499250 -0.290771 0.443058 0.720916 -0.532898 1.145750 0.985483 2 12 0.300000 3 0.700000
  0 0.350866 6.403210 -0.656702 0.097008 0.635961 -0.765600 1.138020 0.990298 2 12 0.300000 3 0.700000
assets/textures/Ch_MutoYugi01_body_tex
  0 -0.076816 6.335570 0.281883 -0.143525 0.989629 0.005920 1.133240 0.977692 2 12 0.300000 3 0.700000
  0 1.283410 6.532770 0.293895 0.638595 0.769472 0.010455 1.148700 0.977692 2 12 0.300000 3 0.700000
  0 1.028170 6.499250 -0.290771 0.443058 0.720916 -0.532898 1.145750 0.985483 2 12 0.300000 3 0.700000
assets/textures/Ch_MutoYugi01_body_tex
  0 -0.076816 6.335570 0.281883 -0.143525 0.989629 0.005920 1.133240 0.977692 2 12 0.300000 3 0.700000
  0 0.350866 6.403210 -0.656702 0.097008 0.635961 -0.765600 1.138020 0.990298 2 12 0.300000 3 0.700000
  0 -0.489798 6.281330 -0.664126 -0.257276 0.584862 -0.769250 1.128460 0.990298 2 12 0.300000 3 0.700000
assets/textures/Ch_MutoYugi01_body_tex
  0 -0.076816 6.335570 0.281883 -0.143525 0.989629 0.005920 1.133240 0.977692 2 12 0.300000 3 0.700000
  0 1.019090 6.490960 0.873972 0.434612 0.713214 0.549944 1.145750 0.969902 2 12 0.300000 3 0.700000
  0 1.283410 6.532770 0.293895 0.638595 0.769472 0.010455 1.148700 0.977692 2 12 0.300000 3 0.700000
assets/textures/Ch_MutoYugi01_body_tex
  0 -0.076816 6.335570 0.281883 -0.143525 0.989629 0.005920 1.133240 0.977692 2 12 0.300000 3 0.700000
  0 -0.489798 6.281330 -0.664126 -0.257276 0.584862 -0.769250 1.128460 0.990298 2 12 0.300000 3 0.700000
  0 -1.172720 6.180170 -0.310207 -0.597117 0.584556 -0.549314 1.120730 0.985483 2 12 0.300000 3 0.700000
assets/textures/Ch_MutoYugi01_body_tex
  0 -0.076816 6.335570 0.281883 -0.143525 0.989629 0.005920 1.133240 0.977692 2 12 0.300000 3 0.700000
  0 0.336167 6.389800 1.227890 0.084984 0.624996 0.775988 1.138020 0.965087 2 12 0.300000 3 0.700000
  0 1.019090 6.490960 0.873972 0.434612 0.713214 0.549944 1.145750 0.969902 2 12 0.300000 3 0.700000
assets/textures/Ch_MutoYugi01_body_tex
  0 -0.076816 6.335570 0.281883 -0.143525 0.989629 0.005920 1.133240 0.977692 2 12 0.300000 3 0.700000
  0 -1.172720 6.180170 -0.310207 -0.597117 0.584556 -0.549314 1.120730 0.985483 2 12 0.300000 3 0.700000
  0 -1.437040 6.138370 0.269871 -0.803591 0.595178 -0.002215 1.117780 0.977692 2 12 0.300000 3 0.700000
assets/textures/Ch_MutoYugi01_body_tex
  0 -0.076816 6.335570 0.281883 -0.143525 0.989629 0.005920 1.133240 0.977692 2 12 0.300000 3 0.700000
  0 -0.504497 6.267930 1.220470 -0.269129 0.574081 0.773305 1.128460 0.965087 2 12 0.300000 3 0.700000
  0 0.336167 6.389800 1.227890 0.084984 0.624996 0.775988 1.138020 0.965087 2 12 0.300000 3 0.700000
assets/textures/Ch_MutoYugi01_body_tex
  0 -0.076816 6.335570 0.281883 -0.143525 0.989629 0.005920 1.133240 0.977692 2 12 0.300000 3 0.700000
  0 -1.181800 6.171890 0.854536 -0.605469 0.577132 0.548021 1.120730 0.969902 2 12 0.300000 3 0.700000
  0 -0.504497 6.267930 1.220470 -0.269129 0.574081 0.773305 1.128460 0.965087 2 12 0.300000 3 0.700000
assets/textures/Ch_MutoYugi01_body_tex
  0 -0.076816 6.335570 0.281883 -0.143525 0.989629 0.005920 1.133240 0.977692 2 12 0.300000 3 0.700000
  0 -1.437040 6.138370 0.269871 -0.803591 0.595178 -0.002215 1.117780 0.977692 2 12 0.300000 3 0.700000
  0 -1.181800 6.171890 0.854536 -0.605469 0.577132 0.548021 1.120730 0.969902 2 12 0.300000 3 0.700000
assets/textures/Ch_MutoYugi01_body_tex
  0 -0.846617 7.479990 0.868927 0.904876 0.169795 -0.390346 0.835634 -0.400792 2 12 0.600000 3 0.400000
  0 -0.492009 7.159530 1.081820 0.977815 -0.196880 -0.071526 0.860581 -0.483812 2 12 0.500000 3 0.500000
  0 -0.877300 7.192640 0.780477 0.869801 -0.298347 -0.392983 0.806656 -0.400791 2 12 0.520000 3 0.480000
assets/textures/Ch_MutoYugi01_body_tex
  0 -0.492009 7.159530 1.081820 0.977815 -0.196880 -0.071526 0.860581 -0.483812 2 12 0.500000 3 0.500000
  0 -1.000670 6.979340 0.871832 0.824108 -0.338250 -0.454349 0.787111 -0.400791 2 12 0.500000 3 0.500000
  0 -0.877300 7.192640 0.780477 0.869801 -0.298347 -0.392983 0.806656 -0.400791 2 12 0.520000 3 0.480000
assets/textures/Ch_MutoYugi01_body_tex
  0 -0.492009 7.159530 1.081820 0.977815 -0.196880 -0.071526 0.860581 -0.483812 2 12 0.500000 3 0.500000
  0 -0.516010 6.973020 1.190950 0.468681 0.017355 0.883197 0.841202 -0.483812 2 12 0.300000 3 0.700000
  0 -1.000670 6.979340 0.871832 0.824108 -0.338250 -0.454349 0.787111 -0.400791 2 12 0.500000 3 0.500000
assets/textures/Ch_MutoYugi01_body_tex
  0 -0.516010 6.973020 1.190950 0.468681 0.017355 0.883197 0.841202 -0.483812 2 12 0.300000 3 0.700000
  0 -1.019900 6.833300 0.896194 0.819275 -0.299226 -0.489134 0.768574 -0.400791 2 12 0.490000 3 0.510000
  0 -1.000670 6.979340 0.871832 0.824108 -0.338250 -0.454349 0.787111 -0.400791 2 12 0.500000 3 0.500000
assets/textures/Ch_MutoYugi01_body_tex
  0 -0.516010 6.973020 1.190950 0.468681 0.017355 0.883197 0.841202 -0.483812 2 12 0.300000 3 0.700000
  0 -0.538574 6.784940 1.221280 0.606902 0.626128 0.489524 0.822866 -0.483812 2 12 0.300000 3 0.700000
  0 -1.019900 6.833300 0.896194 0.819275 -0.299226 -0.489134 0.768574 -0.400791 2 12 0.490000 3 0.510000
assets/textures/Ch_MutoYugi01_body_tex
  0 -0.538574 6.784940 1.221280 0.606902 0.626128 0.489524 0.822866 -0.483812 2 12 0.300000 3 0.700000
  0 -1.157230 6.313710 0.908897 0.746853 -0.505391 -0.432194 0.723958 -0.400791 3 12 0.300000 8 0.300000 3 0.400000
  0 -1.019900 6.833300 0.896194 0.819275 -0.299226 -0.489134 0.768574 -0.400791 2 12 0.490000 3 0.510000
assets/textures/Ch_MutoYugi01_body_tex
  0 -0.538574 6.784940 1.221280 0.606902 0.626128 0.489524 0.822866 -0.483812 2 12 0.300000 3 0.700000
  0 -0.569047 6.215440 1.505660 0.965051 -0.168691 0.200551 0.798503 -0.483812 2 12 0.300000 3 0.700000
  0 -1.157230 6.313710 0.908897 0.746853 -0.505391 -0.432194 0.723958 -0.400791 3 12 0.300000 8 0.300000 3 0.400000
assets/textures/Ch_MutoYugi01_body_tex
  0 -0.986257 7.258950 0.041207 0.941674 -0.291922 0.167427 1.828850 0.599375 2 12 0.530000 3 0.470000
  0 -0.877300 7.192640 0.780477 0.869801 -0.298347 -0.392983 1.815180 0.516929 2 12 0.520000 3 0.480000
  0 -1.139220 7.074950 0.066375 0.922019 -0.380860 0.069473 1.807630 0.605058 2 12 0.500000 3 0.500000
assets/textures/Ch_MutoYugi01_body_tex
  0 -0.877300 7.192640 0.780477 0.869801 -0.298347 -0.392983 1.815180 0.516929 2 12 0.520000 3 0.480000
  0 -1.000670 6.979340 0.871832 0.824108 -0.338250 -0.454349 1.794700 0.512516 2 12 0.500000 3 0.500000
  0 -1.139220 7.074950 0.066375 0.922019 -0.380860 0.069473 1.807630 0.605058 2 12 0.500000 3 0.500000
assets/textures/Ch_MutoYugi01_body_tex
  0 -1.000670 6.979340 0.871832 0.824108 -0.338250 -0.454349 1.794700 0.512516 2 12 0.500000 3 0.500000
  0 -1.093020 6.913110 0.029825 0.923487 -0.331029 0.193886 1.791960 0.603584 2 12 0.500000 3 0.500000
  0 -1.139220 7.074950 0.066375 0.922019 -0.380860 0.069473 1.807630 0.605058 2 12 0.500000 3 0.500000
assets/textures/Ch_MutoYugi01_body_tex
  0 -1.000670 6.979340 0.871832 0.824108 -0.338250 -0.454349 1.794700 0.512516 2 12 0.500000 3 0.500000
  0 -1.019900 6.833300 0.896194 0.819275 -0.299226 -0.489134 1.777010 0.513112 2 12 0.490000 3 0.510000
  0 -1.093020 6.913110 0.029825 0.923487 -0.331029 0.193886 1.791960 0.603584 2 12 0.500000 3 0.500000
assets/textures/Ch_MutoYugi01_body_tex
  0 -1.019900 6.833300 0.896194 0.819275 -0.299226 -0.489134 1.777010 0.513112 2 12 0.490000 3 0.510000
  0 -1.323690 6.501200 0.063335 0.768639 -0.637849 0.048398 1.776930 0.603762 2 12 0.300000 3 0.700000
  0 -1.093020 6.913110 0.029825 0.923487 -0.331029 0.193886 1.791960 0.603584 2 12 0.500000 3 0.500000
assets/textures/Ch_MutoYugi01_body_tex
  0 -1.019900 6.833300 0.896194 0.819275 -0.299226 -0.489134 1.777010 0.513112 2 12 0.490000 3 0.510000
  0 -1.157230 6.313710 0.908897 0.746853 -0.505391 -0.432194 1.753890 0.518918 3 12 0.300000 8 0.300000 3 0.400000
  0 -1.323690 6.501200 0.063335 0.768639 -0.637849 0.048398 1.776930 0.603762 2 12 0.300000 3 0.700000
assets/textures/Ch_MutoYugi01_body_tex
  0 -0.688135 7.252000 -0.254619 0.474213 -0.205409 0.856113 -0.182231 0.603154 2 12 0.530000 3 0.470000
  0 -0.986257 7.258950 0.041207 0.941674 -0.291922 0.167427 -0.181803 0.506018 2 12 0.530000 3 0.470000
  0 -0.744938 7.095420 -0.314245 0.457746 -0.490927 0.741256 -0.193246 0.603154 2 12 0.510000 3 0.490000
assets/textures/Ch_MutoYugi01_body_tex
  0 -0.986257 7.258950 0.041207 0.941674 -0.291922 0.167427 -0.181803 0.506018 2 12 0.530000 3 0.470000
  0 -1.139220 7.074950 0.066375 0.922019 -0.380860 0.069473 -0.195318 0.506018 2 12 0.500000 3 0.500000
  0 -0.744938 7.095420 -0.314245 0.457746 -0.490927 0.741256 -0.193246 0.603154 2 12 0.510000 3 0.490000
assets/textures/Ch_MutoYugi01_body_tex
  0 -1.139220 7.074950 0.066375 0.922019 -0.380860 0.069473 -0.195318 0.506018 2 12 0.500000 3 0.500000
  0 -1.093020 6.913110 0.029825 0.923487 -0.331029 0.193886 -0.208867 0.506018 2 12 0.500000 3 0.500000
  0 -0.744938 7.095420 -0.314245 0.457746 -0.490927 0.741256 -0.193246 0.603154 2 12 0.510000 3 0.490000
assets/textures/Ch_MutoYugi01_body_tex
  0 -1.093020 6.913110 0.029825 0.923487 -0.331029 0.193886 -0.208867 0.506018 2 12 0.500000 3 0.500000
  0 -0.786580 6.929990 -0.465257 0.516513 -0.463708 0.719853 -0.207562 0.603154 2 12 0.500000 3 0.500000
  0 -0.744938 7.095420 -0.314245 0.457746 -0.490927 0.741256 -0.193246 0.603154 2 12 0.510000 3 0.490000
assets/textures/Ch_MutoYugi01_body_tex
  0 -1.093020 6.913110 0.029825 0.923487 -0.331029 0.193886 -0.208867 0.506018 2 12 0.500000 3 0.500000
  0 -1.323690 6.501200 0.063335 0.768639 -0.637849 0.048398 -0.240594 0.506018 2 12 0.300000 3 0.700000
  0 -0.786580 6.929990 -0.465257 0.516513 -0.463708 0.719853 -0.207562 0.603154 2 12 0.500000 3 0.500000
assets/textures/Ch_MutoYugi01_body_tex
  0 -1.323690 6.501200 0.063335 0.768639 -0.637849 0.048398 -0.240594 0.506018 2 12 0.300000 3 0.700000
  0 -0.821336 6.491870 -0.683750 0.454148 -0.604422 0.654541 -0.241532 0.603154 2 12 0.300000 3 0.700000
  0 -0.786580 6.929990 -0.465257 0.516513 -0.463708 0.719853 -0.207562 0.603154 2 12 0.500000 3 0.500000
assets/textures/Ch_MutoYugi01_body_tex
  0 0.846617 7.479990 0.868927 -0.904876 0.169795 -0.390346 0.835634 -0.400792 2 12 0.600000 3 0.400000
  0 0.877300 7.192640 0.780477 -0.869793 -0.298354 -0.392996 0.806656 -0.400791 2 12 0.520000 3 0.480000
  0 0.492009 7.159530 1.081820 -0.977835 -0.196742 -0.071628 0.860581 -0.483812 2 12 0.500000 3 0.500000
assets/textures/Ch_MutoYugi01_body_tex
  0 0.877300 7.192640 0.780477 -0.869793 -0.298354 -0.392996 0.806656 -0.400791 2 12 0.520000 3 0.480000
  0 1.000670 6.979340 0.871832 -0.824382 -0.339927 -0.452597 0.787111 -0.400791 2 12 0.500000 3 0.500000
  0 0.492009 7.159530 1.081820 -0.977835 -0.196742 -0.071628 0.860581 -0.483812 2 12 0.500000 3 0.500000
assets/textures/Ch_MutoYugi01_body_tex
  0 1.000670 6.979340 0.871832 -0.824382 -0.339927 -0.452597 0.787111 -0.400791 2 12 0.500000 3 0.500000
  0 0.515928 6.972990 1.191030 -0.476102 0.017072 0.879224 0.841202 -0.483812 2 12 0.300000 3 0.700000
  0 0.492009 7.159530 1.081820 -0.977835 -0.196742 -0.071628 0.860581 -0.483812 2 12 0.500000 3 0.500000
assets/textures/Ch_MutoYugi01_body_tex
  0 1.000670 6.979340 0.871832 -0.824382 -0.339927 -0.452597 0.787111 -0.400791 2 12 0.500000 3 0.500000
  0 1.019900 6.833300 0.896194 -0.819857 -0.298847 -0.488390 0.768574 -0.400791 2 12 0.490000 3 0.510000
  0 0.515928 6.972990 1.191030 -0.476102 0.017072 0.879224 0.841202 -0.483812 2 12 0.300000 3 0.700000
assets/textures/Ch_MutoYugi01_body_tex
  0 1.019900 6.833300 0.896194 -0.819857 -0.298847 -0.488390 0.768574 -0.400791 2 12 0.490000 3 0.510000
  0 0.540795 6.788940 1.221840 -0.606126 0.625778 0.490930 0.822866 -0.483812 2 12 0.300000 3 0.700000
  0 0.515928 6.972990 1.191030 -0.476102 0.017072 0.879224 0.841202 -0.483812 2 12 0.300000 3 0.700000
assets/textures/Ch_MutoYugi01_body_tex
  0 1.019900 6.833300 0.896194 -0.819857 -0.298847 -0.488390 0.768574 -0.400791 2 12 0.490000 3 0.510000
  0 1.157230 6.313710 0.908897 -0.747098 -0.505052 -0.432165 0.723958 -0.400791 3 12 0.300000 4 0.300000 3 0.400000
  0 0.540795 6.788940 1.221840 -0.606126 0.625778 0.490930 0.822866 -0.483812 2 12 0.300000 3 0.700000
assets/textures/Ch_MutoYugi01_body_tex
  0 0.986257 7.258950 0.041207 -0.941674 -0.291922 0.167427 1.828850 0.599375 2 12 0.530000 3 0.470000
  0 1.139220 7.074950 0.066375 -0.922019 -0.380860 0.069473 1.807630 0.605058 2 12 0.500000 3 0.500000
  0 0.877300 7.192640 0.780477 -0.869793 -0.298354 -0.392996 1.815180 0.516929 2 12 0.520000 3 0.480000
assets/textures/Ch_MutoYugi01_body_tex
  0 1.139220 7.074950 0.066375 -0.922019 -0.380860 0.069473 1.807630 0.605058 2 12 0.500000 3 0.500000
  0 1.000670 6.979340 0.871832 -0.824382 -0.339927 -0.452597 1.794700 0.512516 2 12 0.500000 3 0.500000
  0 0.877300 7.192640 0.780477 -0.869793 -0.298354 -0.392996 1.815180 0.516929 2 12 0.520000 3 0.480000
assets/textures/Ch_MutoYugi01_body_tex
  0 1.139220 7.074950 0.066375 -0.922019 -0.380860 0.069473 1.807630 0.605058 2 12 0.500000 3 0.500000
  0 1.093020 6.913110 0.029825 -0.923487 -0.331029 0.193886 1.791960 0.603584 2 12 0.500000 3 0.500000
  0 1.000670 6.979340 0.871832 -0.824382 -0.339927 -0.452597 1.794700 0.512516 2 12 0.500000 3 0.500000
assets/textures/Ch_MutoYugi01_body_tex
  0 1.093020 6.913110 0.029825 -0.923487 -0.331029 0.193886 1.791960 0.603584 2 12 0.500000 3 0.500000
  0 1.019900 6.833300 0.896194 -0.819857 -0.298847 -0.488390 1.777010 0.513112 2 12 0.490000 3 0.510000
  0 1.000670 6.979340 0.871832 -0.824382 -0.339927 -0.452597 1.794700 0.512516 2 12 0.500000 3 0.500000
assets/textures/Ch_MutoYugi01_body_tex
  0 1.093020 6.913110 0.029825 -0.923487 -0.331029 0.193886 1.791960 0.603584 2 12 0.500000 3 0.500000
  0 1.323690 6.501200 0.063335 -0.768639 -0.637849 0.048398 1.776930 0.603762 2 12 0.300000 3 0.700000
  0 1.019900 6.833300 0.896194 -0.819857 -0.298847 -0.488390 1.777010 0.513112 2 12 0.490000 3 0.510000
assets/textures/Ch_MutoYugi01_body_tex
  0 1.323690 6.501200 0.063335 -0.768639 -0.637849 0.048398 1.776930 0.603762 2 12 0.300000 3 0.700000
  0 1.157230 6.313710 0.908897 -0.747098 -0.505052 -0.432165 1.753890 0.518918 3 12 0.300000 4 0.300000 3 0.400000
  0 1.019900 6.833300 0.896194 -0.819857 -0.298847 -0.488390 1.777010 0.513112 2 12 0.490000 3 0.510000
assets/textures/Ch_MutoYugi01_body_tex
  0 0.688135 7.252000 -0.254619 -0.474213 -0.205409 0.856113 -0.182231 0.603154 2 12 0.530000 3 0.470000
  0 0.744938 7.095420 -0.314245 -0.457745 -0.490927 0.741256 -0.193246 0.603154 2 12 0.510000 3 0.490000
  0 0.986257 7.258950 0.041207 -0.941674 -0.291922 0.167427 -0.181803 0.506018 2 12 0.530000 3 0.470000
assets/textures/Ch_MutoYugi01_body_tex
  0 0.744938 7.095420 -0.314245 -0.457745 -0.490927 0.741256 -0.193246 0.603154 2 12 0.510000 3 0.490000
  0 1.139220 7.074950 0.066375 -0.922019 -0.380860 0.069473 -0.195318 0.506018 2 12 0.500000 3 0.500000
  0 0.986257 7.258950 0.041207 -0.941674 -0.291922 0.167427 -0.181803 0.506018 2 12 0.530000 3 0.470000
assets/textures/Ch_MutoYugi01_body_tex
  0 0.744938 7.095420 -0.314245 -0.457745 -0.490927 0.741256 -0.193246 0.603154 2 12 0.510000 3 0.490000
  0 1.093020 6.913110 0.029825 -0.923487 -0.331029 0.193886 -0.208867 0.506018 2 12 0.500000 3 0.500000
  0 1.139220 7.074950 0.066375 -0.922019 -0.380860 0.069473 -0.195318 0.506018 2 12 0.500000 3 0.500000
assets/textures/Ch_MutoYugi01_body_tex
  0 0.744938 7.095420 -0.314245 -0.457745 -0.490927 0.741256 -0.193246 0.603154 2 12 0.510000 3 0.490000
  0 0.786580 6.929990 -0.465257 -0.516514 -0.463708 0.719853 -0.207562 0.603154 2 12 0.500000 3 0.500000
  0 1.093020 6.913110 0.029825 -0.923487 -0.331029 0.193886 -0.208867 0.506018 2 12 0.500000 3 0.500000
assets/textures/Ch_MutoYugi01_body_tex
  0 0.786580 6.929990 -0.465257 -0.516514 -0.463708 0.719853 -0.207562 0.603154 2 12 0.500000 3 0.500000
  0 1.323690 6.501200 0.063335 -0.768639 -0.637849 0.048398 -0.240594 0.506018 2 12 0.300000 3 0.700000
  0 1.093020 6.913110 0.029825 -0.923487 -0.331029 0.193886 -0.208867 0.506018 2 12 0.500000 3 0.500000
assets/textures/Ch_MutoYugi01_body_tex
  0 0.786580 6.929990 -0.465257 -0.516514 -0.463708 0.719853 -0.207562 0.603154 2 12 0.500000 3 0.500000
  0 0.821336 6.491870 -0.683750 -0.454148 -0.604423 0.654541 -0.241532 0.603154 2 12 0.300000 3 0.700000
  0 1.323690 6.501200 0.063335 -0.768639 -0.637849 0.048398 -0.240594 0.506018 2 12 0.300000 3 0.700000
assets/textures/Ch_MutoYugi01_body_tex
  0 0.832308 7.692620 0.896983 0.269813 -0.097833 0.957930 0.098949 0.764855 2 12 0.600000 3 0.400000
  0 0.000000 7.712320 1.142850 0.000000 -0.089762 0.995963 0.015727 0.764855 2 12 0.600000 3 0.400000
  0 0.912752 6.763900 0.746929 0.358700 0.142369 0.922532 0.103069 0.688981 1 3 1.000000
assets/textures/Ch_MutoYugi01_body_tex
  0 0.000000 7.712320 1.142850 0.000000 -0.089762 0.995963 0.015727 0.764855 2 12 0.600000 3 0.400000
  0 0.000000 6.756490 1.071030 0.000000 0.022013 0.999758 0.015727 0.688981 2 12 0.100000 3 0.900000
  0 0.912752 6.763900 0.746929 0.358700 0.142369 0.922532 0.103069 0.688981 1 3 1.000000
assets/textures/Ch_MutoYugi01_body_tex
  0 0.000000 7.712320 1.142850 0.000000 -0.089762 0.995963 0.015727 0.764855 2 12 0.600000 3 0.400000
  0 -0.832308 7.692620 0.896983 -0.269813 -0.097833 0.957930 0.098949 0.764855 2 12 0.600000 3 0.400000
  0 -0.912752 6.763900 0.746929 -0.358700 0.142370 0.922532 0.103069 0.688981 1 3 1.000000
assets/textures/Ch_MutoYugi01_body_tex
  0 0.000000 7.712320 1.142850 0.000000 -0.089762 0.995963 0.015727 0.764855 2 12 0.600000 3 0.400000
  0 -0.912752 6.763900 0.746929 -0.358700 0.142370 0.922532 0.103069 0.688981 1 3 1.000000
  0 0.000000 6.756490 1.071030 0.000000 0.022013 0.999758 0.015727 0.688981 2 12 0.100000 3 0.900000
assets/textures/Ch_MutoYugi01_body_tex
  0 0.569047 6.215440 1.505660 -0.964987 -0.170559 0.199274 0.805268 -0.490841 2 12 0.300000 3 0.700000
  0 1.157230 6.313710 0.908897 -0.747098 -0.505052 -0.432165 0.722587 -0.400114 3 12 0.300000 4 0.300000 3 0.400000
  0 1.394000 5.263650 1.424430 -0.701569 -0.665839 -0.253888 0.597089 -0.402383 2 12 0.400000 3 0.600000
assets/textures/Ch_MutoYugi01_body_tex
  0 1.394000 5.263650 1.424430 -0.701569 -0.665839 -0.253888 0.576134 1.523230 2 12 0.400000 3 0.600000
  0 1.157230 6.313710 0.908897 -0.747098 -0.505052 -0.432165 0.729629 1.553730 3 12 0.300000 4 0.300000 3 0.400000
  0 2.045750 5.515560 -0.052706 -0.726214 -0.683328 -0.075343 0.631668 1.609670 2 12 0.300000 3 0.700000
assets/textures/Ch_MutoYugi01_body_tex
  0 0.000000 6.932790 -0.060679 0.000000 -0.990839 0.135047 0.817587 1.586450 2 12 0.500000 3 0.500000
  0 -1.157230 6.313710 0.908897 0.746853 -0.505391 -0.432194 0.729629 1.553730 3 12 0.300000 8 0.300000 3 0.400000
  0 -1.323690 6.501200 0.063335 0.768639 -0.637849 0.048398 0.748586 1.592820 2 12 0.300000 3 0.700000
assets/textures/Ch_MutoYugi01_body_tex
  0 1.394000 5.263650 1.424430 -0.701569 -0.665839 -0.253888 0.713536 0.019955 2 12 0.400000 3 0.600000
  0 1.206790 6.242570 1.111000 0.734506 0.381331 0.561327 0.713536 0.068235 2 12 0.300000 3 0.700000
  0 0.569047 6.215440 1.505660 -0.964987 -0.170559 0.199274 0.638344 0.068235 2 12 0.300000 3 0.700000
assets/textures/Ch_MutoYugi01_body_tex
  0 1.394000 5.263650 1.424430 -0.701569 -0.665839 -0.253888 0.713536 0.019955 2 12 0.400000 3 0.600000
  0 2.045750 5.515560 -0.052706 -0.726214 -0.683328 -0.075343 0.798765 0.019955 2 12 0.300000 3 0.700000
  0 1.206790 6.242570 1.111000 0.734506 0.381331 0.561327 0.713536 0.068235 2 12 0.300000 3 0.700000
assets/textures/Ch_MutoYugi01_body_tex
  0 0.569047 6.215440 1.505660 -0.964987 -0.170559 0.199274 0.638344 0.068235 2 12 0.300000 3 0.700000
  0 1.206790 6.242570 1.111000 0.734506 0.381331 0.561327 0.713536 0.068235 2 12 0.300000 3 0.700000
  0 0.540795 6.788940 1.221840 -0.606126 0.625778 0.490930 0.638344 0.110931 2 12 0.300000 3 0.700000
assets/textures/Ch_MutoYugi01_body_tex
  0 2.045750 5.515560 -0.052706 -0.726214 -0.683328 -0.075343 0.798765 0.019955 2 12 0.300000 3 0.700000
  0 1.538530 6.299000 -0.038026 0.838523 0.497323 -0.222596 0.798765 0.068236 2 12 0.300000 3 0.700000
  0 1.206790 6.242570 1.111000 0.734506 0.381331 0.561327 0.713536 0.068235 2 12 0.300000 3 0.700000
assets/textures/Ch_MutoYugi01_body_tex
  0 2.045750 5.515560 -0.052706 -0.726214 -0.683328 -0.075343 0.798765 0.019955 2 12 0.300000 3 0.700000
  0 1.155920 6.353670 -0.736946 0.567005 0.493601 -0.659442 0.880206 0.068235 2 12 0.300000 3 0.700000
  0 1.538530 6.299000 -0.038026 0.838523 0.497323 -0.222596 0.798765 0.068236 2 12 0.300000 3 0.700000
assets/textures/Ch_MutoYugi01_body_tex
  0 2.045750 5.515560 -0.052706 -0.726214 -0.683328 -0.075343 0.798765 0.019955 2 12 0.300000 3 0.700000
  0 1.298940 5.427810 -1.168480 -0.380543 -0.654318 0.653494 0.880206 0.019955 2 12 0.310000 3 0.690000
  0 1.155920 6.353670 -0.736946 0.567005 0.493601 -0.659442 0.880206 0.068235 2 12 0.300000 3 0.700000
assets/textures/Ch_MutoYugi01_body_tex
  0 0.540795 6.788940 1.221840 -0.606126 0.625778 0.490930 0.638344 0.110931 2 12 0.300000 3 0.700000
  0 1.206790 6.242570 1.111000 0.734506 0.381331 0.561327 0.713536 0.068235 2 12 0.300000 3 0.700000
  0 1.045040 6.819270 0.913131 0.763911 0.353144 0.540120 0.713536 0.110931 2 12 0.480000 3 0.520000
assets/textures/Ch_MutoYugi01_body_tex
  0 1.206790 6.242570 1.111000 0.734506 0.381331 0.561327 0.713536 0.068235 2 12 0.300000 3 0.700000
  0 1.538530 6.299000 -0.038026 0.838523 0.497323 -0.222596 0.798765 0.068236 2 12 0.300000 3 0.700000
  0 1.045040 6.819270 0.913131 0.763911 0.353144 0.540120 0.713536 0.110931 2 12 0.480000 3 0.520000
assets/textures/Ch_MutoYugi01_body_tex
  0 0.540795 6.788940 1.221840 -0.606126 0.625778 0.490930 0.638344 0.110931 2 12 0.300000 3 0.700000
  0 1.045040 6.819270 0.913131 0.763911 0.353144 0.540120 0.713536 0.110931 2 12 0.480000 3 0.520000
  0 1.013490 7.005210 0.900041 0.797939 0.359095 0.484091 0.719156 0.134044 2 12 0.500000 3 0.500000
assets/textures/Ch_MutoYugi01_body_tex
  0 0.540795 6.788940 1.221840 -0.606126 0.625778 0.490930 0.638344 0.110931 2 12 0.300000 3 0.700000
  0 1.013490 7.005210 0.900041 0.797939 0.359095 0.484091 0.719156 0.134044 2 12 0.500000 3 0.500000
  0 0.515928 6.972990 1.191030 -0.476102 0.017072 0.879224 0.638344 0.134432 2 12 0.300000 3 0.700000
assets/textures/Ch_MutoYugi01_body_tex
  0 1.013490 7.005210 0.900041 0.797939 0.359095 0.484091 0.719156 0.134044 2 12 0.500000 3 0.500000
  0 0.492009 7.159530 1.081820 -0.977835 -0.196742 -0.071628 0.638344 0.152202 2 12 0.500000 3 0.500000
  0 0.515928 6.972990 1.191030 -0.476102 0.017072 0.879224 0.638344 0.134432 2 12 0.300000 3 0.700000
assets/textures/Ch_MutoYugi01_body_tex
  0 1.298940 5.427810 -1.168480 -0.380543 -0.654318 0.653494 0.880206 0.019955 2 12 0.310000 3 0.690000
  0 0.000000 5.364370 -1.607810 0.000000 -0.555239 0.831691 0.987163 0.019955 2 12 0.240000 3 0.760000
  0 1.155920 6.353670 -0.736946 0.567005 0.493601 -0.659442 0.880206 0.068235 2 12 0.300000 3 0.700000
assets/textures/Ch_MutoYugi01_body_tex
  0 1.538530 6.299000 -0.038026 0.838523 0.497323 -0.222596 0.798765 0.068236 2 12 0.300000 3 0.700000
  0 1.151060 6.901050 0.025413 0.879578 0.438461 -0.184646 0.798765 0.110931 2 12 0.500000 3 0.500000
  0 1.045040 6.819270 0.913131 0.763911 0.353144 0.540120 0.713536 0.110931 2 12 0.480000 3 0.520000
assets/textures/Ch_MutoYugi01_body_tex
  0 1.538530 6.299000 -0.038026 0.838523 0.497323 -0.222596 0.798765 0.068236 2 12 0.300000 3 0.700000
  0 1.155920 6.353670 -0.736946 0.567005 0.493601 -0.659442 0.880206 0.068235 2 12 0.300000 3 0.700000
  0 1.151060 6.901050 0.025413 0.879578 0.438461 -0.184646 0.798765 0.110931 2 12 0.500000 3 0.500000
assets/textures/Ch_MutoYugi01_body_tex
  0 1.013490 7.005210 0.900041 0.797939 0.359095 0.484091 0.719156 0.134044 2 12 0.500000 3 0.500000
  0 1.045040 6.819270 0.913131 0.763911 0.353144 0.540120 0.713536 0.110931 2 12 0.480000 3 0.520000
  0 1.151060 6.901050 0.025413 0.879578 0.438461 -0.184646 0.798765 0.110931 2 12 0.500000 3 0.500000
assets/textures/Ch_MutoYugi01_body_tex
  0 0.492009 7.159530 1.081820 -0.977835 -0.196742 -0.071628 0.638344 0.152202 2 12 0.500000 3 0.500000
  0 0.892098 7.186360 0.799219 0.853276 0.324934 0.407846 0.709238 0.152202 2 12 0.600000 3 0.400000
  0 0.864313 7.474430 0.907545 0.884217 -0.199820 0.422176 0.703151 0.200684 2 12 0.800000 3 0.200000
assets/textures/Ch_MutoYugi01_body_tex
  0 0.864313 7.474430 0.907545 0.884217 -0.199820 0.422176 0.703151 0.200684 2 12 0.800000 3 0.200000
  0 0.892098 7.186360 0.799219 0.853276 0.324934 0.407846 0.709238 0.152202 2 12 0.600000 3 0.400000
  0 0.995433 7.576680 0.049771 0.968383 -0.172470 -0.180244 0.792076 0.200684 2 12 0.970000 3 0.030000
assets/textures/Ch_MutoYugi01_body_tex
  0 1.013490 7.005210 0.900041 0.797939 0.359095 0.484091 0.719156 0.134044 2 12 0.500000 3 0.500000
  0 0.892098 7.186360 0.799219 0.853276 0.324934 0.407846 0.709238 0.152202 2 12 0.600000 3 0.400000
  0 0.492009 7.159530 1.081820 -0.977835 -0.196742 -0.071628 0.638344 0.152202 2 12 0.500000 3 0.500000
assets/textures/Ch_MutoYugi01_body_tex
  0 1.013490 7.005210 0.900041 0.797939 0.359095 0.484091 0.719156 0.134044 2 12 0.500000 3 0.500000
  0 1.151060 6.901050 0.025413 0.879578 0.438461 -0.184646 0.798765 0.110931 2 12 0.500000 3 0.500000
  0 1.192780 7.082590 0.060116 0.918707 0.393251 -0.036494 0.798765 0.134044 2 12 0.510000 3 0.490000
assets/textures/Ch_MutoYugi01_body_tex
  0 1.013490 7.005210 0.900041 0.797939 0.359095 0.484091 0.719156 0.134044 2 12 0.500000 3 0.500000
  0 1.192780 7.082590 0.060116 0.918707 0.393251 -0.036494 0.798765 0.134044 2 12 0.510000 3 0.490000
  0 0.892098 7.186360 0.799219 0.853276 0.324934 0.407846 0.709238 0.152202 2 12 0.600000 3 0.400000
assets/textures/Ch_MutoYugi01_body_tex
  0 0.000000 5.364370 -1.607810 0.000000 -0.555239 0.831691 0.987163 0.019955 2 12 0.240000 3 0.760000
  0 0.000000 6.284670 -1.145590 0.000000 0.497408 -0.867517 0.987163 0.068235 2 12 0.300000 3 0.700000
  0 1.155920 6.353670 -0.736946 0.567005 0.493601 -0.659442 0.880206 0.068235 2 12 0.300000 3 0.700000
assets/textures/Ch_MutoYugi01_body_tex
  0 0.000000 5.364370 -1.607810 0.000000 -0.555239 0.831691 0.987163 0.019955 2 12 0.240000 3 0.760000
  0 -1.155920 6.353670 -0.736946 -0.567005 0.493601 -0.659442 0.880206 0.068235 2 12 0.300000 3 0.700000
  0 0.000000 6.284670 -1.145590 0.000000 0.497408 -0.867517 0.987163 0.068235 2 12 0.300000 3 0.700000
assets/textures/Ch_MutoYugi01_body_tex
  0 0.000000 5.364370 -1.607810 0.000000 -0.555239 0.831691 0.987163 0.019955 2 12 0.240000 3 0.760000
  0 -1.298940 5.427810 -1.168480 0.380543 -0.654318 0.653494 0.880206 0.019955 2 12 0.310000 3 0.690000
  0 -1.155920 6.353670 -0.736946 -0.567005 0.493601 -0.659442 0.880206 0.068235 2 12 0.300000 3 0.700000
assets/textures/Ch_MutoYugi01_body_tex
  0 1.192780 7.082590 0.060116 0.918707 0.393251 -0.036494 0.798765 0.134044 2 12 0.510000 3 0.490000
  0 1.151060 6.901050 0.025413 0.879578 0.438461 -0.184646 0.798765 0.110931 2 12 0.500000 3 0.500000
  0 0.880188 7.112120 -0.381580 0.493042 0.497319 -0.713851 0.880206 0.134044 2 12 0.510000 3 0.490000
assets/textures/Ch_MutoYugi01_body_tex
  0 1.192780 7.082590 0.060116 0.918707 0.393251 -0.036494 0.798765 0.134044 2 12 0.510000 3 0.490000
  0 0.880188 7.112120 -0.381580 0.493042 0.497319 -0.713851 0.880206 0.134044 2 12 0.510000 3 0.490000
  0 1.019190 7.255550 0.048375 0.914768 0.385999 -0.119178 0.798765 0.152202 2 12 0.620000 3 0.380000
assets/textures/Ch_MutoYugi01_body_tex
  0 1.192780 7.082590 0.060116 0.918707 0.393251 -0.036494 0.798765 0.134044 2 12 0.510000 3 0.490000
  0 1.019190 7.255550 0.048375 0.914768 0.385999 -0.119178 0.798765 0.152202 2 12 0.620000 3 0.380000
  0 0.892098 7.186360 0.799219 0.853276 0.324934 0.407846 0.709238 0.152202 2 12 0.600000 3 0.400000
assets/textures/Ch_MutoYugi01_body_tex
  0 0.892098 7.186360 0.799219 0.853276 0.324934 0.407846 0.709238 0.152202 2 12 0.600000 3 0.400000
  0 1.019190 7.255550 0.048375 0.914768 0.385999 -0.119178 0.798765 0.152202 2 12 0.620000 3 0.380000
  0 0.995433 7.576680 0.049771 0.968383 -0.172470 -0.180244 0.792076 0.200684 2 12 0.970000 3 0.030000
assets/textures/Ch_MutoYugi01_body_tex
  0 1.155920 6.353670 -0.736946 0.567005 0.493601 -0.659442 0.880206 0.068235 2 12 0.300000 3 0.700000
  0 0.864991 6.918350 -0.481870 0.442247 0.528350 -0.724751 0.880206 0.110931 2 12 0.500000 3 0.500000
  0 1.151060 6.901050 0.025413 0.879578 0.438461 -0.184646 0.798765 0.110931 2 12 0.500000 3 0.500000
assets/textures/Ch_MutoYugi01_body_tex
  0 1.155920 6.353670 -0.736946 0.567005 0.493601 -0.659442 0.880206 0.068235 2 12 0.300000 3 0.700000
  0 0.000000 6.284670 -1.145590 0.000000 0.497408 -0.867517 0.987163 0.068235 2 12 0.300000 3 0.700000
  0 0.864991 6.918350 -0.481870 0.442247 0.528350 -0.724751 0.880206 0.110931 2 12 0.500000 3 0.500000
assets/textures/Ch_MutoYugi01_body_tex
  0 1.151060 6.901050 0.025413 0.879578 0.438461 -0.184646 0.798765 0.110931 2 12 0.500000 3 0.500000
  0 0.864991 6.918350 -0.481870 0.442247 0.528350 -0.724751 0.880206 0.110931 2 12 0.500000 3 0.500000
  0 0.880188 7.112120 -0.381580 0.493042 0.497319 -0.713851 0.880206 0.134044 2 12 0.510000 3 0.490000
assets/textures/Ch_MutoYugi01_body_tex
  0 -1.298940 5.427810 -1.168480 0.380543 -0.654318 0.653494 0.880206 0.019955 2 12 0.310000 3 0.690000
  0 -2.045750 5.515560 -0.052706 0.726214 -0.683327 -0.075343 0.798765 0.019955 1 3 1.000000
  0 -1.155920 6.353670 -0.736946 -0.567005 0.493601 -0.659442 0.880206 0.068235 2 12 0.300000 3 0.700000
assets/textures/Ch_MutoYugi01_body_tex
  0 0.000000 6.284670 -1.145590 0.000000 0.497408 -0.867517 0.987163 0.068235 2 12 0.300000 3 0.700000
  0 0.000000 6.913300 -0.701021 0.000000 0.524312 -0.851526 0.987163 0.110931 2 12 0.500000 3 0.500000
  0 0.864991 6.918350 -0.481870 0.442247 0.528350 -0.724751 0.880206 0.110931 2 12 0.500000 3 0.500000
assets/textures/Ch_MutoYugi01_body_tex
  0 0.000000 6.284670 -1.145590 0.000000 0.497408 -0.867517 0.987163 0.068235 2 12 0.300000 3 0.700000
  0 -1.155920 6.353670 -0.736946 -0.567005 0.493601 -0.659442 0.880206 0.068235 2 12 0.300000 3 0.700000
  0 -0.864991 6.918350 -0.481870 -0.442247 0.528350 -0.724751 0.880206 0.110931 2 12 0.500000 3 0.500000
assets/textures/Ch_MutoYugi01_body_tex
  0 0.000000 6.284670 -1.145590 0.000000 0.497408 -0.867517 0.987163 0.068235 2 12 0.300000 3 0.700000
  0 -0.864991 6.918350 -0.481870 -0.442247 0.528350 -0.724751 0.880206 0.110931 2 12 0.500000 3 0.500000
  0 0.000000 6.913300 -0.701021 0.000000 0.524312 -0.851526 0.987163 0.110931 2 12 0.500000 3 0.500000
assets/textures/Ch_MutoYugi01_body_tex
  0 0.880188 7.112120 -0.381580 0.493042 0.497319 -0.713851 0.880206 0.134044 2 12 0.510000 3 0.490000
  0 0.706139 7.248750 -0.269872 0.441827 0.368484 -0.817929 0.880206 0.152202 2 12 0.540000 3 0.460000
  0 1.019190 7.255550 0.048375 0.914768 0.385999 -0.119178 0.798765 0.152202 2 12 0.620000 3 0.380000
assets/textures/Ch_MutoYugi01_body_tex
  0 1.019190 7.255550 0.048375 0.914768 0.385999 -0.119178 0.798765 0.152202 2 12 0.620000 3 0.380000
  0 0.706139 7.248750 -0.269872 0.441827 0.368484 -0.817929 0.880206 0.152202 2 12 0.540000 3 0.460000
  0 0.995433 7.576680 0.049771 0.968383 -0.172470 -0.180244 0.792076 0.200684 2 12 0.970000 3 0.030000
assets/textures/Ch_MutoYugi01_body_tex
  0 0.706139 7.248750 -0.269872 0.441827 0.368484 -0.817929 0.880206 0.152202 2 12 0.540000 3 0.460000
  0 0.682874 7.549180 -0.343736 0.450723 -0.148987 -0.880143 0.880206 0.200684 2 12 0.700000 3 0.300000
  0 0.995433 7.576680 0.049771 0.968383 -0.172470 -0.180244 0.792076 0.200684 2 12 0.970000 3 0.030000
assets/textures/Ch_MutoYugi01_body_tex
  0 0.000000 6.913300 -0.701021 0.000000 0.524312 -0.851526 0.987163 0.110931 2 12 0.500000 3 0.500000
  0 -0.864991 6.918350 -0.481870 -0.442247 0.528350 -0.724751 0.880206 0.110931 2 12 0.500000 3 0.500000
  0 0.000000 7.098610 -0.629516 0.000000 0.553061 -0.833141 0.987163 0.134044 2 12 0.510000 3 0.490000
assets/textures/Ch_MutoYugi01_body_tex
  0 0.000000 6.913300 -0.701021 0.000000 0.524312 -0.851526 0.987163 0.110931 2 12 0.500000 3 0.500000
  0 0.000000 7.098610 -0.629516 0.000000 0.553061 -0.833141 0.987163 0.134044 2 12 0.510000 3 0.490000
  0 0.864991 6.918350 -0.481870 0.442247 0.528350 -0.724751 0.880206 0.110931 2 12 0.500000 3 0.500000
assets/textures/Ch_MutoYugi01_body_tex
  0 0.880188 7.112120 -0.381580 0.493042 0.497319 -0.713851 0.880206 0.134044 2 12 0.510000 3 0.490000
  0 0.864991 6.918350 -0.481870 0.442247 0.528350 -0.724751 0.880206 0.110931 2 12 0.500000 3 0.500000
  0 0.000000 7.098610 -0.629516 0.000000 0.553061 -0.833141 0.987163 0.134044 2 12 0.510000 3 0.490000
assets/textures/Ch_MutoYugi01_body_tex
  0 0.880188 7.112120 -0.381580 0.493042 0.497319 -0.713851 0.880206 0.134044 2 12 0.510000 3 0.490000
  0 0.000000 7.098610 -0.629516 0.000000 0.553061 -0.833141 0.987163 0.134044 2 12 0.510000 3 0.490000
  0 0.706139 7.248750 -0.269872 0.441827 0.368484 -0.817929 0.880206 0.152202 2 12 0.540000 3 0.460000
assets/textures/Ch_MutoYugi01_body_tex
  0 -0.864991 6.918350 -0.481870 -0.442247 0.528350 -0.724751 0.880206 0.110931 2 12 0.500000 3 0.500000
  0 -0.880188 7.112120 -0.381580 -0.493042 0.497319 -0.713851 0.880206 0.134044 2 12 0.510000 3 0.490000
  0 0.000000 7.098610 -0.629516 0.000000 0.553061 -0.833141 0.987163 0.134044 2 12 0.510000 3 0.490000
assets/textures/Ch_MutoYugi01_body_tex
  0 -0.864991 6.918350 -0.481870 -0.442247 0.528350 -0.724751 0.880206 0.110931 2 12 0.500000 3 0.500000
  0 -1.155920 6.353670 -0.736946 -0.567005 0.493601 -0.659442 0.880206 0.068235 2 12 0.300000 3 0.700000
  0 -1.151060 6.901050 0.025413 -0.879578 0.438461 -0.184646 0.798765 0.110931 2 12 0.500000 3 0.500000
assets/textures/Ch_MutoYugi01_body_tex
  0 -0.864991 6.918350 -0.481870 -0.442247 0.528350 -0.724751 0.880206 0.110931 2 12 0.500000 3 0.500000
  0 -1.151060 6.901050 0.025413 -0.879578 0.438461 -0.184646 0.798765 0.110931 2 12 0.500000 3 0.500000
  0 -0.880188 7.112120 -0.381580 -0.493042 0.497319 -0.713851 0.880206 0.134044 2 12 0.510000 3 0.490000
assets/textures/Ch_MutoYugi01_body_tex
  0 -1.155920 6.353670 -0.736946 -0.567005 0.493601 -0.659442 0.880206 0.068235 2 12 0.300000 3 0.700000
  0 -1.538530 6.299000 -0.038026 -0.838523 0.497323 -0.222596 0.798765 0.068236 2 12 0.300000 3 0.700000
  0 -1.151060 6.901050 0.025413 -0.879578 0.438461 -0.184646 0.798765 0.110931 2 12 0.500000 3 0.500000
assets/textures/Ch_MutoYugi01_body_tex
  0 0.706139 7.248750 -0.269872 0.441827 0.368484 -0.817929 0.880206 0.152202 2 12 0.540000 3 0.460000
  0 0.000000 7.266670 -0.476428 0.000000 0.333915 -0.942603 0.987163 0.152202 2 12 0.550000 3 0.450000
  0 0.682874 7.549180 -0.343736 0.450723 -0.148987 -0.880143 0.880206 0.200684 2 12 0.700000 3 0.300000
assets/textures/Ch_MutoYugi01_body_tex
  0 -0.682874 7.549180 -0.343736 -0.450723 -0.148987 -0.880143 0.880206 0.200684 2 12 0.700000 3 0.300000
  0 0.000000 7.545940 -0.463078 0.000000 -0.151803 -0.988411 0.987163 0.200684 2 12 0.650000 3 0.350000
  0 0.000000 7.266670 -0.476428 0.000000 0.333915 -0.942603 0.987163 0.152202 2 12 0.550000 3 0.450000
assets/textures/Ch_MutoYugi01_body_tex
  0 0.682874 7.549180 -0.343736 0.450723 -0.148987 -0.880143 0.880206 0.200684 2 12 0.700000 3 0.300000
  0 0.000000 7.266670 -0.476428 0.000000 0.333915 -0.942603 0.987163 0.152202 2 12 0.550000 3 0.450000
  0 0.000000 7.545940 -0.463078 0.000000 -0.151803 -0.988411 0.987163 0.200684 2 12 0.650000 3 0.350000
assets/textures/Ch_MutoYugi01_body_tex
  0 0.706139 7.248750 -0.269872 0.441827 0.368484 -0.817929 0.880206 0.152202 2 12 0.540000 3 0.460000
  0 0.000000 7.098610 -0.629516 0.000000 0.553061 -0.833141 0.987163 0.134044 2 12 0.510000 3 0.490000
  0 0.000000 7.266670 -0.476428 0.000000 0.333915 -0.942603 0.987163 0.152202 2 12 0.550000 3 0.450000
assets/textures/Ch_MutoYugi01_body_tex
  0 -0.880188 7.112120 -0.381580 -0.493042 0.497319 -0.713851 0.880206 0.134044 2 12 0.510000 3 0.490000
  0 -1.151060 6.901050 0.025413 -0.879578 0.438461 -0.184646 0.798765 0.110931 2 12 0.500000 3 0.500000
  0 -1.192780 7.082590 0.060116 -0.918707 0.393251 -0.036494 0.798765 0.134044 2 12 0.510000 3 0.490000
assets/textures/Ch_MutoYugi01_body_tex
  0 0.000000 7.098610 -0.629516 0.000000 0.553061 -0.833141 0.987163 0.134044 2 12 0.510000 3 0.490000
  0 -0.706139 7.248750 -0.269872 -0.441827 0.368484 -0.817930 0.880206 0.152202 2 12 0.540000 3 0.460000
  0 0.000000 7.266670 -0.476428 0.000000 0.333915 -0.942603 0.987163 0.152202 2 12 0.550000 3 0.450000
assets/textures/Ch_MutoYugi01_body_tex
  0 -0.706139 7.248750 -0.269872 -0.441827 0.368484 -0.817930 0.880206 0.152202 2 12 0.540000 3 0.460000
  0 -0.995433 7.576680 0.049771 -0.968383 -0.172470 -0.180244 0.792076 0.200684 2 12 0.970000 3 0.030000
  0 -0.682874 7.549180 -0.343736 -0.450723 -0.148987 -0.880143 0.880206 0.200684 2 12 0.700000 3 0.300000
assets/textures/Ch_MutoYugi01_body_tex
  0 -0.706139 7.248750 -0.269872 -0.441827 0.368484 -0.817930 0.880206 0.152202 2 12 0.540000 3 0.460000
  0 -0.682874 7.549180 -0.343736 -0.450723 -0.148987 -0.880143 0.880206 0.200684 2 12 0.700000 3 0.300000
  0 0.000000 7.266670 -0.476428 0.000000 0.333915 -0.942603 0.987163 0.152202 2 12 0.550000 3 0.450000
assets/textures/Ch_MutoYugi01_body_tex
  0 -0.880188 7.112120 -0.381580 -0.493042 0.497319 -0.713851 0.880206 0.134044 2 12 0.510000 3 0.490000
  0 -0.706139 7.248750 -0.269872 -0.441827 0.368484 -0.817930 0.880206 0.152202 2 12 0.540000 3 0.460000
  0 0.000000 7.098610 -0.629516 0.000000 0.553061 -0.833141 0.987163 0.134044 2 12 0.510000 3 0.490000
assets/textures/Ch_MutoYugi01_body_tex
  0 -0.880188 7.112120 -0.381580 -0.493042 0.497319 -0.713851 0.880206 0.134044 2 12 0.510000 3 0.490000
  0 -1.019190 7.255550 0.048375 -0.914768 0.385999 -0.119179 0.798765 0.152202 2 12 0.620000 3 0.380000
  0 -0.706139 7.248750 -0.269872 -0.441827 0.368484 -0.817930 0.880206 0.152202 2 12 0.540000 3 0.460000
assets/textures/Ch_MutoYugi01_body_tex
  0 -0.880188 7.112120 -0.381580 -0.493042 0.497319 -0.713851 0.880206 0.134044 2 12 0.510000 3 0.490000
  0 -1.192780 7.082590 0.060116 -0.918707 0.393251 -0.036494 0.798765 0.134044 2 12 0.510000 3 0.490000
  0 -1.019190 7.255550 0.048375 -0.914768 0.385999 -0.119179 0.798765 0.152202 2 12 0.620000 3 0.380000
assets/textures/Ch_MutoYugi01_body_tex
  0 -0.706139 7.248750 -0.269872 -0.441827 0.368484 -0.817930 0.880206 0.152202 2 12 0.540000 3 0.460000
  0 -1.019190 7.255550 0.048375 -0.914768 0.385999 -0.119179 0.798765 0.152202 2 12 0.620000 3 0.380000
  0 -0.995433 7.576680 0.049771 -0.968383 -0.172470 -0.180244 0.792076 0.200684 2 12 0.970000 3 0.030000
assets/textures/Ch_MutoYugi01_body_tex
  0 -1.538530 6.299000 -0.038026 -0.838523 0.497323 -0.222596 0.798765 0.068236 2 12 0.300000 3 0.700000
  0 -1.045040 6.819270 0.913131 -0.763327 0.353345 0.540814 0.713536 0.110931 2 12 0.480000 3 0.520000
  0 -1.151060 6.901050 0.025413 -0.879578 0.438461 -0.184646 0.798765 0.110931 2 12 0.500000 3 0.500000
assets/textures/Ch_MutoYugi01_body_tex
  0 -1.538530 6.299000 -0.038026 -0.838523 0.497323 -0.222596 0.798765 0.068236 2 12 0.300000 3 0.700000
  0 -1.206790 6.242570 1.111000 -0.734119 0.381921 0.561431 0.713536 0.068235 2 12 0.300000 3 0.700000
  0 -1.045040 6.819270 0.913131 -0.763327 0.353345 0.540814 0.713536 0.110931 2 12 0.480000 3 0.520000
assets/textures/Ch_MutoYugi01_body_tex
  0 -1.206790 6.242570 1.111000 -0.734119 0.381921 0.561431 0.713536 0.068235 2 12 0.300000 3 0.700000
  0 -0.538574 6.784940 1.221280 0.606902 0.626128 0.489524 0.638344 0.110931 2 12 0.300000 3 0.700000
  0 -1.045040 6.819270 0.913131 -0.763327 0.353345 0.540814 0.713536 0.110931 2 12 0.480000 3 0.520000
assets/textures/Ch_MutoYugi01_body_tex
  0 -0.569047 6.215440 1.505660 0.965051 -0.168691 0.200551 0.638344 0.068235 2 12 0.300000 3 0.700000
  0 -0.538574 6.784940 1.221280 0.606902 0.626128 0.489524 0.638344 0.110931 2 12 0.300000 3 0.700000
  0 -1.206790 6.242570 1.111000 -0.734119 0.381921 0.561431 0.713536 0.068235 2 12 0.300000 3 0.700000
assets/textures/Ch_MutoYugi01_body_tex
  0 -0.892098 7.186360 0.799219 -0.853285 0.324924 0.407835 0.709238 0.152202 2 12 0.600000 3 0.400000
  0 -0.864313 7.474430 0.907545 -0.884217 -0.199820 0.422176 0.703151 0.200684 2 12 0.800000 3 0.200000
  0 -0.995433 7.576680 0.049771 -0.968383 -0.172470 -0.180244 0.792076 0.200684 2 12 0.970000 3 0.030000
assets/textures/Ch_MutoYugi01_body_tex
  0 -0.892098 7.186360 0.799219 -0.853285 0.324924 0.407835 0.709238 0.152202 2 12 0.600000 3 0.400000
  0 -0.492009 7.159530 1.081820 0.977815 -0.196880 -0.071526 0.638344 0.152202 2 12 0.500000 3 0.500000
  0 -0.864313 7.474430 0.907545 -0.884217 -0.199820 0.422176 0.703151 0.200684 2 12 0.800000 3 0.200000
assets/textures/Ch_MutoYugi01_body_tex
  0 -1.192780 7.082590 0.060116 -0.918707 0.393251 -0.036494 0.798765 0.134044 2 12 0.510000 3 0.490000
  0 -0.892098 7.186360 0.799219 -0.853285 0.324924 0.407835 0.709238 0.152202 2 12 0.600000 3 0.400000
  0 -1.019190 7.255550 0.048375 -0.914768 0.385999 -0.119179 0.798765 0.152202 2 12 0.620000 3 0.380000
assets/textures/Ch_MutoYugi01_body_tex
  0 -1.019190 7.255550 0.048375 -0.914768 0.385999 -0.119179 0.798765 0.152202 2 12 0.620000 3 0.380000
  0 -0.892098 7.186360 0.799219 -0.853285 0.324924 0.407835 0.709238 0.152202 2 12 0.600000 3 0.400000
  0 -0.995433 7.576680 0.049771 -0.968383 -0.172470 -0.180244 0.792076 0.200684 2 12 0.970000 3 0.030000
assets/textures/Ch_MutoYugi01_body_tex
  0 -0.892098 7.186360 0.799219 -0.853285 0.324924 0.407835 0.709238 0.152202 2 12 0.600000 3 0.400000
  0 -1.013490 7.005210 0.900041 -0.797601 0.357429 0.485878 0.719156 0.134044 2 12 0.500000 3 0.500000
  0 -0.492009 7.159530 1.081820 0.977815 -0.196880 -0.071526 0.638344 0.152202 2 12 0.500000 3 0.500000
assets/textures/Ch_MutoYugi01_body_tex
  0 -1.192780 7.082590 0.060116 -0.918707 0.393251 -0.036494 0.798765 0.134044 2 12 0.510000 3 0.490000
  0 -1.151060 6.901050 0.025413 -0.879578 0.438461 -0.184646 0.798765 0.110931 2 12 0.500000 3 0.500000
  0 -1.013490 7.005210 0.900041 -0.797601 0.357429 0.485878 0.719156 0.134044 2 12 0.500000 3 0.500000
assets/textures/Ch_MutoYugi01_body_tex
  0 -1.045040 6.819270 0.913131 -0.763327 0.353345 0.540814 0.713536 0.110931 2 12 0.480000 3 0.520000
  0 -1.013490 7.005210 0.900041 -0.797601 0.357429 0.485878 0.719156 0.134044 2 12 0.500000 3 0.500000
  0 -1.151060 6.901050 0.025413 -0.879578 0.438461 -0.184646 0.798765 0.110931 2 12 0.500000 3 0.500000
assets/textures/Ch_MutoYugi01_body_tex
  0 -1.045040 6.819270 0.913131 -0.763327 0.353345 0.540814 0.713536 0.110931 2 12 0.480000 3 0.520000
  0 -0.538574 6.784940 1.221280 0.606902 0.626128 0.489524 0.638344 0.110931 2 12 0.300000 3 0.700000
  0 -1.013490 7.005210 0.900041 -0.797601 0.357429 0.485878 0.719156 0.134044 2 12 0.500000 3 0.500000
assets/textures/Ch_MutoYugi01_body_tex
  0 -1.192780 7.082590 0.060116 -0.918707 0.393251 -0.036494 0.798765 0.134044 2 12 0.510000 3 0.490000
  0 -1.013490 7.005210 0.900041 -0.797601 0.357429 0.485878 0.719156 0.134044 2 12 0.500000 3 0.500000
  0 -0.892098 7.186360 0.799219 -0.853285 0.324924 0.407835 0.709238 0.152202 2 12 0.600000 3 0.400000
assets/textures/Ch_MutoYugi01_body_tex
  0 -0.538574 6.784940 1.221280 0.606902 0.626128 0.489524 0.638344 0.110931 2 12 0.300000 3 0.700000
  0 -0.516010 6.973020 1.190950 0.468681 0.017355 0.883197 0.638344 0.134432 2 12 0.300000 3 0.700000
  0 -1.013490 7.005210 0.900041 -0.797601 0.357429 0.485878 0.719156 0.134044 2 12 0.500000 3 0.500000
assets/textures/Ch_MutoYugi01_body_tex
  0 -0.492009 7.159530 1.081820 0.977815 -0.196880 -0.071526 0.638344 0.152202 2 12 0.500000 3 0.500000
  0 -1.013490 7.005210 0.900041 -0.797601 0.357429 0.485878 0.719156 0.134044 2 12 0.500000 3 0.500000
  0 -0.516010 6.973020 1.190950 0.468681 0.017355 0.883197 0.638344 0.134432 2 12 0.300000 3 0.700000
assets/textures/Ch_MutoYugi01_body_tex
  0 1.298940 5.427810 -1.168480 -0.380543 -0.654318 0.653494 0.607606 0.514357 2 12 0.310000 3 0.690000
  0 0.821336 6.491870 -0.683750 -0.454148 -0.604423 0.654541 0.752388 0.531411 2 12 0.300000 3 0.700000
  0 0.000000 5.364370 -1.607810 0.000000 -0.555239 0.831691 0.605692 0.611826 2 12 0.240000 3 0.760000
assets/textures/Ch_MutoYugi01_body_tex
  0 0.821336 6.491870 -0.683750 -0.454148 -0.604423 0.654541 0.752388 0.531411 2 12 0.300000 3 0.700000
  0 0.000000 6.523890 -0.929915 0.000000 -0.583047 0.812439 0.751187 0.611104 2 12 0.310000 3 0.690000
  0 0.000000 5.364370 -1.607810 0.000000 -0.555239 0.831691 0.605692 0.611826 2 12 0.240000 3 0.760000
assets/textures/Ch_MutoYugi01_body_tex
  0 0.821336 6.491870 -0.683750 -0.454148 -0.604423 0.654541 0.752388 0.531411 2 12 0.300000 3 0.700000
  0 0.000000 6.932790 -0.060679 0.000000 -0.990839 0.135047 0.845018 0.563155 2 12 0.500000 3 0.500000
  0 0.000000 6.523890 -0.929915 0.000000 -0.583047 0.812439 0.751187 0.611104 2 12 0.310000 3 0.690000
assets/textures/Ch_MutoYugi01_body_tex
  0 0.000000 5.364370 -1.607810 0.000000 -0.555239 0.831691 0.605692 0.611826 2 12 0.240000 3 0.760000
  0 0.000000 6.523890 -0.929915 0.000000 -0.583047 0.812439 0.751187 0.611104 2 12 0.310000 3 0.690000
  0 -0.821336 6.491870 -0.683750 0.454148 -0.604422 0.654541 0.752388 0.531411 2 12 0.300000 3 0.700000
assets/textures/Ch_MutoYugi01_body_tex
  0 -0.821336 6.491870 -0.683750 0.454148 -0.604422 0.654541 0.752388 0.531411 2 12 0.300000 3 0.700000
  0 0.000000 6.523890 -0.929915 0.000000 -0.583047 0.812439 0.751187 0.611104 2 12 0.310000 3 0.690000
  0 0.000000 6.932790 -0.060679 0.000000 -0.990839 0.135047 0.845018 0.563155 2 12 0.500000 3 0.500000
assets/textures/Ch_MutoYugi01_body_tex
  0 0.000000 5.364370 -1.607810 0.000000 -0.555239 0.831691 0.605692 0.611826 2 12 0.240000 3 0.760000
  0 -0.821336 6.491870 -0.683750 0.454148 -0.604422 0.654541 0.752388 0.531411 2 12 0.300000 3 0.700000
  0 -1.298940 5.427810 -1.168480 0.380543 -0.654318 0.653494 0.607606 0.514357 2 12 0.310000 3 0.690000
assets/textures/Ch_MutoYugi01_body_tex
  0 2.045750 5.515560 -0.052706 -0.726214 -0.683328 -0.075343 0.606700 0.507535 2 12 0.300000 3 0.700000
  0 1.323690 6.501200 0.063335 -0.768639 -0.637849 0.048398 0.732529 0.524052 2 12 0.300000 3 0.700000
  0 1.298940 5.427810 -1.168480 -0.380543 -0.654318 0.653494 0.610351 0.599888 2 12 0.310000 3 0.690000
assets/textures/Ch_MutoYugi01_body_tex
  0 1.323690 6.501200 0.063335 -0.768639 -0.637849 0.048398 0.732529 0.524052 2 12 0.300000 3 0.700000
  0 0.821336 6.491870 -0.683750 -0.454148 -0.604423 0.654541 0.738477 0.588827 2 12 0.300000 3 0.700000
  0 1.298940 5.427810 -1.168480 -0.380543 -0.654318 0.653494 0.610351 0.599888 2 12 0.310000 3 0.690000
assets/textures/Ch_MutoYugi01_body_tex
  0 1.323690 6.501200 0.063335 -0.768639 -0.637849 0.048398 0.732529 0.524052 2 12 0.300000 3 0.700000
  0 0.000000 6.932790 -0.060679 0.000000 -0.990839 0.135047 0.827861 0.555898 2 12 0.500000 3 0.500000
  0 0.821336 6.491870 -0.683750 -0.454148 -0.604423 0.654541 0.738477 0.588827 2 12 0.300000 3 0.700000
assets/textures/Ch_MutoYugi01_body_tex
  0 0.000000 6.932790 -0.060679 0.000000 -0.990839 0.135047 0.827861 0.555898 2 12 0.500000 3 0.500000
  0 -1.323690 6.501200 0.063335 0.768639 -0.637849 0.048398 0.732529 0.524052 2 12 0.300000 3 0.700000
  0 -0.821336 6.491870 -0.683750 0.454148 -0.604422 0.654541 0.738477 0.588827 2 12 0.300000 3 0.700000
assets/textures/Ch_MutoYugi01_body_tex
  0 -1.323690 6.501200 0.063335 0.768639 -0.637849 0.048398 0.732529 0.524052 2 12 0.300000 3 0.700000
  0 -1.298940 5.427810 -1.168480 0.380543 -0.654318 0.653494 0.610351 0.599888 2 12 0.310000 3 0.690000
  0 -0.821336 6.491870 -0.683750 0.454148 -0.604422 0.654541 0.738477 0.588827 2 12 0.300000 3 0.700000
assets/textures/Ch_MutoYugi01_body_tex
  0 -1.323690 6.501200 0.063335 0.768639 -0.637849 0.048398 0.732529 0.524052 2 12 0.300000 3 0.700000
  0 -2.045750 5.515560 -0.052706 0.726214 -0.683327 -0.075343 0.606700 0.507535 1 3 1.000000
  0 -1.298940 5.427810 -1.168480 0.380543 -0.654318 0.653494 0.610351 0.599888 2 12 0.310000 3 0.690000
assets/textures/Ch_MutoYugi01_body_tex
  0 1.108020 5.948670 -0.294064 0.628691 -0.559060 -0.540555 1.120460 0.586665 2 12 0.300000 3 0.700000
  0 0.430715 5.852630 -0.659996 0.272369 -0.573188 -0.772833 1.013090 0.586665 2 12 0.300000 3 0.700000
  0 1.028170 6.499250 -0.290771 0.443058 0.720916 -0.532898 1.120460 0.678693 2 12 0.300000 3 0.700000
assets/textures/Ch_MutoYugi01_body_tex
  0 0.430715 5.852630 -0.659996 0.272369 -0.573188 -0.772833 1.013090 0.586665 2 12 0.300000 3 0.700000
  0 0.350866 6.403210 -0.656702 0.097008 0.635961 -0.765600 1.013090 0.678693 2 12 0.300000 3 0.700000
  0 1.028170 6.499250 -0.290771 0.443058 0.720916 -0.532898 1.120460 0.678693 2 12 0.300000 3 0.700000
assets/textures/Ch_MutoYugi01_body_tex
  0 0.430715 5.852630 -0.659996 0.272369 -0.573188 -0.772833 1.120460 0.586665 2 12 0.300000 3 0.700000
  0 -0.409949 5.730760 -0.667419 -0.081831 -0.632766 -0.770007 1.013090 0.586665 2 12 0.300000 3 0.700000
  0 0.350866 6.403210 -0.656702 0.097008 0.635961 -0.765600 1.120460 0.678693 2 12 0.300000 3 0.700000
assets/textures/Ch_MutoYugi01_body_tex
  0 -0.409949 5.730760 -0.667419 -0.081831 -0.632766 -0.770007 1.013090 0.586665 2 12 0.300000 3 0.700000
  0 -0.489798 6.281330 -0.664126 -0.257276 0.584862 -0.769250 1.013090 0.678693 2 12 0.300000 3 0.700000
  0 0.350866 6.403210 -0.656702 0.097008 0.635961 -0.765600 1.120460 0.678693 2 12 0.300000 3 0.700000
assets/textures/Ch_MutoYugi01_body_tex
  0 -1.140600 5.629600 -0.313500 -0.436397 -0.709712 -0.553052 1.013090 0.586665 2 12 0.300000 3 0.700000
  0 -1.172720 6.180170 -0.310207 -0.597117 0.584556 -0.549314 1.013090 0.678693 2 12 0.300000 3 0.700000
  0 -0.409949 5.730760 -0.667419 -0.081831 -0.632766 -0.770007 1.120460 0.586665 2 12 0.300000 3 0.700000
assets/textures/Ch_MutoYugi01_body_tex
  0 -1.172720 6.180170 -0.310207 -0.597117 0.584556 -0.549314 1.013090 0.678693 2 12 0.300000 3 0.700000
  0 -0.489798 6.281330 -0.664126 -0.257276 0.584862 -0.769250 1.120460 0.678693 2 12 0.300000 3 0.700000
  0 -0.409949 5.730760 -0.667419 -0.081831 -0.632766 -0.770007 1.120460 0.586665 2 12 0.300000 3 0.700000
assets/textures/Ch_MutoYugi01_body_tex
  0 -1.172720 6.180170 -0.310207 -0.597117 0.584556 -0.549314 1.120460 0.678693 2 12 0.300000 3 0.700000
  0 -1.140600 5.629600 -0.313500 -0.436397 -0.709712 -0.553052 1.120460 0.586665 2 12 0.300000 3 0.700000
  0 -1.437040 6.138370 0.269871 -0.803591 0.595178 -0.002215 1.013090 0.678693 2 12 0.300000 3 0.700000
assets/textures/Ch_MutoYugi01_body_tex
  0 -1.140600 5.629600 -0.313500 -0.436397 -0.709712 -0.553052 1.120460 0.586665 2 12 0.300000 3 0.700000
  0 -1.425380 5.587790 0.266577 -0.658053 -0.752902 -0.010288 1.013090 0.586665 2 12 0.300000 3 0.700000
  0 -1.437040 6.138370 0.269871 -0.803591 0.595178 -0.002215 1.013090 0.678693 2 12 0.300000 3 0.700000
assets/textures/Ch_MutoYugi01_body_tex
  0 -1.425380 5.587790 0.266577 -0.658053 -0.752902 -0.010288 1.013090 0.586665 2 12 0.300000 3 0.700000
  0 -1.149690 5.621310 0.851242 -0.444880 -0.717128 0.536479 1.120460 0.586665 1 3 1.000000
  0 -1.437040 6.138370 0.269871 -0.803591 0.595178 -0.002215 1.013090 0.678693 2 12 0.300000 3 0.700000
assets/textures/Ch_MutoYugi01_body_tex
  0 -0.424648 5.717350 1.217170 -0.093619 -0.643542 0.759664 1.120460 0.586665 2 12 0.300000 3 0.700000
  0 -0.504497 6.267930 1.220470 -0.269129 0.574081 0.773305 1.120460 0.678693 2 12 0.300000 3 0.700000
  0 -1.181800 6.171890 0.854536 -0.605469 0.577132 0.548021 1.013090 0.678693 2 12 0.300000 3 0.700000
assets/textures/Ch_MutoYugi01_body_tex
  0 -0.424648 5.717350 1.217170 -0.093619 -0.643542 0.759664 1.013090 0.586665 2 12 0.300000 3 0.700000
  0 0.416016 5.839230 1.224600 0.260345 -0.584154 0.768755 1.120460 0.586665 2 12 0.300000 3 0.700000
  0 -0.504497 6.267930 1.220470 -0.269129 0.574081 0.773305 1.013090 0.678693 2 12 0.300000 3 0.700000
assets/textures/Ch_MutoYugi01_body_tex
  0 0.416016 5.839230 1.224600 0.260345 -0.584154 0.768755 1.120460 0.586665 2 12 0.300000 3 0.700000
  0 0.336167 6.389800 1.227890 0.084984 0.624996 0.775988 1.120460 0.678693 2 12 0.300000 3 0.700000
  0 -0.504497 6.267930 1.220470 -0.269129 0.574081 0.773305 1.013090 0.678693 2 12 0.300000 3 0.700000
assets/textures/Ch_MutoYugi01_body_tex
  0 0.416016 5.839230 1.224600 0.260345 -0.584154 0.768755 1.013090 0.586665 2 12 0.300000 3 0.700000
  0 1.098930 5.940390 0.870678 0.620246 -0.566763 0.542287 1.120460 0.586665 1 3 1.000000
  0 0.336167 6.389800 1.227890 0.084984 0.624996 0.775988 1.013090 0.678693 2 12 0.300000 3 0.700000
assets/textures/Ch_MutoYugi01_body_tex
  0 1.363260 5.982190 0.290601 0.830889 -0.556432 0.002523 1.120460 0.586665 2 12 0.300000 3 0.700000
  0 1.283410 6.532770 0.293895 0.638595 0.769472 0.010455 1.120460 0.678693 2 12 0.300000 3 0.700000
  0 1.019090 6.490960 0.873972 0.434612 0.713214 0.549944 1.013090 0.678693 2 12 0.300000 3 0.700000
assets/textures/Ch_MutoYugi01_body_tex
  0 1.363260 5.982190 0.290601 0.830889 -0.556432 0.002523 1.120460 0.586665 2 12 0.300000 3 0.700000
  0 1.108020 5.948670 -0.294064 0.628691 -0.559060 -0.540555 1.013090 0.586665 2 12 0.300000 3 0.700000
  0 1.283410 6.532770 0.293895 0.638595 0.769472 0.010455 1.120460 0.678693 2 12 0.300000 3 0.700000
assets/textures/Ch_MutoYugi01_body_tex
  0 1.108020 5.948670 -0.294064 0.628691 -0.559060 -0.540555 1.013090 0.586665 2 12 0.300000 3 0.700000
  0 1.028170 6.499250 -0.290771 0.443058 0.720916 -0.532898 1.013090 0.678693 2 12 0.300000 3 0.700000
  0 1.283410 6.532770 0.293895 0.638595 0.769472 0.010455 1.120460 0.678693 2 12 0.300000 3 0.700000
assets/textures/Ch_MutoYugi01_body_tex
  0 -0.568797 4.993820 1.874100 0.392955 -0.265451 -0.880410 0.548586 -0.491449 2 12 0.300000 3 0.700000
  0 -1.394000 5.263650 1.424430 0.701569 -0.665840 -0.253888 0.597089 -0.402383 3 12 0.300000 8 0.230000 3 0.470000
  0 -0.569047 6.215440 1.505660 0.965051 -0.168691 0.200551 0.805268 -0.490841 2 12 0.300000 3 0.700000
assets/textures/Ch_MutoYugi01_body_tex
  0 -1.450570 0.021254 -0.687909 -0.311022 -0.853467 -0.418162 0.318875 0.851016 2 10 0.530000 9 0.470000
  0 -0.200548 0.021254 -0.687909 0.140062 -0.951171 -0.275056 0.318875 0.894640 2 10 0.540000 9 0.460000
  0 -1.530950 0.021254 0.432874 -0.156122 -0.987738 0.000000 0.271236 0.846654 1 10 1.000000
assets/textures/Ch_MutoYugi01_body_tex
  0 -0.200548 0.021254 -0.687909 0.140062 -0.951171 -0.275056 0.318875 0.894640 2 10 0.540000 9 0.460000
  0 -0.223994 0.021254 1.769270 0.171056 -0.983223 0.063340 0.212203 0.898285 2 11 0.100000 10 0.900000
  0 -1.530950 0.021254 0.432874 -0.156122 -0.987738 0.000000 0.271236 0.846654 1 10 1.000000
assets/textures/Ch_MutoYugi01_body_tex
  0 -0.223994 0.021254 1.769270 0.171056 -0.983223 0.063340 0.212203 0.898285 2 11 0.100000 10 0.900000
  0 -1.348790 0.021254 1.769270 -0.289452 -0.951321 0.105861 0.212203 0.846872 2 11 0.100000 10 0.900000
  0 -1.530950 0.021254 0.432874 -0.156122 -0.987738 0.000000 0.271236 0.846654 1 10 1.000000
assets/textures/Ch_MutoYugi01_body_tex
  0 -0.223994 0.021254 1.769270 0.171056 -0.983223 0.063340 0.212203 0.898285 2 11 0.100000 10 0.900000
  0 -0.938608 0.021254 2.275980 -0.178810 -0.953294 0.243428 0.185197 0.862195 2 11 0.500000 10 0.500000
  0 -1.348790 0.021254 1.769270 -0.289452 -0.951321 0.105861 0.212203 0.846872 2 11 0.100000 10 0.900000
assets/textures/Ch_MutoYugi01_body_tex
  0 -0.223994 0.021254 1.769270 0.171056 -0.983223 0.063340 0.212203 0.898285 2 11 0.100000 10 0.900000
  0 -0.636564 0.021254 2.284330 0.187496 -0.948167 0.256562 0.183308 0.880343 2 11 0.500000 10 0.500000
  0 -0.938608 0.021254 2.275980 -0.178810 -0.953294 0.243428 0.185197 0.862195 2 11 0.500000 10 0.500000
assets/textures/Ch_MutoYugi01_body_tex
  0 -0.779910 0.565200 1.799500 -0.005399 0.909978 0.414621 0.387737 1.729350 2 11 0.400000 10 0.600000
  0 -0.768863 0.932328 1.197030 -0.007878 0.860106 0.510055 0.364565 1.809340 2 11 0.300000 10 0.700000
  0 -1.238590 0.464505 1.780630 -0.615872 0.671354 0.412294 0.441873 1.744430 2 11 0.200000 10 0.800000
assets/textures/Ch_MutoYugi01_body_tex
  0 -0.768863 0.932328 1.197030 -0.007878 0.860106 0.510055 0.364565 1.809340 2 11 0.300000 10 0.700000
  0 -1.321530 0.725327 1.092860 -0.632469 0.685700 0.360275 0.418070 1.824000 2 11 0.410000 10 0.590000
  0 -1.238590 0.464505 1.780630 -0.615872 0.671354 0.412294 0.441873 1.744430 2 11 0.200000 10 0.800000
assets/textures/Ch_MutoYugi01_body_tex
  0 -0.779910 0.565200 1.799500 -0.005399 0.909978 0.414621 0.441873 1.744430 2 11 0.400000 10 0.600000
  0 -0.280544 0.464505 1.780630 0.691056 0.610716 0.386611 0.387737 1.729350 2 11 0.200000 10 0.800000
  0 -0.768863 0.932328 1.197030 -0.007878 0.860106 0.510055 0.418070 1.824000 2 11 0.300000 10 0.700000
assets/textures/Ch_MutoYugi01_body_tex
  0 -0.280544 0.464505 1.780630 0.691056 0.610716 0.386611 0.387737 1.729350 2 11 0.200000 10 0.800000
  0 -0.212806 0.725327 1.092860 0.803522 0.533594 0.263874 0.364565 1.809340 2 11 0.360000 10 0.640000
  0 -0.768863 0.932328 1.197030 -0.007878 0.860106 0.510055 0.418070 1.824000 2 11 0.300000 10 0.700000
assets/textures/Ch_MutoYugi01_body_tex
  0 1.450570 0.021254 -0.687909 0.311022 -0.853467 -0.418162 0.318875 0.851016 2 6 0.530000 5 0.470000
  0 1.530950 0.021254 0.432874 0.156122 -0.987738 0.000000 0.271236 0.846654 1 6 1.000000
  0 0.200548 0.021254 -0.687909 -0.140062 -0.951171 -0.275056 0.318875 0.894640 2 6 0.540000 5 0.460000
assets/textures/Ch_MutoYugi01_body_tex
  0 1.348790 0.021254 1.769270 0.289452 -0.951321 0.105861 0.212203 0.846872 2 7 0.100000 6 0.900000
  0 0.938608 0.021254 2.275980 0.178810 -0.953294 0.243428 0.185197 0.862195 2 7 0.500000 6 0.500000
  0 0.223994 0.021254 1.769270 -0.171056 -0.983223 0.063340 0.212203 0.898285 2 7 0.100000 6 0.900000
assets/textures/Ch_MutoYugi01_body_tex
  0 0.938608 0.021254 2.275980 0.178810 -0.953294 0.243428 0.185197 0.862195 2 7 0.500000 6 0.500000
  0 0.636564 0.021254 2.284330 -0.187496 -0.948167 0.256562 0.183308 0.880343 2 7 0.500000 6 0.500000
  0 0.223994 0.021254 1.769270 -0.171056 -0.983223 0.063340 0.212203 0.898285 2 7 0.100000 6 0.900000
assets/textures/Ch_MutoYugi01_body_tex
  0 1.321530 0.725327 1.092860 0.632469 0.685700 0.360275 0.418070 1.824000 2 7 0.410000 6 0.590000
  0 0.768863 0.932328 1.197030 0.007878 0.860106 0.510055 0.364565 1.809340 2 7 0.500000 6 0.500000
  0 1.238590 0.464505 1.780630 0.615871 0.671354 0.412294 0.441873 1.744430 2 7 0.200000 6 0.800000
assets/textures/Ch_MutoYugi01_body_tex
  0 0.768863 0.932328 1.197030 0.007878 0.860106 0.510055 0.364565 1.809340 2 7 0.500000 6 0.500000
  0 0.779910 0.565200 1.799500 0.005399 0.909978 0.414621 0.387737 1.729350 2 7 0.400000 6 0.600000
  0 1.238590 0.464505 1.780630 0.615871 0.671354 0.412294 0.441873 1.744430 2 7 0.200000 6 0.800000
assets/textures/Ch_MutoYugi01_body_tex
  0 0.212806 0.725327 1.092860 -0.803522 0.533594 0.263874 0.364565 1.809340 2 7 0.360000 6 0.640000
  0 0.280544 0.464505 1.780630 -0.691056 0.610716 0.386611 0.387737 1.729350 2 7 0.200000 6 0.800000
  0 0.768863 0.932328 1.197030 0.007878 0.860106 0.510055 0.418070 1.824000 2 7 0.500000 6 0.500000
assets/textures/Ch_MutoYugi01_body_tex
  0 0.280544 0.464505 1.780630 -0.691056 0.610716 0.386611 0.387737 1.729350 2 7 0.200000 6 0.800000
  0 0.779910 0.565200 1.799500 0.005399 0.909978 0.414621 0.441873 1.744430 2 7 0.400000 6 0.600000
  0 0.768863 0.932328 1.197030 0.007878 0.860106 0.510055 0.418070 1.824000 2 7 0.500000 6 0.500000
assets/textures/Ch_MutoYugi01_body_tex
  0 0.000000 7.550870 -0.438798 0.000000 0.126941 0.991910 0.857787 0.581353 2 12 0.660000 3 0.340000
  0 0.000000 7.254960 -0.458274 0.000000 -0.207356 0.978266 0.835243 0.582518 2 12 0.550000 3 0.450000
  0 0.650212 7.554080 -0.329140 -0.444142 0.118383 0.888101 0.857987 0.520116 2 12 0.700000 3 0.300000
assets/textures/Ch_MutoYugi01_body_tex
  0 -0.650212 7.554080 -0.329140 0.444142 0.118383 0.888101 0.857987 0.520116 2 12 0.700000 3 0.300000
  0 0.000000 7.254960 -0.458274 0.000000 -0.207356 0.978266 0.835243 0.582518 2 12 0.550000 3 0.450000
  0 0.000000 7.550870 -0.438798 0.000000 0.126941 0.991910 0.857787 0.581353 2 12 0.660000 3 0.340000
assets/textures/Ch_MutoYugi01_body_tex
  0 -0.650212 7.554080 -0.329140 0.444142 0.118383 0.888101 0.857987 0.520116 2 12 0.700000 3 0.300000
  0 -0.688135 7.252000 -0.254619 0.474213 -0.205409 0.856113 0.833679 0.515801 2 12 0.530000 3 0.470000
  0 0.000000 7.254960 -0.458274 0.000000 -0.207356 0.978266 0.835243 0.582518 2 12 0.550000 3 0.450000
assets/textures/Ch_MutoYugi01_body_tex
  0 -0.688135 7.252000 -0.254619 0.474213 -0.205409 0.856113 0.833679 0.515801 2 12 0.530000 3 0.470000
  0 -0.744938 7.095420 -0.314245 0.457746 -0.490927 0.741256 0.821776 0.511244 2 12 0.510000 3 0.490000
  0 0.000000 7.254960 -0.458274 0.000000 -0.207356 0.978266 0.835243 0.582518 2 12 0.550000 3 0.450000
assets/textures/Ch_MutoYugi01_body_tex
  0 -0.744938 7.095420 -0.314245 0.457746 -0.490927 0.741256 0.821776 0.511244 2 12 0.510000 3 0.490000
  0 0.000000 7.079820 -0.594147 0.000000 -0.565333 0.824863 0.821041 0.584988 2 12 0.510000 3 0.490000
  0 0.000000 7.254960 -0.458274 0.000000 -0.207356 0.978266 0.835243 0.582518 2 12 0.550000 3 0.450000
assets/textures/Ch_MutoYugi01_body_tex
  0 -0.744938 7.095420 -0.314245 0.457746 -0.490927 0.741256 0.821776 0.511244 2 12 0.510000 3 0.490000
  0 -0.786580 6.929990 -0.465257 0.516513 -0.463708 0.719853 0.806132 0.513032 2 12 0.500000 3 0.500000
  0 0.000000 7.079820 -0.594147 0.000000 -0.565333 0.824863 0.821041 0.584988 2 12 0.510000 3 0.490000
assets/textures/Ch_MutoYugi01_body_tex
  0 0.650212 7.554080 -0.329140 -0.444142 0.118383 0.888101 0.857987 0.520116 2 12 0.700000 3 0.300000
  0 0.000000 7.254960 -0.458274 0.000000 -0.207356 0.978266 0.835243 0.582518 2 12 0.550000 3 0.450000
  0 0.688135 7.252000 -0.254619 -0.474213 -0.205409 0.856113 0.833679 0.515801 2 12 0.530000 3 0.470000
assets/textures/Ch_MutoYugi01_body_tex
  0 -0.786580 6.929990 -0.465257 0.516513 -0.463708 0.719853 0.806132 0.513032 2 12 0.500000 3 0.500000
  0 0.000000 6.925060 -0.659518 0.000000 -0.528796 0.848749 0.805620 0.585675 2 12 0.500000 3 0.500000
  0 0.000000 7.079820 -0.594147 0.000000 -0.565333 0.824863 0.821041 0.584988 2 12 0.510000 3 0.490000
assets/textures/Ch_MutoYugi01_body_tex
  0 -0.786580 6.929990 -0.465257 0.516513 -0.463708 0.719853 0.806132 0.513032 2 12 0.500000 3 0.500000
  0 -0.821336 6.491870 -0.683750 0.454148 -0.604422 0.654541 0.768949 0.519359 2 12 0.300000 3 0.700000
  0 0.000000 6.925060 -0.659518 0.000000 -0.528796 0.848749 0.805620 0.585675 2 12 0.500000 3 0.500000
assets/textures/Ch_MutoYugi01_body_tex
  0 0.000000 7.254960 -0.458274 0.000000 -0.207356 0.978266 0.835243 0.582518 2 12 0.550000 3 0.450000
  0 0.000000 7.079820 -0.594147 0.000000 -0.565333 0.824863 0.821041 0.584988 2 12 0.510000 3 0.490000
  0 0.744938 7.095420 -0.314245 -0.457745 -0.490927 0.741256 0.821776 0.511244 2 12 0.510000 3 0.490000
assets/textures/Ch_MutoYugi01_body_tex
  0 0.000000 7.254960 -0.458274 0.000000 -0.207356 0.978266 0.835243 0.582518 2 12 0.550000 3 0.450000
  0 0.744938 7.095420 -0.314245 -0.457745 -0.490927 0.741256 0.821776 0.511244 2 12 0.510000 3 0.490000
  0 0.688135 7.252000 -0.254619 -0.474213 -0.205409 0.856113 0.833679 0.515801 2 12 0.530000 3 0.470000
assets/textures/Ch_MutoYugi01_body_tex
  0 -0.821336 6.491870 -0.683750 0.454148 -0.604422 0.654541 0.768949 0.519359 2 12 0.300000 3 0.700000
  0 0.000000 6.523890 -0.929915 0.000000 -0.583047 0.812439 0.771549 0.589718 2 12 0.310000 3 0.690000
  0 0.000000 6.925060 -0.659518 0.000000 -0.528796 0.848749 0.805620 0.585675 2 12 0.500000 3 0.500000
assets/textures/Ch_MutoYugi01_body_tex
  0 0.000000 7.079820 -0.594147 0.000000 -0.565333 0.824863 0.821041 0.584988 2 12 0.510000 3 0.490000
  0 0.000000 6.925060 -0.659518 0.000000 -0.528796 0.848749 0.805620 0.585675 2 12 0.500000 3 0.500000
  0 0.786580 6.929990 -0.465257 -0.516514 -0.463708 0.719853 0.806132 0.513032 2 12 0.500000 3 0.500000
assets/textures/Ch_MutoYugi01_body_tex
  0 0.000000 7.079820 -0.594147 0.000000 -0.565333 0.824863 0.821041 0.584988 2 12 0.510000 3 0.490000
  0 0.786580 6.929990 -0.465257 -0.516514 -0.463708 0.719853 0.806132 0.513032 2 12 0.500000 3 0.500000
  0 0.744938 7.095420 -0.314245 -0.457745 -0.490927 0.741256 0.821776 0.511244 2 12 0.510000 3 0.490000
assets/textures/Ch_MutoYugi01_body_tex
  0 0.000000 6.523890 -0.929915 0.000000 -0.583047 0.812439 0.771549 0.589718 2 12 0.310000 3 0.690000
  0 0.821336 6.491870 -0.683750 -0.454148 -0.604423 0.654541 0.768949 0.519359 2 12 0.300000 3 0.700000
  0 0.000000 6.925060 -0.659518 0.000000 -0.528796 0.848749 0.805620 0.585675 2 12 0.500000 3 0.500000
assets/textures/Ch_MutoYugi01_body_tex
  0 0.000000 6.925060 -0.659518 0.000000 -0.528796 0.848749 0.805620 0.585675 2 12 0.500000 3 0.500000
  0 0.821336 6.491870 -0.683750 -0.454148 -0.604423 0.654541 0.768949 0.519359 2 12 0.300000 3 0.700000
  0 0.786580 6.929990 -0.465257 -0.516514 -0.463708 0.719853 0.806132 0.513032 2 12 0.500000 3 0.500000
assets/textures/Ch_MutoYugi01_body_tex
  0 1.224910 5.644100 -0.060949 0.701406 0.088367 -0.707263 0.285704 0.419228 2 4 0.400000 3 0.600000
  0 0.000000 5.359810 -0.522144 0.000000 -0.027616 -0.999619 0.361573 0.390672 3 8 0.100000 4 0.100000 3 0.800000
  0 0.000000 6.359060 -0.453273 0.000000 0.115029 -0.993362 0.361573 0.485054 1 3 1.000000
assets/textures/Ch_MutoYugi01_body_tex
  0 1.224910 5.644100 -0.060949 0.701406 0.088367 -0.707263 0.285704 0.419228 2 4 0.400000 3 0.600000
  0 1.191630 5.644100 0.718235 0.782313 -0.022423 0.622482 0.219511 0.419228 2 4 0.500000 3 0.500000
  0 1.161140 5.204890 0.456161 0.929582 -0.101659 0.354321 0.229367 0.360681 2 4 0.680000 3 0.320000
assets/textures/Ch_MutoYugi01_body_tex
  0 1.224910 5.644100 -0.060949 0.701406 0.088367 -0.707263 0.285704 0.419228 2 4 0.400000 3 0.600000
  0 1.089820 5.204890 -0.145798 0.791893 0.045774 -0.608942 0.287238 0.360681 2 4 0.640000 3 0.360000
  0 0.000000 5.359810 -0.522144 0.000000 -0.027616 -0.999619 0.361573 0.390672 3 8 0.100000 4 0.100000 3 0.800000
assets/textures/Ch_MutoYugi01_body_tex
  0 1.224910 5.644100 -0.060949 0.701406 0.088367 -0.707263 0.285704 0.419228 2 4 0.400000 3 0.600000
  0 1.161140 5.204890 0.456161 0.929582 -0.101659 0.354321 0.229367 0.360681 2 4 0.680000 3 0.320000
  0 1.089820 5.204890 -0.145798 0.791893 0.045774 -0.608942 0.287238 0.360681 2 4 0.640000 3 0.360000
assets/textures/Ch_MutoYugi01_body_tex
  0 0.000000 5.265570 0.881179 0.000000 -0.355695 0.934602 0.127038 0.391030 2 8 0.500000 4 0.500000
  0 -1.191630 5.644100 0.718235 -0.782313 -0.022423 0.622482 0.219511 0.419228 2 8 0.500000 3 0.500000
  0 -0.770130 5.106130 0.719673 -0.097898 -0.176898 0.979348 0.175216 0.360681 2 8 0.810000 3 0.190000
assets/textures/Ch_MutoYugi01_body_tex
  0 1.191630 5.644100 0.718235 0.782313 -0.022423 0.622482 0.219511 0.419228 2 4 0.500000 3 0.500000
  0 0.770130 5.106130 0.719673 0.097898 -0.176898 0.979348 0.175216 0.360681 2 4 0.810000 3 0.190000
  0 1.161140 5.204890 0.456161 0.929582 -0.101659 0.354321 0.229367 0.360681 2 4 0.680000 3 0.320000
assets/textures/Ch_MutoYugi01_body_tex
  0 0.000000 5.265570 0.881179 0.000000 -0.355695 0.934602 0.127038 0.391030 2 8 0.500000 4 0.500000
  0 0.770130 5.106130 0.719673 0.097898 -0.176898 0.979348 0.175216 0.360681 2 4 0.810000 3 0.190000
  0 1.191630 5.644100 0.718235 0.782313 -0.022423 0.622482 0.219511 0.419228 2 4 0.500000 3 0.500000
assets/textures/Ch_MutoYugi01_body_tex
  0 0.000000 5.265570 0.881179 0.000000 -0.355695 0.934602 0.127038 0.391030 2 8 0.500000 4 0.500000
  0 -0.770130 5.106130 0.719673 -0.097898 -0.176898 0.979348 0.175216 0.360681 2 8 0.810000 3 0.190000
  0 -0.091918 5.106130 0.488937 0.863241 -0.287252 0.415091 0.111656 0.360681 2 8 0.690000 3 0.310000
assets/textures/Ch_MutoYugi01_body_tex
  0 0.000000 5.265570 0.881179 0.000000 -0.355695 0.934602 0.127038 0.391030 2 8 0.500000 4 0.500000
  0 0.091918 5.106130 0.488937 -0.863242 -0.287252 0.415091 0.111656 0.360681 2 4 0.690000 3 0.310000
  0 0.770130 5.106130 0.719673 0.097898 -0.176898 0.979348 0.175216 0.360681 2 4 0.810000 3 0.190000
assets/textures/Ch_MutoYugi01_body_tex
  0 0.000000 5.265570 0.881179 0.000000 -0.355695 0.934602 0.127038 0.391030 2 8 0.500000 4 0.500000
  0 -0.091918 5.106130 0.488937 0.863241 -0.287252 0.415091 0.111656 0.360681 2 8 0.690000 3 0.310000
  0 0.000000 5.359810 -0.522144 0.000000 -0.027616 -0.999619 0.017535 0.390672 3 8 0.100000 4 0.100000 3 0.800000
assets/textures/Ch_MutoYugi01_body_tex
  0 0.000000 5.265570 0.881179 0.000000 -0.355695 0.934602 0.127038 0.391030 2 8 0.500000 4 0.500000
  0 0.000000 5.359810 -0.522144 0.000000 -0.027616 -0.999619 0.017535 0.390672 3 8 0.100000 4 0.100000 3 0.800000
  0 0.091918 5.106130 0.488937 -0.863242 -0.287252 0.415091 0.111656 0.360681 2 4 0.690000 3 0.310000
assets/textures/Ch_MutoYugi01_body_tex
  0 1.161140 5.204890 0.456161 0.929582 -0.101659 0.354321 0.229367 0.360681 2 4 0.680000 3 0.320000
  0 0.770130 5.106130 0.719673 0.097898 -0.176898 0.979348 0.175216 0.360681 2 4 0.810000 3 0.190000
  0 1.143890 3.560400 0.304925 0.881069 0.002472 0.472982 0.231014 0.246861 2 5 0.290000 4 0.710000
assets/textures/Ch_MutoYugi01_body_tex
  0 1.089820 5.204890 -0.145798 0.791893 0.045774 -0.608942 0.287238 0.360681 2 4 0.640000 3 0.360000
  0 1.161140 5.204890 0.456161 0.929582 -0.101659 0.354321 0.229367 0.360681 2 4 0.680000 3 0.320000
  0 1.143890 3.560400 0.304925 0.881069 0.002472 0.472982 0.231014 0.246861 2 5 0.290000 4 0.710000
assets/textures/Ch_MutoYugi01_body_tex
  0 1.089820 5.204890 -0.145798 0.791893 0.045774 -0.608942 0.287238 0.360681 2 4 0.640000 3 0.360000
  0 0.104452 5.106130 -0.299472 -0.798871 -0.182778 -0.573059 0.361573 0.360681 2 4 0.630000 3 0.370000
  0 0.000000 5.359810 -0.522144 0.000000 -0.027616 -0.999619 0.361573 0.390672 3 8 0.100000 4 0.100000 3 0.800000
assets/textures/Ch_MutoYugi01_body_tex
  0 1.089820 5.204890 -0.145798 0.791893 0.045774 -0.608942 0.287238 0.360681 2 4 0.640000 3 0.360000
  0 1.143890 3.560400 0.304925 0.881069 0.002472 0.472982 0.231014 0.246861 2 5 0.290000 4 0.710000
  0 1.060120 3.696320 -0.401433 0.805213 0.255386 -0.535173 0.287449 0.245133 2 5 0.200000 4 0.800000
assets/textures/Ch_MutoYugi01_body_tex
  0 1.089820 5.204890 -0.145798 0.791893 0.045774 -0.608942 0.287238 0.360681 2 4 0.640000 3 0.360000
  0 1.060120 3.696320 -0.401433 0.805213 0.255386 -0.535173 0.287449 0.245133 2 5 0.200000 4 0.800000
  0 0.104452 5.106130 -0.299472 -0.798871 -0.182778 -0.573059 0.361573 0.360681 2 4 0.630000 3 0.370000
assets/textures/Ch_MutoYugi01_body_tex
  0 -0.770130 5.106130 0.719673 -0.097898 -0.176898 0.979348 0.175216 0.360681 2 8 0.810000 3 0.190000
  0 -0.314435 3.550250 0.307223 0.822965 -0.132785 0.552356 0.107983 0.246861 2 9 0.240000 8 0.760000
  0 -0.091918 5.106130 0.488937 0.863241 -0.287252 0.415091 0.111656 0.360681 2 8 0.690000 3 0.310000
assets/textures/Ch_MutoYugi01_body_tex
  0 -0.770130 5.106130 0.719673 -0.097898 -0.176898 0.979348 0.175216 0.360681 2 8 0.810000 3 0.190000
  0 -1.191630 5.644100 0.718235 -0.782313 -0.022423 0.622482 0.219511 0.419228 2 8 0.500000 3 0.500000
  0 -1.161140 5.204890 0.456161 -0.929582 -0.101659 0.354321 0.229367 0.360681 2 8 0.680000 3 0.320000
assets/textures/Ch_MutoYugi01_body_tex
  0 -1.191630 5.644100 0.718235 -0.782313 -0.022423 0.622482 0.219511 0.419228 2 8 0.500000 3 0.500000
  0 -1.224910 5.644100 -0.060949 -0.701406 0.088367 -0.707263 0.285704 0.419228 2 8 0.400000 3 0.600000
  0 -1.161140 5.204890 0.456161 -0.929582 -0.101659 0.354321 0.229367 0.360681 2 8 0.680000 3 0.320000
assets/textures/Ch_MutoYugi01_body_tex
  0 -0.770130 5.106130 0.719673 -0.097898 -0.176898 0.979348 0.175216 0.360681 2 8 0.810000 3 0.190000
  0 -0.672717 3.344270 0.453792 -0.020382 -0.125793 0.991847 0.175216 0.224418 2 9 0.340000 8 0.660000
  0 -0.314435 3.550250 0.307223 0.822965 -0.132785 0.552356 0.107983 0.246861 2 9 0.240000 8 0.760000
assets/textures/Ch_MutoYugi01_body_tex
  0 -0.770130 5.106130 0.719673 -0.097898 -0.176898 0.979348 0.175216 0.360681 2 8 0.810000 3 0.190000
  0 -1.161140 5.204890 0.456161 -0.929582 -0.101659 0.354321 0.229367 0.360681 2 8 0.680000 3 0.320000
  0 -1.143890 3.560400 0.304925 -0.881069 0.002472 0.472982 0.231014 0.246861 2 9 0.290000 8 0.710000
assets/textures/Ch_MutoYugi01_body_tex
  0 -0.770130 5.106130 0.719673 -0.097898 -0.176898 0.979348 0.175216 0.360681 2 8 0.810000 3 0.190000
  0 -1.143890 3.560400 0.304925 -0.881069 0.002472 0.472982 0.231014 0.246861 2 9 0.290000 8 0.710000
  0 -0.672717 3.344270 0.453792 -0.020382 -0.125793 0.991847 0.175216 0.224418 2 9 0.340000 8 0.660000
assets/textures/Ch_MutoYugi01_body_tex
  0 -0.091918 5.106130 0.488937 0.863241 -0.287252 0.415091 0.111656 0.360681 2 8 0.690000 3 0.310000
  0 -0.314435 3.550250 0.307223 0.822965 -0.132785 0.552356 0.107983 0.246861 2 9 0.240000 8 0.760000
  0 -0.104452 5.106130 -0.299472 0.798871 -0.182778 -0.573059 0.017535 0.360681 2 8 0.630000 3 0.370000
assets/textures/Ch_MutoYugi01_body_tex
  0 -1.161140 5.204890 0.456161 -0.929582 -0.101659 0.354321 0.229367 0.360681 2 8 0.680000 3 0.320000
  0 -1.089820 5.204890 -0.145798 -0.791893 0.045774 -0.608942 0.287238 0.360681 2 8 0.640000 3 0.360000
  0 -1.143890 3.560400 0.304925 -0.881069 0.002472 0.472982 0.231014 0.246861 2 9 0.290000 8 0.710000
assets/textures/Ch_MutoYugi01_body_tex
  0 -1.161140 5.204890 0.456161 -0.929582 -0.101659 0.354321 0.229367 0.360681 2 8 0.680000 3 0.320000
  0 -1.224910 5.644100 -0.060949 -0.701406 0.088367 -0.707263 0.285704 0.419228 2 8 0.400000 3 0.600000
  0 -1.089820 5.204890 -0.145798 -0.791893 0.045774 -0.608942 0.287238 0.360681 2 8 0.640000 3 0.360000
assets/textures/Ch_MutoYugi01_body_tex
  0 1.060120 3.696320 -0.401433 0.805213 0.255386 -0.535173 0.287449 0.245133 2 5 0.200000 4 0.800000
  0 0.386050 3.688000 -0.417691 -0.872530 0.082179 -0.481599 0.361573 0.245133 2 5 0.200000 4 0.800000
  0 0.104452 5.106130 -0.299472 -0.798871 -0.182778 -0.573059 0.361573 0.360681 2 4 0.630000 3 0.370000
assets/textures/Ch_MutoYugi01_body_tex
  0 1.060120 3.696320 -0.401433 0.805213 0.255386 -0.535173 0.287449 0.245133 2 5 0.200000 4 0.800000
  0 1.143890 3.560400 0.304925 0.881069 0.002472 0.472982 0.231014 0.246861 2 5 0.290000 4 0.710000
  0 1.303840 3.420330 0.269462 0.990937 0.024791 0.132018 0.231014 0.227613 2 5 0.450000 4 0.550000
assets/textures/Ch_MutoYugi01_body_tex
  0 1.060120 3.696320 -0.401433 0.805213 0.255386 -0.535173 0.287449 0.245133 2 5 0.200000 4 0.800000
  0 0.293799 3.578180 -0.565564 -0.441243 0.087369 -0.893124 0.361573 0.225692 2 5 0.200000 4 0.800000
  0 0.386050 3.688000 -0.417691 -0.872530 0.082179 -0.481599 0.361573 0.245133 2 5 0.200000 4 0.800000
assets/textures/Ch_MutoYugi01_body_tex
  0 1.060120 3.696320 -0.401433 0.805213 0.255386 -0.535173 0.287449 0.245133 2 5 0.200000 4 0.800000
  0 1.193580 3.556140 -0.567726 0.592627 0.012408 -0.805381 0.287449 0.225692 2 5 0.200000 4 0.800000
  0 0.293799 3.578180 -0.565564 -0.441243 0.087369 -0.893124 0.361573 0.225692 2 5 0.200000 4 0.800000
assets/textures/Ch_MutoYugi01_body_tex
  0 1.060120 3.696320 -0.401433 0.805213 0.255386 -0.535173 0.287449 0.245133 2 5 0.200000 4 0.800000
  0 1.303840 3.420330 0.269462 0.990937 0.024791 0.132018 0.231014 0.227613 2 5 0.450000 4 0.550000
  0 1.193580 3.556140 -0.567726 0.592627 0.012408 -0.805381 0.287449 0.225692 2 5 0.200000 4 0.800000
assets/textures/Ch_MutoYugi01_body_tex
  0 0.770130 5.106130 0.719673 0.097898 -0.176898 0.979348 0.175216 0.360681 2 4 0.810000 3 0.190000
  0 0.091918 5.106130 0.488937 -0.863242 -0.287252 0.415091 0.111656 0.360681 2 4 0.690000 3 0.310000
  0 0.314435 3.550250 0.307223 -0.822965 -0.132785 0.552356 0.107983 0.246861 2 5 0.240000 4 0.760000
assets/textures/Ch_MutoYugi01_body_tex
  0 0.091918 5.106130 0.488937 -0.863242 -0.287252 0.415091 0.111656 0.360681 2 4 0.690000 3 0.310000
  0 0.104452 5.106130 -0.299472 -0.798871 -0.182778 -0.573059 0.017535 0.360681 2 4 0.630000 3 0.370000
  0 0.314435 3.550250 0.307223 -0.822965 -0.132785 0.552356 0.107983 0.246861 2 5 0.240000 4 0.760000
assets/textures/Ch_MutoYugi01_body_tex
  0 1.143890 3.560400 0.304925 0.881069 0.002472 0.472982 0.231014 0.246861 2 5 0.290000 4 0.710000
  0 0.672717 3.344270 0.453792 0.020383 -0.125793 0.991847 0.175216 0.224418 2 5 0.340000 4 0.660000
  0 1.303840 3.420330 0.269462 0.990937 0.024791 0.132018 0.231014 0.227613 2 5 0.450000 4 0.550000
assets/textures/Ch_MutoYugi01_body_tex
  0 0.770130 5.106130 0.719673 0.097898 -0.176898 0.979348 0.175216 0.360681 2 4 0.810000 3 0.190000
  0 0.672717 3.344270 0.453792 0.020383 -0.125793 0.991847 0.175216 0.224418 2 5 0.340000 4 0.660000
  0 1.143890 3.560400 0.304925 0.881069 0.002472 0.472982 0.231014 0.246861 2 5 0.290000 4 0.710000
assets/textures/Ch_MutoYugi01_body_tex
  0 0.770130 5.106130 0.719673 0.097898 -0.176898 0.979348 0.175216 0.360681 2 4 0.810000 3 0.190000
  0 0.314435 3.550250 0.307223 -0.822965 -0.132785 0.552356 0.107983 0.246861 2 5 0.240000 4 0.760000
  0 0.672717 3.344270 0.453792 0.020383 -0.125793 0.991847 0.175216 0.224418 2 5 0.340000 4 0.660000
assets/textures/Ch_MutoYugi01_body_tex
  0 -0.672717 3.344270 0.453792 -0.020382 -0.125793 0.991847 0.175216 0.224418 2 9 0.340000 8 0.660000
  0 -0.217601 3.399970 0.267466 0.962557 0.147176 0.227648 0.107983 0.227613 2 9 0.430000 8 0.570000
  0 -0.314435 3.550250 0.307223 0.822965 -0.132785 0.552356 0.107983 0.246861 2 9 0.240000 8 0.760000
assets/textures/Ch_MutoYugi01_body_tex
  0 -0.672717 3.344270 0.453792 -0.020382 -0.125793 0.991847 0.175216 0.224418 2 9 0.340000 8 0.660000
  0 -1.143890 3.560400 0.304925 -0.881069 0.002472 0.472982 0.231014 0.246861 2 9 0.290000 8 0.710000
  0 -1.303840 3.420330 0.269462 -0.990937 0.024791 0.132018 0.231014 0.227613 2 9 0.450000 8 0.550000
assets/textures/Ch_MutoYugi01_body_tex
  0 -0.672717 3.344270 0.453792 -0.020382 -0.125793 0.991847 0.175216 0.224418 2 9 0.340000 8 0.660000
  0 -0.310663 3.215600 0.281547 0.838808 -0.181278 0.513360 0.107983 0.207395 2 9 0.500000 8 0.500000
  0 -0.217601 3.399970 0.267466 0.962557 0.147176 0.227648 0.107983 0.227613 2 9 0.430000 8 0.570000
assets/textures/Ch_MutoYugi01_body_tex
  0 -0.672717 3.344270 0.453792 -0.020382 -0.125793 0.991847 0.175216 0.224418 2 9 0.340000 8 0.660000
  0 -1.303840 3.420330 0.269462 -0.990937 0.024791 0.132018 0.231014 0.227613 2 9 0.450000 8 0.550000
  0 -1.157580 3.215600 0.281547 -0.829744 -0.293436 0.474784 0.231014 0.207396 2 9 0.500000 8 0.500000
assets/textures/Ch_MutoYugi01_body_tex
  0 -0.672717 3.344270 0.453792 -0.020382 -0.125793 0.991847 0.175216 0.224418 2 9 0.340000 8 0.660000
  0 -0.672717 3.201260 0.482349 -0.006225 -0.191928 0.981389 0.175216 0.205798 2 9 0.500000 8 0.500000
  0 -0.310663 3.215600 0.281547 0.838808 -0.181278 0.513360 0.107983 0.207395 2 9 0.500000 8 0.500000
assets/textures/Ch_MutoYugi01_body_tex
  0 -0.672717 3.344270 0.453792 -0.020382 -0.125793 0.991847 0.175216 0.224418 2 9 0.340000 8 0.660000
  0 -1.157580 3.215600 0.281547 -0.829744 -0.293436 0.474784 0.231014 0.207396 2 9 0.500000 8 0.500000
  0 -0.672717 3.201260 0.482349 -0.006225 -0.191928 0.981389 0.175216 0.205798 2 9 0.500000 8 0.500000
assets/textures/Ch_MutoYugi01_body_tex
  0 -0.104452 5.106130 -0.299472 0.798871 -0.182778 -0.573059 0.017535 0.360681 2 8 0.630000 3 0.370000
  0 -0.314435 3.550250 0.307223 0.822965 -0.132785 0.552356 0.107983 0.246861 2 9 0.240000 8 0.760000
  0 -0.386050 3.688000 -0.417691 0.872530 0.082179 -0.481600 0.017535 0.245133 2 9 0.200000 8 0.800000
assets/textures/Ch_MutoYugi01_body_tex
  0 -0.314435 3.550250 0.307223 0.822965 -0.132785 0.552356 0.107983 0.246861 2 9 0.240000 8 0.760000
  0 -0.217601 3.399970 0.267466 0.962557 0.147176 0.227648 0.107983 0.227613 2 9 0.430000 8 0.570000
  0 -0.386050 3.688000 -0.417691 0.872530 0.082179 -0.481600 0.017535 0.245133 2 9 0.200000 8 0.800000
assets/textures/Ch_MutoYugi01_body_tex
  0 -0.104452 5.106130 -0.299472 0.798871 -0.182778 -0.573059 0.361573 0.360681 2 8 0.630000 3 0.370000
  0 -1.060120 3.696320 -0.401433 -0.805213 0.255386 -0.535173 0.287449 0.245133 2 9 0.200000 8 0.800000
  0 -1.089820 5.204890 -0.145798 -0.791893 0.045774 -0.608942 0.287238 0.360681 2 8 0.640000 3 0.360000
assets/textures/Ch_MutoYugi01_body_tex
  0 -1.143890 3.560400 0.304925 -0.881069 0.002472 0.472982 0.231014 0.246861 2 9 0.290000 8 0.710000
  0 -1.089820 5.204890 -0.145798 -0.791893 0.045774 -0.608942 0.287238 0.360681 2 8 0.640000 3 0.360000
  0 -1.060120 3.696320 -0.401433 -0.805213 0.255386 -0.535173 0.287449 0.245133 2 9 0.200000 8 0.800000
assets/textures/Ch_MutoYugi01_body_tex
  0 -1.143890 3.560400 0.304925 -0.881069 0.002472 0.472982 0.231014 0.246861 2 9 0.290000 8 0.710000
  0 -1.060120 3.696320 -0.401433 -0.805213 0.255386 -0.535173 0.287449 0.245133 2 9 0.200000 8 0.800000
  0 -1.303840 3.420330 0.269462 -0.990937 0.024791 0.132018 0.231014 0.227613 2 9 0.450000 8 0.550000
assets/textures/Ch_MutoYugi01_body_tex
  0 -0.104452 5.106130 -0.299472 0.798871 -0.182778 -0.573059 0.361573 0.360681 2 8 0.630000 3 0.370000
  0 -0.386050 3.688000 -0.417691 0.872530 0.082179 -0.481600 0.361573 0.245133 2 9 0.200000 8 0.800000
  0 -1.060120 3.696320 -0.401433 -0.805213 0.255386 -0.535173 0.287449 0.245133 2 9 0.200000 8 0.800000
assets/textures/Ch_MutoYugi01_body_tex
  0 1.193580 3.556140 -0.567726 0.592627 0.012408 -0.805381 0.287449 0.225692 2 5 0.200000 4 0.800000
  0 1.087270 3.233110 -0.440094 0.511526 -0.162325 -0.843796 0.287449 0.209347 2 5 0.500000 4 0.500000
  0 0.293799 3.578180 -0.565564 -0.441243 0.087369 -0.893124 0.361573 0.225692 2 5 0.200000 4 0.800000
assets/textures/Ch_MutoYugi01_body_tex
  0 1.193580 3.556140 -0.567726 0.592627 0.012408 -0.805381 0.287449 0.225692 2 5 0.200000 4 0.800000
  0 1.303840 3.420330 0.269462 0.990937 0.024791 0.132018 0.231014 0.227613 2 5 0.450000 4 0.550000
  0 1.087270 3.233110 -0.440094 0.511526 -0.162325 -0.843796 0.287449 0.209347 2 5 0.500000 4 0.500000
assets/textures/Ch_MutoYugi01_body_tex
  0 0.672717 3.344270 0.453792 0.020383 -0.125793 0.991847 0.175216 0.224418 2 5 0.340000 4 0.660000
  0 0.314435 3.550250 0.307223 -0.822965 -0.132785 0.552356 0.107983 0.246861 2 5 0.240000 4 0.760000
  0 0.217601 3.399970 0.267466 -0.962557 0.147176 0.227648 0.107983 0.227613 2 5 0.430000 4 0.570000
assets/textures/Ch_MutoYugi01_body_tex
  0 1.303840 3.420330 0.269462 0.990937 0.024791 0.132018 0.231014 0.227613 2 5 0.450000 4 0.550000
  0 1.157580 3.215600 0.281547 0.829744 -0.293436 0.474784 0.231014 0.207396 2 5 0.500000 4 0.500000
  0 1.087270 3.233110 -0.440094 0.511526 -0.162325 -0.843796 0.287449 0.209347 2 5 0.500000 4 0.500000
assets/textures/Ch_MutoYugi01_body_tex
  0 0.672717 3.344270 0.453792 0.020383 -0.125793 0.991847 0.175216 0.224418 2 5 0.340000 4 0.660000
  0 1.157580 3.215600 0.281547 0.829744 -0.293436 0.474784 0.231014 0.207396 2 5 0.500000 4 0.500000
  0 1.303840 3.420330 0.269462 0.990937 0.024791 0.132018 0.231014 0.227613 2 5 0.450000 4 0.550000
assets/textures/Ch_MutoYugi01_body_tex
  0 0.672717 3.344270 0.453792 0.020383 -0.125793 0.991847 0.175216 0.224418 2 5 0.340000 4 0.660000
  0 0.217601 3.399970 0.267466 -0.962557 0.147176 0.227648 0.107983 0.227613 2 5 0.430000 4 0.570000
  0 0.310663 3.215600 0.281547 -0.838808 -0.181278 0.513360 0.107983 0.207395 2 5 0.500000 4 0.500000
assets/textures/Ch_MutoYugi01_body_tex
  0 0.672717 3.344270 0.453792 0.020383 -0.125793 0.991847 0.175216 0.224418 2 5 0.340000 4 0.660000
  0 0.672717 3.201260 0.482349 0.006225 -0.191928 0.981389 0.175216 0.205798 2 5 0.500000 4 0.500000
  0 1.157580 3.215600 0.281547 0.829744 -0.293436 0.474784 0.231014 0.207396 2 5 0.500000 4 0.500000
assets/textures/Ch_MutoYugi01_body_tex
  0 0.672717 3.344270 0.453792 0.020383 -0.125793 0.991847 0.175216 0.224418 2 5 0.340000 4 0.660000
  0 0.310663 3.215600 0.281547 -0.838808 -0.181278 0.513360 0.107983 0.207395 2 5 0.500000 4 0.500000
  0 0.672717 3.201260 0.482349 0.006225 -0.191928 0.981389 0.175216 0.205798 2 5 0.500000 4 0.500000
assets/textures/Ch_MutoYugi01_body_tex
  0 0.104452 5.106130 -0.299472 -0.798871 -0.182778 -0.573059 0.017535 0.360681 2 4 0.630000 3 0.370000
  0 0.386050 3.688000 -0.417691 -0.872530 0.082179 -0.481599 0.017535 0.245133 2 5 0.200000 4 0.800000
  0 0.314435 3.550250 0.307223 -0.822965 -0.132785 0.552356 0.107983 0.246861 2 5 0.240000 4 0.760000
assets/textures/Ch_MutoYugi01_body_tex
  0 0.314435 3.550250 0.307223 -0.822965 -0.132785 0.552356 0.107983 0.246861 2 5 0.240000 4 0.760000
  0 0.386050 3.688000 -0.417691 -0.872530 0.082179 -0.481599 0.017535 0.245133 2 5 0.200000 4 0.800000
  0 0.217601 3.399970 0.267466 -0.962557 0.147176 0.227648 0.107983 0.227613 2 5 0.430000 4 0.570000
assets/textures/Ch_MutoYugi01_body_tex
  0 -0.672717 3.201260 0.482349 -0.006225 -0.191928 0.981389 0.175216 0.205798 2 9 0.500000 8 0.500000
  0 -1.157580 3.215600 0.281547 -0.829744 -0.293436 0.474784 0.231014 0.207396 2 9 0.500000 8 0.500000
  0 -0.675361 3.022700 0.423868 0.010664 0.032715 0.999408 0.175216 0.180208 2 9 0.790000 8 0.210000
assets/textures/Ch_MutoYugi01_body_tex
  0 -0.310663 3.215600 0.281547 0.838808 -0.181278 0.513360 0.107983 0.207395 2 9 0.500000 8 0.500000
  0 -0.672717 3.201260 0.482349 -0.006225 -0.191928 0.981389 0.175216 0.205798 2 9 0.500000 8 0.500000
  0 -0.675361 3.022700 0.423868 0.010664 0.032715 0.999408 0.175216 0.180208 2 9 0.790000 8 0.210000
assets/textures/Ch_MutoYugi01_body_tex
  0 -0.293799 3.578180 -0.565564 0.441243 0.087369 -0.893124 0.017535 0.225692 2 9 0.200000 8 0.800000
  0 -0.386050 3.688000 -0.417691 0.872530 0.082179 -0.481600 0.017535 0.245133 2 9 0.200000 8 0.800000
  0 -0.217601 3.399970 0.267466 0.962557 0.147176 0.227648 0.107983 0.227613 2 9 0.430000 8 0.570000
assets/textures/Ch_MutoYugi01_body_tex
  0 -0.310663 3.215600 0.281547 0.838808 -0.181278 0.513360 0.107983 0.207395 2 9 0.500000 8 0.500000
  0 -0.293799 3.578180 -0.565564 0.441243 0.087369 -0.893124 0.017535 0.225692 2 9 0.200000 8 0.800000
  0 -0.217601 3.399970 0.267466 0.962557 0.147176 0.227648 0.107983 0.227613 2 9 0.430000 8 0.570000
assets/textures/Ch_MutoYugi01_body_tex
  0 -0.310663 3.215600 0.281547 0.838808 -0.181278 0.513360 0.107983 0.207395 2 9 0.500000 8 0.500000
  0 -0.675361 3.022700 0.423868 0.010664 0.032715 0.999408 0.175216 0.180208 2 9 0.790000 8 0.210000
  0 -0.258895 2.977310 0.167850 0.929010 0.051843 0.366404 0.107983 0.180208 2 9 0.630000 8 0.370000
assets/textures/Ch_MutoYugi01_body_tex
  0 -0.310663 3.215600 0.281547 0.838808 -0.181278 0.513360 0.107983 0.207395 2 9 0.500000 8 0.500000
  0 -0.376670 3.233110 -0.440094 0.449444 -0.059743 -0.891308 0.017535 0.209347 2 9 0.500000 8 0.500000
  0 -0.293799 3.578180 -0.565564 0.441243 0.087369 -0.893124 0.017535 0.225692 2 9 0.200000 8 0.800000
assets/textures/Ch_MutoYugi01_body_tex
  0 -0.310663 3.215600 0.281547 0.838808 -0.181278 0.513360 0.107983 0.207395 2 9 0.500000 8 0.500000
  0 -0.352519 2.846430 -0.570484 0.639586 0.095568 -0.762756 0.017534 0.180208 2 9 0.800000 8 0.200000
  0 -0.376670 3.233110 -0.440094 0.449444 -0.059743 -0.891308 0.017535 0.209347 2 9 0.500000 8 0.500000
assets/textures/Ch_MutoYugi01_body_tex
  0 -0.310663 3.215600 0.281547 0.838808 -0.181278 0.513360 0.107983 0.207395 2 9 0.500000 8 0.500000
  0 -0.258895 2.977310 0.167850 0.929010 0.051843 0.366404 0.107983 0.180208 2 9 0.630000 8 0.370000
  0 -0.352519 2.846430 -0.570484 0.639586 0.095568 -0.762756 0.017534 0.180208 2 9 0.800000 8 0.200000
assets/textures/Ch_MutoYugi01_body_tex
  0 -0.386050 3.688000 -0.417691 0.872530 0.082179 -0.481600 0.361573 0.245133 2 9 0.200000 8 0.800000
  0 -0.293799 3.578180 -0.565564 0.441243 0.087369 -0.893124 0.361573 0.225692 2 9 0.200000 8 0.800000
  0 -1.060120 3.696320 -0.401433 -0.805213 0.255386 -0.535173 0.287449 0.245133 2 9 0.200000 8 0.800000
assets/textures/Ch_MutoYugi01_body_tex
  0 -1.303840 3.420330 0.269462 -0.990937 0.024791 0.132018 0.231014 0.227613 2 9 0.450000 8 0.550000
  0 -1.087270 3.233110 -0.440094 -0.511526 -0.162325 -0.843796 0.287449 0.209347 2 9 0.500000 8 0.500000
  0 -1.157580 3.215600 0.281547 -0.829744 -0.293436 0.474784 0.231014 0.207396 2 9 0.500000 8 0.500000
assets/textures/Ch_MutoYugi01_body_tex
  0 -1.303840 3.420330 0.269462 -0.990937 0.024791 0.132018 0.231014 0.227613 2 9 0.450000 8 0.550000
  0 -1.193580 3.556140 -0.567726 -0.592627 0.012408 -0.805381 0.287449 0.225692 2 9 0.200000 8 0.800000
  0 -1.087270 3.233110 -0.440094 -0.511526 -0.162325 -0.843796 0.287449 0.209347 2 9 0.500000 8 0.500000
assets/textures/Ch_MutoYugi01_body_tex
  0 -1.193580 3.556140 -0.567726 -0.592627 0.012408 -0.805381 0.287449 0.225692 2 9 0.200000 8 0.800000
  0 -0.293799 3.578180 -0.565564 0.441243 0.087369 -0.893124 0.361573 0.225692 2 9 0.200000 8 0.800000
  0 -1.087270 3.233110 -0.440094 -0.511526 -0.162325 -0.843796 0.287449 0.209347 2 9 0.500000 8 0.500000
assets/textures/Ch_MutoYugi01_body_tex
  0 -1.193580 3.556140 -0.567726 -0.592627 0.012408 -0.805381 0.287449 0.225692 2 9 0.200000 8 0.800000
  0 -1.060120 3.696320 -0.401433 -0.805213 0.255386 -0.535173 0.287449 0.245133 2 9 0.200000 8 0.800000
  0 -0.293799 3.578180 -0.565564 0.441243 0.087369 -0.893124 0.361573 0.225692 2 9 0.200000 8 0.800000
assets/textures/Ch_MutoYugi01_body_tex
  0 -1.303840 3.420330 0.269462 -0.990937 0.024791 0.132018 0.231014 0.227613 2 9 0.450000 8 0.550000
  0 -1.060120 3.696320 -0.401433 -0.805213 0.255386 -0.535173 0.287449 0.245133 2 9 0.200000 8 0.800000
  0 -1.193580 3.556140 -0.567726 -0.592627 0.012408 -0.805381 0.287449 0.225692 2 9 0.200000 8 0.800000
assets/textures/Ch_MutoYugi01_body_tex
  0 0.293799 3.578180 -0.565564 -0.441243 0.087369 -0.893124 0.361573 0.225692 2 5 0.200000 4 0.800000
  0 1.087270 3.233110 -0.440094 0.511526 -0.162325 -0.843796 0.287449 0.209347 2 5 0.500000 4 0.500000
  0 0.376670 3.233110 -0.440094 -0.449444 -0.059743 -0.891308 0.361573 0.209347 2 5 0.500000 4 0.500000
assets/textures/Ch_MutoYugi01_body_tex
  0 0.672717 3.201260 0.482349 0.006225 -0.191928 0.981389 0.175216 0.205798 2 5 0.500000 4 0.500000
  0 0.675361 3.022700 0.423868 -0.010664 0.032715 0.999408 0.175216 0.180208 2 5 0.790000 4 0.210000
  0 1.157580 3.215600 0.281547 0.829744 -0.293436 0.474784 0.231014 0.207396 2 5 0.500000 4 0.500000
assets/textures/Ch_MutoYugi01_body_tex
  0 0.310663 3.215600 0.281547 -0.838808 -0.181278 0.513360 0.107983 0.207395 2 5 0.500000 4 0.500000
  0 0.675361 3.022700 0.423868 -0.010664 0.032715 0.999408 0.175216 0.180208 2 5 0.790000 4 0.210000
  0 0.672717 3.201260 0.482349 0.006225 -0.191928 0.981389 0.175216 0.205798 2 5 0.500000 4 0.500000
assets/textures/Ch_MutoYugi01_body_tex
  0 0.293799 3.578180 -0.565564 -0.441243 0.087369 -0.893124 0.017535 0.225692 2 5 0.200000 4 0.800000
  0 0.217601 3.399970 0.267466 -0.962557 0.147176 0.227648 0.107983 0.227613 2 5 0.430000 4 0.570000
  0 0.386050 3.688000 -0.417691 -0.872530 0.082179 -0.481599 0.017535 0.245133 2 5 0.200000 4 0.800000
assets/textures/Ch_MutoYugi01_body_tex
  0 0.310663 3.215600 0.281547 -0.838808 -0.181278 0.513360 0.107983 0.207395 2 5 0.500000 4 0.500000
  0 0.217601 3.399970 0.267466 -0.962557 0.147176 0.227648 0.107983 0.227613 2 5 0.430000 4 0.570000
  0 0.293799 3.578180 -0.565564 -0.441243 0.087369 -0.893124 0.017535 0.225692 2 5 0.200000 4 0.800000
assets/textures/Ch_MutoYugi01_body_tex
  0 0.310663 3.215600 0.281547 -0.838808 -0.181278 0.513360 0.107983 0.207395 2 5 0.500000 4 0.500000
  0 0.258895 2.977310 0.167850 -0.929010 0.051843 0.366404 0.107983 0.180208 2 5 0.630000 4 0.370000
  0 0.675361 3.022700 0.423868 -0.010664 0.032715 0.999408 0.175216 0.180208 2 5 0.790000 4 0.210000
assets/textures/Ch_MutoYugi01_body_tex
  0 0.310663 3.215600 0.281547 -0.838808 -0.181278 0.513360 0.107983 0.207395 2 5 0.500000 4 0.500000
  0 0.293799 3.578180 -0.565564 -0.441243 0.087369 -0.893124 0.017535 0.225692 2 5 0.200000 4 0.800000
  0 0.376670 3.233110 -0.440094 -0.449444 -0.059743 -0.891308 0.017535 0.209347 2 5 0.500000 4 0.500000
assets/textures/Ch_MutoYugi01_body_tex
  0 0.310663 3.215600 0.281547 -0.838808 -0.181278 0.513360 0.107983 0.207395 2 5 0.500000 4 0.500000
  0 0.376670 3.233110 -0.440094 -0.449444 -0.059743 -0.891308 0.017535 0.209347 2 5 0.500000 4 0.500000
  0 0.352519 2.846430 -0.570484 -0.639586 0.095568 -0.762756 0.017534 0.180208 2 5 0.800000 4 0.200000
assets/textures/Ch_MutoYugi01_body_tex
  0 0.310663 3.215600 0.281547 -0.838808 -0.181278 0.513360 0.107983 0.207395 2 5 0.500000 4 0.500000
  0 0.352519 2.846430 -0.570484 -0.639586 0.095568 -0.762756 0.017534 0.180208 2 5 0.800000 4 0.200000
  0 0.258895 2.977310 0.167850 -0.929010 0.051843 0.366404 0.107983 0.180208 2 5 0.630000 4 0.370000
assets/textures/Ch_MutoYugi01_body_tex
  0 -0.258895 2.977310 0.167850 0.929010 0.051843 0.366404 0.107983 0.180208 2 9 0.630000 8 0.370000
  0 -0.240221 1.796840 0.153587 0.931736 0.119636 0.342863 0.107983 0.098496 2 10 0.400000 9 0.600000
  0 -0.352519 2.846430 -0.570484 0.639586 0.095568 -0.762756 0.017534 0.180208 2 9 0.800000 8 0.200000
assets/textures/Ch_MutoYugi01_body_tex
  0 -0.258895 2.977310 0.167850 0.929010 0.051843 0.366404 0.107983 0.180208 2 9 0.630000 8 0.370000
  0 -0.675361 3.022700 0.423868 0.010664 0.032715 0.999408 0.175216 0.180208 2 9 0.790000 8 0.210000
  0 -0.240221 1.796840 0.153587 0.931736 0.119636 0.342863 0.107983 0.098496 2 10 0.400000 9 0.600000
assets/textures/Ch_MutoYugi01_body_tex
  0 -1.157580 3.215600 0.281547 -0.829744 -0.293436 0.474784 0.231014 0.207396 2 9 0.500000 8 0.500000
  0 -1.087270 3.233110 -0.440094 -0.511526 -0.162325 -0.843796 0.287449 0.209347 2 9 0.500000 8 0.500000
  0 -1.117730 2.846430 -0.570484 -0.630599 0.110192 -0.768246 0.287449 0.180208 2 9 0.800000 8 0.200000
assets/textures/Ch_MutoYugi01_body_tex
  0 -1.157580 3.215600 0.281547 -0.829744 -0.293436 0.474784 0.231014 0.207396 2 9 0.500000 8 0.500000
  0 -1.117730 2.846430 -0.570484 -0.630599 0.110192 -0.768246 0.287449 0.180208 2 9 0.800000 8 0.200000
  0 -1.222360 2.977310 0.167850 -0.890275 0.083118 0.447774 0.231014 0.180208 2 9 0.590000 8 0.410000
assets/textures/Ch_MutoYugi01_body_tex
  0 -1.157580 3.215600 0.281547 -0.829744 -0.293436 0.474784 0.231014 0.207396 2 9 0.500000 8 0.500000
  0 -1.222360 2.977310 0.167850 -0.890275 0.083118 0.447774 0.231014 0.180208 2 9 0.590000 8 0.410000
  0 -0.675361 3.022700 0.423868 0.010664 0.032715 0.999408 0.175216 0.180208 2 9 0.790000 8 0.210000
assets/textures/Ch_MutoYugi01_body_tex
  0 -0.293799 3.578180 -0.565564 0.441243 0.087369 -0.893124 0.361573 0.225692 2 9 0.200000 8 0.800000
  0 -0.376670 3.233110 -0.440094 0.449444 -0.059743 -0.891308 0.361573 0.209347 2 9 0.500000 8 0.500000
  0 -1.087270 3.233110 -0.440094 -0.511526 -0.162325 -0.843796 0.287449 0.209347 2 9 0.500000 8 0.500000
assets/textures/Ch_MutoYugi01_body_tex
  0 1.087270 3.233110 -0.440094 0.511526 -0.162325 -0.843796 0.287449 0.209347 2 5 0.500000 4 0.500000
  0 0.352519 2.846430 -0.570484 -0.639586 0.095568 -0.762756 0.361573 0.180208 2 5 0.800000 4 0.200000
  0 0.376670 3.233110 -0.440094 -0.449444 -0.059743 -0.891308 0.361573 0.209347 2 5 0.500000 4 0.500000
assets/textures/Ch_MutoYugi01_body_tex
  0 1.087270 3.233110 -0.440094 0.511526 -0.162325 -0.843796 0.287449 0.209347 2 5 0.500000 4 0.500000
  0 1.157580 3.215600 0.281547 0.829744 -0.293436 0.474784 0.231014 0.207396 2 5 0.500000 4 0.500000
  0 1.117730 2.846430 -0.570484 0.630599 0.110192 -0.768246 0.287449 0.180208 2 5 0.800000 4 0.200000
assets/textures/Ch_MutoYugi01_body_tex
  0 1.087270 3.233110 -0.440094 0.511526 -0.162325 -0.843796 0.287449 0.209347 2 5 0.500000 4 0.500000
  0 1.117730 2.846430 -0.570484 0.630599 0.110192 -0.768246 0.287449 0.180208 2 5 0.800000 4 0.200000
  0 0.352519 2.846430 -0.570484 -0.639586 0.095568 -0.762756 0.361573 0.180208 2 5 0.800000 4 0.200000
assets/textures/Ch_MutoYugi01_body_tex
  0 0.258895 2.977310 0.167850 -0.929010 0.051843 0.366404 0.107983 0.180208 2 5 0.630000 4 0.370000
  0 0.352519 2.846430 -0.570484 -0.639586 0.095568 -0.762756 0.017534 0.180208 2 5 0.800000 4 0.200000
  0 0.240221 1.796840 0.153587 -0.931736 0.119636 0.342863 0.107983 0.098496 2 6 0.400000 5 0.600000
assets/textures/Ch_MutoYugi01_body_tex
  0 0.258895 2.977310 0.167850 -0.929010 0.051843 0.366404 0.107983 0.180208 2 5 0.630000 4 0.370000
  0 0.240221 1.796840 0.153587 -0.931736 0.119636 0.342863 0.107983 0.098496 2 6 0.400000 5 0.600000
  0 0.675361 3.022700 0.423868 -0.010664 0.032715 0.999408 0.175216 0.180208 2 5 0.790000 4 0.210000
assets/textures/Ch_MutoYugi01_body_tex
  0 -0.352519 2.846430 -0.570484 0.639586 0.095568 -0.762756 0.017534 0.180208 2 9 0.800000 8 0.200000
  0 -0.240221 1.796840 0.153587 0.931736 0.119636 0.342863 0.107983 0.098496 2 10 0.400000 9 0.600000
  0 -0.336838 1.836820 -0.609430 0.686820 0.217198 -0.693616 0.017534 0.102787 2 10 0.460000 9 0.540000
assets/textures/Ch_MutoYugi01_body_tex
  0 -0.675361 3.022700 0.423868 0.010664 0.032715 0.999408 0.175216 0.180208 2 9 0.790000 8 0.210000
  0 -1.222360 2.977310 0.167850 -0.890275 0.083118 0.447774 0.231014 0.180208 2 9 0.590000 8 0.410000
  0 -1.263990 1.796840 0.153587 -0.883495 0.210537 0.418463 0.231014 0.098496 2 10 0.430000 9 0.570000
assets/textures/Ch_MutoYugi01_body_tex
  0 -1.222360 2.977310 0.167850 -0.890275 0.083118 0.447774 0.231014 0.180208 2 9 0.590000 8 0.410000
  0 -1.117730 2.846430 -0.570484 -0.630599 0.110192 -0.768246 0.287449 0.180208 2 9 0.800000 8 0.200000
  0 -1.263990 1.796840 0.153587 -0.883495 0.210537 0.418463 0.231014 0.098496 2 10 0.430000 9 0.570000
assets/textures/Ch_MutoYugi01_body_tex
  0 -0.675361 3.022700 0.423868 0.010664 0.032715 0.999408 0.175216 0.180208 2 9 0.790000 8 0.210000
  0 -1.263990 1.796840 0.153587 -0.883495 0.210537 0.418463 0.231014 0.098496 2 10 0.430000 9 0.570000
  0 -0.713538 1.683930 0.661421 -0.015352 0.248675 0.968465 0.175216 0.088897 2 10 0.610000 9 0.390000
assets/textures/Ch_MutoYugi01_body_tex
  0 -0.675361 3.022700 0.423868 0.010664 0.032715 0.999408 0.175216 0.180208 2 9 0.790000 8 0.210000
  0 -0.713538 1.683930 0.661421 -0.015352 0.248675 0.968465 0.175216 0.088897 2 10 0.610000 9 0.390000
  0 -0.240221 1.796840 0.153587 0.931736 0.119636 0.342863 0.107983 0.098496 2 10 0.400000 9 0.600000
assets/textures/Ch_MutoYugi01_body_tex
  0 -1.087270 3.233110 -0.440094 -0.511526 -0.162325 -0.843796 0.287449 0.209347 2 9 0.500000 8 0.500000
  0 -0.352519 2.846430 -0.570484 0.639586 0.095568 -0.762756 0.361573 0.180208 2 9 0.800000 8 0.200000
  0 -1.117730 2.846430 -0.570484 -0.630599 0.110192 -0.768246 0.287449 0.180208 2 9 0.800000 8 0.200000
assets/textures/Ch_MutoYugi01_body_tex
  0 -0.376670 3.233110 -0.440094 0.449444 -0.059743 -0.891308 0.361573 0.209347 2 9 0.500000 8 0.500000
  0 -0.352519 2.846430 -0.570484 0.639586 0.095568 -0.762756 0.361573 0.180208 2 9 0.800000 8 0.200000
  0 -1.087270 3.233110 -0.440094 -0.511526 -0.162325 -0.843796 0.287449 0.209347 2 9 0.500000 8 0.500000
assets/textures/Ch_MutoYugi01_body_tex
  0 1.157580 3.215600 0.281547 0.829744 -0.293436 0.474784 0.231014 0.207396 2 5 0.500000 4 0.500000
  0 1.222360 2.977310 0.167850 0.890275 0.083118 0.447774 0.231014 0.180208 2 5 0.590000 4 0.410000
  0 1.117730 2.846430 -0.570484 0.630599 0.110192 -0.768246 0.287449 0.180208 2 5 0.800000 4 0.200000
assets/textures/Ch_MutoYugi01_body_tex
  0 1.157580 3.215600 0.281547 0.829744 -0.293436 0.474784 0.231014 0.207396 2 5 0.500000 4 0.500000
  0 0.675361 3.022700 0.423868 -0.010664 0.032715 0.999408 0.175216 0.180208 2 5 0.790000 4 0.210000
  0 1.222360 2.977310 0.167850 0.890275 0.083118 0.447774 0.231014 0.180208 2 5 0.590000 4 0.410000
assets/textures/Ch_MutoYugi01_body_tex
  0 0.352519 2.846430 -0.570484 -0.639586 0.095568 -0.762756 0.361573 0.180208 2 5 0.800000 4 0.200000
  0 1.117730 2.846430 -0.570484 0.630599 0.110192 -0.768246 0.287449 0.180208 2 5 0.800000 4 0.200000
  0 0.336838 1.836820 -0.609430 -0.686820 0.217198 -0.693616 0.361573 0.108390 2 6 0.460000 5 0.540000
assets/textures/Ch_MutoYugi01_body_tex
  0 0.352519 2.846430 -0.570484 -0.639586 0.095568 -0.762756 0.017534 0.180208 2 5 0.800000 4 0.200000
  0 0.336838 1.836820 -0.609430 -0.686820 0.217198 -0.693616 0.017534 0.102787 2 6 0.460000 5 0.540000
  0 0.240221 1.796840 0.153587 -0.931736 0.119636 0.342863 0.107983 0.098496 2 6 0.400000 5 0.600000
assets/textures/Ch_MutoYugi01_body_tex
  0 -0.240221 1.796840 0.153587 0.931736 0.119636 0.342863 0.107983 0.098496 2 10 0.400000 9 0.600000
  0 -0.713538 1.683930 0.661421 -0.015352 0.248675 0.968465 0.175216 0.088897 2 10 0.610000 9 0.390000
  0 -0.162470 1.607360 0.170186 0.974441 0.002714 0.224629 0.107983 0.071956 2 10 0.500000 9 0.500000
assets/textures/Ch_MutoYugi01_body_tex
  0 -0.336838 1.836820 -0.609430 0.686820 0.217198 -0.693616 0.017534 0.102787 2 10 0.460000 9 0.540000
  0 -0.240221 1.796840 0.153587 0.931736 0.119636 0.342863 0.107983 0.098496 2 10 0.400000 9 0.600000
  0 -0.162470 1.607360 0.170186 0.974441 0.002714 0.224629 0.107983 0.071956 2 10 0.500000 9 0.500000
assets/textures/Ch_MutoYugi01_body_tex
  0 -0.336838 1.836820 -0.609430 0.686820 0.217198 -0.693616 0.017534 0.102787 2 10 0.460000 9 0.540000
  0 -0.162470 1.607360 0.170186 0.974441 0.002714 0.224629 0.107983 0.071956 2 10 0.500000 9 0.500000
  0 -0.295445 1.685480 -0.810310 0.468229 0.026358 -0.883214 0.017534 0.071956 2 10 0.500000 9 0.500000
assets/textures/Ch_MutoYugi01_body_tex
  0 -1.263990 1.796840 0.153587 -0.883495 0.210537 0.418463 0.231014 0.098496 2 10 0.430000 9 0.570000
  0 -1.117730 2.846430 -0.570484 -0.630599 0.110192 -0.768246 0.287449 0.180208 2 9 0.800000 8 0.200000
  0 -1.165180 1.836820 -0.609430 -0.672553 0.285858 -0.682611 0.287449 0.102787 2 10 0.470000 9 0.530000
assets/textures/Ch_MutoYugi01_body_tex
  0 -1.263990 1.796840 0.153587 -0.883495 0.210537 0.418463 0.231014 0.098496 2 10 0.430000 9 0.570000
  0 -1.448850 1.607360 0.170186 -0.976982 0.013373 0.212900 0.231014 0.071956 2 10 0.500000 9 0.500000
  0 -0.713538 1.683930 0.661421 -0.015352 0.248675 0.968465 0.175216 0.088897 2 10 0.610000 9 0.390000
assets/textures/Ch_MutoYugi01_body_tex
  0 -1.263990 1.796840 0.153587 -0.883495 0.210537 0.418463 0.231014 0.098496 2 10 0.430000 9 0.570000
  0 -1.165180 1.836820 -0.609430 -0.672553 0.285858 -0.682611 0.287449 0.102787 2 10 0.470000 9 0.530000
  0 -1.448850 1.607360 0.170186 -0.976982 0.013373 0.212900 0.231014 0.071956 2 10 0.500000 9 0.500000
assets/textures/Ch_MutoYugi01_body_tex
  0 -1.117730 2.846430 -0.570484 -0.630599 0.110192 -0.768246 0.287449 0.180208 2 9 0.800000 8 0.200000
  0 -0.336838 1.836820 -0.609430 0.686820 0.217198 -0.693616 0.361573 0.108390 2 10 0.460000 9 0.540000
  0 -1.165180 1.836820 -0.609430 -0.672553 0.285858 -0.682611 0.287449 0.102787 2 10 0.470000 9 0.530000
assets/textures/Ch_MutoYugi01_body_tex
  0 -0.352519 2.846430 -0.570484 0.639586 0.095568 -0.762756 0.361573 0.180208 2 9 0.800000 8 0.200000
  0 -0.336838 1.836820 -0.609430 0.686820 0.217198 -0.693616 0.361573 0.108390 2 10 0.460000 9 0.540000
  0 -1.117730 2.846430 -0.570484 -0.630599 0.110192 -0.768246 0.287449 0.180208 2 9 0.800000 8 0.200000
assets/textures/Ch_MutoYugi01_body_tex
  0 0.675361 3.022700 0.423868 -0.010664 0.032715 0.999408 0.175216 0.180208 2 5 0.790000 4 0.210000
  0 1.263990 1.796840 0.153587 0.883495 0.210537 0.418463 0.231014 0.098496 2 6 0.430000 5 0.570000
  0 1.222360 2.977310 0.167850 0.890275 0.083118 0.447774 0.231014 0.180208 2 5 0.590000 4 0.410000
assets/textures/Ch_MutoYugi01_body_tex
  0 1.222360 2.977310 0.167850 0.890275 0.083118 0.447774 0.231014 0.180208 2 5 0.590000 4 0.410000
  0 1.263990 1.796840 0.153587 0.883495 0.210537 0.418463 0.231014 0.098496 2 6 0.430000 5 0.570000
  0 1.117730 2.846430 -0.570484 0.630599 0.110192 -0.768246 0.287449 0.180208 2 5 0.800000 4 0.200000
assets/textures/Ch_MutoYugi01_body_tex
  0 0.675361 3.022700 0.423868 -0.010664 0.032715 0.999408 0.175216 0.180208 2 5 0.790000 4 0.210000
  0 0.240221 1.796840 0.153587 -0.931736 0.119636 0.342863 0.107983 0.098496 2 6 0.400000 5 0.600000
  0 0.713538 1.683930 0.661421 0.015352 0.248675 0.968465 0.175216 0.088897 2 6 0.610000 5 0.390000
assets/textures/Ch_MutoYugi01_body_tex
  0 0.675361 3.022700 0.423868 -0.010664 0.032715 0.999408 0.175216 0.180208 2 5 0.790000 4 0.210000
  0 0.713538 1.683930 0.661421 0.015352 0.248675 0.968465 0.175216 0.088897 2 6 0.610000 5 0.390000
  0 1.263990 1.796840 0.153587 0.883495 0.210537 0.418463 0.231014 0.098496 2 6 0.430000 5 0.570000
assets/textures/Ch_MutoYugi01_body_tex
  0 1.117730 2.846430 -0.570484 0.630599 0.110192 -0.768246 0.287449 0.180208 2 5 0.800000 4 0.200000
  0 1.263990 1.796840 0.153587 0.883495 0.210537 0.418463 0.231014 0.098496 2 6 0.430000 5 0.570000
  0 1.165180 1.836820 -0.609430 0.672553 0.285858 -0.682611 0.287449 0.102787 2 6 0.470000 5 0.530000
assets/textures/Ch_MutoYugi01_body_tex
  0 0.336838 1.836820 -0.609430 -0.686820 0.217198 -0.693616 0.361573 0.108390 2 6 0.460000 5 0.540000
  0 1.117730 2.846430 -0.570484 0.630599 0.110192 -0.768246 0.287449 0.180208 2 5 0.800000 4 0.200000
  0 1.165180 1.836820 -0.609430 0.672553 0.285858 -0.682611 0.287449 0.102787 2 6 0.470000 5 0.530000
assets/textures/Ch_MutoYugi01_body_tex
  0 0.336838 1.836820 -0.609430 -0.686820 0.217198 -0.693616 0.361573 0.108390 2 6 0.460000 5 0.540000
  0 1.165180 1.836820 -0.609430 0.672553 0.285858 -0.682611 0.287449 0.102787 2 6 0.470000 5 0.530000
  0 0.295445 1.685480 -0.810310 -0.468229 0.026358 -0.883214 0.361573 0.071956 2 6 0.500000 5 0.500000
assets/textures/Ch_MutoYugi01_body_tex
  0 0.336838 1.836820 -0.609430 -0.686820 0.217198 -0.693616 0.017534 0.102787 2 6 0.460000 5 0.540000
  0 0.162470 1.607360 0.170186 -0.974441 0.002714 0.224629 0.107983 0.071956 2 6 0.500000 5 0.500000
  0 0.240221 1.796840 0.153587 -0.931736 0.119636 0.342863 0.107983 0.098496 2 6 0.400000 5 0.600000
assets/textures/Ch_MutoYugi01_body_tex
  0 0.240221 1.796840 0.153587 -0.931736 0.119636 0.342863 0.107983 0.098496 2 6 0.400000 5 0.600000
  0 0.162470 1.607360 0.170186 -0.974441 0.002714 0.224629 0.107983 0.071956 2 6 0.500000 5 0.500000
  0 0.713538 1.683930 0.661421 0.015352 0.248675 0.968465 0.175216 0.088897 2 6 0.610000 5 0.390000
assets/textures/Ch_MutoYugi01_body_tex
  0 0.336838 1.836820 -0.609430 -0.686820 0.217198 -0.693616 0.017534 0.102787 2 6 0.460000 5 0.540000
  0 0.295445 1.685480 -0.810310 -0.468229 0.026358 -0.883214 0.017534 0.071956 2 6 0.500000 5 0.500000
  0 0.162470 1.607360 0.170186 -0.974441 0.002714 0.224629 0.107983 0.071956 2 6 0.500000 5 0.500000
assets/textures/Ch_MutoYugi01_body_tex
  0 -0.295445 1.685480 -0.810310 0.468229 0.026358 -0.883214 0.017534 0.071956 2 10 0.500000 9 0.500000
  0 -0.162470 1.607360 0.170186 0.974441 0.002714 0.224629 0.107983 0.071956 2 10 0.500000 9 0.500000
  0 -0.355934 1.474280 -0.614222 0.699431 -0.058873 -0.712272 0.017534 0.052956 2 10 0.500000 9 0.500000
assets/textures/Ch_MutoYugi01_body_tex
  0 -0.713538 1.683930 0.661421 -0.015352 0.248675 0.968465 0.175216 0.088897 2 10 0.610000 9 0.390000
  0 -0.702490 1.539250 0.806651 0.032178 0.027128 0.999114 0.175216 0.071956 2 10 0.820000 9 0.180000
  0 -0.162470 1.607360 0.170186 0.974441 0.002714 0.224629 0.107983 0.071956 2 10 0.500000 9 0.500000
assets/textures/Ch_MutoYugi01_body_tex
  0 -0.713538 1.683930 0.661421 -0.015352 0.248675 0.968465 0.175216 0.088897 2 10 0.610000 9 0.390000
  0 -1.448850 1.607360 0.170186 -0.976982 0.013373 0.212900 0.231014 0.071956 2 10 0.500000 9 0.500000
  0 -0.702490 1.539250 0.806651 0.032178 0.027128 0.999114 0.175216 0.071956 2 10 0.820000 9 0.180000
assets/textures/Ch_MutoYugi01_body_tex
  0 -0.336838 1.836820 -0.609430 0.686820 0.217198 -0.693616 0.361573 0.108390 2 10 0.460000 9 0.540000
  0 -0.295445 1.685480 -0.810310 0.468229 0.026358 -0.883214 0.361573 0.071956 2 10 0.500000 9 0.500000
  0 -1.165180 1.836820 -0.609430 -0.672553 0.285858 -0.682611 0.287449 0.102787 2 10 0.470000 9 0.530000
assets/textures/Ch_MutoYugi01_body_tex
  0 0.295445 1.685480 -0.810310 -0.468229 0.026358 -0.883214 0.361573 0.071956 2 6 0.500000 5 0.500000
  0 1.165180 1.836820 -0.609430 0.672553 0.285858 -0.682611 0.287449 0.102787 2 6 0.470000 5 0.530000
  0 1.224550 1.685480 -0.810310 0.547993 0.034251 -0.835781 0.287449 0.071956 2 6 0.500000 5 0.500000
assets/textures/Ch_MutoYugi01_body_tex
  0 0.295445 1.685480 -0.810310 -0.468229 0.026358 -0.883214 0.361573 0.071956 2 6 0.500000 5 0.500000
  0 1.224550 1.685480 -0.810310 0.547993 0.034251 -0.835781 0.287449 0.071956 2 6 0.500000 5 0.500000
  0 1.070010 1.474280 -0.614222 0.587775 -0.072913 -0.805732 0.287449 0.052956 2 6 0.500000 5 0.500000
assets/textures/Ch_MutoYugi01_body_tex
  0 0.295445 1.685480 -0.810310 -0.468229 0.026358 -0.883214 0.361573 0.071956 2 6 0.500000 5 0.500000
  0 1.070010 1.474280 -0.614222 0.587775 -0.072913 -0.805732 0.287449 0.052956 2 6 0.500000 5 0.500000
  0 0.355934 1.474280 -0.614222 -0.699431 -0.058873 -0.712272 0.361573 0.052956 2 6 0.500000 5 0.500000
assets/textures/Ch_MutoYugi01_body_tex
  0 1.224550 1.685480 -0.810310 0.547993 0.034251 -0.835781 0.287449 0.071956 2 6 0.500000 5 0.500000
  0 1.165180 1.836820 -0.609430 0.672553 0.285858 -0.682611 0.287449 0.102787 2 6 0.470000 5 0.530000
  0 1.448850 1.607360 0.170186 0.976983 0.013373 0.212900 0.231014 0.071956 2 6 0.500000 5 0.500000
assets/textures/Ch_MutoYugi01_body_tex
  0 1.263990 1.796840 0.153587 0.883495 0.210537 0.418463 0.231014 0.098496 2 6 0.430000 5 0.570000
  0 1.448850 1.607360 0.170186 0.976983 0.013373 0.212900 0.231014 0.071956 2 6 0.500000 5 0.500000
  0 1.165180 1.836820 -0.609430 0.672553 0.285858 -0.682611 0.287449 0.102787 2 6 0.470000 5 0.530000
assets/textures/Ch_MutoYugi01_body_tex
  0 1.224550 1.685480 -0.810310 0.547993 0.034251 -0.835781 0.287449 0.071956 2 6 0.500000 5 0.500000
  0 1.448850 1.607360 0.170186 0.976983 0.013373 0.212900 0.231014 0.071956 2 6 0.500000 5 0.500000
  0 1.070010 1.474280 -0.614222 0.587775 -0.072913 -0.805732 0.287449 0.052956 2 6 0.500000 5 0.500000
assets/textures/Ch_MutoYugi01_body_tex
  0 1.263990 1.796840 0.153587 0.883495 0.210537 0.418463 0.231014 0.098496 2 6 0.430000 5 0.570000
  0 0.713538 1.683930 0.661421 0.015352 0.248675 0.968465 0.175216 0.088897 2 6 0.610000 5 0.390000
  0 1.448850 1.607360 0.170186 0.976983 0.013373 0.212900 0.231014 0.071956 2 6 0.500000 5 0.500000
assets/textures/Ch_MutoYugi01_body_tex
  0 0.295445 1.685480 -0.810310 -0.468229 0.026358 -0.883214 0.017534 0.071956 2 6 0.500000 5 0.500000
  0 0.355934 1.474280 -0.614222 -0.699431 -0.058873 -0.712272 0.017534 0.052956 2 6 0.500000 5 0.500000
  0 0.162470 1.607360 0.170186 -0.974441 0.002714 0.224629 0.107983 0.071956 2 6 0.500000 5 0.500000
assets/textures/Ch_MutoYugi01_body_tex
  0 -0.355934 1.474280 -0.614222 0.699431 -0.058873 -0.712272 0.017534 0.052956 2 10 0.500000 9 0.500000
  0 -0.162470 1.607360 0.170186 0.974441 0.002714 0.224629 0.107983 0.071956 2 10 0.500000 9 0.500000
  0 -0.258569 1.469250 0.152087 0.996002 0.032701 0.083132 0.107983 0.052956 2 10 0.500000 9 0.500000
assets/textures/Ch_MutoYugi01_body_tex
  0 -0.162470 1.607360 0.170186 0.974441 0.002714 0.224629 0.107983 0.071956 2 10 0.500000 9 0.500000
  0 -0.702490 1.539250 0.806651 0.032178 0.027128 0.999114 0.175216 0.071956 2 10 0.820000 9 0.180000
  0 -0.258569 1.469250 0.152087 0.996002 0.032701 0.083132 0.107983 0.052956 2 10 0.500000 9 0.500000
assets/textures/Ch_MutoYugi01_body_tex
  0 -0.355934 1.474280 -0.614222 0.699431 -0.058873 -0.712272 0.017534 0.052956 2 10 0.500000 9 0.500000
  0 -0.258569 1.469250 0.152087 0.996002 0.032701 0.083132 0.107983 0.052956 2 10 0.500000 9 0.500000
  0 -0.245124 1.025580 -0.745871 0.630599 0.110192 -0.768246 0.017534 0.018024 2 10 0.500000 9 0.500000
assets/textures/Ch_MutoYugi01_body_tex
  0 -1.224550 1.685480 -0.810310 -0.547993 0.034251 -0.835781 0.287449 0.071956 2 10 0.500000 9 0.500000
  0 -1.165180 1.836820 -0.609430 -0.672553 0.285858 -0.682611 0.287449 0.102787 2 10 0.470000 9 0.530000
  0 -0.295445 1.685480 -0.810310 0.468229 0.026358 -0.883214 0.361573 0.071956 2 10 0.500000 9 0.500000
assets/textures/Ch_MutoYugi01_body_tex
  0 -1.448850 1.607360 0.170186 -0.976982 0.013373 0.212900 0.231014 0.071956 2 10 0.500000 9 0.500000
  0 -1.165180 1.836820 -0.609430 -0.672553 0.285858 -0.682611 0.287449 0.102787 2 10 0.470000 9 0.530000
  0 -1.224550 1.685480 -0.810310 -0.547993 0.034251 -0.835781 0.287449 0.071956 2 10 0.500000 9 0.500000
assets/textures/Ch_MutoYugi01_body_tex
  0 -1.448850 1.607360 0.170186 -0.976982 0.013373 0.212900 0.231014 0.071956 2 10 0.500000 9 0.500000
  0 -1.316930 1.469250 0.152087 -0.996504 0.044323 0.070817 0.231014 0.052956 2 10 0.500000 9 0.500000
  0 -0.702490 1.539250 0.806651 0.032178 0.027128 0.999114 0.175216 0.071956 2 10 0.820000 9 0.180000
assets/textures/Ch_MutoYugi01_body_tex
  0 -1.448850 1.607360 0.170186 -0.976982 0.013373 0.212900 0.231014 0.071956 2 10 0.500000 9 0.500000
  0 -1.070010 1.474280 -0.614222 -0.587775 -0.072913 -0.805732 0.287449 0.052956 2 10 0.500000 9 0.500000
  0 -1.316930 1.469250 0.152087 -0.996504 0.044323 0.070817 0.231014 0.052956 2 10 0.500000 9 0.500000
assets/textures/Ch_MutoYugi01_body_tex
  0 -1.224550 1.685480 -0.810310 -0.547993 0.034251 -0.835781 0.287449 0.071956 2 10 0.500000 9 0.500000
  0 -0.295445 1.685480 -0.810310 0.468229 0.026358 -0.883214 0.361573 0.071956 2 10 0.500000 9 0.500000
  0 -1.070010 1.474280 -0.614222 -0.587775 -0.072913 -0.805732 0.287449 0.052956 2 10 0.500000 9 0.500000
assets/textures/Ch_MutoYugi01_body_tex
  0 -1.448850 1.607360 0.170186 -0.976982 0.013373 0.212900 0.231014 0.071956 2 10 0.500000 9 0.500000
  0 -1.224550 1.685480 -0.810310 -0.547993 0.034251 -0.835781 0.287449 0.071956 2 10 0.500000 9 0.500000
  0 -1.070010 1.474280 -0.614222 -0.587775 -0.072913 -0.805732 0.287449 0.052956 2 10 0.500000 9 0.500000
assets/textures/Ch_MutoYugi01_body_tex
  0 0.355934 1.474280 -0.614222 -0.699431 -0.058873 -0.712272 0.361573 0.052956 2 6 0.500000 5 0.500000
  0 1.070010 1.474280 -0.614222 0.587775 -0.072913 -0.805732 0.287449 0.052956 2 6 0.500000 5 0.500000
  0 0.245124 1.025580 -0.745871 -0.639586 0.095568 -0.762756 0.361573 0.018024 2 6 0.500000 5 0.500000
assets/textures/Ch_MutoYugi01_body_tex
  0 0.713538 1.683930 0.661421 0.015352 0.248675 0.968465 0.175216 0.088897 2 6 0.610000 5 0.390000
  0 0.702490 1.539250 0.806651 -0.032178 0.027127 0.999114 0.175216 0.071956 2 6 0.820000 5 0.180000
  0 1.448850 1.607360 0.170186 0.976983 0.013373 0.212900 0.231014 0.071956 2 6 0.500000 5 0.500000
assets/textures/Ch_MutoYugi01_body_tex
  0 0.713538 1.683930 0.661421 0.015352 0.248675 0.968465 0.175216 0.088897 2 6 0.610000 5 0.390000
  0 0.162470 1.607360 0.170186 -0.974441 0.002714 0.224629 0.107983 0.071956 2 6 0.500000 5 0.500000
  0 0.702490 1.539250 0.806651 -0.032178 0.027127 0.999114 0.175216 0.071956 2 6 0.820000 5 0.180000
assets/textures/Ch_MutoYugi01_body_tex
  0 0.162470 1.607360 0.170186 -0.974441 0.002714 0.224629 0.107983 0.071956 2 6 0.500000 5 0.500000
  0 0.258569 1.469250 0.152087 -0.996002 0.032701 0.083132 0.107983 0.052956 2 6 0.500000 5 0.500000
  0 0.702490 1.539250 0.806651 -0.032178 0.027127 0.999114 0.175216 0.071956 2 6 0.820000 5 0.180000
assets/textures/Ch_MutoYugi01_body_tex
  0 0.355934 1.474280 -0.614222 -0.699431 -0.058873 -0.712272 0.017534 0.052956 2 6 0.500000 5 0.500000
  0 0.258569 1.469250 0.152087 -0.996002 0.032701 0.083132 0.107983 0.052956 2 6 0.500000 5 0.500000
  0 0.162470 1.607360 0.170186 -0.974441 0.002714 0.224629 0.107983 0.071956 2 6 0.500000 5 0.500000
assets/textures/Ch_MutoYugi01_body_tex
  0 0.355934 1.474280 -0.614222 -0.699431 -0.058873 -0.712272 0.017534 0.052956 2 6 0.500000 5 0.500000
  0 0.245124 1.025580 -0.745871 -0.639586 0.095568 -0.762756 0.017534 0.018024 2 6 0.500000 5 0.500000
  0 0.258569 1.469250 0.152087 -0.996002 0.032701 0.083132 0.107983 0.052956 2 6 0.500000 5 0.500000
assets/textures/Ch_MutoYugi01_body_tex
  0 -0.245124 1.025580 -0.745871 0.630599 0.110192 -0.768246 0.017534 0.018024 2 10 0.500000 9 0.500000
  0 -0.258569 1.469250 0.152087 0.996002 0.032701 0.083132 0.107983 0.052956 2 10 0.500000 9 0.500000
  0 -0.181410 1.019560 0.452895 0.970298 0.222545 0.094843 0.107983 0.018024 2 10 0.810000 9 0.190000
assets/textures/Ch_MutoYugi01_body_tex
  0 -0.258569 1.469250 0.152087 0.996002 0.032701 0.083132 0.107983 0.052956 2 10 0.500000 9 0.500000
  0 -0.723082 1.403650 0.749755 0.012545 0.360328 0.932741 0.175216 0.052956 2 10 0.950000 9 0.050000
  0 -0.181410 1.019560 0.452895 0.970298 0.222545 0.094843 0.107983 0.018024 2 10 0.810000 9 0.190000
assets/textures/Ch_MutoYugi01_body_tex
  0 -0.702490 1.539250 0.806651 0.032178 0.027128 0.999114 0.175216 0.071956 2 10 0.820000 9 0.180000
  0 -0.723082 1.403650 0.749755 0.012545 0.360328 0.932741 0.175216 0.052956 2 10 0.950000 9 0.050000
  0 -0.258569 1.469250 0.152087 0.996002 0.032701 0.083132 0.107983 0.052956 2 10 0.500000 9 0.500000
assets/textures/Ch_MutoYugi01_body_tex
  0 -0.702490 1.539250 0.806651 0.032178 0.027128 0.999114 0.175216 0.071956 2 10 0.820000 9 0.180000
  0 -1.316930 1.469250 0.152087 -0.996504 0.044323 0.070817 0.231014 0.052956 2 10 0.500000 9 0.500000
  0 -0.723082 1.403650 0.749755 0.012545 0.360328 0.932741 0.175216 0.052956 2 10 0.950000 9 0.050000
assets/textures/Ch_MutoYugi01_body_tex
  0 -0.295445 1.685480 -0.810310 0.468229 0.026358 -0.883214 0.361573 0.071956 2 10 0.500000 9 0.500000
  0 -0.355934 1.474280 -0.614222 0.699431 -0.058873 -0.712272 0.361573 0.052956 2 10 0.500000 9 0.500000
  0 -1.070010 1.474280 -0.614222 -0.587775 -0.072913 -0.805732 0.287449 0.052956 2 10 0.500000 9 0.500000
assets/textures/Ch_MutoYugi01_body_tex
  0 1.070010 1.474280 -0.614222 0.587775 -0.072913 -0.805732 0.287449 0.052956 2 6 0.500000 5 0.500000
  0 1.334840 1.025580 -0.745871 0.631627 0.176766 -0.754852 0.287449 0.018024 2 6 0.500000 5 0.500000
  0 0.245124 1.025580 -0.745871 -0.639586 0.095568 -0.762756 0.361573 0.018024 2 6 0.500000 5 0.500000
assets/textures/Ch_MutoYugi01_body_tex
  0 1.070010 1.474280 -0.614222 0.587775 -0.072913 -0.805732 0.287449 0.052956 2 6 0.500000 5 0.500000
  0 1.316930 1.469250 0.152087 0.996504 0.044323 0.070817 0.231014 0.052956 2 6 0.500000 5 0.500000
  0 1.334840 1.025580 -0.745871 0.631627 0.176766 -0.754852 0.287449 0.018024 2 6 0.500000 5 0.500000
assets/textures/Ch_MutoYugi01_body_tex
  0 1.448850 1.607360 0.170186 0.976983 0.013373 0.212900 0.231014 0.071956 2 6 0.500000 5 0.500000
  0 0.702490 1.539250 0.806651 -0.032178 0.027127 0.999114 0.175216 0.071956 2 6 0.820000 5 0.180000
  0 1.316930 1.469250 0.152087 0.996504 0.044323 0.070817 0.231014 0.052956 2 6 0.500000 5 0.500000
assets/textures/Ch_MutoYugi01_body_tex
  0 1.070010 1.474280 -0.614222 0.587775 -0.072913 -0.805732 0.287449 0.052956 2 6 0.500000 5 0.500000
  0 1.448850 1.607360 0.170186 0.976983 0.013373 0.212900 0.231014 0.071956 2 6 0.500000 5 0.500000
  0 1.316930 1.469250 0.152087 0.996504 0.044323 0.070817 0.231014 0.052956 2 6 0.500000 5 0.500000
assets/textures/Ch_MutoYugi01_body_tex
  0 0.245124 1.025580 -0.745871 -0.639586 0.095568 -0.762756 0.017534 0.018024 2 6 0.500000 5 0.500000
  0 0.181410 1.019560 0.452895 -0.970298 0.222545 0.094843 0.107983 0.018024 2 6 0.810000 5 0.190000
  0 0.258569 1.469250 0.152087 -0.996002 0.032701 0.083132 0.107983 0.052956 2 6 0.500000 5 0.500000
assets/textures/Ch_MutoYugi01_body_tex
  0 -1.316930 1.469250 0.152087 -0.996504 0.044323 0.070817 0.231014 0.052956 2 10 0.500000 9 0.500000
  0 -1.388930 1.019560 0.452895 -0.924134 0.367037 0.106113 0.231014 0.018024 2 10 0.720000 9 0.280000
  0 -0.723082 1.403650 0.749755 0.012545 0.360328 0.932741 0.175216 0.052956 2 10 0.950000 9 0.050000
assets/textures/Ch_MutoYugi01_body_tex
  0 -1.316930 1.469250 0.152087 -0.996504 0.044323 0.070817 0.231014 0.052956 2 10 0.500000 9 0.500000
  0 -1.070010 1.474280 -0.614222 -0.587775 -0.072913 -0.805732 0.287449 0.052956 2 10 0.500000 9 0.500000
  0 -1.334840 1.025580 -0.745871 -0.631627 0.176766 -0.754852 0.287449 0.018024 2 10 0.500000 9 0.500000
assets/textures/Ch_MutoYugi01_body_tex
  0 -1.316930 1.469250 0.152087 -0.996504 0.044323 0.070817 0.231014 0.052956 2 10 0.500000 9 0.500000
  0 -1.334840 1.025580 -0.745871 -0.631627 0.176766 -0.754852 0.287449 0.018024 2 10 0.500000 9 0.500000
  0 -1.388930 1.019560 0.452895 -0.924134 0.367037 0.106113 0.231014 0.018024 2 10 0.720000 9 0.280000
assets/textures/Ch_MutoYugi01_body_tex
  0 -0.181410 1.019560 0.452895 0.970298 0.222545 0.094843 0.107983 0.018024 2 10 0.810000 9 0.190000
  0 -0.723082 1.403650 0.749755 0.012545 0.360328 0.932741 0.175216 0.052956 2 10 0.950000 9 0.050000
  0 -0.768863 0.932328 1.197030 -0.007878 0.860106 0.510055 0.175216 0.009224 2 11 0.300000 10 0.700000
assets/textures/Ch_MutoYugi01_body_tex
  0 -0.768863 0.932328 1.197030 -0.007878 0.860106 0.510055 0.175216 0.009224 2 11 0.300000 10 0.700000
  0 -0.723082 1.403650 0.749755 0.012545 0.360328 0.932741 0.175216 0.052956 2 10 0.950000 9 0.050000
  0 -1.388930 1.019560 0.452895 -0.924134 0.367037 0.106113 0.231014 0.018024 2 10 0.720000 9 0.280000
assets/textures/Ch_MutoYugi01_body_tex
  0 -0.355934 1.474280 -0.614222 0.699431 -0.058873 -0.712272 0.361573 0.052956 2 10 0.500000 9 0.500000
  0 -0.245124 1.025580 -0.745871 0.630599 0.110192 -0.768246 0.361573 0.018024 2 10 0.500000 9 0.500000
  0 -1.070010 1.474280 -0.614222 -0.587775 -0.072913 -0.805732 0.287449 0.052956 2 10 0.500000 9 0.500000
assets/textures/Ch_MutoYugi01_body_tex
  0 -1.070010 1.474280 -0.614222 -0.587775 -0.072913 -0.805732 0.287449 0.052956 2 10 0.500000 9 0.500000
  0 -0.245124 1.025580 -0.745871 0.630599 0.110192 -0.768246 0.361573 0.018024 2 10 0.500000 9 0.500000
  0 -1.334840 1.025580 -0.745871 -0.631627 0.176766 -0.754852 0.287449 0.018024 2 10 0.500000 9 0.500000
assets/textures/Ch_MutoYugi01_body_tex
  0 1.334840 1.025580 -0.745871 0.631627 0.176766 -0.754852 0.287449 0.018024 2 6 0.500000 5 0.500000
  0 1.316930 1.469250 0.152087 0.996504 0.044323 0.070817 0.231014 0.052956 2 6 0.500000 5 0.500000
  0 1.388930 1.019560 0.452895 0.924134 0.367037 0.106113 0.231014 0.018024 2 6 0.720000 5 0.280000
assets/textures/Ch_MutoYugi01_body_tex
  0 0.702490 1.539250 0.806651 -0.032178 0.027127 0.999114 0.175216 0.071956 2 6 0.820000 5 0.180000
  0 0.258569 1.469250 0.152087 -0.996002 0.032701 0.083132 0.107983 0.052956 2 6 0.500000 5 0.500000
  0 0.723082 1.403650 0.749755 -0.012545 0.360328 0.932741 0.175216 0.052956 2 6 0.950000 5 0.050000
assets/textures/Ch_MutoYugi01_body_tex
  0 0.702490 1.539250 0.806651 -0.032178 0.027127 0.999114 0.175216 0.071956 2 6 0.820000 5 0.180000
  0 0.723082 1.403650 0.749755 -0.012545 0.360328 0.932741 0.175216 0.052956 2 6 0.950000 5 0.050000
  0 1.316930 1.469250 0.152087 0.996504 0.044323 0.070817 0.231014 0.052956 2 6 0.500000 5 0.500000
assets/textures/Ch_MutoYugi01_body_tex
  0 1.316930 1.469250 0.152087 0.996504 0.044323 0.070817 0.231014 0.052956 2 6 0.500000 5 0.500000
  0 0.723082 1.403650 0.749755 -0.012545 0.360328 0.932741 0.175216 0.052956 2 6 0.950000 5 0.050000
  0 1.388930 1.019560 0.452895 0.924134 0.367037 0.106113 0.231014 0.018024 2 6 0.720000 5 0.280000
assets/textures/Ch_MutoYugi01_body_tex
  0 0.258569 1.469250 0.152087 -0.996002 0.032701 0.083132 0.107983 0.052956 2 6 0.500000 5 0.500000
  0 0.181410 1.019560 0.452895 -0.970298 0.222545 0.094843 0.107983 0.018024 2 6 0.810000 5 0.190000
  0 0.723082 1.403650 0.749755 -0.012545 0.360328 0.932741 0.175216 0.052956 2 6 0.950000 5 0.050000
assets/textures/Ch_MutoYugi01_body_tex
  0 0.768863 0.932328 1.197030 0.007878 0.860106 0.510055 0.175216 0.009224 2 7 0.500000 6 0.500000
  0 0.723082 1.403650 0.749755 -0.012545 0.360328 0.932741 0.175216 0.052956 2 6 0.950000 5 0.050000
  0 0.181410 1.019560 0.452895 -0.970298 0.222545 0.094843 0.107983 0.018024 2 6 0.810000 5 0.190000
assets/textures/Ch_MutoYugi01_body_tex
  0 1.388930 1.019560 0.452895 0.924134 0.367037 0.106113 0.231014 0.018024 2 6 0.720000 5 0.280000
  0 0.723082 1.403650 0.749755 -0.012545 0.360328 0.932741 0.175216 0.052956 2 6 0.950000 5 0.050000
  0 0.768863 0.932328 1.197030 0.007878 0.860106 0.510055 0.175216 0.009224 2 7 0.500000 6 0.500000
assets/textures/Ch_MutoYugi01_body_tex
  0 -0.486628 6.364910 1.165430 -0.825923 0.348687 0.443022 0.014575 0.583864 2 12 0.300000 3 0.700000
  0 -0.406451 6.375690 1.306410 -0.219054 0.188329 0.957365 0.018041 0.583864 2 12 0.300000 3 0.700000
  0 0.280554 6.476130 1.172200 0.678061 0.706858 0.201457 0.089989 0.583864 2 12 0.300000 3 0.700000
assets/textures/Ch_MutoYugi01_body_tex
  0 -0.486628 6.364910 1.165430 -0.825923 0.348687 0.443022 0.014575 0.583864 2 12 0.300000 3 0.700000
  0 -0.374961 5.594940 1.160820 -0.692091 -0.574109 0.437504 0.014575 0.505539 2 12 0.300000 3 0.700000
  0 -0.406451 6.375690 1.306410 -0.219054 0.188329 0.957365 0.018041 0.583864 2 12 0.300000 3 0.700000
assets/textures/Ch_MutoYugi01_body_tex
  0 0.280554 6.476130 1.172200 0.678061 0.706858 0.201457 0.089989 0.583864 2 12 0.300000 3 0.700000
  0 -0.406451 6.375690 1.306410 -0.219054 0.188329 0.957365 0.018041 0.583864 2 12 0.300000 3 0.700000
  0 0.245188 6.470160 1.312170 0.154978 0.225274 0.961891 0.089989 0.583864 2 12 0.300000 3 0.700000
assets/textures/Ch_MutoYugi01_body_tex
  0 0.280554 6.476130 1.172200 0.678061 0.706858 0.201457 0.089989 0.583864 2 12 0.300000 3 0.700000
  0 0.245188 6.470160 1.312170 0.154978 0.225274 0.961891 0.089989 0.583864 2 12 0.300000 3 0.700000
  0 0.356855 5.700200 1.307560 0.214221 -0.183222 0.959447 0.089989 0.505539 2 12 0.300000 3 0.700000
assets/textures/Ch_MutoYugi01_body_tex
  0 0.245188 6.470160 1.312170 0.154978 0.225274 0.961891 0.089989 0.583864 2 12 0.300000 3 0.700000
  0 -0.406451 6.375690 1.306410 -0.219054 0.188329 0.957365 0.018041 0.583864 2 12 0.300000 3 0.700000
  0 0.356855 5.700200 1.307560 0.214221 -0.183222 0.959447 0.089989 0.505539 2 12 0.300000 3 0.700000
assets/textures/Ch_MutoYugi01_body_tex
  0 0.280554 6.476130 1.172200 0.678061 0.706858 0.201457 0.089989 0.583864 2 12 0.300000 3 0.700000
  0 0.356855 5.700200 1.307560 0.214221 -0.183222 0.959447 0.089989 0.505539 2 12 0.300000 3 0.700000
  0 0.392221 5.706160 1.167600 0.851266 -0.487429 0.194316 0.089989 0.505539 2 12 0.300000 3 0.700000
assets/textures/Ch_MutoYugi01_body_tex
  0 -0.374961 5.594940 1.160820 -0.692091 -0.574109 0.437504 0.014575 0.505539 2 12 0.300000 3 0.700000
  0 0.392221 5.706160 1.167600 0.851266 -0.487429 0.194316 0.089989 0.505539 2 12 0.300000 3 0.700000
  0 -0.294783 5.605720 1.301810 -0.154903 -0.254002 0.954719 0.018041 0.505539 2 12 0.300000 3 0.700000
assets/textures/Ch_MutoYugi01_body_tex
  0 -0.374961 5.594940 1.160820 -0.692091 -0.574109 0.437504 0.014575 0.505539 2 12 0.300000 3 0.700000
  0 -0.294783 5.605720 1.301810 -0.154903 -0.254002 0.954719 0.018041 0.505539 2 12 0.300000 3 0.700000
  0 -0.406451 6.375690 1.306410 -0.219054 0.188329 0.957365 0.018041 0.583864 2 12 0.300000 3 0.700000
assets/textures/Ch_MutoYugi01_body_tex
  0 -0.294783 5.605720 1.301810 -0.154903 -0.254002 0.954719 0.018041 0.505539 2 12 0.300000 3 0.700000
  0 0.392221 5.706160 1.167600 0.851266 -0.487429 0.194316 0.089989 0.505539 2 12 0.300000 3 0.700000
  0 0.356855 5.700200 1.307560 0.214221 -0.183222 0.959447 0.089989 0.505539 2 12 0.300000 3 0.700000
assets/textures/Ch_MutoYugi01_body_tex
  0 -0.294783 5.605720 1.301810 -0.154903 -0.254002 0.954719 0.018041 0.505539 2 12 0.300000 3 0.700000
  0 0.356855 5.700200 1.307560 0.214221 -0.183222 0.959447 0.089989 0.505539 2 12 0.300000 3 0.700000
  0 -0.406451 6.375690 1.306410 -0.219054 0.188329 0.957365 0.018041 0.583864 2 12 0.300000 3 0.700000
assets/textures/Ch_MutoYugi01_body_tex
  0 0.430715 5.852630 -0.659996 0.272369 -0.573188 -0.772833 1.138020 0.990298 2 12 0.300000 3 0.700000
  0 1.108020 5.948670 -0.294064 0.628691 -0.559060 -0.540555 1.145750 0.985483 2 12 0.300000 3 0.700000
  0 0.003034 5.784990 0.278589 0.140800 -0.990020 -0.005943 1.133240 0.977692 2 12 0.300000 3 0.700000
assets/textures/Ch_MutoYugi01_body_tex
  0 0.430715 5.852630 -0.659996 0.272369 -0.573188 -0.772833 1.138020 0.990298 2 12 0.300000 3 0.700000
  0 0.003034 5.784990 0.278589 0.140800 -0.990020 -0.005943 1.133240 0.977692 2 12 0.300000 3 0.700000
  0 -0.409949 5.730760 -0.667419 -0.081831 -0.632766 -0.770007 1.128460 0.990298 2 12 0.300000 3 0.700000
assets/textures/Ch_MutoYugi01_body_tex
  0 1.108020 5.948670 -0.294064 0.628691 -0.559060 -0.540555 1.145750 0.985483 2 12 0.300000 3 0.700000
  0 1.363260 5.982190 0.290601 0.830889 -0.556432 0.002523 1.148700 0.977692 2 12 0.300000 3 0.700000
  0 0.003034 5.784990 0.278589 0.140800 -0.990020 -0.005943 1.133240 0.977692 2 12 0.300000 3 0.700000
assets/textures/Ch_MutoYugi01_body_tex
  0 -0.409949 5.730760 -0.667419 -0.081831 -0.632766 -0.770007 1.128460 0.990298 2 12 0.300000 3 0.700000
  0 0.003034 5.784990 0.278589 0.140800 -0.990020 -0.005943 1.133240 0.977692 2 12 0.300000 3 0.700000
  0 -1.140600 5.629600 -0.313500 -0.436397 -0.709712 -0.553052 1.120730 0.985483 2 12 0.300000 3 0.700000
assets/textures/Ch_MutoYugi01_body_tex
  0 1.363260 5.982190 0.290601 0.830889 -0.556432 0.002523 1.148700 0.977692 2 12 0.300000 3 0.700000
  0 1.098930 5.940390 0.870678 0.620246 -0.566763 0.542287 1.145750 0.969902 1 3 1.000000
  0 0.003034 5.784990 0.278589 0.140800 -0.990020 -0.005943 1.133240 0.977692 2 12 0.300000 3 0.700000
assets/textures/Ch_MutoYugi01_body_tex
  0 -1.140600 5.629600 -0.313500 -0.436397 -0.709712 -0.553052 1.120730 0.985483 2 12 0.300000 3 0.700000
  0 0.003034 5.784990 0.278589 0.140800 -0.990020 -0.005943 1.133240 0.977692 2 12 0.300000 3 0.700000
  0 -1.425380 5.587790 0.266577 -0.658053 -0.752902 -0.010288 1.117780 0.977692 2 12 0.300000 3 0.700000
assets/textures/Ch_MutoYugi01_body_tex
  0 -1.425380 5.587790 0.266577 -0.658053 -0.752902 -0.010288 1.117780 0.977692 2 12 0.300000 3 0.700000
  0 0.003034 5.784990 0.278589 0.140800 -0.990020 -0.005943 1.133240 0.977692 2 12 0.300000 3 0.700000
  0 -1.149690 5.621310 0.851242 -0.444880 -0.717128 0.536479 1.120730 0.969902 1 3 1.000000
assets/textures/Ch_MutoYugi01_body_tex
  0 0.003034 5.784990 0.278589 0.140800 -0.990020 -0.005943 1.133240 0.977692 2 12 0.300000 3 0.700000
  0 -0.424648 5.717350 1.217170 -0.093619 -0.643542 0.759664 1.128460 0.965087 2 12 0.300000 3 0.700000
  0 -1.149690 5.621310 0.851242 -0.444880 -0.717128 0.536479 1.120730 0.969902 1 3 1.000000
assets/textures/Ch_MutoYugi01_body_tex
  0 0.416016 5.839230 1.224600 0.260345 -0.584154 0.768755 1.138020 0.965087 2 12 0.300000 3 0.700000
  0 -0.424648 5.717350 1.217170 -0.093619 -0.643542 0.759664 1.128460 0.965087 2 12 0.300000 3 0.700000
  0 0.003034 5.784990 0.278589 0.140800 -0.990020 -0.005943 1.133240 0.977692 2 12 0.300000 3 0.700000
assets/textures/Ch_MutoYugi01_body_tex
  0 -0.938608 0.021254 2.275980 -0.178810 -0.953294 0.243428 0.494943 0.709691 2 11 0.500000 10 0.500000
  0 -0.919914 0.202233 2.298740 -0.569119 0.142778 0.809764 0.476358 0.715592 2 11 0.500000 10 0.500000
  0 -1.348790 0.021254 1.769270 -0.289452 -0.951321 0.105861 0.494943 0.747794 2 11 0.100000 10 0.900000
assets/textures/Ch_MutoYugi01_body_tex
  0 -0.938608 0.021254 2.275980 -0.178810 -0.953294 0.243428 0.494943 0.709691 2 11 0.500000 10 0.500000
  0 -0.636564 0.021254 2.284330 0.187496 -0.948167 0.256562 0.494943 0.706942 2 11 0.500000 10 0.500000
  0 -0.919914 0.202233 2.298740 -0.569119 0.142778 0.809764 0.476358 0.715592 2 11 0.500000 10 0.500000
assets/textures/Ch_MutoYugi01_body_tex
  0 -1.348790 0.021254 1.769270 -0.289452 -0.951321 0.105861 0.494943 0.747794 2 11 0.100000 10 0.900000
  0 -0.919914 0.202233 2.298740 -0.569119 0.142778 0.809764 0.476358 0.715592 2 11 0.500000 10 0.500000
  0 -1.424990 0.199702 1.773060 -0.935685 0.095403 0.339695 0.476358 0.747473 2 11 0.100000 10 0.900000
assets/textures/Ch_MutoYugi01_body_tex
  0 -1.348790 0.021254 1.769270 -0.289452 -0.951321 0.105861 0.494943 0.747794 2 11 0.100000 10 0.900000
  0 -1.424990 0.199702 1.773060 -0.935685 0.095403 0.339695 0.476358 0.747473 2 11 0.100000 10 0.900000
  0 -1.590940 0.280917 0.895718 -0.988217 0.026081 0.150818 0.476358 0.837238 1 10 1.000000
assets/textures/Ch_MutoYugi01_body_tex
  0 -1.348790 0.021254 1.769270 -0.289452 -0.951321 0.105861 0.494943 0.747794 2 11 0.100000 10 0.900000
  0 -1.590940 0.280917 0.895718 -0.988217 0.026081 0.150818 0.476358 0.837238 1 10 1.000000
  0 -1.530950 0.021254 0.432874 -0.156122 -0.987738 0.000000 0.494943 0.876627 1 10 1.000000
assets/textures/Ch_MutoYugi01_body_tex
  0 -0.636564 0.021254 2.284330 0.187496 -0.948167 0.256562 0.494943 0.706942 2 11 0.500000 10 0.500000
  0 -0.636564 0.224854 2.326070 0.563319 0.085260 0.821829 0.476358 0.711234 2 11 0.500000 10 0.500000
  0 -0.919914 0.202233 2.298740 -0.569119 0.142778 0.809764 0.476358 0.715592 2 11 0.500000 10 0.500000
assets/textures/Ch_MutoYugi01_body_tex
  0 -0.636564 0.021254 2.284330 0.187496 -0.948167 0.256562 0.494943 0.706942 2 11 0.500000 10 0.500000
  0 -0.171718 0.199702 1.773060 0.940823 0.096850 0.324766 0.476358 0.747473 2 11 0.100000 10 0.900000
  0 -0.636564 0.224854 2.326070 0.563319 0.085260 0.821829 0.476358 0.711234 2 11 0.500000 10 0.500000
assets/textures/Ch_MutoYugi01_body_tex
  0 -0.636564 0.021254 2.284330 0.187496 -0.948167 0.256562 0.494943 0.706942 2 11 0.500000 10 0.500000
  0 -0.223994 0.021254 1.769270 0.171056 -0.983223 0.063340 0.494943 0.747794 2 11 0.100000 10 0.900000
  0 -0.171718 0.199702 1.773060 0.940823 0.096850 0.324766 0.476358 0.747473 2 11 0.100000 10 0.900000
assets/textures/Ch_MutoYugi01_body_tex
  0 -1.424990 0.199702 1.773060 -0.935685 0.095403 0.339695 0.476358 0.747473 2 11 0.100000 10 0.900000
  0 -1.321530 0.725327 1.092860 -0.632469 0.685700 0.360275 0.418699 0.821172 2 11 0.410000 10 0.590000
  0 -1.590940 0.280917 0.895718 -0.988217 0.026081 0.150818 0.476358 0.837238 1 10 1.000000
assets/textures/Ch_MutoYugi01_body_tex
  0 -1.424990 0.199702 1.773060 -0.935685 0.095403 0.339695 0.476358 0.747473 2 11 0.100000 10 0.900000
  0 -1.238590 0.464505 1.780630 -0.615872 0.671354 0.412294 0.444668 0.746830 2 11 0.200000 10 0.800000
  0 -1.321530 0.725327 1.092860 -0.632469 0.685700 0.360275 0.418699 0.821172 2 11 0.410000 10 0.590000
assets/textures/Ch_MutoYugi01_body_tex
  0 -1.424990 0.199702 1.773060 -0.935685 0.095403 0.339695 0.476358 0.747473 2 11 0.100000 10 0.900000
  0 -0.919914 0.202233 2.298740 -0.569119 0.142778 0.809764 0.476358 0.715592 2 11 0.500000 10 0.500000
  0 -1.238590 0.464505 1.780630 -0.615872 0.671354 0.412294 0.444668 0.746830 2 11 0.200000 10 0.800000
assets/textures/Ch_MutoYugi01_body_tex
  0 -0.636564 0.224854 2.326070 0.563319 0.085260 0.821829 0.476358 0.711234 2 11 0.500000 10 0.500000
  0 -0.171718 0.199702 1.773060 0.940823 0.096850 0.324766 0.476358 0.747473 2 11 0.100000 10 0.900000
  0 -0.280544 0.464505 1.780630 0.691056 0.610716 0.386611 0.444668 0.746830 2 11 0.200000 10 0.800000
assets/textures/Ch_MutoYugi01_body_tex
  0 -0.919914 0.202233 2.298740 -0.569119 0.142778 0.809764 0.476358 0.715592 2 11 0.500000 10 0.500000
  0 -0.888031 0.411847 2.233480 -0.467211 0.607271 0.642601 0.450869 0.715763 2 11 0.500000 10 0.500000
  0 -1.238590 0.464505 1.780630 -0.615872 0.671354 0.412294 0.444668 0.746830 2 11 0.200000 10 0.800000
assets/textures/Ch_MutoYugi01_body_tex
  0 -0.636564 0.224854 2.326070 0.563319 0.085260 0.821829 0.476358 0.711234 2 11 0.500000 10 0.500000
  0 -0.888031 0.411847 2.233480 -0.467211 0.607271 0.642601 0.450869 0.715763 2 11 0.500000 10 0.500000
  0 -0.919914 0.202233 2.298740 -0.569119 0.142778 0.809764 0.476358 0.715592 2 11 0.500000 10 0.500000
assets/textures/Ch_MutoYugi01_body_tex
  0 -0.636564 0.224854 2.326070 0.563319 0.085260 0.821829 0.476358 0.711234 2 11 0.500000 10 0.500000
  0 -0.637703 0.433826 2.241670 0.482230 0.593056 0.644778 0.447976 0.710561 2 11 0.500000 10 0.500000
  0 -0.888031 0.411847 2.233480 -0.467211 0.607271 0.642601 0.450869 0.715763 2 11 0.500000 10 0.500000
assets/textures/Ch_MutoYugi01_body_tex
  0 -0.636564 0.224854 2.326070 0.563319 0.085260 0.821829 0.476358 0.711234 2 11 0.500000 10 0.500000
  0 -0.280544 0.464505 1.780630 0.691056 0.610716 0.386611 0.444668 0.746830 2 11 0.200000 10 0.800000
  0 -0.637703 0.433826 2.241670 0.482230 0.593056 0.644778 0.447976 0.710561 2 11 0.500000 10 0.500000
assets/textures/Ch_MutoYugi01_body_tex
  0 -0.223994 0.021254 1.769270 0.171056 -0.983223 0.063340 0.494943 0.747794 2 11 0.100000 10 0.900000
  0 -0.127258 0.280917 0.895718 0.996130 -0.080958 0.034227 0.476358 0.837238 1 10 1.000000
  0 -0.171718 0.199702 1.773060 0.940823 0.096850 0.324766 0.476358 0.747473 2 11 0.100000 10 0.900000
assets/textures/Ch_MutoYugi01_body_tex
  0 -0.223994 0.021254 1.769270 0.171056 -0.983223 0.063340 0.494943 0.747794 2 11 0.100000 10 0.900000
  0 -0.138130 0.286590 0.244414 0.998122 -0.059354 -0.015139 0.476358 0.886984 1 10 1.000000
  0 -0.127258 0.280917 0.895718 0.996130 -0.080958 0.034227 0.476358 0.837238 1 10 1.000000
assets/textures/Ch_MutoYugi01_body_tex
  0 -0.223994 0.021254 1.769270 0.171056 -0.983223 0.063340 0.494943 0.747794 2 11 0.100000 10 0.900000
  0 -0.200548 0.021254 -0.687909 0.140062 -0.951171 -0.275056 0.494943 0.992677 2 10 0.540000 9 0.460000
  0 -0.138130 0.286590 0.244414 0.998122 -0.059354 -0.015139 0.476358 0.886984 1 10 1.000000
assets/textures/Ch_MutoYugi01_body_tex
  0 -1.321530 0.725327 1.092860 -0.632469 0.685700 0.360275 0.418699 0.821172 2 11 0.410000 10 0.590000
  0 -1.388930 1.019560 0.452895 -0.924134 0.367037 0.106113 0.381672 0.870552 2 10 0.720000 9 0.280000
  0 -1.590940 0.280917 0.895718 -0.988217 0.026081 0.150818 0.476358 0.837238 1 10 1.000000
assets/textures/Ch_MutoYugi01_body_tex
  0 -1.321530 0.725327 1.092860 -0.632469 0.685700 0.360275 0.418699 0.821172 2 11 0.410000 10 0.590000
  0 -0.768863 0.932328 1.197030 -0.007878 0.860106 0.510055 0.380293 0.810555 2 11 0.300000 10 0.700000
  0 -1.388930 1.019560 0.452895 -0.924134 0.367037 0.106113 0.381672 0.870552 2 10 0.720000 9 0.280000
assets/textures/Ch_MutoYugi01_body_tex
  0 -1.450570 0.021254 -0.687909 -0.311022 -0.853467 -0.418162 0.494943 0.992677 2 10 0.530000 9 0.470000
  0 -0.180605 0.290183 -0.706673 0.616980 -0.007598 -0.786942 0.476358 0.994268 2 10 0.520000 9 0.480000
  0 -0.200548 0.021254 -0.687909 0.140062 -0.951171 -0.275056 0.494943 0.992677 2 10 0.540000 9 0.460000
assets/textures/Ch_MutoYugi01_body_tex
  0 -0.200548 0.021254 -0.687909 0.140062 -0.951171 -0.275056 0.494943 0.992677 2 10 0.540000 9 0.460000
  0 -0.180605 0.290183 -0.706673 0.616980 -0.007598 -0.786942 0.476358 0.994268 2 10 0.520000 9 0.480000
  0 -0.138130 0.286590 0.244414 0.998122 -0.059354 -0.015139 0.476358 0.886984 1 10 1.000000
assets/textures/Ch_MutoYugi01_body_tex
  0 -1.450570 0.021254 -0.687909 -0.311022 -0.853467 -0.418162 0.494943 0.992677 2 10 0.530000 9 0.470000
  0 -1.544140 0.286590 0.244414 -0.990544 0.123269 -0.060226 0.476358 0.886984 1 10 1.000000
  0 -1.479640 0.290183 -0.706673 -0.686000 0.051691 -0.725763 0.476358 0.994268 2 10 0.510000 9 0.490000
assets/textures/Ch_MutoYugi01_body_tex
  0 -1.450570 0.021254 -0.687909 -0.311022 -0.853467 -0.418162 0.494943 0.992677 2 10 0.530000 9 0.470000
  0 -1.479640 0.290183 -0.706673 -0.686000 0.051691 -0.725763 0.476358 0.994268 2 10 0.510000 9 0.490000
  0 -0.180605 0.290183 -0.706673 0.616980 -0.007598 -0.786942 0.476358 0.994268 2 10 0.520000 9 0.480000
assets/textures/Ch_MutoYugi01_body_tex
  0 -0.280544 0.464505 1.780630 0.691056 0.610716 0.386611 0.444668 0.746830 2 11 0.200000 10 0.800000
  0 -0.779910 0.565200 1.799500 -0.005399 0.909978 0.414621 0.417724 0.741392 2 11 0.400000 10 0.600000
  0 -0.637703 0.433826 2.241670 0.482230 0.593056 0.644778 0.447976 0.710561 2 11 0.500000 10 0.500000
assets/textures/Ch_MutoYugi01_body_tex
  0 -0.779910 0.565200 1.799500 -0.005399 0.909978 0.414621 0.417724 0.741392 2 11 0.400000 10 0.600000
  0 -0.888031 0.411847 2.233480 -0.467211 0.607271 0.642601 0.450869 0.715763 2 11 0.500000 10 0.500000
  0 -0.637703 0.433826 2.241670 0.482230 0.593056 0.644778 0.447976 0.710561 2 11 0.500000 10 0.500000
assets/textures/Ch_MutoYugi01_body_tex
  0 -0.779910 0.565200 1.799500 -0.005399 0.909978 0.414621 0.417724 0.741392 2 11 0.400000 10 0.600000
  0 -1.238590 0.464505 1.780630 -0.615872 0.671354 0.412294 0.444668 0.746830 2 11 0.200000 10 0.800000
  0 -0.888031 0.411847 2.233480 -0.467211 0.607271 0.642601 0.450869 0.715763 2 11 0.500000 10 0.500000
assets/textures/Ch_MutoYugi01_body_tex
  0 -0.171718 0.199702 1.773060 0.940823 0.096850 0.324766 0.476358 0.747473 2 11 0.100000 10 0.900000
  0 -0.127258 0.280917 0.895718 0.996130 -0.080958 0.034227 0.476358 0.837238 1 10 1.000000
  0 -0.212806 0.725327 1.092860 0.803522 0.533594 0.263874 0.418699 0.821172 2 11 0.360000 10 0.640000
assets/textures/Ch_MutoYugi01_body_tex
  0 -0.280544 0.464505 1.780630 0.691056 0.610716 0.386611 0.444668 0.746830 2 11 0.200000 10 0.800000
  0 -0.171718 0.199702 1.773060 0.940823 0.096850 0.324766 0.476358 0.747473 2 11 0.100000 10 0.900000
  0 -0.212806 0.725327 1.092860 0.803522 0.533594 0.263874 0.418699 0.821172 2 11 0.360000 10 0.640000
assets/textures/Ch_MutoYugi01_body_tex
  0 -0.768863 0.932328 1.197030 -0.007878 0.860106 0.510055 0.380293 0.810555 2 11 0.300000 10 0.700000
  0 -0.212806 0.725327 1.092860 0.803522 0.533594 0.263874 0.418699 0.821172 2 11 0.360000 10 0.640000
  0 -0.181410 1.019560 0.452895 0.970298 0.222545 0.094843 0.381672 0.870552 2 10 0.810000 9 0.190000
assets/textures/Ch_MutoYugi01_body_tex
  0 -1.479640 0.290183 -0.706673 -0.686000 0.051691 -0.725763 0.476358 0.994268 2 10 0.510000 9 0.490000
  0 -1.544140 0.286590 0.244414 -0.990544 0.123269 -0.060226 0.476358 0.886984 1 10 1.000000
  0 -1.334840 1.025580 -0.745871 -0.631627 0.176766 -0.754852 0.381023 0.987855 2 10 0.500000 9 0.500000
assets/textures/Ch_MutoYugi01_body_tex
  0 -1.479640 0.290183 -0.706673 -0.686000 0.051691 -0.725763 0.476358 0.994268 2 10 0.510000 9 0.490000
  0 -1.334840 1.025580 -0.745871 -0.631627 0.176766 -0.754852 0.381023 0.987855 2 10 0.500000 9 0.500000
  0 -0.180605 0.290183 -0.706673 0.616980 -0.007598 -0.786942 0.476358 0.994268 2 10 0.520000 9 0.480000
assets/textures/Ch_MutoYugi01_body_tex
  0 -1.388930 1.019560 0.452895 -0.924134 0.367037 0.106113 0.381672 0.870552 2 10 0.720000 9 0.280000
  0 -1.334840 1.025580 -0.745871 -0.631627 0.176766 -0.754852 0.381023 0.987855 2 10 0.500000 9 0.500000
  0 -1.544140 0.286590 0.244414 -0.990544 0.123269 -0.060226 0.476358 0.886984 1 10 1.000000
assets/textures/Ch_MutoYugi01_body_tex
  0 -0.245124 1.025580 -0.745871 0.630599 0.110192 -0.768246 0.381023 0.987855 2 10 0.500000 9 0.500000
  0 -0.180605 0.290183 -0.706673 0.616980 -0.007598 -0.786942 0.476358 0.994268 2 10 0.520000 9 0.480000
  0 -1.334840 1.025580 -0.745871 -0.631627 0.176766 -0.754852 0.381023 0.987855 2 10 0.500000 9 0.500000
assets/textures/Ch_MutoYugi01_body_tex
  0 0.938608 0.021254 2.275980 0.178810 -0.953294 0.243428 0.494943 0.709691 2 7 0.500000 6 0.500000
  0 1.348790 0.021254 1.769270 0.289452 -0.951321 0.105861 0.494943 0.747794 2 7 0.100000 6 0.900000
  0 0.919914 0.202233 2.298740 0.569119 0.142778 0.809764 0.476358 0.715592 2 7 0.500000 6 0.500000
assets/textures/Ch_MutoYugi01_body_tex
  0 0.938608 0.021254 2.275980 0.178810 -0.953294 0.243428 0.494943 0.709691 2 7 0.500000 6 0.500000
  0 0.919914 0.202233 2.298740 0.569119 0.142778 0.809764 0.476358 0.715592 2 7 0.500000 6 0.500000
  0 0.636564 0.021254 2.284330 -0.187496 -0.948167 0.256562 0.494943 0.706942 2 7 0.500000 6 0.500000
assets/textures/Ch_MutoYugi01_body_tex
  0 1.348790 0.021254 1.769270 0.289452 -0.951321 0.105861 0.494943 0.747794 2 7 0.100000 6 0.900000
  0 1.424990 0.199702 1.773060 0.935685 0.095403 0.339695 0.476358 0.747473 2 7 0.100000 6 0.900000
  0 0.919914 0.202233 2.298740 0.569119 0.142778 0.809764 0.476358 0.715592 2 7 0.500000 6 0.500000
assets/textures/Ch_MutoYugi01_body_tex
  0 1.348790 0.021254 1.769270 0.289452 -0.951321 0.105861 0.494943 0.747794 2 7 0.100000 6 0.900000
  0 1.590940 0.280917 0.895718 0.988217 0.026081 0.150818 0.476358 0.837238 1 6 1.000000
  0 1.424990 0.199702 1.773060 0.935685 0.095403 0.339695 0.476358 0.747473 2 7 0.100000 6 0.900000
assets/textures/Ch_MutoYugi01_body_tex
  0 1.348790 0.021254 1.769270 0.289452 -0.951321 0.105861 0.494943 0.747794 2 7 0.100000 6 0.900000
  0 1.530950 0.021254 0.432874 0.156122 -0.987738 0.000000 0.494943 0.876627 1 6 1.000000
  0 1.590940 0.280917 0.895718 0.988217 0.026081 0.150818 0.476358 0.837238 1 6 1.000000
assets/textures/Ch_MutoYugi01_body_tex
  0 0.636564 0.021254 2.284330 -0.187496 -0.948167 0.256562 0.494943 0.706942 2 7 0.500000 6 0.500000
  0 0.919914 0.202233 2.298740 0.569119 0.142778 0.809764 0.476358 0.715592 2 7 0.500000 6 0.500000
  0 0.636564 0.224854 2.326070 -0.563319 0.085260 0.821829 0.476358 0.711234 2 7 0.500000 6 0.500000
assets/textures/Ch_MutoYugi01_body_tex
  0 0.636564 0.021254 2.284330 -0.187496 -0.948167 0.256562 0.494943 0.706942 2 7 0.500000 6 0.500000
  0 0.636564 0.224854 2.326070 -0.563319 0.085260 0.821829 0.476358 0.711234 2 7 0.500000 6 0.500000
  0 0.171718 0.199702 1.773060 -0.940823 0.096850 0.324766 0.476358 0.747473 2 7 0.100000 6 0.900000
assets/textures/Ch_MutoYugi01_body_tex
  0 0.636564 0.021254 2.284330 -0.187496 -0.948167 0.256562 0.494943 0.706942 2 7 0.500000 6 0.500000
  0 0.171718 0.199702 1.773060 -0.940823 0.096850 0.324766 0.476358 0.747473 2 7 0.100000 6 0.900000
  0 0.223994 0.021254 1.769270 -0.171056 -0.983223 0.063340 0.494943 0.747794 2 7 0.100000 6 0.900000
assets/textures/Ch_MutoYugi01_body_tex
  0 1.424990 0.199702 1.773060 0.935685 0.095403 0.339695 0.476358 0.747473 2 7 0.100000 6 0.900000
  0 1.590940 0.280917 0.895718 0.988217 0.026081 0.150818 0.476358 0.837238 1 6 1.000000
  0 1.321530 0.725327 1.092860 0.632469 0.685700 0.360275 0.418699 0.821172 2 7 0.410000 6 0.590000
assets/textures/Ch_MutoYugi01_body_tex
  0 1.424990 0.199702 1.773060 0.935685 0.095403 0.339695 0.476358 0.747473 2 7 0.100000 6 0.900000
  0 1.238590 0.464505 1.780630 0.615871 0.671354 0.412294 0.444668 0.746830 2 7 0.200000 6 0.800000
  0 0.919914 0.202233 2.298740 0.569119 0.142778 0.809764 0.476358 0.715592 2 7 0.500000 6 0.500000
assets/textures/Ch_MutoYugi01_body_tex
  0 1.424990 0.199702 1.773060 0.935685 0.095403 0.339695 0.476358 0.747473 2 7 0.100000 6 0.900000
  0 1.321530 0.725327 1.092860 0.632469 0.685700 0.360275 0.418699 0.821172 2 7 0.410000 6 0.590000
  0 1.238590 0.464505 1.780630 0.615871 0.671354 0.412294 0.444668 0.746830 2 7 0.200000 6 0.800000
assets/textures/Ch_MutoYugi01_body_tex
  0 0.636564 0.224854 2.326070 -0.563319 0.085260 0.821829 0.476358 0.711234 2 7 0.500000 6 0.500000
  0 0.280544 0.464505 1.780630 -0.691056 0.610716 0.386611 0.444668 0.746830 2 7 0.200000 6 0.800000
  0 0.171718 0.199702 1.773060 -0.940823 0.096850 0.324766 0.476358 0.747473 2 7 0.100000 6 0.900000
assets/textures/Ch_MutoYugi01_body_tex
  0 0.919914 0.202233 2.298740 0.569119 0.142778 0.809764 0.476358 0.715592 2 7 0.500000 6 0.500000
  0 1.238590 0.464505 1.780630 0.615871 0.671354 0.412294 0.444668 0.746830 2 7 0.200000 6 0.800000
  0 0.888031 0.411847 2.233480 0.467211 0.607271 0.642601 0.450869 0.715763 2 7 0.500000 6 0.500000
assets/textures/Ch_MutoYugi01_body_tex
  0 0.636564 0.224854 2.326070 -0.563319 0.085260 0.821829 0.476358 0.711234 2 7 0.500000 6 0.500000
  0 0.919914 0.202233 2.298740 0.569119 0.142778 0.809764 0.476358 0.715592 2 7 0.500000 6 0.500000
  0 0.888031 0.411847 2.233480 0.467211 0.607271 0.642601 0.450869 0.715763 2 7 0.500000 6 0.500000
assets/textures/Ch_MutoYugi01_body_tex
  0 0.636564 0.224854 2.326070 -0.563319 0.085260 0.821829 0.476358 0.711234 2 7 0.500000 6 0.500000
  0 0.888031 0.411847 2.233480 0.467211 0.607271 0.642601 0.450869 0.715763 2 7 0.500000 6 0.500000
  0 0.637703 0.433826 2.241670 -0.482230 0.593056 0.644778 0.447976 0.710561 2 7 0.500000 6 0.500000
assets/textures/Ch_MutoYugi01_body_tex
  0 0.636564 0.224854 2.326070 -0.563319 0.085260 0.821829 0.476358 0.711234 2 7 0.500000 6 0.500000
  0 0.637703 0.433826 2.241670 -0.482230 0.593056 0.644778 0.447976 0.710561 2 7 0.500000 6 0.500000
  0 0.280544 0.464505 1.780630 -0.691056 0.610716 0.386611 0.444668 0.746830 2 7 0.200000 6 0.800000
assets/textures/Ch_MutoYugi01_body_tex
  0 0.223994 0.021254 1.769270 -0.171056 -0.983223 0.063340 0.494943 0.747794 2 7 0.100000 6 0.900000
  0 0.171718 0.199702 1.773060 -0.940823 0.096850 0.324766 0.476358 0.747473 2 7 0.100000 6 0.900000
  0 0.127258 0.280917 0.895718 -0.996130 -0.080959 0.034227 0.476358 0.837238 1 6 1.000000
assets/textures/Ch_MutoYugi01_body_tex
  0 0.223994 0.021254 1.769270 -0.171056 -0.983223 0.063340 0.494943 0.747794 2 7 0.100000 6 0.900000
  0 0.127258 0.280917 0.895718 -0.996130 -0.080959 0.034227 0.476358 0.837238 1 6 1.000000
  0 0.138130 0.286590 0.244414 -0.998122 -0.059354 -0.015139 0.476358 0.886984 1 6 1.000000
assets/textures/Ch_MutoYugi01_body_tex
  0 0.223994 0.021254 1.769270 -0.171056 -0.983223 0.063340 0.494943 0.747794 2 7 0.100000 6 0.900000
  0 0.138130 0.286590 0.244414 -0.998122 -0.059354 -0.015139 0.476358 0.886984 1 6 1.000000
  0 0.200548 0.021254 -0.687909 -0.140062 -0.951171 -0.275056 0.494943 0.992677 2 6 0.540000 5 0.460000
assets/textures/Ch_MutoYugi01_body_tex
  0 1.321530 0.725327 1.092860 0.632469 0.685700 0.360275 0.418699 0.821172 2 7 0.410000 6 0.590000
  0 1.590940 0.280917 0.895718 0.988217 0.026081 0.150818 0.476358 0.837238 1 6 1.000000
  0 1.388930 1.019560 0.452895 0.924134 0.367037 0.106113 0.381672 0.870552 2 6 0.720000 5 0.280000
assets/textures/Ch_MutoYugi01_body_tex
  0 1.321530 0.725327 1.092860 0.632469 0.685700 0.360275 0.418699 0.821172 2 7 0.410000 6 0.590000
  0 1.388930 1.019560 0.452895 0.924134 0.367037 0.106113 0.381672 0.870552 2 6 0.720000 5 0.280000
  0 0.768863 0.932328 1.197030 0.007878 0.860106 0.510055 0.380293 0.810555 2 7 0.500000 6 0.500000
assets/textures/Ch_MutoYugi01_body_tex
  0 1.450570 0.021254 -0.687909 0.311022 -0.853467 -0.418162 0.494943 0.992677 2 6 0.530000 5 0.470000
  0 0.200548 0.021254 -0.687909 -0.140062 -0.951171 -0.275056 0.494943 0.992677 2 6 0.540000 5 0.460000
  0 0.180605 0.290183 -0.706673 -0.616980 -0.007598 -0.786942 0.476358 0.994268 2 6 0.520000 5 0.480000
assets/textures/Ch_MutoYugi01_body_tex
  0 0.200548 0.021254 -0.687909 -0.140062 -0.951171 -0.275056 0.494943 0.992677 2 6 0.540000 5 0.460000
  0 0.138130 0.286590 0.244414 -0.998122 -0.059354 -0.015139 0.476358 0.886984 1 6 1.000000
  0 0.180605 0.290183 -0.706673 -0.616980 -0.007598 -0.786942 0.476358 0.994268 2 6 0.520000 5 0.480000
assets/textures/Ch_MutoYugi01_body_tex
  0 1.450570 0.021254 -0.687909 0.311022 -0.853467 -0.418162 0.494943 0.992677 2 6 0.530000 5 0.470000
  0 0.180605 0.290183 -0.706673 -0.616980 -0.007598 -0.786942 0.476358 0.994268 2 6 0.520000 5 0.480000
  0 1.479640 0.290183 -0.706673 0.686000 0.051691 -0.725763 0.476358 0.994268 2 6 0.510000 5 0.490000
assets/textures/Ch_MutoYugi01_body_tex
  0 1.450570 0.021254 -0.687909 0.311022 -0.853467 -0.418162 0.494943 0.992677 2 6 0.530000 5 0.470000
  0 1.479640 0.290183 -0.706673 0.686000 0.051691 -0.725763 0.476358 0.994268 2 6 0.510000 5 0.490000
  0 1.544140 0.286590 0.244414 0.990544 0.123269 -0.060226 0.476358 0.886984 1 6 1.000000
assets/textures/Ch_MutoYugi01_body_tex
  0 0.779910 0.565200 1.799500 0.005399 0.909978 0.414621 0.417724 0.741392 2 7 0.400000 6 0.600000
  0 0.888031 0.411847 2.233480 0.467211 0.607271 0.642601 0.450869 0.715763 2 7 0.500000 6 0.500000
  0 1.238590 0.464505 1.780630 0.615871 0.671354 0.412294 0.444668 0.746830 2 7 0.200000 6 0.800000
assets/textures/Ch_MutoYugi01_body_tex
  0 0.280544 0.464505 1.780630 -0.691056 0.610716 0.386611 0.444668 0.746830 2 7 0.200000 6 0.800000
  0 0.637703 0.433826 2.241670 -0.482230 0.593056 0.644778 0.447976 0.710561 2 7 0.500000 6 0.500000
  0 0.779910 0.565200 1.799500 0.005399 0.909978 0.414621 0.417724 0.741392 2 7 0.400000 6 0.600000
assets/textures/Ch_MutoYugi01_body_tex
  0 0.779910 0.565200 1.799500 0.005399 0.909978 0.414621 0.417724 0.741392 2 7 0.400000 6 0.600000
  0 0.637703 0.433826 2.241670 -0.482230 0.593056 0.644778 0.447976 0.710561 2 7 0.500000 6 0.500000
  0 0.888031 0.411847 2.233480 0.467211 0.607271 0.642601 0.450869 0.715763 2 7 0.500000 6 0.500000
assets/textures/Ch_MutoYugi01_body_tex
  0 0.171718 0.199702 1.773060 -0.940823 0.096850 0.324766 0.476358 0.747473 2 7 0.100000 6 0.900000
  0 0.212806 0.725327 1.092860 -0.803522 0.533594 0.263874 0.418699 0.821172 2 7 0.360000 6 0.640000
  0 0.127258 0.280917 0.895718 -0.996130 -0.080959 0.034227 0.476358 0.837238 1 6 1.000000
assets/textures/Ch_MutoYugi01_body_tex
  0 0.280544 0.464505 1.780630 -0.691056 0.610716 0.386611 0.444668 0.746830 2 7 0.200000 6 0.800000
  0 0.212806 0.725327 1.092860 -0.803522 0.533594 0.263874 0.418699 0.821172 2 7 0.360000 6 0.640000
  0 0.171718 0.199702 1.773060 -0.940823 0.096850 0.324766 0.476358 0.747473 2 7 0.100000 6 0.900000
assets/textures/Ch_MutoYugi01_body_tex
  0 0.768863 0.932328 1.197030 0.007878 0.860106 0.510055 0.380293 0.810555 2 7 0.500000 6 0.500000
  0 0.181410 1.019560 0.452895 -0.970298 0.222545 0.094843 0.381672 0.870552 2 6 0.810000 5 0.190000
  0 0.212806 0.725327 1.092860 -0.803522 0.533594 0.263874 0.418699 0.821172 2 7 0.360000 6 0.640000
assets/textures/Ch_MutoYugi01_body_tex
  0 1.479640 0.290183 -0.706673 0.686000 0.051691 -0.725763 0.476358 0.994268 2 6 0.510000 5 0.490000
  0 0.180605 0.290183 -0.706673 -0.616980 -0.007598 -0.786942 0.476358 0.994268 2 6 0.520000 5 0.480000
  0 1.334840 1.025580 -0.745871 0.631627 0.176766 -0.754852 0.381023 0.987855 2 6 0.500000 5 0.500000
assets/textures/Ch_MutoYugi01_body_tex
  0 1.479640 0.290183 -0.706673 0.686000 0.051691 -0.725763 0.476358 0.994268 2 6 0.510000 5 0.490000
  0 1.334840 1.025580 -0.745871 0.631627 0.176766 -0.754852 0.381023 0.987855 2 6 0.500000 5 0.500000
  0 1.544140 0.286590 0.244414 0.990544 0.123269 -0.060226 0.476358 0.886984 1 6 1.000000
assets/textures/Ch_MutoYugi01_body_tex
  0 1.388930 1.019560 0.452895 0.924134 0.367037 0.106113 0.381672 0.870552 2 6 0.720000 5 0.280000
  0 1.544140 0.286590 0.244414 0.990544 0.123269 -0.060226 0.476358 0.886984 1 6 1.000000
  0 1.334840 1.025580 -0.745871 0.631627 0.176766 -0.754852 0.381023 0.987855 2 6 0.500000 5 0.500000
assets/textures/Ch_MutoYugi01_body_tex
  0 0.180605 0.290183 -0.706673 -0.616980 -0.007598 -0.786942 0.476358 0.994268 2 6 0.520000 5 0.480000
  0 0.245124 1.025580 -0.745871 -0.639586 0.095568 -0.762756 0.381023 0.987855 2 6 0.500000 5 0.500000
  0 1.334840 1.025580 -0.745871 0.631627 0.176766 -0.754852 0.381023 0.987855 2 6 0.500000 5 0.500000
assets/textures/Ch_MutoYugi01_body_tex
  0 -6.635050 9.513270 0.186556 -0.818464 0.405310 0.407236 0.682180 0.731293 3 28 0.800000 27 0.150000 26 0.050000
  0 -6.636610 9.515650 -0.019038 -0.914127 0.351832 -0.201461 0.682180 0.760365 3 28 0.800000 27 0.150000 26 0.050000
  0 -6.572210 9.033410 0.256321 -0.794468 -0.173805 0.581904 0.715505 0.731578 3 28 0.800000 27 0.140000 26 0.060000
assets/textures/Ch_MutoYugi01_body_tex
  0 -6.464520 9.473240 0.207336 0.255334 -0.103515 0.961296 0.682431 0.722575 3 28 0.800000 27 0.160000 26 0.040000
  0 -6.635050 9.513270 0.186556 -0.818464 0.405310 0.407236 0.682180 0.731293 3 28 0.800000 27 0.150000 26 0.050000
  0 -6.572210 9.033410 0.256321 -0.794468 -0.173805 0.581904 0.715505 0.731578 3 28 0.800000 27 0.140000 26 0.060000
assets/textures/Ch_MutoYugi01_body_tex
  0 -6.464520 9.473240 0.207336 0.255334 -0.103515 0.961296 0.682431 0.722575 3 28 0.800000 27 0.160000 26 0.040000
  0 -6.572210 9.033410 0.256321 -0.794468 -0.173805 0.581904 0.715505 0.731578 3 28 0.800000 27 0.140000 26 0.060000
  0 -6.433460 9.033210 0.239711 0.768612 -0.084214 0.634148 0.735380 0.721718 3 28 0.800000 27 0.140000 26 0.060000
assets/textures/Ch_MutoYugi01_body_tex
  0 -6.519510 9.473670 0.287125 0.187915 -0.731966 -0.654915 0.682312 0.718453 3 28 0.800000 27 0.150000 26 0.050000
  0 -6.928400 9.387880 0.318915 -0.573290 0.047286 -0.817987 0.721116 0.706075 3 28 0.800000 27 0.140000 26 0.060000
  0 -6.647830 9.692580 0.235966 -0.405492 0.405846 -0.819064 0.681829 0.713297 3 28 0.800000 27 0.150000 26 0.050000
assets/textures/Ch_MutoYugi01_body_tex
  0 -6.519510 9.473670 0.287125 0.187915 -0.731966 -0.654915 0.682312 0.718453 3 28 0.800000 27 0.150000 26 0.050000
  0 -6.826150 9.261210 0.345852 0.169257 -0.765664 -0.620573 0.735904 0.709265 3 28 0.800000 27 0.140000 26 0.060000
  0 -6.928400 9.387880 0.318915 -0.573290 0.047286 -0.817987 0.721116 0.706075 3 28 0.800000 27 0.140000 26 0.060000
assets/textures/Ch_MutoYugi01_body_tex
  0 -6.641250 9.737770 0.415757 -0.405375 0.760300 0.507559 0.681305 0.683410 3 28 0.800000 27 0.140000 26 0.060000
  0 -6.207020 9.641110 0.448710 -0.058710 -0.244621 0.967840 0.643235 0.676632 2 28 0.600000 27 0.400000
  0 -6.231370 9.866860 0.384468 -0.188351 0.690702 0.698180 0.641403 0.692246 2 28 0.600000 27 0.400000
assets/textures/Ch_MutoYugi01_body_tex
  0 -6.641250 9.737770 0.415757 -0.405375 0.760300 0.507559 0.681305 0.683410 3 28 0.800000 27 0.140000 26 0.060000
  0 -6.647830 9.692580 0.235966 -0.405492 0.405846 -0.819064 0.681829 0.713297 3 28 0.800000 27 0.150000 26 0.050000
  0 -6.905560 9.432210 0.447047 -0.682706 0.432275 0.589111 0.719050 0.679009 3 28 0.800000 27 0.140000 26 0.060000
assets/textures/Ch_MutoYugi01_body_tex
  0 -6.647830 9.692580 0.235966 -0.405492 0.405846 -0.819064 0.681829 0.713297 3 28 0.800000 27 0.150000 26 0.050000
  0 -6.928400 9.387880 0.318915 -0.573290 0.047286 -0.817987 0.721116 0.706075 3 28 0.800000 27 0.140000 26 0.060000
  0 -6.905560 9.432210 0.447047 -0.682706 0.432275 0.589111 0.719050 0.679009 3 28 0.800000 27 0.140000 26 0.060000
assets/textures/Ch_MutoYugi01_body_tex
  0 -6.641250 9.737770 0.415757 -0.405375 0.760300 0.507559 0.681305 0.683410 3 28 0.800000 27 0.140000 26 0.060000
  0 -6.540670 9.552250 0.459736 0.178763 -0.279540 0.943346 0.680433 0.668989 3 28 0.800000 27 0.140000 26 0.060000
  0 -6.207020 9.641110 0.448710 -0.058710 -0.244621 0.967840 0.643235 0.676632 2 28 0.600000 27 0.400000
assets/textures/Ch_MutoYugi01_body_tex
  0 -6.641250 9.737770 0.415757 -0.405375 0.760300 0.507559 0.681305 0.683410 3 28 0.800000 27 0.140000 26 0.060000
  0 -6.905560 9.432210 0.447047 -0.682706 0.432275 0.589111 0.719050 0.679009 3 28 0.800000 27 0.140000 26 0.060000
  0 -6.540670 9.552250 0.459736 0.178763 -0.279540 0.943346 0.680433 0.668989 3 28 0.800000 27 0.140000 26 0.060000
assets/textures/Ch_MutoYugi01_body_tex
  0 -6.433460 9.033210 0.239711 0.768612 -0.084214 0.634148 0.735380 0.721718 3 28 0.800000 27 0.140000 26 0.060000
  0 -6.572210 9.033410 0.256321 -0.794468 -0.173805 0.581904 0.715505 0.731578 3 28 0.800000 27 0.140000 26 0.060000
  0 -6.434910 8.963180 0.112742 0.886259 -0.418811 0.197846 0.738866 0.755419 3 28 0.800000 27 0.130000 26 0.070000
assets/textures/Ch_MutoYugi01_body_tex
  0 -6.826150 9.261210 0.345852 0.169257 -0.765664 -0.620573 0.735904 0.709265 3 28 0.800000 27 0.140000 26 0.060000
  0 -6.821100 9.325380 0.470762 0.150202 -0.475477 0.866811 0.730442 0.664395 3 28 0.800000 27 0.140000 26 0.060000
  0 -6.928400 9.387880 0.318915 -0.573290 0.047286 -0.817987 0.721116 0.706075 3 28 0.800000 27 0.140000 26 0.060000
assets/textures/Ch_MutoYugi01_body_tex
  0 -6.821100 9.325380 0.470762 0.150202 -0.475477 0.866811 0.730442 0.664395 3 28 0.800000 27 0.140000 26 0.060000
  0 -6.905560 9.432210 0.447047 -0.682706 0.432275 0.589111 0.719050 0.679009 3 28 0.800000 27 0.140000 26 0.060000
  0 -6.928400 9.387880 0.318915 -0.573290 0.047286 -0.817987 0.721116 0.706075 3 28 0.800000 27 0.140000 26 0.060000
assets/textures/Ch_MutoYugi01_body_tex
  0 -6.821100 9.325380 0.470762 0.150202 -0.475477 0.866811 0.730442 0.664395 3 28 0.800000 27 0.140000 26 0.060000
  0 -6.540670 9.552250 0.459736 0.178763 -0.279540 0.943346 0.680433 0.668989 3 28 0.800000 27 0.140000 26 0.060000
  0 -6.905560 9.432210 0.447047 -0.682706 0.432275 0.589111 0.719050 0.679009 3 28 0.800000 27 0.140000 26 0.060000
assets/textures/Ch_MutoYugi01_body_tex
  0 -6.636610 9.515650 -0.019038 -0.914127 0.351832 -0.201461 0.682180 0.760365 3 28 0.800000 27 0.150000 26 0.050000
  0 -6.539880 9.513510 -0.279297 -0.834791 0.322003 -0.446586 0.682180 0.784463 3 28 0.800000 27 0.150000 26 0.050000
  0 -6.488070 8.981430 -0.127967 -0.851728 -0.357580 -0.383010 0.716195 0.784024 3 28 0.800000 27 0.140000 26 0.060000
assets/textures/Ch_MutoYugi01_body_tex
  0 -6.573820 8.963180 0.065326 -0.920402 -0.353276 -0.167500 0.716766 0.758958 3 28 0.800000 27 0.140000 26 0.060000
  0 -6.488070 8.981430 -0.127967 -0.851728 -0.357580 -0.383010 0.716195 0.784024 3 28 0.800000 27 0.140000 26 0.060000
  0 -6.434910 8.963180 0.112742 0.886259 -0.418811 0.197846 0.738866 0.755419 3 28 0.800000 27 0.130000 26 0.070000
assets/textures/Ch_MutoYugi01_body_tex
  0 -6.573820 8.963180 0.065326 -0.920402 -0.353276 -0.167500 0.716766 0.758958 3 28 0.800000 27 0.140000 26 0.060000
  0 -6.434910 8.963180 0.112742 0.886259 -0.418811 0.197846 0.738866 0.755419 3 28 0.800000 27 0.130000 26 0.070000
  0 -6.572210 9.033410 0.256321 -0.794468 -0.173805 0.581904 0.715505 0.731578 3 28 0.800000 27 0.140000 26 0.060000
assets/textures/Ch_MutoYugi01_body_tex
  0 -6.636610 9.515650 -0.019038 -0.914127 0.351832 -0.201461 0.682180 0.760365 3 28 0.800000 27 0.150000 26 0.050000
  0 -6.573820 8.963180 0.065326 -0.920402 -0.353276 -0.167500 0.716766 0.758958 3 28 0.800000 27 0.140000 26 0.060000
  0 -6.572210 9.033410 0.256321 -0.794468 -0.173805 0.581904 0.715505 0.731578 3 28 0.800000 27 0.140000 26 0.060000
assets/textures/Ch_MutoYugi01_body_tex
  0 -6.636610 9.515650 -0.019038 -0.914127 0.351832 -0.201461 0.682180 0.760365 3 28 0.800000 27 0.150000 26 0.050000
  0 -6.488070 8.981430 -0.127967 -0.851728 -0.357580 -0.383010 0.716195 0.784024 3 28 0.800000 27 0.140000 26 0.060000
  0 -6.573820 8.963180 0.065326 -0.920402 -0.353276 -0.167500 0.716766 0.758958 3 28 0.800000 27 0.140000 26 0.060000
assets/textures/Ch_MutoYugi01_body_tex
  0 -6.488070 8.981430 -0.127967 -0.851728 -0.357580 -0.383010 0.716195 0.784024 3 28 0.800000 27 0.140000 26 0.060000
  0 -6.370420 8.986990 -0.094871 0.903495 -0.316810 0.288666 0.739638 0.782323 3 28 0.800000 27 0.140000 26 0.060000
  0 -6.434910 8.963180 0.112742 0.886259 -0.418811 0.197846 0.738866 0.755419 3 28 0.800000 27 0.130000 26 0.070000
assets/textures/Ch_MutoYugi01_body_tex
  0 -6.488070 8.981430 -0.127967 -0.851728 -0.357580 -0.383010 0.716195 0.784024 3 28 0.800000 27 0.140000 26 0.060000
  0 -6.539880 9.513510 -0.279297 -0.834791 0.322003 -0.446586 0.682180 0.784463 3 28 0.800000 27 0.150000 26 0.050000
  0 -6.448880 8.977840 -0.256406 -0.560379 -0.400260 -0.725098 0.715242 0.807656 3 28 0.800000 27 0.130000 26 0.070000
assets/textures/Ch_MutoYugi01_body_tex
  0 -6.539880 9.513510 -0.279297 -0.834791 0.322003 -0.446586 0.682180 0.784463 3 28 0.800000 27 0.150000 26 0.050000
  0 -6.435570 9.465170 -0.430680 -0.595432 0.110640 -0.795751 0.682180 0.810404 3 28 0.800000 27 0.140000 26 0.060000
  0 -6.448880 8.977840 -0.256406 -0.560379 -0.400260 -0.725098 0.715242 0.807656 3 28 0.800000 27 0.130000 26 0.070000
assets/textures/Ch_MutoYugi01_body_tex
  0 -6.488070 8.981430 -0.127967 -0.851728 -0.357580 -0.383010 0.716195 0.784024 3 28 0.800000 27 0.140000 26 0.060000
  0 -6.448880 8.977840 -0.256406 -0.560379 -0.400260 -0.725098 0.715242 0.807656 3 28 0.800000 27 0.130000 26 0.070000
  0 -6.343410 8.996330 -0.217083 0.559658 -0.510557 -0.652775 0.737169 0.818635 3 28 0.800000 27 0.130000 26 0.070000
assets/textures/Ch_MutoYugi01_body_tex
  0 -6.488070 8.981430 -0.127967 -0.851728 -0.357580 -0.383010 0.716195 0.784024 3 28 0.800000 27 0.140000 26 0.060000
  0 -6.343410 8.996330 -0.217083 0.559658 -0.510557 -0.652775 0.737169 0.818635 3 28 0.800000 27 0.130000 26 0.070000
  0 -6.370420 8.986990 -0.094871 0.903495 -0.316810 0.288666 0.739638 0.782323 3 28 0.800000 27 0.140000 26 0.060000
assets/textures/Ch_MutoYugi01_body_tex
  0 -6.343410 8.996330 -0.217083 0.559658 -0.510557 -0.652775 0.737169 0.818635 3 28 0.800000 27 0.130000 26 0.070000
  0 -6.448880 8.977840 -0.256406 -0.560379 -0.400260 -0.725098 0.715242 0.807656 3 28 0.800000 27 0.130000 26 0.070000
  0 -6.288620 9.361510 -0.366889 0.479751 -0.771901 -0.417142 0.681935 0.826699 2 28 0.600000 27 0.400000
assets/textures/Ch_MutoYugi01_body_tex
  0 0.539805 7.459000 1.125880 -0.836737 -0.226676 0.498486 0.638344 0.200684 3 13 0.300000 12 0.400000 3 0.300000
  0 0.849787 7.986010 1.073110 0.541170 -0.134908 0.830021 0.677386 0.249061 3 13 0.360000 12 0.540000 3 0.100000
  0 0.535631 7.954500 1.214220 -0.851740 -0.024353 0.523399 0.638344 0.239504 3 13 0.400000 12 0.400000 3 0.200000
assets/textures/Ch_MutoYugi01_body_tex
  0 0.849787 7.986010 1.073110 0.541170 -0.134908 0.830021 0.677386 0.249061 3 13 0.360000 12 0.540000 3 0.100000
  0 0.585862 8.392330 1.218390 -0.833432 0.160924 0.528673 0.637122 0.279556 2 13 0.620000 12 0.380000
  0 0.535631 7.954500 1.214220 -0.851740 -0.024353 0.523399 0.638344 0.239504 3 13 0.400000 12 0.400000 3 0.200000
assets/textures/Ch_MutoYugi01_body_tex
  0 0.849787 7.986010 1.073110 0.541170 -0.134908 0.830021 0.677386 0.249061 3 13 0.360000 12 0.540000 3 0.100000
  0 1.030510 7.986010 0.887523 0.918609 -0.283329 0.275469 0.719933 0.249061 3 13 0.500000 12 0.490000 3 0.010000
  0 0.932153 8.482730 1.061030 0.499059 0.073230 0.863468 0.677766 0.292437 2 13 0.980000 12 0.020000
assets/textures/Ch_MutoYugi01_body_tex
  0 0.849787 7.986010 1.073110 0.541170 -0.134908 0.830021 0.677386 0.249061 3 13 0.360000 12 0.540000 3 0.100000
  0 0.932153 8.482730 1.061030 0.499059 0.073230 0.863468 0.677766 0.292437 2 13 0.980000 12 0.020000
  0 0.585862 8.392330 1.218390 -0.833432 0.160924 0.528673 0.637122 0.279556 2 13 0.620000 12 0.380000
assets/textures/Ch_MutoYugi01_body_tex
  0 1.030510 7.986010 0.887523 0.918609 -0.283329 0.275469 0.719933 0.249061 3 13 0.500000 12 0.490000 3 0.010000
  0 1.288990 8.538200 0.543550 0.952461 -0.273762 0.133688 0.747218 0.295456 1 13 1.000000
  0 1.201240 8.523110 0.828929 0.884217 -0.199820 0.422176 0.715035 0.295456 3 16 0.030000 13 0.710000 12 0.260000
assets/textures/Ch_MutoYugi01_body_tex
  0 0.000000 7.986010 -0.544128 0.000000 -0.328352 -0.944556 0.987163 0.249061 3 13 0.480000 12 0.320000 3 0.200000
  0 0.000000 8.538200 -0.784378 0.000000 -0.226990 -0.973897 0.987163 0.295456 2 13 0.620000 12 0.380000
  0 0.692905 7.986010 -0.429627 0.417792 -0.356229 -0.835793 0.880206 0.249061 3 13 0.480000 12 0.320000 3 0.200000
assets/textures/Ch_MutoYugi01_body_tex
  0 0.000000 7.986010 -0.544128 0.000000 -0.328352 -0.944556 0.987163 0.249061 3 13 0.480000 12 0.320000 3 0.200000
  0 -0.692905 7.986010 -0.429627 -0.417792 -0.356229 -0.835793 0.880206 0.249061 3 13 0.480000 12 0.320000 3 0.200000
  0 0.000000 8.538200 -0.784378 0.000000 -0.226990 -0.973897 0.987163 0.295456 2 13 0.620000 12 0.380000
assets/textures/Ch_MutoYugi01_body_tex
  0 -0.692905 7.986010 -0.429627 -0.417792 -0.356229 -0.835793 0.880206 0.249061 3 13 0.480000 12 0.320000 3 0.200000
  0 -1.323190 8.538200 -0.104556 -0.859529 -0.351679 -0.370852 0.793799 0.295456 1 13 1.000000
  0 -0.851605 8.538200 -0.663372 -0.411656 -0.307479 -0.857902 0.865882 0.295456 1 13 1.000000
assets/textures/Ch_MutoYugi01_body_tex
  0 -0.849787 7.986010 1.073110 -0.541170 -0.134908 0.830021 0.677386 0.249061 3 13 0.360000 12 0.540000 3 0.100000
  0 -0.539805 7.459000 1.125880 0.836737 -0.226673 0.498489 0.638344 0.200684 3 13 0.300000 12 0.400000 3 0.300000
  0 -0.535631 7.954500 1.214220 0.851740 -0.024353 0.523399 0.638344 0.239504 3 13 0.400000 12 0.400000 3 0.200000
assets/textures/Ch_MutoYugi01_body_tex
  0 -1.030510 7.986010 0.887523 -0.918609 -0.283329 0.275469 0.719933 0.249061 3 13 0.500000 12 0.490000 3 0.010000
  0 -0.932153 8.482730 1.061030 -0.499059 0.073230 0.863468 0.677766 0.292437 2 13 0.980000 12 0.020000
  0 -1.201240 8.523110 0.828929 -0.884217 -0.199820 0.422176 0.715035 0.295456 3 24 0.030000 13 0.710000 12 0.260000
assets/textures/Ch_MutoYugi01_body_tex
  0 -0.849787 7.986010 1.073110 -0.541170 -0.134908 0.830021 0.677386 0.249061 3 13 0.360000 12 0.540000 3 0.100000
  0 -0.932153 8.482730 1.061030 -0.499059 0.073230 0.863468 0.677766 0.292437 2 13 0.980000 12 0.020000
  0 -1.030510 7.986010 0.887523 -0.918609 -0.283329 0.275469 0.719933 0.249061 3 13 0.500000 12 0.490000 3 0.010000
assets/textures/Ch_MutoYugi01_body_tex
  0 -0.849787 7.986010 1.073110 -0.541170 -0.134908 0.830021 0.677386 0.249061 3 13 0.360000 12 0.540000 3 0.100000
  0 -0.535631 7.954500 1.214220 0.851740 -0.024353 0.523399 0.638344 0.239504 3 13 0.400000 12 0.400000 3 0.200000
  0 -0.585862 8.392330 1.218390 0.833433 0.160924 0.528671 0.637122 0.279556 3 24 0.010000 13 0.770000 12 0.220000
assets/textures/Ch_MutoYugi01_body_tex
  0 -0.849787 7.986010 1.073110 -0.541170 -0.134908 0.830021 0.677386 0.249061 3 13 0.360000 12 0.540000 3 0.100000
  0 -0.585862 8.392330 1.218390 0.833433 0.160924 0.528671 0.637122 0.279556 3 24 0.010000 13 0.770000 12 0.220000
  0 -0.932153 8.482730 1.061030 -0.499059 0.073230 0.863468 0.677766 0.292437 2 13 0.980000 12 0.020000
assets/textures/Ch_MutoYugi01_body_tex
  0 -0.585862 8.392330 1.218390 0.833433 0.160924 0.528671 0.637122 0.279556 3 24 0.010000 13 0.770000 12 0.220000
  0 -0.674862 9.018970 1.023730 0.808838 0.057913 -0.585173 0.659934 0.346022 1 13 1.000000
  0 -0.932153 8.482730 1.061030 -0.499059 0.073230 0.863468 0.677766 0.292437 2 13 0.980000 12 0.020000
assets/textures/Ch_MutoYugi01_body_tex
  0 -0.585862 8.392330 1.218390 0.833433 0.160924 0.528671 0.637122 0.279556 3 24 0.010000 13 0.770000 12 0.220000
  0 -0.876530 9.018970 1.103940 -0.621948 -0.444235 -0.644854 0.629631 0.348601 1 13 1.000000
  0 -0.674862 9.018970 1.023730 0.808838 0.057913 -0.585173 0.659934 0.346022 1 13 1.000000
assets/textures/Ch_MutoYugi01_body_tex
  0 -0.585862 8.392330 1.218390 0.833433 0.160924 0.528671 0.637122 0.279556 3 24 0.010000 13 0.770000 12 0.220000
  0 -0.926782 9.018970 1.256010 -0.372520 0.020315 0.927802 0.611205 0.352952 1 13 1.000000
  0 -0.876530 9.018970 1.103940 -0.621948 -0.444235 -0.644854 0.629631 0.348601 1 13 1.000000
assets/textures/Ch_MutoYugi01_body_tex
  0 -1.201240 8.523110 0.828929 -0.884217 -0.199820 0.422176 0.715035 0.295456 3 24 0.030000 13 0.710000 12 0.260000
  0 -0.932153 8.482730 1.061030 -0.499059 0.073230 0.863468 0.677766 0.292437 2 13 0.980000 12 0.020000
  0 -0.988997 9.033450 0.895188 -0.429519 0.226636 0.874157 0.691059 0.346074 1 13 1.000000
assets/textures/Ch_MutoYugi01_body_tex
  0 -1.201240 8.523110 0.828929 -0.884217 -0.199820 0.422176 0.715035 0.295456 3 24 0.030000 13 0.710000 12 0.260000
  0 -0.988997 9.033450 0.895188 -0.429519 0.226636 0.874157 0.691059 0.346074 1 13 1.000000
  0 -1.164610 9.056170 0.811175 -0.660470 0.174688 0.730248 0.714733 0.347281 1 13 1.000000
assets/textures/Ch_MutoYugi01_body_tex
  0 -0.630072 10.150000 -0.423284 -0.497200 0.045910 -0.866421 0.918551 0.469027 3 24 0.120000 21 0.010000 13 0.870000
  0 -0.797114 9.988790 -0.282476 -0.349803 0.764497 -0.541463 0.863075 0.469347 2 24 0.500000 13 0.500000
  0 -0.970894 10.076300 -0.057915 -0.901967 0.080390 -0.424257 0.863075 0.469347 3 24 0.450000 21 0.020000 13 0.530000
assets/textures/Ch_MutoYugi01_body_tex
  0 -0.650396 7.985370 -0.403319 0.419981 0.349678 0.837461 0.987100 0.599624 3 13 0.440000 12 0.360000 3 0.200000
  0 -0.791530 8.531060 -0.653431 0.400642 0.309465 0.862391 0.987100 0.506655 2 24 0.270000 13 0.730000
  0 -1.257430 8.531060 -0.101360 0.857038 0.366195 0.362473 0.894131 0.506655 1 13 1.000000
assets/textures/Ch_MutoYugi01_body_tex
  0 -0.830614 7.985370 1.039240 0.599034 0.134177 -0.789401 0.887590 -0.433841 3 13 0.450000 12 0.450000 3 0.100000
  0 -0.539805 7.459000 1.125880 0.836737 -0.226673 0.498489 0.891114 -0.483812 3 13 0.300000 12 0.400000 3 0.300000
  0 -0.846617 7.479990 0.868927 0.904876 0.169795 -0.390346 0.835634 -0.400792 2 12 0.600000 3 0.400000
assets/textures/Ch_MutoYugi01_body_tex
  0 -0.830614 7.985370 1.039240 0.599034 0.134177 -0.789401 0.887590 -0.433841 3 13 0.450000 12 0.450000 3 0.100000
  0 -0.535631 7.954500 1.214220 0.851740 -0.024353 0.523399 0.943251 -0.483812 3 13 0.400000 12 0.400000 3 0.200000
  0 -0.539805 7.459000 1.125880 0.836737 -0.226673 0.498489 0.891114 -0.483812 3 13 0.300000 12 0.400000 3 0.300000
assets/textures/Ch_MutoYugi01_body_tex
  0 -1.424050 9.999840 -0.086344 0.060263 -0.998174 -0.004041 0.987100 0.599624 3 25 0.630000 24 0.170000 13 0.200000
  0 -1.453640 9.949800 -0.630169 0.046053 -0.683482 0.728514 0.987100 0.506655 3 25 0.400000 24 0.400000 13 0.200000
  0 -1.035120 9.767800 -0.500944 0.002203 -0.505658 0.862731 0.894131 0.506655 2 24 0.530000 13 0.470000
assets/textures/Ch_MutoYugi01_body_tex
  0 -1.424050 9.999840 -0.086344 0.060263 -0.998174 -0.004041 0.894131 0.506655 3 25 0.630000 24 0.170000 13 0.200000
  0 -1.453640 9.950020 0.457481 0.157623 -0.653004 -0.740770 0.894131 0.599624 2 25 0.500000 24 0.500000
  0 -1.808830 9.738340 0.359303 0.163174 -0.392000 -0.905379 0.987100 0.599624 2 25 0.780000 24 0.220000
assets/textures/Ch_MutoYugi01_body_tex
  0 -1.424050 9.999840 -0.086344 0.060263 -0.998174 -0.004041 0.894131 0.506655 3 25 0.630000 24 0.170000 13 0.200000
  0 -1.808830 9.738340 0.359303 0.163174 -0.392000 -0.905379 0.987100 0.599624 2 25 0.780000 24 0.220000
  0 -1.845790 10.008200 -0.086344 -0.104223 -0.994537 -0.005810 0.987100 0.506655 2 25 0.740000 24 0.260000
assets/textures/Ch_MutoYugi01_body_tex
  0 -0.650396 7.985370 -0.403319 0.419981 0.349678 0.837461 0.987100 0.506655 3 13 0.440000 12 0.360000 3 0.200000
  0 0.000000 7.985370 -0.506536 0.000000 0.326361 0.945245 0.894131 0.506655 3 13 0.390000 12 0.410000 3 0.200000
  0 0.000000 8.531060 -0.747894 0.000000 0.228878 0.973455 0.894131 0.599624 2 13 0.620000 12 0.380000
assets/textures/Ch_MutoYugi01_body_tex
  0 0.650396 7.985370 -0.403319 -0.419980 0.349678 0.837462 0.987100 0.506655 3 13 0.440000 12 0.360000 3 0.200000
  0 0.000000 8.531060 -0.747894 0.000000 0.228878 0.973455 0.894131 0.599624 2 13 0.620000 12 0.380000
  0 0.000000 7.985370 -0.506536 0.000000 0.326361 0.945245 0.894131 0.506655 3 13 0.390000 12 0.410000 3 0.200000
assets/textures/Ch_MutoYugi01_body_tex
  0 -0.830614 7.985370 1.039240 0.599034 0.134177 -0.789401 0.894131 0.506655 3 13 0.450000 12 0.450000 3 0.100000
  0 -0.914702 8.476260 1.021950 0.544157 -0.047917 -0.837614 0.894131 0.599624 1 13 1.000000
  0 -0.585862 8.392330 1.218390 0.833433 0.160924 0.528671 0.987100 0.599624 3 24 0.010000 13 0.770000 12 0.220000
assets/textures/Ch_MutoYugi01_body_tex
  0 -0.830614 7.985370 1.039240 0.599034 0.134177 -0.789401 0.894131 0.506655 3 13 0.450000 12 0.450000 3 0.100000
  0 -0.585862 8.392330 1.218390 0.833433 0.160924 0.528671 0.987100 0.599624 3 24 0.010000 13 0.770000 12 0.220000
  0 -0.535631 7.954500 1.214220 0.851740 -0.024353 0.523399 0.987100 0.506655 3 13 0.400000 12 0.400000 3 0.200000
assets/textures/Ch_MutoYugi01_body_tex
  0 1.453640 9.949800 -0.630169 -0.042669 -0.682716 0.729437 0.987100 0.506655 3 17 0.500000 16 0.330000 13 0.170000
  0 1.433200 9.997410 -0.086344 -0.062284 -0.998050 -0.004197 0.987100 0.599624 3 17 0.480000 16 0.120000 13 0.400000
  0 1.035120 9.767800 -0.500944 0.002203 -0.505658 0.862731 0.894131 0.506655 2 16 0.530000 13 0.470000
assets/textures/Ch_MutoYugi01_body_tex
  0 1.433200 9.997410 -0.086344 -0.062284 -0.998050 -0.004197 0.987100 0.599624 3 17 0.480000 16 0.120000 13 0.400000
  0 1.360410 9.902040 0.431764 0.502966 -0.793084 -0.343573 0.918152 0.506655 2 17 0.610000 16 0.390000
  0 1.092780 9.764290 0.357946 0.136181 -0.894335 -0.426168 0.987100 0.506655 2 16 0.610000 13 0.390000
assets/textures/Ch_MutoYugi01_body_tex
  0 1.433200 9.997410 -0.086344 -0.062284 -0.998050 -0.004197 0.987100 0.599624 3 17 0.480000 16 0.120000 13 0.400000
  0 1.453640 9.950020 0.457481 -0.155410 -0.651779 -0.742315 0.894131 0.506655 3 17 0.500000 16 0.330000 13 0.170000
  0 1.360410 9.902040 0.431764 0.502966 -0.793084 -0.343573 0.918152 0.506655 2 17 0.610000 16 0.390000
assets/textures/Ch_MutoYugi01_body_tex
  0 1.433200 9.997410 -0.086344 -0.062284 -0.998050 -0.004197 0.894131 0.506655 3 17 0.480000 16 0.120000 13 0.400000
  0 1.845790 10.008200 -0.086344 0.117134 -0.993116 0.000000 0.987100 0.506655 2 17 0.740000 16 0.260000
  0 1.808830 9.738340 0.359303 -0.157426 -0.389062 -0.907661 0.987100 0.599624 2 17 0.780000 16 0.220000
assets/textures/Ch_MutoYugi01_body_tex
  0 1.433200 9.997410 -0.086344 -0.062284 -0.998050 -0.004197 0.894131 0.506655 3 17 0.480000 16 0.120000 13 0.400000
  0 1.808830 9.738340 0.359303 -0.157426 -0.389062 -0.907661 0.987100 0.599624 2 17 0.780000 16 0.220000
  0 1.453640 9.950020 0.457481 -0.155410 -0.651779 -0.742315 0.894131 0.599624 3 17 0.500000 16 0.330000 13 0.170000
assets/textures/Ch_MutoYugi01_body_tex
  0 1.453640 9.950020 0.457481 -0.155410 -0.651779 -0.742315 0.894131 0.506655 3 17 0.500000 16 0.330000 13 0.170000
  0 1.765170 9.288720 0.359303 -0.325298 0.472720 -0.818973 0.987100 0.599624 2 17 0.690000 16 0.310000
  0 1.323350 9.159620 0.507700 -0.691803 0.316434 -0.649060 0.894131 0.599624 1 13 1.000000
assets/textures/Ch_MutoYugi01_body_tex
  0 1.453640 9.950020 0.457481 -0.155410 -0.651779 -0.742315 0.894131 0.506655 3 17 0.500000 16 0.330000 13 0.170000
  0 1.808830 9.738340 0.359303 -0.157426 -0.389062 -0.907661 0.987100 0.506655 2 17 0.780000 16 0.220000
  0 1.765170 9.288720 0.359303 -0.325298 0.472720 -0.818973 0.987100 0.599624 2 17 0.690000 16 0.310000
assets/textures/Ch_MutoYugi01_body_tex
  0 1.453640 9.950020 0.457481 -0.155410 -0.651779 -0.742315 0.894131 0.506655 3 17 0.500000 16 0.330000 13 0.170000
  0 1.184290 9.568430 0.539502 -0.291767 -0.238480 -0.926283 0.987100 0.506655 2 17 0.380000 16 0.620000
  0 1.360410 9.902040 0.431764 0.502966 -0.793084 -0.343573 0.918152 0.530676 2 17 0.610000 16 0.390000
assets/textures/Ch_MutoYugi01_body_tex
  0 0.830614 7.985370 1.039240 -0.599035 0.134177 -0.789401 0.894131 0.506655 3 13 0.450000 12 0.450000 3 0.100000
  0 0.535631 7.954500 1.214220 -0.851740 -0.024353 0.523399 0.987100 0.506655 3 13 0.400000 12 0.400000 3 0.200000
  0 0.585862 8.392330 1.218390 -0.833432 0.160924 0.528673 0.987100 0.599624 2 13 0.620000 12 0.380000
assets/textures/Ch_MutoYugi01_body_tex
  0 0.830614 7.985370 1.039240 -0.599035 0.134177 -0.789401 0.894131 0.506655 3 13 0.450000 12 0.450000 3 0.100000
  0 0.585862 8.392330 1.218390 -0.833432 0.160924 0.528673 0.987100 0.599624 2 13 0.620000 12 0.380000
  0 0.914702 8.476260 1.021950 -0.544157 -0.047917 -0.837614 0.894131 0.599624 1 13 1.000000
assets/textures/Ch_MutoYugi01_body_tex
  0 0.650396 7.985370 -0.403319 -0.419980 0.349678 0.837462 0.987100 0.599624 3 13 0.440000 12 0.360000 3 0.200000
  0 1.056810 7.985370 0.038650 -0.900918 0.334906 0.276016 0.894131 0.599624 2 13 0.580000 12 0.420000
  0 1.257430 8.531060 -0.101360 -0.857038 0.366195 0.362473 0.894131 0.506655 1 13 1.000000
assets/textures/Ch_MutoYugi01_body_tex
  0 0.830614 7.985370 1.039240 -0.599035 0.134177 -0.789401 0.887590 -0.433841 3 13 0.450000 12 0.450000 3 0.100000
  0 0.539805 7.459000 1.125880 -0.836737 -0.226676 0.498486 0.891114 -0.483812 3 13 0.300000 12 0.400000 3 0.300000
  0 0.535631 7.954500 1.214220 -0.851740 -0.024353 0.523399 0.943251 -0.483812 3 13 0.400000 12 0.400000 3 0.200000
assets/textures/Ch_MutoYugi01_body_tex
  0 0.650396 7.985370 -0.403319 -0.419980 0.349678 0.837462 -0.053336 0.603154 3 13 0.440000 12 0.360000 3 0.200000
  0 0.650212 7.554080 -0.329140 -0.444142 0.118383 0.888101 -0.130271 0.603154 2 12 0.700000 3 0.300000
  0 0.966815 7.581350 0.050320 -0.970905 0.139886 0.194357 -0.128091 0.506018 2 13 0.380000 12 0.620000
assets/textures/Ch_MutoYugi01_body_tex
  0 0.893030 9.679650 0.856930 0.174832 0.785277 0.593948 0.490470 0.505035 3 16 0.190000 13 0.790000 12 0.020000
  0 0.815189 10.001900 0.453743 0.174832 0.785277 0.593948 0.490470 0.639100 2 16 0.200000 13 0.800000
  0 0.418081 10.020900 0.545565 0.174832 0.785277 0.593948 0.401764 0.639100 1 13 1.000000
assets/textures/Ch_MutoYugi01_body_tex
  0 -0.585862 8.392330 1.218390 0.833433 0.160924 0.528671 0.987100 0.506655 3 24 0.010000 13 0.770000 12 0.220000
  0 -0.914702 8.476260 1.021950 0.544157 -0.047917 -0.837614 0.894131 0.506655 1 13 1.000000
  0 -0.674862 9.018970 1.023730 0.808838 0.057913 -0.585173 0.987100 0.599624 1 13 1.000000
assets/textures/Ch_MutoYugi01_body_tex
  0 -0.709389 9.286770 0.903412 0.791602 -0.110710 -0.600924 0.987100 0.599624 3 24 0.260000 13 0.700000 12 0.040000
  0 -0.674862 9.018970 1.023730 0.808838 0.057913 -0.585173 0.987100 0.506655 1 13 1.000000
  0 -0.977059 9.020330 0.886317 0.467847 -0.193683 -0.862326 0.894131 0.506655 2 24 0.280000 13 0.720000
assets/textures/Ch_MutoYugi01_body_tex
  0 -0.842618 9.571050 0.925243 -0.203703 0.728937 0.653572 0.401764 0.505035 3 24 0.190000 13 0.800000 12 0.010000
  0 -0.413982 9.662990 0.956298 -0.203703 0.728937 0.653572 0.490470 0.505035 2 24 0.170000 13 0.830000
  0 -0.890533 9.937540 0.501559 -0.203703 0.728937 0.653572 0.401764 0.639100 1 13 1.000000
assets/textures/Ch_MutoYugi01_body_tex
  0 -0.630072 10.150000 -0.423284 -0.497200 0.045910 -0.866421 0.094804 0.403731 3 24 0.120000 21 0.010000 13 0.870000
  0 -1.010350 10.752800 0.025575 0.431163 0.695873 0.574333 0.069297 0.491665 2 21 0.200000 13 0.800000
  0 -0.603026 10.874400 -0.468770 0.452150 0.872152 -0.186847 0.082985 0.491665 2 21 0.200000 13 0.800000
assets/textures/Ch_MutoYugi01_body_tex
  0 -0.630072 10.150000 -0.423284 -0.497200 0.045910 -0.866421 0.094804 0.403731 3 24 0.120000 21 0.010000 13 0.870000
  0 -0.970894 10.076300 -0.057915 -0.901967 0.080390 -0.424257 0.068502 0.403731 3 24 0.450000 21 0.020000 13 0.530000
  0 -1.010350 10.752800 0.025575 0.431163 0.695873 0.574333 0.069297 0.491665 2 21 0.200000 13 0.800000
assets/textures/Ch_MutoYugi01_body_tex
  0 -0.970894 10.076300 -0.057915 -0.901967 0.080390 -0.424257 0.068502 0.403731 3 24 0.450000 21 0.020000 13 0.530000
  0 -1.197150 10.621400 0.458380 0.546041 0.613662 0.570314 0.046137 0.491665 2 24 0.080000 13 0.920000
  0 -1.010350 10.752800 0.025575 0.431163 0.695873 0.574333 0.069297 0.491665 2 21 0.200000 13 0.800000
assets/textures/Ch_MutoYugi01_body_tex
  0 -0.970894 10.076300 -0.057915 -0.901967 0.080390 -0.424257 0.068502 0.403731 3 24 0.450000 21 0.020000 13 0.530000
  0 -0.968327 9.881280 0.369025 -0.980726 -0.186164 0.059328 0.047215 0.403731 2 24 0.470000 13 0.530000
  0 -1.197150 10.621400 0.458380 0.546041 0.613662 0.570314 0.046137 0.491665 2 24 0.080000 13 0.920000
assets/textures/Ch_MutoYugi01_body_tex
  0 1.453640 9.949800 -0.630169 -0.042669 -0.682716 0.729437 0.894131 0.599624 3 17 0.500000 16 0.330000 13 0.170000
  0 1.533670 9.159360 -0.630169 -0.262322 0.496285 0.827580 0.894131 0.506655 2 17 0.510000 16 0.490000
  0 1.808830 9.738340 -0.531991 -0.123336 -0.452894 0.882992 0.987100 0.599624 2 17 0.650000 16 0.350000
assets/textures/Ch_MutoYugi01_body_tex
  0 1.453640 9.949800 -0.630169 -0.042669 -0.682716 0.729437 0.894131 0.506655 3 17 0.500000 16 0.330000 13 0.170000
  0 1.808830 9.738340 -0.531991 -0.123336 -0.452894 0.882992 0.987100 0.506655 2 17 0.650000 16 0.350000
  0 1.433200 9.997410 -0.086344 -0.062284 -0.998050 -0.004197 0.894131 0.599624 3 17 0.480000 16 0.120000 13 0.400000
assets/textures/Ch_MutoYugi01_body_tex
  0 1.135210 9.852920 0.131952 0.067115 0.921956 0.381435 0.144017 0.985982 3 17 0.090000 16 0.510000 13 0.400000
  0 0.869065 9.871950 0.132781 0.323810 0.874388 0.361375 0.111863 0.985982 2 16 0.200000 13 0.800000
  0 1.169740 9.485520 0.524889 0.479070 0.420345 0.770586 0.142621 0.927760 3 17 0.270000 16 0.530000 13 0.200000
assets/textures/Ch_MutoYugi01_body_tex
  0 1.169740 9.485520 0.524889 0.479070 0.420345 0.770586 0.142621 0.927760 3 17 0.270000 16 0.530000 13 0.200000
  0 0.681283 9.459370 0.766223 0.273081 0.434132 0.858462 0.066015 0.925466 2 16 0.330000 13 0.670000
  0 1.206320 9.025480 0.519289 0.561362 0.226238 0.796046 0.156794 0.897289 2 13 0.960000 12 0.040000
assets/textures/Ch_MutoYugi01_body_tex
  0 1.135210 9.852920 0.131952 0.067115 0.921956 0.381435 0.244233 0.984997 3 17 0.090000 16 0.510000 13 0.400000
  0 1.120410 9.815240 -0.306023 0.083059 0.993263 -0.080805 0.244233 0.953910 3 17 0.100000 16 0.450000 13 0.450000
  0 0.869065 9.871950 0.132781 0.323810 0.874388 0.361375 0.275780 0.984997 2 16 0.200000 13 0.800000
assets/textures/Ch_MutoYugi01_body_tex
  0 1.120410 9.815240 -0.306023 0.083059 0.993263 -0.080805 0.244233 0.953910 3 17 0.100000 16 0.450000 13 0.450000
  0 0.801427 9.841940 -0.325892 0.340578 0.838592 -0.425170 0.284474 0.953910 2 16 0.200000 13 0.800000
  0 0.869065 9.871950 0.132781 0.323810 0.874388 0.361375 0.275780 0.984997 2 16 0.200000 13 0.800000
assets/textures/Ch_MutoYugi01_body_tex
  0 0.777278 9.986690 -0.118980 0.381776 -0.914485 -0.134033 1.128090 1.627050 3 17 0.020000 16 0.250000 13 0.730000
  0 0.777278 10.417000 0.037594 0.409338 0.829009 0.381033 1.128090 1.680060 3 21 0.120000 16 0.010000 13 0.870000
  0 0.588891 9.826440 0.428925 0.377093 -0.920542 0.101994 1.059930 1.627050 1 13 1.000000
assets/textures/Ch_MutoYugi01_body_tex
  0 0.777278 10.417000 0.037594 0.409338 0.829009 0.381033 1.128090 1.680060 3 21 0.120000 16 0.010000 13 0.870000
  0 0.588891 10.256700 0.585500 0.373563 0.712168 0.594363 1.059930 1.680060 1 13 1.000000
  0 0.588891 9.826440 0.428925 0.377093 -0.920542 0.101994 1.059930 1.627050 1 13 1.000000
assets/textures/Ch_MutoYugi01_body_tex
  0 0.777278 9.986690 -0.118980 0.381776 -0.914485 -0.134033 1.145780 1.985280 3 17 0.020000 16 0.250000 13 0.730000
  0 0.588891 9.826440 0.428925 0.377093 -0.920542 0.101994 1.142530 1.971810 1 13 1.000000
  0 0.000000 10.068900 -0.415931 0.000000 -0.960687 -0.277633 1.132350 1.992580 2 21 0.470000 13 0.530000
assets/textures/Ch_MutoYugi01_body_tex
  0 0.552610 9.568250 1.192450 0.744972 0.457906 0.485118 0.401764 0.505035 3 16 0.190000 14 0.400000 13 0.410000
  0 0.822529 9.399630 0.937111 0.744972 0.457906 0.485118 0.490470 0.505035 3 16 0.280000 14 0.400000 13 0.320000
  0 0.507677 9.979120 0.873628 0.744972 0.457906 0.485118 0.401764 0.639100 3 21 0.340000 14 0.200000 13 0.460000
assets/textures/Ch_MutoYugi01_body_tex
  0 0.822529 9.399630 0.937111 0.744972 0.457906 0.485118 0.490470 0.505035 3 16 0.280000 14 0.400000 13 0.320000
  0 0.777595 9.810500 0.618288 0.744972 0.457906 0.485118 0.490470 0.639100 3 16 0.400000 14 0.200000 13 0.400000
  0 0.507677 9.979120 0.873628 0.744972 0.457906 0.485118 0.401764 0.639100 3 21 0.340000 14 0.200000 13 0.460000
assets/textures/Ch_MutoYugi01_body_tex
  0 3.037220 9.295450 -0.386192 -0.002458 0.578582 0.815620 0.987100 0.506655 3 18 0.190000 17 0.800000 16 0.010000
  0 2.978690 9.654500 -0.386192 -0.061584 -0.414777 0.907837 0.987100 0.599624 2 18 0.180000 17 0.820000
  0 2.256640 9.339280 -0.402574 -0.090734 0.515464 0.852094 0.894131 0.506655 2 17 0.930000 16 0.070000
assets/textures/Ch_MutoYugi01_body_tex
  0 3.037220 9.295450 -0.386192 -0.002458 0.578582 0.815620 0.987100 0.599624 3 18 0.190000 17 0.800000 16 0.010000
  0 2.256640 9.339280 -0.402574 -0.090734 0.515464 0.852094 0.894131 0.599624 2 17 0.930000 16 0.070000
  0 2.256640 9.162590 -0.086344 -0.018508 0.999728 -0.014207 0.894131 0.506655 2 17 0.950000 16 0.050000
assets/textures/Ch_MutoYugi01_body_tex
  0 6.519510 9.473670 0.287125 -0.187916 -0.731966 -0.654914 0.564372 -0.328895 3 20 0.800000 19 0.150000 18 0.050000
  0 6.540670 9.552250 0.459736 -0.178763 -0.279540 0.943346 0.564372 -0.337155 3 20 0.800000 19 0.140000 18 0.060000
  0 6.207020 9.641110 0.448710 0.058710 -0.244621 0.967840 0.555359 -0.337815 2 20 0.600000 19 0.400000
assets/textures/Ch_MutoYugi01_body_tex
  0 6.519510 9.473670 0.287125 -0.187916 -0.731966 -0.654914 0.564372 -0.328895 3 20 0.800000 19 0.150000 18 0.050000
  0 6.821100 9.325380 0.470762 -0.150202 -0.475477 0.866811 0.575769 -0.337415 3 20 0.800000 19 0.140000 18 0.060000
  0 6.540670 9.552250 0.459736 -0.178763 -0.279540 0.943346 0.564372 -0.337155 3 20 0.800000 19 0.140000 18 0.060000
assets/textures/Ch_MutoYugi01_body_tex
  0 6.519510 9.473670 0.287125 -0.187916 -0.731966 -0.654914 0.564372 -0.328895 3 20 0.800000 19 0.150000 18 0.050000
  0 6.826150 9.261210 0.345852 -0.169258 -0.765664 -0.620572 0.575769 -0.329130 3 20 0.800000 19 0.140000 18 0.060000
  0 6.821100 9.325380 0.470762 -0.150202 -0.475477 0.866811 0.575769 -0.337415 3 20 0.800000 19 0.140000 18 0.060000
assets/textures/Ch_MutoYugi01_body_tex
  0 6.464520 9.473240 0.207336 -0.255335 -0.103515 0.961295 0.564372 -0.326087 3 20 0.800000 19 0.160000 18 0.040000
  0 6.198590 9.432540 0.008084 0.309273 -0.916764 0.252773 0.554886 -0.320791 1 19 1.000000
  0 6.448740 9.413760 0.008480 -0.831883 -0.467734 0.298657 0.564372 -0.320809 3 20 0.800000 19 0.160000 18 0.040000
assets/textures/Ch_MutoYugi01_body_tex
  0 6.464520 9.473240 0.207336 -0.255335 -0.103515 0.961295 0.564372 -0.326087 3 20 0.800000 19 0.160000 18 0.040000
  0 6.448740 9.413760 0.008480 -0.831883 -0.467734 0.298657 0.564372 -0.320809 3 20 0.800000 19 0.160000 18 0.040000
  0 6.433460 9.033210 0.239711 -0.768612 -0.084213 0.634148 0.575769 -0.326087 3 20 0.800000 19 0.140000 18 0.060000
assets/textures/Ch_MutoYugi01_body_tex
  0 6.433460 9.033210 0.239711 -0.768612 -0.084213 0.634148 0.575769 -0.326087 3 20 0.800000 19 0.140000 18 0.060000
  0 6.448740 9.413760 0.008480 -0.831883 -0.467734 0.298657 0.564372 -0.320809 3 20 0.800000 19 0.160000 18 0.040000
  0 6.434910 8.963180 0.112742 -0.886259 -0.418810 0.197846 0.575769 -0.320918 3 20 0.800000 19 0.130000 18 0.070000
assets/textures/Ch_MutoYugi01_body_tex
  0 6.370420 8.986990 -0.094871 -0.903495 -0.316810 0.288668 0.575769 -0.309854 3 20 0.800000 19 0.140000 18 0.060000
  0 6.434910 8.963180 0.112742 -0.886259 -0.418810 0.197846 0.575769 -0.320918 3 20 0.800000 19 0.130000 18 0.070000
  0 6.448740 9.413760 0.008480 -0.831883 -0.467734 0.298657 0.564372 -0.320809 3 20 0.800000 19 0.160000 18 0.040000
assets/textures/Ch_MutoYugi01_body_tex
  0 -1.453640 9.949800 -0.630169 0.046053 -0.683482 0.728514 0.894131 0.599624 3 25 0.400000 24 0.400000 13 0.200000
  0 -1.808830 9.738340 -0.531991 0.124052 -0.455637 0.881479 0.987100 0.599624 2 25 0.650000 24 0.350000
  0 -1.533670 9.159360 -0.630169 0.262322 0.496285 0.827580 0.894131 0.506655 2 25 0.500000 24 0.500000
assets/textures/Ch_MutoYugi01_body_tex
  0 -1.453640 9.949800 -0.630169 0.046053 -0.683482 0.728514 0.894131 0.506655 3 25 0.400000 24 0.400000 13 0.200000
  0 -1.424050 9.999840 -0.086344 0.060263 -0.998174 -0.004041 0.894131 0.599624 3 25 0.630000 24 0.170000 13 0.200000
  0 -1.808830 9.738340 -0.531991 0.124052 -0.455637 0.881479 0.987100 0.506655 2 25 0.650000 24 0.350000
assets/textures/Ch_MutoYugi01_body_tex
  0 -1.424050 9.999840 -0.086344 0.060263 -0.998174 -0.004041 0.894131 0.599624 3 25 0.630000 24 0.170000 13 0.200000
  0 -1.845790 10.008200 -0.086344 -0.104223 -0.994537 -0.005810 0.987100 0.599624 2 25 0.740000 24 0.260000
  0 -1.808830 9.738340 -0.531991 0.124052 -0.455637 0.881479 0.987100 0.506655 2 25 0.650000 24 0.350000
assets/textures/Ch_MutoYugi01_body_tex
  0 -6.540670 9.552250 0.459736 0.178763 -0.279540 0.943346 0.564419 -0.337116 3 28 0.800000 27 0.140000 26 0.060000
  0 -6.821100 9.325380 0.470762 0.150202 -0.475477 0.866811 0.575830 -0.337375 3 28 0.800000 27 0.140000 26 0.060000
  0 -6.519510 9.473670 0.287125 0.187915 -0.731966 -0.654915 0.564419 -0.328846 3 28 0.800000 27 0.150000 26 0.050000
assets/textures/Ch_MutoYugi01_body_tex
  0 -6.464520 9.473240 0.207336 0.255334 -0.103515 0.961296 0.564419 -0.326034 3 28 0.800000 27 0.160000 26 0.040000
  0 -6.433460 9.033210 0.239711 0.768612 -0.084214 0.634148 0.575830 -0.326034 3 28 0.800000 27 0.140000 26 0.060000
  0 -6.448740 9.413760 0.008480 0.831883 -0.467735 0.298657 0.564419 -0.320750 3 28 0.800000 27 0.160000 26 0.040000
assets/textures/Ch_MutoYugi01_body_tex
  0 -6.821100 9.325380 0.470762 0.150202 -0.475477 0.866811 0.575830 -0.337375 3 28 0.800000 27 0.140000 26 0.060000
  0 -6.826150 9.261210 0.345852 0.169257 -0.765664 -0.620573 0.575830 -0.329081 3 28 0.800000 27 0.140000 26 0.060000
  0 -6.519510 9.473670 0.287125 0.187915 -0.731966 -0.654915 0.564419 -0.328846 3 28 0.800000 27 0.150000 26 0.050000
assets/textures/Ch_MutoYugi01_body_tex
  0 -6.370420 8.986990 -0.094871 0.903495 -0.316810 0.288666 0.575830 -0.309782 3 28 0.800000 27 0.140000 26 0.060000
  0 -6.448740 9.413760 0.008480 0.831883 -0.467735 0.298657 0.564419 -0.320750 3 28 0.800000 27 0.160000 26 0.040000
  0 -6.434910 8.963180 0.112742 0.886259 -0.418811 0.197846 0.575830 -0.320858 3 28 0.800000 27 0.130000 26 0.070000
assets/textures/Ch_MutoYugi01_body_tex
  0 -6.434910 8.963180 0.112742 0.886259 -0.418811 0.197846 0.575830 -0.320858 3 28 0.800000 27 0.130000 26 0.070000
  0 -6.448740 9.413760 0.008480 0.831883 -0.467735 0.298657 0.564419 -0.320750 3 28 0.800000 27 0.160000 26 0.040000
  0 -6.433460 9.033210 0.239711 0.768612 -0.084214 0.634148 0.575830 -0.326034 3 28 0.800000 27 0.140000 26 0.060000
assets/textures/Ch_MutoYugi01_body_tex
  0 -0.585862 8.392330 1.218390 0.833433 0.160924 0.528671 0.577107 0.026152 3 24 0.010000 13 0.770000 12 0.220000
  0 -0.674862 9.018970 1.023730 0.808838 0.057913 -0.585173 0.547436 0.121393 1 13 1.000000
  0 -0.775815 9.018970 1.151660 0.617523 0.373058 0.692454 0.573181 0.126520 1 13 1.000000
assets/textures/Ch_MutoYugi01_body_tex
  0 -0.709389 9.286770 0.903412 0.791602 -0.110710 -0.600924 0.531758 0.174191 3 24 0.260000 13 0.700000 12 0.040000
  0 -0.895574 9.307890 1.023840 0.494493 0.563261 0.661977 0.566697 0.189208 1 13 1.000000
  0 -0.674862 9.018970 1.023730 0.808838 0.057913 -0.585173 0.547436 0.121393 1 13 1.000000
assets/textures/Ch_MutoYugi01_body_tex
  0 1.421560 10.026400 -0.090229 -0.773868 0.633347 -0.000134 0.482010 0.463221 3 17 0.100000 16 0.350000 13 0.550000
  0 1.445320 9.976020 0.478937 0.182082 0.478631 0.858929 0.454564 0.448698 2 17 0.500000 16 0.500000
  0 1.483680 10.378600 -0.090219 0.151155 0.988510 -0.000147 0.482011 0.448698 2 17 0.200000 16 0.800000
assets/textures/Ch_MutoYugi01_body_tex
  0 1.421560 10.026400 -0.090229 -0.773868 0.633347 -0.000134 0.482010 0.463221 3 17 0.100000 16 0.350000 13 0.550000
  0 1.483680 10.378600 -0.090219 0.151155 0.988510 -0.000147 0.482011 0.448698 2 17 0.200000 16 0.800000
  0 1.445320 9.975780 -0.659374 0.059361 0.492683 -0.868182 0.454564 0.448698 2 17 0.500000 16 0.500000
assets/textures/Ch_MutoYugi01_body_tex
  0 6.433460 9.033210 0.239711 -0.768612 -0.084213 0.634148 0.735380 0.721718 3 20 0.800000 19 0.140000 18 0.060000
  0 6.572210 9.033410 0.256321 0.794469 -0.173804 0.581904 0.715505 0.731578 3 20 0.800000 19 0.140000 18 0.060000
  0 6.464520 9.473240 0.207336 -0.255335 -0.103515 0.961295 0.682431 0.722575 3 20 0.800000 19 0.160000 18 0.040000
assets/textures/Ch_MutoYugi01_body_tex
  0 6.433460 9.033210 0.239711 -0.768612 -0.084213 0.634148 0.735380 0.721718 3 20 0.800000 19 0.140000 18 0.060000
  0 6.434910 8.963180 0.112742 -0.886259 -0.418810 0.197846 0.738866 0.755419 3 20 0.800000 19 0.130000 18 0.070000
  0 6.572210 9.033410 0.256321 0.794469 -0.173804 0.581904 0.715505 0.731578 3 20 0.800000 19 0.140000 18 0.060000
assets/textures/Ch_MutoYugi01_body_tex
  0 6.464520 9.473240 0.207336 -0.255335 -0.103515 0.961295 0.682431 0.722575 3 20 0.800000 19 0.160000 18 0.040000
  0 6.572210 9.033410 0.256321 0.794469 -0.173804 0.581904 0.715505 0.731578 3 20 0.800000 19 0.140000 18 0.060000
  0 6.635050 9.513270 0.186556 0.818464 0.405310 0.407235 0.682180 0.731293 3 20 0.800000 19 0.150000 18 0.050000
assets/textures/Ch_MutoYugi01_body_tex
  0 6.464520 9.473240 0.207336 -0.255335 -0.103515 0.961295 0.682431 0.722575 3 20 0.800000 19 0.160000 18 0.040000
  0 6.635050 9.513270 0.186556 0.818464 0.405310 0.407235 0.682180 0.731293 3 20 0.800000 19 0.150000 18 0.050000
  0 6.241870 9.820980 0.179128 0.471598 0.855935 -0.212062 0.641142 0.724469 2 20 0.600000 19 0.400000
assets/textures/Ch_MutoYugi01_body_tex
  0 6.464520 9.473240 0.207336 -0.255335 -0.103515 0.961295 0.682431 0.722575 3 20 0.800000 19 0.160000 18 0.040000
  0 6.241870 9.820980 0.179128 0.471598 0.855935 -0.212062 0.641142 0.724469 2 20 0.600000 19 0.400000
  0 6.202950 9.536840 0.228397 0.309273 -0.916764 0.252773 0.663362 0.722282 1 19 1.000000
assets/textures/Ch_MutoYugi01_body_tex
  0 6.434910 8.963180 0.112742 -0.886259 -0.418810 0.197846 0.738866 0.755419 3 20 0.800000 19 0.130000 18 0.070000
  0 6.573820 8.963180 0.065326 0.920402 -0.353276 -0.167500 0.716766 0.758958 3 20 0.800000 19 0.140000 18 0.060000
  0 6.572210 9.033410 0.256321 0.794469 -0.173804 0.581904 0.715505 0.731578 3 20 0.800000 19 0.140000 18 0.060000
assets/textures/Ch_MutoYugi01_body_tex
  0 6.434910 8.963180 0.112742 -0.886259 -0.418810 0.197846 0.738866 0.755419 3 20 0.800000 19 0.130000 18 0.070000
  0 6.488070 8.981430 -0.127967 0.851728 -0.357580 -0.383010 0.716195 0.784024 3 20 0.800000 19 0.140000 18 0.060000
  0 6.573820 8.963180 0.065326 0.920402 -0.353276 -0.167500 0.716766 0.758958 3 20 0.800000 19 0.140000 18 0.060000
assets/textures/Ch_MutoYugi01_body_tex
  0 6.434910 8.963180 0.112742 -0.886259 -0.418810 0.197846 0.738866 0.755419 3 20 0.800000 19 0.130000 18 0.070000
  0 6.370420 8.986990 -0.094871 -0.903495 -0.316810 0.288668 0.739638 0.782323 3 20 0.800000 19 0.140000 18 0.060000
  0 6.488070 8.981430 -0.127967 0.851728 -0.357580 -0.383010 0.716195 0.784024 3 20 0.800000 19 0.140000 18 0.060000
assets/textures/Ch_MutoYugi01_body_tex
  0 6.635050 9.513270 0.186556 0.818464 0.405310 0.407235 0.682180 0.731293 3 20 0.800000 19 0.150000 18 0.050000
  0 6.572210 9.033410 0.256321 0.794469 -0.173804 0.581904 0.715505 0.731578 3 20 0.800000 19 0.140000 18 0.060000
  0 6.636610 9.515650 -0.019038 0.914127 0.351832 -0.201462 0.682180 0.760365 3 20 0.800000 19 0.150000 18 0.050000
assets/textures/Ch_MutoYugi01_body_tex
  0 6.573820 8.963180 0.065326 0.920402 -0.353276 -0.167500 0.716766 0.758958 3 20 0.800000 19 0.140000 18 0.060000
  0 6.488070 8.981430 -0.127967 0.851728 -0.357580 -0.383010 0.716195 0.784024 3 20 0.800000 19 0.140000 18 0.060000
  0 6.636610 9.515650 -0.019038 0.914127 0.351832 -0.201462 0.682180 0.760365 3 20 0.800000 19 0.150000 18 0.050000
assets/textures/Ch_MutoYugi01_body_tex
  0 6.573820 8.963180 0.065326 0.920402 -0.353276 -0.167500 0.716766 0.758958 3 20 0.800000 19 0.140000 18 0.060000
  0 6.636610 9.515650 -0.019038 0.914127 0.351832 -0.201462 0.682180 0.760365 3 20 0.800000 19 0.150000 18 0.050000
  0 6.572210 9.033410 0.256321 0.794469 -0.173804 0.581904 0.715505 0.731578 3 20 0.800000 19 0.140000 18 0.060000
assets/textures/Ch_MutoYugi01_body_tex
  0 6.635050 9.513270 0.186556 0.818464 0.405310 0.407235 0.682180 0.731293 3 20 0.800000 19 0.150000 18 0.050000
  0 6.636610 9.515650 -0.019038 0.914127 0.351832 -0.201462 0.682180 0.760365 3 20 0.800000 19 0.150000 18 0.050000
  0 6.241870 9.820980 0.179128 0.471598 0.855935 -0.212062 0.641142 0.724469 2 20 0.600000 19 0.400000
assets/textures/Ch_MutoYugi01_body_tex
  0 6.370420 8.986990 -0.094871 -0.903495 -0.316810 0.288668 0.739638 0.782323 3 20 0.800000 19 0.140000 18 0.060000
  0 6.343410 8.996330 -0.217083 -0.559659 -0.510557 -0.652774 0.737169 0.818635 3 20 0.800000 19 0.130000 18 0.070000
  0 6.488070 8.981430 -0.127967 0.851728 -0.357580 -0.383010 0.716195 0.784024 3 20 0.800000 19 0.140000 18 0.060000
assets/textures/Ch_MutoYugi01_body_tex
  0 6.636610 9.515650 -0.019038 0.914127 0.351832 -0.201462 0.682180 0.760365 3 20 0.800000 19 0.150000 18 0.050000
  0 6.224990 9.821580 -0.107628 0.472313 0.862368 -0.182325 0.641142 0.760224 2 20 0.600000 19 0.400000
  0 6.241870 9.820980 0.179128 0.471598 0.855935 -0.212062 0.641142 0.724469 2 20 0.600000 19 0.400000
assets/textures/Ch_MutoYugi01_body_tex
  0 6.636610 9.515650 -0.019038 0.914127 0.351832 -0.201462 0.682180 0.760365 3 20 0.800000 19 0.150000 18 0.050000
  0 6.488070 8.981430 -0.127967 0.851728 -0.357580 -0.383010 0.716195 0.784024 3 20 0.800000 19 0.140000 18 0.060000
  0 6.539880 9.513510 -0.279297 0.834790 0.322002 -0.446587 0.682180 0.784463 3 20 0.800000 19 0.150000 18 0.050000
assets/textures/Ch_MutoYugi01_body_tex
  0 6.636610 9.515650 -0.019038 0.914127 0.351832 -0.201462 0.682180 0.760365 3 20 0.800000 19 0.150000 18 0.050000
  0 6.539880 9.513510 -0.279297 0.834790 0.322002 -0.446587 0.682180 0.784463 3 20 0.800000 19 0.150000 18 0.050000
  0 6.224990 9.821580 -0.107628 0.472313 0.862368 -0.182325 0.641142 0.760224 2 20 0.600000 19 0.400000
assets/textures/Ch_MutoYugi01_body_tex
  0 6.519510 9.473670 0.287125 -0.187916 -0.731966 -0.654914 0.682312 0.718453 3 20 0.800000 19 0.150000 18 0.050000
  0 6.241870 9.820980 0.179128 0.471598 0.855935 -0.212062 0.641142 0.724469 2 20 0.600000 19 0.400000
  0 6.647830 9.692580 0.235966 0.405492 0.405847 -0.819063 0.681829 0.713297 3 20 0.800000 19 0.150000 18 0.050000
assets/textures/Ch_MutoYugi01_body_tex
  0 6.519510 9.473670 0.287125 -0.187916 -0.731966 -0.654914 0.682312 0.718453 3 20 0.800000 19 0.150000 18 0.050000
  0 6.647830 9.692580 0.235966 0.405492 0.405847 -0.819063 0.681829 0.713297 3 20 0.800000 19 0.150000 18 0.050000
  0 6.928400 9.387880 0.318915 0.573290 0.047287 -0.817987 0.721116 0.706075 3 20 0.800000 19 0.140000 18 0.060000
assets/textures/Ch_MutoYugi01_body_tex
  0 6.519510 9.473670 0.287125 -0.187916 -0.731966 -0.654914 0.682312 0.718453 3 20 0.800000 19 0.150000 18 0.050000
  0 6.928400 9.387880 0.318915 0.573290 0.047287 -0.817987 0.721116 0.706075 3 20 0.800000 19 0.140000 18 0.060000
  0 6.826150 9.261210 0.345852 -0.169258 -0.765664 -0.620572 0.735904 0.709265 3 20 0.800000 19 0.140000 18 0.060000
assets/textures/Ch_MutoYugi01_body_tex
  0 6.343410 8.996330 -0.217083 -0.559659 -0.510557 -0.652774 0.737169 0.818635 3 20 0.800000 19 0.130000 18 0.070000
  0 6.448880 8.977840 -0.256406 0.560380 -0.400261 -0.725097 0.715242 0.807656 3 20 0.800000 19 0.130000 18 0.070000
  0 6.488070 8.981430 -0.127967 0.851728 -0.357580 -0.383010 0.716195 0.784024 3 20 0.800000 19 0.140000 18 0.060000
assets/textures/Ch_MutoYugi01_body_tex
  0 6.488070 8.981430 -0.127967 0.851728 -0.357580 -0.383010 0.716195 0.784024 3 20 0.800000 19 0.140000 18 0.060000
  0 6.448880 8.977840 -0.256406 0.560380 -0.400261 -0.725097 0.715242 0.807656 3 20 0.800000 19 0.130000 18 0.070000
  0 6.539880 9.513510 -0.279297 0.834790 0.322002 -0.446587 0.682180 0.784463 3 20 0.800000 19 0.150000 18 0.050000
assets/textures/Ch_MutoYugi01_body_tex
  0 6.343410 8.996330 -0.217083 -0.559659 -0.510557 -0.652774 0.737169 0.818635 3 20 0.800000 19 0.130000 18 0.070000
  0 6.288620 9.361510 -0.366889 -0.479751 -0.771901 -0.417142 0.681935 0.826699 2 20 0.600000 19 0.400000
  0 6.448880 8.977840 -0.256406 0.560380 -0.400261 -0.725097 0.715242 0.807656 3 20 0.800000 19 0.130000 18 0.070000
assets/textures/Ch_MutoYugi01_body_tex
  0 6.647830 9.692580 0.235966 0.405492 0.405847 -0.819063 0.681829 0.713297 3 20 0.800000 19 0.150000 18 0.050000
  0 6.905560 9.432210 0.447047 0.682706 0.432276 0.589110 0.719050 0.679009 3 20 0.800000 19 0.140000 18 0.060000
  0 6.928400 9.387880 0.318915 0.573290 0.047287 -0.817987 0.721116 0.706075 3 20 0.800000 19 0.140000 18 0.060000
assets/textures/Ch_MutoYugi01_body_tex
  0 6.647830 9.692580 0.235966 0.405492 0.405847 -0.819063 0.681829 0.713297 3 20 0.800000 19 0.150000 18 0.050000
  0 6.641250 9.737770 0.415757 0.405374 0.760300 0.507558 0.681305 0.683410 3 20 0.800000 19 0.140000 18 0.060000
  0 6.905560 9.432210 0.447047 0.682706 0.432276 0.589110 0.719050 0.679009 3 20 0.800000 19 0.140000 18 0.060000
assets/textures/Ch_MutoYugi01_body_tex
  0 6.647830 9.692580 0.235966 0.405492 0.405847 -0.819063 0.681829 0.713297 3 20 0.800000 19 0.150000 18 0.050000
  0 6.241870 9.820980 0.179128 0.471598 0.855935 -0.212062 0.641142 0.724469 2 20 0.600000 19 0.400000
  0 6.641250 9.737770 0.415757 0.405374 0.760300 0.507558 0.681305 0.683410 3 20 0.800000 19 0.140000 18 0.060000
assets/textures/Ch_MutoYugi01_body_tex
  0 6.928400 9.387880 0.318915 0.573290 0.047287 -0.817987 0.721116 0.706075 3 20 0.800000 19 0.140000 18 0.060000
  0 6.905560 9.432210 0.447047 0.682706 0.432276 0.589110 0.719050 0.679009 3 20 0.800000 19 0.140000 18 0.060000
  0 6.821100 9.325380 0.470762 -0.150202 -0.475477 0.866811 0.730442 0.664395 3 20 0.800000 19 0.140000 18 0.060000
assets/textures/Ch_MutoYugi01_body_tex
  0 6.826150 9.261210 0.345852 -0.169258 -0.765664 -0.620572 0.735904 0.709265 3 20 0.800000 19 0.140000 18 0.060000
  0 6.928400 9.387880 0.318915 0.573290 0.047287 -0.817987 0.721116 0.706075 3 20 0.800000 19 0.140000 18 0.060000
  0 6.821100 9.325380 0.470762 -0.150202 -0.475477 0.866811 0.730442 0.664395 3 20 0.800000 19 0.140000 18 0.060000
assets/textures/Ch_MutoYugi01_body_tex
  0 6.539880 9.513510 -0.279297 0.834790 0.322002 -0.446587 0.682180 0.784463 3 20 0.800000 19 0.150000 18 0.050000
  0 6.448880 8.977840 -0.256406 0.560380 -0.400261 -0.725097 0.715242 0.807656 3 20 0.800000 19 0.130000 18 0.070000
  0 6.435570 9.465170 -0.430680 0.595432 0.110640 -0.795751 0.682180 0.810404 3 20 0.800000 19 0.140000 18 0.060000
assets/textures/Ch_MutoYugi01_body_tex
  0 6.539880 9.513510 -0.279297 0.834790 0.322002 -0.446587 0.682180 0.784463 3 20 0.800000 19 0.150000 18 0.050000
  0 6.435570 9.465170 -0.430680 0.595432 0.110640 -0.795751 0.682180 0.810404 3 20 0.800000 19 0.140000 18 0.060000
  0 6.206180 9.706420 -0.345819 0.429781 0.753881 -0.496943 0.641142 0.784594 2 20 0.600000 19 0.400000
assets/textures/Ch_MutoYugi01_body_tex
  0 6.905560 9.432210 0.447047 0.682706 0.432276 0.589110 0.719050 0.679009 3 20 0.800000 19 0.140000 18 0.060000
  0 6.540670 9.552250 0.459736 -0.178763 -0.279540 0.943346 0.680433 0.668989 3 20 0.800000 19 0.140000 18 0.060000
  0 6.821100 9.325380 0.470762 -0.150202 -0.475477 0.866811 0.730442 0.664395 3 20 0.800000 19 0.140000 18 0.060000
assets/textures/Ch_MutoYugi01_body_tex
  0 6.905560 9.432210 0.447047 0.682706 0.432276 0.589110 0.719050 0.679009 3 20 0.800000 19 0.140000 18 0.060000
  0 6.641250 9.737770 0.415757 0.405374 0.760300 0.507558 0.681305 0.683410 3 20 0.800000 19 0.140000 18 0.060000
  0 6.540670 9.552250 0.459736 -0.178763 -0.279540 0.943346 0.680433 0.668989 3 20 0.800000 19 0.140000 18 0.060000
assets/textures/Ch_MutoYugi01_body_tex
  0 6.435570 9.465170 -0.430680 0.595432 0.110640 -0.795751 0.682180 0.810404 3 20 0.800000 19 0.140000 18 0.060000
  0 6.170330 9.552880 -0.509463 0.317553 0.097180 -0.943248 0.641142 0.812423 2 20 0.600000 19 0.400000
  0 6.206180 9.706420 -0.345819 0.429781 0.753881 -0.496943 0.641142 0.784594 2 20 0.600000 19 0.400000
assets/textures/Ch_MutoYugi01_body_tex
  0 6.641250 9.737770 0.415757 0.405374 0.760300 0.507558 0.681305 0.683410 3 20 0.800000 19 0.140000 18 0.060000
  0 6.207020 9.641110 0.448710 0.058710 -0.244621 0.967840 0.643235 0.676632 2 20 0.600000 19 0.400000
  0 6.540670 9.552250 0.459736 -0.178763 -0.279540 0.943346 0.680433 0.668989 3 20 0.800000 19 0.140000 18 0.060000
assets/textures/Ch_MutoYugi01_body_tex
  0 1.157230 6.313710 0.908897 -0.747098 -0.505052 -0.432165 0.723958 -0.400791 3 12 0.300000 4 0.300000 3 0.400000
  0 0.569047 6.215440 1.505660 -0.964987 -0.170559 0.199274 0.798503 -0.483812 2 12 0.300000 3 0.700000
  0 0.540795 6.788940 1.221840 -0.606126 0.625778 0.490930 0.822866 -0.483812 2 12 0.300000 3 0.700000
assets/textures/Ch_MutoYugi01_body_tex
  0 0.568797 4.993820 1.874100 -0.392955 -0.265451 -0.880410 0.548586 -0.491449 3 12 0.360000 4 0.020000 3 0.620000
  0 0.569047 6.215440 1.505660 -0.964987 -0.170559 0.199274 0.805268 -0.490841 2 12 0.300000 3 0.700000
  0 1.394000 5.263650 1.424430 -0.701569 -0.665839 -0.253888 0.597089 -0.402383 2 12 0.400000 3 0.600000
assets/textures/Ch_MutoYugi01_body_tex
  0 1.157230 6.313710 0.908897 -0.747098 -0.505052 -0.432165 0.729629 1.553730 3 12 0.300000 4 0.300000 3 0.400000
  0 1.323690 6.501200 0.063335 -0.768639 -0.637849 0.048398 0.748586 1.592820 2 12 0.300000 3 0.700000
  0 2.045750 5.515560 -0.052706 -0.726214 -0.683328 -0.075343 0.631668 1.609670 2 12 0.300000 3 0.700000
assets/textures/Ch_MutoYugi01_body_tex
  0 1.157230 6.313710 0.908897 -0.747098 -0.505052 -0.432165 0.729629 1.553730 3 12 0.300000 4 0.300000 3 0.400000
  0 0.000000 6.932790 -0.060679 0.000000 -0.990839 0.135047 0.817587 1.586450 2 12 0.500000 3 0.500000
  0 1.323690 6.501200 0.063335 -0.768639 -0.637849 0.048398 0.748586 1.592820 2 12 0.300000 3 0.700000
assets/textures/Ch_MutoYugi01_body_tex
  0 -1.157230 6.313710 0.908897 0.746853 -0.505391 -0.432194 0.729629 1.553730 3 12 0.300000 8 0.300000 3 0.400000
  0 -2.045750 5.515560 -0.052706 0.726214 -0.683327 -0.075343 0.631668 1.609670 1 3 1.000000
  0 -1.323690 6.501200 0.063335 0.768639 -0.637849 0.048398 0.748586 1.592820 2 12 0.300000 3 0.700000
assets/textures/Ch_MutoYugi01_body_tex
  0 -1.157230 6.313710 0.908897 0.746853 -0.505391 -0.432194 0.729629 1.553730 3 12 0.300000 8 0.300000 3 0.400000
  0 -1.394000 5.263650 1.424430 0.701569 -0.665840 -0.253888 0.576134 1.523230 3 12 0.300000 8 0.230000 3 0.470000
  0 -2.045750 5.515560 -0.052706 0.726214 -0.683327 -0.075343 0.631668 1.609670 1 3 1.000000
assets/textures/Ch_MutoYugi01_body_tex
  0 0.568797 4.993820 1.874100 0.392955 0.265451 0.880410 0.638344 0.019955 3 12 0.360000 4 0.020000 3 0.620000
  0 1.394000 5.263650 1.424430 -0.701569 -0.665839 -0.253888 0.713536 0.019955 2 12 0.400000 3 0.600000
  0 0.569047 6.215440 1.505660 -0.964987 -0.170559 0.199274 0.638344 0.068235 2 12 0.300000 3 0.700000
assets/textures/Ch_MutoYugi01_body_tex
  0 -1.394000 5.263650 1.424430 0.701569 -0.665840 -0.253888 0.713536 0.019955 3 12 0.300000 8 0.230000 3 0.470000
  0 -0.569047 6.215440 1.505660 0.965051 -0.168691 0.200551 0.638344 0.068235 2 12 0.300000 3 0.700000
  0 -1.206790 6.242570 1.111000 -0.734119 0.381921 0.561431 0.713536 0.068235 2 12 0.300000 3 0.700000
assets/textures/Ch_MutoYugi01_body_tex
  0 -1.394000 5.263650 1.424430 0.701569 -0.665840 -0.253888 0.713536 0.019955 3 12 0.300000 8 0.230000 3 0.470000
  0 -0.568797 4.993820 1.874100 -0.392955 0.265451 0.880410 0.638344 0.019955 2 12 0.300000 3 0.700000
  0 -0.569047 6.215440 1.505660 0.965051 -0.168691 0.200551 0.638344 0.068235 2 12 0.300000 3 0.700000
assets/textures/Ch_MutoYugi01_body_tex
  0 -0.992527 6.771780 0.074723 -0.307636 0.917781 -0.251074 2.119540 1.680520 3 12 0.360000 8 0.030000 3 0.610000
  0 0.000000 6.757390 -0.324746 0.000000 0.888336 -0.459195 2.280880 1.680520 1 3 1.000000
  0 0.000000 6.727220 -0.386042 0.000000 0.333915 -0.942603 2.280880 1.673650 1 3 1.000000
assets/textures/Ch_MutoYugi01_body_tex
  0 -1.394000 5.263650 1.424430 0.701569 -0.665840 -0.253888 0.597089 -0.402383 3 12 0.300000 8 0.230000 3 0.470000
  0 -1.157230 6.313710 0.908897 0.746853 -0.505391 -0.432194 0.722587 -0.400114 3 12 0.300000 8 0.300000 3 0.400000
  0 -0.569047 6.215440 1.505660 0.965051 -0.168691 0.200551 0.805268 -0.490841 2 12 0.300000 3 0.700000
assets/textures/Ch_MutoYugi01_body_tex
  0 0.000000 5.359810 -0.522144 0.000000 -0.027616 -0.999619 0.017535 0.390672 3 8 0.100000 4 0.100000 3 0.800000
  0 0.104452 5.106130 -0.299472 -0.798871 -0.182778 -0.573059 0.017535 0.360681 2 4 0.630000 3 0.370000
  0 0.091918 5.106130 0.488937 -0.863242 -0.287252 0.415091 0.111656 0.360681 2 4 0.690000 3 0.310000
assets/textures/Ch_MutoYugi01_body_tex
  0 0.000000 5.359810 -0.522144 0.000000 -0.027616 -0.999619 0.017535 0.390672 3 8 0.100000 4 0.100000 3 0.800000
  0 -0.091918 5.106130 0.488937 0.863241 -0.287252 0.415091 0.111656 0.360681 2 8 0.690000 3 0.310000
  0 -0.104452 5.106130 -0.299472 0.798871 -0.182778 -0.573059 0.017535 0.360681 2 8 0.630000 3 0.370000
assets/textures/Ch_MutoYugi01_body_tex
  0 0.000000 5.359810 -0.522144 0.000000 -0.027616 -0.999619 0.361573 0.390672 3 8 0.100000 4 0.100000 3 0.800000
  0 -1.089820 5.204890 -0.145798 -0.791893 0.045774 -0.608942 0.287238 0.360681 2 8 0.640000 3 0.360000
  0 -1.224910 5.644100 -0.060949 -0.701406 0.088367 -0.707263 0.285704 0.419228 2 8 0.400000 3 0.600000
assets/textures/Ch_MutoYugi01_body_tex
  0 0.000000 5.359810 -0.522144 0.000000 -0.027616 -0.999619 0.361573 0.390672 3 8 0.100000 4 0.100000 3 0.800000
  0 -0.104452 5.106130 -0.299472 0.798871 -0.182778 -0.573059 0.361573 0.360681 2 8 0.630000 3 0.370000
  0 -1.089820 5.204890 -0.145798 -0.791893 0.045774 -0.608942 0.287238 0.360681 2 8 0.640000 3 0.360000
assets/textures/Ch_MutoYugi01_body_tex
  0 -0.730619 9.287260 1.042700 -0.830173 0.388518 0.399834 0.401764 0.505035 4 24 0.170000 14 0.200000 13 0.590000 12 0.040000
  0 -0.489581 9.569280 1.270780 -0.830173 0.388518 0.399834 0.490470 0.505035 4 16 0.120000 14 0.200000 13 0.640000 12 0.040000
  0 -0.762460 9.656260 0.619682 -0.830173 0.388518 0.399834 0.401764 0.639100 1 13 1.000000
assets/textures/Ch_MutoYugi01_body_tex
  0 -0.489581 9.569280 1.270780 -0.830173 0.388518 0.399834 0.490470 0.505035 4 16 0.120000 14 0.200000 13 0.640000 12 0.040000
  0 -0.518118 9.940460 0.849200 -0.830173 0.388518 0.399834 0.490470 0.639100 2 14 0.200000 13 0.800000
  0 -0.762460 9.656260 0.619682 -0.830173 0.388518 0.399834 0.401764 0.639100 1 13 1.000000
assets/textures/Ch_MutoYugi01_body_tex
  0 -0.471226 9.368060 1.179960 -0.229689 0.452975 0.861427 0.490470 0.639100 4 24 0.180000 14 0.090000 13 0.680000 12 0.050000
  0 -0.870852 9.185480 1.169410 -0.229689 0.452975 0.861427 0.401764 0.639100 1 14 1.000000
  0 -0.276132 8.924550 1.465200 -0.229689 0.452975 0.861427 0.490470 0.505035 1 14 1.000000
assets/textures/Ch_MutoYugi01_face_tex
  1 0.000000 10.354880 0.384090 0.000000 -0.986260 -0.165202 0.500000 0.660746 1 22 1.000000
  1 0.000000 10.377060 0.020089 0.000000 -0.993033 -0.117838 0.500000 0.665278 1 22 1.000000
  1 0.492371 10.441690 0.049665 0.227928 -0.966761 -0.115850 0.924836 0.719558 1 22 1.000000
assets/textures/Ch_MutoYugi01_face_tex
  1 0.000000 10.354880 0.384090 0.000000 -0.986260 -0.165202 0.500000 0.660746 1 22 1.000000
  1 -0.492370 10.441690 0.049665 -0.227928 -0.966761 -0.115850 0.075164 0.719558 1 22 1.000000
  1 0.000000 10.377060 0.020089 0.000000 -0.993033 -0.117838 0.500000 0.665278 1 22 1.000000
assets/textures/Ch_MutoYugi01_face_tex
  1 0.000000 10.354880 0.384090 0.000000 -0.986260 -0.165202 0.500000 0.660746 1 22 1.000000
  1 0.492371 10.441690 0.049665 0.227928 -0.966761 -0.115850 0.924836 0.719558 1 22 1.000000
  1 0.417131 10.373140 0.407887 0.217468 -0.928698 -0.300380 0.599785 0.669064 1 22 1.000000
assets/textures/Ch_MutoYugi01_face_tex
  1 0.000000 10.354880 0.384090 0.000000 -0.986260 -0.165202 0.500000 0.660746 1 22 1.000000
  1 -0.417130 10.373140 0.407887 -0.217467 -0.928698 -0.300381 0.400215 0.669064 1 22 1.000000
  1 -0.492370 10.441690 0.049665 -0.227928 -0.966761 -0.115850 0.075164 0.719558 1 22 1.000000
assets/textures/Ch_MutoYugi01_face_tex
  1 0.000000 10.354880 0.384090 0.000000 -0.986260 -0.165202 0.500000 0.660746 1 22 1.000000
  1 0.417131 10.373140 0.407887 0.217468 -0.928698 -0.300380 0.599785 0.669064 1 22 1.000000
  1 0.403874 10.293940 0.495951 0.289239 -0.950783 -0.111141 0.596613 0.671210 1 22 1.000000
assets/textures/Ch_MutoYugi01_face_tex
  1 0.000000 10.354880 0.384090 0.000000 -0.986260 -0.165202 0.500000 0.660746 1 22 1.000000
  1 -0.403873 10.293940 0.495951 -0.289239 -0.950783 -0.111140 0.403387 0.671210 1 22 1.000000
  1 -0.417130 10.373140 0.407887 -0.217467 -0.928698 -0.300381 0.400215 0.669064 1 22 1.000000
assets/textures/Ch_MutoYugi01_face_tex
  1 0.000000 10.354880 0.384090 0.000000 -0.986260 -0.165202 0.500000 0.660746 1 22 1.000000
  1 0.403874 10.293940 0.495951 0.289239 -0.950783 -0.111141 0.596613 0.671210 1 22 1.000000
  1 0.216664 10.204340 1.058105 0.309858 -0.950241 -0.032097 0.551829 0.665112 1 22 1.000000
assets/textures/Ch_MutoYugi01_face_tex
  1 0.000000 10.354880 0.384090 0.000000 -0.986260 -0.165202 0.500000 0.660746 1 22 1.000000
  1 -0.216663 10.204340 1.058105 -0.309858 -0.950241 -0.032096 0.448171 0.665112 1 22 1.000000
  1 -0.403873 10.293940 0.495951 -0.289239 -0.950783 -0.111140 0.403387 0.671210 1 22 1.000000
assets/textures/Ch_MutoYugi01_face_tex
  1 0.000000 10.354880 0.384090 0.000000 -0.986260 -0.165202 0.500000 0.660746 1 22 1.000000
  1 0.216664 10.204340 1.058105 0.309858 -0.950241 -0.032097 0.551829 0.665112 1 22 1.000000
  1 0.000000 10.156430 1.218809 0.000000 -0.974103 0.226104 0.500000 0.659230 1 22 1.000000
assets/textures/Ch_MutoYugi01_face_tex
  1 0.000000 10.354880 0.384090 0.000000 -0.986260 -0.165202 0.500000 0.660746 1 22 1.000000
  1 0.000000 10.156430 1.218809 0.000000 -0.974103 0.226104 0.500000 0.659230 1 22 1.000000
  1 -0.216663 10.204340 1.058105 -0.309858 -0.950241 -0.032096 0.448171 0.665112 1 22 1.000000
assets/textures/Ch_MutoYugi01_face_tex
  1 0.492371 10.441690 0.049665 0.227928 -0.966761 -0.115850 0.924836 0.719558 1 22 1.000000
  1 1.006210 10.649420 0.118717 0.499638 -0.862433 0.081065 0.955560 0.742033 1 22 1.000000
  1 0.417131 10.373140 0.407887 0.217468 -0.928698 -0.300380 0.599785 0.669064 1 22 1.000000
assets/textures/Ch_MutoYugi01_face_tex
  1 -0.492370 10.441690 0.049665 -0.227928 -0.966761 -0.115850 0.075164 0.719558 1 22 1.000000
  1 -0.417130 10.373140 0.407887 -0.217467 -0.928698 -0.300381 0.400215 0.669064 1 22 1.000000
  1 -1.006210 10.649420 0.118717 -0.499638 -0.862433 0.081065 0.044440 0.742033 1 22 1.000000
assets/textures/Ch_MutoYugi01_face_tex
  1 0.403874 10.293940 0.495951 0.289239 -0.950783 -0.111141 0.596613 0.671210 1 22 1.000000
  1 0.753378 10.478960 0.658381 0.543798 -0.837024 0.060623 0.680221 0.678244 1 22 1.000000
  1 0.216664 10.204340 1.058105 0.309858 -0.950241 -0.032097 0.551829 0.665112 1 22 1.000000
assets/textures/Ch_MutoYugi01_face_tex
  1 0.403874 10.293940 0.495951 0.289239 -0.950783 -0.111141 0.596613 0.671210 1 22 1.000000
  1 1.014000 10.584640 0.419727 0.617710 -0.786405 0.000613 0.742565 0.691458 1 22 1.000000
  1 0.753378 10.478960 0.658381 0.543798 -0.837024 0.060623 0.680221 0.678244 1 22 1.000000
assets/textures/Ch_MutoYugi01_face_tex
  1 0.417131 10.373140 0.407887 0.217468 -0.928698 -0.300380 0.599785 0.669064 1 22 1.000000
  1 1.006210 10.649420 0.118717 0.499638 -0.862433 0.081065 0.955560 0.742033 1 22 1.000000
  1 1.014000 10.584640 0.419727 0.617710 -0.786405 0.000613 0.742565 0.691458 1 22 1.000000
assets/textures/Ch_MutoYugi01_face_tex
  1 0.403874 10.293940 0.495951 0.289239 -0.950783 -0.111141 0.596613 0.671210 1 22 1.000000
  1 0.417131 10.373140 0.407887 0.217468 -0.928698 -0.300380 0.599785 0.669064 1 22 1.000000
  1 1.014000 10.584640 0.419727 0.617710 -0.786405 0.000613 0.742565 0.691458 1 22 1.000000
assets/textures/Ch_MutoYugi01_face_tex
  1 -0.403873 10.293940 0.495951 -0.289239 -0.950783 -0.111140 0.403387 0.671210 1 22 1.000000
  1 -0.216663 10.204340 1.058105 -0.309858 -0.950241 -0.032096 0.448171 0.665112 1 22 1.000000
  1 -0.753377 10.478960 0.658381 -0.543798 -0.837024 0.060623 0.319780 0.689511 1 22 1.000000
assets/textures/Ch_MutoYugi01_face_tex
  1 -0.417130 10.373140 0.407887 -0.217467 -0.928698 -0.300381 0.400215 0.669064 1 22 1.000000
  1 -1.014000 10.584640 0.419727 -0.617710 -0.786405 0.000613 0.257435 0.691458 1 22 1.000000
  1 -1.006210 10.649420 0.118717 -0.499638 -0.862433 0.081065 0.044440 0.742033 1 22 1.000000
assets/textures/Ch_MutoYugi01_face_tex
  1 -0.403873 10.293940 0.495951 -0.289239 -0.950783 -0.111140 0.403387 0.671210 1 22 1.000000
  1 -1.014000 10.584640 0.419727 -0.617710 -0.786405 0.000613 0.257435 0.691458 1 22 1.000000
  1 -0.417130 10.373140 0.407887 -0.217467 -0.928698 -0.300381 0.400215 0.669064 1 22 1.000000
assets/textures/Ch_MutoYugi01_face_tex
  1 -0.403873 10.293940 0.495951 -0.289239 -0.950783 -0.111140 0.403387 0.671210 1 22 1.000000
  1 -0.753377 10.478960 0.658381 -0.543798 -0.837024 0.060623 0.319780 0.689511 1 22 1.000000
  1 -1.014000 10.584640 0.419727 -0.617710 -0.786405 0.000613 0.257435 0.691458 1 22 1.000000
assets/textures/Ch_MutoYugi01_face_tex
  1 0.000000 10.156430 1.218809 0.000000 -0.974103 0.226104 0.500000 0.659230 1 22 1.000000
  1 0.216664 10.204340 1.058105 0.309858 -0.950241 -0.032097 0.551829 0.665112 1 22 1.000000
  1 0.484352 10.361520 1.213538 0.454105 -0.837226 0.304698 0.615865 0.684750 1 22 1.000000
assets/textures/Ch_MutoYugi01_face_tex
  1 0.216664 10.204340 1.058105 0.309858 -0.950241 -0.032097 0.551829 0.665112 1 22 1.000000
  1 0.753378 10.478960 0.658381 0.543798 -0.837024 0.060623 0.680221 0.678244 1 22 1.000000
  1 0.484352 10.361520 1.213538 0.454105 -0.837226 0.304698 0.615865 0.684750 1 22 1.000000
assets/textures/Ch_MutoYugi01_face_tex
  1 0.000000 10.156430 1.218809 0.000000 -0.974103 0.226104 0.500000 0.659230 1 22 1.000000
  1 -0.484352 10.361520 1.213538 -0.454105 -0.837226 0.304698 0.384135 0.684750 1 22 1.000000
  1 -0.216663 10.204340 1.058105 -0.309858 -0.950241 -0.032096 0.448171 0.665112 1 22 1.000000
assets/textures/Ch_MutoYugi01_face_tex
  1 -0.216663 10.204340 1.058105 -0.309858 -0.950241 -0.032096 0.448171 0.665112 1 22 1.000000
  1 -0.484352 10.361520 1.213538 -0.454105 -0.837226 0.304698 0.384135 0.684750 1 22 1.000000
  1 -0.753377 10.478960 0.658381 -0.543798 -0.837024 0.060623 0.319780 0.689511 1 22 1.000000
assets/textures/Ch_MutoYugi01_face_tex
  1 0.000000 10.156430 1.218809 0.000000 -0.974103 0.226104 0.500000 0.659230 1 22 1.000000
  1 0.484352 10.361520 1.213538 0.454105 -0.837226 0.304698 0.615865 0.684750 1 22 1.000000
  1 0.000000 10.326480 1.454009 0.000000 -0.767609 0.640918 0.500000 0.677480 1 22 1.000000
assets/textures/Ch_MutoYugi01_face_tex
  1 0.000000 10.156430 1.218809 0.000000 -0.974103 0.226104 0.500000 0.659230 1 22 1.000000
  1 0.000000 10.326480 1.454009 0.000000 -0.767609 0.640918 0.500000 0.677480 1 22 1.000000
  1 -0.484352 10.361520 1.213538 -0.454105 -0.837226 0.304698 0.384135 0.684750 1 22 1.000000
assets/textures/Ch_MutoYugi01_face_tex
  1 1.006210 10.649420 0.118717 0.499638 -0.862433 0.081065 0.955560 0.742033 1 22 1.000000
  1 1.395980 11.049090 0.007818 0.699112 -0.621269 0.353931 0.979644 0.795116 1 22 1.000000
  1 1.014000 10.584640 0.419727 0.617710 -0.786405 0.000613 0.742565 0.691458 1 22 1.000000
assets/textures/Ch_MutoYugi01_face_tex
  1 -1.014000 10.584640 0.419727 -0.617710 -0.786405 0.000613 0.257435 0.691458 1 22 1.000000
  1 -1.395980 11.049090 0.007818 -0.699113 -0.621269 0.353930 0.020356 0.795116 1 22 1.000000
  1 -1.006210 10.649420 0.118717 -0.499638 -0.862433 0.081065 0.044440 0.742033 1 22 1.000000
assets/textures/Ch_MutoYugi01_face_tex
  1 -1.014000 10.584640 0.419727 -0.617710 -0.786405 0.000613 0.257435 0.691458 1 22 1.000000
  1 -0.753377 10.478960 0.658381 -0.543798 -0.837024 0.060623 0.319780 0.689511 1 22 1.000000
  1 -1.120530 10.731000 0.918180 -0.716800 -0.665583 0.207837 0.241588 0.719302 1 22 1.000000
assets/textures/Ch_MutoYugi01_face_tex
  1 -0.753377 10.478960 0.658381 -0.543798 -0.837024 0.060623 0.319780 0.689511 1 22 1.000000
  1 -0.484352 10.361520 1.213538 -0.454105 -0.837226 0.304698 0.384135 0.684750 1 22 1.000000
  1 -1.120530 10.731000 0.918180 -0.716800 -0.665583 0.207837 0.241588 0.719302 1 22 1.000000
assets/textures/Ch_MutoYugi01_face_tex
  1 -1.014000 10.584640 0.419727 -0.617710 -0.786405 0.000613 0.257435 0.691458 1 22 1.000000
  1 -1.120530 10.731000 0.918180 -0.716800 -0.665583 0.207837 0.241588 0.719302 1 22 1.000000
  1 -1.405360 11.034270 0.239157 -0.729299 -0.505927 0.460610 0.097621 0.793297 1 22 1.000000
assets/textures/Ch_MutoYugi01_face_tex
  1 -1.014000 10.584640 0.419727 -0.617710 -0.786405 0.000613 0.257435 0.691458 1 22 1.000000
  1 -1.405360 11.034270 0.239157 -0.729299 -0.505927 0.460610 0.097621 0.793297 1 22 1.000000
  1 -1.395980 11.049090 0.007818 -0.699113 -0.621269 0.353930 0.020356 0.795116 1 22 1.000000
assets/textures/Ch_MutoYugi01_face_tex
  1 0.000000 10.326480 1.454009 0.000000 -0.767609 0.640918 0.500000 0.677480 1 22 1.000000
  1 0.484352 10.361520 1.213538 0.454105 -0.837226 0.304698 0.615865 0.684750 1 22 1.000000
  1 0.000000 10.531080 1.653639 0.000000 -0.585710 0.810521 0.500000 0.719771 1 22 1.000000
assets/textures/Ch_MutoYugi01_face_tex
  1 0.000000 10.326480 1.454009 0.000000 -0.767609 0.640918 0.500000 0.677480 1 22 1.000000
  1 0.000000 10.531080 1.653639 0.000000 -0.585710 0.810521 0.500000 0.719771 1 22 1.000000
  1 -0.484352 10.361520 1.213538 -0.454105 -0.837226 0.304698 0.384135 0.684750 1 22 1.000000
assets/textures/Ch_MutoYugi01_face_tex
  1 0.753378 10.478960 0.658381 0.543798 -0.837024 0.060623 0.680221 0.678244 1 22 1.000000
  1 1.014000 10.584640 0.419727 0.617710 -0.786405 0.000613 0.742565 0.691458 1 22 1.000000
  1 1.120530 10.731000 0.918180 0.716800 -0.665583 0.207837 0.758412 0.719302 1 22 1.000000
assets/textures/Ch_MutoYugi01_face_tex
  1 0.753378 10.478960 0.658381 0.543798 -0.837024 0.060623 0.680221 0.678244 1 22 1.000000
  1 1.120530 10.731000 0.918180 0.716800 -0.665583 0.207837 0.758412 0.719302 1 22 1.000000
  1 0.484352 10.361520 1.213538 0.454105 -0.837226 0.304698 0.615865 0.684750 1 22 1.000000
assets/textures/Ch_MutoYugi01_face_tex
  1 1.395980 11.049090 0.007818 0.699112 -0.621269 0.353931 0.979644 0.795116 1 22 1.000000
  1 1.405360 11.034270 0.239157 0.729299 -0.505926 0.460610 0.902379 0.793297 1 22 1.000000
  1 1.014000 10.584640 0.419727 0.617710 -0.786405 0.000613 0.742565 0.691458 1 22 1.000000
assets/textures/Ch_MutoYugi01_face_tex
  1 1.014000 10.584640 0.419727 0.617710 -0.786405 0.000613 0.742565 0.691458 1 22 1.000000
  1 1.405360 11.034270 0.239157 0.729299 -0.505926 0.460610 0.902379 0.793297 1 22 1.000000
  1 1.120530 10.731000 0.918180 0.716800 -0.665583 0.207837 0.758412 0.719302 1 22 1.000000
assets/textures/Ch_MutoYugi01_face_tex
  1 -1.405360 11.034270 0.239157 -0.729299 -0.505927 0.460610 0.097621 0.793297 1 22 1.000000
  1 -1.120530 10.731000 0.918180 -0.716800 -0.665583 0.207837 0.241588 0.719302 1 22 1.000000
  1 -1.275250 11.084790 1.116562 -0.890002 -0.328265 0.316446 0.191453 0.785843 1 22 1.000000
assets/textures/Ch_MutoYugi01_face_tex
  1 -1.405360 11.034270 0.239157 -0.729299 -0.505927 0.460610 0.097621 0.793297 1 22 1.000000
  1 -1.275250 11.084790 1.116562 -0.890002 -0.328265 0.316446 0.191453 0.785843 1 22 1.000000
  1 -1.535350 11.490300 0.228042 -0.742294 -0.187561 0.643289 0.067961 0.828047 1 22 1.000000
assets/textures/Ch_MutoYugi01_face_tex
  1 0.000000 10.531080 1.653639 0.000000 -0.585710 0.810521 0.500000 0.719771 1 22 1.000000
  1 -0.643294 10.578860 1.420129 -0.474317 -0.641792 0.602600 0.332869 0.719335 1 22 1.000000
  1 -0.484352 10.361520 1.213538 -0.454105 -0.837226 0.304698 0.384135 0.684750 1 22 1.000000
assets/textures/Ch_MutoYugi01_face_tex
  1 -1.120530 10.731000 0.918180 -0.716800 -0.665583 0.207837 0.241588 0.719302 1 22 1.000000
  1 -0.484352 10.361520 1.213538 -0.454105 -0.837226 0.304698 0.384135 0.684750 1 22 1.000000
  1 -0.643294 10.578860 1.420129 -0.474317 -0.641792 0.602600 0.332869 0.719335 1 22 1.000000
assets/textures/Ch_MutoYugi01_face_tex
  1 0.000000 10.531080 1.653639 0.000000 -0.585710 0.810521 0.500000 0.719771 1 22 1.000000
  1 0.484352 10.361520 1.213538 0.454105 -0.837226 0.304698 0.615865 0.684750 1 22 1.000000
  1 0.643295 10.578860 1.420129 0.474316 -0.641792 0.602600 0.667131 0.719335 1 22 1.000000
assets/textures/Ch_MutoYugi01_face_tex
  1 0.643295 10.578860 1.420129 0.474316 -0.641792 0.602600 0.667131 0.719335 1 22 1.000000
  1 0.484352 10.361520 1.213538 0.454105 -0.837226 0.304698 0.615865 0.684750 1 22 1.000000
  1 1.120530 10.731000 0.918180 0.716800 -0.665583 0.207837 0.758412 0.719302 1 22 1.000000
assets/textures/Ch_MutoYugi01_face_tex
  1 -1.120530 10.731000 0.918180 -0.716800 -0.665583 0.207837 0.241588 0.719302 1 22 1.000000
  1 -0.643294 10.578860 1.420129 -0.474317 -0.641792 0.602600 0.332869 0.719335 1 22 1.000000
  1 -0.900420 11.067950 1.649119 -0.454637 -0.063870 0.888384 0.276233 0.783028 1 22 1.000000
assets/textures/Ch_MutoYugi01_face_tex
  1 0.000000 10.531080 1.653639 0.000000 -0.585710 0.810521 0.500000 0.719771 1 22 1.000000
  1 -0.900420 11.067950 1.649119 -0.454637 -0.063870 0.888384 0.276233 0.783028 1 22 1.000000
  1 -0.643294 10.578860 1.420129 -0.474317 -0.641792 0.602600 0.332869 0.719335 1 22 1.000000
assets/textures/Ch_MutoYugi01_face_tex
  1 -1.120530 10.731000 0.918180 -0.716800 -0.665583 0.207837 0.241588 0.719302 1 22 1.000000
  1 -0.900420 11.067950 1.649119 -0.454637 -0.063870 0.888384 0.276233 0.783028 1 22 1.000000
  1 -1.275250 11.084790 1.116562 -0.890002 -0.328265 0.316446 0.191453 0.785843 1 22 1.000000
assets/textures/Ch_MutoYugi01_face_tex
  1 0.000000 10.531080 1.653639 0.000000 -0.585710 0.810521 0.500000 0.719771 1 22 1.000000
  1 0.643295 10.578860 1.420129 0.474316 -0.641792 0.602600 0.667131 0.719335 1 22 1.000000
  1 0.900421 11.067950 1.649119 0.454637 -0.063870 0.888384 0.723767 0.783028 1 22 1.000000
assets/textures/Ch_MutoYugi01_face_tex
  1 0.643295 10.578860 1.420129 0.474316 -0.641792 0.602600 0.667131 0.719335 1 22 1.000000
  1 1.120530 10.731000 0.918180 0.716800 -0.665583 0.207837 0.758412 0.719302 1 22 1.000000
  1 0.900421 11.067950 1.649119 0.454637 -0.063870 0.888384 0.723767 0.783028 1 22 1.000000
assets/textures/Ch_MutoYugi01_face_tex
  1 0.000000 10.531080 1.653639 0.000000 -0.585710 0.810521 0.500000 0.719771 1 22 1.000000
  1 0.900421 11.067950 1.649119 0.454637 -0.063870 0.888384 0.723767 0.783028 1 22 1.000000
  1 0.000000 11.067950 1.908109 0.000000 0.035896 0.999356 0.500000 0.783028 1 22 1.000000
assets/textures/Ch_MutoYugi01_face_tex
  1 0.000000 10.531080 1.653639 0.000000 -0.585710 0.810521 0.500000 0.719771 1 22 1.000000
  1 0.000000 11.067950 1.908109 0.000000 0.035896 0.999356 0.500000 0.783028 1 22 1.000000
  1 -0.900420 11.067950 1.649119 -0.454637 -0.063870 0.888384 0.276233 0.783028 1 22 1.000000
assets/textures/Ch_MutoYugi01_face_tex
  1 1.120530 10.731000 0.918180 0.716800 -0.665583 0.207837 0.758412 0.719302 1 22 1.000000
  1 1.275250 11.084790 1.116562 0.890002 -0.328265 0.316446 0.808547 0.785843 1 22 1.000000
  1 0.900421 11.067950 1.649119 0.454637 -0.063870 0.888384 0.723767 0.783028 1 22 1.000000
assets/textures/Ch_MutoYugi01_face_tex
  1 1.405360 11.034270 0.239157 0.729299 -0.505926 0.460610 0.902379 0.793297 1 22 1.000000
  1 1.275250 11.084790 1.116562 0.890002 -0.328265 0.316446 0.808547 0.785843 1 22 1.000000
  1 1.120530 10.731000 0.918180 0.716800 -0.665583 0.207837 0.758412 0.719302 1 22 1.000000
assets/textures/Ch_MutoYugi01_face_tex
  1 1.405360 11.034270 0.239157 0.729299 -0.505926 0.460610 0.902379 0.793297 1 22 1.000000
  1 1.535350 11.490300 0.228042 0.742293 -0.187561 0.643290 0.932039 0.828047 1 22 1.000000
  1 1.275250 11.084790 1.116562 0.890002 -0.328265 0.316446 0.808547 0.785843 1 22 1.000000
assets/textures/Ch_MutoYugi01_face_tex
  1 -1.535350 11.490300 0.228042 -0.742294 -0.187561 0.643289 0.067961 0.828047 1 22 1.000000
  1 -1.275250 11.084790 1.116562 -0.890002 -0.328265 0.316446 0.191453 0.785843 1 22 1.000000
  1 -1.395430 11.511720 0.995089 -0.893764 -0.186022 0.408144 0.166190 0.836316 1 22 1.000000
assets/textures/Ch_MutoYugi01_face_tex
  1 -1.535350 11.490300 0.228042 -0.742294 -0.187561 0.643289 0.067961 0.828047 1 22 1.000000
  1 -1.395430 11.511720 0.995089 -0.893764 -0.186022 0.408144 0.166190 0.836316 1 22 1.000000
  1 -1.660150 12.176470 0.301274 -0.732852 -0.474313 0.487807 0.030021 0.931261 1 22 1.000000
assets/textures/Ch_MutoYugi01_face_tex
  1 0.000000 11.067950 1.908109 0.000000 0.035896 0.999356 0.500000 0.783028 1 22 1.000000
  1 0.900421 11.067950 1.649119 0.454637 -0.063870 0.888384 0.723767 0.783028 1 22 1.000000
  1 0.000000 11.406580 1.730909 0.000000 0.056055 0.998428 0.500000 0.823406 1 22 1.000000
assets/textures/Ch_MutoYugi01_face_tex
  1 0.000000 11.067950 1.908109 0.000000 0.035896 0.999356 0.500000 0.783028 1 22 1.000000
  1 0.000000 11.406580 1.730909 0.000000 0.056055 0.998428 0.500000 0.823406 1 22 1.000000
  1 -0.900420 11.067950 1.649119 -0.454637 -0.063870 0.888384 0.276233 0.783028 1 22 1.000000
assets/textures/Ch_MutoYugi01_face_tex
  1 1.535350 11.490300 0.228042 0.742293 -0.187561 0.643290 0.932039 0.828047 1 22 1.000000
  1 1.395430 11.511720 0.995089 0.893764 -0.186022 0.408144 0.833810 0.836316 1 22 1.000000
  1 1.275250 11.084790 1.116562 0.890002 -0.328265 0.316446 0.808547 0.785843 1 22 1.000000
assets/textures/Ch_MutoYugi01_face_tex
  1 1.535350 11.490300 0.228042 0.742293 -0.187561 0.643290 0.932039 0.828047 1 22 1.000000
  1 1.660150 12.176470 0.301274 0.732851 -0.474313 0.487808 0.969979 0.931261 1 22 1.000000
  1 1.395430 11.511720 0.995089 0.893764 -0.186022 0.408144 0.833810 0.836316 1 22 1.000000
assets/textures/Ch_MutoYugi01_face_tex
  1 -1.275250 11.084790 1.116562 -0.890002 -0.328265 0.316446 0.191453 0.785843 1 22 1.000000
  1 -1.208980 11.485440 1.313249 -0.708709 -0.131564 0.693125 0.202421 0.833089 1 22 1.000000
  1 -1.395430 11.511720 0.995089 -0.893764 -0.186022 0.408144 0.166190 0.836316 1 22 1.000000
assets/textures/Ch_MutoYugi01_face_tex
  1 -1.275250 11.084790 1.116562 -0.890002 -0.328265 0.316446 0.191453 0.785843 1 22 1.000000
  1 -0.900420 11.067950 1.649119 -0.454637 -0.063870 0.888384 0.276233 0.783028 1 22 1.000000
  1 -1.208980 11.485440 1.313249 -0.708709 -0.131564 0.693125 0.202421 0.833089 1 22 1.000000
assets/textures/Ch_MutoYugi01_face_tex
  1 -1.395430 11.511720 0.995089 -0.893764 -0.186022 0.408144 0.166190 0.836316 1 22 1.000000
  1 -1.208980 11.485440 1.313249 -0.708709 -0.131564 0.693125 0.202421 0.833089 1 22 1.000000
  1 -1.608490 12.546000 1.122278 -0.674888 -0.084867 0.733024 0.115223 0.971509 1 22 1.000000
assets/textures/Ch_MutoYugi01_face_tex
  1 -1.660150 12.176470 0.301274 -0.732852 -0.474313 0.487807 0.030021 0.931261 1 22 1.000000
  1 -1.395430 11.511720 0.995089 -0.893764 -0.186022 0.408144 0.166190 0.836316 1 22 1.000000
  1 -1.608490 12.546000 1.122278 -0.674888 -0.084867 0.733024 0.115223 0.971509 1 22 1.000000
assets/textures/Ch_MutoYugi01_face_tex
  1 0.900421 11.067950 1.649119 0.454637 -0.063870 0.888384 0.723767 0.783028 1 22 1.000000
  1 0.916939 11.406580 1.524649 0.317919 0.034486 0.947490 0.727718 0.823406 1 22 1.000000
  1 0.000000 11.406580 1.730909 0.000000 0.056055 0.998428 0.500000 0.823406 1 22 1.000000
assets/textures/Ch_MutoYugi01_face_tex
  1 0.900421 11.067950 1.649119 0.454637 -0.063870 0.888384 0.723767 0.783028 1 22 1.000000
  1 1.208980 11.485440 1.313249 0.708709 -0.131564 0.693125 0.797579 0.833089 1 22 1.000000
  1 0.916939 11.406580 1.524649 0.317919 0.034486 0.947490 0.727718 0.823406 1 22 1.000000
assets/textures/Ch_MutoYugi01_face_tex
  1 1.275250 11.084790 1.116562 0.890002 -0.328265 0.316446 0.808547 0.785843 1 22 1.000000
  1 1.395430 11.511720 0.995089 0.893764 -0.186022 0.408144 0.833810 0.836316 1 22 1.000000
  1 1.208980 11.485440 1.313249 0.708709 -0.131564 0.693125 0.797579 0.833089 1 22 1.000000
assets/textures/Ch_MutoYugi01_face_tex
  1 0.900421 11.067950 1.649119 0.454637 -0.063870 0.888384 0.723767 0.783028 1 22 1.000000
  1 1.275250 11.084790 1.116562 0.890002 -0.328265 0.316446 0.808547 0.785843 1 22 1.000000
  1 1.208980 11.485440 1.313249 0.708709 -0.131564 0.693125 0.797579 0.833089 1 22 1.000000
assets/textures/Ch_MutoYugi01_face_tex
  1 1.660150 12.176470 0.301274 0.732851 -0.474313 0.487808 0.969979 0.931261 1 22 1.000000
  1 1.608490 12.546000 1.122279 0.674912 -0.084634 0.733028 0.884777 0.971509 1 22 1.000000
  1 1.395430 11.511720 0.995089 0.893764 -0.186022 0.408144 0.833810 0.836316 1 22 1.000000
assets/textures/Ch_MutoYugi01_face_tex
  1 1.395430 11.511720 0.995089 0.893764 -0.186022 0.408144 0.833810 0.836316 1 22 1.000000
  1 1.608490 12.546000 1.122279 0.674912 -0.084634 0.733028 0.884777 0.971509 1 22 1.000000
  1 1.208980 11.485440 1.313249 0.708709 -0.131564 0.693125 0.797579 0.833089 1 22 1.000000
assets/textures/Ch_MutoYugi01_face_tex
  1 -0.900420 11.067950 1.649119 -0.454637 -0.063870 0.888384 0.276233 0.783028 1 22 1.000000
  1 0.000000 11.406580 1.730909 0.000000 0.056055 0.998428 0.500000 0.823406 1 22 1.000000
  1 -0.916938 11.406580 1.524649 -0.317919 0.034486 0.947490 0.272282 0.823406 1 22 1.000000
assets/textures/Ch_MutoYugi01_face_tex
  1 -0.900420 11.067950 1.649119 -0.454637 -0.063870 0.888384 0.276233 0.783028 1 22 1.000000
  1 -0.916938 11.406580 1.524649 -0.317919 0.034486 0.947490 0.272282 0.823406 1 22 1.000000
  1 -1.208980 11.485440 1.313249 -0.708709 -0.131564 0.693125 0.202421 0.833089 1 22 1.000000
assets/textures/Ch_MutoYugi01_face_tex
  1 -0.916938 11.406580 1.524649 -0.317919 0.034486 0.947490 0.272282 0.823406 1 22 1.000000
  1 0.000000 11.406580 1.730909 0.000000 0.056055 0.998428 0.500000 0.823406 1 22 1.000000
  1 -0.986208 12.738590 1.677499 -0.462066 -0.053349 0.885240 0.255711 0.992485 1 22 1.000000
assets/textures/Ch_MutoYugi01_face_tex
  1 -0.916938 11.406580 1.524649 -0.317919 0.034486 0.947490 0.272282 0.823406 1 22 1.000000
  1 -0.986208 12.738590 1.677499 -0.462066 -0.053349 0.885240 0.255711 0.992485 1 22 1.000000
  1 -1.208980 11.485440 1.313249 -0.708709 -0.131564 0.693125 0.202421 0.833089 1 22 1.000000
assets/textures/Ch_MutoYugi01_face_tex
  1 -1.608490 12.546000 1.122278 -0.674888 -0.084867 0.733024 0.115223 0.971509 1 22 1.000000
  1 -1.208980 11.485440 1.313249 -0.708709 -0.131564 0.693125 0.202421 0.833089 1 22 1.000000
  1 -0.986208 12.738590 1.677499 -0.462066 -0.053349 0.885240 0.255711 0.992485 1 22 1.000000
assets/textures/Ch_MutoYugi01_face_tex
  1 1.208980 11.485440 1.313249 0.708709 -0.131564 0.693125 0.797579 0.833089 1 22 1.000000
  1 1.608490 12.546000 1.122279 0.674912 -0.084634 0.733028 0.884777 0.971509 1 22 1.000000
  1 0.986208 12.738590 1.677499 0.461966 -0.050561 0.885455 0.744289 0.992485 1 22 1.000000
assets/textures/Ch_MutoYugi01_face_tex
  1 0.916939 11.406580 1.524649 0.317919 0.034486 0.947490 0.727718 0.823406 1 22 1.000000
  1 1.208980 11.485440 1.313249 0.708709 -0.131564 0.693125 0.797579 0.833089 1 22 1.000000
  1 0.986208 12.738590 1.677499 0.461966 -0.050561 0.885455 0.744289 0.992485 1 22 1.000000
assets/textures/Ch_MutoYugi01_face_tex
  1 0.916939 11.406580 1.524649 0.317919 0.034486 0.947490 0.727718 0.823406 1 22 1.000000
  1 0.986208 12.738590 1.677499 0.461966 -0.050561 0.885455 0.744289 0.992485 1 22 1.000000
  1 0.000000 11.406580 1.730909 0.000000 0.056055 0.998428 0.500000 0.823406 1 22 1.000000
assets/textures/Ch_MutoYugi01_face_tex
  1 0.000000 12.678180 1.940389 0.000282 0.014840 0.999890 0.500000 0.985068 1 22 1.000000
  1 0.000000 11.406580 1.730909 0.000000 0.056055 0.998428 0.500000 0.823406 1 22 1.000000
  1 0.986208 12.738590 1.677499 0.461966 -0.050561 0.885455 0.744289 0.992485 1 22 1.000000
assets/textures/Ch_MutoYugi01_face_tex
  1 -0.986208 12.738590 1.677499 -0.462066 -0.053349 0.885240 0.255711 0.992485 1 22 1.000000
  1 0.000000 11.406580 1.730909 0.000000 0.056055 0.998428 0.500000 0.823406 1 22 1.000000
  1 0.000000 12.678180 1.940389 0.000282 0.014840 0.999890 0.500000 0.985068 1 22 1.000000
assets/textures/Ch_MutoYugi01_face_tex
  1 2.143280 11.423250 -0.074493 0.099991 -0.057887 -0.993303 1.049950 0.739003 1 22 1.000000
  1 2.289760 11.947330 -0.022740 0.112600 0.157215 -0.981124 1.036550 0.777861 1 22 1.000000
  1 2.220770 11.426040 0.074909 0.451785 -0.207892 0.867566 1.039020 0.739210 1 22 1.000000
assets/textures/Ch_MutoYugi01_face_tex
  1 2.143280 11.423250 -0.074493 0.099991 -0.057887 -0.993303 1.049950 0.739003 1 22 1.000000
  1 2.003110 12.178560 0.001305 -0.237553 0.306199 -0.921852 1.051120 0.795005 1 22 1.000000
  1 2.289760 11.947330 -0.022740 0.112600 0.157215 -0.981124 1.036550 0.777861 1 22 1.000000
assets/textures/Ch_MutoYugi01_face_tex
  1 2.143280 11.423250 -0.074493 0.099991 -0.057887 -0.993303 1.049950 0.739003 1 22 1.000000
  1 2.220770 11.426040 0.074909 0.451785 -0.207892 0.867566 1.039020 0.739210 1 22 1.000000
  1 1.805790 10.975170 0.114036 0.372501 -0.416180 0.829480 1.105410 0.705780 1 22 1.000000
assets/textures/Ch_MutoYugi01_face_tex
  1 2.143280 11.423250 -0.074493 0.099991 -0.057887 -0.993303 1.049950 0.739003 1 22 1.000000
  1 1.395980 11.049090 0.007818 0.699112 -0.621269 0.353931 1.150070 0.711261 1 22 1.000000
  1 2.003110 12.178560 0.001305 -0.237553 0.306199 -0.921852 1.051120 0.795005 1 22 1.000000
assets/textures/Ch_MutoYugi01_face_tex
  1 2.143280 11.423250 -0.074493 0.099991 -0.057887 -0.993303 1.049950 0.739003 1 22 1.000000
  1 1.805790 10.975170 0.114036 0.372501 -0.416180 0.829480 1.105410 0.705780 1 22 1.000000
  1 1.737470 11.017090 -0.017543 0.160142 -0.689716 -0.706149 1.114740 0.708889 1 22 1.000000
assets/textures/Ch_MutoYugi01_face_tex
  1 2.143280 11.423250 -0.074493 0.099991 -0.057887 -0.993303 1.049950 0.739003 1 22 1.000000
  1 1.737470 11.017090 -0.017543 0.160142 -0.689716 -0.706149 1.114740 0.708889 1 22 1.000000
  1 1.395980 11.049090 0.007818 0.699112 -0.621269 0.353931 1.150070 0.711261 1 22 1.000000
assets/textures/Ch_MutoYugi01_face_tex
  1 2.289760 11.947330 -0.022740 0.112600 0.157215 -0.981124 1.036550 0.777861 1 22 1.000000
  1 2.003110 12.178560 0.001305 -0.237553 0.306199 -0.921852 1.051120 0.795005 1 22 1.000000
  1 2.316330 11.910560 0.130508 0.411911 -0.001567 0.911223 1.032890 0.775135 1 22 1.000000
assets/textures/Ch_MutoYugi01_face_tex
  1 2.289760 11.947330 -0.022740 0.112600 0.157215 -0.981124 1.036550 0.777861 1 22 1.000000
  1 2.316330 11.910560 0.130508 0.411911 -0.001567 0.911223 1.032890 0.775135 1 22 1.000000
  1 2.220770 11.426040 0.074909 0.451785 -0.207892 0.867566 1.039020 0.739210 1 22 1.000000
assets/textures/Ch_MutoYugi01_face_tex
  1 1.737470 11.017090 -0.017543 0.160142 -0.689716 -0.706149 1.114740 0.708889 1 22 1.000000
  1 1.405360 11.034270 0.239157 0.729299 -0.505926 0.460610 1.138530 0.710163 1 22 1.000000
  1 1.395980 11.049090 0.007818 0.699112 -0.621269 0.353931 1.150070 0.711261 1 22 1.000000
assets/textures/Ch_MutoYugi01_face_tex
  1 1.805790 10.975170 0.114036 0.372501 -0.416180 0.829480 1.105410 0.705780 1 22 1.000000
  1 1.405360 11.034270 0.239157 0.729299 -0.505926 0.460610 1.138530 0.710163 1 22 1.000000
  1 1.737470 11.017090 -0.017543 0.160142 -0.689716 -0.706149 1.114740 0.708889 1 22 1.000000
assets/textures/Ch_MutoYugi01_face_tex
  1 2.003110 12.178560 0.001305 -0.237553 0.306199 -0.921852 1.051120 0.795005 1 22 1.000000
  1 1.960850 12.154440 0.166481 0.280667 0.088826 0.955686 1.057470 0.796160 1 22 1.000000
  1 2.316330 11.910560 0.130508 0.411911 -0.001567 0.911223 1.032890 0.775135 1 22 1.000000
assets/textures/Ch_MutoYugi01_face_tex
  1 2.003110 12.178560 0.001305 -0.237553 0.306199 -0.921852 1.051120 0.795005 1 22 1.000000
  1 1.660150 12.176470 0.301274 0.732851 -0.474313 0.487808 1.102650 0.799560 1 22 1.000000
  1 1.960850 12.154440 0.166481 0.280667 0.088826 0.955686 1.057470 0.796160 1 22 1.000000
assets/textures/Ch_MutoYugi01_face_tex
  1 -2.003110 12.178560 0.001305 0.237553 0.306199 -0.921852 1.051120 0.795005 1 22 1.000000
  1 -1.660150 12.176470 0.301274 -0.732852 -0.474313 0.487807 1.102650 0.799560 1 22 1.000000
  1 -1.395980 11.049090 0.007818 -0.699113 -0.621269 0.353930 1.150070 0.711261 1 22 1.000000
assets/textures/Ch_MutoYugi01_face_tex
  1 -2.003110 12.178560 0.001305 0.237553 0.306199 -0.921852 1.051120 0.795005 1 22 1.000000
  1 -1.960850 12.154440 0.166480 -0.280668 0.088826 0.955686 1.057470 0.796160 1 22 1.000000
  1 -1.660150 12.176470 0.301274 -0.732852 -0.474313 0.487807 1.102650 0.799560 1 22 1.000000
assets/textures/Ch_MutoYugi01_face_tex
  1 -2.003110 12.178560 0.001305 0.237553 0.306199 -0.921852 1.051120 0.795005 1 22 1.000000
  1 -1.395980 11.049090 0.007818 -0.699113 -0.621269 0.353930 1.150070 0.711261 1 22 1.000000
  1 -2.143280 11.423250 -0.074493 -0.099991 -0.057887 -0.993303 1.049950 0.739003 1 22 1.000000
assets/textures/Ch_MutoYugi01_face_tex
  1 -2.003110 12.178560 0.001305 0.237553 0.306199 -0.921852 1.051120 0.795005 1 22 1.000000
  1 -2.316330 11.910560 0.130508 -0.411912 -0.001567 0.911222 1.032890 0.775135 1 22 1.000000
  1 -1.960850 12.154440 0.166480 -0.280668 0.088826 0.955686 1.057470 0.796160 1 22 1.000000
assets/textures/Ch_MutoYugi01_face_tex
  1 -2.003110 12.178560 0.001305 0.237553 0.306199 -0.921852 1.051120 0.795005 1 22 1.000000
  1 -2.289760 11.947330 -0.022740 -0.112599 0.157215 -0.981124 1.036550 0.777861 1 22 1.000000
  1 -2.316330 11.910560 0.130508 -0.411912 -0.001567 0.911222 1.032890 0.775135 1 22 1.000000
assets/textures/Ch_MutoYugi01_face_tex
  1 -2.003110 12.178560 0.001305 0.237553 0.306199 -0.921852 1.051120 0.795005 1 22 1.000000
  1 -2.143280 11.423250 -0.074493 -0.099991 -0.057887 -0.993303 1.049950 0.739003 1 22 1.000000
  1 -2.289760 11.947330 -0.022740 -0.112599 0.157215 -0.981124 1.036550 0.777861 1 22 1.000000
assets/textures/Ch_MutoYugi01_face_tex
  1 -1.395980 11.049090 0.007818 -0.699113 -0.621269 0.353930 1.150070 0.711261 1 22 1.000000
  1 -1.737470 11.017090 -0.017543 -0.160142 -0.689715 -0.706150 1.114740 0.708889 1 22 1.000000
  1 -2.143280 11.423250 -0.074493 -0.099991 -0.057887 -0.993303 1.049950 0.739003 1 22 1.000000
assets/textures/Ch_MutoYugi01_face_tex
  1 -1.395980 11.049090 0.007818 -0.699113 -0.621269 0.353930 1.150070 0.711261 1 22 1.000000
  1 -1.405360 11.034270 0.239157 -0.729299 -0.505927 0.460610 1.138530 0.710163 1 22 1.000000
  1 -1.737470 11.017090 -0.017543 -0.160142 -0.689715 -0.706150 1.114740 0.708889 1 22 1.000000
assets/textures/Ch_MutoYugi01_face_tex
  1 -2.289760 11.947330 -0.022740 -0.112599 0.157215 -0.981124 1.036550 0.777861 1 22 1.000000
  1 -2.220770 11.426040 0.074909 -0.451786 -0.207892 0.867566 1.039020 0.739210 1 22 1.000000
  1 -2.316330 11.910560 0.130508 -0.411912 -0.001567 0.911222 1.032890 0.775135 1 22 1.000000
assets/textures/Ch_MutoYugi01_face_tex
  1 -2.289760 11.947330 -0.022740 -0.112599 0.157215 -0.981124 1.036550 0.777861 1 22 1.000000
  1 -2.143280 11.423250 -0.074493 -0.099991 -0.057887 -0.993303 1.049950 0.739003 1 22 1.000000
  1 -2.220770 11.426040 0.074909 -0.451786 -0.207892 0.867566 1.039020 0.739210 1 22 1.000000
assets/textures/Ch_MutoYugi01_face_tex
  1 -1.805790 10.975170 0.114035 -0.372501 -0.416180 0.829480 1.105410 0.705780 1 22 1.000000
  1 -2.220770 11.426040 0.074909 -0.451786 -0.207892 0.867566 1.039020 0.739210 1 22 1.000000
  1 -2.143280 11.423250 -0.074493 -0.099991 -0.057887 -0.993303 1.049950 0.739003 1 22 1.000000
assets/textures/Ch_MutoYugi01_face_tex
  1 -1.805790 10.975170 0.114035 -0.372501 -0.416180 0.829480 1.105410 0.705780 1 22 1.000000
  1 -2.143280 11.423250 -0.074493 -0.099991 -0.057887 -0.993303 1.049950 0.739003 1 22 1.000000
  1 -1.737470 11.017090 -0.017543 -0.160142 -0.689715 -0.706150 1.114740 0.708889 1 22 1.000000
assets/textures/Ch_MutoYugi01_face_tex
  1 -1.405360 11.034270 0.239157 -0.729299 -0.505927 0.460610 1.138530 0.710163 1 22 1.000000
  1 -1.805790 10.975170 0.114035 -0.372501 -0.416180 0.829480 1.105410 0.705780 1 22 1.000000
  1 -1.737470 11.017090 -0.017543 -0.160142 -0.689715 -0.706150 1.114740 0.708889 1 22 1.000000
assets/textures/Ch_MutoYugi01_face_tex
  1 1.535350 11.490300 0.228042 0.742293 -0.187561 0.643290 0.876429 0.563580 1 22 1.000000
  1 2.220770 11.426040 0.074909 0.451785 -0.207892 0.867566 0.959458 0.561413 1 22 1.000000
  1 1.960850 12.154440 0.166481 0.280667 0.088826 0.955686 0.929961 0.612458 1 22 1.000000
assets/textures/Ch_MutoYugi01_face_tex
  1 1.535350 11.490300 0.228042 0.742293 -0.187561 0.643290 0.876429 0.563580 1 22 1.000000
  1 1.805790 10.975170 0.114036 0.372501 -0.416180 0.829480 0.908123 0.526998 1 22 1.000000
  1 2.220770 11.426040 0.074909 0.451785 -0.207892 0.867566 0.959458 0.561413 1 22 1.000000
assets/textures/Ch_MutoYugi01_face_tex
  1 1.535350 11.490300 0.228042 0.742293 -0.187561 0.643290 0.876429 0.563580 1 22 1.000000
  1 1.960850 12.154440 0.166481 0.280667 0.088826 0.955686 0.929961 0.612458 1 22 1.000000
  1 1.660150 12.176470 0.301274 0.732851 -0.474313 0.487808 0.888189 0.619573 1 22 1.000000
assets/textures/Ch_MutoYugi01_face_tex
  1 1.535350 11.490300 0.228042 0.742293 -0.187561 0.643290 0.876429 0.563580 1 22 1.000000
  1 1.405360 11.034270 0.239157 0.729299 -0.505926 0.460610 0.867605 0.523900 1 22 1.000000
  1 1.805790 10.975170 0.114036 0.372501 -0.416180 0.829480 0.908123 0.526998 1 22 1.000000
assets/textures/Ch_MutoYugi01_face_tex
  1 2.220770 11.426040 0.074909 0.451785 -0.207892 0.867566 0.959458 0.561413 1 22 1.000000
  1 2.316330 11.910560 0.130508 0.411911 -0.001567 0.911223 0.956864 0.593646 1 22 1.000000
  1 1.960850 12.154440 0.166481 0.280667 0.088826 0.955686 0.929961 0.612458 1 22 1.000000
assets/textures/Ch_MutoYugi01_face_tex
  1 -1.535350 11.490300 0.228042 -0.742294 -0.187561 0.643289 0.876429 0.563580 1 22 1.000000
  1 -1.960850 12.154440 0.166480 -0.280668 0.088826 0.955686 0.929961 0.612458 1 22 1.000000
  1 -2.220770 11.426040 0.074909 -0.451786 -0.207892 0.867566 0.959458 0.561413 1 22 1.000000
assets/textures/Ch_MutoYugi01_face_tex
  1 -1.535350 11.490300 0.228042 -0.742294 -0.187561 0.643289 0.876429 0.563580 1 22 1.000000
  1 -1.660150 12.176470 0.301274 -0.732852 -0.474313 0.487807 0.888189 0.619573 1 22 1.000000
  1 -1.960850 12.154440 0.166480 -0.280668 0.088826 0.955686 0.929961 0.612458 1 22 1.000000
assets/textures/Ch_MutoYugi01_face_tex
  1 -1.535350 11.490300 0.228042 -0.742294 -0.187561 0.643289 0.876429 0.563580 1 22 1.000000
  1 -2.220770 11.426040 0.074909 -0.451786 -0.207892 0.867566 0.959458 0.561413 1 22 1.000000
  1 -1.805790 10.975170 0.114035 -0.372501 -0.416180 0.829480 0.908123 0.526998 1 22 1.000000
assets/textures/Ch_MutoYugi01_face_tex
  1 -1.535350 11.490300 0.228042 -0.742294 -0.187561 0.643289 0.876429 0.563580 1 22 1.000000
  1 -1.805790 10.975170 0.114035 -0.372501 -0.416180 0.829480 0.908123 0.526998 1 22 1.000000
  1 -1.405360 11.034270 0.239157 -0.729299 -0.505927 0.460610 0.867605 0.523900 1 22 1.000000
assets/textures/Ch_MutoYugi01_face_tex
  1 -1.960850 12.154440 0.166480 -0.280668 0.088826 0.955686 0.929961 0.612458 1 22 1.000000
  1 -2.316330 11.910560 0.130508 -0.411912 -0.001567 0.911222 0.956864 0.593646 1 22 1.000000
  1 -2.220770 11.426040 0.074909 -0.451786 -0.207892 0.867566 0.959458 0.561413 1 22 1.000000
assets/textures/Ch_MutoYugi01_face_tex
  1 -1.031700 13.132040 1.562789 -0.475481 0.195116 0.857816 0.890830 0.706305 1 22 1.000000
  1 -1.608490 12.546000 1.122278 -0.674888 -0.084867 0.733024 0.890830 0.805525 1 22 1.000000
  1 -0.986208 12.738590 1.677499 -0.462066 -0.053349 0.885240 0.791610 0.706305 1 22 1.000000
assets/textures/Ch_MutoYugi01_face_tex
  1 -1.031700 13.132040 1.562789 -0.475481 0.195116 0.857816 0.890830 0.706305 1 22 1.000000
  1 -0.986208 12.738590 1.677499 -0.462066 -0.053349 0.885240 0.890830 0.805525 1 22 1.000000
  1 0.000000 12.678180 1.940389 0.000282 0.014840 0.999890 0.791610 0.706305 1 22 1.000000
assets/textures/Ch_MutoYugi01_face_tex
  1 1.033520 13.147830 1.558179 0.486714 0.147082 0.861090 0.907803 0.787589 1 22 1.000000
  1 0.000000 12.678180 1.940389 0.000282 0.014840 0.999890 0.835339 0.715125 1 22 1.000000
  1 0.986208 12.738590 1.677499 0.461966 -0.050561 0.885455 0.907803 0.715125 1 22 1.000000
assets/textures/Ch_MutoYugi01_face_tex
  1 1.033520 13.147830 1.558179 0.486714 0.147082 0.861090 0.907803 0.787589 1 22 1.000000
  1 0.986208 12.738590 1.677499 0.461966 -0.050561 0.885455 0.835339 0.715125 1 22 1.000000
  1 1.608490 12.546000 1.122279 0.674912 -0.084634 0.733028 0.907803 0.715125 1 22 1.000000
assets/textures/Ch_MutoYugi01_face_tex
  1 1.660150 12.176470 0.301274 0.732851 -0.474313 0.487808 1.903230 0.805842 1 22 1.000000
  1 2.003110 12.178560 0.001305 -0.237553 0.306199 -0.921852 1.966200 0.800276 1 22 1.000000
  1 1.395980 11.049090 0.007818 0.699112 -0.621269 0.353931 1.845280 0.697937 1 22 1.000000
end
