version 1
nodes
0 "root" -1
1 "Hips" 0
2 "LeftUpLeg" 1
3 "LeftLeg" 2
4 "LeftFoot" 3
5 "LeftToeBase" 4
6 "RightUpLeg" 1
7 "RightLeg" 6
8 "RightFoot" 7
9 "RightToeBase" 8
10 "Spine" 1
11 "Spine1" 10
12 "Chain01" 11
13 "Chain02" 12
14 "LeftShoulder" 11
15 "LeftArm" 14
16 "LeftForeArm" 15
17 "LeftHand" 16
18 "LeftFinger" 17
19 "Neck" 11
20 "Head" 19
21 "hair" 20
22 "RightShoulder" 11
23 "RightArm" 22
24 "RightForeArm" 23
25 "RightHand" 24
26 "RightFinger" 25
end
skeleton
time 0
0 0 0 0 0 0 0
1 0.1995237 6.450972 0.2425206 -0.05515012 0.01241157 -0.03328968
2 0.688586 -0.964526 -0.052186 -0.1667907 0.1199093 0.03850648
3 0 -2.32697 -0.119475 0.4717531 -0.004171926 -0.002126431
4 0 -1.63865 0 -0.2500361 -0.01243338 0.005830803
5 0.001767 -1.08533 0.799261 0 0.000190155 0
6 -0.688586 -0.964528 -0.052186 -0.08306318 -0.1055949 -0.05641916
7 0 -2.32697 -0.119475 0.2808859 -0.05301769 -0.01529058
8 0 -1.63865 0 -0.1280452 -0.002646758 0.0916357
9 -0.001767 -1.08533 0.795 0 0.000190155 0
10 0 0.45881 0.00262047 0.01406987 -0.006933126 0.002880215
11 0 1.2013 0.0190781 0.1216676 -0.1307983 0.02971216
12 0 1.4317 0.657269 -0.06227103 0.05033905 0
13 0 -1.89432 0.800141 -0.3047384 0.1500963 0.1066717
14 0.894124 1.47064 -0.39701 -0.006568504 -0.309622 -0.3253528
15 0.561685 -0.0639611 0 0.2465015 0.07246881 -0.9691256
16 1.77145 0 0 0 -0.2675634 -6.045545E-06
17 2.08 0 0 0.001759073 -0.008965954 -0.1939774
18 0.90245 0 0 0 0 -1.202398
19 0 1.83283 -0.327088 0.1543963 0.02622708 -0.1262156
20 0 0.717162 0.152 -0.06580204 0.05005587 0.05385505
21 0 2.63629 -0.88721 0 0 0
22 -0.894123 1.47063 -0.39701 -0.006563227 0.3096345 0.3253961
23 -0.561687 -0.063961 0 0.1838244 -0.1227531 0.9496067
24 -1.77145 0 0 -0.0003025377 0.1878456 0
25 -2.08 0 0 0.04828422 -0.05129853 0.1077479
26 -0.98902 0 0 0 0 1.043644
time 1
0 0 0 0 0 0 0
1 0.1944398 6.450972 0.2371979 -0.05410138 0.01305001 -0.03368554
2 0.688586 -0.964526 -0.052186 -0.1700133 0.1198002 0.04009454
3 0 -2.32697 -0.119475 0.4723696 -0.004762431 -0.00240544
4 0 -1.63865 0 -0.2484311 -0.01251529 0.004744797
5 0.001767 -1.08533 0.799261 0 0.000190155 0
6 -0.688586 -0.964528 -0.052186 -0.08589885 -0.1057571 -0.05420084
7 0 -2.32697 -0.119475 0.2812733 -0.05370593 -0.01547397
8 0 -1.63865 0 -0.1270494 -0.002735928 0.09005272
9 -0.001767 -1.08533 0.795 0 0.000190155 0
10 0 0.45881 0.00262047 0.01407149 -0.006638287 0.0026624
11 0 1.2013 0.0190781 0.1218722 -0.1272038 0.0283792
12 0 1.4317 0.657269 -0.0622208 0.0504222 0.002308002
13 0 -1.89432 0.800141 -0.3126709 0.1517273 0.1022598
14 0.894124 1.47064 -0.39701 -0.006568504 -0.309622 -0.3253528
15 0.561685 -0.0639611 0 0.24561 0.07878917 -0.9659861
16 1.77145 0 0 -1.734097E-05 -0.2755671 -1.397938E-05
17 2.08 0 0 0.001758894 -0.009077535 -0.1939648
18 0.90245 0 0 0 0 -1.202399
19 0 1.83283 -0.327088 0.1543963 0.02622708 -0.1262156
20 0 0.717162 0.152 -0.04789554 0.04669876 0.05841587
21 0 2.63629 -0.88721 0 0 0
22 -0.894123 1.47063 -0.39701 -0.006563227 0.3096345 0.3253961
23 -0.561687 -0.063961 0 0.1879515 -0.1219179 0.9540846
24 -1.77145 0 0 -0.00263896 0.2093867 0
25 -2.08 0 0 0.03184972 -0.02787546 0.116603
26 -0.98902 0 0 0 0 0.9660773
time 2
0 0 0 0 0 0 0
1 0.1853918 6.450972 0.2291379 -0.05218006 0.01419771 -0.03434623
2 0.688586 -0.964526 -0.052186 -0.1754682 0.1196835 0.04302846
3 0 -2.32697 -0.119475 0.4732541 -0.005837094 -0.002889249
4 0 -1.63865 0 -0.2457577 -0.01261749 0.00274547
5 0.001767 -1.08533 0.799261 0 0.000190155 0
6 -0.688586 -0.964528 -0.052186 -0.09066472 -0.1059542 -0.05018283
7 0 -2.32697 -0.119475 0.2817319 -0.0549672 -0.0157628
8 0 -1.63865 0 -0.1255184 -0.002810206 0.08722363
9 -0.001767 -1.08533 0.795 0 0.000190155 0
10 0 0.45881 0.00262047 0.01407097 -0.006166229 0.002319471
11 0 1.2013 0.0190781 0.1220834 -0.120409 0.02585831
12 0 1.4317 0.657269 -0.06208556 0.05063271 0.006566088
13 0 -1.89432 0.800141 -0.3291277 0.1547833 0.09414519
14 0.894124 1.47064 -0.39701 -0.006568504 -0.309622 -0.3253528
15 0.561685 -0.0639611 0 0.2449075 0.09069065 -0.9598694
16 1.77145 0 0 -5.438304E-05 -0.2937089 -3.673597E-05
17 2.08 0 0 0.001751309 -0.00936044 -0.1939318
18 0.90245 0 0 0 0 -1.202399
19 0 1.83283 -0.327088 0.1543963 0.02622708 -0.1262156
20 0 0.717162 0.152 -0.004861359 0.0404989 0.06440781
21 0 2.63629 -0.88721 0 0 0
22 -0.894123 1.47063 -0.39701 -0.006563227 0.3096345 0.3253961
23 -0.561687 -0.063961 0 0.195931 -0.1202246 0.9622779
24 -1.77145 0 0 -0.006743067 0.2671656 0
25 -2.08 0 0 -0.005307146 0.02969917 0.1345638
26 -0.98902 0 0 0 0 0.7648917
time 3
0 0 0 0 0 0 0
1 0.1732171 6.450972 0.2195599 -0.04965442 0.01576453 -0.03518528
2 0.688586 -0.964526 -0.052186 -0.1823698 0.1195623 0.04696283
3 0 -2.32697 -0.119475 0.4742783 -0.007316329 -0.003548727
4 0 -1.63865 0 -0.2424133 -0.01273689 3.906761E-05
5 0.001767 -1.08533 0.799261 0 0.000190155 0
6 -0.688586 -0.964528 -0.052186 -0.09664481 -0.1061777 -0.04487023
7 0 -2.32697 -0.119475 0.2822981 -0.05669121 -0.01614493
8 0 -1.63865 0 -0.1237601 -0.002869338 0.08348017
9 -0.001767 -1.08533 0.795 0 0.000190155 0
10 0 0.45881 0.00262047 0.01406837 -0.005553295 0.001882349
11 0 1.2013 0.0190781 0.1222922 -0.1110723 0.02236986
12 0 1.4317 0.657269 -0.06189139 0.05090717 0.01220224
13 0 -1.89432 0.800141 -0.3549859 0.1588297 0.0832225
14 0.894124 1.47064 -0.39701 -0.006568504 -0.309622 -0.3253528
15 0.561685 -0.0639611 0 0.2456561 0.1084278 -0.9511012
16 1.77145 0 0 -8.752686E-05 -0.3246874 -7.190698E-05
17 2.08 0 0 0.001725519 -0.009729397 -0.1938847
18 0.90245 0 0 0 0 -1.2024
19 0 1.83283 -0.327088 0.1543963 0.02622708 -0.1262156
20 0 0.717162 0.152 0.05120443 0.03221279 0.06995817
21 0 2.63629 -0.88721 0 0 0
22 -0.894123 1.47063 -0.39701 -0.006563227 0.3096345 0.3253961
23 -0.561687 -0.063961 0 0.207444 -0.1176716 0.973357
24 -1.77145 0 0 -0.01222999 0.3561339 0
25 -2.08 0 0 -0.05781452 0.1076556 0.1620962
26 -0.98902 0 0 0 0 0.4907166
time 4
0 0 0 0 0 0 0
1 0.1587273 6.450972 0.2096513 -0.04678798 0.01766354 -0.03611832
2 0.688586 -0.964526 -0.052186 -0.1899489 0.1194387 0.05155949
3 0 -2.32697 -0.119475 0.4753176 -0.009123444 -0.004356243
4 0 -1.63865 0 -0.2387873 -0.012871 -0.003173209
5 0.001767 -1.08533 0.799261 0 0.000190155 0
6 -0.688586 -0.964528 -0.052186 -0.1031378 -0.1064202 -0.03875778
7 0 -2.32697 -0.119475 0.2830119 -0.05877097 -0.01660939
8 0 -1.63865 0 -0.1220767 -0.002913927 0.07914635
9 -0.001767 -1.08533 0.795 0 0.000190155 0
10 0 0.45881 0.00262047 0.01406374 -0.00483409 0.001380652
11 0 1.2013 0.0190781 0.122491 -0.09983634 0.01812823
12 0 1.4317 0.657269 -0.06166438 0.05118218 0.01865472
13 0 -1.89432 0.800141 -0.3858837 0.1634393 0.07036595
14 0.894124 1.47064 -0.39701 -0.006568504 -0.309622 -0.3253528
15 0.561685 -0.0639611 0 0.249113 0.1284732 -0.9399928
16 1.77145 0 0 -9.317184E-05 -0.3660085 -0.0001170822
17 2.08 0 0 0.001670724 -0.01009912 -0.1938298
18 0.90245 0 0 0 0 -1.2024
19 0 1.83283 -0.327088 0.1543963 0.02622708 -0.1262156
20 0 0.717162 0.152 0.1016012 0.02258181 0.07322307
21 0 2.63629 -0.88721 0 0 0
22 -0.894123 1.47063 -0.39701 -0.006563227 0.3096345 0.3253961
23 -0.561687 -0.063961 0 0.2221903 -0.1142535 0.9865135
24 -1.77145 0 0 -0.01872674 0.4655885 0
25 -2.08 0 0 -0.1180018 0.1841129 0.1934187
26 -0.98902 0 0 0 0 0.1953846
time 5
0 0 0 0 0 0 0
1 0.1427345 6.450972 0.2005998 -0.04384429 0.01980778 -0.03706099
2 0.688586 -0.964526 -0.052186 -0.1974362 0.1193145 0.05648024
3 0 -2.32697 -0.119475 0.4762475 -0.01118174 -0.005284166
4 0 -1.63865 0 -0.2352687 -0.01301736 -0.00669016
5 0.001767 -1.08533 0.799261 0 0.000190155 0
6 -0.688586 -0.964528 -0.052186 -0.1094424 -0.1066746 -0.03234022
7 0 -2.32697 -0.119475 0.2839127 -0.06109949 -0.01714519
8 0 -1.63865 0 -0.1207705 -0.002944575 0.07454625
9 -0.001767 -1.08533 0.795 0 0.000190155 0
10 0 0.45881 0.00262047 0.01405714 -0.004043219 0.000844001
11 0 1.2013 0.0190781 0.1226725 -0.08734356 0.0133478
12 0 1.4317 0.657269 -0.06143063 0.05139435 0.02536179
13 0 -1.89432 0.800141 -0.418525 0.1681845 0.05644978
14 0.894124 1.47064 -0.39701 -0.006568504 -0.309622 -0.3253528
15 0.561685 -0.0639611 0 0.255385 0.1505744 -0.9268555
16 1.77145 0 0 -4.771748E-05 -0.4164426 -0.0001698516
17 2.08 0 0 0.001576127 -0.01038431 -0.1937732
18 0.90245 0 0 0 0 -1.202401
19 0 1.83283 -0.327088 0.1543963 0.02622708 -0.1262156
20 0 0.717162 0.152 0.1323571 0.0123473 0.07448222
21 0 2.63629 -0.88721 0 0 0
22 -0.894123 1.47063 -0.39701 -0.006563227 0.3096345 0.3253961
23 -0.561687 -0.063961 0 0.23987 -0.109965 1.000751
24 -1.77145 0 0 -0.02586032 0.5851706 0
25 -2.08 0 0 -0.182379 0.2424735 0.2248375
26 -0.98902 0 0 0 0 -0.06980477
time 6
0 0 0 0 0 0 0
1 0.1260505 6.450972 0.1935929 -0.04108685 0.02211032 -0.0379289
2 0.688586 -0.964526 -0.052186 -0.2040625 0.119192 0.06138689
3 0 -2.32697 -0.119475 0.4769436 -0.01341454 -0.006304863
4 0 -1.63865 0 -0.2322469 -0.01317347 -0.01031058
5 0.001767 -1.08533 0.799261 0 0.000190155 0
6 -0.688586 -0.964528 -0.052186 -0.1148572 -0.1069336 -0.0261123
7 0 -2.32697 -0.119475 0.2850403 -0.06356976 -0.01774134
8 0 -1.63865 0 -0.1201439 -0.002961887 0.07000392
9 -0.001767 -1.08533 0.795 0 0.000190155 0
10 0 0.45881 0.00262047 0.01404864 -0.003215286 0.0003020164
11 0 1.2013 0.0190781 0.1228292 -0.07423651 0.008242953
12 0 1.4317 0.657269 -0.06121621 0.05148028 0.03176173
13 0 -1.89432 0.800141 -0.4496141 0.1726381 0.04320599
14 0.894124 1.47064 -0.39701 -0.006568504 -0.309622 -0.3253528
15 0.561685 -0.0639611 0 0.2578984 0.1756365 -0.912225
16 1.77145 0 0 7.243734E-05 -0.4747607 -0.0002278048
17 2.08 0 0 0.001430926 -0.01049969 -0.1937214
18 0.90245 0 0 0 0 -1.202401
19 0 1.83283 -0.327088 0.1543963 0.02622708 -0.1262156
20 0 0.717162 0.152 0.1484212 0.002250647 0.07535078
21 0 2.63629 -0.88721 0 0 0
22 -0.894123 1.47063 -0.39701 -0.006563227 0.3096345 0.3253961
23 -0.561687 -0.063961 0 0.2598444 -0.1048008 1.01397
24 -1.77145 0 0 -0.03325776 0.7069261 0
25 -2.08 0 0 -0.2629626 0.2841868 0.2601542
26 -0.98902 0 0 0 0 -0.3865776
time 7
0 0 0 0 0 0 0
1 0.109487 6.450972 0.1898181 -0.03877923 0.02448421 -0.03863768
2 0.688586 -0.964526 -0.052186 -0.2090587 0.1190731 0.06594124
3 0 -2.32697 -0.119475 0.4772813 -0.01574513 -0.007390704
4 0 -1.63865 0 -0.2301109 -0.01333688 -0.01383327
5 0.001767 -1.08533 0.799261 0 0.000190155 0
6 -0.688586 -0.964528 -0.052186 -0.118681 -0.1071899 -0.02056876
7 0 -2.32697 -0.119475 0.2864347 -0.06607482 -0.01838686
8 0 -1.63865 0 -0.1204991 -0.002966465 0.06584343
9 -0.001767 -1.08533 0.795 0 0.000190155 0
10 0 0.45881 0.00262047 0.01403828 -0.002384897 -0.0002156821
11 0 1.2013 0.0190781 0.1229537 -0.06193513 0.003028075
12 0 1.4317 0.657269 -0.06104721 0.05137655 0.03729279
13 0 -1.89432 0.800141 -0.4758553 0.1763726 0.03231591
14 0.894124 1.47064 -0.39701 -0.006568504 -0.309622 -0.3253528
15 0.561685 -0.0639611 0 0.2549188 0.2041063 -0.8972225
16 1.77145 0 0 0.000290893 -0.5397333 -0.0002885318
17 2.08 0 0 0.001224324 -0.01035998 -0.1936805
18 0.90245 0 0 0 0 -1.202402
19 0 1.83283 -0.327088 0.1543963 0.02622708 -0.1262156
20 0 0.717162 0.152 0.1594718 -0.006966797 0.07589184
21 0 2.63629 -0.88721 0 0 0
22 -0.894123 1.47063 -0.39701 -0.006563227 0.3096345 0.3253961
23 -0.561687 -0.063961 0 0.2809341 -0.09875566 1.024857
24 -1.77145 0 0 -0.04054607 0.82211 0
25 -2.08 0 0 -0.3613424 0.3143989 0.300171
26 -0.98902 0 0 0 0 -0.5881484
time 8
0 0 0 0 0 0 0
1 0.09385592 6.450972 0.1898663 -0.03718494 0.02684251 -0.03910297
2 0.688586 -0.964526 -0.052186 -0.2116741 0.1189599 0.06980512
3 0 -2.32697 -0.119475 0.4771361 -0.01809683 -0.008514057
4 0 -1.63865 0 -0.2286816 -0.0135051 -0.01705701
5 0.001767 -1.08533 0.799261 0 0.000190155 0
6 -0.688586 -0.964528 -0.052186 -0.1207419 -0.1074363 -0.01620434
7 0 -2.32697 -0.119475 0.2881353 -0.06850763 -0.01907077
8 0 -1.63865 0 -0.1219491 -0.002958913 0.06238881
9 -0.001767 -1.08533 0.795 0 0.000190155 0
10 0 0.45881 0.00262047 0.01402614 -0.001586656 -0.0006794734
11 0 1.2013 0.0190781 0.1230386 -0.05134233 -0.002082456
12 0 1.4317 0.657269 -0.06094973 0.05101978 0.04139323
13 0 -1.89432 0.800141 -0.4939529 0.1789605 0.02453124
14 0.894124 1.47064 -0.39701 -0.006568504 -0.309622 -0.3253528
15 0.561685 -0.0639611 0 0.2505735 0.2299014 -0.8808939
16 1.77145 0 0 0.0006312509 -0.6101311 -0.0003496223
17 2.08 0 0 0.0009455205 -0.009879882 -0.1936569
18 0.90245 0 0 0 0 -1.2038
19 0 1.83283 -0.327088 0.1543963 0.02622708 -0.1262156
20 0 0.717162 0.152 0.1705262 -0.01466552 0.0761684
21 0 2.63629 -0.88721 0 0 0
22 -0.894123 1.47063 -0.39701 -0.006563227 0.3096345 0.3253961
23 -0.561687 -0.063961 0 0.3020393 -0.09182417 1.03228
24 -1.77145 0 0 -0.04699306 0.9216805 0
25 -2.08 0 0 -0.4593844 0.333799 0.334123
26 -0.98902 0 0 0 0 -0.5858669
time 9
0 0 0 0 0 0 0
1 0.07996915 6.450972 0.1907798 -0.03656753 0.02909826 -0.03924039
2 0.688586 -0.964526 -0.052186 -0.2116567 0.1188544 0.07264033
3 0 -2.32697 -0.119475 0.4763835 -0.02039294 -0.009647288
4 0 -1.63865 0 -0.2275077 -0.01367565 -0.01978063
5 0.001767 -1.08533 0.799261 0 0.000190155 0
6 -0.688586 -0.964528 -0.052186 -0.1213738 -0.1076655 -0.0135138
7 0 -2.32697 -0.119475 0.2902929 -0.07076122 -0.01978207
8 0 -1.63865 0 -0.1242973 -0.002939835 0.05996414
9 -0.001767 -1.08533 0.795 0 0.000190155 0
10 0 0.45881 0.00262047 0.01401226 -0.0008551665 -0.001059738
11 0 1.2013 0.0190781 0.1230765 -0.04227652 -0.006874254
12 0 1.4317 0.657269 -0.0628747 0.05034655 0.04350132
13 0 -1.89432 0.800141 -0.4987752 0.1793102 0.02060357
14 0.894124 1.47064 -0.39701 -0.006568504 -0.309622 -0.3253528
15 0.561685 -0.0639611 0 0.2499567 0.246158 -0.861977
16 1.77145 0 0 0.001117112 -0.6847251 -0.0004086662
17 2.08 0 0 0.000583717 -0.008974113 -0.194359
18 0.90245 0 0 0 0 -1.203099
19 0 1.83283 -0.327088 0.1543963 0.02622708 -0.1262156
20 0 0.717162 0.152 0.1800934 -0.02106476 0.0762434
21 0 2.63629 -0.88721 0 0 0
22 -0.894123 1.47063 -0.39701 -0.006563227 0.3096345 0.3253961
23 -0.561687 -0.063961 0 0.32206 -0.08400106 1.035113
24 -1.77145 0 0 -0.05038138 0.99766 0
25 -2.08 0 0 -0.5368845 0.3417856 0.3494799
26 -0.98902 0 0 0 0 -0.5721254
time 10
0 0 0 0 0 0 0
1 0.06863851 6.450972 0.1919765 -0.03719052 0.03116454 -0.03896556
2 0.688586 -0.964526 -0.052186 -0.2092951 0.1187588 0.07423347
3 0 -2.32697 -0.119475 0.4748991 -0.02255676 -0.01076277
4 0 -1.63865 0 -0.2265975 -0.01384606 -0.02180291
5 0.001767 -1.08533 0.799261 0 0.000190155 0
6 -0.688586 -0.964528 -0.052186 -0.1206124 -0.1078703 -0.01234243
7 0 -2.32697 -0.119475 0.2935051 -0.07272859 -0.02050979
8 0 -1.63865 0 -0.1273874 -0.002909834 0.05847103
9 -0.001767 -1.08533 0.795 0 0.000190155 0
10 0 0.45881 0.00262047 0.01399672 -0.0002250353 -0.001326855
11 0 1.2013 0.0190781 0.1230599 -0.034556 -0.01101402
12 0 1.4317 0.657269 -0.08453064 0.04762411 0.04329758
13 0 -1.89432 0.800141 -0.472247 0.173139 0.02084572
14 0.894124 1.47064 -0.39701 -0.006568504 -0.309622 -0.3253528
15 0.561685 -0.0639611 0 0.2528004 0.2522602 -0.8392098
16 1.77145 0 0 0.001772075 -0.7622858 -0.0004632534
17 2.08 0 0 0.0001281141 -0.005380089 -0.2003795
18 0.90245 0 0 0 0 -1.170337
19 0 1.83283 -0.327088 0.1543963 0.02622708 -0.1262156
20 0 0.717162 0.152 0.1882521 -0.02637804 0.07617983
21 0 2.63629 -0.88721 0 0 0
22 -0.894123 1.47063 -0.39701 -0.006563227 0.3096345 0.3253961
23 -0.561687 -0.063961 0 0.3386596 -0.0747042 1.034719
24 -1.77145 0 0 -0.05095514 1.053342 0
25 -2.08 0 0 -0.5949259 0.3417908 0.3491647
26 -0.98902 0 0 0 0 -0.5496421
time 11
0 0 0 0 0 0 0
1 0.06050012 6.450972 0.1934637 -0.03931744 0.03295438 -0.03819412
2 0.688586 -0.964526 -0.052186 -0.2049048 0.118675 0.07517013
3 0 -2.32697 -0.119475 0.4726768 -0.02451162 -0.01183286
4 0 -1.63865 0 -0.2259592 -0.01401386 -0.02316029
5 0.001767 -1.08533 0.799261 0 0.000190155 0
6 -0.688586 -0.964528 -0.052186 -0.1184933 -0.1080434 -0.01211606
7 0 -2.32697 -0.119475 0.2975888 -0.07430275 -0.02124293
8 0 -1.63865 0 -0.1310631 -0.002869513 0.05754943
9 -0.001767 -1.08533 0.795 0 0.000190155 0
10 0 0.45881 0.00262047 0.01397957 0.0002691347 -0.001451205
11 0 1.2013 0.0190781 0.1229815 -0.02799913 -0.01426419
12 0 1.4317 0.657269 -0.1408106 0.04147672 0.04187167
13 0 -1.89432 0.800141 -0.4023019 0.1600157 0.02316872
14 0.894124 1.47064 -0.39701 -0.006568504 -0.309622 -0.3253528
15 0.561685 -0.0639611 0 0.2540159 0.2531352 -0.8115956
16 1.77145 0 0 0.002619743 -0.8415839 -0.0005109736
17 2.08 0 0 -0.0004320874 0.002579467 -0.2130496
18 0.90245 0 0 0 0 -1.082854
19 0 1.83283 -0.327088 0.1543963 0.02622708 -0.1262156
20 0 0.717162 0.152 0.1950812 -0.03074774 0.07604067
21 0 2.63629 -0.88721 0 0 0
22 -0.894123 1.47063 -0.39701 -0.006563227 0.3096345 0.3253961
23 -0.561687 -0.063961 0 0.342261 -0.06073172 1.033516
24 -1.77145 0 0 -0.04938901 1.0956 0
25 -2.08 0 0 -0.6448228 0.3372469 0.3425849
26 -0.98902 0 0 0 0 -0.5217783
time 12
0 0 0 0 0 0 0
1 0.05488152 6.450972 0.1952483 -0.04321184 0.03438086 -0.0369239
2 0.688586 -0.964526 -0.052186 -0.1988012 0.118605 0.07562819
3 0 -2.32697 -0.119475 0.470383 -0.0261808 -0.01282994
4 0 -1.63865 0 -0.2256012 -0.01417657 -0.02405655
5 0.001767 -1.08533 0.799261 0 0.000190155 0
6 -0.688586 -0.964528 -0.052186 -0.1150518 -0.1081776 -0.01272952
7 0 -2.32697 -0.119475 0.3022268 -0.07542855 -0.02197052
8 0 -1.63865 0 -0.1351682 -0.002819475 0.05715012
9 -0.001767 -1.08533 0.795 0 0.000190155 0
10 0 0.45881 0.00262047 0.01396086 0.0005927366 -0.001403168
11 0 1.2013 0.0190781 0.1228338 -0.02242423 -0.01656163
12 0 1.4317 0.657269 -0.225844 0.03247067 0.03929763
13 0 -1.89432 0.800141 -0.2971886 0.1402534 0.02756158
14 0.894124 1.47064 -0.39701 -0.006568504 -0.309622 -0.3253528
15 0.561685 -0.0639611 0 0.2529296 0.2499719 -0.7803932
16 1.77145 0 0 0.003683717 -0.9213903 -0.0005494166
17 2.08 0 0 -0.004136617 0.01398744 -0.2326353
18 0.90245 0 0 0 0 -0.9488774
19 0 1.83283 -0.327088 0.1543963 0.02622708 -0.1262156
20 0 0.717162 0.152 0.2006598 -0.03431625 0.07588888
21 0 2.63629 -0.88721 0 0 0
22 -0.894123 1.47063 -0.39701 -0.006563227 0.3096345 0.3253961
23 -0.561687 -0.063961 0 0.3283999 -0.04246332 1.031837
24 -1.77145 0 0 -0.04635762 1.130309 0
25 -2.08 0 0 -0.6926011 0.3312405 0.3346699
26 -0.98902 0 0 0 0 -0.4907486
time 13
0 0 0 0 0 0 0
1 0.05139393 6.450972 0.1973375 -0.04840252 0.03553987 -0.03561505
2 0.688586 -0.964526 -0.052186 -0.1912999 0.118551 0.07566895
3 0 -2.32697 -0.119475 0.4681588 -0.02762627 -0.01372638
4 0 -1.63865 0 -0.2255316 -0.01433171 -0.02453096
5 0.001767 -1.08533 0.799261 0 0.000190155 0
6 -0.688586 -0.964528 -0.052186 -0.1103237 -0.1082655 -0.01407769
7 0 -2.32697 -0.119475 0.3071015 -0.07636392 -0.02268156
8 0 -1.63865 0 -0.1395463 -0.002760325 0.05722392
9 -0.001767 -1.08533 0.795 0 0.000190155 0
10 0 0.45881 0.00262047 0.01394067 0.0007111682 -0.001153122
11 0 1.2013 0.0190781 0.1226094 -0.01764963 -0.01784325
12 0 1.4317 0.657269 -0.3293929 0.0211724 0.03540661
13 0 -1.89432 0.800141 -0.1694121 0.1143935 0.03447083
14 0.894124 1.47064 -0.39701 -0.006568504 -0.309622 -0.3253528
15 0.561685 -0.0639611 0 0.2498167 0.2440326 -0.7468724
16 1.77145 0 0 0.004987595 -1.000476 -0.0005761725
17 2.08 0 0 -0.03317243 0.0279265 -0.2564693
18 0.90245 0 0 0 0 -0.7817202
19 0 1.83283 -0.327088 0.1543963 0.02622708 -0.1262156
20 0 0.717162 0.152 0.2050667 -0.03722595 0.07578744
21 0 2.63629 -0.88721 0 0 0
22 -0.894123 1.47063 -0.39701 -0.006563227 0.3096345 0.3253961
23 -0.561687 -0.063961 0 0.2979939 -0.02094274 1.030013
24 -1.77145 0 0 -0.04253563 1.158891 0
25 -2.08 0 0 -0.7372559 0.3237968 0.3244903
26 -0.98902 0 0 0 0 -0.4587669
time 14
0 0 0 0 0 0 0
1 0.04979148 6.450972 0.1997384 -0.05414128 0.03659295 -0.03435797
2 0.688586 -0.964526 -0.052186 -0.1827163 0.118515 0.07535366
3 0 -2.32697 -0.119475 0.4660243 -0.0289666 -0.01449453
4 0 -1.63865 0 -0.2257588 -0.0144768 -0.02462278
5 0.001767 -1.08533 0.799261 0 0.000190155 0
6 -0.688586 -0.964528 -0.052186 -0.1043445 -0.1083 -0.01605543
7 0 -2.32697 -0.119475 0.3118958 -0.07716761 -0.02336507
8 0 -1.63865 0 -0.1440414 -0.002692665 0.05772161
9 -0.001767 -1.08533 0.795 0 0.000190155 0
10 0 0.45881 0.00262047 0.01391904 0.0007028874 -0.0006714492
11 0 1.2013 0.0190781 0.1223008 -0.01349366 -0.01804592
12 0 1.4317 0.657269 -0.4422596 0.008148363 0.03002976
13 0 -1.89432 0.800141 -0.03047536 0.08467913 0.04434304
14 0.894124 1.47064 -0.39701 -0.006568504 -0.309622 -0.3253528
15 0.561685 -0.0639611 0 0.2449525 0.2350185 -0.712119
16 1.77145 0 0 0.00655498 -1.077611 -0.0005888308
17 2.08 0 0 -0.1044877 0.04347938 -0.281767
18 0.90245 0 0 0 0 -0.594695
19 0 1.83283 -0.327088 0.1543963 0.02622708 -0.1262156
20 0 0.717162 0.152 0.2083809 -0.03961922 0.07579932
21 0 2.63629 -0.88721 0 0 0
22 -0.894123 1.47063 -0.39701 -0.006563227 0.3096345 0.3253961
23 -0.561687 -0.063961 0 0.2577741 0.002786336 1.028377
24 -1.77145 0 0 -0.03859767 1.182688 0
25 -2.08 0 0 -0.7793401 0.3147303 0.3123923
26 -0.98902 0 0 0 0 -0.4280467
time 15
0 0 0 0 0 0 0
1 0.04982828 6.450972 0.202458 -0.06031185 0.03754259 -0.03315884
2 0.688586 -0.964526 -0.052186 -0.1733659 0.118499 0.07474358
3 0 -2.32697 -0.119475 0.4639997 -0.03020337 -0.01510678
4 0 -1.63865 0 -0.226291 -0.01460938 -0.02437126
5 0.001767 -1.08533 0.799261 0 0.000190155 0
6 -0.688586 -0.964528 -0.052186 -0.09714974 -0.1082738 -0.01855761
7 0 -2.32697 -0.119475 0.3162922 -0.07784772 -0.02401007
8 0 -1.63865 0 -0.148497 -0.002617099 0.05859401
9 -0.001767 -1.08533 0.795 0 0.000190155 0
10 0 0.45881 0.00262047 0.01389605 0.0006729848 -6.760715E-05
11 0 1.2013 0.0190781 0.1219007 -0.009774647 -0.01710651
12 0 1.4317 0.657269 -0.5552461 -0.006035 0.0229982
13 0 -1.89432 0.800141 0.1081189 0.05299287 0.05762474
14 0.894124 1.47064 -0.39701 -0.006568504 -0.309622 -0.3253528
15 0.561685 -0.0639611 0 0.2397521 0.219169 -0.677219
16 1.77145 0 0 0.008409472 -1.151566 -0.0005849816
17 2.08 0 0 -0.2039622 0.05972873 -0.3059699
18 0.90245 0 0 0 0 -0.4008732
19 0 1.83283 -0.327088 0.1543963 0.02622708 -0.1262156
20 0 0.717162 0.152 0.2106815 -0.04163846 0.07598749
21 0 2.63629 -0.88721 0 0 0
22 -0.894123 1.47063 -0.39701 -0.006563227 0.3096345 0.3253961
23 -0.561687 -0.063961 0 0.2130869 0.02768019 1.027261
24 -1.77145 0 0 -0.03475841 1.203401 0
25 -2.08 0 0 -0.8194071 0.3040799 0.2987223
26 -0.98902 0 0 0 0 -0.4008017
time 16
0 0 0 0 0 0 0
1 0.05125841 6.450972 0.2055034 -0.06679801 0.03839128 -0.0320238
2 0.688586 -0.964526 -0.052186 -0.1636124 0.1185051 0.07390001
3 0 -2.32697 -0.119475 0.4621052 -0.03133817 -0.01560408
4 0 -1.63865 0 -0.2271366 -0.01472696 -0.02381565
5 0.001767 -1.08533 0.799261 0 0.000190155 0
6 -0.688586 -0.964528 -0.052186 -0.08912399 -0.1081796 -0.02147911
7 0 -2.32697 -0.119475 0.3199733 -0.07841235 -0.02460556
8 0 -1.63865 0 -0.1527569 -0.002534231 0.05979192
9 -0.001767 -1.08533 0.795 0 0.000190155 0
10 0 0.45881 0.00262047 0.01387174 0.000621092 0.0005218143
11 0 1.2013 0.0190781 0.1214016 -0.006310927 -0.01496194
12 0 1.4317 0.657269 -0.6591547 -0.02081125 0.01414309
13 0 -1.89432 0.800141 0.234868 0.0210326 0.07476251
14 0.894124 1.47064 -0.39701 -0.006568504 -0.309622 -0.3253528
15 0.561685 -0.0639611 0 0.2404209 0.190059 -0.6432586
16 1.77145 0 0 0.01054538 -1.221113 -0.0005622145
17 2.08 0 0 -0.3140416 0.07575728 -0.3265194
18 0.90245 0 0 0 0 -0.2117398
19 0 1.83283 -0.327088 0.1543963 0.02622708 -0.1262156
20 0 0.717162 0.152 0.2120474 -0.04342605 0.07632117
21 0 2.63629 -0.88721 0 0 0
22 -0.894123 1.47063 -0.39701 -0.006563227 0.3096345 0.3253961
23 -0.561687 -0.063961 0 0.1692781 0.05169255 1.026996
24 -1.77145 0 0 -0.03077935 1.22273 0
25 -2.08 0 0 -0.8580104 0.2918847 0.2838268
26 -0.98902 0 0 0 0 -0.3793774
time 17
0 0 0 0 0 0 0
1 0.05383601 6.450972 0.2088818 -0.07348355 0.03914154 -0.03095901
2 0.688586 -0.964526 -0.052186 -0.1539236 0.1185353 0.0728842
3 0 -2.32697 -0.119475 0.460361 -0.03237255 -0.01604893
4 0 -1.63865 0 -0.2283037 -0.01482707 -0.02299521
5 0.001767 -1.08533 0.799261 0 0.000190155 0
6 -0.688586 -0.964528 -0.052186 -0.08068262 -0.1080102 -0.02471479
7 0 -2.32697 -0.119475 0.3226218 -0.07886957 -0.02514057
8 0 -1.63865 0 -0.1566649 -0.002444663 0.06126615
9 -0.001767 -1.08533 0.795 0 0.000190155 0
10 0 0.45881 0.00262047 0.01384618 0.0005468323 0.001092835
11 0 1.2013 0.0190781 0.1207962 -0.002920818 -0.01154907
12 0 1.4317 0.657269 -0.7447875 -0.03561395 0.003295549
13 0 -1.89432 0.800141 0.338269 -0.009503866 0.09620287
14 0.894124 1.47064 -0.39701 -0.006568504 -0.309622 -0.3253528
15 0.561685 -0.0639611 0 0.2454739 0.1480737 -0.6113235
16 1.77145 0 0 0.01279199 -1.285021 -0.0005181193
17 2.08 0 0 -0.417172 0.0906477 -0.340857
18 0.90245 0 0 0 0 -0.03950421
19 0 1.83283 -0.327088 0.1543963 0.02622708 -0.1262156
20 0 0.717162 0.152 0.2125576 -0.04512436 0.07672005
21 0 2.63629 -0.88721 0 0 0
22 -0.894123 1.47063 -0.39701 -0.006563227 0.3096345 0.3253961
23 -0.561687 -0.063961 0 0.1316937 0.07327535 1.026947
24 -1.77145 0 0 -0.02667408 1.242375 0
25 -2.08 0 0 -0.895703 0.2781838 0.2680522
26 -0.98902 0 0 0 0 -0.3657833
time 18
0 0 0 0 0 0 0
1 0.05731518 6.450972 0.2126002 -0.08025225 0.03979585 -0.02997062
2 0.688586 -0.964526 -0.052186 -0.144288 0.1185917 0.07175742
3 0 -2.32697 -0.119475 0.4587871 -0.03330809 -0.01644263
4 0 -1.63865 0 -0.2298006 -0.01490724 -0.02194921
5 0.001767 -1.08533 0.799261 0 0.000190155 0
6 -0.688586 -0.964528 -0.052186 -0.07188899 -0.1077583 -0.02815953
7 0 -2.32697 -0.119475 0.3240659 -0.07922748 -0.02560411
8 0 -1.63865 0 -0.1600646 -0.002348999 0.0629675
9 -0.001767 -1.08533 0.795 0 0.000190155 0
10 0 0.45881 0.00262047 0.01381943 0.000449829 0.001641487
11 0 1.2013 0.0190781 0.1201044 0.0005773316 -0.0068048
12 0 1.4317 0.657269 -0.8042659 -0.04987665 -0.0104462
13 0 -1.89432 0.800141 0.408454 -0.03775296 0.1234132
14 0.894124 1.47064 -0.39701 -0.006568504 -0.309622 -0.3253528
15 0.561685 -0.0639611 0 0.2486932 0.09957832 -0.5825146
16 1.77145 0 0 0.01511003 -1.34273 -0.0004502862
17 2.08 0 0 -0.4973576 0.1034827 -0.3451546
18 0.90245 0 0 0 0 0.104861
19 0 1.83283 -0.327088 0.1543963 0.02622708 -0.1262156
20 0 0.717162 0.152 0.2122909 -0.0468758 0.07717723
21 0 2.63629 -0.88721 0 0 0
22 -0.894123 1.47063 -0.39701 -0.006563227 0.3096345 0.3253961
23 -0.561687 -0.063961 0 0.1049577 0.09219239 1.026245
24 -1.77145 0 0 -0.02245622 1.264036 0
25 -2.08 0 0 -0.9330385 0.263016 0.251745
26 -0.98902 0 0 0 0 -0.3597302
time 19
0 0 0 0 0 0 0
1 0.06145004 6.450972 0.2166658 -0.08698791 0.04035671 -0.02906477
2 0.688586 -0.964526 -0.052186 -0.1346255 0.1186763 0.07058093
3 0 -2.32697 -0.119475 0.4574039 -0.03414636 -0.01678643
4 0 -1.63865 0 -0.2316357 -0.01496498 -0.02071688
5 0.001767 -1.08533 0.799261 0 0.000190155 0
6 -0.688586 -0.964528 -0.052186 -0.06280644 -0.1074166 -0.0317082
7 0 -2.32697 -0.119475 0.3250174 -0.0794942 -0.02598519
8 0 -1.63865 0 -0.1628924 -0.002247844 0.06484678
9 -0.001767 -1.08533 0.795 0 0.000190155 0
10 0 0.45881 0.00262047 0.01379155 0.0003297052 0.0021638
11 0 1.2013 0.0190781 0.11949 0.003870061 -0.0006660046
12 0 1.4317 0.657269 -0.8459455 -0.06531238 -0.03128698
13 0 -1.89432 0.800141 0.4557424 -0.06785179 0.1643252
14 0.894124 1.47064 -0.39701 -0.006568504 -0.309622 -0.3253528
15 0.561685 -0.0639611 0 0.2459571 0.04952426 -0.557341
16 1.77145 0 0 0.0174902 -1.397248 -0.0003563047
17 2.08 0 0 -0.5565724 0.1154507 -0.3279163
18 0.90245 0 0 0 0 0.2282347
19 0 1.83283 -0.327088 0.1543963 0.02622708 -0.1262156
20 0 0.717162 0.152 0.2111963 -0.04850962 0.07768582
21 0 2.63629 -0.88721 0 0 0
22 -0.894123 1.47063 -0.39701 -0.006563227 0.3096345 0.3253961
23 -0.561687 -0.063961 0 0.08713564 0.1082076 1.02493
24 -1.77145 0 0 -0.01813938 1.286477 0
25 -2.08 0 0 -0.9705703 0.2461451 0.2335924
26 -0.98902 0 0 0 0 -0.3600519
time 20
0 0 0 0 0 0 0
1 0.06599469 6.450972 0.2210855 -0.09364912 0.04082662 -0.02824763
2 0.688586 -0.964526 -0.052186 -0.1248559 0.1187912 0.06941602
3 0 -2.32697 -0.119475 0.4562314 -0.03488894 -0.01708162
4 0 -1.63865 0 -0.2338172 -0.01499782 -0.01933749
5 0.001767 -1.08533 0.799261 0 0.000190155 0
6 -0.688586 -0.964528 -0.052186 -0.05349831 -0.106978 -0.03525567
7 0 -2.32697 -0.119475 0.3256358 -0.07967781 -0.02627283
8 0 -1.63865 0 -0.1656163 -0.002141799 0.0668548
9 -0.001767 -1.08533 0.795 0 0.000190155 0
10 0 0.45881 0.00262047 0.01376259 0.0001860844 0.002655805
11 0 1.2013 0.0190781 0.1189764 0.006523571 0.006930418
12 0 1.4317 0.657269 -0.8849005 -0.08303305 -0.05884024
13 0 -1.89432 0.800141 0.4989001 -0.1006751 0.2224617
14 0.894124 1.47064 -0.39701 -0.006568504 -0.309622 -0.3253528
15 0.561685 -0.0639611 0 0.2377771 -0.005465228 -0.5359917
16 1.77145 0 0 0.01992322 -1.448291 -0.0002337648
17 2.08 0 0 -0.6043416 0.1278837 -0.2837496
18 0.90245 0 0 0 0 0.344914
19 0 1.83283 -0.327088 0.1543963 0.02622708 -0.1262156
20 0 0.717162 0.152 0.2085549 -0.04967009 0.0782389
21 0 2.63629 -0.88721 0 0 0
22 -0.894123 1.47063 -0.39701 -0.006563227 0.3096345 0.3253961
23 -0.561687 -0.063961 0 0.07559174 0.1213125 1.023036
24 -1.77145 0 0 -0.01373717 1.307291 0
25 -2.08 0 0 -1.008432 0.2261986 0.2127105
26 -0.98902 0 0 0 0 -0.3624237
time 21
0 0 0 0 0 0 0
1 0.07070324 6.450972 0.2258666 -0.1005284 0.04120807 -0.02752534
2 0.688586 -0.964526 -0.052186 -0.114899 0.1189384 0.06832395
3 0 -2.32697 -0.119475 0.4552571 -0.0355374 -0.01732946
4 0 -1.63865 0 -0.2363534 -0.01500329 -0.01785029
5 0.001767 -1.08533 0.799261 0 0.000190155 0
6 -0.688586 -0.964528 -0.052186 -0.04402792 -0.1064351 -0.0386968
7 0 -2.32697 -0.119475 0.3259389 -0.07978639 -0.02645604
8 0 -1.63865 0 -0.1683061 -0.002031468 0.06894235
9 -0.001767 -1.08533 0.795 0 0.000190155 0
10 0 0.45881 0.00262047 0.01373263 1.858943E-05 0.003113532
11 0 1.2013 0.0190781 0.1185571 0.008564008 0.0158291
12 0 1.4317 0.657269 -0.923209 -0.1014404 -0.0914146
13 0 -1.89432 0.800141 0.540611 -0.1357909 0.2906985
14 0.894124 1.47064 -0.39701 -0.006568504 -0.309622 -0.3253528
15 0.561685 -0.0639611 0 0.2246648 -0.06300366 -0.5186559
16 1.77145 0 0 0.0223998 -1.494867 -8.025608E-05
17 2.08 0 0 -0.6452737 0.1399685 -0.2209531
18 0.90245 0 0 0 0 0.4555894
19 0 1.83283 -0.327088 0.1543963 0.02622708 -0.1262156
20 0 0.717162 0.152 0.2043354 -0.05023641 0.07882956
21 0 2.63629 -0.88721 0 0 0
22 -0.894123 1.47063 -0.39701 -0.006563227 0.3096345 0.3253961
23 -0.561687 -0.063961 0 0.06813978 0.1328942 1.020601
24 -1.77145 0 0 -0.009263217 1.326564 0
25 -2.08 0 0 -1.043817 0.2036966 0.1901843
26 -0.98902 0 0 0 0 -0.3657841
time 22
0 0 0 0 0 0 0
1 0.0753298 6.450972 0.2310161 -0.1074447 0.04150357 -0.02690406
2 0.688586 -0.964526 -0.052186 -0.1046748 0.1191199 0.06736597
3 0 -2.32697 -0.119475 0.4544487 -0.0360933 -0.01753124
4 0 -1.63865 0 -0.2390603 -0.0149789 -0.01629455
5 0.001767 -1.08533 0.799261 0 0.000190155 0
6 -0.688586 -0.964528 -0.052186 -0.03445864 -0.1057806 -0.04192647
7 0 -2.32697 -0.119475 0.3259444 -0.07982805 -0.02652384
8 0 -1.63865 0 -0.1709386 -0.001917455 0.07106023
9 -0.001767 -1.08533 0.795 0 0.000190155 0
10 0 0.45881 0.00262047 0.01370171 -0.0001731559 0.003533014
11 0 1.2013 0.0190781 0.118226 0.01001756 0.02465256
12 0 1.4317 0.657269 -0.9601472 -0.118936 -0.1240146
13 0 -1.89432 0.800141 0.5800816 -0.1690787 0.3594903
14 0.894124 1.47064 -0.39701 -0.006568504 -0.309622 -0.3253528
15 0.561685 -0.0639611 0 0.207132 -0.1192988 -0.505523
16 1.77145 0 0 0.02403092 -1.535619 0.0009412835
17 2.08 0 0 -0.6789289 0.1508921 -0.1510561
18 0.90245 0 0 0 0 0.557431
19 0 1.83283 -0.327088 0.1543963 0.02622708 -0.1262156
20 0 0.717162 0.152 0.1986473 -0.05008782 0.07945091
21 0 2.63629 -0.88721 0 0 0
22 -0.894123 1.47063 -0.39701 -0.006563227 0.3096345 0.3253961
23 -0.561687 -0.063961 0 0.06276938 0.1434987 1.017662
24 -1.77145 0 0 -0.00473113 1.344382 0
25 -2.08 0 0 -1.07488 0.1794899 0.1670985
26 -0.98902 0 0 0 0 -0.3697399
time 23
0 0 0 0 0 0 0
1 0.07962849 6.450972 0.236541 -0.1141298 0.0417156 -0.02638993
2 0.688586 -0.964526 -0.052186 -0.09429701 0.1193379 0.06660338
3 0 -2.32697 -0.119475 0.4537978 -0.03655822 -0.01768821
4 0 -1.63865 0 -0.2417306 -0.01492219 -0.01497259
5 0.001767 -1.08533 0.799261 0 0.000190155 0
6 -0.688586 -0.964528 -0.052186 -0.0248538 -0.1051284 -0.04483956
7 0 -2.32697 -0.119475 0.3256702 -0.07981087 -0.02651289
8 0 -1.63865 0 -0.17349 -0.001800364 0.07309975
9 -0.001767 -1.08533 0.795 0 0.000190155 0
10 0 0.45881 0.00262047 0.0136699 -0.0003895283 0.003910279
11 0 1.2013 0.0190781 0.1179768 0.0109104 0.03301631
12 0 1.4317 0.657269 -0.9956787 -0.1339214 -0.1525537
13 0 -1.89432 0.800141 0.6173689 -0.1971084 0.4197819
14 0.894124 1.47064 -0.39701 -0.006568504 -0.309622 -0.3253528
15 0.561685 -0.0639611 0 0.1870326 -0.1705583 -0.4967819
16 1.77145 0 0 0.02358389 -1.567213 0.003672269
17 2.08 0 0 -0.7069027 0.1598412 -0.08497227
18 0.90245 0 0 0 0 0.6482527
19 0 1.83283 -0.327088 0.1543963 0.02622708 -0.1262156
20 0 0.717162 0.152 0.1916003 -0.04910355 0.08009605
21 0 2.63629 -0.88721 0 0 0
22 -0.894123 1.47063 -0.39701 -0.006563227 0.3096345 0.3253961
23 -0.561687 -0.063961 0 0.05910918 0.1534514 1.014256
24 -1.77145 0 0 -0.0008176286 1.360831 0
25 -2.08 0 0 -1.100139 0.1544289 0.144538
26 -0.98902 0 0 0 0 -0.3738978
time 24
0 0 0 0 0 0 0
1 0.08326875 6.450972 0.2424486 -0.1203158 0.04184667 -0.02598912
2 0.688586 -0.964526 -0.052186 -0.08492991 0.1195806 0.06625979
3 0 -2.32697 -0.119475 0.453296 -0.03693373 -0.01780167
4 0 -1.63865 0 -0.2443474 -0.01483792 -0.01414184
5 0.001767 -1.08533 0.799261 0 0.000190155 0
6 -0.688586 -0.964528 -0.052186 -0.01543692 -0.1045964 -0.0472785
7 0 -2.32697 -0.119475 0.3251339 -0.07974295 -0.02646968
8 0 -1.63865 0 -0.175937 -0.001680797 0.07467507
9 -0.001767 -1.08533 0.795 0 0.000190155 0
10 0 0.45881 0.00262047 0.01363725 -0.0006309055 0.00424136
11 0 1.2013 0.0190781 0.1178033 0.01126871 0.04076061
12 0 1.4317 0.657269 -1.029767 -0.1447982 -0.1733305
13 0 -1.89432 0.800141 0.6525298 -0.2168389 0.4625187
14 0.894124 1.47064 -0.39701 -0.006568504 -0.309622 -0.3253528
15 0.561685 -0.0639611 0 0.1662609 -0.2129901 -0.4926223
16 1.77145 0 0 0.02858027 -1.588107 0.0002841116
17 2.08 0 0 -0.7307909 0.1660027 -0.03361502
18 0.90245 0 0 0 0 0.7258682
19 0 1.83283 -0.327088 0.1543963 0.02622708 -0.1262156
20 0 0.717162 0.152 0.183304 -0.04716283 0.08075807
21 0 2.63629 -0.88721 0 0 0
22 -0.894123 1.47063 -0.39701 -0.006563227 0.3096345 0.3253961
23 -0.561687 -0.063961 0 0.05702478 0.1630782 1.010726
24 -1.77145 0 0 0.001875903 1.375995 0
25 -2.08 0 0 -1.118109 0.1293645 0.1235876
26 -0.98902 0 0 0 0 -0.3778647
time 25
0 0 0 0 0 0 0
1 0.08561384 6.450972 0.2487458 -0.1257346 0.04189928 -0.02570776
2 0.688586 -0.964526 -0.052186 -0.07680205 0.1197657 0.06648044
3 0 -2.32697 -0.119475 0.4529351 -0.03722141 -0.01787287
4 0 -1.63865 0 -0.2468938 -0.01476915 -0.01375945
5 0.001767 -1.08533 0.799261 0 0.000190155 0
6 -0.688586 -0.964528 -0.052186 -0.007220243 -0.104177 -0.04888271
7 0 -2.32697 -0.119475 0.3243535 -0.07963239 -0.02639556
8 0 -1.63865 0 -0.178256 -0.001559358 0.07575885
9 -0.001767 -1.08533 0.795 0 0.000190155 0
10 0 0.45881 0.00262047 0.01360383 -0.0008976629 0.004522287
11 0 1.2013 0.0190781 0.1176992 0.01111869 0.04772573
12 0 1.4317 0.657269 -1.062375 -0.1499679 -0.1826436
13 0 -1.89432 0.800141 0.685621 -0.2252291 0.4796652
14 0.894124 1.47064 -0.39701 -0.006568504 -0.309622 -0.3253528
15 0.561685 -0.0639611 0 0.1453181 -0.2435177 -0.4936669
16 1.77145 0 0 0.03130949 -1.597147 -0.001635096
17 2.08 0 0 -0.752189 0.1685634 -0.00660387
18 0.90245 0 0 0 0 0.785264
19 0 1.83283 -0.327088 0.1543963 0.02622708 -0.1262156
20 0 0.717162 0.152 0.1738679 -0.04414488 0.08143006
21 0 2.63629 -0.88721 0 0 0
22 -0.894123 1.47063 -0.39701 -0.006563227 0.3096345 0.3253961
23 -0.561687 -0.063961 0 0.05627711 0.1727047 1.007403
24 -1.77145 0 0 0.003485384 1.389961 0
25 -2.08 0 0 -1.127309 0.1051471 0.1053323
26 -0.98902 0 0 0 0 -0.3812474
time 26
0 0 0 0 0 0 0
1 0.0866766 6.450972 0.2554398 -0.1301183 0.04187591 -0.02555203
2 0.688586 -0.964526 -0.052186 -0.06993848 0.1198835 0.06719928
3 0 -2.32697 -0.119475 0.4527067 -0.03742281 -0.0179031
4 0 -1.63865 0 -0.2493529 -0.01472259 -0.01378255
5 0.001767 -1.08533 0.799261 0 0.000190155 0
6 -0.688586 -0.964528 -0.052186 -0.000318015 -0.103863 -0.04967244
7 0 -2.32697 -0.119475 0.3233466 -0.0794873 -0.02629185
8 0 -1.63865 0 -0.1804236 -0.001446826 0.0763915
9 -0.001767 -1.08533 0.795 0 0.000190155 0
10 0 0.45881 0.00262047 0.0135697 -0.001190178 0.004749092
11 0 1.2013 0.0190781 0.1176584 0.0104865 0.05375195
12 0 1.4317 0.657269 -1.093467 -0.1483569 -0.1817826
13 0 -1.89432 0.800141 0.7166992 -0.2231131 0.4750032
14 0.894124 1.47064 -0.39701 -0.006568504 -0.309622 -0.3253528
15 0.561685 -0.0639611 0 0.1247051 -0.2650625 -0.5024861
16 1.77145 0 0 0.03095946 -1.597908 -0.001392058
17 2.08 0 0 -0.7726929 0.1667099 0.003052994
18 0.90245 0 0 0 0 0.8056539
19 0 1.83283 -0.327088 0.1543963 0.02622708 -0.1262156
20 0 0.717162 0.152 0.1634018 -0.03992895 0.08210514
21 0 2.63629 -0.88721 0 0 0
22 -0.894123 1.47063 -0.39701 -0.006563227 0.3096345 0.3253961
23 -0.561687 -0.063961 0 0.05662712 0.1826567 1.00429
24 -1.77145 0 0 0.004146788 1.403605 0
25 -2.08 0 0 -1.126255 0.08043862 0.08851187
26 -0.98902 0 0 0 0 -0.3836525
time 27
0 0 0 0 0 0 0
1 0.08657642 6.450972 0.2625376 -0.1331987 0.04177906 -0.02552805
2 0.688586 -0.964526 -0.052186 -0.06436423 0.1199392 0.06835026
3 0 -2.32697 -0.119475 0.4526025 -0.03753952 -0.01789363
4 0 -1.63865 0 -0.2517078 -0.01469724 -0.01416826
5 0.001767 -1.08533 0.799261 0 0.000190155 0
6 -0.688586 -0.964528 -0.052186 0.005332803 -0.1036467 -0.04973236
7 0 -2.32697 -0.119475 0.3221311 -0.07931574 -0.0261599
8 0 -1.63865 0 -0.1824162 -0.00135343 0.07661339
9 -0.001767 -1.08533 0.795 0 0.000190155 0
10 0 0.45881 0.00262047 0.01353491 -0.001508827 0.004917804
11 0 1.2013 0.0190781 0.1176746 0.009398343 0.05867953
12 0 1.4317 0.657269 -1.123006 -0.1424132 -0.175445
13 0 -1.89432 0.800141 0.7458214 -0.2142059 0.4573478
14 0.894124 1.47064 -0.39701 -0.006568504 -0.309622 -0.3253528
15 0.561685 -0.0639611 0 0.1049228 -0.2804458 -0.5189183
16 1.77145 0 0 0.02895013 -1.595571 -0.0005372672
17 2.08 0 0 -0.7936496 0.160406 0.01006169
18 0.90245 0 0 0 0 0.7943911
19 0 1.83283 -0.327088 0.1543963 0.02622708 -0.1262156
20 0 0.717162 0.152 0.1520151 -0.03439425 0.08277639
21 0 2.63629 -0.88721 0 0 0
22 -0.894123 1.47063 -0.39701 -0.006563227 0.3096345 0.3253961
23 -0.561687 -0.063961 0 0.05783573 0.19326 1.001391
24 -1.77145 0 0 0.003996087 1.417654 0
25 -2.08 0 0 -1.113726 0.0536324 0.07121166
26 -0.98902 0 0 0 0 -0.3853767
time 28
0 0 0 0 0 0 0
1 0.08543271 6.450972 0.2700464 -0.134708 0.04161124 -0.025642
2 0.688586 -0.964526 -0.052186 -0.06010434 0.119938 0.0698673
3 0 -2.32697 -0.119475 0.4526142 -0.03757311 -0.01784572
4 0 -1.63865 0 -0.2539417 -0.01469212 -0.01487373
5 0.001767 -1.08533 0.799261 0 0.000190155 0
6 -0.688586 -0.964528 -0.052186 0.009795245 -0.1035209 -0.04914715
7 0 -2.32697 -0.119475 0.3207247 -0.07912581 -0.02600103
8 0 -1.63865 0 -0.1842103 -0.001278391 0.07646493
9 -0.001767 -1.08533 0.795 0 0.000190155 0
10 0 0.45881 0.00262047 0.01349953 -0.001853987 0.005024455
11 0 1.2013 0.0190781 0.1177414 0.007880388 0.06259925
12 0 1.4317 0.657269 -1.150956 -0.1331271 -0.1648186
13 0 -1.89432 0.800141 0.7730443 -0.1996191 0.4317872
14 0.894124 1.47064 -0.39701 -0.006568504 -0.309622 -0.3253528
15 0.561685 -0.0639611 0 0.08647212 -0.2919843 -0.5422993
16 1.77145 0 0 0.0267015 -1.591148 -0.0003761073
17 2.08 0 0 -0.8144493 0.1505999 0.01668024
18 0.90245 0 0 0 0 0.7590705
19 0 1.83283 -0.327088 0.1543963 0.02622708 -0.1262156
20 0 0.717162 0.152 0.1398175 -0.02786453 0.08343691
21 0 2.63629 -0.88721 0 0 0
22 -0.894123 1.47063 -0.39701 -0.006563227 0.3096345 0.3253961
23 -0.561687 -0.063961 0 0.05966388 0.2047359 0.9987066
24 -1.77145 0 0 0.003169258 1.431918 0
25 -2.08 0 0 -1.091049 0.02529045 0.0536515
26 -0.98902 0 0 0 0 -0.387001
time 29
0 0 0 0 0 0 0
1 0.08336487 6.450972 0.2779732 -0.1345536 0.04137494 -0.02590002
2 0.688586 -0.964526 -0.052186 -0.05718387 0.1198851 0.07168435
3 0 -2.32697 -0.119475 0.4527334 -0.03752514 -0.01776066
4 0 -1.63865 0 -0.2560376 -0.01470622 -0.01585608
5 0.001767 -1.08533 0.799261 0 0.000190155 0
6 -0.688586 -0.964528 -0.052186 0.01313237 -0.103478 -0.04800147
7 0 -2.32697 -0.119475 0.3191451 -0.07892562 -0.02581659
8 0 -1.63865 0 -0.1857824 -0.001220928 0.0759865
9 -0.001767 -1.08533 0.795 0 0.000190155 0
10 0 0.45881 0.00262047 0.01346362 -0.002226035 0.005065074
11 0 1.2013 0.0190781 0.1178528 0.005958822 0.0657407
12 0 1.4317 0.657269 -1.17728 -0.1210169 -0.1510906
13 0 -1.89432 0.800141 0.7984247 -0.180464 0.3987781
14 0.894124 1.47064 -0.39701 -0.006568504 -0.309622 -0.3253528
15 0.561685 -0.0639611 0 0.06971861 -0.3003203 -0.5719656
16 1.77145 0 0 0.02534075 -1.585655 -0.0005126217
17 2.08 0 0 -0.8347138 0.1379268 0.02233473
18 0.90245 0 0 0 0 0.7054243
19 0 1.83283 -0.327088 0.1543963 0.02622708 -0.1262156
20 0 0.717162 0.152 0.1269187 -0.02083837 0.08407982
21 0 2.63629 -0.88721 0 0 0
22 -0.894123 1.47063 -0.39701 -0.006563227 0.3096345 0.3253961
23 -0.561687 -0.063961 0 0.0618725 0.2165878 0.9962415
24 -1.77145 0 0 0.001802266 1.446212 0
25 -2.08 0 0 -1.060088 -0.004025117 0.03605146
26 -0.98902 0 0 0 0 -0.3885261
time 30
0 0 0 0 0 0 0
1 0.08049232 6.450972 0.2863252 -0.1336829 0.04107265 -0.02630826
2 0.688586 -0.964526 -0.052186 -0.05562782 0.1197858 0.07373533
3 0 -2.32697 -0.119475 0.4529518 -0.0373972 -0.01763971
4 0 -1.63865 0 -0.2579787 -0.01473855 -0.01707244
5 0.001767 -1.08533 0.799261 0 0.000190155 0
6 -0.688586 -0.964528 -0.052186 0.01540721 -0.1035106 -0.04637999
7 0 -2.32697 -0.119475 0.3174102 -0.07872327 -0.0256079
8 0 -1.63865 0 -0.187109 -0.001180263 0.07521849
9 -0.001767 -1.08533 0.795 0 0.000190155 0
10 0 0.45881 0.00262047 0.01342723 -0.002625348 0.005035695
11 0 1.2013 0.0190781 0.1180024 0.003659833 0.06814077
12 0 1.4317 0.657269 -1.201941 -0.1066013 -0.1354485
13 0 -1.89432 0.800141 0.8220193 -0.1578518 0.359972
14 0.894124 1.47064 -0.39701 -0.006568504 -0.309622 -0.3253528
15 0.561685 -0.0639611 0 0.05412573 -0.3048616 -0.6070929
16 1.77145 0 0 0.02388209 -1.57997 -0.001142422
17 2.08 0 0 -0.8542546 0.1230221 0.02709701
18 0.90245 0 0 0 0 0.6377145
19 0 1.83283 -0.327088 0.1543963 0.02622708 -0.1262156
20 0 0.717162 0.152 0.1134281 -0.0134358 0.08455813
21 0 2.63629 -0.88721 0 0 0
22 -0.894123 1.47063 -0.39701 -0.006563227 0.3096345 0.3253961
23 -0.561687 -0.063961 0 0.06422254 0.2285776 0.9939981
24 -1.77145 0 0 3.109314E-05 1.460348 0
25 -2.08 0 0 -1.022564 -0.03375219 0.01863158
26 -0.98902 0 0 0 0 -0.3899523
time 31
0 0 0 0 0 0 0
1 0.07693444 6.450972 0.2951094 -0.1323374 0.04070688 -0.02687288
2 0.688586 -0.964526 -0.052186 -0.05527787 0.1196452 0.07595419
3 0 -2.32697 -0.119475 0.4532611 -0.03719085 -0.01748416
4 0 -1.63865 0 -0.259748 -0.01478812 -0.01847995
5 0.001767 -1.08533 0.799261 0 0.000190155 0
6 -0.688586 -0.964528 -0.052186 0.0166828 -0.1036113 -0.04436739
7 0 -2.32697 -0.119475 0.3155378 -0.07852682 -0.0253763
8 0 -1.63865 0 -0.1881667 -0.001155616 0.0742013
9 -0.001767 -1.08533 0.795 0 0.000190155 0
10 0 0.45881 0.00262047 0.01339042 -0.003052301 0.004932346
11 0 1.2013 0.0190781 0.1181841 0.001009589 0.06983636
12 0 1.4317 0.657269 -1.224904 -0.09039884 -0.118616
13 0 -1.89432 0.800141 0.8438851 -0.132894 0.3170204
14 0.894124 1.47064 -0.39701 -0.006568504 -0.309622 -0.3253528
15 0.561685 -0.0639611 0 0.03954401 -0.3061466 -0.6458402
16 1.77145 0 0 0.02056369 -1.573964 -0.001621951
17 2.08 0 0 -0.8728832 0.106521 0.03103892
18 0.90245 0 0 0 0 0.5588177
19 0 1.83283 -0.327088 0.1543963 0.02622708 -0.1262156
20 0 0.717162 0.152 0.09945548 -0.005776784 0.08474505
21 0 2.63629 -0.88721 0 0 0
22 -0.894123 1.47063 -0.39701 -0.006563227 0.3096345 0.3253961
23 -0.561687 -0.063961 0 0.06676808 0.2405586 0.9919794
24 -1.77145 0 0 -0.002008293 1.474138 0
25 -2.08 0 0 -0.9801999 -0.06332862 0.001611892
26 -0.98902 0 0 0 0 -0.3912801
time 32
0 0 0 0 0 0 0
1 0.07281065 6.450972 0.3034638 -0.1305843 0.04028011 -0.02760003
2 0.688586 -0.964526 -0.052186 -0.05586956 0.1194686 0.07827486
3 0 -2.32697 -0.119475 0.453653 -0.03690766 -0.01729527
4 0 -1.63865 0 -0.2613288 -0.01485392 -0.02003573
5 0.001767 -1.08533 0.799261 0 0.000190155 0
6 -0.688586 -0.964528 -0.052186 0.01702219 -0.1037727 -0.04204834
7 0 -2.32697 -0.119475 0.31359 -0.0783444 -0.02512312
8 0 -1.63865 0 -0.1889318 -0.001146208 0.07297531
9 -0.001767 -1.08533 0.795 0 0.000190155 0
10 0 0.45881 0.00262047 0.01335326 -0.003507272 0.004751058
11 0 1.2013 0.0190781 0.1183915 -0.001965703 0.07086435
12 0 1.4317 0.657269 -1.246131 -0.072928 -0.1009123
13 0 -1.89432 0.800141 0.8640789 -0.1067018 0.2715748
14 0.894124 1.47064 -0.39701 -0.006568504 -0.309622 -0.3253528
15 0.561685 -0.0639611 0 0.02594652 -0.3047138 -0.6869009
16 1.77145 0 0 0.0146116 -1.567711 0.001079383
17 2.08 0 0 -0.890411 0.08905887 0.03423232
18 0.90245 0 0 0 0 0.4724485
19 0 1.83283 -0.327088 0.1543963 0.02622708 -0.1262156
20 0 0.717162 0.152 0.08543248 0.002018698 0.08467161
21 0 2.63629 -0.88721 0 0 0
22 -0.894123 1.47063 -0.39701 -0.006563227 0.3096345 0.3253961
23 -0.561687 -0.063961 0 0.06970579 0.252384 0.9901883
24 -1.77145 0 0 -0.004179919 1.487396 0
25 -2.08 0 0 -0.934717 -0.09219231 -0.01478755
26 -0.98902 0 0 0 0 -0.3925102
time 33
0 0 0 0 0 0 0
1 0.06824035 6.450972 0.3105306 -0.128491 0.03979485 -0.02839613
2 0.688586 -0.964526 -0.052186 -0.05727718 0.1192611 0.08063129
3 0 -2.32697 -0.119475 0.4541191 -0.0365492 -0.01707432
4 0 -1.63865 0 -0.2627041 -0.01493498 -0.02169692
5 0.001767 -1.08533 0.799261 0 0.000190155 0
6 -0.688586 -0.964528 -0.052186 0.01648842 -0.1039873 -0.0395075
7 0 -2.32697 -0.119475 0.3118492 -0.07818408 -0.0248497
8 0 -1.63865 0 -0.189381 -0.00115126 0.0715809
9 -0.001767 -1.08533 0.795 0 0.000190155 0
10 0 0.45881 0.00262047 0.01331581 -0.003990638 0.004487865
11 0 1.2013 0.0190781 0.1186184 -0.005239885 0.07126162
12 0 1.4317 0.657269 -1.265586 -0.05470734 -0.08293834
13 0 -1.89432 0.800141 0.8826573 -0.08036628 0.2252869
14 0.894124 1.47064 -0.39701 -0.006568504 -0.309622 -0.3253528
15 0.561685 -0.0639611 0 0.01330628 -0.3011018 -0.7291187
16 1.77145 0 0 0.01059631 -1.561397 0.0009067403
17 2.08 0 0 -0.9066494 0.07127099 0.03674906
18 0.90245 0 0 0 0 0.382322
19 0 1.83283 -0.327088 0.1543963 0.02622708 -0.1262156
20 0 0.717162 0.152 0.07191858 0.009830666 0.08436886
21 0 2.63629 -0.88721 0 0 0
22 -0.894123 1.47063 -0.39701 -0.006563227 0.3096345 0.3253961
23 -0.561687 -0.063961 0 0.07299668 0.2639072 0.9886277
24 -1.77145 0 0 -0.00634781 1.499935 0
25 -2.08 0 0 -0.887837 -0.1197811 -0.03034669
26 -0.98902 0 0 0 0 -0.3936427
time 34
0 0 0 0 0 0 0
1 0.06334294 6.450972 0.3163704 -0.1261249 0.0392536 -0.02916041
2 0.688586 -0.964526 -0.052186 -0.05937506 0.119028 0.0829574
3 0 -2.32697 -0.119475 0.4546511 -0.03611705 -0.01682258
4 0 -1.63865 0 -0.2638569 -0.01503029 -0.02342065
5 0.001767 -1.08533 0.799261 0 0.000190155 0
6 -0.688586 -0.964528 -0.052186 0.01514453 -0.1042476 -0.03682955
7 0 -2.32697 -0.119475 0.3103498 -0.07797319 -0.02455737
8 0 -1.63865 0 -0.1894906 -0.001169991 0.07005849
9 -0.001767 -1.08533 0.795 0 0.000190155 0
10 0 0.45881 0.00262047 0.01327812 -0.004502776 0.004188906
11 0 1.2013 0.0190781 0.1188587 -0.00878676 0.07106506
12 0 1.4317 0.657269 -1.283233 -0.03625541 -0.06529467
13 0 -1.89432 0.800141 0.8996773 -0.05475996 0.1798082
14 0.894124 1.47064 -0.39701 -0.006568504 -0.309622 -0.3253528
15 0.561685 -0.0639611 0 0.001596367 -0.2958491 -0.7713377
16 1.77145 0 0 0.008311869 -1.555206 2.606655E-05
17 2.08 0 0 -0.92141 0.05379259 0.038661
18 0.90245 0 0 0 0 0.2921527
19 0 1.83283 -0.327088 0.1543963 0.02622708 -0.1262156
20 0 0.717162 0.152 0.05919937 0.01753914 0.08386787
21 0 2.63629 -0.88721 0 0 0
22 -0.894123 1.47063 -0.39701 -0.006563227 0.3096345 0.3253961
23 -0.561687 -0.063961 0 0.07660169 0.2749814 0.9873005
24 -1.77145 0 0 -0.008375993 1.511567 0
25 -2.08 0 0 -0.8412815 -0.1455329 -0.0448455
26 -0.98902 0 0 0 0 -0.3946784
time 35
0 0 0 0 0 0 0
1 0.05823783 6.450972 0.3210436 -0.1235534 0.03865885 -0.02989344
2 0.688586 -0.964526 -0.052186 -0.06203752 0.1187744 0.08518712
3 0 -2.32697 -0.119475 0.4552407 -0.03561278 -0.01654132
4 0 -1.63865 0 -0.2647706 -0.01513886 -0.02516405
5 0.001767 -1.08533 0.799261 0 0.000190155 0
6 -0.688586 -0.964528 -0.052186 0.01305356 -0.1045462 -0.03409917
7 0 -2.32697 -0.119475 0.3090771 -0.07763539 -0.02424747
8 0 -1.63865 0 -0.1892373 -0.001201622 0.06844843
9 -0.001767 -1.08533 0.795 0 0.000190155 0
10 0 0.45881 0.00262047 0.01324025 -0.005044061 0.003904539
11 0 1.2013 0.0190781 0.119106 -0.01258015 0.07031155
12 0 1.4317 0.657269 -1.299034 -0.01809074 -0.04858198
13 0 -1.89432 0.800141 0.9151956 -0.03067852 0.1367902
14 0.894124 1.47064 -0.39701 -0.006568504 -0.309622 -0.3253528
15 0.561685 -0.0639611 0 -0.009210199 -0.2894942 -0.8124015
16 1.77145 0 0 0.006515035 -1.549322 -0.0006343678
17 2.08 0 0 -0.9345042 0.03725903 0.04003996
18 0.90245 0 0 0 0 0.2056558
19 0 1.83283 -0.327088 0.1543963 0.02622708 -0.1262156
20 0 0.717162 0.152 0.04756045 0.02502414 0.08319968
21 0 2.63629 -0.88721 0 0 0
22 -0.894123 1.47063 -0.39701 -0.006563227 0.3096345 0.3253961
23 -0.561687 -0.063961 0 0.0804818 0.2854601 0.9863633
24 -1.77145 0 0 -0.0101285 1.522104 0
25 -2.08 0 0 -0.7967725 -0.1688855 -0.05806391
26 -0.98902 0 0 0 0 -0.3956176
time 36
0 0 0 0 0 0 0
1 0.05304442 6.450972 0.3246106 -0.1208439 0.03797983 -0.03059582
2 0.688586 -0.964526 -0.052186 -0.06513888 0.1185056 0.08725442
3 0 -2.32697 -0.119475 0.4558796 -0.03503796 -0.01623182
4 0 -1.63865 0 -0.2654281 -0.01525968 -0.02688425
5 0.001767 -1.08533 0.799261 0 0.000190155 0
6 -0.688586 -0.964528 -0.052186 0.01027856 -0.1048758 -0.03140101
7 0 -2.32697 -0.119475 0.3080162 -0.07717752 -0.02392134
8 0 -1.63865 0 -0.1886333 -0.001245375 0.06679115
9 -0.001767 -1.08533 0.795 0 0.000190155 0
10 0 0.45881 0.00262047 0.01320227 -0.005614871 0.003634474
11 0 1.2013 0.0190781 0.1193541 -0.01659387 0.06903797
12 0 1.4317 0.657269 -1.312954 -0.0007318677 -0.03340098
13 0 -1.89432 0.800141 0.929269 -0.008925973 0.09788458
14 0.894124 1.47064 -0.39701 -0.006568504 -0.309622 -0.3253528
15 0.561685 -0.0639611 0 -0.01914037 -0.2825757 -0.851154
16 1.77145 0 0 0.00421412 -1.543931 -0.001097822
17 2.08 0 0 -0.9457434 0.02230556 0.04095782
18 0.90245 0 0 0 0 0.1265459
19 0 1.83283 -0.327088 0.1543963 0.02622708 -0.1262156
20 0 0.717162 0.152 0.0372874 0.03216569 0.08239537
21 0 2.63629 -0.88721 0 0 0
22 -0.894123 1.47063 -0.39701 -0.006563227 0.3096345 0.3253961
23 -0.561687 -0.063961 0 0.08459799 0.2951964 0.9859433
24 -1.77145 0 0 -0.0115688 1.531361 0
25 -2.08 0 0 -0.7560316 -0.1892769 -0.06978188
26 -0.98902 0 0 0 0 -0.3964608
time 37
0 0 0 0 0 0 0
1 0.04788211 6.450972 0.3271319 -0.1180637 0.03718777 -0.03126815
2 0.688586 -0.964526 -0.052186 -0.06855343 0.1182268 0.0890932
3 0 -2.32697 -0.119475 0.4565593 -0.03439416 -0.01589535
4 0 -1.63865 0 -0.2658126 -0.01539178 -0.02853838
5 0.001767 -1.08533 0.799261 0 0.000190155 0
6 -0.688586 -0.964528 -0.052186 0.007185631 -0.1052288 -0.02881976
7 0 -2.32697 -0.119475 0.3071525 -0.07660644 -0.02358029
8 0 -1.63865 0 -0.18789 -0.001300469 0.06512702
9 -0.001767 -1.08533 0.795 0 0.000190155 0
10 0 0.45881 0.00262047 0.01316423 -0.006167701 0.003378419
11 0 1.2013 0.0190781 0.1195968 -0.02080174 0.06728122
12 0 1.4317 0.657269 -1.324956 0.01530267 -0.02035234
13 0 -1.89432 0.800141 0.9419544 0.009693623 0.06474286
14 0.894124 1.47064 -0.39701 -0.006568504 -0.309622 -0.3253528
15 0.561685 -0.0639611 0 -0.02822107 -0.2756321 -0.8864393
16 1.77145 0 0 0.002173532 -1.539216 -0.001387554
17 2.08 0 0 -0.9549392 0.009567474 0.04148642
18 0.90245 0 0 0 0 0.05853778
19 0 1.83283 -0.327088 0.1543963 0.02622708 -0.1262156
20 0 0.717162 0.152 0.02866584 0.03884383 0.08148596
21 0 2.63629 -0.88721 0 0 0
22 -0.894123 1.47063 -0.39701 -0.006563227 0.3096345 0.3253961
23 -0.561687 -0.063961 0 0.08891123 0.3040437 0.9859906
24 -1.77145 0 0 -0.01276602 1.539148 0
25 -2.08 0 0 -0.7209743 -0.2061449 -0.07924791
26 -0.98902 0 0 0 0 -0.3972085
time 38
0 0 0 0 0 0 0
1 0.0428703 6.450972 0.328668 -0.1152803 0.03628994 -0.031911
2 0.688586 -0.964526 -0.052186 -0.07215552 0.1179432 0.09063742
3 0 -2.32697 -0.119475 0.4572717 -0.03368295 -0.01553318
4 0 -1.63865 0 -0.2659071 -0.01553415 -0.03008358
5 0.001767 -1.08533 0.799261 0 0.000190155 0
6 -0.688586 -0.964528 -0.052186 0.004113819 -0.1055978 -0.02644009
7 0 -2.32697 -0.119475 0.3064713 -0.07592899 -0.02322568
8 0 -1.63865 0 -0.1870515 -0.001366126 0.06349642
9 -0.001767 -1.08533 0.795 0 0.000190155 0
10 0 0.45881 0.00262047 0.0131262 -0.006655232 0.003136083
11 0 1.2013 0.0190781 0.1198279 -0.02517758 0.06507818
12 0 1.4317 0.657269 -1.335004 0.0294943 -0.01003677
13 0 -1.89432 0.800141 0.9533085 0.02437624 0.03901662
14 0.894124 1.47064 -0.39701 -0.006568504 -0.309622 -0.3253528
15 0.561685 -0.0639611 0 -0.03647931 -0.269202 -0.9171009
16 1.77145 0 0 0.0005663037 -1.535362 -0.001526825
17 2.08 0 0 -0.961903 -0.0003199526 0.0416976
18 0.90245 0 0 0 0 0.005346472
19 0 1.83283 -0.327088 0.1543963 0.02622708 -0.1262156
20 0 0.717162 0.152 0.02198134 0.04493855 0.08050252
21 0 2.63629 -0.88721 0 0 0
22 -0.894123 1.47063 -0.39701 -0.006563227 0.3096345 0.3253961
23 -0.561687 -0.063961 0 0.09338246 0.3118553 0.9864553
24 -1.77145 0 0 -0.01373874 1.545281 0
25 -2.08 0 0 -0.6941504 -0.2189275 -0.08604415
26 -0.98902 0 0 0 0 -0.3978612
time 39
0 0 0 0 0 0 0
1 0.03812841 6.450972 0.3292794 -0.1125609 0.03529364 -0.03252497
2 0.688586 -0.964526 -0.052186 -0.07581946 0.11766 0.091821
3 0 -2.32697 -0.119475 0.4580035 -0.03290591 -0.0151466
4 0 -1.63865 0 -0.2657992 -0.0156858 -0.03147697
5 0.001767 -1.08533 0.799261 0 0.000190155 0
6 -0.688586 -0.964528 -0.052186 0.001068983 -0.1059753 -0.02434666
7 0 -2.32697 -0.119475 0.3059577 -0.07515202 -0.02285883
8 0 -1.63865 0 -0.1861247 -0.001441565 0.06193975
9 -0.001767 -1.08533 0.795 0 0.000190155 0
10 0 0.45881 0.00262047 0.01308823 -0.007080694 0.002907174
11 0 1.2013 0.0190781 0.1200411 -0.0296952 0.06246573
12 0 1.4317 0.657269 -1.34306 0.04132454 -0.003054946
13 0 -1.89432 0.800141 0.9633881 0.03431785 0.02235736
14 0.894124 1.47064 -0.39701 -0.006568504 -0.309622 -0.3253528
15 0.561685 -0.0639611 0 -0.04392869 -0.2640499 -0.9419828
16 1.77145 0 0 -0.0006526974 -1.532555 -0.001538892
17 2.08 0 0 -0.9664463 -0.006721412 0.04166323
18 0.90245 0 0 0 0 -0.0293133
19 0 1.83283 -0.327088 0.1543963 0.02622708 -0.1262156
20 0 0.717162 0.152 0.01751949 0.05032989 0.07947613
21 0 2.63629 -0.88721 0 0 0
22 -0.894123 1.47063 -0.39701 -0.006563227 0.3096345 0.3253961
23 -0.561687 -0.063961 0 0.09797268 0.3184843 0.9872873
24 -1.77145 0 0 -0.01450552 1.54957 0
25 -2.08 0 0 -0.6765178 -0.2268338 -0.09048416
26 -0.98902 0 0 0 0 -0.3984194
time 40
0 0 0 0 0 0 0
1 0.03377584 6.450972 0.3290266 -0.1099731 0.03420615 -0.03311066
2 0.688586 -0.964526 -0.052186 -0.07941955 0.1173824 0.09263687
3 0 -2.32697 -0.119475 0.4587194 -0.0320646 -0.01473686
4 0 -1.63865 0 -0.2655951 -0.01584574 -0.03267569
5 0.001767 -1.08533 0.799261 0 0.000190155 0
6 -0.688586 -0.964528 -0.052186 -0.001943049 -0.1063541 -0.02262414
7 0 -2.32697 -0.119475 0.3055971 -0.07428242 -0.02248108
8 0 -1.63865 0 -0.1851166 -0.001526008 0.06049741
9 -0.001767 -1.08533 0.795 0 0.000190155 0
10 0 0.45881 0.00262047 0.01305038 -0.007447318 0.0026914
11 0 1.2013 0.0190781 0.1202301 -0.03432842 0.05948075
12 0 1.4317 0.657269 -1.349089 0.05027483 -7.546582E-06
13 0 -1.89432 0.800141 0.97225 0.03871442 0.01564439
14 0.894124 1.47064 -0.39701 -0.006568504 -0.309622 -0.3253528
15 0.561685 -0.0639611 0 -0.05054294 -0.2603935 -0.9604577
16 1.77145 0 0 -0.001528603 -1.530977 -0.001447016
17 2.08 0 0 -0.9683804 -0.009400353 0.04145513
18 0.90245 0 0 0 0 -0.04296528
19 0 1.83283 -0.327088 0.1543963 0.02622708 -0.1262156
20 0 0.717162 0.152 0.01556589 0.05489787 0.07843781
21 0 2.63629 -0.88721 0 0 0
22 -0.894123 1.47063 -0.39701 -0.006563227 0.3096345 0.3253961
23 -0.561687 -0.063961 0 0.1026428 0.3237843 0.9884366
24 -1.77145 0 0 -0.01508491 1.551829 0
25 -2.08 0 0 -0.6687827 -0.2304119 -0.09288149
26 -0.98902 0 0 0 0 -0.3988834
time 41
0 0 0 0 0 0 0
1 0.02993198 6.450972 0.32797 -0.1075841 0.03303476 -0.03366864
2 0.688586 -0.964526 -0.052186 -0.08283013 0.1171156 0.09340885
3 0 -2.32697 -0.119475 0.4594136 -0.0311606 -0.01430525
4 0 -1.63865 0 -0.2653009 -0.01601297 -0.03363686
5 0.001767 -1.08533 0.799261 0 0.000190155 0
6 -0.688586 -0.964528 -0.052186 -0.004916453 -0.1067265 -0.02129433
7 0 -2.32697 -0.119475 0.3053748 -0.07332702 -0.02209376
8 0 -1.63865 0 -0.184034 -0.001618674 0.05920977
9 -0.001767 -1.08533 0.795 0 0.000190155 0
10 0 0.45881 0.00262047 0.01301271 -0.007758337 0.002488472
11 0 1.2013 0.0190781 0.1203887 -0.03905106 0.05621765
12 0 1.4317 0.657269 -1.3539 0.05741118 0.0005649927
13 0 -1.89432 0.800141 0.980024 0.03974668 0.0142429
14 0.894124 1.47064 -0.39701 -0.006568504 -0.309622 -0.3253528
15 0.561685 -0.0639611 0 -0.05641118 -0.2579319 -0.9753498
16 1.77145 0 0 -0.002106545 -1.530815 -0.001274454
17 2.08 0 0 -0.9688745 -0.01054275 0.04114518
18 0.90245 0 0 0 0 -0.04422426
19 0 1.83283 -0.327088 0.1543963 0.02622708 -0.1262156
20 0 0.717162 0.152 0.01504039 0.05864362 0.07741863
21 0 2.63629 -0.88721 0 0 0
22 -0.894123 1.47063 -0.39701 -0.006563227 0.3096345 0.3253961
23 -0.561687 -0.063961 0 0.1073539 0.3277732 0.9898535
24 -1.77145 0 0 -0.01549547 1.552938 0
25 -2.08 0 0 -0.6672812 -0.2311369 -0.09354972
26 -0.98902 0 0 0 0 -0.3992539
time 42
0 0 0 0 0 0 0
1 0.02671624 6.450972 0.3261701 -0.1054614 0.03178674 -0.03419951
2 0.688586 -0.964526 -0.052186 -0.0859255 0.1168648 0.09419423
3 0 -2.32697 -0.119475 0.4600857 -0.03019547 -0.01385304
4 0 -1.63865 0 -0.2649227 -0.01618649 -0.03446581
5 0.001767 -1.08533 0.799261 0 0.000190155 0
6 -0.688586 -0.964528 -0.052186 -0.007845393 -0.1070852 -0.02002091
7 0 -2.32697 -0.119475 0.3052759 -0.07229268 -0.02169821
8 0 -1.63865 0 -0.1828838 -0.001718785 0.05811724
9 -0.001767 -1.08533 0.795 0 0.000190155 0
10 0 0.45881 0.00262047 0.01297529 -0.008016983 0.002298095
11 0 1.2013 0.0190781 0.1205107 -0.04383693 0.05305522
12 0 1.4317 0.657269 -1.358366 0.06420535 0.000623427
13 0 -1.89432 0.800141 0.9872053 0.04029629 0.01513958
14 0.894124 1.47064 -0.39701 -0.006568504 -0.309622 -0.3253528
15 0.561685 -0.0639611 0 -0.06164024 -0.2563641 -0.9878591
16 1.77145 0 0 -0.002431658 -1.531706 -0.001044467
17 2.08 0 0 -0.9692751 -0.01082634 0.04080522
18 0.90245 0 0 0 0 -0.0426582
19 0 1.83283 -0.327088 0.1543963 0.02622708 -0.1262156
20 0 0.717162 0.152 0.01462018 0.06224081 0.07644964
21 0 2.63629 -0.88721 0 0 0
22 -0.894123 1.47063 -0.39701 -0.006563227 0.3096345 0.3253961
23 -0.561687 -0.063961 0 0.1120669 0.3313828 0.9914878
24 -1.77145 0 0 -0.01575578 1.553938 0
25 -2.08 0 0 -0.6672449 -0.2304846 -0.0934528
26 -0.98902 0 0 0 0 -0.3995312
time 43
0 0 0 0 0 0 0
1 0.02424804 6.450972 0.3236873 -0.1036723 0.03046939 -0.03470387
2 0.688586 -0.964526 -0.052186 -0.08857998 0.1166352 0.09498976
3 0 -2.32697 -0.119475 0.4607354 -0.0291708 -0.01338149
4 0 -1.63865 0 -0.2644665 -0.01636531 -0.03530038
5 0.001767 -1.08533 0.799261 0 0.000190155 0
6 -0.688586 -0.964528 -0.052186 -0.01072405 -0.1074226 -0.01874354
7 0 -2.32697 -0.119475 0.3052858 -0.07118625 -0.02129576
8 0 -1.63865 0 -0.1816731 -0.001825562 0.05712022
9 -0.001767 -1.08533 0.795 0 0.000190155 0
10 0 0.45881 0.00262047 0.01293816 -0.008226488 0.00211998
11 0 1.2013 0.0190781 0.1205899 -0.04865985 0.05005169
12 0 1.4317 0.657269 -1.362501 0.07066762 0.0002150219
13 0 -1.89432 0.800141 0.9938914 0.04045978 0.01597663
14 0.894124 1.47064 -0.39701 -0.006568504 -0.309622 -0.3253528
15 0.561685 -0.0639611 0 -0.06633694 -0.2553889 -0.9986987
16 1.77145 0 0 -0.002549074 -1.533121 -0.0007803128
17 2.08 0 0 -0.9695892 -0.01054107 0.0405071
18 0.90245 0 0 0 0 -0.04265799
19 0 1.83283 -0.327088 0.1543963 0.02622708 -0.1262156
20 0 0.717162 0.152 0.01429682 0.06580491 0.0755619
21 0 2.63629 -0.88721 0 0 0
22 -0.894123 1.47063 -0.39701 -0.006563227 0.3096345 0.3253961
23 -0.561687 -0.063961 0 0.1167427 0.3347848 0.9932896
24 -1.77145 0 0 -0.01588438 1.554836 0
25 -2.08 0 0 -0.6679428 -0.2299303 -0.09337004
26 -0.98902 0 0 0 0 -0.399716
time 44
0 0 0 0 0 0 0
1 0.02215336 6.450972 0.3205821 -0.1022842 0.02908999 -0.0351823
2 0.688586 -0.964526 -0.052186 -0.09074248 0.1164321 0.09579218
3 0 -2.32697 -0.119475 0.4613622 -0.02808816 -0.01289189
4 0 -1.63865 0 -0.2639383 -0.01654844 -0.036139
5 0.001767 -1.08533 0.799261 0 0.000190155 0
6 -0.688586 -0.964528 -0.052186 -0.01354659 -0.1077315 -0.01746585
7 0 -2.32697 -0.119475 0.3053898 -0.0700146 -0.02088775
8 0 -1.63865 0 -0.1804086 -0.001938224 0.05609069
9 -0.001767 -1.08533 0.795 0 0.000190155 0
10 0 0.45881 0.00262047 0.0129014 -0.008390084 0.001953833
11 0 1.2013 0.0190781 0.12062 -0.05350672 0.04720181
12 0 1.4317 0.657269 -1.366316 0.07680821 -0.0006131127
13 0 -1.89432 0.800141 1.0001 0.04033347 0.01597673
14 0.894124 1.47064 -0.39701 -0.006568504 -0.309622 -0.3253528
15 0.561685 -0.0639611 0 -0.07060812 -0.2547054 -1.008582
16 1.77145 0 0 -0.002503924 -1.535019 -0.0005052515
17 2.08 0 0 -0.9698237 -0.009976868 0.04032267
18 0.90245 0 0 0 0 -0.042658
19 0 1.83283 -0.327088 0.1543963 0.02622708 -0.1262156
20 0 0.717162 0.152 0.01406197 0.06932624 0.07478646
21 0 2.63629 -0.88721 0 0 0
22 -0.894123 1.47063 -0.39701 -0.006563227 0.3096345 0.3253961
23 -0.561687 -0.063961 0 0.1213423 0.3379803 0.995209
24 -1.77145 0 0 -0.01589983 1.555637 0
25 -2.08 0 0 -0.6686443 -0.2299306 -0.09330066
26 -0.98902 0 0 0 0 -0.3998085
time 45
0 0 0 0 0 0 0
1 0.0199697 6.450972 0.3169151 -0.1013171 0.02765584 -0.0356354
2 0.688586 -0.964526 -0.052186 -0.09279656 0.1162606 0.09659824
3 0 -2.32697 -0.119475 0.461966 -0.0269491 -0.01238551
4 0 -1.63865 0 -0.2633443 -0.01673488 -0.03698006
5 0.001767 -1.08533 0.799261 0 0.000190155 0
6 -0.688586 -0.964528 -0.052186 -0.01630718 -0.1080044 -0.01619146
7 0 -2.32697 -0.119475 0.305573 -0.06878457 -0.02047551
8 0 -1.63865 0 -0.1790974 -0.002055992 0.05503356
9 -0.001767 -1.08533 0.795 0 0.000190155 0
10 0 0.45881 0.00262047 0.01286507 -0.008511002 0.001799365
11 0 1.2013 0.0190781 0.1205948 -0.0583761 0.04450032
12 0 1.4317 0.657269 -1.369825 0.08263732 -0.001813866
13 0 -1.89432 0.800141 1.005849 0.04001368 0.01597673
14 0.894124 1.47064 -0.39701 -0.006568504 -0.309622 -0.3253528
15 0.561685 -0.0639611 0 -0.07456063 -0.2540124 -1.018091
16 1.77145 0 0 -0.002341343 -1.53736 -0.0002425418
17 2.08 0 0 -0.9699855 -0.009423681 0.04029576
18 0.90245 0 0 0 0 -0.04265799
19 0 1.83283 -0.327088 0.1543963 0.02622708 -0.1262156
20 0 0.717162 0.152 0.01390733 0.07279511 0.07415438
21 0 2.63629 -0.88721 0 0 0
22 -0.894123 1.47063 -0.39701 -0.006563227 0.3096345 0.3253961
23 -0.561687 -0.063961 0 0.1258268 0.3409707 0.997196
24 -1.77145 0 0 -0.01582071 1.556345 0
25 -2.08 0 0 -0.6687656 -0.2299311 -0.09324388
26 -0.98902 0 0 0 0 -0.3998203
time 46
0 0 0 0 0 0 0
1 0.01770898 6.450972 0.3127466 -0.1005149 0.0261742 -0.03606376
2 0.688586 -0.964526 -0.052186 -0.09481435 0.1161259 0.09740465
3 0 -2.32697 -0.119475 0.4625462 -0.02575521 -0.01186363
4 0 -1.63865 0 -0.2626904 -0.01692364 -0.03782199
5 0.001767 -1.08533 0.799261 0 0.000190155 0
6 -0.688586 -0.964528 -0.052186 -0.019 -0.1082337 -0.01492399
7 0 -2.32697 -0.119475 0.3058207 -0.06750302 -0.02006037
8 0 -1.63865 0 -0.1777463 -0.002178087 0.05395375
9 -0.001767 -1.08533 0.795 0 0.000190155 0
10 0 0.45881 0.00262047 0.01282921 -0.008592477 0.001656282
11 0 1.2013 0.0190781 0.1205079 -0.06325883 0.04194195
12 0 1.4317 0.657269 -1.373041 0.08816514 -0.003340124
13 0 -1.89432 0.800141 1.011156 0.03959673 0.01597673
14 0.894124 1.47064 -0.39701 -0.006568504 -0.309622 -0.3253528
15 0.561685 -0.0639611 0 -0.0783013 -0.2530913 -1.026883
16 1.77145 0 0 -0.002106462 -1.540103 -1.544296E-05
17 2.08 0 0 -0.9700819 -0.009171442 0.04029744
18 0.90245 0 0 0 0 -0.04265796
19 0 1.83283 -0.327088 0.1543963 0.02622708 -0.1262156
20 0 0.717162 0.152 0.01382455 0.07620184 0.07369672
21 0 2.63629 -0.88721 0 0 0
22 -0.894123 1.47063 -0.39701 -0.006563227 0.3096345 0.3253961
23 -0.561687 -0.063961 0 0.130157 0.3437571 0.9992007
24 -1.77145 0 0 -0.01566556 1.556967 0
25 -2.08 0 0 -0.6687591 -0.2299315 -0.09319889
26 -0.98902 0 0 0 0 -0.3998203
time 47
0 0 0 0 0 0 0
1 0.01538317 6.450972 0.3081371 -0.09982 0.02465238 -0.03646795
2 0.688586 -0.964526 -0.052186 -0.09679329 0.1160333 0.0982082
3 0 -2.32697 -0.119475 0.4631026 -0.02450806 -0.0113275
4 0 -1.63865 0 -0.2619828 -0.01711372 -0.03866318
5 0.001767 -1.08533 0.799261 0 0.000190155 0
6 -0.688586 -0.964528 -0.052186 -0.02161922 -0.1084121 -0.01366707
7 0 -2.32697 -0.119475 0.3061183 -0.06617681 -0.01964367
8 0 -1.63865 0 -0.1763622 -0.002303729 0.05285616
9 -0.001767 -1.08533 0.795 0 0.000190155 0
10 0 0.45881 0.00262047 0.01279389 -0.008637739 0.001524294
11 0 1.2013 0.0190781 0.1203533 -0.06814574 0.03952144
12 0 1.4317 0.657269 -1.375977 0.09340189 -0.005144777
13 0 -1.89432 0.800141 1.016038 0.03917893 0.01597673
14 0.894124 1.47064 -0.39701 -0.006568504 -0.309622 -0.3253528
15 0.561685 -0.0639611 0 -0.08193695 -0.2522558 -1.034903
16 1.77145 0 0 -0.001844413 -1.543209 0.0001527859
17 2.08 0 0 -0.9701195 -0.009171502 0.04030062
18 0.90245 0 0 0 0 -0.04265792
19 0 1.83283 -0.327088 0.1543963 0.02622708 -0.1262156
20 0 0.717162 0.152 0.01380532 0.07953675 0.07344452
21 0 2.63629 -0.88721 0 0 0
22 -0.894123 1.47063 -0.39701 -0.006563227 0.3096345 0.3253961
23 -0.561687 -0.063961 0 0.1342939 0.3463408 1.001173
24 -1.77145 0 0 -0.01545296 1.557507 0
25 -2.08 0 0 -0.6687508 -0.2299321 -0.09316485
26 -0.98902 0 0 0 0 -0.3998203
time 48
0 0 0 0 0 0 0
1 0.01300421 6.450972 0.3031473 -0.09922228 0.02309765 -0.03684859
2 0.688586 -0.964526 -0.052186 -0.09873086 0.1159693 0.09900558
3 0 -2.32697 -0.119475 0.4636348 -0.02320921 -0.01077842
4 0 -1.63865 0 -0.2612275 -0.01730413 -0.03950205
5 0.001767 -1.08533 0.799261 0 0.000190155 0
6 -0.688586 -0.964528 -0.052186 -0.024159 -0.1085387 -0.01242432
7 0 -2.32697 -0.119475 0.306451 -0.06481279 -0.01922675
8 0 -1.63865 0 -0.1749521 -0.00243214 0.0517457
9 -0.001767 -1.08533 0.795 0 0.000190155 0
10 0 0.45881 0.00262047 0.01275918 -0.008650021 0.001403109
11 0 1.2013 0.0190781 0.1201246 -0.07302763 0.03723351
12 0 1.4317 0.657269 -1.378644 0.09835774 -0.007180716
13 0 -1.89432 0.800141 1.020514 0.03885661 0.01597673
14 0.894124 1.47064 -0.39701 -0.006568504 -0.309622 -0.3253528
15 0.561685 -0.0639611 0 -0.0855744 -0.2515612 -1.042207
16 1.77145 0 0 -0.00160033 -1.546637 0.0002388859
17 2.08 0 0 -0.9701055 -0.009171595 0.04030516
18 0.90245 0 0 0 0 -0.04265786
19 0 1.83283 -0.327088 0.1543963 0.02622708 -0.1262156
20 0 0.717162 0.152 0.01384132 0.08279015 0.07342885
21 0 2.63629 -0.88721 0 0 0
22 -0.894123 1.47063 -0.39701 -0.006563227 0.3096345 0.3253961
23 -0.561687 -0.063961 0 0.1381985 0.3487231 1.003063
24 -1.77145 0 0 -0.01520145 1.557971 0
25 -2.08 0 0 -0.6687412 -0.2299326 -0.09314098
26 -0.98902 0 0 0 0 -0.3998203
time 49
0 0 0 0 0 0 0
1 0.01058406 6.450972 0.2978373 -0.0987116 0.0215173 -0.03720624
2 0.688586 -0.964526 -0.052186 -0.1006245 0.1159161 0.09979357
3 0 -2.32697 -0.119475 0.4641424 -0.02186025 -0.01021765
4 0 -1.63865 0 -0.2604306 -0.01749387 -0.04033699
5 0.001767 -1.08533 0.799261 0 0.000190155 0
6 -0.688586 -0.964528 -0.052186 -0.02661353 -0.1086496 -0.01119937
7 0 -2.32697 -0.119475 0.306804 -0.06341782 -0.01881093
8 0 -1.63865 0 -0.1735228 -0.002562539 0.05062728
9 -0.001767 -1.08533 0.795 0 0.000190155 0
10 0 0.45881 0.00262047 0.01272512 -0.008632556 0.001292435
11 0 1.2013 0.0190781 0.1198157 -0.07789534 0.03507291
12 0 1.4317 0.657269 -1.381057 0.1030429 -0.009400826
13 0 -1.89432 0.800141 1.0246 0.03872607 0.01597673
14 0.894124 1.47064 -0.39701 -0.006568504 -0.309622 -0.3253528
15 0.561685 -0.0639611 0 -0.0891622 -0.2509867 -1.048854
16 1.77145 0 0 -0.001419345 -1.550346 0.0002913452
17 2.08 0 0 -0.9700467 -0.009171697 0.04031093
18 0.90245 0 0 0 0 -0.0426578
19 0 1.83283 -0.327088 0.1543963 0.02622708 -0.1262156
20 0 0.717162 0.152 0.0139242 0.08595234 0.07358894
21 0 2.63629 -0.88721 0 0 0
22 -0.894123 1.47063 -0.39701 -0.006563227 0.3096345 0.3253961
23 -0.561687 -0.063961 0 0.1418318 0.3509052 1.004821
24 -1.77145 0 0 -0.01492961 1.558363 0
25 -2.08 0 0 -0.6687303 -0.2299331 -0.09312647
26 -0.98902 0 0 0 0 -0.3998203
time 50
0 0 0 0 0 0 0
1 0.008134692 6.450972 0.2922679 -0.09827784 0.01991861 -0.03754152
2 0.688586 -0.964526 -0.052186 -0.1024716 0.1158735 0.1005689
3 0 -2.32697 -0.119475 0.4646252 -0.02046696 -0.00964646
4 0 -1.63865 0 -0.2595981 -0.01768195 -0.04116642
5 0.001767 -1.08533 0.799261 0 0.000190155 0
6 -0.688586 -0.964528 -0.052186 -0.02897697 -0.1087516 -0.009995828
7 0 -2.32697 -0.119475 0.3071626 -0.06199875 -0.01839755
8 0 -1.63865 0 -0.1720814 -0.002694147 0.04950581
9 -0.001767 -1.08533 0.795 0 0.000190155 0
10 0 0.45881 0.00262047 0.01269179 -0.008588573 0.001191981
11 0 1.2013 0.0190781 0.1194202 -0.08273969 0.03303437
12 0 1.4317 0.657269 -1.383228 0.1074677 -0.011758
13 0 -1.89432 0.800141 1.028316 0.03870268 0.01597673
14 0.894124 1.47064 -0.39701 -0.006568504 -0.309622 -0.3253528
15 0.561685 -0.0639611 0 -0.09256819 -0.2505114 -1.054902
16 1.77145 0 0 -0.001346591 -1.554297 0.0004423638
17 2.08 0 0 -0.9699502 -0.009171805 0.0403178
18 0.90245 0 0 0 0 -0.04265771
19 0 1.83283 -0.327088 0.1543963 0.02622708 -0.1262156
20 0 0.717162 0.152 0.01404565 0.08901366 0.07383307
21 0 2.63629 -0.88721 0 0 0
22 -0.894123 1.47063 -0.39701 -0.006563227 0.3096345 0.3253961
23 -0.561687 -0.063961 0 0.1451547 0.3528883 1.006421
24 -1.77145 0 0 -0.01465599 1.558689 0
25 -2.08 0 0 -0.6687184 -0.2299337 -0.09312049
26 -0.98902 0 0 0 0 -0.3998202
time 51
0 0 0 0 0 0 0
1 0.005668053 6.450972 0.2864994 -0.09791087 0.01830888 -0.037855
2 0.688586 -0.964526 -0.052186 -0.1042697 0.115841 0.1013283
3 0 -2.32697 -0.119475 0.4650827 -0.01904004 -0.00906613
4 0 -1.63865 0 -0.2587361 -0.01786737 -0.04198875
5 0.001767 -1.08533 0.799261 0 0.000190155 0
6 -0.688586 -0.964528 -0.052186 -0.0312435 -0.1088446 -0.008817334
7 0 -2.32697 -0.119475 0.3075121 -0.06056244 -0.01798796
8 0 -1.63865 0 -0.1706347 -0.002826185 0.0483862
9 -0.001767 -1.08533 0.795 0 0.000190155 0
10 0 0.45881 0.00262047 0.01265924 -0.008521307 0.001101454
11 0 1.2013 0.0190781 0.1189319 -0.08755149 0.03111264
12 0 1.4317 0.657269 -1.38517 0.1116421 -0.01420513
13 0 -1.89432 0.800141 1.031677 0.03863638 0.01597673
14 0.894124 1.47064 -0.39701 -0.006568504 -0.309622 -0.3253528
15 0.561685 -0.0639611 0 -0.09578566 -0.2501145 -1.060407
16 1.77145 0 0 -0.001427199 -1.558449 0.0007915105
17 2.08 0 0 -0.9698229 -0.009171919 0.04032562
18 0.90245 0 0 0 0 -0.04265762
19 0 1.83283 -0.327088 0.1543963 0.02622708 -0.1262156
20 0 0.717162 0.152 0.01419735 0.09196442 0.07415039
21 0 2.63629 -0.88721 0 0 0
22 -0.894123 1.47063 -0.39701 -0.006563227 0.3096345 0.3253961
23 -0.561687 -0.063961 0 0.1482217 0.3546737 1.00799
24 -1.77145 0 0 -0.01439915 1.558954 0
25 -2.08 0 0 -0.6687057 -0.2299342 -0.09312225
26 -0.98902 0 0 0 0 -0.3998202
time 52
0 0 0 0 0 0 0
1 0.003196106 6.450972 0.2805923 -0.09760058 0.01669539 -0.03814729
2 0.688586 -0.964526 -0.052186 -0.1060163 0.1158185 0.1020685
3 0 -2.32697 -0.119475 0.4655146 -0.01758821 -0.008477932
4 0 -1.63865 0 -0.2578506 -0.01804914 -0.04280237
5 0.001767 -1.08533 0.799261 0 0.000190155 0
6 -0.688586 -0.964528 -0.052186 -0.0334118 -0.1089285 -0.007667501
7 0 -2.32697 -0.119475 0.3078377 -0.05911574 -0.01758347
8 0 -1.63865 0 -0.1691896 -0.002957873 0.04727337
9 -0.001767 -1.08533 0.795 0 0.000190155 0
10 0 0.45881 0.00262047 0.01262752 -0.008433989 0.001020564
11 0 1.2013 0.0190781 0.1183446 -0.09232159 0.02930243
12 0 1.4317 0.657269 -1.386895 0.1155765 -0.01669509
13 0 -1.89432 0.800141 1.034703 0.03853427 0.01597673
14 0.894124 1.47064 -0.39701 -0.006568504 -0.309622 -0.3253528
15 0.561685 -0.0639611 0 -0.09880795 -0.2497752 -1.065427
16 1.77145 0 0 -0.002493038 -1.562761 0.00143835
17 2.08 0 0 -0.9696717 -0.009172035 0.04033425
18 0.90245 0 0 0 0 -0.04265753
19 0 1.83283 -0.327088 0.1543963 0.02622708 -0.1262156
20 0 0.717162 0.152 0.01437096 0.09479493 0.07453003
21 0 2.63629 -0.88721 0 0 0
22 -0.894123 1.47063 -0.39701 -0.006563227 0.3096345 0.3253961
23 -0.561687 -0.063961 0 0.1511211 0.3562627 1.009559
24 -1.77145 0 0 -0.01417766 1.559164 0
25 -2.08 0 0 -0.6686924 -0.2299348 -0.09313092
26 -0.98902 0 0 0 0 -0.3998202
time 53
0 0 0 0 0 0 0
1 0.000730806 6.450972 0.274607 -0.09733684 0.01508541 -0.03841896
2 0.688586 -0.964526 -0.052186 -0.1077086 0.1158057 0.1027863
3 0 -2.32697 -0.119475 0.4659206 -0.01612024 -0.007883141
4 0 -1.63865 0 -0.2569478 -0.01822627 -0.04360571
5 0.001767 -1.08533 0.799261 0 0.000190155 0
6 -0.688586 -0.964528 -0.052186 -0.03548771 -0.1090034 -0.00654996
7 0 -2.32697 -0.119475 0.3081248 -0.05766551 -0.01718543
8 0 -1.63865 0 -0.1677531 -0.003088432 0.04617222
9 -0.001767 -1.08533 0.795 0 0.000190155 0
10 0 0.45881 0.00262047 0.01259671 -0.008329852 0.0009490196
11 0 1.2013 0.0190781 0.1176746 -0.09704079 0.02759848
12 0 1.4317 0.657269 -1.388417 0.119281 -0.01918078
13 0 -1.89432 0.800141 1.03741 0.03840341 0.01597673
14 0.894124 1.47064 -0.39701 -0.006568504 -0.309622 -0.3253528
15 0.561685 -0.0639611 0 -0.1016283 -0.2494727 -1.070019
16 1.77145 0 0 -0.002843146 -1.567194 0.0006324616
17 2.08 0 0 -0.9695037 -0.009172153 0.04034357
18 0.90245 0 0 0 0 -0.04265743
19 0 1.83283 -0.327088 0.1543963 0.02622708 -0.1262156
20 0 0.717162 0.152 0.01455816 0.0974955 0.07496113
21 0 2.63629 -0.88721 0 0 0
22 -0.894123 1.47063 -0.39701 -0.006563227 0.3096345 0.3253961
23 -0.561687 -0.063961 0 0.1538603 0.3576565 1.011138
24 -1.77145 0 0 -0.01401007 1.559323 0
25 -2.08 0 0 -0.6686788 -0.2299353 -0.09314572
26 -0.98902 0 0 0 0 -0.3998201
time 54
0 0 0 0 0 0 0
1 -0.001715888 6.450972 0.2686041 -0.09710952 0.01348625 -0.03867061
2 0.688586 -0.964526 -0.052186 -0.1093443 0.1158021 0.1034783
3 0 -2.32697 -0.119475 0.4663003 -0.01464485 -0.007283027
4 0 -1.63865 0 -0.2560336 -0.01839776 -0.04439716
5 0.001767 -1.08533 0.799261 0 0.000190155 0
6 -0.688586 -0.964528 -0.052186 -0.03747587 -0.1090691 -0.005468329
7 0 -2.32697 -0.119475 0.3083585 -0.05621861 -0.01679516
8 0 -1.63865 0 -0.166332 -0.003217082 0.04508765
9 -0.001767 -1.08533 0.795 0 0.000190155 0
10 0 0.45881 0.00262047 0.01256685 -0.008212127 0.0008865283
11 0 1.2013 0.0190781 0.1169504 -0.1016999 0.02596932
12 0 1.4317 0.657269 -1.389748 0.1227658 -0.02161509
13 0 -1.89432 0.800141 1.039817 0.0382509 0.01597673
14 0.894124 1.47064 -0.39701 -0.006568504 -0.309622 -0.3253528
15 0.561685 -0.0639611 0 -0.1042401 -0.2491861 -1.074242
16 1.77145 0 0 0.006895835 -1.571706 -0.006433954
17 2.08 0 0 -0.9693258 -0.009172268 0.04035343
18 0.90245 0 0 0 0 -0.04265732
19 0 1.83283 -0.327088 0.1543963 0.02622708 -0.1262156
20 0 0.717162 0.152 0.01475062 0.1000564 0.07543282
21 0 2.63629 -0.88721 0 0 0
22 -0.894123 1.47063 -0.39701 -0.006563227 0.3096345 0.3253961
23 -0.561687 -0.063961 0 0.1564466 0.3588564 1.012736
24 -1.77145 0 0 -0.01391494 1.559436 0
25 -2.08 0 0 -0.668665 -0.2299357 -0.09316582
26 -0.98902 0 0 0 0 -0.3998201
time 55
0 0 0 0 0 0 0
1 -0.004132017 6.450972 0.2626441 -0.0969085 0.01190517 -0.03890283
2 0.688586 -0.964526 -0.052186 -0.1109208 0.1158075 0.1041414
3 0 -2.32697 -0.119475 0.4666533 -0.01317079 -0.006678867
4 0 -1.63865 0 -0.2551141 -0.01856261 -0.04517514
5 0.001767 -1.08533 0.799261 0 0.000190155 0
6 -0.688586 -0.964528 -0.052186 -0.03938095 -0.1091257 -0.004426233
7 0 -2.32697 -0.119475 0.3085241 -0.05478187 -0.01641401
8 0 -1.63865 0 -0.1649334 -0.003343045 0.0440246
9 -0.001767 -1.08533 0.795 0 0.000190155 0
10 0 0.45881 0.00262047 0.01253802 -0.008084048 0.000832798
11 0 1.2013 0.0190781 0.1161834 -0.1062898 0.02439179
12 0 1.4317 0.657269 -1.390902 0.1260412 -0.02401434
13 0 -1.89432 0.800141 1.041941 0.03808382 0.01597673
14 0.894124 1.47064 -0.39701 -0.006568504 -0.309622 -0.3253528
15 0.561685 -0.0639611 0 -0.1066366 -0.2488946 -1.078152
16 1.77145 0 0 0.001848003 -1.576258 -0.002469383
17 2.08 0 0 -0.9691451 -0.009172382 0.0403637
18 0.90245 0 0 0 0 -0.04265721
19 0 1.83283 -0.327088 0.1543963 0.02622708 -0.1262156
20 0 0.717162 0.152 0.01494002 0.1024681 0.07593425
21 0 2.63629 -0.88721 0 0 0
22 -0.894123 1.47063 -0.39701 -0.006563227 0.3096345 0.3253961
23 -0.561687 -0.063961 0 0.1588874 0.3598635 1.014363
24 -1.77145 0 0 -0.01388841 1.559509 0
25 -2.08 0 0 -0.6686513 -0.2299362 -0.09319042
26 -0.98902 0 0 0 0 -0.3998201
time 56
0 0 0 0 0 0 0
1 -0.006505622 6.450972 0.2567873 -0.09672367 0.01034948 -0.03911621
2 0.688586 -0.964526 -0.052186 -0.1124354 0.1158217 0.1047723
3 0 -2.32697 -0.119475 0.4669794 -0.0117068 -0.006071932
4 0 -1.63865 0 -0.2541954 -0.01871983 -0.04593804
5 0.001767 -1.08533 0.799261 0 0.000190155 0
6 -0.688586 -0.964528 -0.052186 -0.04120762 -0.1091732 -0.003427299
7 0 -2.32697 -0.119475 0.308607 -0.05336218 -0.01604331
8 0 -1.63865 0 -0.163564 -0.00346554 0.04298795
9 -0.001767 -1.08533 0.795 0 0.000190155 0
10 0 0.45881 0.00262047 0.01251026 -0.007948845 0.0007875375
11 0 1.2013 0.0190781 0.1153847 -0.1108012 0.0228746
12 0 1.4317 0.657269 -1.39189 0.1291173 -0.02641409
13 0 -1.89432 0.800141 1.0438 0.03790928 0.01597673
14 0.894124 1.47064 -0.39701 -0.006568504 -0.309622 -0.3253528
15 0.561685 -0.0639611 0 -0.1088112 -0.2485774 -1.081807
16 1.77145 0 0 -0.0006973893 -1.580809 0.0005018814
17 2.08 0 0 -0.9689682 -0.009172491 0.04037424
18 0.90245 0 0 0 0 -0.0426571
19 0 1.83283 -0.327088 0.1543963 0.02622708 -0.1262156
20 0 0.717162 0.152 0.01511804 0.1047208 0.07645456
21 0 2.63629 -0.88721 0 0 0
22 -0.894123 1.47063 -0.39701 -0.006563227 0.3096345 0.3253961
23 -0.561687 -0.063961 0 0.1611899 0.3606792 1.016028
24 -1.77145 0 0 -0.01380888 1.559547 0
25 -2.08 0 0 -0.6686379 -0.2299365 -0.09321869
26 -0.98902 0 0 0 0 -0.39982
time 57
0 0 0 0 0 0 0
1 -0.008824747 6.450972 0.2510943 -0.09654489 0.008826453 -0.03931135
2 0.688586 -0.964526 -0.052186 -0.1138858 0.1158442 0.1053677
3 0 -2.32697 -0.119475 0.467278 -0.01026163 -0.005463495
4 0 -1.63865 0 -0.2532835 -0.01886843 -0.04668428
5 0.001767 -1.08533 0.799261 0 0.000190155 0
6 -0.688586 -0.964528 -0.052186 -0.04296054 -0.1092114 -0.002475146
7 0 -2.32697 -0.119475 0.3085869 -0.05196637 -0.01568439
8 0 -1.63865 0 -0.1622308 -0.003583788 0.04198263
9 -0.001767 -1.08533 0.795 0 0.000190155 0
10 0 0.45881 0.00262047 0.01248365 -0.007809751 0.0007504565
11 0 1.2013 0.0190781 0.1145657 -0.1152251 0.0214265
12 0 1.4317 0.657269 -1.392726 0.1320044 -0.02879294
13 0 -1.89432 0.800141 1.045412 0.03773434 0.01597673
14 0.894124 1.47064 -0.39701 -0.006568504 -0.309622 -0.3253528
15 0.561685 -0.0639611 0 -0.1107571 -0.2482137 -1.085264
16 1.77145 0 0 -0.001136454 -1.585319 0.0009327403
17 2.08 0 0 -0.9688025 -0.009172592 0.04038491
18 0.90245 0 0 0 0 -0.04265698
19 0 1.83283 -0.327088 0.1543963 0.02622708 -0.1262156
20 0 0.717162 0.152 0.01527634 0.1068048 0.07698289
21 0 2.63629 -0.88721 0 0 0
22 -0.894123 1.47063 -0.39701 -0.006563227 0.3096345 0.3253961
23 -0.561687 -0.063961 0 0.1633615 0.3613047 1.017739
24 -1.77145 0 0 -0.0136689 1.559556 0
25 -2.08 0 0 -0.6686249 -0.2299369 -0.09324985
26 -0.98902 0 0 0 0 -0.39982
time 58
0 0 0 0 0 0 0
1 -0.01107743 6.450972 0.2456255 -0.09636205 0.007343376 -0.03948882
2 0.688586 -0.964526 -0.052186 -0.1152692 0.1158748 0.1059244
3 0 -2.32697 -0.119475 0.4675491 -0.008844011 -0.004854831
4 0 -1.63865 0 -0.2523846 -0.01900741 -0.04741226
5 0.001767 -1.08533 0.799261 0 0.000190155 0
6 -0.688586 -0.964528 -0.052186 -0.04464437 -0.1092404 -0.001573401
7 0 -2.32697 -0.119475 0.3084344 -0.0506013 -0.01533859
8 0 -1.63865 0 -0.1609408 -0.00369701 0.04101354
9 -0.001767 -1.08533 0.795 0 0.000190155 0
10 0 0.45881 0.00262047 0.01245823 -0.007669998 0.0007212611
11 0 1.2013 0.0190781 0.1137376 -0.1195521 0.02005618
12 0 1.4317 0.657269 -1.393423 0.1347126 -0.03112945
13 0 -1.89432 0.800141 1.046793 0.03756611 0.01597673
14 0.894124 1.47064 -0.39701 -0.006568504 -0.309622 -0.3253528
15 0.561685 -0.0639611 0 -0.1124676 -0.2477825 -1.08858
16 1.77145 0 0 -0.001477673 -1.589747 0.0002008768
17 2.08 0 0 -0.9686547 -0.009172685 0.04039558
18 0.90245 0 0 0 0 -0.04265687
19 0 1.83283 -0.327088 0.1543963 0.02622708 -0.1262156
20 0 0.717162 0.152 0.01540661 0.1087104 0.07750838
21 0 2.63629 -0.88721 0 0 0
22 -0.894123 1.47063 -0.39701 -0.006563227 0.3096345 0.3253961
23 -0.561687 -0.063961 0 0.1654096 0.3617412 1.019507
24 -1.77145 0 0 -0.01348498 1.559539 0
25 -2.08 0 0 -0.6686128 -0.2299371 -0.09328308
26 -0.98902 0 0 0 0 -0.39982
time 59
0 0 0 0 0 0 0
1 -0.01325172 6.450972 0.2404414 -0.09616501 0.005907537 -0.03964923
2 0.688586 -0.964526 -0.052186 -0.1165832 0.1159132 0.1064391
3 0 -2.32697 -0.119475 0.467792 -0.00746269 -0.004247213
4 0 -1.63865 0 -0.2515046 -0.01913578 -0.0481204
5 0.001767 -1.08533 0.799261 0 0.000190155 0
6 -0.688586 -0.964528 -0.052186 -0.04626378 -0.1092601 -0.000725687
7 0 -2.32697 -0.119475 0.3081751 -0.04927384 -0.01500723
8 0 -1.63865 0 -0.1597008 -0.003804426 0.04008559
9 -0.001767 -1.08533 0.795 0 0.000190155 0
10 0 0.45881 0.00262047 0.01243407 -0.00753282 0.0006996617
11 0 1.2013 0.0190781 0.1129116 -0.1237732 0.0187724
12 0 1.4317 0.657269 -1.393994 0.1372522 -0.03340221
13 0 -1.89432 0.800141 1.047963 0.03741167 0.01597673
14 0.894124 1.47064 -0.39701 -0.006568504 -0.309622 -0.3253528
15 0.561685 -0.0639611 0 -0.1139362 -0.2472631 -1.091815
16 1.77145 0 0 -0.00172895 -1.594053 -0.0003160321
17 2.08 0 0 -0.9685318 -0.009172767 0.04040612
18 0.90245 0 0 0 0 -0.04265676
19 0 1.83283 -0.327088 0.1543963 0.02622708 -0.1262156
20 0 0.717162 0.152 0.01550051 0.110428 0.07802015
21 0 2.63629 -0.88721 0 0 0
22 -0.894123 1.47063 -0.39701 -0.006563227 0.3096345 0.3253961
23 -0.561687 -0.063961 0 0.1673414 0.3619901 1.021339
24 -1.77145 0 0 -0.01327364 1.559503 0
25 -2.08 0 0 -0.6686016 -0.2299372 -0.09331755
26 -0.98902 0 0 0 0 -0.3998199
time 60
0 0 0 0 0 0 0
1 -0.01533565 6.450972 0.2356025 -0.09594367 0.004526219 -0.03979316
2 0.688586 -0.964526 -0.052186 -0.1178252 0.1159591 0.1069085
3 0 -2.32697 -0.119475 0.4680066 -0.006126407 -0.003646948
4 0 -1.63865 0 -0.2506496 -0.01925254 -0.0488071
5 0.001767 -1.08533 0.799261 0 0.000190155 0
6 -0.688586 -0.964528 -0.052186 -0.04782344 -0.1092704 6.437767E-05
7 0 -2.32697 -0.119475 0.3078426 -0.04799084 -0.01469167
8 0 -1.63865 0 -0.1585178 -0.003905258 0.0392037
9 -0.001767 -1.08533 0.795 0 0.000190155 0
10 0 0.45881 0.00262047 0.01241122 -0.007401446 0.0006853659
11 0 1.2013 0.0190781 0.1120991 -0.1278792 0.01758388
12 0 1.4317 0.657269 -1.394451 0.1396122 -0.03558982
13 0 -1.89432 0.800141 1.048938 0.03727811 0.01597673
14 0.894124 1.47064 -0.39701 -0.006568504 -0.309622 -0.3253528
15 0.561685 -0.0639611 0 -0.1151559 -0.2466347 -1.095024
16 1.77145 0 0 -0.001898184 -1.598198 -0.000285637
17 2.08 0 0 -0.9684408 -0.009172837 0.04041637
18 0.90245 0 0 0 0 -0.04265666
19 0 1.83283 -0.327088 0.1543963 0.02622708 -0.1262156
20 0 0.717162 0.152 0.01554971 0.1119479 0.07850736
21 0 2.63629 -0.88721 0 0 0
22 -0.894123 1.47063 -0.39701 -0.006563227 0.3096345 0.3253961
23 -0.561687 -0.063961 0 0.1691643 0.3620524 1.023246
24 -1.77145 0 0 -0.01305139 1.559453 0
25 -2.08 0 0 -0.6685916 -0.2299373 -0.09335249
26 -0.98902 0 0 0 0 -0.3998199
time 61
0 0 0 0 0 0 0
1 -0.01731728 6.450972 0.2311693 -0.09568789 0.003206708 -0.03992121
2 0.688586 -0.964526 -0.052186 -0.1189926 0.1160122 0.1073294
3 0 -2.32697 -0.119475 0.4681924 -0.004843903 -0.003086363
4 0 -1.63865 0 -0.2498257 -0.0193567 -0.04947076
5 0.001767 -1.08533 0.799261 0 0.000190155 0
6 -0.688586 -0.964528 -0.052186 -0.049328 -0.1092715 0.0007931609
7 0 -2.32697 -0.119475 0.3074706 -0.04675914 -0.01439322
8 0 -1.63865 0 -0.1573986 -0.003998724 0.03837276
9 -0.001767 -1.08533 0.795 0 0.000190155 0
10 0 0.45881 0.00262047 0.01238976 -0.00727911 0.0006780825
11 0 1.2013 0.0190781 0.1113113 -0.1318609 0.01649933
12 0 1.4317 0.657269 -1.394807 0.1417709 -0.03767084
13 0 -1.89432 0.800141 1.049736 0.03717251 0.01597673
14 0.894124 1.47064 -0.39701 -0.006568504 -0.309622 -0.3253528
15 0.561685 -0.0639611 0 -0.1161203 -0.2458764 -1.098264
16 1.77145 0 0 -0.001993277 -1.602139 -0.0003145529
17 2.08 0 0 -0.9683887 -0.009172893 0.04042621
18 0.90245 0 0 0 0 -0.04265656
19 0 1.83283 -0.327088 0.1543963 0.02622708 -0.1262156
20 0 0.717162 0.152 0.0155788 0.1132603 0.07895916
21 0 2.63629 -0.88721 0 0 0
22 -0.894123 1.47063 -0.39701 -0.006563227 0.3096345 0.3253961
23 -0.561687 -0.063961 0 0.1708855 0.3619296 1.025237
24 -1.77145 0 0 -0.01283475 1.559393 0
25 -2.08 0 0 -0.668583 -0.2299372 -0.09338707
26 -0.98902 0 0 0 0 -0.3998199
time 62
0 0 0 0 0 0 0
1 -0.01918463 6.450972 0.2272022 -0.09538755 0.001956289 -0.04003397
2 0.688586 -0.964526 -0.052186 -0.120083 0.1160721 0.1076986
3 0 -2.32697 -0.119475 0.4683492 -0.003623922 -0.002571511
4 0 -1.63865 0 -0.2490389 -0.01944726 -0.0501098
5 0.001767 -1.08533 0.799261 0 0.000190155 0
6 -0.688586 -0.964528 -0.052186 -0.05078213 -0.1092631 0.001457047
7 0 -2.32697 -0.119475 0.3070926 -0.04558561 -0.01411323
8 0 -1.63865 0 -0.1563503 -0.004084047 0.0375977
9 -0.001767 -1.08533 0.795 0 0.000190155 0
10 0 0.45881 0.00262047 0.01236973 -0.007169045 0.000677519
11 0 1.2013 0.0190781 0.1105594 -0.135709 0.0155275
12 0 1.4317 0.657269 -1.395076 0.1437231 -0.03962388
13 0 -1.89432 0.800141 1.050376 0.03710197 0.01597673
14 0.894124 1.47064 -0.39701 -0.006568504 -0.309622 -0.3253528
15 0.561685 -0.0639611 0 -0.1168225 -0.2449675 -1.101595
16 1.77145 0 0 -0.002022129 -1.605838 -0.0003899173
17 2.08 0 0 -0.9683918 -0.009172932 0.04043551
18 0.90245 0 0 0 0 -0.04265647
19 0 1.83283 -0.327088 0.1543963 0.02622708 -0.1262156
20 0 0.717162 0.152 0.01576038 0.1143557 0.07936466
21 0 2.63629 -0.88721 0 0 0
22 -0.894123 1.47063 -0.39701 -0.006563227 0.3096345 0.3253961
23 -0.561687 -0.063961 0 0.1725126 0.3616228 1.02732
24 -1.77145 0 0 -0.01264024 1.55933 0
25 -2.08 0 0 -0.6685759 -0.2299371 -0.09342047
26 -0.98902 0 0 0 0 -0.3998198
time 63
0 0 0 0 0 0 0
1 -0.02092574 6.450972 0.2237617 -0.09503254 0.0007822486 -0.04013201
2 0.688586 -0.964526 -0.052186 -0.1210937 0.1161386 0.1080127
3 0 -2.32697 -0.119475 0.4684764 -0.002475205 -0.002103011
4 0 -1.63865 0 -0.2482953 -0.01952323 -0.05072261
5 0.001767 -1.08533 0.799261 0 0.000190155 0
6 -0.688586 -0.964528 -0.052186 -0.0521905 -0.1092453 0.002052404
7 0 -2.32697 -0.119475 0.3067423 -0.0444771 -0.01385303
8 0 -1.63865 0 -0.1553797 -0.004160447 0.03688342
9 -0.001767 -1.08533 0.795 0 0.000190155 0
10 0 0.45881 0.00262047 0.0123512 -0.00707448 0.0006833836
11 0 1.2013 0.0190781 0.1098547 -0.1394145 0.01467711
12 0 1.4317 0.657269 -1.395269 0.1454636 -0.04142751
13 0 -1.89432 0.800141 1.050874 0.03707357 0.01597673
14 0.894124 1.47064 -0.39701 -0.006568504 -0.309622 -0.3253528
15 0.561685 -0.0639611 0 -0.117256 -0.2438869 -1.105073
16 1.77145 0 0 -0.001992641 -1.609254 -0.0004988036
17 2.08 0 0 -0.9684999 -0.009172953 0.04044411
18 0.90245 0 0 0 0 -0.04265638
19 0 1.83283 -0.327088 0.1543963 0.02622708 -0.1262156
20 0 0.717162 0.152 0.01606068 0.1152243 0.07971302
21 0 2.63629 -0.88721 0 0 0
22 -0.894123 1.47063 -0.39701 -0.006563227 0.3096345 0.3253961
23 -0.561687 -0.063961 0 0.1740526 0.3611333 1.029506
24 -1.77145 0 0 -0.01248437 1.559268 0
25 -2.08 0 0 -0.6685708 -0.2299368 -0.09345189
26 -0.98902 0 0 0 0 -0.3998198
time 64
0 0 0 0 0 0 0
1 -0.02252867 6.450972 0.2210044 -0.0946127 -0.0003081274 -0.04021595
2 0.688586 -0.964526 -0.052186 -0.1220222 0.1162113 0.1082685
3 0 -2.32697 -0.119475 0.4685739 -0.001406494 -0.001681485
4 0 -1.63865 0 -0.247601 -0.01958362 -0.05130761
5 0.001767 -1.08533 0.799261 0 0.000190155 0
6 -0.688586 -0.964528 -0.052186 -0.05355778 -0.1092181 0.002575616
7 0 -2.32697 -0.119475 0.3064531 -0.04344046 -0.01361395
8 0 -1.63865 0 -0.1544937 -0.004227144 0.03623484
9 -0.001767 -1.08533 0.795 0 0.000190155 0
10 0 0.45881 0.00262047 0.01233422 -0.006998651 0.0006953869
11 0 1.2013 0.0190781 0.1092085 -0.1429682 0.01395688
12 0 1.4317 0.657269 -1.3954 0.1469873 -0.04306031
13 0 -1.89432 0.800141 1.051248 0.03709439 0.01597673
14 0.894124 1.47064 -0.39701 -0.006568504 -0.309622 -0.3253528
15 0.561685 -0.0639611 0 -0.1174139 -0.2426141 -1.108755
16 1.77145 0 0 -0.001912714 -1.612346 -0.0006282852
17 2.08 0 0 -0.9686917 -0.009172954 0.04045189
18 0.90245 0 0 0 0 -0.04265631
19 0 1.83283 -0.327088 0.1543963 0.02622708 -0.1262156
20 0 0.717162 0.152 0.01640793 0.1158564 0.07999336
21 0 2.63629 -0.88721 0 0 0
22 -0.894123 1.47063 -0.39701 -0.006563227 0.3096345 0.3253961
23 -0.561687 -0.063961 0 0.1755131 0.3604623 1.031802
24 -1.77145 0 0 -0.01238365 1.559212 0
25 -2.08 0 0 -0.6685676 -0.2299364 -0.09348053
26 -0.98902 0 0 0 0 -0.3998198
time 65
0 0 0 0 0 0 0
1 -0.02398146 6.450972 0.2190649 -0.09411795 -0.001307554 -0.04028636
2 0.688586 -0.964526 -0.052186 -0.122866 0.11629 0.1084627
3 0 -2.32697 -0.119475 0.4686413 -0.0004265304 -0.001307556
4 0 -1.63865 0 -0.246962 -0.01962563 -0.05186322
5 0.001767 -1.08533 0.799261 0 0.000190155 0
6 -0.688586 -0.964528 -0.052186 -0.05488862 -0.1091813 0.003023056
7 0 -2.32697 -0.119475 0.3062588 -0.04248256 -0.01339732
8 0 -1.63865 0 -0.1536993 -0.004283358 0.03565686
9 -0.001767 -1.08533 0.795 0 0.000190155 0
10 0 0.45881 0.00262047 0.01231887 -0.006944787 0.0007132352
11 0 1.2013 0.0190781 0.1086321 -0.1463608 0.01337554
12 0 1.4317 0.657269 -1.395482 0.148289 -0.04450087
13 0 -1.89432 0.800141 1.051517 0.03717154 0.01597673
14 0.894124 1.47064 -0.39701 -0.006568504 -0.309622 -0.3253528
15 0.561685 -0.0639611 0 -0.1172896 -0.241128 -1.1127
16 1.77145 0 0 -0.00179025 -1.615074 -0.0007654355
17 2.08 0 0 -0.9689341 -0.009172932 0.04045872
18 0.90245 0 0 0 0 -0.04265625
19 0 1.83283 -0.327088 0.1543963 0.02622708 -0.1262156
20 0 0.717162 0.152 0.01673035 0.1162424 0.08019485
21 0 2.63629 -0.88721 0 0 0
22 -0.894123 1.47063 -0.39701 -0.006563227 0.3096345 0.3253961
23 -0.561687 -0.063961 0 0.1769013 0.3596111 1.034219
24 -1.77145 0 0 -0.0123546 1.559167 0
25 -2.08 0 0 -0.6685667 -0.2299359 -0.09350557
26 -0.98902 0 0 0 0 -0.3998197
time 66
0 0 0 0 0 0 0
1 -0.02527213 6.450972 0.217965 -0.09353815 -0.002208744 -0.04034384
2 0.688586 -0.964526 -0.052186 -0.1236224 0.1163744 0.1085922
3 0 -2.32697 -0.119475 0.4686781 0.0004559434 -0.0009818452
4 0 -1.63865 0 -0.2463843 -0.01963794 -0.05238781
5 0.001767 -1.08533 0.799261 0 0.000190155 0
6 -0.688586 -0.964528 -0.052186 -0.05618769 -0.1091351 0.003391098
7 0 -2.32697 -0.119475 0.3061929 -0.04161025 -0.01320449
8 0 -1.63865 0 -0.1530033 -0.00432831 0.03515439
9 -0.001767 -1.08533 0.795 0 0.000190155 0
10 0 0.45881 0.00262047 0.01230519 -0.006916123 0.0007366363
11 0 1.2013 0.0190781 0.1081367 -0.1495833 0.01294182
12 0 1.4317 0.657269 -1.395527 0.1493634 -0.04572777
13 0 -1.89432 0.800141 1.051697 0.03731208 0.01597673
14 0.894124 1.47064 -0.39701 -0.006568504 -0.309622 -0.3253528
15 0.561685 -0.0639611 0 -0.1168765 -0.2394079 -1.116963
16 1.77145 0 0 -0.001633148 -1.617398 -0.0008973279
17 2.08 0 0 -0.9691939 -0.009172888 0.04046444
18 0.90245 0 0 0 0 -0.0426562
19 0 1.83283 -0.327088 0.1543963 0.02622708 -0.1262156
20 0 0.717162 0.152 0.01695614 0.1161858 0.08030659
21 0 2.63629 -0.88721 0 0 0
22 -0.894123 1.47063 -0.39701 -0.006563227 0.3096345 0.3253961
23 -0.561687 -0.063961 0 0.1782245 0.3585809 1.036765
24 -1.77145 0 0 -0.01241375 1.55914 0
25 -2.08 0 0 -0.6685683 -0.2299352 -0.0935262
26 -0.98902 0 0 0 0 -0.3998197
time 67
0 0 0 0 0 0 0
1 -0.02638875 6.450972 0.2177265 -0.09286317 -0.003004415 -0.04038897
2 0.688586 -0.964526 -0.052186 -0.124289 0.1164641 0.1086536
3 0 -2.32697 -0.119475 0.4686842 0.001232189 -0.0007049749
4 0 -1.63865 0 -0.2458741 -0.01961971 -0.05287983
5 0.001767 -1.08533 0.799261 0 0.000190155 0
6 -0.688586 -0.964528 -0.052186 -0.05745965 -0.1090793 0.003676127
7 0 -2.32697 -0.119475 0.306289 -0.04083037 -0.01303678
8 0 -1.63865 0 -0.1524127 -0.004361222 0.03473236
9 -0.001767 -1.08533 0.795 0 0.000190155 0
10 0 0.45881 0.00262047 0.01229324 -0.006912204 0.0007653015
11 0 1.2013 0.0190781 0.1077335 -0.1526263 0.01266445
12 0 1.4317 0.657269 -1.395549 0.1502054 -0.04671961
13 0 -1.89432 0.800141 1.051806 0.03752312 0.01597673
14 0.894124 1.47064 -0.39701 -0.006568504 -0.309622 -0.3253528
15 0.561685 -0.0639611 0 -0.1161678 -0.237433 -1.121604
16 1.77145 0 0 -0.001449311 -1.619277 -0.001011036
17 2.08 0 0 -0.9694381 -0.009172817 0.04046893
18 0.90245 0 0 0 0 -0.04265617
19 0 1.83283 -0.327088 0.1543963 0.02622708 -0.1262156
20 0 0.717162 0.152 0.01701354 0.1146932 0.08031776
21 0 2.63629 -0.88721 0 0 0
22 -0.894123 1.47063 -0.39701 -0.006563227 0.3096345 0.3253961
23 -0.561687 -0.063961 0 0.1794901 0.357373 1.03945
24 -1.77145 0 0 -0.01257759 1.559134 0
25 -2.08 0 0 -0.6685727 -0.2299343 -0.09354162
26 -0.98902 0 0 0 0 -0.3998197
time 68
0 0 0 0 0 0 0
1 -0.02731935 6.450972 0.2183711 -0.0920829 -0.003687276 -0.04042235
2 0.688586 -0.964526 -0.052186 -0.1248633 0.1165588 0.1086436
3 0 -2.32697 -0.119475 0.468659 0.001893457 -0.0004775668
4 0 -1.63865 0 -0.2454373 -0.01957211 -0.05333766
5 0.001767 -1.08533 0.799261 0 0.000190155 0
6 -0.688586 -0.964528 -0.052186 -0.05870917 -0.1090139 0.003874507
7 0 -2.32697 -0.119475 0.3065807 -0.0401498 -0.01289554
8 0 -1.63865 0 -0.1520582 -0.004381314 0.03439565
9 -0.001767 -1.08533 0.795 0 0.000190155 0
10 0 0.45881 0.00262047 0.01228309 -0.006912161 0.0007989369
11 0 1.2013 0.0190781 0.1074338 -0.1554808 0.01255216
12 0 1.4317 0.657269 -1.395559 0.1508099 -0.04745495
13 0 -1.89432 0.800141 1.051863 0.03781174 0.01597673
14 0.894124 1.47064 -0.39701 -0.006568504 -0.309622 -0.3253528
15 0.561685 -0.0639611 0 -0.1151568 -0.2351824 -1.126679
16 1.77145 0 0 -0.001246639 -1.620671 -0.001093633
17 2.08 0 0 -0.9696335 -0.009172717 0.04047205
18 0.90245 0 0 0 0 -0.04265615
19 0 1.83283 -0.327088 0.1543963 0.02622708 -0.1262156
20 0 0.717162 0.152 0.01683075 0.1120117 0.08021747
21 0 2.63629 -0.88721 0 0 0
22 -0.894123 1.47063 -0.39701 -0.006563227 0.3096345 0.3253961
23 -0.561687 -0.063961 0 0.1807054 0.3559886 1.042283
24 -1.77145 0 0 -0.01286266 1.559614 0
25 -2.08 0 0 -0.6685799 -0.2299333 -0.09355101
26 -0.98902 0 0 0 0 -0.3998197
time 69
0 0 0 0 0 0 0
1 -0.02805197 6.450972 0.2199208 -0.09118721 -0.004250051 -0.04044458
2 0.688586 -0.964526 -0.052186 -0.1253425 0.1166582 0.1085591
3 0 -2.32697 -0.119475 0.4686022 0.002431013 -0.0003002421
4 0 -1.63865 0 -0.2450802 -0.01949632 -0.0537597
5 0.001767 -1.08533 0.799261 0 0.000190155 0
6 -0.688586 -0.964528 -0.052186 -0.05994093 -0.1089388 0.003982626
7 0 -2.32697 -0.119475 0.3071016 -0.03957538 -0.01278209
8 0 -1.63865 0 -0.152198 -0.004387805 0.03414918
9 -0.001767 -1.08533 0.795 0 0.000190155 0
10 0 0.45881 0.00262047 0.0122748 -0.006912179 0.0008372513
11 0 1.2013 0.0190781 0.107249 -0.1581376 0.01261366
12 0 1.4317 0.657269 -1.395533 0.1511716 -0.04788104
13 0 -1.89432 0.800141 1.051819 0.03818503 0.01490786
14 0.894124 1.47064 -0.39701 -0.006568504 -0.309622 -0.3253528
15 0.561685 -0.0639611 0 -0.1138369 -0.2329552 -1.132246
16 1.77145 0 0 -0.001033032 -1.621892 -0.001132192
17 2.08 0 0 -0.9697469 -0.008027959 0.04047366
18 0.90245 0 0 0 0 -0.04253363
19 0 1.83283 -0.327088 0.1543963 0.02622708 -0.1262156
20 0 0.717162 0.152 0.016336 0.1086094 0.07999487
21 0 2.63629 -0.88721 0 0 0
22 -0.894123 1.47063 -0.39701 -0.006563227 0.3096345 0.3253961
23 -0.561687 -0.063961 0 0.1818778 0.3547027 1.045273
24 -1.77145 0 0 -0.01328546 1.560361 0
25 -2.08 0 0 -0.6685903 -0.2311811 -0.09407099
26 -0.98902 0 0 0 0 -0.3991917
time 70
0 0 0 0 0 0 0
1 -0.02857465 6.450972 0.2223973 -0.09016597 -0.004685439 -0.04035582
2 0.688586 -0.964526 -0.052186 -0.1257243 0.1167621 0.1083967
3 0 -2.32697 -0.119475 0.4682743 0.00283611 -0.000173623
4 0 -1.63865 0 -0.2448086 -0.01939351 -0.05414438
5 0.001767 -1.08533 0.799261 0 0.000190155 0
6 -0.688586 -0.964528 -0.052186 -0.06115955 -0.1088541 0.003996854
7 0 -2.32697 -0.119475 0.3078852 -0.03911396 -0.01269776
8 0 -1.63865 0 -0.1530252 -0.004379917 0.03399787
9 -0.001767 -1.08533 0.795 0 0.000190155 0
10 0 0.45881 0.00262047 0.01226899 -0.006912255 0.0008799527
11 0 1.2013 0.0190781 0.1071902 -0.1605875 0.01285769
12 0 1.4317 0.657269 -1.395807 0.1502655 -0.04836545
13 0 -1.89432 0.800141 1.05232 0.03865008 0.01684866
14 0.894124 1.47064 -0.39701 -0.006568504 -0.309622 -0.3253528
15 0.561685 -0.0639611 0 -0.1122013 -0.2283015 -1.137555
16 1.77145 0 0 -0.0008163922 -1.621502 -0.001113788
17 2.08 0 0 -0.9677148 -0.008950612 0.03998127
18 0.90245 0 0 0 0 -0.04363725
19 0 1.83283 -0.327088 0.1543963 0.02622708 -0.1262156
20 0 0.717162 0.152 0.01545749 0.1049543 0.07963911
21 0 2.63629 -0.88721 0 0 0
22 -0.894123 1.47063 -0.39701 -0.006563227 0.3096345 0.3253961
23 -0.561687 -0.063961 0 0.1826007 0.3521095 1.04815
24 -1.77145 0 0 -0.01386251 1.558359 0
25 -2.08 0 0 -0.6692562 -0.229569 -0.09314122
26 -0.98902 0 0 0 0 -0.400263
time 71
0 0 0 0 0 0 0
1 -0.02887544 6.450972 0.2258224 -0.08900906 -0.004986173 -0.03962568
2 0.688586 -0.964526 -0.052186 -0.1257615 0.1168701 0.1078784
3 0 -2.32697 -0.119475 0.4664421 0.003100012 -9.833067E-05
4 0 -1.63865 0 -0.2444517 -0.01926485 -0.0544901
5 0.001767 -1.08533 0.799261 0 0.000190155 0
6 -0.688586 -0.964528 -0.052186 -0.06274611 -0.1087597 0.003640567
7 0 -2.32697 -0.119475 0.3102508 -0.0387724 -0.01264561
8 0 -1.63865 0 -0.154733 -0.004356871 0.03394663
9 -0.001767 -1.08533 0.795 0 0.000190155 0
10 0 0.45881 0.00262047 0.01226913 -0.006912386 0.0009267516
11 0 1.2013 0.0190781 0.1072687 -0.1628212 0.01329298
12 0 1.4317 0.657269 -1.329384 0.1414431 0.01192896
13 0 -1.89432 0.800141 0.9311981 0.03935298 0.04833439
14 0.894124 1.47064 -0.39701 -0.006568504 -0.309622 -0.3253528
15 0.561685 -0.0639611 0 -0.1102434 -0.2101384 -1.138426
16 1.77145 0 0 -0.0002271473 -1.610576 -0.001025492
17 2.08 0 0 -0.9453121 -0.03737347 0.03603819
18 0.90245 0 0 0 0 0.1876892
19 0 1.83283 -0.327088 0.1543963 0.02622708 -0.1262156
20 0 0.717162 0.152 0.0120999 0.1015144 0.07913932
21 0 2.63629 -0.88721 0 0 0
22 -0.894123 1.47063 -0.39701 -0.006563227 0.3096345 0.3253961
23 -0.561687 -0.063961 0 0.1800951 0.3404807 1.04945
24 -1.77145 0 0 -0.01457488 1.536202 0
25 -2.08 0 0 -0.6722624 -0.1957874 -0.07795427
26 -0.98902 0 0 0 0 -0.4184466
time 72
0 0 0 0 0 0 0
1 -0.02894237 6.450972 0.230218 -0.08771805 -0.005144956 -0.03838762
2 0.688586 -0.964526 -0.052186 -0.1253106 0.1169818 0.1068293
3 0 -2.32697 -0.119475 0.4635071 0.003213972 -7.498777E-05
4 0 -1.63865 0 -0.2439797 -0.01911151 -0.05479527
5 0.001767 -1.08533 0.799261 0 0.000190155 0
6 -0.688586 -0.964528 -0.052186 -0.06483302 -0.1086556 0.002733285
7 0 -2.32697 -0.119475 0.3146707 -0.03855757 -0.01263558
8 0 -1.63865 0 -0.1575148 -0.004317886 0.03400036
9 -0.001767 -1.08533 0.795 0 0.000190155 0
10 0 0.45881 0.00262047 0.01227552 -0.006912569 0.0009773537
11 0 1.2013 0.0190781 0.1074957 -0.1648298 0.01392825
12 0 1.4317 0.657269 -1.163347 0.1228193 0.01037824
13 0 -1.89432 0.800141 0.6318929 0.04090873 0.1238621
14 0.894124 1.47064 -0.39701 -0.006568504 -0.309622 -0.3253528
15 0.561685 -0.0639611 0 -0.1064947 -0.1683813 -1.136071
16 1.77145 0 0 0.001004332 -1.580382 -0.0008543788
17 2.08 0 0 -0.8877698 -0.1110531 0.02838411
18 0.90245 0 0 0 0 0.451788
19 0 1.83283 -0.327088 0.1543963 0.02622708 -0.1262156
20 0 0.717162 0.152 0.004860997 0.09875768 0.07849927
21 0 2.63629 -0.88721 0 0 0
22 -0.894123 1.47063 -0.39701 -0.006563227 0.3096345 0.3253961
23 -0.561687 -0.063961 0 0.17337 0.312556 1.049572
24 -1.77145 0 0 -0.01534506 1.482179 0
25 -2.08 0 0 -0.6721917 -0.1108629 -0.04168024
26 -0.98902 0 0 0 0 -0.4622737
time 73
0 0 0 0 0 0 0
1 -0.02876349 6.450972 0.2356059 -0.08631577 -0.005154504 -0.03689364
2 0.688586 -0.964526 -0.052186 -0.1245388 0.1170971 0.1054167
3 0 -2.32697 -0.119475 0.4601573 0.00316925 -0.0001042162
4 0 -1.63865 0 -0.2436221 -0.01893467 -0.05505829
5 0.001767 -1.08533 0.799261 0 0.000190155 0
6 -0.688586 -0.964528 -0.052186 -0.06702866 -0.1085417 0.001431501
7 0 -2.32697 -0.119475 0.3198287 -0.03847631 -0.01266582
8 0 -1.63865 0 -0.1615635 -0.004262184 0.03416397
9 -0.001767 -1.08533 0.795 0 0.000190155 0
10 0 0.45881 0.00262047 0.01228786 -0.006912802 0.00103147
11 0 1.2013 0.0190781 0.1083646 -0.1666038 0.01477224
12 0 1.4317 0.657269 -0.9477884 0.09734359 0.005063071
13 0 -1.89432 0.800141 0.2539988 0.04281241 0.2148619
14 0.894124 1.47064 -0.39701 -0.006568504 -0.309622 -0.3253528
15 0.561685 -0.0639611 0 -0.09803114 -0.1105115 -1.135602
16 1.77145 0 0 0.002698671 -1.531823 -0.0006453779
17 2.08 0 0 -0.8014411 -0.2179291 0.01729894
18 0.90245 0 0 0 0 0.5067113
19 0 1.83283 -0.327088 0.1543963 0.02622708 -0.1262156
20 0 0.717162 0.152 -0.005173673 0.09643853 0.0777472
21 0 2.63629 -0.88721 0 0 0
22 -0.894123 1.47063 -0.39701 -0.006563227 0.3096345 0.3253961
23 -0.561687 -0.063961 0 0.1618531 0.2712485 1.049244
24 -1.77145 0 0 -0.0161029 1.406973 0
25 -2.08 0 0 -0.6626518 0.001027221 0.00471624
26 -0.98902 0 0 0 0 -0.5164461
time 74
0 0 0 0 0 0 0
1 -0.02832684 6.450972 0.2420078 -0.0848237 -0.005007532 -0.03539575
2 0.688586 -0.964526 -0.052186 -0.1236134 0.1172156 0.1038083
3 0 -2.32697 -0.119475 0.4570805 0.002957104 -0.0001866375
4 0 -1.63865 0 -0.243608 -0.0187355 -0.05527756
5 0.001767 -1.08533 0.799261 0 0.000190155 0
6 -0.688586 -0.964528 -0.052186 -0.06894135 -0.108418 -0.0001082649
7 0 -2.32697 -0.119475 0.324408 -0.03853548 -0.01273236
8 0 -1.63865 0 -0.1658375 -0.004188985 0.03444238
9 -0.001767 -1.08533 0.795 0 0.000190155 0
10 0 0.45881 0.00262047 0.01230582 -0.006913084 0.001088805
11 0 1.2013 0.0190781 0.1101709 -0.1681343 0.01583366
12 0 1.4317 0.657269 -0.7361388 0.07169572 0.002450061
13 0 -1.89432 0.800141 -0.1004377 0.04438017 0.2882172
14 0.894124 1.47064 -0.39701 -0.006568504 -0.309622 -0.3253528
15 0.561685 -0.0639611 0 -0.08272183 -0.0469336 -1.141139
16 1.77145 0 0 0.004676464 -1.467812 -0.0004536147
17 2.08 0 0 -0.6992353 -0.3412868 0.003062615
18 0.90245 0 0 0 0 0.540084
19 0 1.83283 -0.327088 0.1543963 0.02622708 -0.1262156
20 0 0.717162 0.152 -0.01691839 0.09399077 0.07690848
21 0 2.63629 -0.88721 0 0 0
22 -0.894123 1.47063 -0.39701 -0.006563227 0.3096345 0.3253961
23 -0.561687 -0.063961 0 0.1449723 0.2205203 1.049194
24 -1.77145 0 0 -0.01677822 1.326532 0
25 -2.08 0 0 -0.6411754 0.1073178 0.04865545
26 -0.98902 0 0 0 0 -0.5621595
time 75
0 0 0 0 0 0 0
1 -0.02762046 6.450972 0.2494455 -0.08326329 -0.004662144 -0.03414595
2 0.688586 -0.964526 -0.052186 -0.1227019 0.117337 0.1021716
3 0 -2.32697 -0.119475 0.4549645 0.002568794 -0.000322873
4 0 -1.63865 0 -0.2441669 -0.01851518 -0.05528905
5 0.001767 -1.08533 0.799261 0 0.000190155 0
6 -0.688586 -0.964528 -0.052186 -0.0701794 -0.1082844 -0.001729495
7 0 -2.32697 -0.119475 0.3270923 -0.03876917 -0.01283129
8 0 -1.63865 0 -0.1691654 -0.004097509 0.03498405
9 -0.001767 -1.08533 0.795 0 0.000190155 0
10 0 0.45881 0.00262047 0.01232911 -0.006913409 0.001149072
11 0 1.2013 0.0190781 0.1126014 -0.1695423 0.01712124
12 0 1.4317 0.657269 -0.5807209 0.05049174 0.001599309
13 0 -1.89432 0.800141 -0.3314869 0.04365677 0.3380184
14 0.894124 1.47064 -0.39701 -0.006568504 -0.309622 -0.3253528
15 0.561685 -0.0639611 0 -0.05843592 0.01302081 -1.153199
16 1.77145 0 0 0.006758302 -1.390724 -0.0002784915
17 2.08 0 0 -0.5932771 -0.4644113 -0.01404494
18 0.90245 0 0 0 0 0.5590613
19 0 1.83283 -0.327088 0.1543963 0.02622708 -0.1262156
20 0 0.717162 0.152 -0.02928742 0.0914358 0.07600849
21 0 2.63629 -0.88721 0 0 0
22 -0.894123 1.47063 -0.39701 -0.006563227 0.3096345 0.3253961
23 -0.561687 -0.063961 0 0.1221554 0.1636303 1.05015
24 -1.77145 0 0 -0.01730086 1.254771 0
25 -2.08 0 0 -0.6135787 0.1810031 0.07820489
26 -0.98902 0 0 0 0 -0.5811297
time 76
0 0 0 0 0 0 0
1 -0.02442595 6.450972 0.257941 -0.08165599 -0.003923282 -0.03339627
2 0.688586 -0.964526 -0.052186 -0.1219713 0.117461 0.1006741
3 0 -2.32697 -0.119475 0.4544975 0.001986331 -0.000513545
4 0 -1.63865 0 -0.245528 -0.01827488 -0.0541577
5 0.001767 -1.08533 0.799261 0 0.000190155 0
6 -0.688586 -0.964528 -0.052186 -0.07035112 -0.108141 -0.003275671
7 0 -2.32697 -0.119475 0.3269643 -0.03933124 -0.01295866
8 0 -1.63865 0 -0.1716109 -0.003986978 0.03660851
9 -0.001767 -1.08533 0.795 0 0.000190155 0
10 0 0.45881 0.00262047 0.0123574 -0.006913777 0.001211975
11 0 1.2013 0.0190781 0.1153429 -0.1709254 0.01864372
12 0 1.4317 0.657269 -0.4681047 0.03344383 0.00157268
13 0 -1.89432 0.800141 -0.4356532 0.02952254 0.3699251
14 0.894124 1.47064 -0.39701 -0.006568504 -0.309622 -0.3253528
15 0.561685 -0.0639611 0 -0.02187223 0.06002039 -1.168769
16 1.77145 0 0 0.00876478 -1.302932 -0.0001194057
17 2.08 0 0 -0.4956916 -0.5707952 -0.03374381
18 0.90245 0 0 0 0 0.569065
19 0 1.83283 -0.327088 0.1543963 0.02622708 -0.1262156
20 0 0.717162 0.152 -0.04119504 0.08879507 0.07507261
21 0 2.63629 -0.88721 0 0 0
22 -0.894123 1.47063 -0.39701 -0.006563227 0.3096345 0.3253961
23 -0.561687 -0.063961 0 0.09283022 0.1038377 1.052842
24 -1.77145 0 0 -0.01760064 1.192202 0
25 -2.08 0 0 -0.5847358 0.2274802 0.09193306
26 -0.98902 0 0 0 0 -0.5639969
time 77
0 0 0 0 0 0 0
1 -0.01693958 6.450972 0.2675159 -0.08002332 -0.002817095 -0.03328751
2 0.688586 -0.964526 -0.052186 -0.1215891 0.1175873 0.09875023
3 0 -2.32697 -0.119475 0.4552554 0.001222006 -0.0007592752
4 0 -1.63865 0 -0.2479205 -0.01801576 -0.05190467
5 0.001767 -1.08533 0.799261 0 0.000190155 0
6 -0.688586 -0.964528 -0.052186 -0.06922793 -0.1079876 -0.005275465
7 0 -2.32697 -0.119475 0.3257198 -0.04020017 -0.01311054
8 0 -1.63865 0 -0.1732376 -0.003856611 0.03927426
9 -0.001767 -1.08533 0.795 0 0.000190155 0
10 0 0.45881 0.00262047 0.01239038 -0.006914184 0.001277226
11 0 1.2013 0.0190781 0.118082 -0.1722317 0.02040982
12 0 1.4317 0.657269 -0.3646785 0.01696184 0.001432039
13 0 -1.89432 0.800141 -0.4886453 -0.005330931 0.3815722
14 0.894124 1.47064 -0.39701 -0.006568504 -0.309622 -0.3253528
15 0.561685 -0.0639611 0 0.02687114 0.08871643 -1.182277
16 1.77145 0 0 0.01051649 -1.20681 2.4245E-05
17 2.08 0 0 -0.4208463 -0.6455303 -0.05360905
18 0.90245 0 0 0 0 0.5759524
19 0 1.83283 -0.327088 0.1543963 0.02622708 -0.1262156
20 0 0.717162 0.152 -0.05155554 0.08609002 0.07412621
21 0 2.63629 -0.88721 0 0 0
22 -0.894123 1.47063 -0.39701 -0.006563227 0.3096345 0.3253961
23 -0.561687 -0.063961 0 0.05538062 0.04440161 1.056834
24 -1.77145 0 0 -0.01760739 1.131455 0
25 -2.08 0 0 -0.5521678 0.2618767 0.09635422
26 -0.98902 0 0 0 0 -0.5085566
time 78
0 0 0 0 0 0 0
1 -0.005895243 6.450972 0.2767373 -0.0783867 -0.001410038 -0.0332872
2 0.688586 -0.964526 -0.052186 -0.1216978 0.1177155 0.09583709
3 0 -2.32697 -0.119475 0.4562834 0.0003133811 -0.001060685
4 0 -1.63865 0 -0.2508567 -0.01773902 -0.04873429
5 0.001767 -1.08533 0.799261 0 0.000190155 0
6 -0.688586 -0.964528 -0.052186 -0.06762742 -0.1078244 -0.008239626
7 0 -2.32697 -0.119475 0.3238393 -0.04132263 -0.01328298
8 0 -1.63865 0 -0.1741094 -0.003705628 0.04277675
9 -0.001767 -1.08533 0.795 0 0.000190155 0
10 0 0.45881 0.00262047 0.01242774 -0.006914628 0.001344531
11 0 1.2013 0.0190781 0.1205054 -0.1734095 0.02242826
12 0 1.4317 0.657269 -0.2691412 0.0009273561 0.0002392493
13 0 -1.89432 0.800141 -0.510496 -0.05437059 0.3589854
14 0.894124 1.47064 -0.39701 -0.006568504 -0.309622 -0.3253528
15 0.561685 -0.0639611 0 0.06664474 0.1059913 -1.190557
16 1.77145 0 0 0.01183403 -1.104733 0.0001530631
17 2.08 0 0 -0.3835733 -0.6747889 -0.07143317
18 0.90245 0 0 0 0 0.584895
19 0 1.83283 -0.327088 0.1543963 0.02622708 -0.1262156
20 0 0.717162 0.152 -0.05928319 0.0833421 0.07319466
21 0 2.63629 -0.88721 0 0 0
22 -0.894123 1.47063 -0.39701 -0.006563227 0.3096345 0.3253961
23 -0.561687 -0.063961 0 0.01459669 -0.01321234 1.058745
24 -1.77145 0 0 -0.01725095 1.065944 0
25 -2.08 0 0 -0.5159158 0.2880287 0.09811828
26 -0.98902 0 0 0 0 -0.4139309
time 79
0 0 0 0 0 0 0
1 0.007973008 6.450972 0.284185 -0.07676762 0.0002314326 -0.03328694
2 0.688586 -0.964526 -0.052186 -0.1222351 0.1178455 0.09214509
3 0 -2.32697 -0.119475 0.4575252 -0.0007019796 -0.001418397
4 0 -1.63865 0 -0.2536353 -0.01744581 -0.04485089
5 0.001767 -1.08533 0.799261 0 0.000190155 0
6 -0.688586 -0.964528 -0.052186 -0.06583791 -0.1076511 -0.01194777
7 0 -2.32697 -0.119475 0.3214365 -0.04264526 -0.01347206
8 0 -1.63865 0 -0.1742899 -0.003533253 0.04691146
9 -0.001767 -1.08533 0.795 0 0.000190155 0
10 0 0.45881 0.00262047 0.01246917 -0.006915107 0.001413599
11 0 1.2013 0.0190781 0.1222999 -0.1744068 0.02470777
12 0 1.4317 0.657269 -0.1871368 -0.01477772 -0.003277187
13 0 -1.89432 0.800141 -0.5117539 -0.1080038 0.2977535
14 0.894124 1.47064 -0.39701 -0.006568504 -0.309622 -0.3253528
15 0.561685 -0.0639611 0 0.08341535 0.1208088 -1.190443
16 1.77145 0 0 0.01253798 -0.9990731 0.0002676508
17 2.08 0 0 -0.3744985 -0.6644965 -0.08738033
18 0.90245 0 0 0 0 0.5935163
19 0 1.83283 -0.327088 0.1543963 0.02622708 -0.1262156
20 0 0.717162 0.152 -0.06374736 0.08057273 0.07230335
21 0 2.63629 -0.88721 0 0 0
22 -0.894123 1.47063 -0.39701 -0.006563227 0.3096345 0.3253961
23 -0.561687 -0.063961 0 -0.01680788 -0.06937036 1.054915
24 -1.77145 0 0 -0.01646114 0.995803 0
25 -2.08 0 0 -0.4769395 0.3058667 0.1005807
26 -0.98902 0 0 0 0 -0.2909098
time 80
0 0 0 0 0 0 0
1 0.0239311 6.450972 0.2899787 -0.07518753 0.00204086 -0.03328671
2 0.688586 -0.964526 -0.052186 -0.1231478 0.1179768 0.08788478
3 0 -2.32697 -0.119475 0.4589248 -0.001786512 -0.001833033
4 0 -1.63865 0 -0.2562014 -0.01713731 -0.04045876
5 0.001767 -1.08533 0.799261 0 0.000190155 0
6 -0.688586 -0.964528 -0.052186 -0.0639956 -0.1074679 -0.01617946
7 0 -2.32697 -0.119475 0.3186252 -0.04411475 -0.01367384
8 0 -1.63865 0 -0.1738431 -0.003338704 0.05147384
9 -0.001767 -1.08533 0.795 0 0.000190155 0
10 0 0.45881 0.00262047 0.01251435 -0.006915617 0.001484139
11 0 1.2013 0.0190781 0.1232694 -0.1751717 0.0270405
12 0 1.4317 0.657269 -0.1229419 -0.03009355 -0.0110944
13 0 -1.89432 0.800141 -0.4771881 -0.1573015 0.2121239
14 0.894124 1.47064 -0.39701 -0.006568504 -0.309622 -0.3253528
15 0.561685 -0.0639611 0 0.0941974 0.1382159 -1.180945
16 1.77145 0 0 0.01254512 -0.8922058 0.0003686107
17 2.08 0 0 -0.3718372 -0.6329967 -0.1016148
18 0.90245 0 0 0 0 0.5988232
19 0 1.83283 -0.327088 0.1543963 0.02622708 -0.1262156
20 0 0.717162 0.152 -0.0671105 0.07780339 0.07147763
21 0 2.63629 -0.88721 0 0 0
22 -0.894123 1.47063 -0.39701 -0.006563227 0.3096345 0.3253961
23 -0.561687 -0.063961 0 -0.02835211 -0.1234888 1.0423
24 -1.77145 0 0 -0.01543969 0.9227583 0
25 -2.08 0 0 -0.4361992 0.3157569 0.102612
26 -0.98902 0 0 0 0 -0.1531938
time 81
0 0 0 0 0 0 0
1 0.04124497 6.450972 0.2942381 -0.07366791 0.003951792 -0.03328653
2 0.688586 -0.964526 -0.052186 -0.1244005 0.1181091 0.08326668
3 0 -2.32697 -0.119475 0.4604259 -0.002902651 -0.002305214
4 0 -1.63865 0 -0.2585 -0.01681469 -0.03576225
5 0.001767 -1.08533 0.799261 0 0.000190155 0
6 -0.688586 -0.964528 -0.052186 -0.06223668 -0.1072746 -0.02071426
7 0 -2.32697 -0.119475 0.3155192 -0.04567774 -0.01388438
8 0 -1.63865 0 -0.1728324 -0.003121201 0.05625936
9 -0.001767 -1.08533 0.795 0 0.000190155 0
10 0 0.45881 0.00262047 0.01256297 -0.006916157 0.001555858
11 0 1.2013 0.0190781 0.1239508 -0.1756525 0.02919631
12 0 1.4317 0.657269 -0.0808327 -0.04382314 -0.02184102
13 0 -1.89432 0.800141 -0.391295 -0.1933347 0.1176099
14 0.894124 1.47064 -0.39701 -0.006568504 -0.309622 -0.3253528
15 0.561685 -0.0639611 0 0.1033942 0.1567939 -1.164401
16 1.77145 0 0 0.01234394 -0.7865048 0.0004565453
17 2.08 0 0 -0.372675 -0.5860068 -0.1143011
18 0.90245 0 0 0 0 0.5973919
19 0 1.83283 -0.327088 0.1543963 0.02622708 -0.1262156
20 0 0.717162 0.152 -0.0698582 0.0750555 0.07074289
21 0 2.63629 -0.88721 0 0 0
22 -0.894123 1.47063 -0.39701 -0.006563227 0.3096345 0.3253961
23 -0.561687 -0.063961 0 -0.01834907 -0.174984 1.023374
24 -1.77145 0 0 -0.01444483 0.848184 0
25 -2.08 0 0 -0.3946548 0.3180659 0.1042519
26 -0.98902 0 0 0 0 -0.008890599
time 82
0 0 0 0 0 0 0
1 0.05918057 6.450972 0.2970829 -0.0722302 0.005897767 -0.03328638
2 0.688586 -0.964526 -0.052186 -0.1259579 0.1182422 0.07850131
3 0 -2.32697 -0.119475 0.4619724 -0.004012833 -0.002835562
4 0 -1.63865 0 -0.2604764 -0.01647914 -0.03096567
5 0.001767 -1.08533 0.799261 0 0.000190155 0
6 -0.688586 -0.964528 -0.052186 -0.06069732 -0.1070712 -0.02533174
7 0 -2.32697 -0.119475 0.3122321 -0.04728089 -0.01409974
8 0 -1.63865 0 -0.1713218 -0.002879967 0.06106349
9 -0.001767 -1.08533 0.795 0 0.000190155 0
10 0 0.45881 0.00262047 0.01261472 -0.006916722 0.001628466
11 0 1.2013 0.0190781 0.1244683 -0.1757971 0.03116183
12 0 1.4317 0.657269 -0.06395494 -0.05535376 -0.03366783
13 0 -1.89432 0.800141 -0.2761247 -0.2081514 0.02972446
14 0.894124 1.47064 -0.39701 -0.006568504 -0.309622 -0.3253528
15 0.561685 -0.0639611 0 0.110386 0.1759314 -1.142562
16 1.77145 0 0 0.01203941 -0.6843438 0.000532057
17 2.08 0 0 -0.3774257 -0.5261161 -0.1256033
18 0.90245 0 0 0 0 0.5462584
19 0 1.83283 -0.327088 0.1543963 0.02622708 -0.1262156
20 0 0.717162 0.152 -0.07203666 0.07235052 0.07012451
21 0 2.63629 -0.88721 0 0 0
22 -0.894123 1.47063 -0.39701 -0.006563227 0.3096345 0.3253961
23 -0.561687 -0.063961 0 0.007116703 -0.2209513 1.001074
24 -1.77145 0 0 -0.01347729 0.7734541 0
25 -2.08 0 0 -0.3532662 0.3105564 0.1055403
26 -0.98902 0 0 0 0 0.14043
time 83
0 0 0 0 0 0 0
1 0.07700378 6.450972 0.2986328 -0.07089591 0.007812335 -0.03328627
2 0.688586 -0.964526 -0.052186 -0.1277844 0.1183758 0.07379921
3 0 -2.32697 -0.119475 0.4635081 -0.005079495 -0.00335278
4 0 -1.63865 0 -0.2620756 -0.01613181 -0.02627334
5 0.001767 -1.08533 0.799261 0 0.000190155 0
6 -0.688586 -0.964528 -0.052186 -0.0595137 -0.1068576 -0.02981145
7 0 -2.32697 -0.119475 0.308878 -0.04887087 -0.01431599
8 0 -1.63865 0 -0.169375 -0.002621198 0.06568167
9 -0.001767 -1.08533 0.795 0 0.000190155 0
10 0 0.45881 0.00262047 0.01266928 -0.006917311 0.001701671
11 0 1.2013 0.0190781 0.1248338 -0.1755539 0.03292369
12 0 1.4317 0.657269 -0.06252659 -0.06423917 -0.0447256
13 0 -1.89432 0.800141 -0.1606333 -0.2049341 -0.03765088
14 0.894124 1.47064 -0.39701 -0.006568504 -0.309622 -0.3253528
15 0.561685 -0.0639611 0 0.1155259 0.1950176 -1.117178
16 1.77145 0 0 0.01164147 -0.588097 0.0005957478
17 2.08 0 0 -0.3853793 -0.4565638 -0.1356859
18 0.90245 0 0 0 0 0.4091288
19 0 1.83283 -0.327088 0.1543963 0.02622708 -0.1262156
20 0 0.717162 0.152 -0.07369211 0.06970987 0.06964786
21 0 2.63629 -0.88721 0 0 0
22 -0.894123 1.47063 -0.39701 -0.006563227 0.3096345 0.3253961
23 -0.561687 -0.063961 0 0.04210538 -0.2560962 0.9779429
24 -1.77145 0 0 -0.01253782 0.6999428 0
25 -2.08 0 0 -0.3129936 0.2918668 0.1065173
26 -0.98902 0 0 0 0 0.291284
time 84
0 0 0 0 0 0 0
1 0.09398061 6.450972 0.2990075 -0.06964544 0.009629036 -0.0332862
2 0.688586 -0.964526 -0.052186 -0.1298447 0.1185085 0.0693709
3 0 -2.32697 -0.119475 0.4649768 -0.00606507 -0.003785937
4 0 -1.63865 0 -0.2632427 -0.01577389 -0.02188957
5 0.001767 -1.08533 0.799261 0 0.000190155 0
6 -0.688586 -0.964528 -0.052186 -0.05882201 -0.1066378 -0.03393295
7 0 -2.32697 -0.119475 0.3055703 -0.05039435 -0.01452919
8 0 -1.63865 0 -0.1670556 -0.002387204 0.06990937
9 -0.001767 -1.08533 0.795 0 0.000190155 0
10 0 0.45881 0.00262047 0.01272634 -0.006917922 0.001775181
11 0 1.2013 0.0190781 0.1250594 -0.1748708 0.03446853
12 0 1.4317 0.657269 -0.06262052 -0.07003316 -0.0531651
13 0 -1.89432 0.800141 -0.07377668 -0.1913864 -0.08791266
14 0.894124 1.47064 -0.39701 -0.006568504 -0.309622 -0.3253528
15 0.561685 -0.0639611 0 0.1191671 0.2134415 -1.090001
16 1.77145 0 0 0.01116009 -0.5001382 0.0006482204
17 2.08 0 0 -0.395826 -0.3805891 -0.1447577
18 0.90245 0 0 0 0 0.2079691
19 0 1.83283 -0.327088 0.1543963 0.02622708 -0.1262156
20 0 0.717162 0.152 -0.07487077 0.06715503 0.06920719
21 0 2.63629 -0.88721 0 0 0
22 -0.894123 1.47063 -0.39701 -0.006563227 0.3096345 0.3253961
23 -0.561687 -0.063961 0 0.07878055 -0.2763427 0.9565219
24 -1.77145 0 0 -0.01162713 0.6290246 0
25 -2.08 0 0 -0.2747968 0.263828 0.1072228
26 -0.98902 0 0 0 0 0.440187
time 85
0 0 0 0 0 0 0
1 0.109377 6.450972 0.2983267 -0.06844384 0.01128142 -0.03328615
2 0.688586 -0.964526 -0.052186 -0.1321033 0.1186347 0.06542692
3 0 -2.32697 -0.119475 0.4663225 -0.006931997 -0.004140062
4 0 -1.63865 0 -0.2639228 -0.01540655 -0.0180187
5 0.001767 -1.08533 0.799261 0 0.000190155 0
6 -0.688586 -0.964528 -0.052186 -0.05875843 -0.1064349 -0.03747582
7 0 -2.32697 -0.119475 0.302423 -0.05179797 -0.01473541
8 0 -1.63865 0 -0.1644276 -0.002183943 0.07354209
9 -0.001767 -1.08533 0.795 0 0.000190155 0
10 0 0.45881 0.00262047 0.0127856 -0.006918552 0.001848704
11 0 1.2013 0.0190781 0.1251575 -0.173696 0.03578299
12 0 1.4317 0.657269 -0.06217403 -0.07228947 -0.05713711
13 0 -1.89432 0.800141 -0.03927973 -0.1716932 -0.1299352
14 0.894124 1.47064 -0.39701 -0.006568504 -0.309622 -0.3253528
15 0.561685 -0.0639611 0 0.1216629 0.2305919 -1.06278
16 1.77145 0 0 0.01060523 -0.4228416 0.0006900777
17 2.08 0 0 -0.4080559 -0.3014313 -0.1531748
18 0.90245 0 0 0 0 -0.02650423
19 0 1.83283 -0.327088 0.1543963 0.02622708 -0.1262156
20 0 0.717162 0.152 -0.07561886 0.06470741 0.06868102
21 0 2.63629 -0.88721 0 0 0
22 -0.894123 1.47063 -0.39701 -0.006563227 0.3096345 0.3253961
23 -0.561687 -0.063961 0 0.1006619 -0.2835591 0.9404982
24 -1.77145 0 0 -0.01074598 0.5620733 0
25 -2.08 0 0 -0.2386421 0.2282709 0.1076966
26 -0.98902 0 0 0 0 0.583655
time 86
0 0 0 0 0 0 0
1 0.1224588 6.450972 0.2967102 -0.06729151 0.01270302 -0.03328613
2 0.688586 -0.964526 -0.052186 -0.134525 0.1187534 0.06217779
3 0 -2.32697 -0.119475 0.4674889 -0.007642707 -0.004420188
4 0 -1.63865 0 -0.2640611 -0.01504903 -0.01486504
5 0.001767 -1.08533 0.799261 0 0.000190155 0
6 -0.688586 -0.964528 -0.052186 -0.05945913 -0.1062522 -0.04021961
7 0 -2.32697 -0.119475 0.2995498 -0.0530284 -0.01493071
8 0 -1.63865 0 -0.1615545 -0.002009855 0.07637523
9 -0.001767 -1.08533 0.795 0 0.000190155 0
10 0 0.45881 0.00262047 0.01284672 -0.006919197 0.00192195
11 0 1.2013 0.0190781 0.1251399 -0.1719389 0.03685372
12 0 1.4317 0.657269 -0.06178978 -0.07056191 -0.05749818
13 0 -1.89432 0.800141 -0.04427178 -0.1456613 -0.1667072
14 0.894124 1.47064 -0.39701 -0.006568504 -0.309622 -0.3253528
15 0.561685 -0.0639611 0 0.1233665 0.2458581 -1.037266
16 1.77145 0 0 0.00998684 -0.3585808 0.0007219215
17 2.08 0 0 -0.421359 -0.2223295 -0.1609283
18 0.90245 0 0 0 0 -0.270628
19 0 1.83283 -0.327088 0.1543963 0.02622708 -0.1262156
20 0 0.717162 0.152 -0.0759826 0.06238848 0.06807789
21 0 2.63629 -0.88721 0 0 0
22 -0.894123 1.47063 -0.39701 -0.006563227 0.3096345 0.3253961
23 -0.561687 -0.063961 0 0.105404 -0.285189 0.9302907
24 -1.77145 0 0 -0.009895077 0.5024936 0
25 -2.08 0 0 -0.2045512 0.1870266 0.1079788
26 -0.98902 0 0 0 0 0.7182035
time 87
0 0 0 0 0 0 0
1 0.1328749 6.450972 0.2942777 -0.0661888 0.01382739 -0.03328614
2 0.688586 -0.964526 -0.052186 -0.1370742 0.1188649 0.05936233
3 0 -2.32697 -0.119475 0.4684199 -0.00815964 -0.004631351
4 0 -1.63865 0 -0.2636601 -0.0147197 -0.012177
5 0.001767 -1.08533 0.799261 0 0.000190155 0
6 -0.688586 -0.964528 -0.052186 -0.06065614 -0.1060887 -0.04245367
7 0 -2.32697 -0.119475 0.2970645 -0.05403232 -0.01511115
8 0 -1.63865 0 -0.1585001 -0.00186338 0.07867571
9 -0.001767 -1.08533 0.795 0 0.000190155 0
10 0 0.45881 0.00262047 0.01290941 -0.006919856 0.001994626
11 0 1.2013 0.0190781 0.125019 -0.1693701 0.03766736
12 0 1.4317 0.657269 -0.06146428 -0.06440421 -0.05652718
13 0 -1.89432 0.800141 -0.06439819 -0.1141936 -0.1948877
14 0.894124 1.47064 -0.39701 -0.006568504 -0.309622 -0.3253528
15 0.561685 -0.0639611 0 0.124631 0.2586289 -1.01521
16 1.77145 0 0 0.009314882 -0.3097302 0.0007443542
17 2.08 0 0 -0.4350255 -0.1465229 -0.1679515
18 0.90245 0 0 0 0 -0.494947
19 0 1.83283 -0.327088 0.1543963 0.02622708 -0.1262156
20 0 0.717162 0.152 -0.0760082 0.06021966 0.0674064
21 0 2.63629 -0.88721 0 0 0
22 -0.894123 1.47063 -0.39701 -0.006563227 0.3096345 0.3253961
23 -0.561687 -0.063961 0 0.106463 -0.2852741 0.9234352
24 -1.77145 0 0 -0.009075161 0.4522677 0
25 -2.08 0 0 -0.1736208 0.1419261 0.1081093
26 -0.98902 0 0 0 0 0.8403486
time 88
0 0 0 0 0 0 0
1 0.1425329 6.450972 0.2911488 -0.06513611 0.01458807 -0.03328617
2 0.688586 -0.964526 -0.052186 -0.1397155 0.1189694 0.05657669
3 0 -2.32697 -0.119475 0.4690905 -0.00844523 -0.004778584
4 0 -1.63865 0 -0.2630507 -0.01441747 -0.009560542
5 0.001767 -1.08533 0.799261 0 0.000190155 0
6 -0.688586 -0.964528 -0.052186 -0.06196206 -0.1059435 -0.04462428
7 0 -2.32697 -0.119475 0.2947861 -0.05475637 -0.01527279
8 0 -1.63865 0 -0.1553283 -0.00174296 0.08085981
9 -0.001767 -1.08533 0.795 0 0.000190155 0
10 0 0.45881 0.00262047 0.01297335 -0.006920525 0.00206644
11 0 1.2013 0.0190781 0.1248068 -0.166061 0.03821054
12 0 1.4317 0.657269 -0.06119407 -0.05436709 -0.05438213
13 0 -1.89432 0.800141 -0.09328789 -0.07819325 -0.2133196
14 0.894124 1.47064 -0.39701 -0.006568504 -0.309622 -0.3253528
15 0.561685 -0.0639611 0 0.1250164 0.2682934 -0.9983623
16 1.77145 0 0 0.008599313 -0.2790148 0.0007579785
17 2.08 0 0 -0.4458067 -0.07725091 -0.1741776
18 0.90245 0 0 0 0 -0.6754941
19 0 1.83283 -0.327088 0.1543963 0.02622708 -0.1262156
20 0 0.717162 0.152 -0.07574191 0.05822242 0.0666751
21 0 2.63629 -0.88721 0 0 0
22 -0.894123 1.47063 -0.39701 -0.006563227 0.3096345 0.3253961
23 -0.561687 -0.063961 0 0.1066311 -0.2855622 0.9174668
24 -1.77145 0 0 -0.008286959 0.4105086 0
25 -2.08 0 0 -0.1469476 0.09480048 0.108128
26 -0.98902 0 0 0 0 0.9444335
time 89
0 0 0 0 0 0 0
1 0.1517835 6.450972 0.2874432 -0.06413384 0.01496454 -0.03328624
2 0.688586 -0.964526 -0.052186 -0.1424136 0.1190671 0.05384074
3 0 -2.32697 -0.119475 0.4696609 -0.008461914 -0.004866924
4 0 -1.63865 0 -0.2623131 -0.01414121 -0.007028855
5 0.001767 -1.08533 0.799261 0 0.000190155 0
6 -0.688586 -0.964528 -0.052186 -0.0633541 -0.1058158 -0.04672119
7 0 -2.32697 -0.119475 0.2924672 -0.05517963 -0.0154117
8 0 -1.63865 0 -0.1521027 -0.001647033 0.08292384
9 -0.001767 -1.08533 0.795 0 0.000190155 0
10 0 0.45881 0.00262047 0.01303823 -0.006921202 0.002137102
11 0 1.2013 0.0190781 0.1245154 -0.1621321 0.0384699
12 0 1.4317 0.657269 -0.06097567 -0.04186356 -0.05122088
13 0 -1.89432 0.800141 -0.1290936 -0.03856322 -0.2208461
14 0.894124 1.47064 -0.39701 -0.006568504 -0.309622 -0.3253528
15 0.561685 -0.0639611 0 0.1199777 0.2744606 -0.985815
16 1.77145 0 0 0.007850093 -0.2669721 0.0007633968
17 2.08 0 0 -0.4432806 -0.01775257 -0.1795401
18 0.90245 0 0 0 0 -0.8268946
19 0 1.83283 -0.327088 0.1543963 0.02622708 -0.1262156
20 0 0.717162 0.152 -0.07522993 0.05641818 0.06589259
21 0 2.63629 -0.88721 0 0 0
22 -0.894123 1.47063 -0.39701 -0.006563227 0.3096345 0.3253961
23 -0.561687 -0.063961 0 0.1062458 -0.285079 0.9114189
24 -1.77145 0 0 -0.007531205 0.375998 0
25 -2.08 0 0 -0.1251951 0.04748073 0.1080748
26 -0.98902 0 0 0 0 1.012866
time 90
0 0 0 0 0 0 0
1 0.1605973 6.450972 0.2832808 -0.06318235 0.01520326 -0.03328632
2 0.688586 -0.964526 -0.052186 -0.145133 0.1191582 0.05117442
3 0 -2.32697 -0.119475 0.4701654 -0.00830328 -0.004901404
4 0 -1.63865 0 -0.261469 -0.01388982 -0.004595161
5 0.001767 -1.08533 0.799261 0 0.000190155 0
6 -0.688586 -0.964528 -0.052186 -0.06480949 -0.1057045 -0.0487341
7 0 -2.32697 -0.119475 0.2901363 -0.05547305 -0.01552395
8 0 -1.63865 0 -0.1488435 -0.00157404 0.08486407
9 -0.001767 -1.08533 0.795 0 0.000190155 0
10 0 0.45881 0.00262047 0.01310373 -0.006921886 0.002206319
11 0 1.2013 0.0190781 0.1241569 -0.1577037 0.0384321
12 0 1.4317 0.657269 -0.06080562 -0.02769888 -0.04720124
13 0 -1.89432 0.800141 -0.1690607 0.003793415 -0.216788
14 0.894124 1.47064 -0.39701 -0.006568504 -0.309622 -0.3253528
15 0.561685 -0.0639611 0 0.1091034 0.2781149 -0.9751744
16 1.77145 0 0 0.00707718 -0.2659778 0.0007612116
17 2.08 0 0 -0.4173263 0.02873296 -0.1839721
18 0.90245 0 0 0 0 -0.9685031
19 0 1.83283 -0.327088 0.1543963 0.02622708 -0.1262156
20 0 0.717162 0.152 -0.07451847 0.05482841 0.06506743
21 0 2.63629 -0.88721 0 0 0
22 -0.894123 1.47063 -0.39701 -0.006563227 0.3096345 0.3253961
23 -0.561687 -0.063961 0 0.1056447 -0.2838697 0.9059919
24 -1.77145 0 0 -0.006808626 0.3459724 0
25 -2.08 0 0 -0.1061538 0.002104755 0.1079898
26 -0.98902 0 0 0 0 1.04041
time 91
0 0 0 0 0 0 0
1 0.1689447 6.450972 0.2787811 -0.06228204 0.0153579 -0.03328642
2 0.688586 -0.964526 -0.052186 -0.1478384 0.1192429 0.04859765
3 0 -2.32697 -0.119475 0.4706076 -0.008096864 -0.004887059
4 0 -1.63865 0 -0.2605402 -0.01366219 -0.002272684
5 0.001767 -1.08533 0.799261 0 0.000190155 0
6 -0.688586 -0.964528 -0.052186 -0.06630547 -0.1056088 -0.05065272
7 0 -2.32697 -0.119475 0.2878224 -0.05567667 -0.01560559
8 0 -1.63865 0 -0.145559 -0.001522421 0.08667675
9 -0.001767 -1.08533 0.795 0 0.000190155 0
10 0 0.45881 0.00262047 0.01316954 -0.006922571 0.002273799
11 0 1.2013 0.0190781 0.1237436 -0.1528962 0.03808375
12 0 1.4317 0.657269 -0.06068045 -0.01267823 -0.04248106
13 0 -1.89432 0.800141 -0.210435 0.04797355 -0.203807
14 0.894124 1.47064 -0.39701 -0.006568504 -0.309622 -0.3253528
15 0.561685 -0.0639611 0 0.09335802 0.279468 -0.966084
16 1.77145 0 0 0.006290532 -0.267563 0.0007520252
17 2.08 0 0 -0.3717068 0.05896617 -0.1874071
18 0.90245 0 0 0 0 -1.089368
19 0 1.83283 -0.327088 0.1543963 0.02622708 -0.1262156
20 0 0.717162 0.152 -0.07365377 0.05347453 0.06420819
21 0 2.63629 -0.88721 0 0 0
22 -0.894123 1.47063 -0.39701 -0.006563227 0.3096345 0.3253961
23 -0.561687 -0.063961 0 0.1051656 -0.2819799 0.9011642
24 -1.77145 0 0 -0.006119953 0.3196592 0
25 -2.08 0 0 -0.08887659 -0.03921211 0.1079128
26 -0.98902 0 0 0 0 1.044306
time 92
0 0 0 0 0 0 0
1 0.1767963 6.450972 0.274064 -0.06143329 0.01543606 -0.03328653
2 0.688586 -0.964526 -0.052186 -0.1504942 0.1193214 0.04613035
3 0 -2.32697 -0.119475 0.4709911 -0.007849431 -0.004828923
4 0 -1.63865 0 -0.2595487 -0.01345721 -7.464737E-05
5 0.001767 -1.08533 0.799261 0 0.000190155 0
6 -0.688586 -0.964528 -0.052186 -0.06781925 -0.1055278 -0.05246676
7 0 -2.32697 -0.119475 0.2855541 -0.05579842 -0.01565269
8 0 -1.63865 0 -0.1422968 -0.001490616 0.08835816
9 -0.001767 -1.08533 0.795 0 0.000190155 0
10 0 0.45881 0.00262047 0.01323535 -0.006923257 0.002339253
11 0 1.2013 0.0190781 0.1232874 -0.1478301 0.03744344
12 0 1.4317 0.657269 -0.06059667 0.002393194 -0.03721817
13 0 -1.89432 0.800141 -0.2504618 0.09307408 -0.1834526
14 0.894124 1.47064 -0.39701 -0.006568504 -0.309622 -0.3253528
15 0.561685 -0.0639611 0 0.07708787 0.2785225 -0.9581878
16 1.77145 0 0 0.005500105 -0.2675632 0.0007364397
17 2.08 0 0 -0.3146389 0.07061672 -0.1897782
18 0.90245 0 0 0 0 -1.171327
19 0 1.83283 -0.327088 0.1543963 0.02622708 -0.1262156
20 0 0.717162 0.152 -0.07268205 0.052378 0.06332344
21 0 2.63629 -0.88721 0 0 0
22 -0.894123 1.47063 -0.39701 -0.006563227 0.3096345 0.3253961
23 -0.561687 -0.063961 0 0.1041033 -0.2794552 0.8969139
24 -1.77145 0 0 -0.005465918 0.2966621 0
25 -2.08 0 0 -0.07281031 -0.07468939 0.1078838
26 -0.98902 0 0 0 0 1.043869
time 93
0 0 0 0 0 0 0
1 0.1841226 6.450972 0.2692491 -0.06063648 0.01544533 -0.03328667
2 0.688586 -0.964526 -0.052186 -0.1530653 0.119394 0.04379245
3 0 -2.32697 -0.119475 0.4713195 -0.007567743 -0.004732032
4 0 -1.63865 0 -0.2585162 -0.01327378 0.001985725
5 0.001767 -1.08533 0.799261 0 0.000190155 0
6 -0.688586 -0.964528 -0.052186 -0.06932807 -0.1054605 -0.05416592
7 0 -2.32697 -0.119475 0.28336 -0.05584621 -0.01566132
8 0 -1.63865 0 -0.1391048 -0.001477066 0.08990455
9 -0.001767 -1.08533 0.795 0 0.000190155 0
10 0 0.45881 0.00262047 0.01330084 -0.006923941 0.002402387
11 0 1.2013 0.0190781 0.1228007 -0.1426257 0.03670629
12 0 1.4317 0.657269 -0.06055084 0.01671023 -0.0315704
13 0 -1.89432 0.800141 -0.2863866 0.138192 -0.1568605
14 0.894124 1.47064 -0.39701 -0.006568504 -0.309622 -0.3253528
15 0.561685 -0.0639611 0 0.06300616 0.2752805 -0.9511296
16 1.77145 0 0 0.004715862 -0.2675632 0.0007150577
17 2.08 0 0 -0.253759 0.06924967 -0.1910189
18 0.90245 0 0 0 0 -1.202629
19 0 1.83283 -0.327088 0.1543963 0.02622708 -0.1262156
20 0 0.717162 0.152 -0.07164953 0.05156026 0.06242176
21 0 2.63629 -0.88721 0 0 0
22 -0.894123 1.47063 -0.39701 -0.006563227 0.3096345 0.3253961
23 -0.561687 -0.063961 0 0.1016212 -0.2763408 0.8932192
24 -1.77145 0 0 -0.004847251 0.2765845 0
25 -2.08 0 0 -0.05740175 -0.1025467 0.1079428
26 -0.98902 0 0 0 0 1.043867
time 94
0 0 0 0 0 0 0
1 0.190894 6.450972 0.264456 -0.05989199 0.01539329 -0.03328682
2 0.688586 -0.964526 -0.052186 -0.155516 0.1194608 0.04160386
3 0 -2.32697 -0.119475 0.4715962 -0.007258559 -0.00460142
4 0 -1.63865 0 -0.2574645 -0.01311078 0.003895209
5 0.001767 -1.08533 0.799261 0 0.000190155 0
6 -0.688586 -0.964528 -0.052186 -0.07080916 -0.105406 -0.05573991
7 0 -2.32697 -0.119475 0.2812691 -0.05582797 -0.01562753
8 0 -1.63865 0 -0.1360307 -0.00148021 0.09131222
9 -0.001767 -1.08533 0.795 0 0.000190155 0
10 0 0.45881 0.00262047 0.01336571 -0.00692462 0.00246291
11 0 1.2013 0.0190781 0.1222954 -0.1374035 0.03591907
12 0 1.4317 0.657269 -0.06053947 0.02946765 -0.0256956
13 0 -1.89432 0.800141 -0.3154552 0.1824242 -0.1251669
14 0.894124 1.47064 -0.39701 -0.006568504 -0.309622 -0.3253528
15 0.561685 -0.0639611 0 0.05334404 0.2697446 -0.9445533
16 1.77145 0 0 0.003947758 -0.2675631 0.0006884822
17 2.08 0 0 -0.1967043 0.06075193 -0.191622
18 0.90245 0 0 0 0 -1.203729
19 0 1.83283 -0.327088 0.1543963 0.02622708 -0.1262156
20 0 0.717162 0.152 -0.07060242 0.05104275 0.06151173
21 0 2.63629 -0.88721 0 0 0
22 -0.894123 1.47063 -0.39701 -0.006563227 0.3096345 0.3253961
23 -0.561687 -0.063961 0 0.09791425 -0.2726825 0.8900583
24 -1.77145 0 0 -0.004264683 0.2590303 0
25 -2.08 0 0 -0.04209767 -0.1210035 0.1081296
26 -0.98902 0 0 0 0 1.043862
time 95
0 0 0 0 0 0 0
1 0.197081 6.450972 0.2598047 -0.05920021 0.01528755 -0.03328698
2 0.688586 -0.964526 -0.052186 -0.157811 0.119522 0.03958451
3 0 -2.32697 -0.119475 0.4718248 -0.006928637 -0.004442121
4 0 -1.63865 0 -0.2564154 -0.0129671 0.005640589
5 0.001767 -1.08533 0.799261 0 0.000190155 0
6 -0.688586 -0.964528 -0.052186 -0.07223976 -0.1053634 -0.05717844
7 0 -2.32697 -0.119475 0.27931 -0.05575161 -0.01554739
8 0 -1.63865 0 -0.1331224 -0.001498489 0.09257741
9 -0.001767 -1.08533 0.795 0 0.000190155 0
10 0 0.45881 0.00262047 0.01342963 -0.006925291 0.00252053
11 0 1.2013 0.0190781 0.1217837 -0.1322838 0.03509549
12 0 1.4317 0.657269 -0.06055908 0.03986031 -0.01975159
13 0 -1.89432 0.800141 -0.3349128 0.2248676 -0.08950758
14 0.894124 1.47064 -0.39701 -0.006568504 -0.309622 -0.3253528
15 0.561685 -0.0639611 0 0.0503327 0.2619169 -0.9381753
16 1.77145 0 0 0.003205752 -0.267563 0.0006573149
17 2.08 0 0 -0.1501772 0.04994253 -0.1921476
18 0.90245 0 0 0 0 -1.202399
19 0 1.83283 -0.327088 0.1543963 0.02622708 -0.1262156
20 0 0.717162 0.152 -0.06958694 0.05080945 0.06060191
21 0 2.63629 -0.88721 0 0 0
22 -0.894123 1.47063 -0.39701 -0.006563227 0.3096345 0.3253961
23 -0.561687 -0.063961 0 0.09317716 -0.2685257 0.8874092
24 -1.77145 0 0 -0.003718944 0.2431222 0
25 -2.08 0 0 -0.02591586 -0.1282795 0.108367
26 -0.98902 0 0 0 0 1.043855
time 96
0 0 0 0 0 0 0
1 0.202654 6.450972 0.2554146 -0.05856153 0.01513569 -0.03328715
2 0.688586 -0.964526 -0.052186 -0.1599149 0.1195779 0.03775433
3 0 -2.32697 -0.119475 0.4720088 -0.006584737 -0.00425917
4 0 -1.63865 0 -0.2553907 -0.01284163 0.00720863
5 0.001767 -1.08533 0.799261 0 0.000190155 0
6 -0.688586 -0.964528 -0.052186 -0.07359709 -0.1053318 -0.0584712
7 0 -2.32697 -0.119475 0.2775113 -0.05562506 -0.01541697
8 0 -1.63865 0 -0.1304275 -0.001530343 0.09369639
9 -0.001767 -1.08533 0.795 0 0.000190155 0
10 0 0.45881 0.00262047 0.0134923 -0.006925953 0.002574957
11 0 1.2013 0.0190781 0.1212777 -0.1273871 0.03424927
12 0 1.4317 0.657269 -0.06060621 0.047083 -0.0138962
13 0 -1.89432 0.800141 -0.3426044 0.2646192 -0.05101852
14 0.894124 1.47064 -0.39701 -0.006568504 -0.309622 -0.3253528
15 0.561685 -0.0639611 0 0.05366727 0.251881 -0.9322733
16 1.77145 0 0 0.002499803 -0.2675629 0.0006221584
17 2.08 0 0 -0.1118152 0.03771026 -0.1926008
18 0.90245 0 0 0 0 -1.202398
19 0 1.83283 -0.327088 0.1543963 0.02622708 -0.1262156
20 0 0.717162 0.152 -0.06867242 0.05064037 0.05970088
21 0 2.63629 -0.88721 0 0 0
22 -0.894123 1.47063 -0.39701 -0.006563227 0.3096345 0.3253961
23 -0.561687 -0.063961 0 0.08760481 -0.2639157 0.8852502
24 -1.77145 0 0 -0.003210764 0.2284832 0
25 -2.08 0 0 -0.008962711 -0.1230797 0.10855
26 -0.98902 0 0 0 0 1.043846
time 97
0 0 0 0 0 0 0
1 0.2075838 6.450972 0.2514057 -0.05797634 0.0149453 -0.03328733
2 0.688586 -0.964526 -0.052186 -0.1617923 0.1196287 0.03613324
3 0 -2.32697 -0.119475 0.4721519 -0.006233617 -0.004057602
4 0 -1.63865 0 -0.2544124 -0.01273327 0.008586114
5 0.001767 -1.08533 0.799261 0 0.000190155 0
6 -0.688586 -0.964528 -0.052186 -0.07485838 -0.1053103 -0.05960791
7 0 -2.32697 -0.119475 0.275902 -0.05545623 -0.01523232
8 0 -1.63865 0 -0.1279939 -0.001574211 0.09466544
9 -0.001767 -1.08533 0.795 0 0.000190155 0
10 0 0.45881 0.00262047 0.0135534 -0.006926601 0.002625897
11 0 1.2013 0.0190781 0.1207896 -0.1228338 0.03339411
12 0 1.4317 0.657269 -0.0606774 0.05033054 -0.008190507
13 0 -1.89432 0.800141 -0.3413804 0.3007759 -0.01083564
14 0.894124 1.47064 -0.39701 -0.006568504 -0.309622 -0.3253528
15 0.561685 -0.0639611 0 0.06104868 0.240247 -0.9270447
16 1.77145 0 0 0.001839869 -0.2675628 0.0005836152
17 2.08 0 0 -0.07742611 0.02489819 -0.1929863
18 0.90245 0 0 0 0 -1.202398
19 0 1.83283 -0.327088 0.1543963 0.02622708 -0.1262156
20 0 0.717162 0.152 -0.06789204 0.05049472 0.05881722
21 0 2.63629 -0.88721 0 0 0
22 -0.894123 1.47063 -0.39701 -0.006563227 0.3096345 0.3253961
23 -0.561687 -0.063961 0 0.08164737 -0.2588982 0.8835594
24 -1.77145 0 0 -0.002740874 0.2154998 0
25 -2.08 0 0 0.007644671 -0.1089091 0.1086834
26 -0.98902 0 0 0 0 1.043836
time 98
0 0 0 0 0 0 0
1 0.2118405 6.450972 0.2478974 -0.05744499 0.01472399 -0.03328751
2 0.688586 -0.964526 -0.052186 -0.1634078 0.1196746 0.03474117
3 0 -2.32697 -0.119475 0.4722576 -0.005882037 -0.003842452
4 0 -1.63865 0 -0.2535021 -0.01264091 0.00975982
5 0.001767 -1.08533 0.799261 0 0.000190155 0
6 -0.688586 -0.964528 -0.052186 -0.07600087 -0.1052979 -0.06057826
7 0 -2.32697 -0.119475 0.2745107 -0.05525305 -0.0150429
8 0 -1.63865 0 -0.1258693 -0.001628535 0.09548081
9 -0.001767 -1.08533 0.795 0 0.000190155 0
10 0 0.45881 0.00262047 0.01361263 -0.006927234 0.002673061
11 0 1.2013 0.0190781 0.1203314 -0.1187443 0.03254372
12 0 1.4317 0.657269 -0.06076916 0.05113124 -0.002658348
13 0 -1.89432 0.800141 -0.3339844 0.3324345 0.02990509
14 0.894124 1.47064 -0.39701 -0.006568504 -0.309622 -0.3253528
15 0.561685 -0.0639611 0 0.07182632 0.2273717 -0.9226308
16 1.77145 0 0 0.001235907 -0.2675627 0.0005422878
17 2.08 0 0 -0.04657257 0.0126659 -0.1933093
18 0.90245 0 0 0 0 -1.202398
19 0 1.83283 -0.327088 0.1543963 0.02622708 -0.1262156
20 0 0.717162 0.152 -0.06723619 0.0503709 0.05795949
21 0 2.63629 -0.88721 0 0 0
22 -0.894123 1.47063 -0.39701 -0.006563227 0.3096345 0.3253961
23 -0.561687 -0.063961 0 0.07713868 -0.2535187 0.8823152
24 -1.77145 0 0 -0.002310003 0.2045584 0
25 -2.08 0 0 0.02278912 -0.09036259 0.1087715
26 -0.98902 0 0 0 0 1.043824
time 99
0 0 0 0 0 0 0
1 0.2153949 6.450972 0.2450023 -0.0569679 0.01447935 -0.0332877
2 0.688586 -0.964526 -0.052186 -0.164726 0.1197157 0.03359803
3 0 -2.32697 -0.119475 0.4723293 -0.005536756 -0.003618754
4 0 -1.63865 0 -0.2526817 -0.01256343 0.01071652
5 0.001767 -1.08533 0.799261 0 0.000190155 0
6 -0.688586 -0.964528 -0.052186 -0.07700178 -0.1052937 -0.06137199
7 0 -2.32697 -0.119475 0.2733661 -0.05502342 -0.01489973
8 0 -1.63865 0 -0.1241015 -0.001691753 0.09613879
9 -0.001767 -1.08533 0.795 0 0.000190155 0
10 0 0.45881 0.00262047 0.01366966 -0.006927849 0.002716155
11 0 1.2013 0.0190781 0.1199154 -0.1152389 0.0317118
12 0 1.4317 0.657269 -0.06087804 0.05165446 0.002593588
13 0 -1.89432 0.800141 -0.3227362 0.3586921 0.07006782
14 0.894124 1.47064 -0.39701 -0.006568504 -0.309622 -0.3253528
15 0.561685 -0.0639611 0 0.08534974 0.2135374 -0.9191728
16 1.77145 0 0 0.0006978768 -0.2675626 0.0004987784
17 2.08 0 0 -0.02222456 0.002173002 -0.1935745
18 0.90245 0 0 0 0 -1.202398
19 0 1.83283 -0.327088 0.1543963 0.02622708 -0.1262156
20 0 0.717162 0.152 -0.06669518 0.05026731 0.05713627
21 0 2.63629 -0.88721 0 0 0
22 -0.894123 1.47063 -0.39701 -0.006563227 0.3096345 0.3253961
23 -0.561687 -0.063961 0 0.07468121 -0.2478226 0.8814954
24 -1.77145 0 0 -0.001918885 0.1960457 0
25 -2.08 0 0 0.03535347 -0.0717781 0.108819
26 -0.98902 0 0 0 0 1.043812
time 100
0 0 0 0 0 0 0
1 0.2182173 6.450972 0.2427275 -0.05654544 0.01421895 -0.03328789
2 0.688586 -0.964526 -0.052186 -0.1657114 0.1197523 0.03272375
3 0 -2.32697 -0.119475 0.4723708 -0.005204533 -0.003391542
4 0 -1.63865 0 -0.251973 -0.01249973 0.01144299
5 0.001767 -1.08533 0.799261 0 0.000190155 0
6 -0.688586 -0.964528 -0.052186 -0.07783835 -0.1052969 -0.06197876
7 0 -2.32697 -0.119475 0.272497 -0.05477529 -0.01479837
8 0 -1.63865 0 -0.1227383 -0.001762307 0.09663561
9 -0.001767 -1.08533 0.795 0 0.000190155 0
10 0 0.45881 0.00262047 0.01372418 -0.006928443 0.002754889
11 0 1.2013 0.0190781 0.1195536 -0.1124382 0.03091206
12 0 1.4317 0.657269 -0.06100055 0.05193993 0.007458607
13 0 -1.89432 0.800141 -0.3097226 0.3786456 0.1085165
14 0.894124 1.47064 -0.39701 -0.006568504 -0.309622 -0.3253528
15 0.561685 -0.0639611 0 0.1009685 0.1990262 -0.916812
16 1.77145 0 0 0.0002357358 -0.2675626 0.0004536896
17 2.08 0 0 -0.005686391 -0.005420945 -0.1937869
18 0.90245 0 0 0 0 -1.202398
19 0 1.83283 -0.327088 0.1543963 0.02622708 -0.1262156
20 0 0.717162 0.152 -0.06625939 0.05018236 0.05635613
21 0 2.63629 -0.88721 0 0 0
22 -0.894123 1.47063 -0.39701 -0.006563227 0.3096345 0.3253961
23 -0.561687 -0.063961 0 0.07460951 -0.2418554 0.8812628
24 -1.77145 0 0 -0.001568248 0.1903481 0
25 -2.08 0 0 0.04422053 -0.05749366 0.1088303
26 -0.98902 0 0 0 0 1.043798
time 101
0 0 0 0 0 0 0
1 0.2202782 6.450972 0.2410131 -0.05617799 0.01395041 -0.03328808
2 0.688586 -0.964526 -0.052186 -0.1663287 0.1197847 0.03213826
3 0 -2.32697 -0.119475 0.4723854 -0.004892126 -0.003165851
4 0 -1.63865 0 -0.2513978 -0.01244869 0.01192602
5 0.001767 -1.08533 0.799261 0 0.000190155 0
6 -0.688586 -0.964528 -0.052186 -0.0784878 -0.1053064 -0.06238831
7 0 -2.32697 -0.119475 0.271932 -0.05451655 -0.01473441
8 0 -1.63865 0 -0.1218275 -0.001838636 0.09696757
9 -0.001767 -1.08533 0.795 0 0.000190155 0
10 0 0.45881 0.00262047 0.01377589 -0.006929014 0.002788971
11 0 1.2013 0.0190781 0.1192582 -0.1104625 0.03015821
12 0 1.4317 0.657269 -0.06113322 0.05202722 0.01183002
13 0 -1.89432 0.800141 -0.2953364 0.3913918 0.1441153
14 0.894124 1.47064 -0.39701 -0.006568504 -0.309622 -0.3253528
15 0.561685 -0.0639611 0 0.1180321 0.1841202 -0.9156896
16 1.77145 0 0 -0.0001308334 -0.2675625 0.0004076238
17 2.08 0 0 0.001737781 -0.00895633 -0.1939515
18 0.90245 0 0 0 0 -1.202399
19 0 1.83283 -0.327088 0.1543963 0.02622708 -0.1262156
20 0 0.717162 0.152 -0.06591916 0.05011445 0.05562765
21 0 2.63629 -0.88721 0 0 0
22 -0.894123 1.47063 -0.39701 -0.006563227 0.3096345 0.3253961
23 -0.561687 -0.063961 0 0.07725812 -0.2354539 0.8826545
24 -1.77145 0 0 -0.001258821 0.1878521 0
25 -2.08 0 0 0.04827314 -0.0510825 0.1088101
26 -0.98902 0 0 0 0 1.043784
time 102
0 0 0 0 0 0 0
1 0.2215482 6.450972 0.2397993 -0.05586594 0.0136813 -0.03328827
2 0.688586 -0.964526 -0.052186 -0.1665425 0.1198129 0.03186147
3 0 -2.32697 -0.119475 0.4723768 -0.004606296 -0.002946716
4 0 -1.63865 0 -0.250978 -0.01240922 0.01215237
5 0.001767 -1.08533 0.799261 0 0.000190155 0
6 -0.688586 -0.964528 -0.052186 -0.07892737 -0.1053215 -0.06259034
7 0 -2.32697 -0.119475 0.2717001 -0.05425514 -0.01470341
8 0 -1.63865 0 -0.1214169 -0.001919181 0.09713092
9 -0.001767 -1.08533 0.795 0 0.000190155 0
10 0 0.45881 0.00262047 0.01382446 -0.006929559 0.002818109
11 0 1.2013 0.0190781 0.1190412 -0.1094322 0.02946397
12 0 1.4317 0.657269 -0.0612726 0.0519559 0.01560111
13 0 -1.89432 0.800141 -0.2804144 0.3960277 0.1757282
14 0.894124 1.47064 -0.39701 -0.006568504 -0.309622 -0.3253528
15 0.561685 -0.0639611 0 0.1358902 0.1691016 -0.915947
16 1.77145 0 0 -0.0003962144 -0.2675624 0.0003611834
17 2.08 0 0 0.003250352 -0.009838839 -0.1940731
18 0.90245 0 0 0 0 -1.202399
19 0 1.83283 -0.327088 0.1543963 0.02622708 -0.1262156
20 0 0.717162 0.152 -0.06566484 0.05006199 0.0549594
21 0 2.63629 -0.88721 0 0 0
22 -0.894123 1.47063 -0.39701 -0.006563227 0.3096345 0.3253961
23 -0.561687 -0.063961 0 0.08296162 -0.2274843 0.8856196
24 -1.77145 0 0 -0.0009913391 0.1872239 0
25 -2.08 0 0 0.04925494 -0.04968495 0.1087629
26 -0.98902 0 0 0 0 1.043769
time 103
0 0 0 0 0 0 0
1 0.2219978 6.450972 0.2390262 -0.05560968 0.01341923 -0.03328846
2 0.688586 -0.964526 -0.052186 -0.1665441 0.1198373 0.03191333
3 0 -2.32697 -0.119475 0.4723485 -0.004353801 -0.002739172
4 0 -1.63865 0 -0.2507353 -0.01238019 0.01210882
5 0.001767 -1.08533 0.799261 0 0.000190155 0
6 -0.688586 -0.964528 -0.052186 -0.07917597 -0.105341 -0.06257454
7 0 -2.32697 -0.119475 0.2718298 -0.05399897 -0.01470095
8 0 -1.63865 0 -0.1215542 -0.002002382 0.09712194
9 -0.001767 -1.08533 0.795 0 0.000190155 0
10 0 0.45881 0.00262047 0.01386959 -0.006930075 0.002842011
11 0 1.2013 0.0190781 0.1189149 -0.1094678 0.02884303
12 0 1.4317 0.657269 -0.0614152 0.05176553 0.01866521
13 0 -1.89432 0.800141 -0.2659876 0.3916503 0.2022193
14 0.894124 1.47064 -0.39701 -0.006568504 -0.309622 -0.3253528
15 0.561685 -0.0639611 0 0.1538922 0.1542525 -0.9177253
16 1.77145 0 0 -0.0005722521 -0.2675624 0.0003149706
17 2.08 0 0 0.003446709 -0.01037006 -0.1941568
18 0.90245 0 0 0 0 -1.202399
19 0 1.83283 -0.327088 0.1543963 0.02622708 -0.1262156
20 0 0.717162 0.152 -0.06548679 0.05002337 0.05435995
21 0 2.63629 -0.88721 0 0 0
22 -0.894123 1.47063 -0.39701 -0.006563227 0.3096345 0.3253961
23 -0.561687 -0.063961 0 0.09104014 -0.2180713 0.8898988
24 -1.77145 0 0 -0.0007665305 0.1867961 0
25 -2.08 0 0 0.04980291 -0.05050896 0.1086933
26 -0.98902 0 0 0 0 1.043754
time 104
0 0 0 0 0 0 0
1 0.2215973 6.450972 0.2386342 -0.05540958 0.01317179 -0.03328864
2 0.688586 -0.964526 -0.052186 -0.1665552 0.119858 0.03231372
3 0 -2.32697 -0.119475 0.4723041 -0.0041414 -0.002548253
4 0 -1.63865 0 -0.2506638 -0.0123605 0.01178215
5 0.001767 -1.08533 0.799261 0 0.000190155 0
6 -0.688586 -0.964528 -0.052186 -0.07947109 -0.1053643 -0.06233063
7 0 -2.32697 -0.119475 0.2723499 -0.05375596 -0.01472259
8 0 -1.63865 0 -0.1220542 -0.002086678 0.09693689
9 -0.001767 -1.08533 0.795 0 0.000190155 0
10 0 0.45881 0.00262047 0.01391096 -0.00693056 0.002860387
11 0 1.2013 0.0190781 0.1188913 -0.1106071 0.0283091
12 0 1.4317 0.657269 -0.06155755 0.05149568 0.02091561
13 0 -1.89432 0.800141 -0.253087 0.3784403 0.2224527
14 0.894124 1.47064 -0.39701 -0.006568504 -0.309622 -0.3253528
15 0.561685 -0.0639611 0 0.1713878 0.139855 -0.9211658
16 1.77145 0 0 -0.0006707928 -0.2675623 0.0002695882
17 2.08 0 0 0.002889019 -0.01060862 -0.1942073
18 0.90245 0 0 0 0 -1.202399
19 0 1.83283 -0.327088 0.1543963 0.02622708 -0.1262156
20 0 0.717162 0.152 -0.06537535 0.049997 0.05383789
21 0 2.63629 -0.88721 0 0 0
22 -0.894123 1.47063 -0.39701 -0.006563227 0.3096345 0.3253961
23 -0.561687 -0.063961 0 0.1003287 -0.2075776 0.8952331
24 -1.77145 0 0 -0.0005851228 0.1865425 0
25 -2.08 0 0 0.04999845 -0.05129845 0.1086058
26 -0.98902 0 0 0 0 1.043739
time 105
0 0 0 0 0 0 0
1 0.2203173 6.450972 0.2385635 -0.05526603 0.01294656 -0.03328881
2 0.688586 -0.964526 -0.052186 -0.166574 0.1198753 0.03295114
3 0 -2.32697 -0.119475 0.4722471 -0.003975852 -0.002378993
4 0 -1.63865 0 -0.2506064 -0.01234905 0.01118515
5 0.001767 -1.08533 0.799261 0 0.000190155 0
6 -0.688586 -0.964528 -0.052186 -0.07983746 -0.1053902 -0.06184831
7 0 -2.32697 -0.119475 0.2732495 -0.05353402 -0.01476391
8 0 -1.63865 0 -0.1226704 -0.002170511 0.09657203
9 -0.001767 -1.08533 0.795 0 0.000190155 0
10 0 0.45881 0.00262047 0.01394826 -0.006931012 0.002872944
11 0 1.2013 0.0190781 0.1189826 -0.1123651 0.02787589
12 0 1.4317 0.657269 -0.06169618 0.05118592 0.02224561
13 0 -1.89432 0.800141 -0.242744 0.3583471 0.2352925
14 0.894124 1.47064 -0.39701 -0.006568504 -0.309622 -0.3253528
15 0.561685 -0.0639611 0 0.1877265 0.1261913 -0.9259437
16 1.77145 0 0 -0.0007036824 -0.2675623 0.0002256383
17 2.08 0 0 0.00213912 -0.01061292 -0.1942297
18 0.90245 0 0 0 0 -1.202399
19 0 1.83283 -0.327088 0.1543963 0.02622708 -0.1262156
20 0 0.717162 0.152 -0.06532088 0.04998128 0.05340177
21 0 2.63629 -0.88721 0 0 0
22 -0.894123 1.47063 -0.39701 -0.006563227 0.3096345 0.3253961
23 -0.561687 -0.063961 0 0.110482 -0.1963656 0.9013633
24 -1.77145 0 0 -0.0004478504 0.186437 0
25 -2.08 0 0 0.04992272 -0.05129854 0.1085049
26 -0.98902 0 0 0 0 1.043724
time 106
0 0 0 0 0 0 0
1 0.2181284 6.450972 0.2387542 -0.05517941 0.01275114 -0.03328897
2 0.688586 -0.964526 -0.052186 -0.1665987 0.1198893 0.033674
3 0 -2.32697 -0.119475 0.472181 -0.003863916 -0.002236428
4 0 -1.63865 0 -0.2505376 -0.01234471 0.01048296
5 0.001767 -1.08533 0.799261 0 0.000190155 0
6 -0.688586 -0.964528 -0.052186 -0.0802552 -0.105418 -0.06114198
7 0 -2.32697 -0.119475 0.2742842 -0.0533411 -0.01482048
8 0 -1.63865 0 -0.12337 -0.002252319 0.09602363
9 -0.001767 -1.08533 0.795 0 0.000190155 0
10 0 0.45881 0.00262047 0.01398118 -0.006931427 0.002879391
11 0 1.2013 0.0190781 0.1192009 -0.1145325 0.02755711
12 0 1.4317 0.657269 -0.06182763 0.05087581 0.02254852
13 0 -1.89432 0.800141 -0.2359894 0.3330862 0.2396026
14 0.894124 1.47064 -0.39701 -0.006568504 -0.309622 -0.3253528
15 0.561685 -0.0639611 0 0.2022764 0.1135434 -0.9314456
16 1.77145 0 0 -0.0006827671 -0.2675623 0.0001837236
17 2.08 0 0 0.00175885 -0.0104414 -0.1942289
18 0.90245 0 0 0 0 -1.202399
19 0 1.83283 -0.327088 0.1543963 0.02622708 -0.1262156
20 0 0.717162 0.152 -0.06531373 0.04997462 0.05306018
21 0 2.63629 -0.88721 0 0 0
22 -0.894123 1.47063 -0.39701 -0.006563227 0.3096345 0.3253961
23 -0.561687 -0.063961 0 0.1211548 -0.1847978 0.9080303
24 -1.77145 0 0 -0.0003554414 0.1864534 0
25 -2.08 0 0 0.04965688 -0.05129854 0.1083953
26 -0.98902 0 0 0 0 1.04371
time 107
0 0 0 0 0 0 0
1 0.2151117 6.450972 0.2391467 -0.05515012 0.01259313 -0.03328912
2 0.688586 -0.964526 -0.052186 -0.1666275 0.1199002 0.03444875
3 0 -2.32697 -0.119475 0.4721094 -0.003812353 -0.002125592
4 0 -1.63865 0 -0.2504614 -0.01234639 0.00973336
5 0.001767 -1.08533 0.799261 0 0.000190155 0
6 -0.688586 -0.964528 -0.052186 -0.08070444 -0.1054466 -0.06037005
7 0 -2.32697 -0.119475 0.2753717 -0.05318509 -0.01488786
8 0 -1.63865 0 -0.1241203 -0.002330544 0.09530964
9 -0.001767 -1.08533 0.795 0 0.000190155 0
10 0 0.45881 0.00262047 0.0140094 -0.006931804 0.002880233
11 0 1.2013 0.0190781 0.1195584 -0.1169774 0.02736646
12 0 1.4317 0.657269 -0.06194842 0.05060492 0.02171765
13 0 -1.89432 0.800141 -0.2338545 0.3043725 0.2342473
14 0.894124 1.47064 -0.39701 -0.006568504 -0.309622 -0.3253528
15 0.561685 -0.0639611 0 0.2147458 0.1021936 -0.9374015
16 1.77145 0 0 -0.0006198931 -0.2675623 0.0001444462
17 2.08 0 0 0.001758787 -0.01015249 -0.1942098
18 0.90245 0 0 0 0 -1.202399
19 0 1.83283 -0.327088 0.1543963 0.02622708 -0.1262156
20 0 0.717162 0.152 -0.06534424 0.04997543 0.05282168
21 0 2.63629 -0.88721 0 0 0
22 -0.894123 1.47063 -0.39701 -0.006563227 0.3096345 0.3253961
23 -0.561687 -0.063961 0 0.1320019 -0.1732367 0.9149752
24 -1.77145 0 0 -0.0003086277 0.1865657 0
25 -2.08 0 0 0.0492821 -0.05129854 0.1082814
26 -0.98902 0 0 0 0 1.043696
time 108
0 0 0 0 0 0 0
1 0.21198 6.450972 0.239681 -0.05515012 0.01248011 -0.03328926
2 0.688586 -0.964526 -0.052186 -0.1666585 0.1199084 0.03524182
3 0 -2.32697 -0.119475 0.472036 -0.003827919 -0.00205152
4 0 -1.63865 0 -0.2503816 -0.01235297 0.008968172
5 0.001767 -1.08533 0.799261 0 0.000190155 0
6 -0.688586 -0.964528 -0.052186 -0.08116534 -0.1054752 -0.05958816
7 0 -2.32697 -0.119475 0.2764696 -0.05307392 -0.01496164
8 0 -1.63865 0 -0.1248886 -0.002403625 0.09457248
9 -0.001767 -1.08533 0.795 0 0.000190155 0
10 0 0.45881 0.00262047 0.01403261 -0.006932138 0.002880231
11 0 1.2013 0.0190781 0.1199867 -0.1195681 0.02731766
12 0 1.4317 0.657269 -0.06205508 0.05041281 0.01964631
13 0 -1.89432 0.800141 -0.2373703 0.2739212 0.2194498
14 0.894124 1.47064 -0.39701 -0.006568504 -0.309622 -0.3253528
15 0.561685 -0.0639611 0 0.2251309 0.0924239 -0.9435413
16 1.77145 0 0 -0.0005269064 -0.2675624 0.0001084088
17 2.08 0 0 0.001758696 -0.009804595 -0.1941773
18 0.90245 0 0 0 0 -1.202399
19 0 1.83283 -0.327088 0.1543963 0.02622708 -0.1262156
20 0 0.717162 0.152 -0.06540277 0.04998209 0.05269485
21 0 2.63629 -0.88721 0 0 0
22 -0.894123 1.47063 -0.39701 -0.006563227 0.3096345 0.3253961
23 -0.561687 -0.063961 0 0.1426781 -0.1620449 0.9219385
24 -1.77145 0 0 -0.0003025028 0.1867478 0
25 -2.08 0 0 0.04887953 -0.05129854 0.1081678
26 -0.98902 0 0 0 0 1.043684
time 109
0 0 0 0 0 0 0
1 0.20896 6.450972 0.2402976 -0.05515012 0.01241969 -0.03328938
2 0.688586 -0.964526 -0.052186 -0.16669 0.1199139 0.03601965
3 0 -2.32697 -0.119475 0.4719641 -0.0039069 -0.002019246
4 0 -1.63865 0 -0.2503018 -0.01236334 0.008219214
5 0.001767 -1.08533 0.799261 0 0.000190155 0
6 -0.688586 -0.964528 -0.052186 -0.08161801 -0.1055029 -0.05882725
7 0 -2.32697 -0.119475 0.2775351 -0.05301552 -0.01503738
8 0 -1.63865 0 -0.1256422 -0.002470003 0.09386108
9 -0.001767 -1.08533 0.795 0 0.000190155 0
10 0 0.45881 0.00262047 0.0140505 -0.006932429 0.002880228
11 0 1.2013 0.0190781 0.1203971 -0.1221729 0.02742441
12 0 1.4317 0.657269 -0.06214415 0.05033906 0.01622779
13 0 -1.89432 0.800141 -0.2472318 0.2434476 0.1983101
14 0.894124 1.47064 -0.39701 -0.006568504 -0.309622 -0.3253528
15 0.561685 -0.0639611 0 0.2334358 0.0845165 -0.949595
16 1.77145 0 0 -0.0004156532 -0.2675624 7.621357E-05
17 2.08 0 0 0.001758581 -0.009456152 -0.1941363
18 0.90245 0 0 0 0 -1.202399
19 0 1.83283 -0.327088 0.1543963 0.02622708 -0.1262156
20 0 0.717162 0.152 -0.06547967 0.04999302 0.05268827
21 0 2.63629 -0.88721 0 0 0
22 -0.894123 1.47063 -0.39701 -0.006563227 0.3096345 0.3253961
23 -0.561687 -0.063961 0 0.1528382 -0.1515847 0.9286615
24 -1.77145 0 0 -0.0003024669 0.1869737 0
25 -2.08 0 0 0.04853035 -0.05129854 0.1080591
26 -0.98902 0 0 0 0 1.043673
time 110
0 0 0 0 0 0 0
1 0.2061657 6.450972 0.2409365 -0.05515012 0.01241157 -0.03328948
2 0.688586 -0.964526 -0.052186 -0.1667201 0.1199169 0.03674868
3 0 -2.32697 -0.119475 0.4718974 -0.003987567 -0.002033805
4 0 -1.63865 0 -0.2502258 -0.0123764 0.007518308
5 0.001767 -1.08533 0.799261 0 0.000190155 0
6 -0.688586 -0.964528 -0.052186 -0.08204259 -0.1055287 -0.05811825
7 0 -2.32697 -0.119475 0.2785256 -0.05300984 -0.01511066
8 0 -1.63865 0 -0.1263483 -0.002528118 0.09320248
9 -0.001767 -1.08533 0.795 0 0.000190155 0
10 0 0.45881 0.00262047 0.01406275 -0.006932672 0.002880225
11 0 1.2013 0.0190781 0.1207749 -0.1246599 0.02770042
12 0 1.4317 0.657269 -0.06221214 0.05033905 0.01202417
13 0 -1.89432 0.800141 -0.261072 0.2146668 0.1739724
14 0.894124 1.47064 -0.39701 -0.006568504 -0.309622 -0.3253528
15 0.561685 -0.0639611 0 0.2396649 0.0787535 -0.9552925
16 1.77145 0 0 -0.0002979794 -0.2675626 4.846315E-05
17 2.08 0 0 0.001758483 -0.009165582 -0.1940919
18 0.90245 0 0 0 0 -1.202399
19 0 1.83283 -0.327088 0.1543963 0.02622708 -0.1262156
20 0 0.717162 0.152 -0.06556529 0.05000663 0.05281051
21 0 2.63629 -0.88721 0 0 0
22 -0.894123 1.47063 -0.39701 -0.006563227 0.3096345 0.3253961
23 -0.561687 -0.063961 0 0.1621369 -0.1422187 0.9348848
24 -1.77145 0 0 -0.0003024806 0.1872172 0
25 -2.08 0 0 0.04831572 -0.05129853 0.1079598
26 -0.98902 0 0 0 0 1.043663
time 111
0 0 0 0 0 0 0
1 0.2037112 6.450972 0.241538 -0.05515012 0.01241157 -0.03328957
2 0.688586 -0.964526 -0.052186 -0.166747 0.1199178 0.03739536
3 0 -2.32697 -0.119475 0.4718394 -0.004056735 -0.002069858
4 0 -1.63865 0 -0.2501575 -0.01239103 0.006897274
5 0.001767 -1.08533 0.799261 0 0.000190155 0
6 -0.688586 -0.964528 -0.052186 -0.08241922 -0.1055517 -0.0574921
7 0 -2.32697 -0.119475 0.2793984 -0.05301242 -0.01517704
8 0 -1.63865 0 -0.1269744 -0.002576408 0.09262369
9 -0.001767 -1.08533 0.795 0 0.000190155 0
10 0 0.45881 0.00262047 0.01406905 -0.006932866 0.002880221
11 0 1.2013 0.0190781 0.1211055 -0.1268974 0.02815939
12 0 1.4317 0.657269 -0.06225559 0.05033905 0.007933889
13 0 -1.89432 0.800141 -0.2761827 0.189294 0.1495808
14 0.894124 1.47064 -0.39701 -0.006568504 -0.309622 -0.3253528
15 0.561685 -0.0639611 0 0.2438226 0.07530502 -0.9603637
16 1.77145 0 0 -0.0001857312 -0.2675627 2.575983E-05
17 2.08 0 0 0.001758442 -0.00899131 -0.1940488
18 0.90245 0 0 0 0 -1.202399
19 0 1.83283 -0.327088 0.1543963 0.02622708 -0.1262156
20 0 0.717162 0.152 -0.06564998 0.05002131 0.05307013
21 0 2.63629 -0.88721 0 0 0
22 -0.894123 1.47063 -0.39701 -0.006563227 0.3096345 0.3253961
23 -0.561687 -0.063961 0 0.1702291 -0.1343093 0.9403495
24 -1.77145 0 0 -0.0003025192 0.1874522 0
25 -2.08 0 0 0.0482842 -0.05129853 0.1078745
26 -0.98902 0 0 0 0 1.043655
time 112
0 0 0 0 0 0 0
1 0.2017106 6.450972 0.2420424 -0.05515012 0.01241157 -0.03328963
2 0.688586 -0.964526 -0.052186 -0.166769 0.1199167 0.03792612
3 0 -2.32697 -0.119475 0.4717936 -0.004112063 -0.002097486
4 0 -1.63865 0 -0.2501007 -0.01240612 0.006387932
5 0.001767 -1.08533 0.799261 0 0.000190155 0
6 -0.688586 -0.964528 -0.052186 -0.08272803 -0.105571 -0.0569797
7 0 -2.32697 -0.119475 0.280111 -0.05301477 -0.01523209
8 0 -1.63865 0 -0.1274875 -0.002613317 0.09215175
9 -0.001767 -1.08533 0.795 0 0.000190155 0
10 0 0.45881 0.00262047 0.01406988 -0.006933008 0.002880218
11 0 1.2013 0.0190781 0.1213741 -0.1287537 0.02881503
12 0 1.4317 0.657269 -0.06227103 0.05033905 0.00432337
13 0 -1.89432 0.800141 -0.2900642 0.1690444 0.1282793
14 0.894124 1.47064 -0.39701 -0.006568504 -0.309622 -0.3253528
15 0.561685 -0.0639611 0 0.2459131 0.07347336 -0.9645386
16 1.77145 0 0 -9.075498E-05 -0.2675629 8.706109E-06
17 2.08 0 0 0.001758499 -0.008965961 -0.1940121
18 0.90245 0 0 0 0 -1.202399
19 0 1.83283 -0.327088 0.1543963 0.02622708 -0.1262156
20 0 0.717162 0.152 -0.06572409 0.05003546 0.05343956
21 0 2.63629 -0.88721 0 0 0
22 -0.894123 1.47063 -0.39701 -0.006563227 0.3096345 0.3253961
23 -0.561687 -0.063961 0 0.1767695 -0.1282192 0.9447963
24 -1.77145 0 0 -0.0003025582 0.1876527 0
25 -2.08 0 0 0.04828418 -0.05129853 0.1078077
26 -0.98902 0 0 0 0 1.043649
time 113
0 0 0 0 0 0 0
1 0.2002778 6.450972 0.2423898 -0.05515012 0.01241157 -0.03328967
2 0.688586 -0.964526 -0.052186 -0.1667842 0.1199138 0.03830741
3 0 -2.32697 -0.119475 0.4717636 -0.004151209 -0.002116417
4 0 -1.63865 0 -0.2500589 -0.01242058 0.006022102
5 0.001767 -1.08533 0.799261 0 0.000190155 0
6 -0.688586 -0.964528 -0.052186 -0.08294915 -0.1055857 -0.05661202
7 0 -2.32697 -0.119475 0.2806207 -0.05301663 -0.01527139
8 0 -1.63865 0 -0.1278551 -0.002637282 0.09181366
9 -0.001767 -1.08533 0.795 0 0.000190155 0
10 0 0.45881 0.00262047 0.01406988 -0.006933095 0.002880216
11 0 1.2013 0.0190781 0.1215663 -0.1300969 0.02940197
12 0 1.4317 0.657269 -0.06227103 0.05033905 0.001559001
13 0 -1.89432 0.800141 -0.3002167 0.1556331 0.1132121
14 0.894124 1.47064 -0.39701 -0.006568504 -0.309622 -0.3253528
15 0.561685 -0.0639611 0 0.2464773 0.07268901 -0.967547
16 1.77145 0 0 -2.489648E-05 -0.2675631 -2.095652E-06
17 2.08 0 0 0.001758695 -0.008965916 -0.1939867
18 0.90245 0 0 0 0 -1.202399
19 0 1.83283 -0.327088 0.1543963 0.02622708 -0.1262156
20 0 0.717162 0.152 -0.06577798 0.0500475 0.0537071
21 0 2.63629 -0.88721 0 0 0
22 -0.894123 1.47063 -0.39701 -0.006563227 0.3096345 0.3253961
23 -0.561687 -0.063961 0 0.181413 -0.1243106 0.947966
24 -1.77145 0 0 -0.0003025728 0.1877925 0
25 -2.08 0 0 0.04828419 -0.05129853 0.107764
26 -0.98902 0 0 0 0 1.043645
end
